[2026-04-14T09:00:30.794+0900] {processor.py:186} INFO - Started process (PID=37314) to work on /opt/airflow/dags/06_multi_dag_step2_transform.py
[2026-04-14T09:00:30.796+0900] {processor.py:914} INFO - Processing file /opt/airflow/dags/06_multi_dag_step2_transform.py for tasks to queue
[2026-04-14T09:00:30.799+0900] {logging_mixin.py:190} INFO - [2026-04-14T09:00:30.799+0900] {dagbag.py:587} INFO - Filling up the DagBag from /opt/airflow/dags/06_multi_dag_step2_transform.py
[2026-04-14T09:00:31.034+0900] {processor.py:925} INFO - DAG(s) '06_multi_dag_step2_transform' retrieved from /opt/airflow/dags/06_multi_dag_step2_transform.py
[2026-04-14T09:00:31.050+0900] {logging_mixin.py:190} INFO - [2026-04-14T09:00:31.050+0900] {dag.py:3211} INFO - Sync 1 DAGs
[2026-04-14T09:00:31.063+0900] {logging_mixin.py:190} INFO - [2026-04-14T09:00:31.063+0900] {dag.py:4138} INFO - Setting next_dagrun for 06_multi_dag_step2_transform to None, run_after=None
[2026-04-14T09:00:31.081+0900] {processor.py:208} INFO - Processing /opt/airflow/dags/06_multi_dag_step2_transform.py took 0.294 seconds
[2026-04-14T09:01:02.063+0900] {processor.py:186} INFO - Started process (PID=37332) to work on /opt/airflow/dags/06_multi_dag_step2_transform.py
[2026-04-14T09:01:02.065+0900] {processor.py:914} INFO - Processing file /opt/airflow/dags/06_multi_dag_step2_transform.py for tasks to queue
[2026-04-14T09:01:02.067+0900] {logging_mixin.py:190} INFO - [2026-04-14T09:01:02.067+0900] {dagbag.py:587} INFO - Filling up the DagBag from /opt/airflow/dags/06_multi_dag_step2_transform.py
[2026-04-14T09:01:02.315+0900] {processor.py:925} INFO - DAG(s) '06_multi_dag_step2_transform' retrieved from /opt/airflow/dags/06_multi_dag_step2_transform.py
[2026-04-14T09:01:02.336+0900] {logging_mixin.py:190} INFO - [2026-04-14T09:01:02.336+0900] {dag.py:3211} INFO - Sync 1 DAGs
[2026-04-14T09:01:02.353+0900] {logging_mixin.py:190} INFO - [2026-04-14T09:01:02.353+0900] {dag.py:4138} INFO - Setting next_dagrun for 06_multi_dag_step2_transform to None, run_after=None
[2026-04-14T09:01:02.512+0900] {processor.py:208} INFO - Processing /opt/airflow/dags/06_multi_dag_step2_transform.py took 0.453 seconds
[2026-04-14T09:01:32.659+0900] {processor.py:186} INFO - Started process (PID=37350) to work on /opt/airflow/dags/06_multi_dag_step2_transform.py
[2026-04-14T09:01:32.660+0900] {processor.py:914} INFO - Processing file /opt/airflow/dags/06_multi_dag_step2_transform.py for tasks to queue
[2026-04-14T09:01:32.662+0900] {logging_mixin.py:190} INFO - [2026-04-14T09:01:32.662+0900] {dagbag.py:587} INFO - Filling up the DagBag from /opt/airflow/dags/06_multi_dag_step2_transform.py
[2026-04-14T09:01:32.886+0900] {processor.py:925} INFO - DAG(s) '06_multi_dag_step2_transform' retrieved from /opt/airflow/dags/06_multi_dag_step2_transform.py
[2026-04-14T09:01:32.905+0900] {logging_mixin.py:190} INFO - [2026-04-14T09:01:32.905+0900] {dag.py:3211} INFO - Sync 1 DAGs
[2026-04-14T09:01:32.924+0900] {logging_mixin.py:190} INFO - [2026-04-14T09:01:32.923+0900] {dag.py:4138} INFO - Setting next_dagrun for 06_multi_dag_step2_transform to None, run_after=None
[2026-04-14T09:01:32.943+0900] {processor.py:208} INFO - Processing /opt/airflow/dags/06_multi_dag_step2_transform.py took 0.289 seconds
[2026-04-14T09:02:03.555+0900] {processor.py:186} INFO - Started process (PID=37368) to work on /opt/airflow/dags/06_multi_dag_step2_transform.py
[2026-04-14T09:02:03.556+0900] {processor.py:914} INFO - Processing file /opt/airflow/dags/06_multi_dag_step2_transform.py for tasks to queue
[2026-04-14T09:02:03.558+0900] {logging_mixin.py:190} INFO - [2026-04-14T09:02:03.557+0900] {dagbag.py:587} INFO - Filling up the DagBag from /opt/airflow/dags/06_multi_dag_step2_transform.py
[2026-04-14T09:02:03.769+0900] {processor.py:925} INFO - DAG(s) '06_multi_dag_step2_transform' retrieved from /opt/airflow/dags/06_multi_dag_step2_transform.py
[2026-04-14T09:02:03.789+0900] {logging_mixin.py:190} INFO - [2026-04-14T09:02:03.789+0900] {dag.py:3211} INFO - Sync 1 DAGs
[2026-04-14T09:02:03.805+0900] {logging_mixin.py:190} INFO - [2026-04-14T09:02:03.805+0900] {dag.py:4138} INFO - Setting next_dagrun for 06_multi_dag_step2_transform to None, run_after=None
[2026-04-14T09:02:03.829+0900] {processor.py:208} INFO - Processing /opt/airflow/dags/06_multi_dag_step2_transform.py took 0.279 seconds
[2026-04-14T09:02:34.771+0900] {processor.py:186} INFO - Started process (PID=37386) to work on /opt/airflow/dags/06_multi_dag_step2_transform.py
[2026-04-14T09:02:34.772+0900] {processor.py:914} INFO - Processing file /opt/airflow/dags/06_multi_dag_step2_transform.py for tasks to queue
[2026-04-14T09:02:34.774+0900] {logging_mixin.py:190} INFO - [2026-04-14T09:02:34.773+0900] {dagbag.py:587} INFO - Filling up the DagBag from /opt/airflow/dags/06_multi_dag_step2_transform.py
[2026-04-14T09:02:34.995+0900] {processor.py:925} INFO - DAG(s) '06_multi_dag_step2_transform' retrieved from /opt/airflow/dags/06_multi_dag_step2_transform.py
[2026-04-14T09:02:35.016+0900] {logging_mixin.py:190} INFO - [2026-04-14T09:02:35.015+0900] {dag.py:3211} INFO - Sync 1 DAGs
[2026-04-14T09:02:35.032+0900] {logging_mixin.py:190} INFO - [2026-04-14T09:02:35.031+0900] {dag.py:4138} INFO - Setting next_dagrun for 06_multi_dag_step2_transform to None, run_after=None
[2026-04-14T09:02:35.058+0900] {processor.py:208} INFO - Processing /opt/airflow/dags/06_multi_dag_step2_transform.py took 0.293 seconds
[2026-04-14T09:03:05.371+0900] {processor.py:186} INFO - Started process (PID=37404) to work on /opt/airflow/dags/06_multi_dag_step2_transform.py
[2026-04-14T09:03:05.373+0900] {processor.py:914} INFO - Processing file /opt/airflow/dags/06_multi_dag_step2_transform.py for tasks to queue
[2026-04-14T09:03:05.375+0900] {logging_mixin.py:190} INFO - [2026-04-14T09:03:05.374+0900] {dagbag.py:587} INFO - Filling up the DagBag from /opt/airflow/dags/06_multi_dag_step2_transform.py
[2026-04-14T09:03:05.599+0900] {processor.py:925} INFO - DAG(s) '06_multi_dag_step2_transform' retrieved from /opt/airflow/dags/06_multi_dag_step2_transform.py
[2026-04-14T09:03:05.619+0900] {logging_mixin.py:190} INFO - [2026-04-14T09:03:05.618+0900] {dag.py:3211} INFO - Sync 1 DAGs
[2026-04-14T09:03:05.635+0900] {logging_mixin.py:190} INFO - [2026-04-14T09:03:05.635+0900] {dag.py:4138} INFO - Setting next_dagrun for 06_multi_dag_step2_transform to None, run_after=None
[2026-04-14T09:03:05.785+0900] {processor.py:208} INFO - Processing /opt/airflow/dags/06_multi_dag_step2_transform.py took 0.418 seconds
[2026-04-14T09:03:36.933+0900] {processor.py:186} INFO - Started process (PID=37424) to work on /opt/airflow/dags/06_multi_dag_step2_transform.py
[2026-04-14T09:03:36.934+0900] {processor.py:914} INFO - Processing file /opt/airflow/dags/06_multi_dag_step2_transform.py for tasks to queue
[2026-04-14T09:03:36.937+0900] {logging_mixin.py:190} INFO - [2026-04-14T09:03:36.937+0900] {dagbag.py:587} INFO - Filling up the DagBag from /opt/airflow/dags/06_multi_dag_step2_transform.py
[2026-04-14T09:03:37.173+0900] {processor.py:925} INFO - DAG(s) '06_multi_dag_step2_transform' retrieved from /opt/airflow/dags/06_multi_dag_step2_transform.py
[2026-04-14T09:03:37.195+0900] {logging_mixin.py:190} INFO - [2026-04-14T09:03:37.194+0900] {dag.py:3211} INFO - Sync 1 DAGs
[2026-04-14T09:03:37.222+0900] {logging_mixin.py:190} INFO - [2026-04-14T09:03:37.222+0900] {dag.py:4138} INFO - Setting next_dagrun for 06_multi_dag_step2_transform to None, run_after=None
[2026-04-14T09:03:37.251+0900] {processor.py:208} INFO - Processing /opt/airflow/dags/06_multi_dag_step2_transform.py took 0.322 seconds
[2026-04-14T09:04:08.014+0900] {processor.py:186} INFO - Started process (PID=37441) to work on /opt/airflow/dags/06_multi_dag_step2_transform.py
[2026-04-14T09:04:08.015+0900] {processor.py:914} INFO - Processing file /opt/airflow/dags/06_multi_dag_step2_transform.py for tasks to queue
[2026-04-14T09:04:08.017+0900] {logging_mixin.py:190} INFO - [2026-04-14T09:04:08.016+0900] {dagbag.py:587} INFO - Filling up the DagBag from /opt/airflow/dags/06_multi_dag_step2_transform.py
[2026-04-14T09:04:08.239+0900] {processor.py:925} INFO - DAG(s) '06_multi_dag_step2_transform' retrieved from /opt/airflow/dags/06_multi_dag_step2_transform.py
[2026-04-14T09:04:08.261+0900] {logging_mixin.py:190} INFO - [2026-04-14T09:04:08.260+0900] {dag.py:3211} INFO - Sync 1 DAGs
[2026-04-14T09:04:08.277+0900] {logging_mixin.py:190} INFO - [2026-04-14T09:04:08.277+0900] {dag.py:4138} INFO - Setting next_dagrun for 06_multi_dag_step2_transform to None, run_after=None
[2026-04-14T09:04:08.296+0900] {processor.py:208} INFO - Processing /opt/airflow/dags/06_multi_dag_step2_transform.py took 0.287 seconds
[2026-04-14T09:04:39.220+0900] {processor.py:186} INFO - Started process (PID=37458) to work on /opt/airflow/dags/06_multi_dag_step2_transform.py
[2026-04-14T09:04:39.224+0900] {processor.py:914} INFO - Processing file /opt/airflow/dags/06_multi_dag_step2_transform.py for tasks to queue
[2026-04-14T09:04:39.227+0900] {logging_mixin.py:190} INFO - [2026-04-14T09:04:39.226+0900] {dagbag.py:587} INFO - Filling up the DagBag from /opt/airflow/dags/06_multi_dag_step2_transform.py
[2026-04-14T09:04:39.471+0900] {processor.py:925} INFO - DAG(s) '06_multi_dag_step2_transform' retrieved from /opt/airflow/dags/06_multi_dag_step2_transform.py
[2026-04-14T09:04:39.490+0900] {logging_mixin.py:190} INFO - [2026-04-14T09:04:39.489+0900] {dag.py:3211} INFO - Sync 1 DAGs
[2026-04-14T09:04:39.506+0900] {logging_mixin.py:190} INFO - [2026-04-14T09:04:39.506+0900] {dag.py:4138} INFO - Setting next_dagrun for 06_multi_dag_step2_transform to None, run_after=None
[2026-04-14T09:04:39.526+0900] {processor.py:208} INFO - Processing /opt/airflow/dags/06_multi_dag_step2_transform.py took 0.313 seconds
[2026-04-14T09:05:09.655+0900] {processor.py:186} INFO - Started process (PID=37476) to work on /opt/airflow/dags/06_multi_dag_step2_transform.py
[2026-04-14T09:05:09.656+0900] {processor.py:914} INFO - Processing file /opt/airflow/dags/06_multi_dag_step2_transform.py for tasks to queue
[2026-04-14T09:05:09.658+0900] {logging_mixin.py:190} INFO - [2026-04-14T09:05:09.658+0900] {dagbag.py:587} INFO - Filling up the DagBag from /opt/airflow/dags/06_multi_dag_step2_transform.py
[2026-04-14T09:05:09.892+0900] {processor.py:925} INFO - DAG(s) '06_multi_dag_step2_transform' retrieved from /opt/airflow/dags/06_multi_dag_step2_transform.py
[2026-04-14T09:05:09.914+0900] {logging_mixin.py:190} INFO - [2026-04-14T09:05:09.914+0900] {dag.py:3211} INFO - Sync 1 DAGs
[2026-04-14T09:05:09.932+0900] {logging_mixin.py:190} INFO - [2026-04-14T09:05:09.932+0900] {dag.py:4138} INFO - Setting next_dagrun for 06_multi_dag_step2_transform to None, run_after=None
[2026-04-14T09:05:10.092+0900] {processor.py:208} INFO - Processing /opt/airflow/dags/06_multi_dag_step2_transform.py took 0.442 seconds
[2026-04-14T09:05:40.189+0900] {processor.py:186} INFO - Started process (PID=37494) to work on /opt/airflow/dags/06_multi_dag_step2_transform.py
[2026-04-14T09:05:40.190+0900] {processor.py:914} INFO - Processing file /opt/airflow/dags/06_multi_dag_step2_transform.py for tasks to queue
[2026-04-14T09:05:40.192+0900] {logging_mixin.py:190} INFO - [2026-04-14T09:05:40.192+0900] {dagbag.py:587} INFO - Filling up the DagBag from /opt/airflow/dags/06_multi_dag_step2_transform.py
[2026-04-14T09:05:40.414+0900] {processor.py:925} INFO - DAG(s) '06_multi_dag_step2_transform' retrieved from /opt/airflow/dags/06_multi_dag_step2_transform.py
[2026-04-14T09:05:40.433+0900] {logging_mixin.py:190} INFO - [2026-04-14T09:05:40.432+0900] {dag.py:3211} INFO - Sync 1 DAGs
[2026-04-14T09:05:40.450+0900] {logging_mixin.py:190} INFO - [2026-04-14T09:05:40.450+0900] {dag.py:4138} INFO - Setting next_dagrun for 06_multi_dag_step2_transform to None, run_after=None
[2026-04-14T09:05:40.468+0900] {processor.py:208} INFO - Processing /opt/airflow/dags/06_multi_dag_step2_transform.py took 0.284 seconds
[2026-04-14T09:06:11.060+0900] {processor.py:186} INFO - Started process (PID=37512) to work on /opt/airflow/dags/06_multi_dag_step2_transform.py
[2026-04-14T09:06:11.062+0900] {processor.py:914} INFO - Processing file /opt/airflow/dags/06_multi_dag_step2_transform.py for tasks to queue
[2026-04-14T09:06:11.064+0900] {logging_mixin.py:190} INFO - [2026-04-14T09:06:11.064+0900] {dagbag.py:587} INFO - Filling up the DagBag from /opt/airflow/dags/06_multi_dag_step2_transform.py
[2026-04-14T09:06:11.282+0900] {processor.py:925} INFO - DAG(s) '06_multi_dag_step2_transform' retrieved from /opt/airflow/dags/06_multi_dag_step2_transform.py
[2026-04-14T09:06:11.304+0900] {logging_mixin.py:190} INFO - [2026-04-14T09:06:11.303+0900] {dag.py:3211} INFO - Sync 1 DAGs
[2026-04-14T09:06:11.320+0900] {logging_mixin.py:190} INFO - [2026-04-14T09:06:11.320+0900] {dag.py:4138} INFO - Setting next_dagrun for 06_multi_dag_step2_transform to None, run_after=None
[2026-04-14T09:06:11.338+0900] {processor.py:208} INFO - Processing /opt/airflow/dags/06_multi_dag_step2_transform.py took 0.282 seconds
[2026-04-14T09:06:41.903+0900] {processor.py:186} INFO - Started process (PID=37536) to work on /opt/airflow/dags/06_multi_dag_step2_transform.py
[2026-04-14T09:06:41.904+0900] {processor.py:914} INFO - Processing file /opt/airflow/dags/06_multi_dag_step2_transform.py for tasks to queue
[2026-04-14T09:06:41.908+0900] {logging_mixin.py:190} INFO - [2026-04-14T09:06:41.907+0900] {dagbag.py:587} INFO - Filling up the DagBag from /opt/airflow/dags/06_multi_dag_step2_transform.py
[2026-04-14T09:06:42.147+0900] {processor.py:925} INFO - DAG(s) '06_multi_dag_step2_transform' retrieved from /opt/airflow/dags/06_multi_dag_step2_transform.py
[2026-04-14T09:06:42.166+0900] {logging_mixin.py:190} INFO - [2026-04-14T09:06:42.165+0900] {dag.py:3211} INFO - Sync 1 DAGs
[2026-04-14T09:06:42.181+0900] {logging_mixin.py:190} INFO - [2026-04-14T09:06:42.181+0900] {dag.py:4138} INFO - Setting next_dagrun for 06_multi_dag_step2_transform to None, run_after=None
[2026-04-14T09:06:42.198+0900] {processor.py:208} INFO - Processing /opt/airflow/dags/06_multi_dag_step2_transform.py took 0.300 seconds
[2026-04-14T09:07:12.838+0900] {processor.py:186} INFO - Started process (PID=37554) to work on /opt/airflow/dags/06_multi_dag_step2_transform.py
[2026-04-14T09:07:12.839+0900] {processor.py:914} INFO - Processing file /opt/airflow/dags/06_multi_dag_step2_transform.py for tasks to queue
[2026-04-14T09:07:12.841+0900] {logging_mixin.py:190} INFO - [2026-04-14T09:07:12.841+0900] {dagbag.py:587} INFO - Filling up the DagBag from /opt/airflow/dags/06_multi_dag_step2_transform.py
[2026-04-14T09:07:13.064+0900] {processor.py:925} INFO - DAG(s) '06_multi_dag_step2_transform' retrieved from /opt/airflow/dags/06_multi_dag_step2_transform.py
[2026-04-14T09:07:13.086+0900] {logging_mixin.py:190} INFO - [2026-04-14T09:07:13.085+0900] {dag.py:3211} INFO - Sync 1 DAGs
[2026-04-14T09:07:13.107+0900] {logging_mixin.py:190} INFO - [2026-04-14T09:07:13.107+0900] {dag.py:4138} INFO - Setting next_dagrun for 06_multi_dag_step2_transform to None, run_after=None
[2026-04-14T09:07:13.253+0900] {processor.py:208} INFO - Processing /opt/airflow/dags/06_multi_dag_step2_transform.py took 0.420 seconds
[2026-04-14T09:07:44.132+0900] {processor.py:186} INFO - Started process (PID=37572) to work on /opt/airflow/dags/06_multi_dag_step2_transform.py
[2026-04-14T09:07:44.133+0900] {processor.py:914} INFO - Processing file /opt/airflow/dags/06_multi_dag_step2_transform.py for tasks to queue
[2026-04-14T09:07:44.137+0900] {logging_mixin.py:190} INFO - [2026-04-14T09:07:44.137+0900] {dagbag.py:587} INFO - Filling up the DagBag from /opt/airflow/dags/06_multi_dag_step2_transform.py
[2026-04-14T09:07:44.384+0900] {processor.py:925} INFO - DAG(s) '06_multi_dag_step2_transform' retrieved from /opt/airflow/dags/06_multi_dag_step2_transform.py
[2026-04-14T09:07:44.403+0900] {logging_mixin.py:190} INFO - [2026-04-14T09:07:44.403+0900] {dag.py:3211} INFO - Sync 1 DAGs
[2026-04-14T09:07:44.420+0900] {logging_mixin.py:190} INFO - [2026-04-14T09:07:44.420+0900] {dag.py:4138} INFO - Setting next_dagrun for 06_multi_dag_step2_transform to None, run_after=None
[2026-04-14T09:07:44.445+0900] {processor.py:208} INFO - Processing /opt/airflow/dags/06_multi_dag_step2_transform.py took 0.320 seconds
[2026-04-14T09:08:15.359+0900] {processor.py:186} INFO - Started process (PID=37590) to work on /opt/airflow/dags/06_multi_dag_step2_transform.py
[2026-04-14T09:08:15.359+0900] {processor.py:914} INFO - Processing file /opt/airflow/dags/06_multi_dag_step2_transform.py for tasks to queue
[2026-04-14T09:08:15.362+0900] {logging_mixin.py:190} INFO - [2026-04-14T09:08:15.361+0900] {dagbag.py:587} INFO - Filling up the DagBag from /opt/airflow/dags/06_multi_dag_step2_transform.py
[2026-04-14T09:08:15.599+0900] {processor.py:925} INFO - DAG(s) '06_multi_dag_step2_transform' retrieved from /opt/airflow/dags/06_multi_dag_step2_transform.py
[2026-04-14T09:08:15.621+0900] {logging_mixin.py:190} INFO - [2026-04-14T09:08:15.621+0900] {dag.py:3211} INFO - Sync 1 DAGs
[2026-04-14T09:08:15.638+0900] {logging_mixin.py:190} INFO - [2026-04-14T09:08:15.638+0900] {dag.py:4138} INFO - Setting next_dagrun for 06_multi_dag_step2_transform to None, run_after=None
[2026-04-14T09:08:15.659+0900] {processor.py:208} INFO - Processing /opt/airflow/dags/06_multi_dag_step2_transform.py took 0.305 seconds
[2026-04-14T09:08:46.578+0900] {processor.py:186} INFO - Started process (PID=37608) to work on /opt/airflow/dags/06_multi_dag_step2_transform.py
[2026-04-14T09:08:46.579+0900] {processor.py:914} INFO - Processing file /opt/airflow/dags/06_multi_dag_step2_transform.py for tasks to queue
[2026-04-14T09:08:46.581+0900] {logging_mixin.py:190} INFO - [2026-04-14T09:08:46.581+0900] {dagbag.py:587} INFO - Filling up the DagBag from /opt/airflow/dags/06_multi_dag_step2_transform.py
[2026-04-14T09:08:46.829+0900] {processor.py:925} INFO - DAG(s) '06_multi_dag_step2_transform' retrieved from /opt/airflow/dags/06_multi_dag_step2_transform.py
[2026-04-14T09:08:46.850+0900] {logging_mixin.py:190} INFO - [2026-04-14T09:08:46.849+0900] {dag.py:3211} INFO - Sync 1 DAGs
[2026-04-14T09:08:46.866+0900] {logging_mixin.py:190} INFO - [2026-04-14T09:08:46.866+0900] {dag.py:4138} INFO - Setting next_dagrun for 06_multi_dag_step2_transform to None, run_after=None
[2026-04-14T09:08:46.884+0900] {processor.py:208} INFO - Processing /opt/airflow/dags/06_multi_dag_step2_transform.py took 0.311 seconds
[2026-04-14T09:09:17.411+0900] {processor.py:186} INFO - Started process (PID=37627) to work on /opt/airflow/dags/06_multi_dag_step2_transform.py
[2026-04-14T09:09:17.411+0900] {processor.py:914} INFO - Processing file /opt/airflow/dags/06_multi_dag_step2_transform.py for tasks to queue
[2026-04-14T09:09:17.413+0900] {logging_mixin.py:190} INFO - [2026-04-14T09:09:17.413+0900] {dagbag.py:587} INFO - Filling up the DagBag from /opt/airflow/dags/06_multi_dag_step2_transform.py
[2026-04-14T09:09:17.634+0900] {processor.py:925} INFO - DAG(s) '06_multi_dag_step2_transform' retrieved from /opt/airflow/dags/06_multi_dag_step2_transform.py
[2026-04-14T09:09:17.655+0900] {logging_mixin.py:190} INFO - [2026-04-14T09:09:17.654+0900] {dag.py:3211} INFO - Sync 1 DAGs
[2026-04-14T09:09:17.672+0900] {logging_mixin.py:190} INFO - [2026-04-14T09:09:17.672+0900] {dag.py:4138} INFO - Setting next_dagrun for 06_multi_dag_step2_transform to None, run_after=None
[2026-04-14T09:09:17.817+0900] {processor.py:208} INFO - Processing /opt/airflow/dags/06_multi_dag_step2_transform.py took 0.411 seconds
[2026-04-14T09:09:48.033+0900] {processor.py:186} INFO - Started process (PID=37645) to work on /opt/airflow/dags/06_multi_dag_step2_transform.py
[2026-04-14T09:09:48.034+0900] {processor.py:914} INFO - Processing file /opt/airflow/dags/06_multi_dag_step2_transform.py for tasks to queue
[2026-04-14T09:09:48.036+0900] {logging_mixin.py:190} INFO - [2026-04-14T09:09:48.036+0900] {dagbag.py:587} INFO - Filling up the DagBag from /opt/airflow/dags/06_multi_dag_step2_transform.py
[2026-04-14T09:09:48.277+0900] {processor.py:925} INFO - DAG(s) '06_multi_dag_step2_transform' retrieved from /opt/airflow/dags/06_multi_dag_step2_transform.py
[2026-04-14T09:09:48.295+0900] {logging_mixin.py:190} INFO - [2026-04-14T09:09:48.295+0900] {dag.py:3211} INFO - Sync 1 DAGs
[2026-04-14T09:09:48.435+0900] {logging_mixin.py:190} INFO - [2026-04-14T09:09:48.435+0900] {dag.py:4138} INFO - Setting next_dagrun for 06_multi_dag_step2_transform to None, run_after=None
[2026-04-14T09:09:48.458+0900] {processor.py:208} INFO - Processing /opt/airflow/dags/06_multi_dag_step2_transform.py took 0.430 seconds
[2026-04-14T09:10:18.544+0900] {processor.py:186} INFO - Started process (PID=37663) to work on /opt/airflow/dags/06_multi_dag_step2_transform.py
[2026-04-14T09:10:18.545+0900] {processor.py:914} INFO - Processing file /opt/airflow/dags/06_multi_dag_step2_transform.py for tasks to queue
[2026-04-14T09:10:18.548+0900] {logging_mixin.py:190} INFO - [2026-04-14T09:10:18.547+0900] {dagbag.py:587} INFO - Filling up the DagBag from /opt/airflow/dags/06_multi_dag_step2_transform.py
[2026-04-14T09:10:18.787+0900] {processor.py:925} INFO - DAG(s) '06_multi_dag_step2_transform' retrieved from /opt/airflow/dags/06_multi_dag_step2_transform.py
[2026-04-14T09:10:18.812+0900] {logging_mixin.py:190} INFO - [2026-04-14T09:10:18.812+0900] {dag.py:3211} INFO - Sync 1 DAGs
[2026-04-14T09:10:18.831+0900] {logging_mixin.py:190} INFO - [2026-04-14T09:10:18.831+0900] {dag.py:4138} INFO - Setting next_dagrun for 06_multi_dag_step2_transform to None, run_after=None
[2026-04-14T09:10:18.855+0900] {processor.py:208} INFO - Processing /opt/airflow/dags/06_multi_dag_step2_transform.py took 0.316 seconds
[2026-04-14T09:10:48.918+0900] {processor.py:186} INFO - Started process (PID=37681) to work on /opt/airflow/dags/06_multi_dag_step2_transform.py
[2026-04-14T09:10:48.919+0900] {processor.py:914} INFO - Processing file /opt/airflow/dags/06_multi_dag_step2_transform.py for tasks to queue
[2026-04-14T09:10:48.922+0900] {logging_mixin.py:190} INFO - [2026-04-14T09:10:48.921+0900] {dagbag.py:587} INFO - Filling up the DagBag from /opt/airflow/dags/06_multi_dag_step2_transform.py
[2026-04-14T09:10:49.157+0900] {processor.py:925} INFO - DAG(s) '06_multi_dag_step2_transform' retrieved from /opt/airflow/dags/06_multi_dag_step2_transform.py
[2026-04-14T09:10:49.180+0900] {logging_mixin.py:190} INFO - [2026-04-14T09:10:49.180+0900] {dag.py:3211} INFO - Sync 1 DAGs
[2026-04-14T09:10:49.199+0900] {logging_mixin.py:190} INFO - [2026-04-14T09:10:49.198+0900] {dag.py:4138} INFO - Setting next_dagrun for 06_multi_dag_step2_transform to None, run_after=None
[2026-04-14T09:10:49.224+0900] {processor.py:208} INFO - Processing /opt/airflow/dags/06_multi_dag_step2_transform.py took 0.311 seconds
[2026-04-14T09:11:19.400+0900] {processor.py:186} INFO - Started process (PID=37699) to work on /opt/airflow/dags/06_multi_dag_step2_transform.py
[2026-04-14T09:11:19.401+0900] {processor.py:914} INFO - Processing file /opt/airflow/dags/06_multi_dag_step2_transform.py for tasks to queue
[2026-04-14T09:11:19.403+0900] {logging_mixin.py:190} INFO - [2026-04-14T09:11:19.402+0900] {dagbag.py:587} INFO - Filling up the DagBag from /opt/airflow/dags/06_multi_dag_step2_transform.py
[2026-04-14T09:11:19.627+0900] {processor.py:925} INFO - DAG(s) '06_multi_dag_step2_transform' retrieved from /opt/airflow/dags/06_multi_dag_step2_transform.py
[2026-04-14T09:11:19.652+0900] {logging_mixin.py:190} INFO - [2026-04-14T09:11:19.652+0900] {dag.py:3211} INFO - Sync 1 DAGs
[2026-04-14T09:11:19.671+0900] {logging_mixin.py:190} INFO - [2026-04-14T09:11:19.671+0900] {dag.py:4138} INFO - Setting next_dagrun for 06_multi_dag_step2_transform to None, run_after=None
[2026-04-14T09:11:19.827+0900] {processor.py:208} INFO - Processing /opt/airflow/dags/06_multi_dag_step2_transform.py took 0.432 seconds
[2026-04-14T09:11:49.903+0900] {processor.py:186} INFO - Started process (PID=37717) to work on /opt/airflow/dags/06_multi_dag_step2_transform.py
[2026-04-14T09:11:49.905+0900] {processor.py:914} INFO - Processing file /opt/airflow/dags/06_multi_dag_step2_transform.py for tasks to queue
[2026-04-14T09:11:49.907+0900] {logging_mixin.py:190} INFO - [2026-04-14T09:11:49.907+0900] {dagbag.py:587} INFO - Filling up the DagBag from /opt/airflow/dags/06_multi_dag_step2_transform.py
[2026-04-14T09:11:50.108+0900] {processor.py:925} INFO - DAG(s) '06_multi_dag_step2_transform' retrieved from /opt/airflow/dags/06_multi_dag_step2_transform.py
[2026-04-14T09:11:50.125+0900] {logging_mixin.py:190} INFO - [2026-04-14T09:11:50.125+0900] {dag.py:3211} INFO - Sync 1 DAGs
[2026-04-14T09:11:50.252+0900] {logging_mixin.py:190} INFO - [2026-04-14T09:11:50.252+0900] {dag.py:4138} INFO - Setting next_dagrun for 06_multi_dag_step2_transform to None, run_after=None
[2026-04-14T09:11:50.273+0900] {processor.py:208} INFO - Processing /opt/airflow/dags/06_multi_dag_step2_transform.py took 0.375 seconds
[2026-04-14T09:12:20.392+0900] {processor.py:186} INFO - Started process (PID=37735) to work on /opt/airflow/dags/06_multi_dag_step2_transform.py
[2026-04-14T09:12:20.393+0900] {processor.py:914} INFO - Processing file /opt/airflow/dags/06_multi_dag_step2_transform.py for tasks to queue
[2026-04-14T09:12:20.395+0900] {logging_mixin.py:190} INFO - [2026-04-14T09:12:20.395+0900] {dagbag.py:587} INFO - Filling up the DagBag from /opt/airflow/dags/06_multi_dag_step2_transform.py
[2026-04-14T09:12:20.610+0900] {processor.py:925} INFO - DAG(s) '06_multi_dag_step2_transform' retrieved from /opt/airflow/dags/06_multi_dag_step2_transform.py
[2026-04-14T09:12:20.738+0900] {logging_mixin.py:190} INFO - [2026-04-14T09:12:20.738+0900] {dag.py:3211} INFO - Sync 1 DAGs
[2026-04-14T09:12:20.751+0900] {logging_mixin.py:190} INFO - [2026-04-14T09:12:20.751+0900] {dag.py:4138} INFO - Setting next_dagrun for 06_multi_dag_step2_transform to None, run_after=None
[2026-04-14T09:12:20.765+0900] {processor.py:208} INFO - Processing /opt/airflow/dags/06_multi_dag_step2_transform.py took 0.378 seconds
[2026-04-14T09:12:50.936+0900] {processor.py:186} INFO - Started process (PID=37754) to work on /opt/airflow/dags/06_multi_dag_step2_transform.py
[2026-04-14T09:12:50.937+0900] {processor.py:914} INFO - Processing file /opt/airflow/dags/06_multi_dag_step2_transform.py for tasks to queue
[2026-04-14T09:12:50.940+0900] {logging_mixin.py:190} INFO - [2026-04-14T09:12:50.939+0900] {dagbag.py:587} INFO - Filling up the DagBag from /opt/airflow/dags/06_multi_dag_step2_transform.py
[2026-04-14T09:12:51.177+0900] {processor.py:925} INFO - DAG(s) '06_multi_dag_step2_transform' retrieved from /opt/airflow/dags/06_multi_dag_step2_transform.py
[2026-04-14T09:12:51.195+0900] {logging_mixin.py:190} INFO - [2026-04-14T09:12:51.195+0900] {dag.py:3211} INFO - Sync 1 DAGs
[2026-04-14T09:12:51.211+0900] {logging_mixin.py:190} INFO - [2026-04-14T09:12:51.210+0900] {dag.py:4138} INFO - Setting next_dagrun for 06_multi_dag_step2_transform to None, run_after=None
[2026-04-14T09:12:51.229+0900] {processor.py:208} INFO - Processing /opt/airflow/dags/06_multi_dag_step2_transform.py took 0.298 seconds
[2026-04-14T09:13:21.897+0900] {processor.py:186} INFO - Started process (PID=37772) to work on /opt/airflow/dags/06_multi_dag_step2_transform.py
[2026-04-14T09:13:21.898+0900] {processor.py:914} INFO - Processing file /opt/airflow/dags/06_multi_dag_step2_transform.py for tasks to queue
[2026-04-14T09:13:21.901+0900] {logging_mixin.py:190} INFO - [2026-04-14T09:13:21.901+0900] {dagbag.py:587} INFO - Filling up the DagBag from /opt/airflow/dags/06_multi_dag_step2_transform.py
[2026-04-14T09:13:22.127+0900] {processor.py:925} INFO - DAG(s) '06_multi_dag_step2_transform' retrieved from /opt/airflow/dags/06_multi_dag_step2_transform.py
[2026-04-14T09:13:22.149+0900] {logging_mixin.py:190} INFO - [2026-04-14T09:13:22.149+0900] {dag.py:3211} INFO - Sync 1 DAGs
[2026-04-14T09:13:22.313+0900] {logging_mixin.py:190} INFO - [2026-04-14T09:13:22.313+0900] {dag.py:4138} INFO - Setting next_dagrun for 06_multi_dag_step2_transform to None, run_after=None
[2026-04-14T09:13:22.331+0900] {processor.py:208} INFO - Processing /opt/airflow/dags/06_multi_dag_step2_transform.py took 0.439 seconds
[2026-04-14T09:13:52.732+0900] {processor.py:186} INFO - Started process (PID=37790) to work on /opt/airflow/dags/06_multi_dag_step2_transform.py
[2026-04-14T09:13:52.733+0900] {processor.py:914} INFO - Processing file /opt/airflow/dags/06_multi_dag_step2_transform.py for tasks to queue
[2026-04-14T09:13:52.735+0900] {logging_mixin.py:190} INFO - [2026-04-14T09:13:52.735+0900] {dagbag.py:587} INFO - Filling up the DagBag from /opt/airflow/dags/06_multi_dag_step2_transform.py
[2026-04-14T09:13:52.989+0900] {processor.py:925} INFO - DAG(s) '06_multi_dag_step2_transform' retrieved from /opt/airflow/dags/06_multi_dag_step2_transform.py
[2026-04-14T09:13:53.010+0900] {logging_mixin.py:190} INFO - [2026-04-14T09:13:53.009+0900] {dag.py:3211} INFO - Sync 1 DAGs
[2026-04-14T09:13:53.161+0900] {logging_mixin.py:190} INFO - [2026-04-14T09:13:53.161+0900] {dag.py:4138} INFO - Setting next_dagrun for 06_multi_dag_step2_transform to None, run_after=None
[2026-04-14T09:13:53.179+0900] {processor.py:208} INFO - Processing /opt/airflow/dags/06_multi_dag_step2_transform.py took 0.452 seconds
[2026-04-14T09:14:23.242+0900] {processor.py:186} INFO - Started process (PID=37808) to work on /opt/airflow/dags/06_multi_dag_step2_transform.py
[2026-04-14T09:14:23.243+0900] {processor.py:914} INFO - Processing file /opt/airflow/dags/06_multi_dag_step2_transform.py for tasks to queue
[2026-04-14T09:14:23.245+0900] {logging_mixin.py:190} INFO - [2026-04-14T09:14:23.245+0900] {dagbag.py:587} INFO - Filling up the DagBag from /opt/airflow/dags/06_multi_dag_step2_transform.py
[2026-04-14T09:14:23.470+0900] {processor.py:925} INFO - DAG(s) '06_multi_dag_step2_transform' retrieved from /opt/airflow/dags/06_multi_dag_step2_transform.py
[2026-04-14T09:14:23.492+0900] {logging_mixin.py:190} INFO - [2026-04-14T09:14:23.492+0900] {dag.py:3211} INFO - Sync 1 DAGs
[2026-04-14T09:14:23.509+0900] {logging_mixin.py:190} INFO - [2026-04-14T09:14:23.509+0900] {dag.py:4138} INFO - Setting next_dagrun for 06_multi_dag_step2_transform to None, run_after=None
[2026-04-14T09:14:23.530+0900] {processor.py:208} INFO - Processing /opt/airflow/dags/06_multi_dag_step2_transform.py took 0.294 seconds
[2026-04-14T09:14:53.682+0900] {processor.py:186} INFO - Started process (PID=37826) to work on /opt/airflow/dags/06_multi_dag_step2_transform.py
[2026-04-14T09:14:53.683+0900] {processor.py:914} INFO - Processing file /opt/airflow/dags/06_multi_dag_step2_transform.py for tasks to queue
[2026-04-14T09:14:53.685+0900] {logging_mixin.py:190} INFO - [2026-04-14T09:14:53.685+0900] {dagbag.py:587} INFO - Filling up the DagBag from /opt/airflow/dags/06_multi_dag_step2_transform.py
[2026-04-14T09:14:53.943+0900] {processor.py:925} INFO - DAG(s) '06_multi_dag_step2_transform' retrieved from /opt/airflow/dags/06_multi_dag_step2_transform.py
[2026-04-14T09:14:53.965+0900] {logging_mixin.py:190} INFO - [2026-04-14T09:14:53.964+0900] {dag.py:3211} INFO - Sync 1 DAGs
[2026-04-14T09:14:53.982+0900] {logging_mixin.py:190} INFO - [2026-04-14T09:14:53.982+0900] {dag.py:4138} INFO - Setting next_dagrun for 06_multi_dag_step2_transform to None, run_after=None
[2026-04-14T09:14:54.008+0900] {processor.py:208} INFO - Processing /opt/airflow/dags/06_multi_dag_step2_transform.py took 0.330 seconds
[2026-04-14T09:15:24.149+0900] {processor.py:186} INFO - Started process (PID=37844) to work on /opt/airflow/dags/06_multi_dag_step2_transform.py
[2026-04-14T09:15:24.150+0900] {processor.py:914} INFO - Processing file /opt/airflow/dags/06_multi_dag_step2_transform.py for tasks to queue
[2026-04-14T09:15:24.152+0900] {logging_mixin.py:190} INFO - [2026-04-14T09:15:24.152+0900] {dagbag.py:587} INFO - Filling up the DagBag from /opt/airflow/dags/06_multi_dag_step2_transform.py
[2026-04-14T09:15:24.391+0900] {processor.py:925} INFO - DAG(s) '06_multi_dag_step2_transform' retrieved from /opt/airflow/dags/06_multi_dag_step2_transform.py
[2026-04-14T09:15:24.416+0900] {logging_mixin.py:190} INFO - [2026-04-14T09:15:24.416+0900] {dag.py:3211} INFO - Sync 1 DAGs
[2026-04-14T09:15:24.561+0900] {logging_mixin.py:190} INFO - [2026-04-14T09:15:24.560+0900] {dag.py:4138} INFO - Setting next_dagrun for 06_multi_dag_step2_transform to None, run_after=None
[2026-04-14T09:15:24.580+0900] {processor.py:208} INFO - Processing /opt/airflow/dags/06_multi_dag_step2_transform.py took 0.436 seconds
[2026-04-14T09:15:54.786+0900] {processor.py:186} INFO - Started process (PID=37862) to work on /opt/airflow/dags/06_multi_dag_step2_transform.py
[2026-04-14T09:15:54.787+0900] {processor.py:914} INFO - Processing file /opt/airflow/dags/06_multi_dag_step2_transform.py for tasks to queue
[2026-04-14T09:15:54.790+0900] {logging_mixin.py:190} INFO - [2026-04-14T09:15:54.789+0900] {dagbag.py:587} INFO - Filling up the DagBag from /opt/airflow/dags/06_multi_dag_step2_transform.py
[2026-04-14T09:15:55.006+0900] {processor.py:925} INFO - DAG(s) '06_multi_dag_step2_transform' retrieved from /opt/airflow/dags/06_multi_dag_step2_transform.py
[2026-04-14T09:15:55.026+0900] {logging_mixin.py:190} INFO - [2026-04-14T09:15:55.026+0900] {dag.py:3211} INFO - Sync 1 DAGs
[2026-04-14T09:15:55.177+0900] {logging_mixin.py:190} INFO - [2026-04-14T09:15:55.177+0900] {dag.py:4138} INFO - Setting next_dagrun for 06_multi_dag_step2_transform to None, run_after=None
[2026-04-14T09:15:55.193+0900] {processor.py:208} INFO - Processing /opt/airflow/dags/06_multi_dag_step2_transform.py took 0.412 seconds
[2026-04-14T09:16:25.246+0900] {processor.py:186} INFO - Started process (PID=37880) to work on /opt/airflow/dags/06_multi_dag_step2_transform.py
[2026-04-14T09:16:25.247+0900] {processor.py:914} INFO - Processing file /opt/airflow/dags/06_multi_dag_step2_transform.py for tasks to queue
[2026-04-14T09:16:25.249+0900] {logging_mixin.py:190} INFO - [2026-04-14T09:16:25.249+0900] {dagbag.py:587} INFO - Filling up the DagBag from /opt/airflow/dags/06_multi_dag_step2_transform.py
[2026-04-14T09:16:25.454+0900] {processor.py:925} INFO - DAG(s) '06_multi_dag_step2_transform' retrieved from /opt/airflow/dags/06_multi_dag_step2_transform.py
[2026-04-14T09:16:25.473+0900] {logging_mixin.py:190} INFO - [2026-04-14T09:16:25.472+0900] {dag.py:3211} INFO - Sync 1 DAGs
[2026-04-14T09:16:25.487+0900] {logging_mixin.py:190} INFO - [2026-04-14T09:16:25.487+0900] {dag.py:4138} INFO - Setting next_dagrun for 06_multi_dag_step2_transform to None, run_after=None
[2026-04-14T09:16:25.511+0900] {processor.py:208} INFO - Processing /opt/airflow/dags/06_multi_dag_step2_transform.py took 0.270 seconds
[2026-04-14T09:16:55.645+0900] {processor.py:186} INFO - Started process (PID=37898) to work on /opt/airflow/dags/06_multi_dag_step2_transform.py
[2026-04-14T09:16:55.646+0900] {processor.py:914} INFO - Processing file /opt/airflow/dags/06_multi_dag_step2_transform.py for tasks to queue
[2026-04-14T09:16:55.649+0900] {logging_mixin.py:190} INFO - [2026-04-14T09:16:55.649+0900] {dagbag.py:587} INFO - Filling up the DagBag from /opt/airflow/dags/06_multi_dag_step2_transform.py
[2026-04-14T09:16:55.919+0900] {processor.py:925} INFO - DAG(s) '06_multi_dag_step2_transform' retrieved from /opt/airflow/dags/06_multi_dag_step2_transform.py
[2026-04-14T09:16:55.951+0900] {logging_mixin.py:190} INFO - [2026-04-14T09:16:55.950+0900] {dag.py:3211} INFO - Sync 1 DAGs
[2026-04-14T09:16:55.972+0900] {logging_mixin.py:190} INFO - [2026-04-14T09:16:55.971+0900] {dag.py:4138} INFO - Setting next_dagrun for 06_multi_dag_step2_transform to None, run_after=None
[2026-04-14T09:16:55.997+0900] {processor.py:208} INFO - Processing /opt/airflow/dags/06_multi_dag_step2_transform.py took 0.357 seconds
[2026-04-14T09:17:26.287+0900] {processor.py:186} INFO - Started process (PID=37916) to work on /opt/airflow/dags/06_multi_dag_step2_transform.py
[2026-04-14T09:17:26.288+0900] {processor.py:914} INFO - Processing file /opt/airflow/dags/06_multi_dag_step2_transform.py for tasks to queue
[2026-04-14T09:17:26.291+0900] {logging_mixin.py:190} INFO - [2026-04-14T09:17:26.290+0900] {dagbag.py:587} INFO - Filling up the DagBag from /opt/airflow/dags/06_multi_dag_step2_transform.py
[2026-04-14T09:17:26.526+0900] {processor.py:925} INFO - DAG(s) '06_multi_dag_step2_transform' retrieved from /opt/airflow/dags/06_multi_dag_step2_transform.py
[2026-04-14T09:17:26.548+0900] {logging_mixin.py:190} INFO - [2026-04-14T09:17:26.548+0900] {dag.py:3211} INFO - Sync 1 DAGs
[2026-04-14T09:17:26.694+0900] {logging_mixin.py:190} INFO - [2026-04-14T09:17:26.694+0900] {dag.py:4138} INFO - Setting next_dagrun for 06_multi_dag_step2_transform to None, run_after=None
[2026-04-14T09:17:26.714+0900] {processor.py:208} INFO - Processing /opt/airflow/dags/06_multi_dag_step2_transform.py took 0.432 seconds
[2026-04-14T09:17:56.831+0900] {processor.py:186} INFO - Started process (PID=37934) to work on /opt/airflow/dags/06_multi_dag_step2_transform.py
[2026-04-14T09:17:56.833+0900] {processor.py:914} INFO - Processing file /opt/airflow/dags/06_multi_dag_step2_transform.py for tasks to queue
[2026-04-14T09:17:56.835+0900] {logging_mixin.py:190} INFO - [2026-04-14T09:17:56.835+0900] {dagbag.py:587} INFO - Filling up the DagBag from /opt/airflow/dags/06_multi_dag_step2_transform.py
[2026-04-14T09:17:57.067+0900] {processor.py:925} INFO - DAG(s) '06_multi_dag_step2_transform' retrieved from /opt/airflow/dags/06_multi_dag_step2_transform.py
[2026-04-14T09:17:57.092+0900] {logging_mixin.py:190} INFO - [2026-04-14T09:17:57.091+0900] {dag.py:3211} INFO - Sync 1 DAGs
[2026-04-14T09:17:57.240+0900] {logging_mixin.py:190} INFO - [2026-04-14T09:17:57.240+0900] {dag.py:4138} INFO - Setting next_dagrun for 06_multi_dag_step2_transform to None, run_after=None
[2026-04-14T09:17:57.255+0900] {processor.py:208} INFO - Processing /opt/airflow/dags/06_multi_dag_step2_transform.py took 0.428 seconds
[2026-04-14T09:18:28.161+0900] {processor.py:186} INFO - Started process (PID=37951) to work on /opt/airflow/dags/06_multi_dag_step2_transform.py
[2026-04-14T09:18:28.162+0900] {processor.py:914} INFO - Processing file /opt/airflow/dags/06_multi_dag_step2_transform.py for tasks to queue
[2026-04-14T09:18:28.165+0900] {logging_mixin.py:190} INFO - [2026-04-14T09:18:28.164+0900] {dagbag.py:587} INFO - Filling up the DagBag from /opt/airflow/dags/06_multi_dag_step2_transform.py
[2026-04-14T09:18:28.394+0900] {processor.py:925} INFO - DAG(s) '06_multi_dag_step2_transform' retrieved from /opt/airflow/dags/06_multi_dag_step2_transform.py
[2026-04-14T09:18:28.535+0900] {logging_mixin.py:190} INFO - [2026-04-14T09:18:28.534+0900] {dag.py:3211} INFO - Sync 1 DAGs
[2026-04-14T09:18:28.548+0900] {logging_mixin.py:190} INFO - [2026-04-14T09:18:28.548+0900] {dag.py:4138} INFO - Setting next_dagrun for 06_multi_dag_step2_transform to None, run_after=None
[2026-04-14T09:18:28.570+0900] {processor.py:208} INFO - Processing /opt/airflow/dags/06_multi_dag_step2_transform.py took 0.413 seconds
[2026-04-14T09:18:58.625+0900] {processor.py:186} INFO - Started process (PID=37969) to work on /opt/airflow/dags/06_multi_dag_step2_transform.py
[2026-04-14T09:18:58.627+0900] {processor.py:914} INFO - Processing file /opt/airflow/dags/06_multi_dag_step2_transform.py for tasks to queue
[2026-04-14T09:18:58.629+0900] {logging_mixin.py:190} INFO - [2026-04-14T09:18:58.628+0900] {dagbag.py:587} INFO - Filling up the DagBag from /opt/airflow/dags/06_multi_dag_step2_transform.py
[2026-04-14T09:18:58.848+0900] {processor.py:925} INFO - DAG(s) '06_multi_dag_step2_transform' retrieved from /opt/airflow/dags/06_multi_dag_step2_transform.py
[2026-04-14T09:18:58.869+0900] {logging_mixin.py:190} INFO - [2026-04-14T09:18:58.869+0900] {dag.py:3211} INFO - Sync 1 DAGs
[2026-04-14T09:18:58.885+0900] {logging_mixin.py:190} INFO - [2026-04-14T09:18:58.885+0900] {dag.py:4138} INFO - Setting next_dagrun for 06_multi_dag_step2_transform to None, run_after=None
[2026-04-14T09:18:58.909+0900] {processor.py:208} INFO - Processing /opt/airflow/dags/06_multi_dag_step2_transform.py took 0.288 seconds
[2026-04-14T09:19:28.974+0900] {processor.py:186} INFO - Started process (PID=37987) to work on /opt/airflow/dags/06_multi_dag_step2_transform.py
[2026-04-14T09:19:28.975+0900] {processor.py:914} INFO - Processing file /opt/airflow/dags/06_multi_dag_step2_transform.py for tasks to queue
[2026-04-14T09:19:28.977+0900] {logging_mixin.py:190} INFO - [2026-04-14T09:19:28.977+0900] {dagbag.py:587} INFO - Filling up the DagBag from /opt/airflow/dags/06_multi_dag_step2_transform.py
[2026-04-14T09:19:29.200+0900] {processor.py:925} INFO - DAG(s) '06_multi_dag_step2_transform' retrieved from /opt/airflow/dags/06_multi_dag_step2_transform.py
[2026-04-14T09:19:29.220+0900] {logging_mixin.py:190} INFO - [2026-04-14T09:19:29.220+0900] {dag.py:3211} INFO - Sync 1 DAGs
[2026-04-14T09:19:29.354+0900] {logging_mixin.py:190} INFO - [2026-04-14T09:19:29.353+0900] {dag.py:4138} INFO - Setting next_dagrun for 06_multi_dag_step2_transform to None, run_after=None
[2026-04-14T09:19:29.369+0900] {processor.py:208} INFO - Processing /opt/airflow/dags/06_multi_dag_step2_transform.py took 0.400 seconds
[2026-04-14T09:19:59.554+0900] {processor.py:186} INFO - Started process (PID=38005) to work on /opt/airflow/dags/06_multi_dag_step2_transform.py
[2026-04-14T09:19:59.555+0900] {processor.py:914} INFO - Processing file /opt/airflow/dags/06_multi_dag_step2_transform.py for tasks to queue
[2026-04-14T09:19:59.557+0900] {logging_mixin.py:190} INFO - [2026-04-14T09:19:59.557+0900] {dagbag.py:587} INFO - Filling up the DagBag from /opt/airflow/dags/06_multi_dag_step2_transform.py
[2026-04-14T09:19:59.779+0900] {processor.py:925} INFO - DAG(s) '06_multi_dag_step2_transform' retrieved from /opt/airflow/dags/06_multi_dag_step2_transform.py
[2026-04-14T09:19:59.798+0900] {logging_mixin.py:190} INFO - [2026-04-14T09:19:59.798+0900] {dag.py:3211} INFO - Sync 1 DAGs
[2026-04-14T09:19:59.929+0900] {logging_mixin.py:190} INFO - [2026-04-14T09:19:59.929+0900] {dag.py:4138} INFO - Setting next_dagrun for 06_multi_dag_step2_transform to None, run_after=None
[2026-04-14T09:19:59.952+0900] {processor.py:208} INFO - Processing /opt/airflow/dags/06_multi_dag_step2_transform.py took 0.402 seconds
[2026-04-14T09:20:30.098+0900] {processor.py:186} INFO - Started process (PID=38023) to work on /opt/airflow/dags/06_multi_dag_step2_transform.py
[2026-04-14T09:20:30.099+0900] {processor.py:914} INFO - Processing file /opt/airflow/dags/06_multi_dag_step2_transform.py for tasks to queue
[2026-04-14T09:20:30.101+0900] {logging_mixin.py:190} INFO - [2026-04-14T09:20:30.100+0900] {dagbag.py:587} INFO - Filling up the DagBag from /opt/airflow/dags/06_multi_dag_step2_transform.py
[2026-04-14T09:20:30.313+0900] {processor.py:925} INFO - DAG(s) '06_multi_dag_step2_transform' retrieved from /opt/airflow/dags/06_multi_dag_step2_transform.py
[2026-04-14T09:20:30.467+0900] {logging_mixin.py:190} INFO - [2026-04-14T09:20:30.467+0900] {dag.py:3211} INFO - Sync 1 DAGs
[2026-04-14T09:20:30.480+0900] {logging_mixin.py:190} INFO - [2026-04-14T09:20:30.480+0900] {dag.py:4138} INFO - Setting next_dagrun for 06_multi_dag_step2_transform to None, run_after=None
[2026-04-14T09:20:30.498+0900] {processor.py:208} INFO - Processing /opt/airflow/dags/06_multi_dag_step2_transform.py took 0.405 seconds
[2026-04-14T09:21:00.602+0900] {processor.py:186} INFO - Started process (PID=38041) to work on /opt/airflow/dags/06_multi_dag_step2_transform.py
[2026-04-14T09:21:00.603+0900] {processor.py:914} INFO - Processing file /opt/airflow/dags/06_multi_dag_step2_transform.py for tasks to queue
[2026-04-14T09:21:00.605+0900] {logging_mixin.py:190} INFO - [2026-04-14T09:21:00.604+0900] {dagbag.py:587} INFO - Filling up the DagBag from /opt/airflow/dags/06_multi_dag_step2_transform.py
[2026-04-14T09:21:00.838+0900] {processor.py:925} INFO - DAG(s) '06_multi_dag_step2_transform' retrieved from /opt/airflow/dags/06_multi_dag_step2_transform.py
[2026-04-14T09:21:00.860+0900] {logging_mixin.py:190} INFO - [2026-04-14T09:21:00.860+0900] {dag.py:3211} INFO - Sync 1 DAGs
[2026-04-14T09:21:00.877+0900] {logging_mixin.py:190} INFO - [2026-04-14T09:21:00.877+0900] {dag.py:4138} INFO - Setting next_dagrun for 06_multi_dag_step2_transform to None, run_after=None
[2026-04-14T09:21:00.898+0900] {processor.py:208} INFO - Processing /opt/airflow/dags/06_multi_dag_step2_transform.py took 0.301 seconds
[2026-04-14T09:21:30.974+0900] {processor.py:186} INFO - Started process (PID=38058) to work on /opt/airflow/dags/06_multi_dag_step2_transform.py
[2026-04-14T09:21:30.975+0900] {processor.py:914} INFO - Processing file /opt/airflow/dags/06_multi_dag_step2_transform.py for tasks to queue
[2026-04-14T09:21:30.978+0900] {logging_mixin.py:190} INFO - [2026-04-14T09:21:30.978+0900] {dagbag.py:587} INFO - Filling up the DagBag from /opt/airflow/dags/06_multi_dag_step2_transform.py
[2026-04-14T09:21:31.222+0900] {processor.py:925} INFO - DAG(s) '06_multi_dag_step2_transform' retrieved from /opt/airflow/dags/06_multi_dag_step2_transform.py
[2026-04-14T09:21:31.241+0900] {logging_mixin.py:190} INFO - [2026-04-14T09:21:31.240+0900] {dag.py:3211} INFO - Sync 1 DAGs
[2026-04-14T09:21:31.383+0900] {logging_mixin.py:190} INFO - [2026-04-14T09:21:31.382+0900] {dag.py:4138} INFO - Setting next_dagrun for 06_multi_dag_step2_transform to None, run_after=None
[2026-04-14T09:21:31.401+0900] {processor.py:208} INFO - Processing /opt/airflow/dags/06_multi_dag_step2_transform.py took 0.432 seconds
[2026-04-14T09:22:01.611+0900] {processor.py:186} INFO - Started process (PID=38076) to work on /opt/airflow/dags/06_multi_dag_step2_transform.py
[2026-04-14T09:22:01.612+0900] {processor.py:914} INFO - Processing file /opt/airflow/dags/06_multi_dag_step2_transform.py for tasks to queue
[2026-04-14T09:22:01.614+0900] {logging_mixin.py:190} INFO - [2026-04-14T09:22:01.614+0900] {dagbag.py:587} INFO - Filling up the DagBag from /opt/airflow/dags/06_multi_dag_step2_transform.py
[2026-04-14T09:22:01.834+0900] {processor.py:925} INFO - DAG(s) '06_multi_dag_step2_transform' retrieved from /opt/airflow/dags/06_multi_dag_step2_transform.py
[2026-04-14T09:22:01.852+0900] {logging_mixin.py:190} INFO - [2026-04-14T09:22:01.852+0900] {dag.py:3211} INFO - Sync 1 DAGs
[2026-04-14T09:22:01.984+0900] {logging_mixin.py:190} INFO - [2026-04-14T09:22:01.984+0900] {dag.py:4138} INFO - Setting next_dagrun for 06_multi_dag_step2_transform to None, run_after=None
[2026-04-14T09:22:02.005+0900] {processor.py:208} INFO - Processing /opt/airflow/dags/06_multi_dag_step2_transform.py took 0.399 seconds
[2026-04-14T09:22:32.168+0900] {processor.py:186} INFO - Started process (PID=38094) to work on /opt/airflow/dags/06_multi_dag_step2_transform.py
[2026-04-14T09:22:32.170+0900] {processor.py:914} INFO - Processing file /opt/airflow/dags/06_multi_dag_step2_transform.py for tasks to queue
[2026-04-14T09:22:32.174+0900] {logging_mixin.py:190} INFO - [2026-04-14T09:22:32.174+0900] {dagbag.py:587} INFO - Filling up the DagBag from /opt/airflow/dags/06_multi_dag_step2_transform.py
[2026-04-14T09:22:32.428+0900] {processor.py:925} INFO - DAG(s) '06_multi_dag_step2_transform' retrieved from /opt/airflow/dags/06_multi_dag_step2_transform.py
[2026-04-14T09:22:32.585+0900] {logging_mixin.py:190} INFO - [2026-04-14T09:22:32.585+0900] {dag.py:3211} INFO - Sync 1 DAGs
[2026-04-14T09:22:32.599+0900] {logging_mixin.py:190} INFO - [2026-04-14T09:22:32.599+0900] {dag.py:4138} INFO - Setting next_dagrun for 06_multi_dag_step2_transform to None, run_after=None
[2026-04-14T09:22:32.619+0900] {processor.py:208} INFO - Processing /opt/airflow/dags/06_multi_dag_step2_transform.py took 0.461 seconds
[2026-04-14T09:23:03.039+0900] {processor.py:186} INFO - Started process (PID=38112) to work on /opt/airflow/dags/06_multi_dag_step2_transform.py
[2026-04-14T09:23:03.040+0900] {processor.py:914} INFO - Processing file /opt/airflow/dags/06_multi_dag_step2_transform.py for tasks to queue
[2026-04-14T09:23:03.042+0900] {logging_mixin.py:190} INFO - [2026-04-14T09:23:03.042+0900] {dagbag.py:587} INFO - Filling up the DagBag from /opt/airflow/dags/06_multi_dag_step2_transform.py
[2026-04-14T09:23:03.263+0900] {processor.py:925} INFO - DAG(s) '06_multi_dag_step2_transform' retrieved from /opt/airflow/dags/06_multi_dag_step2_transform.py
[2026-04-14T09:23:03.281+0900] {logging_mixin.py:190} INFO - [2026-04-14T09:23:03.281+0900] {dag.py:3211} INFO - Sync 1 DAGs
[2026-04-14T09:23:03.297+0900] {logging_mixin.py:190} INFO - [2026-04-14T09:23:03.297+0900] {dag.py:4138} INFO - Setting next_dagrun for 06_multi_dag_step2_transform to None, run_after=None
[2026-04-14T09:23:03.444+0900] {processor.py:208} INFO - Processing /opt/airflow/dags/06_multi_dag_step2_transform.py took 0.410 seconds
[2026-04-14T09:23:34.394+0900] {processor.py:186} INFO - Started process (PID=38130) to work on /opt/airflow/dags/06_multi_dag_step2_transform.py
[2026-04-14T09:23:34.395+0900] {processor.py:914} INFO - Processing file /opt/airflow/dags/06_multi_dag_step2_transform.py for tasks to queue
[2026-04-14T09:23:34.397+0900] {logging_mixin.py:190} INFO - [2026-04-14T09:23:34.397+0900] {dagbag.py:587} INFO - Filling up the DagBag from /opt/airflow/dags/06_multi_dag_step2_transform.py
[2026-04-14T09:23:34.621+0900] {processor.py:925} INFO - DAG(s) '06_multi_dag_step2_transform' retrieved from /opt/airflow/dags/06_multi_dag_step2_transform.py
[2026-04-14T09:23:34.641+0900] {logging_mixin.py:190} INFO - [2026-04-14T09:23:34.641+0900] {dag.py:3211} INFO - Sync 1 DAGs
[2026-04-14T09:23:34.782+0900] {logging_mixin.py:190} INFO - [2026-04-14T09:23:34.782+0900] {dag.py:4138} INFO - Setting next_dagrun for 06_multi_dag_step2_transform to None, run_after=None
[2026-04-14T09:23:34.798+0900] {processor.py:208} INFO - Processing /opt/airflow/dags/06_multi_dag_step2_transform.py took 0.409 seconds
[2026-04-14T09:24:04.944+0900] {processor.py:186} INFO - Started process (PID=38148) to work on /opt/airflow/dags/06_multi_dag_step2_transform.py
[2026-04-14T09:24:04.945+0900] {processor.py:914} INFO - Processing file /opt/airflow/dags/06_multi_dag_step2_transform.py for tasks to queue
[2026-04-14T09:24:04.947+0900] {logging_mixin.py:190} INFO - [2026-04-14T09:24:04.946+0900] {dagbag.py:587} INFO - Filling up the DagBag from /opt/airflow/dags/06_multi_dag_step2_transform.py
[2026-04-14T09:24:05.184+0900] {processor.py:925} INFO - DAG(s) '06_multi_dag_step2_transform' retrieved from /opt/airflow/dags/06_multi_dag_step2_transform.py
[2026-04-14T09:24:05.207+0900] {logging_mixin.py:190} INFO - [2026-04-14T09:24:05.206+0900] {dag.py:3211} INFO - Sync 1 DAGs
[2026-04-14T09:24:05.349+0900] {logging_mixin.py:190} INFO - [2026-04-14T09:24:05.349+0900] {dag.py:4138} INFO - Setting next_dagrun for 06_multi_dag_step2_transform to None, run_after=None
[2026-04-14T09:24:05.371+0900] {processor.py:208} INFO - Processing /opt/airflow/dags/06_multi_dag_step2_transform.py took 0.432 seconds
[2026-04-14T09:24:35.649+0900] {processor.py:186} INFO - Started process (PID=38166) to work on /opt/airflow/dags/06_multi_dag_step2_transform.py
[2026-04-14T09:24:35.650+0900] {processor.py:914} INFO - Processing file /opt/airflow/dags/06_multi_dag_step2_transform.py for tasks to queue
[2026-04-14T09:24:35.653+0900] {logging_mixin.py:190} INFO - [2026-04-14T09:24:35.653+0900] {dagbag.py:587} INFO - Filling up the DagBag from /opt/airflow/dags/06_multi_dag_step2_transform.py
[2026-04-14T09:24:36.033+0900] {processor.py:925} INFO - DAG(s) '06_multi_dag_step2_transform' retrieved from /opt/airflow/dags/06_multi_dag_step2_transform.py
[2026-04-14T09:24:36.048+0900] {logging_mixin.py:190} INFO - [2026-04-14T09:24:36.048+0900] {dag.py:3211} INFO - Sync 1 DAGs
[2026-04-14T09:24:36.062+0900] {logging_mixin.py:190} INFO - [2026-04-14T09:24:36.062+0900] {dag.py:4138} INFO - Setting next_dagrun for 06_multi_dag_step2_transform to None, run_after=None
[2026-04-14T09:24:36.079+0900] {processor.py:208} INFO - Processing /opt/airflow/dags/06_multi_dag_step2_transform.py took 0.435 seconds
[2026-04-14T09:25:06.176+0900] {processor.py:186} INFO - Started process (PID=38184) to work on /opt/airflow/dags/06_multi_dag_step2_transform.py
[2026-04-14T09:25:06.176+0900] {processor.py:914} INFO - Processing file /opt/airflow/dags/06_multi_dag_step2_transform.py for tasks to queue
[2026-04-14T09:25:06.179+0900] {logging_mixin.py:190} INFO - [2026-04-14T09:25:06.178+0900] {dagbag.py:587} INFO - Filling up the DagBag from /opt/airflow/dags/06_multi_dag_step2_transform.py
[2026-04-14T09:25:06.409+0900] {processor.py:925} INFO - DAG(s) '06_multi_dag_step2_transform' retrieved from /opt/airflow/dags/06_multi_dag_step2_transform.py
[2026-04-14T09:25:06.431+0900] {logging_mixin.py:190} INFO - [2026-04-14T09:25:06.430+0900] {dag.py:3211} INFO - Sync 1 DAGs
[2026-04-14T09:25:06.448+0900] {logging_mixin.py:190} INFO - [2026-04-14T09:25:06.448+0900] {dag.py:4138} INFO - Setting next_dagrun for 06_multi_dag_step2_transform to None, run_after=None
[2026-04-14T09:25:06.604+0900] {processor.py:208} INFO - Processing /opt/airflow/dags/06_multi_dag_step2_transform.py took 0.433 seconds
[2026-04-14T09:25:37.558+0900] {processor.py:186} INFO - Started process (PID=38202) to work on /opt/airflow/dags/06_multi_dag_step2_transform.py
[2026-04-14T09:25:37.558+0900] {processor.py:914} INFO - Processing file /opt/airflow/dags/06_multi_dag_step2_transform.py for tasks to queue
[2026-04-14T09:25:37.560+0900] {logging_mixin.py:190} INFO - [2026-04-14T09:25:37.560+0900] {dagbag.py:587} INFO - Filling up the DagBag from /opt/airflow/dags/06_multi_dag_step2_transform.py
[2026-04-14T09:25:37.792+0900] {processor.py:925} INFO - DAG(s) '06_multi_dag_step2_transform' retrieved from /opt/airflow/dags/06_multi_dag_step2_transform.py
[2026-04-14T09:25:37.812+0900] {logging_mixin.py:190} INFO - [2026-04-14T09:25:37.812+0900] {dag.py:3211} INFO - Sync 1 DAGs
[2026-04-14T09:25:37.964+0900] {logging_mixin.py:190} INFO - [2026-04-14T09:25:37.964+0900] {dag.py:4138} INFO - Setting next_dagrun for 06_multi_dag_step2_transform to None, run_after=None
[2026-04-14T09:25:37.981+0900] {processor.py:208} INFO - Processing /opt/airflow/dags/06_multi_dag_step2_transform.py took 0.428 seconds
[2026-04-14T09:26:08.028+0900] {processor.py:186} INFO - Started process (PID=38220) to work on /opt/airflow/dags/06_multi_dag_step2_transform.py
[2026-04-14T09:26:08.029+0900] {processor.py:914} INFO - Processing file /opt/airflow/dags/06_multi_dag_step2_transform.py for tasks to queue
[2026-04-14T09:26:08.031+0900] {logging_mixin.py:190} INFO - [2026-04-14T09:26:08.030+0900] {dagbag.py:587} INFO - Filling up the DagBag from /opt/airflow/dags/06_multi_dag_step2_transform.py
[2026-04-14T09:26:08.261+0900] {processor.py:925} INFO - DAG(s) '06_multi_dag_step2_transform' retrieved from /opt/airflow/dags/06_multi_dag_step2_transform.py
[2026-04-14T09:26:08.280+0900] {logging_mixin.py:190} INFO - [2026-04-14T09:26:08.280+0900] {dag.py:3211} INFO - Sync 1 DAGs
[2026-04-14T09:26:08.416+0900] {logging_mixin.py:190} INFO - [2026-04-14T09:26:08.415+0900] {dag.py:4138} INFO - Setting next_dagrun for 06_multi_dag_step2_transform to None, run_after=None
[2026-04-14T09:26:08.430+0900] {processor.py:208} INFO - Processing /opt/airflow/dags/06_multi_dag_step2_transform.py took 0.407 seconds
[2026-04-14T09:26:38.699+0900] {processor.py:186} INFO - Started process (PID=38238) to work on /opt/airflow/dags/06_multi_dag_step2_transform.py
[2026-04-14T09:26:38.700+0900] {processor.py:914} INFO - Processing file /opt/airflow/dags/06_multi_dag_step2_transform.py for tasks to queue
[2026-04-14T09:26:38.702+0900] {logging_mixin.py:190} INFO - [2026-04-14T09:26:38.702+0900] {dagbag.py:587} INFO - Filling up the DagBag from /opt/airflow/dags/06_multi_dag_step2_transform.py
[2026-04-14T09:26:39.058+0900] {processor.py:925} INFO - DAG(s) '06_multi_dag_step2_transform' retrieved from /opt/airflow/dags/06_multi_dag_step2_transform.py
[2026-04-14T09:26:39.074+0900] {logging_mixin.py:190} INFO - [2026-04-14T09:26:39.074+0900] {dag.py:3211} INFO - Sync 1 DAGs
[2026-04-14T09:26:39.087+0900] {logging_mixin.py:190} INFO - [2026-04-14T09:26:39.086+0900] {dag.py:4138} INFO - Setting next_dagrun for 06_multi_dag_step2_transform to None, run_after=None
[2026-04-14T09:26:39.103+0900] {processor.py:208} INFO - Processing /opt/airflow/dags/06_multi_dag_step2_transform.py took 0.409 seconds
[2026-04-14T09:27:09.183+0900] {processor.py:186} INFO - Started process (PID=38256) to work on /opt/airflow/dags/06_multi_dag_step2_transform.py
[2026-04-14T09:27:09.184+0900] {processor.py:914} INFO - Processing file /opt/airflow/dags/06_multi_dag_step2_transform.py for tasks to queue
[2026-04-14T09:27:09.186+0900] {logging_mixin.py:190} INFO - [2026-04-14T09:27:09.185+0900] {dagbag.py:587} INFO - Filling up the DagBag from /opt/airflow/dags/06_multi_dag_step2_transform.py
[2026-04-14T09:27:09.410+0900] {processor.py:925} INFO - DAG(s) '06_multi_dag_step2_transform' retrieved from /opt/airflow/dags/06_multi_dag_step2_transform.py
[2026-04-14T09:27:09.430+0900] {logging_mixin.py:190} INFO - [2026-04-14T09:27:09.430+0900] {dag.py:3211} INFO - Sync 1 DAGs
[2026-04-14T09:27:09.445+0900] {logging_mixin.py:190} INFO - [2026-04-14T09:27:09.445+0900] {dag.py:4138} INFO - Setting next_dagrun for 06_multi_dag_step2_transform to None, run_after=None
[2026-04-14T09:27:09.583+0900] {processor.py:208} INFO - Processing /opt/airflow/dags/06_multi_dag_step2_transform.py took 0.405 seconds
[2026-04-14T09:27:39.903+0900] {processor.py:186} INFO - Started process (PID=38274) to work on /opt/airflow/dags/06_multi_dag_step2_transform.py
[2026-04-14T09:27:39.904+0900] {processor.py:914} INFO - Processing file /opt/airflow/dags/06_multi_dag_step2_transform.py for tasks to queue
[2026-04-14T09:27:39.906+0900] {logging_mixin.py:190} INFO - [2026-04-14T09:27:39.906+0900] {dagbag.py:587} INFO - Filling up the DagBag from /opt/airflow/dags/06_multi_dag_step2_transform.py
[2026-04-14T09:27:40.128+0900] {processor.py:925} INFO - DAG(s) '06_multi_dag_step2_transform' retrieved from /opt/airflow/dags/06_multi_dag_step2_transform.py
[2026-04-14T09:27:40.147+0900] {logging_mixin.py:190} INFO - [2026-04-14T09:27:40.147+0900] {dag.py:3211} INFO - Sync 1 DAGs
[2026-04-14T09:27:40.298+0900] {logging_mixin.py:190} INFO - [2026-04-14T09:27:40.298+0900] {dag.py:4138} INFO - Setting next_dagrun for 06_multi_dag_step2_transform to None, run_after=None
[2026-04-14T09:27:40.315+0900] {processor.py:208} INFO - Processing /opt/airflow/dags/06_multi_dag_step2_transform.py took 0.416 seconds
[2026-04-14T09:28:10.455+0900] {processor.py:186} INFO - Started process (PID=38292) to work on /opt/airflow/dags/06_multi_dag_step2_transform.py
[2026-04-14T09:28:10.456+0900] {processor.py:914} INFO - Processing file /opt/airflow/dags/06_multi_dag_step2_transform.py for tasks to queue
[2026-04-14T09:28:10.458+0900] {logging_mixin.py:190} INFO - [2026-04-14T09:28:10.458+0900] {dagbag.py:587} INFO - Filling up the DagBag from /opt/airflow/dags/06_multi_dag_step2_transform.py
[2026-04-14T09:28:10.673+0900] {processor.py:925} INFO - DAG(s) '06_multi_dag_step2_transform' retrieved from /opt/airflow/dags/06_multi_dag_step2_transform.py
[2026-04-14T09:28:10.822+0900] {logging_mixin.py:190} INFO - [2026-04-14T09:28:10.821+0900] {dag.py:3211} INFO - Sync 1 DAGs
[2026-04-14T09:28:10.834+0900] {logging_mixin.py:190} INFO - [2026-04-14T09:28:10.834+0900] {dag.py:4138} INFO - Setting next_dagrun for 06_multi_dag_step2_transform to None, run_after=None
[2026-04-14T09:28:10.849+0900] {processor.py:208} INFO - Processing /opt/airflow/dags/06_multi_dag_step2_transform.py took 0.399 seconds
[2026-04-14T09:28:40.902+0900] {processor.py:186} INFO - Started process (PID=38310) to work on /opt/airflow/dags/06_multi_dag_step2_transform.py
[2026-04-14T09:28:40.903+0900] {processor.py:914} INFO - Processing file /opt/airflow/dags/06_multi_dag_step2_transform.py for tasks to queue
[2026-04-14T09:28:40.905+0900] {logging_mixin.py:190} INFO - [2026-04-14T09:28:40.905+0900] {dagbag.py:587} INFO - Filling up the DagBag from /opt/airflow/dags/06_multi_dag_step2_transform.py
[2026-04-14T09:28:41.252+0900] {processor.py:925} INFO - DAG(s) '06_multi_dag_step2_transform' retrieved from /opt/airflow/dags/06_multi_dag_step2_transform.py
[2026-04-14T09:28:41.268+0900] {logging_mixin.py:190} INFO - [2026-04-14T09:28:41.268+0900] {dag.py:3211} INFO - Sync 1 DAGs
[2026-04-14T09:28:41.282+0900] {logging_mixin.py:190} INFO - [2026-04-14T09:28:41.281+0900] {dag.py:4138} INFO - Setting next_dagrun for 06_multi_dag_step2_transform to None, run_after=None
[2026-04-14T09:28:41.304+0900] {processor.py:208} INFO - Processing /opt/airflow/dags/06_multi_dag_step2_transform.py took 0.407 seconds
[2026-04-14T09:29:11.502+0900] {processor.py:186} INFO - Started process (PID=38328) to work on /opt/airflow/dags/06_multi_dag_step2_transform.py
[2026-04-14T09:29:11.503+0900] {processor.py:914} INFO - Processing file /opt/airflow/dags/06_multi_dag_step2_transform.py for tasks to queue
[2026-04-14T09:29:11.505+0900] {logging_mixin.py:190} INFO - [2026-04-14T09:29:11.504+0900] {dagbag.py:587} INFO - Filling up the DagBag from /opt/airflow/dags/06_multi_dag_step2_transform.py
[2026-04-14T09:29:11.737+0900] {processor.py:925} INFO - DAG(s) '06_multi_dag_step2_transform' retrieved from /opt/airflow/dags/06_multi_dag_step2_transform.py
[2026-04-14T09:29:11.757+0900] {logging_mixin.py:190} INFO - [2026-04-14T09:29:11.757+0900] {dag.py:3211} INFO - Sync 1 DAGs
[2026-04-14T09:29:11.773+0900] {logging_mixin.py:190} INFO - [2026-04-14T09:29:11.773+0900] {dag.py:4138} INFO - Setting next_dagrun for 06_multi_dag_step2_transform to None, run_after=None
[2026-04-14T09:29:11.912+0900] {processor.py:208} INFO - Processing /opt/airflow/dags/06_multi_dag_step2_transform.py took 0.415 seconds
[2026-04-14T09:29:42.137+0900] {processor.py:186} INFO - Started process (PID=38346) to work on /opt/airflow/dags/06_multi_dag_step2_transform.py
[2026-04-14T09:29:42.138+0900] {processor.py:914} INFO - Processing file /opt/airflow/dags/06_multi_dag_step2_transform.py for tasks to queue
[2026-04-14T09:29:42.140+0900] {logging_mixin.py:190} INFO - [2026-04-14T09:29:42.140+0900] {dagbag.py:587} INFO - Filling up the DagBag from /opt/airflow/dags/06_multi_dag_step2_transform.py
[2026-04-14T09:29:42.360+0900] {processor.py:925} INFO - DAG(s) '06_multi_dag_step2_transform' retrieved from /opt/airflow/dags/06_multi_dag_step2_transform.py
[2026-04-14T09:29:42.380+0900] {logging_mixin.py:190} INFO - [2026-04-14T09:29:42.380+0900] {dag.py:3211} INFO - Sync 1 DAGs
[2026-04-14T09:29:42.523+0900] {logging_mixin.py:190} INFO - [2026-04-14T09:29:42.523+0900] {dag.py:4138} INFO - Setting next_dagrun for 06_multi_dag_step2_transform to None, run_after=None
[2026-04-14T09:29:42.541+0900] {processor.py:208} INFO - Processing /opt/airflow/dags/06_multi_dag_step2_transform.py took 0.409 seconds
[2026-04-14T09:30:12.803+0900] {processor.py:186} INFO - Started process (PID=38364) to work on /opt/airflow/dags/06_multi_dag_step2_transform.py
[2026-04-14T09:30:12.804+0900] {processor.py:914} INFO - Processing file /opt/airflow/dags/06_multi_dag_step2_transform.py for tasks to queue
[2026-04-14T09:30:12.806+0900] {logging_mixin.py:190} INFO - [2026-04-14T09:30:12.806+0900] {dagbag.py:587} INFO - Filling up the DagBag from /opt/airflow/dags/06_multi_dag_step2_transform.py
[2026-04-14T09:30:13.037+0900] {processor.py:925} INFO - DAG(s) '06_multi_dag_step2_transform' retrieved from /opt/airflow/dags/06_multi_dag_step2_transform.py
[2026-04-14T09:30:13.189+0900] {logging_mixin.py:190} INFO - [2026-04-14T09:30:13.189+0900] {dag.py:3211} INFO - Sync 1 DAGs
[2026-04-14T09:30:13.203+0900] {logging_mixin.py:190} INFO - [2026-04-14T09:30:13.203+0900] {dag.py:4138} INFO - Setting next_dagrun for 06_multi_dag_step2_transform to None, run_after=None
[2026-04-14T09:30:13.221+0900] {processor.py:208} INFO - Processing /opt/airflow/dags/06_multi_dag_step2_transform.py took 0.423 seconds
[2026-04-14T09:30:43.531+0900] {processor.py:186} INFO - Started process (PID=38382) to work on /opt/airflow/dags/06_multi_dag_step2_transform.py
[2026-04-14T09:30:43.532+0900] {processor.py:914} INFO - Processing file /opt/airflow/dags/06_multi_dag_step2_transform.py for tasks to queue
[2026-04-14T09:30:43.534+0900] {logging_mixin.py:190} INFO - [2026-04-14T09:30:43.533+0900] {dagbag.py:587} INFO - Filling up the DagBag from /opt/airflow/dags/06_multi_dag_step2_transform.py
[2026-04-14T09:30:43.886+0900] {processor.py:925} INFO - DAG(s) '06_multi_dag_step2_transform' retrieved from /opt/airflow/dags/06_multi_dag_step2_transform.py
[2026-04-14T09:30:43.903+0900] {logging_mixin.py:190} INFO - [2026-04-14T09:30:43.903+0900] {dag.py:3211} INFO - Sync 1 DAGs
[2026-04-14T09:30:43.918+0900] {logging_mixin.py:190} INFO - [2026-04-14T09:30:43.917+0900] {dag.py:4138} INFO - Setting next_dagrun for 06_multi_dag_step2_transform to None, run_after=None
[2026-04-14T09:30:43.937+0900] {processor.py:208} INFO - Processing /opt/airflow/dags/06_multi_dag_step2_transform.py took 0.411 seconds
[2026-04-14T09:31:14.283+0900] {processor.py:186} INFO - Started process (PID=38400) to work on /opt/airflow/dags/06_multi_dag_step2_transform.py
[2026-04-14T09:31:14.284+0900] {processor.py:914} INFO - Processing file /opt/airflow/dags/06_multi_dag_step2_transform.py for tasks to queue
[2026-04-14T09:31:14.287+0900] {logging_mixin.py:190} INFO - [2026-04-14T09:31:14.286+0900] {dagbag.py:587} INFO - Filling up the DagBag from /opt/airflow/dags/06_multi_dag_step2_transform.py
[2026-04-14T09:31:14.666+0900] {processor.py:925} INFO - DAG(s) '06_multi_dag_step2_transform' retrieved from /opt/airflow/dags/06_multi_dag_step2_transform.py
[2026-04-14T09:31:14.680+0900] {logging_mixin.py:190} INFO - [2026-04-14T09:31:14.680+0900] {dag.py:3211} INFO - Sync 1 DAGs
[2026-04-14T09:31:14.694+0900] {logging_mixin.py:190} INFO - [2026-04-14T09:31:14.693+0900] {dag.py:4138} INFO - Setting next_dagrun for 06_multi_dag_step2_transform to None, run_after=None
[2026-04-14T09:31:14.712+0900] {processor.py:208} INFO - Processing /opt/airflow/dags/06_multi_dag_step2_transform.py took 0.434 seconds
[2026-04-14T09:31:44.944+0900] {processor.py:186} INFO - Started process (PID=38424) to work on /opt/airflow/dags/06_multi_dag_step2_transform.py
[2026-04-14T09:31:44.944+0900] {processor.py:914} INFO - Processing file /opt/airflow/dags/06_multi_dag_step2_transform.py for tasks to queue
[2026-04-14T09:31:44.947+0900] {logging_mixin.py:190} INFO - [2026-04-14T09:31:44.946+0900] {dagbag.py:587} INFO - Filling up the DagBag from /opt/airflow/dags/06_multi_dag_step2_transform.py
[2026-04-14T09:31:45.176+0900] {processor.py:925} INFO - DAG(s) '06_multi_dag_step2_transform' retrieved from /opt/airflow/dags/06_multi_dag_step2_transform.py
[2026-04-14T09:31:45.198+0900] {logging_mixin.py:190} INFO - [2026-04-14T09:31:45.198+0900] {dag.py:3211} INFO - Sync 1 DAGs
[2026-04-14T09:31:45.339+0900] {logging_mixin.py:190} INFO - [2026-04-14T09:31:45.339+0900] {dag.py:4138} INFO - Setting next_dagrun for 06_multi_dag_step2_transform to None, run_after=None
[2026-04-14T09:31:45.356+0900] {processor.py:208} INFO - Processing /opt/airflow/dags/06_multi_dag_step2_transform.py took 0.418 seconds
[2026-04-14T09:32:15.771+0900] {processor.py:186} INFO - Started process (PID=38442) to work on /opt/airflow/dags/06_multi_dag_step2_transform.py
[2026-04-14T09:32:15.773+0900] {processor.py:914} INFO - Processing file /opt/airflow/dags/06_multi_dag_step2_transform.py for tasks to queue
[2026-04-14T09:32:15.775+0900] {logging_mixin.py:190} INFO - [2026-04-14T09:32:15.775+0900] {dagbag.py:587} INFO - Filling up the DagBag from /opt/airflow/dags/06_multi_dag_step2_transform.py
[2026-04-14T09:32:15.999+0900] {processor.py:925} INFO - DAG(s) '06_multi_dag_step2_transform' retrieved from /opt/airflow/dags/06_multi_dag_step2_transform.py
[2026-04-14T09:32:16.135+0900] {logging_mixin.py:190} INFO - [2026-04-14T09:32:16.135+0900] {dag.py:3211} INFO - Sync 1 DAGs
[2026-04-14T09:32:16.148+0900] {logging_mixin.py:190} INFO - [2026-04-14T09:32:16.148+0900] {dag.py:4138} INFO - Setting next_dagrun for 06_multi_dag_step2_transform to None, run_after=None
[2026-04-14T09:32:16.168+0900] {processor.py:208} INFO - Processing /opt/airflow/dags/06_multi_dag_step2_transform.py took 0.402 seconds
[2026-04-14T09:32:46.556+0900] {processor.py:186} INFO - Started process (PID=38460) to work on /opt/airflow/dags/06_multi_dag_step2_transform.py
[2026-04-14T09:32:46.557+0900] {processor.py:914} INFO - Processing file /opt/airflow/dags/06_multi_dag_step2_transform.py for tasks to queue
[2026-04-14T09:32:46.560+0900] {logging_mixin.py:190} INFO - [2026-04-14T09:32:46.560+0900] {dagbag.py:587} INFO - Filling up the DagBag from /opt/airflow/dags/06_multi_dag_step2_transform.py
[2026-04-14T09:32:46.994+0900] {processor.py:925} INFO - DAG(s) '06_multi_dag_step2_transform' retrieved from /opt/airflow/dags/06_multi_dag_step2_transform.py
[2026-04-14T09:32:47.013+0900] {logging_mixin.py:190} INFO - [2026-04-14T09:32:47.012+0900] {dag.py:3211} INFO - Sync 1 DAGs
[2026-04-14T09:32:47.027+0900] {logging_mixin.py:190} INFO - [2026-04-14T09:32:47.027+0900] {dag.py:4138} INFO - Setting next_dagrun for 06_multi_dag_step2_transform to None, run_after=None
[2026-04-14T09:32:47.050+0900] {processor.py:208} INFO - Processing /opt/airflow/dags/06_multi_dag_step2_transform.py took 0.499 seconds
[2026-04-14T09:33:17.219+0900] {processor.py:186} INFO - Started process (PID=38478) to work on /opt/airflow/dags/06_multi_dag_step2_transform.py
[2026-04-14T09:33:17.220+0900] {processor.py:914} INFO - Processing file /opt/airflow/dags/06_multi_dag_step2_transform.py for tasks to queue
[2026-04-14T09:33:17.222+0900] {logging_mixin.py:190} INFO - [2026-04-14T09:33:17.221+0900] {dagbag.py:587} INFO - Filling up the DagBag from /opt/airflow/dags/06_multi_dag_step2_transform.py
[2026-04-14T09:33:17.592+0900] {processor.py:925} INFO - DAG(s) '06_multi_dag_step2_transform' retrieved from /opt/airflow/dags/06_multi_dag_step2_transform.py
[2026-04-14T09:33:17.607+0900] {logging_mixin.py:190} INFO - [2026-04-14T09:33:17.607+0900] {dag.py:3211} INFO - Sync 1 DAGs
[2026-04-14T09:33:17.621+0900] {logging_mixin.py:190} INFO - [2026-04-14T09:33:17.621+0900] {dag.py:4138} INFO - Setting next_dagrun for 06_multi_dag_step2_transform to None, run_after=None
[2026-04-14T09:33:17.639+0900] {processor.py:208} INFO - Processing /opt/airflow/dags/06_multi_dag_step2_transform.py took 0.425 seconds
[2026-04-14T09:33:47.911+0900] {processor.py:186} INFO - Started process (PID=38496) to work on /opt/airflow/dags/06_multi_dag_step2_transform.py
[2026-04-14T09:33:47.912+0900] {processor.py:914} INFO - Processing file /opt/airflow/dags/06_multi_dag_step2_transform.py for tasks to queue
[2026-04-14T09:33:47.914+0900] {logging_mixin.py:190} INFO - [2026-04-14T09:33:47.914+0900] {dagbag.py:587} INFO - Filling up the DagBag from /opt/airflow/dags/06_multi_dag_step2_transform.py
[2026-04-14T09:33:48.263+0900] {processor.py:925} INFO - DAG(s) '06_multi_dag_step2_transform' retrieved from /opt/airflow/dags/06_multi_dag_step2_transform.py
[2026-04-14T09:33:48.281+0900] {logging_mixin.py:190} INFO - [2026-04-14T09:33:48.281+0900] {dag.py:3211} INFO - Sync 1 DAGs
[2026-04-14T09:33:48.297+0900] {logging_mixin.py:190} INFO - [2026-04-14T09:33:48.297+0900] {dag.py:4138} INFO - Setting next_dagrun for 06_multi_dag_step2_transform to None, run_after=None
[2026-04-14T09:33:48.319+0900] {processor.py:208} INFO - Processing /opt/airflow/dags/06_multi_dag_step2_transform.py took 0.413 seconds
[2026-04-14T09:34:18.838+0900] {processor.py:186} INFO - Started process (PID=38515) to work on /opt/airflow/dags/06_multi_dag_step2_transform.py
[2026-04-14T09:34:18.839+0900] {processor.py:914} INFO - Processing file /opt/airflow/dags/06_multi_dag_step2_transform.py for tasks to queue
[2026-04-14T09:34:18.841+0900] {logging_mixin.py:190} INFO - [2026-04-14T09:34:18.841+0900] {dagbag.py:587} INFO - Filling up the DagBag from /opt/airflow/dags/06_multi_dag_step2_transform.py
[2026-04-14T09:34:19.071+0900] {processor.py:925} INFO - DAG(s) '06_multi_dag_step2_transform' retrieved from /opt/airflow/dags/06_multi_dag_step2_transform.py
[2026-04-14T09:34:19.228+0900] {logging_mixin.py:190} INFO - [2026-04-14T09:34:19.227+0900] {dag.py:3211} INFO - Sync 1 DAGs
[2026-04-14T09:34:19.242+0900] {logging_mixin.py:190} INFO - [2026-04-14T09:34:19.242+0900] {dag.py:4138} INFO - Setting next_dagrun for 06_multi_dag_step2_transform to None, run_after=None
[2026-04-14T09:34:19.261+0900] {processor.py:208} INFO - Processing /opt/airflow/dags/06_multi_dag_step2_transform.py took 0.428 seconds
[2026-04-14T09:34:49.523+0900] {processor.py:186} INFO - Started process (PID=38533) to work on /opt/airflow/dags/06_multi_dag_step2_transform.py
[2026-04-14T09:34:49.524+0900] {processor.py:914} INFO - Processing file /opt/airflow/dags/06_multi_dag_step2_transform.py for tasks to queue
[2026-04-14T09:34:49.527+0900] {logging_mixin.py:190} INFO - [2026-04-14T09:34:49.526+0900] {dagbag.py:587} INFO - Filling up the DagBag from /opt/airflow/dags/06_multi_dag_step2_transform.py
[2026-04-14T09:34:49.878+0900] {processor.py:925} INFO - DAG(s) '06_multi_dag_step2_transform' retrieved from /opt/airflow/dags/06_multi_dag_step2_transform.py
[2026-04-14T09:34:49.894+0900] {logging_mixin.py:190} INFO - [2026-04-14T09:34:49.894+0900] {dag.py:3211} INFO - Sync 1 DAGs
[2026-04-14T09:34:49.907+0900] {logging_mixin.py:190} INFO - [2026-04-14T09:34:49.907+0900] {dag.py:4138} INFO - Setting next_dagrun for 06_multi_dag_step2_transform to None, run_after=None
[2026-04-14T09:34:49.922+0900] {processor.py:208} INFO - Processing /opt/airflow/dags/06_multi_dag_step2_transform.py took 0.404 seconds
[2026-04-14T09:35:20.166+0900] {processor.py:186} INFO - Started process (PID=38551) to work on /opt/airflow/dags/06_multi_dag_step2_transform.py
[2026-04-14T09:35:20.167+0900] {processor.py:914} INFO - Processing file /opt/airflow/dags/06_multi_dag_step2_transform.py for tasks to queue
[2026-04-14T09:35:20.169+0900] {logging_mixin.py:190} INFO - [2026-04-14T09:35:20.168+0900] {dagbag.py:587} INFO - Filling up the DagBag from /opt/airflow/dags/06_multi_dag_step2_transform.py
[2026-04-14T09:35:20.529+0900] {processor.py:925} INFO - DAG(s) '06_multi_dag_step2_transform' retrieved from /opt/airflow/dags/06_multi_dag_step2_transform.py
[2026-04-14T09:35:20.545+0900] {logging_mixin.py:190} INFO - [2026-04-14T09:35:20.544+0900] {dag.py:3211} INFO - Sync 1 DAGs
[2026-04-14T09:35:20.559+0900] {logging_mixin.py:190} INFO - [2026-04-14T09:35:20.559+0900] {dag.py:4138} INFO - Setting next_dagrun for 06_multi_dag_step2_transform to None, run_after=None
[2026-04-14T09:35:20.578+0900] {processor.py:208} INFO - Processing /opt/airflow/dags/06_multi_dag_step2_transform.py took 0.417 seconds
[2026-04-14T09:35:50.836+0900] {processor.py:186} INFO - Started process (PID=38569) to work on /opt/airflow/dags/06_multi_dag_step2_transform.py
[2026-04-14T09:35:50.837+0900] {processor.py:914} INFO - Processing file /opt/airflow/dags/06_multi_dag_step2_transform.py for tasks to queue
[2026-04-14T09:35:50.840+0900] {logging_mixin.py:190} INFO - [2026-04-14T09:35:50.840+0900] {dagbag.py:587} INFO - Filling up the DagBag from /opt/airflow/dags/06_multi_dag_step2_transform.py
[2026-04-14T09:35:51.207+0900] {processor.py:925} INFO - DAG(s) '06_multi_dag_step2_transform' retrieved from /opt/airflow/dags/06_multi_dag_step2_transform.py
[2026-04-14T09:35:51.222+0900] {logging_mixin.py:190} INFO - [2026-04-14T09:35:51.222+0900] {dag.py:3211} INFO - Sync 1 DAGs
[2026-04-14T09:35:51.236+0900] {logging_mixin.py:190} INFO - [2026-04-14T09:35:51.236+0900] {dag.py:4138} INFO - Setting next_dagrun for 06_multi_dag_step2_transform to None, run_after=None
[2026-04-14T09:35:51.252+0900] {processor.py:208} INFO - Processing /opt/airflow/dags/06_multi_dag_step2_transform.py took 0.421 seconds
[2026-04-14T09:36:21.446+0900] {processor.py:186} INFO - Started process (PID=38587) to work on /opt/airflow/dags/06_multi_dag_step2_transform.py
[2026-04-14T09:36:21.447+0900] {processor.py:914} INFO - Processing file /opt/airflow/dags/06_multi_dag_step2_transform.py for tasks to queue
[2026-04-14T09:36:21.449+0900] {logging_mixin.py:190} INFO - [2026-04-14T09:36:21.449+0900] {dagbag.py:587} INFO - Filling up the DagBag from /opt/airflow/dags/06_multi_dag_step2_transform.py
[2026-04-14T09:36:21.811+0900] {processor.py:925} INFO - DAG(s) '06_multi_dag_step2_transform' retrieved from /opt/airflow/dags/06_multi_dag_step2_transform.py
[2026-04-14T09:36:21.829+0900] {logging_mixin.py:190} INFO - [2026-04-14T09:36:21.829+0900] {dag.py:3211} INFO - Sync 1 DAGs
[2026-04-14T09:36:21.843+0900] {logging_mixin.py:190} INFO - [2026-04-14T09:36:21.843+0900] {dag.py:4138} INFO - Setting next_dagrun for 06_multi_dag_step2_transform to None, run_after=None
[2026-04-14T09:36:21.860+0900] {processor.py:208} INFO - Processing /opt/airflow/dags/06_multi_dag_step2_transform.py took 0.419 seconds
[2026-04-14T09:36:51.934+0900] {processor.py:186} INFO - Started process (PID=38605) to work on /opt/airflow/dags/06_multi_dag_step2_transform.py
[2026-04-14T09:36:51.935+0900] {processor.py:914} INFO - Processing file /opt/airflow/dags/06_multi_dag_step2_transform.py for tasks to queue
[2026-04-14T09:36:51.937+0900] {logging_mixin.py:190} INFO - [2026-04-14T09:36:51.937+0900] {dagbag.py:587} INFO - Filling up the DagBag from /opt/airflow/dags/06_multi_dag_step2_transform.py
[2026-04-14T09:36:52.283+0900] {processor.py:925} INFO - DAG(s) '06_multi_dag_step2_transform' retrieved from /opt/airflow/dags/06_multi_dag_step2_transform.py
[2026-04-14T09:36:52.299+0900] {logging_mixin.py:190} INFO - [2026-04-14T09:36:52.299+0900] {dag.py:3211} INFO - Sync 1 DAGs
[2026-04-14T09:36:52.312+0900] {logging_mixin.py:190} INFO - [2026-04-14T09:36:52.312+0900] {dag.py:4138} INFO - Setting next_dagrun for 06_multi_dag_step2_transform to None, run_after=None
[2026-04-14T09:36:52.328+0900] {processor.py:208} INFO - Processing /opt/airflow/dags/06_multi_dag_step2_transform.py took 0.399 seconds
[2026-04-14T09:37:22.589+0900] {processor.py:186} INFO - Started process (PID=38623) to work on /opt/airflow/dags/06_multi_dag_step2_transform.py
[2026-04-14T09:37:22.591+0900] {processor.py:914} INFO - Processing file /opt/airflow/dags/06_multi_dag_step2_transform.py for tasks to queue
[2026-04-14T09:37:22.593+0900] {logging_mixin.py:190} INFO - [2026-04-14T09:37:22.593+0900] {dagbag.py:587} INFO - Filling up the DagBag from /opt/airflow/dags/06_multi_dag_step2_transform.py
[2026-04-14T09:37:22.933+0900] {processor.py:925} INFO - DAG(s) '06_multi_dag_step2_transform' retrieved from /opt/airflow/dags/06_multi_dag_step2_transform.py
[2026-04-14T09:37:22.949+0900] {logging_mixin.py:190} INFO - [2026-04-14T09:37:22.948+0900] {dag.py:3211} INFO - Sync 1 DAGs
[2026-04-14T09:37:22.962+0900] {logging_mixin.py:190} INFO - [2026-04-14T09:37:22.962+0900] {dag.py:4138} INFO - Setting next_dagrun for 06_multi_dag_step2_transform to None, run_after=None
[2026-04-14T09:37:22.983+0900] {processor.py:208} INFO - Processing /opt/airflow/dags/06_multi_dag_step2_transform.py took 0.398 seconds
[2026-04-14T09:37:53.395+0900] {processor.py:186} INFO - Started process (PID=38641) to work on /opt/airflow/dags/06_multi_dag_step2_transform.py
[2026-04-14T09:37:53.396+0900] {processor.py:914} INFO - Processing file /opt/airflow/dags/06_multi_dag_step2_transform.py for tasks to queue
[2026-04-14T09:37:53.399+0900] {logging_mixin.py:190} INFO - [2026-04-14T09:37:53.398+0900] {dagbag.py:587} INFO - Filling up the DagBag from /opt/airflow/dags/06_multi_dag_step2_transform.py
[2026-04-14T09:37:53.767+0900] {processor.py:925} INFO - DAG(s) '06_multi_dag_step2_transform' retrieved from /opt/airflow/dags/06_multi_dag_step2_transform.py
[2026-04-14T09:37:53.788+0900] {logging_mixin.py:190} INFO - [2026-04-14T09:37:53.788+0900] {dag.py:3211} INFO - Sync 1 DAGs
[2026-04-14T09:37:53.803+0900] {logging_mixin.py:190} INFO - [2026-04-14T09:37:53.803+0900] {dag.py:4138} INFO - Setting next_dagrun for 06_multi_dag_step2_transform to None, run_after=None
[2026-04-14T09:37:53.820+0900] {processor.py:208} INFO - Processing /opt/airflow/dags/06_multi_dag_step2_transform.py took 0.430 seconds
[2026-04-14T09:38:24.075+0900] {processor.py:186} INFO - Started process (PID=38659) to work on /opt/airflow/dags/06_multi_dag_step2_transform.py
[2026-04-14T09:38:24.076+0900] {processor.py:914} INFO - Processing file /opt/airflow/dags/06_multi_dag_step2_transform.py for tasks to queue
[2026-04-14T09:38:24.078+0900] {logging_mixin.py:190} INFO - [2026-04-14T09:38:24.078+0900] {dagbag.py:587} INFO - Filling up the DagBag from /opt/airflow/dags/06_multi_dag_step2_transform.py
[2026-04-14T09:38:24.422+0900] {processor.py:925} INFO - DAG(s) '06_multi_dag_step2_transform' retrieved from /opt/airflow/dags/06_multi_dag_step2_transform.py
[2026-04-14T09:38:24.440+0900] {logging_mixin.py:190} INFO - [2026-04-14T09:38:24.440+0900] {dag.py:3211} INFO - Sync 1 DAGs
[2026-04-14T09:38:24.454+0900] {logging_mixin.py:190} INFO - [2026-04-14T09:38:24.454+0900] {dag.py:4138} INFO - Setting next_dagrun for 06_multi_dag_step2_transform to None, run_after=None
[2026-04-14T09:38:24.470+0900] {processor.py:208} INFO - Processing /opt/airflow/dags/06_multi_dag_step2_transform.py took 0.400 seconds
[2026-04-14T09:38:54.595+0900] {processor.py:186} INFO - Started process (PID=38677) to work on /opt/airflow/dags/06_multi_dag_step2_transform.py
[2026-04-14T09:38:54.596+0900] {processor.py:914} INFO - Processing file /opt/airflow/dags/06_multi_dag_step2_transform.py for tasks to queue
[2026-04-14T09:38:54.598+0900] {logging_mixin.py:190} INFO - [2026-04-14T09:38:54.597+0900] {dagbag.py:587} INFO - Filling up the DagBag from /opt/airflow/dags/06_multi_dag_step2_transform.py
[2026-04-14T09:38:54.972+0900] {processor.py:925} INFO - DAG(s) '06_multi_dag_step2_transform' retrieved from /opt/airflow/dags/06_multi_dag_step2_transform.py
[2026-04-14T09:38:54.989+0900] {logging_mixin.py:190} INFO - [2026-04-14T09:38:54.989+0900] {dag.py:3211} INFO - Sync 1 DAGs
[2026-04-14T09:38:55.003+0900] {logging_mixin.py:190} INFO - [2026-04-14T09:38:55.003+0900] {dag.py:4138} INFO - Setting next_dagrun for 06_multi_dag_step2_transform to None, run_after=None
[2026-04-14T09:38:55.026+0900] {processor.py:208} INFO - Processing /opt/airflow/dags/06_multi_dag_step2_transform.py took 0.435 seconds
[2026-04-14T09:39:25.193+0900] {processor.py:186} INFO - Started process (PID=38695) to work on /opt/airflow/dags/06_multi_dag_step2_transform.py
[2026-04-14T09:39:25.194+0900] {processor.py:914} INFO - Processing file /opt/airflow/dags/06_multi_dag_step2_transform.py for tasks to queue
[2026-04-14T09:39:25.196+0900] {logging_mixin.py:190} INFO - [2026-04-14T09:39:25.196+0900] {dagbag.py:587} INFO - Filling up the DagBag from /opt/airflow/dags/06_multi_dag_step2_transform.py
[2026-04-14T09:39:25.525+0900] {processor.py:925} INFO - DAG(s) '06_multi_dag_step2_transform' retrieved from /opt/airflow/dags/06_multi_dag_step2_transform.py
[2026-04-14T09:39:25.540+0900] {logging_mixin.py:190} INFO - [2026-04-14T09:39:25.540+0900] {dag.py:3211} INFO - Sync 1 DAGs
[2026-04-14T09:39:25.553+0900] {logging_mixin.py:190} INFO - [2026-04-14T09:39:25.553+0900] {dag.py:4138} INFO - Setting next_dagrun for 06_multi_dag_step2_transform to None, run_after=None
[2026-04-14T09:39:25.574+0900] {processor.py:208} INFO - Processing /opt/airflow/dags/06_multi_dag_step2_transform.py took 0.386 seconds
[2026-04-14T09:39:55.750+0900] {processor.py:186} INFO - Started process (PID=38713) to work on /opt/airflow/dags/06_multi_dag_step2_transform.py
[2026-04-14T09:39:55.751+0900] {processor.py:914} INFO - Processing file /opt/airflow/dags/06_multi_dag_step2_transform.py for tasks to queue
[2026-04-14T09:39:55.753+0900] {logging_mixin.py:190} INFO - [2026-04-14T09:39:55.753+0900] {dagbag.py:587} INFO - Filling up the DagBag from /opt/airflow/dags/06_multi_dag_step2_transform.py
[2026-04-14T09:39:56.104+0900] {processor.py:925} INFO - DAG(s) '06_multi_dag_step2_transform' retrieved from /opt/airflow/dags/06_multi_dag_step2_transform.py
[2026-04-14T09:39:56.119+0900] {logging_mixin.py:190} INFO - [2026-04-14T09:39:56.119+0900] {dag.py:3211} INFO - Sync 1 DAGs
[2026-04-14T09:39:56.133+0900] {logging_mixin.py:190} INFO - [2026-04-14T09:39:56.133+0900] {dag.py:4138} INFO - Setting next_dagrun for 06_multi_dag_step2_transform to None, run_after=None
[2026-04-14T09:39:56.157+0900] {processor.py:208} INFO - Processing /opt/airflow/dags/06_multi_dag_step2_transform.py took 0.412 seconds
[2026-04-14T09:40:26.333+0900] {processor.py:186} INFO - Started process (PID=38731) to work on /opt/airflow/dags/06_multi_dag_step2_transform.py
[2026-04-14T09:40:26.334+0900] {processor.py:914} INFO - Processing file /opt/airflow/dags/06_multi_dag_step2_transform.py for tasks to queue
[2026-04-14T09:40:26.336+0900] {logging_mixin.py:190} INFO - [2026-04-14T09:40:26.336+0900] {dagbag.py:587} INFO - Filling up the DagBag from /opt/airflow/dags/06_multi_dag_step2_transform.py
[2026-04-14T09:40:26.706+0900] {processor.py:925} INFO - DAG(s) '06_multi_dag_step2_transform' retrieved from /opt/airflow/dags/06_multi_dag_step2_transform.py
[2026-04-14T09:40:26.724+0900] {logging_mixin.py:190} INFO - [2026-04-14T09:40:26.724+0900] {dag.py:3211} INFO - Sync 1 DAGs
[2026-04-14T09:40:26.739+0900] {logging_mixin.py:190} INFO - [2026-04-14T09:40:26.739+0900] {dag.py:4138} INFO - Setting next_dagrun for 06_multi_dag_step2_transform to None, run_after=None
[2026-04-14T09:40:26.757+0900] {processor.py:208} INFO - Processing /opt/airflow/dags/06_multi_dag_step2_transform.py took 0.429 seconds
[2026-04-14T09:40:56.797+0900] {processor.py:186} INFO - Started process (PID=38749) to work on /opt/airflow/dags/06_multi_dag_step2_transform.py
[2026-04-14T09:40:56.798+0900] {processor.py:914} INFO - Processing file /opt/airflow/dags/06_multi_dag_step2_transform.py for tasks to queue
[2026-04-14T09:40:56.800+0900] {logging_mixin.py:190} INFO - [2026-04-14T09:40:56.800+0900] {dagbag.py:587} INFO - Filling up the DagBag from /opt/airflow/dags/06_multi_dag_step2_transform.py
[2026-04-14T09:40:57.131+0900] {processor.py:925} INFO - DAG(s) '06_multi_dag_step2_transform' retrieved from /opt/airflow/dags/06_multi_dag_step2_transform.py
[2026-04-14T09:40:57.148+0900] {logging_mixin.py:190} INFO - [2026-04-14T09:40:57.147+0900] {dag.py:3211} INFO - Sync 1 DAGs
[2026-04-14T09:40:57.161+0900] {logging_mixin.py:190} INFO - [2026-04-14T09:40:57.161+0900] {dag.py:4138} INFO - Setting next_dagrun for 06_multi_dag_step2_transform to None, run_after=None
[2026-04-14T09:40:57.178+0900] {processor.py:208} INFO - Processing /opt/airflow/dags/06_multi_dag_step2_transform.py took 0.386 seconds
[2026-04-14T09:41:27.424+0900] {processor.py:186} INFO - Started process (PID=38767) to work on /opt/airflow/dags/06_multi_dag_step2_transform.py
[2026-04-14T09:41:27.426+0900] {processor.py:914} INFO - Processing file /opt/airflow/dags/06_multi_dag_step2_transform.py for tasks to queue
[2026-04-14T09:41:27.428+0900] {logging_mixin.py:190} INFO - [2026-04-14T09:41:27.428+0900] {dagbag.py:587} INFO - Filling up the DagBag from /opt/airflow/dags/06_multi_dag_step2_transform.py
[2026-04-14T09:41:27.818+0900] {processor.py:925} INFO - DAG(s) '06_multi_dag_step2_transform' retrieved from /opt/airflow/dags/06_multi_dag_step2_transform.py
[2026-04-14T09:41:27.835+0900] {logging_mixin.py:190} INFO - [2026-04-14T09:41:27.835+0900] {dag.py:3211} INFO - Sync 1 DAGs
[2026-04-14T09:41:27.850+0900] {logging_mixin.py:190} INFO - [2026-04-14T09:41:27.850+0900] {dag.py:4138} INFO - Setting next_dagrun for 06_multi_dag_step2_transform to None, run_after=None
[2026-04-14T09:41:27.866+0900] {processor.py:208} INFO - Processing /opt/airflow/dags/06_multi_dag_step2_transform.py took 0.447 seconds
[2026-04-14T09:41:58.019+0900] {processor.py:186} INFO - Started process (PID=38785) to work on /opt/airflow/dags/06_multi_dag_step2_transform.py
[2026-04-14T09:41:58.020+0900] {processor.py:914} INFO - Processing file /opt/airflow/dags/06_multi_dag_step2_transform.py for tasks to queue
[2026-04-14T09:41:58.022+0900] {logging_mixin.py:190} INFO - [2026-04-14T09:41:58.022+0900] {dagbag.py:587} INFO - Filling up the DagBag from /opt/airflow/dags/06_multi_dag_step2_transform.py
[2026-04-14T09:41:58.384+0900] {processor.py:925} INFO - DAG(s) '06_multi_dag_step2_transform' retrieved from /opt/airflow/dags/06_multi_dag_step2_transform.py
[2026-04-14T09:41:58.401+0900] {logging_mixin.py:190} INFO - [2026-04-14T09:41:58.401+0900] {dag.py:3211} INFO - Sync 1 DAGs
[2026-04-14T09:41:58.417+0900] {logging_mixin.py:190} INFO - [2026-04-14T09:41:58.416+0900] {dag.py:4138} INFO - Setting next_dagrun for 06_multi_dag_step2_transform to None, run_after=None
[2026-04-14T09:41:58.435+0900] {processor.py:208} INFO - Processing /opt/airflow/dags/06_multi_dag_step2_transform.py took 0.421 seconds
[2026-04-14T09:42:28.534+0900] {processor.py:186} INFO - Started process (PID=38803) to work on /opt/airflow/dags/06_multi_dag_step2_transform.py
[2026-04-14T09:42:28.535+0900] {processor.py:914} INFO - Processing file /opt/airflow/dags/06_multi_dag_step2_transform.py for tasks to queue
[2026-04-14T09:42:28.537+0900] {logging_mixin.py:190} INFO - [2026-04-14T09:42:28.537+0900] {dagbag.py:587} INFO - Filling up the DagBag from /opt/airflow/dags/06_multi_dag_step2_transform.py
[2026-04-14T09:42:28.924+0900] {processor.py:925} INFO - DAG(s) '06_multi_dag_step2_transform' retrieved from /opt/airflow/dags/06_multi_dag_step2_transform.py
[2026-04-14T09:42:28.944+0900] {logging_mixin.py:190} INFO - [2026-04-14T09:42:28.944+0900] {dag.py:3211} INFO - Sync 1 DAGs
[2026-04-14T09:42:28.958+0900] {logging_mixin.py:190} INFO - [2026-04-14T09:42:28.958+0900] {dag.py:4138} INFO - Setting next_dagrun for 06_multi_dag_step2_transform to None, run_after=None
[2026-04-14T09:42:28.980+0900] {processor.py:208} INFO - Processing /opt/airflow/dags/06_multi_dag_step2_transform.py took 0.451 seconds
[2026-04-14T09:42:59.122+0900] {processor.py:186} INFO - Started process (PID=38821) to work on /opt/airflow/dags/06_multi_dag_step2_transform.py
[2026-04-14T09:42:59.122+0900] {processor.py:914} INFO - Processing file /opt/airflow/dags/06_multi_dag_step2_transform.py for tasks to queue
[2026-04-14T09:42:59.125+0900] {logging_mixin.py:190} INFO - [2026-04-14T09:42:59.125+0900] {dagbag.py:587} INFO - Filling up the DagBag from /opt/airflow/dags/06_multi_dag_step2_transform.py
[2026-04-14T09:42:59.504+0900] {processor.py:925} INFO - DAG(s) '06_multi_dag_step2_transform' retrieved from /opt/airflow/dags/06_multi_dag_step2_transform.py
[2026-04-14T09:42:59.520+0900] {logging_mixin.py:190} INFO - [2026-04-14T09:42:59.520+0900] {dag.py:3211} INFO - Sync 1 DAGs
[2026-04-14T09:42:59.535+0900] {logging_mixin.py:190} INFO - [2026-04-14T09:42:59.535+0900] {dag.py:4138} INFO - Setting next_dagrun for 06_multi_dag_step2_transform to None, run_after=None
[2026-04-14T09:42:59.557+0900] {processor.py:208} INFO - Processing /opt/airflow/dags/06_multi_dag_step2_transform.py took 0.440 seconds
[2026-04-14T09:43:29.885+0900] {processor.py:186} INFO - Started process (PID=38841) to work on /opt/airflow/dags/06_multi_dag_step2_transform.py
[2026-04-14T09:43:29.886+0900] {processor.py:914} INFO - Processing file /opt/airflow/dags/06_multi_dag_step2_transform.py for tasks to queue
[2026-04-14T09:43:29.888+0900] {logging_mixin.py:190} INFO - [2026-04-14T09:43:29.888+0900] {dagbag.py:587} INFO - Filling up the DagBag from /opt/airflow/dags/06_multi_dag_step2_transform.py
[2026-04-14T09:43:30.254+0900] {processor.py:925} INFO - DAG(s) '06_multi_dag_step2_transform' retrieved from /opt/airflow/dags/06_multi_dag_step2_transform.py
[2026-04-14T09:43:30.273+0900] {logging_mixin.py:190} INFO - [2026-04-14T09:43:30.272+0900] {dag.py:3211} INFO - Sync 1 DAGs
[2026-04-14T09:43:30.291+0900] {logging_mixin.py:190} INFO - [2026-04-14T09:43:30.291+0900] {dag.py:4138} INFO - Setting next_dagrun for 06_multi_dag_step2_transform to None, run_after=None
[2026-04-14T09:43:30.312+0900] {processor.py:208} INFO - Processing /opt/airflow/dags/06_multi_dag_step2_transform.py took 0.431 seconds
[2026-04-14T09:44:00.582+0900] {processor.py:186} INFO - Started process (PID=38859) to work on /opt/airflow/dags/06_multi_dag_step2_transform.py
[2026-04-14T09:44:00.583+0900] {processor.py:914} INFO - Processing file /opt/airflow/dags/06_multi_dag_step2_transform.py for tasks to queue
[2026-04-14T09:44:00.585+0900] {logging_mixin.py:190} INFO - [2026-04-14T09:44:00.585+0900] {dagbag.py:587} INFO - Filling up the DagBag from /opt/airflow/dags/06_multi_dag_step2_transform.py
[2026-04-14T09:44:00.937+0900] {processor.py:925} INFO - DAG(s) '06_multi_dag_step2_transform' retrieved from /opt/airflow/dags/06_multi_dag_step2_transform.py
[2026-04-14T09:44:00.953+0900] {logging_mixin.py:190} INFO - [2026-04-14T09:44:00.953+0900] {dag.py:3211} INFO - Sync 1 DAGs
[2026-04-14T09:44:00.971+0900] {logging_mixin.py:190} INFO - [2026-04-14T09:44:00.970+0900] {dag.py:4138} INFO - Setting next_dagrun for 06_multi_dag_step2_transform to None, run_after=None
[2026-04-14T09:44:00.991+0900] {processor.py:208} INFO - Processing /opt/airflow/dags/06_multi_dag_step2_transform.py took 0.414 seconds
[2026-04-14T09:44:31.102+0900] {processor.py:186} INFO - Started process (PID=38877) to work on /opt/airflow/dags/06_multi_dag_step2_transform.py
[2026-04-14T09:44:31.103+0900] {processor.py:914} INFO - Processing file /opt/airflow/dags/06_multi_dag_step2_transform.py for tasks to queue
[2026-04-14T09:44:31.105+0900] {logging_mixin.py:190} INFO - [2026-04-14T09:44:31.105+0900] {dagbag.py:587} INFO - Filling up the DagBag from /opt/airflow/dags/06_multi_dag_step2_transform.py
[2026-04-14T09:44:31.466+0900] {processor.py:925} INFO - DAG(s) '06_multi_dag_step2_transform' retrieved from /opt/airflow/dags/06_multi_dag_step2_transform.py
[2026-04-14T09:44:31.484+0900] {logging_mixin.py:190} INFO - [2026-04-14T09:44:31.484+0900] {dag.py:3211} INFO - Sync 1 DAGs
[2026-04-14T09:44:31.500+0900] {logging_mixin.py:190} INFO - [2026-04-14T09:44:31.500+0900] {dag.py:4138} INFO - Setting next_dagrun for 06_multi_dag_step2_transform to None, run_after=None
[2026-04-14T09:44:31.519+0900] {processor.py:208} INFO - Processing /opt/airflow/dags/06_multi_dag_step2_transform.py took 0.422 seconds
[2026-04-14T09:45:01.825+0900] {processor.py:186} INFO - Started process (PID=38895) to work on /opt/airflow/dags/06_multi_dag_step2_transform.py
[2026-04-14T09:45:01.826+0900] {processor.py:914} INFO - Processing file /opt/airflow/dags/06_multi_dag_step2_transform.py for tasks to queue
[2026-04-14T09:45:01.828+0900] {logging_mixin.py:190} INFO - [2026-04-14T09:45:01.828+0900] {dagbag.py:587} INFO - Filling up the DagBag from /opt/airflow/dags/06_multi_dag_step2_transform.py
[2026-04-14T09:45:02.218+0900] {processor.py:925} INFO - DAG(s) '06_multi_dag_step2_transform' retrieved from /opt/airflow/dags/06_multi_dag_step2_transform.py
[2026-04-14T09:45:02.235+0900] {logging_mixin.py:190} INFO - [2026-04-14T09:45:02.235+0900] {dag.py:3211} INFO - Sync 1 DAGs
[2026-04-14T09:45:02.251+0900] {logging_mixin.py:190} INFO - [2026-04-14T09:45:02.251+0900] {dag.py:4138} INFO - Setting next_dagrun for 06_multi_dag_step2_transform to None, run_after=None
[2026-04-14T09:45:02.268+0900] {processor.py:208} INFO - Processing /opt/airflow/dags/06_multi_dag_step2_transform.py took 0.448 seconds
[2026-04-14T09:45:32.621+0900] {processor.py:186} INFO - Started process (PID=38913) to work on /opt/airflow/dags/06_multi_dag_step2_transform.py
[2026-04-14T09:45:32.622+0900] {processor.py:914} INFO - Processing file /opt/airflow/dags/06_multi_dag_step2_transform.py for tasks to queue
[2026-04-14T09:45:32.624+0900] {logging_mixin.py:190} INFO - [2026-04-14T09:45:32.623+0900] {dagbag.py:587} INFO - Filling up the DagBag from /opt/airflow/dags/06_multi_dag_step2_transform.py
[2026-04-14T09:45:32.975+0900] {processor.py:925} INFO - DAG(s) '06_multi_dag_step2_transform' retrieved from /opt/airflow/dags/06_multi_dag_step2_transform.py
[2026-04-14T09:45:32.991+0900] {logging_mixin.py:190} INFO - [2026-04-14T09:45:32.991+0900] {dag.py:3211} INFO - Sync 1 DAGs
[2026-04-14T09:45:33.010+0900] {logging_mixin.py:190} INFO - [2026-04-14T09:45:33.009+0900] {dag.py:4138} INFO - Setting next_dagrun for 06_multi_dag_step2_transform to None, run_after=None
[2026-04-14T09:45:33.031+0900] {processor.py:208} INFO - Processing /opt/airflow/dags/06_multi_dag_step2_transform.py took 0.416 seconds
[2026-04-14T09:46:03.281+0900] {processor.py:186} INFO - Started process (PID=38931) to work on /opt/airflow/dags/06_multi_dag_step2_transform.py
[2026-04-14T09:46:03.282+0900] {processor.py:914} INFO - Processing file /opt/airflow/dags/06_multi_dag_step2_transform.py for tasks to queue
[2026-04-14T09:46:03.284+0900] {logging_mixin.py:190} INFO - [2026-04-14T09:46:03.284+0900] {dagbag.py:587} INFO - Filling up the DagBag from /opt/airflow/dags/06_multi_dag_step2_transform.py
[2026-04-14T09:46:03.671+0900] {processor.py:925} INFO - DAG(s) '06_multi_dag_step2_transform' retrieved from /opt/airflow/dags/06_multi_dag_step2_transform.py
[2026-04-14T09:46:03.692+0900] {logging_mixin.py:190} INFO - [2026-04-14T09:46:03.692+0900] {dag.py:3211} INFO - Sync 1 DAGs
[2026-04-14T09:46:03.708+0900] {logging_mixin.py:190} INFO - [2026-04-14T09:46:03.708+0900] {dag.py:4138} INFO - Setting next_dagrun for 06_multi_dag_step2_transform to None, run_after=None
[2026-04-14T09:46:03.730+0900] {processor.py:208} INFO - Processing /opt/airflow/dags/06_multi_dag_step2_transform.py took 0.454 seconds
[2026-04-14T09:46:33.959+0900] {processor.py:186} INFO - Started process (PID=38950) to work on /opt/airflow/dags/06_multi_dag_step2_transform.py
[2026-04-14T09:46:33.961+0900] {processor.py:914} INFO - Processing file /opt/airflow/dags/06_multi_dag_step2_transform.py for tasks to queue
[2026-04-14T09:46:33.964+0900] {logging_mixin.py:190} INFO - [2026-04-14T09:46:33.963+0900] {dagbag.py:587} INFO - Filling up the DagBag from /opt/airflow/dags/06_multi_dag_step2_transform.py
[2026-04-14T09:46:34.331+0900] {processor.py:925} INFO - DAG(s) '06_multi_dag_step2_transform' retrieved from /opt/airflow/dags/06_multi_dag_step2_transform.py
[2026-04-14T09:46:34.348+0900] {logging_mixin.py:190} INFO - [2026-04-14T09:46:34.348+0900] {dag.py:3211} INFO - Sync 1 DAGs
[2026-04-14T09:46:34.363+0900] {logging_mixin.py:190} INFO - [2026-04-14T09:46:34.362+0900] {dag.py:4138} INFO - Setting next_dagrun for 06_multi_dag_step2_transform to None, run_after=None
[2026-04-14T09:46:34.381+0900] {processor.py:208} INFO - Processing /opt/airflow/dags/06_multi_dag_step2_transform.py took 0.428 seconds
[2026-04-14T09:47:04.697+0900] {processor.py:186} INFO - Started process (PID=38968) to work on /opt/airflow/dags/06_multi_dag_step2_transform.py
[2026-04-14T09:47:04.697+0900] {processor.py:914} INFO - Processing file /opt/airflow/dags/06_multi_dag_step2_transform.py for tasks to queue
[2026-04-14T09:47:04.700+0900] {logging_mixin.py:190} INFO - [2026-04-14T09:47:04.700+0900] {dagbag.py:587} INFO - Filling up the DagBag from /opt/airflow/dags/06_multi_dag_step2_transform.py
[2026-04-14T09:47:05.108+0900] {processor.py:925} INFO - DAG(s) '06_multi_dag_step2_transform' retrieved from /opt/airflow/dags/06_multi_dag_step2_transform.py
[2026-04-14T09:47:05.126+0900] {logging_mixin.py:190} INFO - [2026-04-14T09:47:05.126+0900] {dag.py:3211} INFO - Sync 1 DAGs
[2026-04-14T09:47:05.142+0900] {logging_mixin.py:190} INFO - [2026-04-14T09:47:05.142+0900] {dag.py:4138} INFO - Setting next_dagrun for 06_multi_dag_step2_transform to None, run_after=None
[2026-04-14T09:47:05.165+0900] {processor.py:208} INFO - Processing /opt/airflow/dags/06_multi_dag_step2_transform.py took 0.478 seconds
[2026-04-14T09:47:35.254+0900] {processor.py:186} INFO - Started process (PID=38985) to work on /opt/airflow/dags/06_multi_dag_step2_transform.py
[2026-04-14T09:47:35.255+0900] {processor.py:914} INFO - Processing file /opt/airflow/dags/06_multi_dag_step2_transform.py for tasks to queue
[2026-04-14T09:47:35.259+0900] {logging_mixin.py:190} INFO - [2026-04-14T09:47:35.258+0900] {dagbag.py:587} INFO - Filling up the DagBag from /opt/airflow/dags/06_multi_dag_step2_transform.py
[2026-04-14T09:47:35.874+0900] {processor.py:925} INFO - DAG(s) '06_multi_dag_step2_transform' retrieved from /opt/airflow/dags/06_multi_dag_step2_transform.py
[2026-04-14T09:47:35.891+0900] {logging_mixin.py:190} INFO - [2026-04-14T09:47:35.890+0900] {dag.py:3211} INFO - Sync 1 DAGs
[2026-04-14T09:47:35.907+0900] {logging_mixin.py:190} INFO - [2026-04-14T09:47:35.907+0900] {dag.py:4138} INFO - Setting next_dagrun for 06_multi_dag_step2_transform to None, run_after=None
[2026-04-14T09:47:35.927+0900] {processor.py:208} INFO - Processing /opt/airflow/dags/06_multi_dag_step2_transform.py took 0.679 seconds
[2026-04-14T09:48:06.722+0900] {processor.py:186} INFO - Started process (PID=39003) to work on /opt/airflow/dags/06_multi_dag_step2_transform.py
[2026-04-14T09:48:06.724+0900] {processor.py:914} INFO - Processing file /opt/airflow/dags/06_multi_dag_step2_transform.py for tasks to queue
[2026-04-14T09:48:06.730+0900] {logging_mixin.py:190} INFO - [2026-04-14T09:48:06.729+0900] {dagbag.py:587} INFO - Filling up the DagBag from /opt/airflow/dags/06_multi_dag_step2_transform.py
[2026-04-14T09:48:07.528+0900] {processor.py:925} INFO - DAG(s) '06_multi_dag_step2_transform' retrieved from /opt/airflow/dags/06_multi_dag_step2_transform.py
[2026-04-14T09:48:07.563+0900] {logging_mixin.py:190} INFO - [2026-04-14T09:48:07.563+0900] {dag.py:3211} INFO - Sync 1 DAGs
[2026-04-14T09:48:07.592+0900] {logging_mixin.py:190} INFO - [2026-04-14T09:48:07.592+0900] {dag.py:4138} INFO - Setting next_dagrun for 06_multi_dag_step2_transform to None, run_after=None
[2026-04-14T09:48:07.626+0900] {processor.py:208} INFO - Processing /opt/airflow/dags/06_multi_dag_step2_transform.py took 0.917 seconds
[2026-04-14T09:48:38.586+0900] {processor.py:186} INFO - Started process (PID=39021) to work on /opt/airflow/dags/06_multi_dag_step2_transform.py
[2026-04-14T09:48:38.590+0900] {processor.py:914} INFO - Processing file /opt/airflow/dags/06_multi_dag_step2_transform.py for tasks to queue
[2026-04-14T09:48:38.599+0900] {logging_mixin.py:190} INFO - [2026-04-14T09:48:38.598+0900] {dagbag.py:587} INFO - Filling up the DagBag from /opt/airflow/dags/06_multi_dag_step2_transform.py
[2026-04-14T09:48:39.634+0900] {processor.py:925} INFO - DAG(s) '06_multi_dag_step2_transform' retrieved from /opt/airflow/dags/06_multi_dag_step2_transform.py
[2026-04-14T09:48:39.689+0900] {logging_mixin.py:190} INFO - [2026-04-14T09:48:39.687+0900] {dag.py:3211} INFO - Sync 1 DAGs
[2026-04-14T09:48:39.738+0900] {logging_mixin.py:190} INFO - [2026-04-14T09:48:39.737+0900] {dag.py:4138} INFO - Setting next_dagrun for 06_multi_dag_step2_transform to None, run_after=None
[2026-04-14T09:48:39.808+0900] {processor.py:208} INFO - Processing /opt/airflow/dags/06_multi_dag_step2_transform.py took 1.240 seconds
[2026-04-14T09:49:11.600+0900] {processor.py:186} INFO - Started process (PID=39041) to work on /opt/airflow/dags/06_multi_dag_step2_transform.py
[2026-04-14T09:49:11.603+0900] {processor.py:914} INFO - Processing file /opt/airflow/dags/06_multi_dag_step2_transform.py for tasks to queue
[2026-04-14T09:49:11.609+0900] {logging_mixin.py:190} INFO - [2026-04-14T09:49:11.608+0900] {dagbag.py:587} INFO - Filling up the DagBag from /opt/airflow/dags/06_multi_dag_step2_transform.py
[2026-04-14T09:49:12.544+0900] {processor.py:925} INFO - DAG(s) '06_multi_dag_step2_transform' retrieved from /opt/airflow/dags/06_multi_dag_step2_transform.py
[2026-04-14T09:49:12.589+0900] {logging_mixin.py:190} INFO - [2026-04-14T09:49:12.589+0900] {dag.py:3211} INFO - Sync 1 DAGs
[2026-04-14T09:49:12.619+0900] {logging_mixin.py:190} INFO - [2026-04-14T09:49:12.618+0900] {dag.py:4138} INFO - Setting next_dagrun for 06_multi_dag_step2_transform to None, run_after=None
[2026-04-14T09:49:12.652+0900] {processor.py:208} INFO - Processing /opt/airflow/dags/06_multi_dag_step2_transform.py took 1.070 seconds
[2026-04-14T09:49:42.975+0900] {processor.py:186} INFO - Started process (PID=39069) to work on /opt/airflow/dags/06_multi_dag_step2_transform.py
[2026-04-14T09:49:42.977+0900] {processor.py:914} INFO - Processing file /opt/airflow/dags/06_multi_dag_step2_transform.py for tasks to queue
[2026-04-14T09:49:42.981+0900] {logging_mixin.py:190} INFO - [2026-04-14T09:49:42.980+0900] {dagbag.py:587} INFO - Filling up the DagBag from /opt/airflow/dags/06_multi_dag_step2_transform.py
[2026-04-14T09:49:43.674+0900] {processor.py:925} INFO - DAG(s) '06_multi_dag_step2_transform' retrieved from /opt/airflow/dags/06_multi_dag_step2_transform.py
[2026-04-14T09:49:43.709+0900] {logging_mixin.py:190} INFO - [2026-04-14T09:49:43.708+0900] {dag.py:3211} INFO - Sync 1 DAGs
[2026-04-14T09:49:43.741+0900] {logging_mixin.py:190} INFO - [2026-04-14T09:49:43.740+0900] {dag.py:4138} INFO - Setting next_dagrun for 06_multi_dag_step2_transform to None, run_after=None
[2026-04-14T09:49:43.780+0900] {processor.py:208} INFO - Processing /opt/airflow/dags/06_multi_dag_step2_transform.py took 0.814 seconds
[2026-04-14T09:50:14.019+0900] {processor.py:186} INFO - Started process (PID=39088) to work on /opt/airflow/dags/06_multi_dag_step2_transform.py
[2026-04-14T09:50:14.021+0900] {processor.py:914} INFO - Processing file /opt/airflow/dags/06_multi_dag_step2_transform.py for tasks to queue
[2026-04-14T09:50:14.027+0900] {logging_mixin.py:190} INFO - [2026-04-14T09:50:14.026+0900] {dagbag.py:587} INFO - Filling up the DagBag from /opt/airflow/dags/06_multi_dag_step2_transform.py
[2026-04-14T09:50:14.760+0900] {processor.py:925} INFO - DAG(s) '06_multi_dag_step2_transform' retrieved from /opt/airflow/dags/06_multi_dag_step2_transform.py
[2026-04-14T09:50:14.798+0900] {logging_mixin.py:190} INFO - [2026-04-14T09:50:14.797+0900] {dag.py:3211} INFO - Sync 1 DAGs
[2026-04-14T09:50:14.828+0900] {logging_mixin.py:190} INFO - [2026-04-14T09:50:14.828+0900] {dag.py:4138} INFO - Setting next_dagrun for 06_multi_dag_step2_transform to None, run_after=None
[2026-04-14T09:50:14.869+0900] {processor.py:208} INFO - Processing /opt/airflow/dags/06_multi_dag_step2_transform.py took 0.858 seconds
[2026-04-14T09:50:45.140+0900] {processor.py:186} INFO - Started process (PID=39108) to work on /opt/airflow/dags/06_multi_dag_step2_transform.py
[2026-04-14T09:50:45.142+0900] {processor.py:914} INFO - Processing file /opt/airflow/dags/06_multi_dag_step2_transform.py for tasks to queue
[2026-04-14T09:50:45.149+0900] {logging_mixin.py:190} INFO - [2026-04-14T09:50:45.148+0900] {dagbag.py:587} INFO - Filling up the DagBag from /opt/airflow/dags/06_multi_dag_step2_transform.py
[2026-04-14T09:50:45.830+0900] {processor.py:925} INFO - DAG(s) '06_multi_dag_step2_transform' retrieved from /opt/airflow/dags/06_multi_dag_step2_transform.py
[2026-04-14T09:50:45.868+0900] {logging_mixin.py:190} INFO - [2026-04-14T09:50:45.867+0900] {dag.py:3211} INFO - Sync 1 DAGs
[2026-04-14T09:50:45.899+0900] {logging_mixin.py:190} INFO - [2026-04-14T09:50:45.899+0900] {dag.py:4138} INFO - Setting next_dagrun for 06_multi_dag_step2_transform to None, run_after=None
[2026-04-14T09:50:45.936+0900] {processor.py:208} INFO - Processing /opt/airflow/dags/06_multi_dag_step2_transform.py took 0.805 seconds
[2026-04-14T09:51:16.606+0900] {processor.py:186} INFO - Started process (PID=39129) to work on /opt/airflow/dags/06_multi_dag_step2_transform.py
[2026-04-14T09:51:16.607+0900] {processor.py:914} INFO - Processing file /opt/airflow/dags/06_multi_dag_step2_transform.py for tasks to queue
[2026-04-14T09:51:16.610+0900] {logging_mixin.py:190} INFO - [2026-04-14T09:51:16.610+0900] {dagbag.py:587} INFO - Filling up the DagBag from /opt/airflow/dags/06_multi_dag_step2_transform.py
[2026-04-14T09:51:16.979+0900] {processor.py:925} INFO - DAG(s) '06_multi_dag_step2_transform' retrieved from /opt/airflow/dags/06_multi_dag_step2_transform.py
[2026-04-14T09:51:16.993+0900] {logging_mixin.py:190} INFO - [2026-04-14T09:51:16.993+0900] {dag.py:3211} INFO - Sync 1 DAGs
[2026-04-14T09:51:17.005+0900] {logging_mixin.py:190} INFO - [2026-04-14T09:51:17.005+0900] {dag.py:4138} INFO - Setting next_dagrun for 06_multi_dag_step2_transform to None, run_after=None
[2026-04-14T09:51:17.025+0900] {processor.py:208} INFO - Processing /opt/airflow/dags/06_multi_dag_step2_transform.py took 0.424 seconds
[2026-04-14T09:51:47.724+0900] {processor.py:186} INFO - Started process (PID=39153) to work on /opt/airflow/dags/06_multi_dag_step2_transform.py
[2026-04-14T09:51:47.725+0900] {processor.py:914} INFO - Processing file /opt/airflow/dags/06_multi_dag_step2_transform.py for tasks to queue
[2026-04-14T09:51:47.727+0900] {logging_mixin.py:190} INFO - [2026-04-14T09:51:47.726+0900] {dagbag.py:587} INFO - Filling up the DagBag from /opt/airflow/dags/06_multi_dag_step2_transform.py
[2026-04-14T09:51:48.087+0900] {processor.py:925} INFO - DAG(s) '06_multi_dag_step2_transform' retrieved from /opt/airflow/dags/06_multi_dag_step2_transform.py
[2026-04-14T09:51:48.104+0900] {logging_mixin.py:190} INFO - [2026-04-14T09:51:48.104+0900] {dag.py:3211} INFO - Sync 1 DAGs
[2026-04-14T09:51:48.119+0900] {logging_mixin.py:190} INFO - [2026-04-14T09:51:48.119+0900] {dag.py:4138} INFO - Setting next_dagrun for 06_multi_dag_step2_transform to None, run_after=None
[2026-04-14T09:51:48.138+0900] {processor.py:208} INFO - Processing /opt/airflow/dags/06_multi_dag_step2_transform.py took 0.420 seconds
[2026-04-14T09:52:18.656+0900] {processor.py:186} INFO - Started process (PID=39171) to work on /opt/airflow/dags/06_multi_dag_step2_transform.py
[2026-04-14T09:52:18.658+0900] {processor.py:914} INFO - Processing file /opt/airflow/dags/06_multi_dag_step2_transform.py for tasks to queue
[2026-04-14T09:52:18.660+0900] {logging_mixin.py:190} INFO - [2026-04-14T09:52:18.660+0900] {dagbag.py:587} INFO - Filling up the DagBag from /opt/airflow/dags/06_multi_dag_step2_transform.py
[2026-04-14T09:52:19.011+0900] {processor.py:925} INFO - DAG(s) '06_multi_dag_step2_transform' retrieved from /opt/airflow/dags/06_multi_dag_step2_transform.py
[2026-04-14T09:52:19.027+0900] {logging_mixin.py:190} INFO - [2026-04-14T09:52:19.026+0900] {dag.py:3211} INFO - Sync 1 DAGs
[2026-04-14T09:52:19.040+0900] {logging_mixin.py:190} INFO - [2026-04-14T09:52:19.040+0900] {dag.py:4138} INFO - Setting next_dagrun for 06_multi_dag_step2_transform to None, run_after=None
[2026-04-14T09:52:19.057+0900] {processor.py:208} INFO - Processing /opt/airflow/dags/06_multi_dag_step2_transform.py took 0.406 seconds
[2026-04-14T09:52:49.355+0900] {processor.py:186} INFO - Started process (PID=39189) to work on /opt/airflow/dags/06_multi_dag_step2_transform.py
[2026-04-14T09:52:49.357+0900] {processor.py:914} INFO - Processing file /opt/airflow/dags/06_multi_dag_step2_transform.py for tasks to queue
[2026-04-14T09:52:49.359+0900] {logging_mixin.py:190} INFO - [2026-04-14T09:52:49.359+0900] {dagbag.py:587} INFO - Filling up the DagBag from /opt/airflow/dags/06_multi_dag_step2_transform.py
[2026-04-14T09:52:49.888+0900] {processor.py:925} INFO - DAG(s) '06_multi_dag_step2_transform' retrieved from /opt/airflow/dags/06_multi_dag_step2_transform.py
[2026-04-14T09:52:49.918+0900] {logging_mixin.py:190} INFO - [2026-04-14T09:52:49.917+0900] {dag.py:3211} INFO - Sync 1 DAGs
[2026-04-14T09:52:49.946+0900] {logging_mixin.py:190} INFO - [2026-04-14T09:52:49.946+0900] {dag.py:4138} INFO - Setting next_dagrun for 06_multi_dag_step2_transform to None, run_after=None
[2026-04-14T09:52:49.976+0900] {processor.py:208} INFO - Processing /opt/airflow/dags/06_multi_dag_step2_transform.py took 0.628 seconds
[2026-04-14T09:53:20.524+0900] {processor.py:186} INFO - Started process (PID=39207) to work on /opt/airflow/dags/06_multi_dag_step2_transform.py
[2026-04-14T09:53:20.525+0900] {processor.py:914} INFO - Processing file /opt/airflow/dags/06_multi_dag_step2_transform.py for tasks to queue
[2026-04-14T09:53:20.529+0900] {logging_mixin.py:190} INFO - [2026-04-14T09:53:20.528+0900] {dagbag.py:587} INFO - Filling up the DagBag from /opt/airflow/dags/06_multi_dag_step2_transform.py
[2026-04-14T09:53:21.185+0900] {processor.py:925} INFO - DAG(s) '06_multi_dag_step2_transform' retrieved from /opt/airflow/dags/06_multi_dag_step2_transform.py
[2026-04-14T09:53:21.215+0900] {logging_mixin.py:190} INFO - [2026-04-14T09:53:21.215+0900] {dag.py:3211} INFO - Sync 1 DAGs
[2026-04-14T09:53:21.244+0900] {logging_mixin.py:190} INFO - [2026-04-14T09:53:21.243+0900] {dag.py:4138} INFO - Setting next_dagrun for 06_multi_dag_step2_transform to None, run_after=None
[2026-04-14T09:53:21.287+0900] {processor.py:208} INFO - Processing /opt/airflow/dags/06_multi_dag_step2_transform.py took 0.770 seconds
[2026-04-14T09:53:51.672+0900] {processor.py:186} INFO - Started process (PID=39225) to work on /opt/airflow/dags/06_multi_dag_step2_transform.py
[2026-04-14T09:53:51.675+0900] {processor.py:914} INFO - Processing file /opt/airflow/dags/06_multi_dag_step2_transform.py for tasks to queue
[2026-04-14T09:53:51.682+0900] {logging_mixin.py:190} INFO - [2026-04-14T09:53:51.681+0900] {dagbag.py:587} INFO - Filling up the DagBag from /opt/airflow/dags/06_multi_dag_step2_transform.py
[2026-04-14T09:53:52.590+0900] {processor.py:925} INFO - DAG(s) '06_multi_dag_step2_transform' retrieved from /opt/airflow/dags/06_multi_dag_step2_transform.py
[2026-04-14T09:53:52.631+0900] {logging_mixin.py:190} INFO - [2026-04-14T09:53:52.630+0900] {dag.py:3211} INFO - Sync 1 DAGs
[2026-04-14T09:53:52.658+0900] {logging_mixin.py:190} INFO - [2026-04-14T09:53:52.658+0900] {dag.py:4138} INFO - Setting next_dagrun for 06_multi_dag_step2_transform to None, run_after=None
[2026-04-14T09:53:52.689+0900] {processor.py:208} INFO - Processing /opt/airflow/dags/06_multi_dag_step2_transform.py took 1.028 seconds
[2026-04-14T09:54:23.346+0900] {processor.py:186} INFO - Started process (PID=39243) to work on /opt/airflow/dags/06_multi_dag_step2_transform.py
[2026-04-14T09:54:23.348+0900] {processor.py:914} INFO - Processing file /opt/airflow/dags/06_multi_dag_step2_transform.py for tasks to queue
[2026-04-14T09:54:23.355+0900] {logging_mixin.py:190} INFO - [2026-04-14T09:54:23.354+0900] {dagbag.py:587} INFO - Filling up the DagBag from /opt/airflow/dags/06_multi_dag_step2_transform.py
[2026-04-14T09:54:24.139+0900] {processor.py:925} INFO - DAG(s) '06_multi_dag_step2_transform' retrieved from /opt/airflow/dags/06_multi_dag_step2_transform.py
[2026-04-14T09:54:24.180+0900] {logging_mixin.py:190} INFO - [2026-04-14T09:54:24.179+0900] {dag.py:3211} INFO - Sync 1 DAGs
[2026-04-14T09:54:24.206+0900] {logging_mixin.py:190} INFO - [2026-04-14T09:54:24.205+0900] {dag.py:4138} INFO - Setting next_dagrun for 06_multi_dag_step2_transform to None, run_after=None
[2026-04-14T09:54:24.256+0900] {processor.py:208} INFO - Processing /opt/airflow/dags/06_multi_dag_step2_transform.py took 0.924 seconds
[2026-04-14T09:54:54.585+0900] {processor.py:186} INFO - Started process (PID=39261) to work on /opt/airflow/dags/06_multi_dag_step2_transform.py
[2026-04-14T09:54:54.588+0900] {processor.py:914} INFO - Processing file /opt/airflow/dags/06_multi_dag_step2_transform.py for tasks to queue
[2026-04-14T09:54:54.594+0900] {logging_mixin.py:190} INFO - [2026-04-14T09:54:54.593+0900] {dagbag.py:587} INFO - Filling up the DagBag from /opt/airflow/dags/06_multi_dag_step2_transform.py
[2026-04-14T09:54:55.433+0900] {processor.py:925} INFO - DAG(s) '06_multi_dag_step2_transform' retrieved from /opt/airflow/dags/06_multi_dag_step2_transform.py
[2026-04-14T09:54:55.464+0900] {logging_mixin.py:190} INFO - [2026-04-14T09:54:55.463+0900] {dag.py:3211} INFO - Sync 1 DAGs
[2026-04-14T09:54:55.498+0900] {logging_mixin.py:190} INFO - [2026-04-14T09:54:55.498+0900] {dag.py:4138} INFO - Setting next_dagrun for 06_multi_dag_step2_transform to None, run_after=None
[2026-04-14T09:54:55.543+0900] {processor.py:208} INFO - Processing /opt/airflow/dags/06_multi_dag_step2_transform.py took 0.974 seconds
[2026-04-14T09:55:25.957+0900] {processor.py:186} INFO - Started process (PID=39280) to work on /opt/airflow/dags/06_multi_dag_step2_transform.py
[2026-04-14T09:55:25.960+0900] {processor.py:914} INFO - Processing file /opt/airflow/dags/06_multi_dag_step2_transform.py for tasks to queue
[2026-04-14T09:55:25.965+0900] {logging_mixin.py:190} INFO - [2026-04-14T09:55:25.965+0900] {dagbag.py:587} INFO - Filling up the DagBag from /opt/airflow/dags/06_multi_dag_step2_transform.py
[2026-04-14T09:55:26.738+0900] {processor.py:925} INFO - DAG(s) '06_multi_dag_step2_transform' retrieved from /opt/airflow/dags/06_multi_dag_step2_transform.py
[2026-04-14T09:55:26.784+0900] {logging_mixin.py:190} INFO - [2026-04-14T09:55:26.783+0900] {dag.py:3211} INFO - Sync 1 DAGs
[2026-04-14T09:55:26.825+0900] {logging_mixin.py:190} INFO - [2026-04-14T09:55:26.824+0900] {dag.py:4138} INFO - Setting next_dagrun for 06_multi_dag_step2_transform to None, run_after=None
[2026-04-14T09:55:26.868+0900] {processor.py:208} INFO - Processing /opt/airflow/dags/06_multi_dag_step2_transform.py took 0.920 seconds
[2026-04-14T09:55:57.270+0900] {processor.py:186} INFO - Started process (PID=39298) to work on /opt/airflow/dags/06_multi_dag_step2_transform.py
[2026-04-14T09:55:57.271+0900] {processor.py:914} INFO - Processing file /opt/airflow/dags/06_multi_dag_step2_transform.py for tasks to queue
[2026-04-14T09:55:57.273+0900] {logging_mixin.py:190} INFO - [2026-04-14T09:55:57.273+0900] {dagbag.py:587} INFO - Filling up the DagBag from /opt/airflow/dags/06_multi_dag_step2_transform.py
[2026-04-14T09:55:57.646+0900] {processor.py:925} INFO - DAG(s) '06_multi_dag_step2_transform' retrieved from /opt/airflow/dags/06_multi_dag_step2_transform.py
[2026-04-14T09:55:57.663+0900] {logging_mixin.py:190} INFO - [2026-04-14T09:55:57.663+0900] {dag.py:3211} INFO - Sync 1 DAGs
[2026-04-14T09:55:57.680+0900] {logging_mixin.py:190} INFO - [2026-04-14T09:55:57.679+0900] {dag.py:4138} INFO - Setting next_dagrun for 06_multi_dag_step2_transform to None, run_after=None
[2026-04-14T09:55:57.696+0900] {processor.py:208} INFO - Processing /opt/airflow/dags/06_multi_dag_step2_transform.py took 0.432 seconds
[2026-04-14T09:56:28.046+0900] {processor.py:186} INFO - Started process (PID=39316) to work on /opt/airflow/dags/06_multi_dag_step2_transform.py
[2026-04-14T09:56:28.047+0900] {processor.py:914} INFO - Processing file /opt/airflow/dags/06_multi_dag_step2_transform.py for tasks to queue
[2026-04-14T09:56:28.049+0900] {logging_mixin.py:190} INFO - [2026-04-14T09:56:28.049+0900] {dagbag.py:587} INFO - Filling up the DagBag from /opt/airflow/dags/06_multi_dag_step2_transform.py
[2026-04-14T09:56:28.436+0900] {processor.py:925} INFO - DAG(s) '06_multi_dag_step2_transform' retrieved from /opt/airflow/dags/06_multi_dag_step2_transform.py
[2026-04-14T09:56:28.453+0900] {logging_mixin.py:190} INFO - [2026-04-14T09:56:28.453+0900] {dag.py:3211} INFO - Sync 1 DAGs
[2026-04-14T09:56:28.469+0900] {logging_mixin.py:190} INFO - [2026-04-14T09:56:28.469+0900] {dag.py:4138} INFO - Setting next_dagrun for 06_multi_dag_step2_transform to None, run_after=None
[2026-04-14T09:56:28.487+0900] {processor.py:208} INFO - Processing /opt/airflow/dags/06_multi_dag_step2_transform.py took 0.446 seconds
[2026-04-14T09:56:58.557+0900] {processor.py:186} INFO - Started process (PID=39334) to work on /opt/airflow/dags/06_multi_dag_step2_transform.py
[2026-04-14T09:56:58.559+0900] {processor.py:914} INFO - Processing file /opt/airflow/dags/06_multi_dag_step2_transform.py for tasks to queue
[2026-04-14T09:56:58.563+0900] {logging_mixin.py:190} INFO - [2026-04-14T09:56:58.562+0900] {dagbag.py:587} INFO - Filling up the DagBag from /opt/airflow/dags/06_multi_dag_step2_transform.py
[2026-04-14T09:56:58.946+0900] {processor.py:925} INFO - DAG(s) '06_multi_dag_step2_transform' retrieved from /opt/airflow/dags/06_multi_dag_step2_transform.py
[2026-04-14T09:56:58.962+0900] {logging_mixin.py:190} INFO - [2026-04-14T09:56:58.962+0900] {dag.py:3211} INFO - Sync 1 DAGs
[2026-04-14T09:56:58.975+0900] {logging_mixin.py:190} INFO - [2026-04-14T09:56:58.975+0900] {dag.py:4138} INFO - Setting next_dagrun for 06_multi_dag_step2_transform to None, run_after=None
[2026-04-14T09:56:58.992+0900] {processor.py:208} INFO - Processing /opt/airflow/dags/06_multi_dag_step2_transform.py took 0.441 seconds
[2026-04-14T09:57:29.085+0900] {processor.py:186} INFO - Started process (PID=39352) to work on /opt/airflow/dags/06_multi_dag_step2_transform.py
[2026-04-14T09:57:29.086+0900] {processor.py:914} INFO - Processing file /opt/airflow/dags/06_multi_dag_step2_transform.py for tasks to queue
[2026-04-14T09:57:29.088+0900] {logging_mixin.py:190} INFO - [2026-04-14T09:57:29.088+0900] {dagbag.py:587} INFO - Filling up the DagBag from /opt/airflow/dags/06_multi_dag_step2_transform.py
[2026-04-14T09:57:29.438+0900] {processor.py:925} INFO - DAG(s) '06_multi_dag_step2_transform' retrieved from /opt/airflow/dags/06_multi_dag_step2_transform.py
[2026-04-14T09:57:29.454+0900] {logging_mixin.py:190} INFO - [2026-04-14T09:57:29.454+0900] {dag.py:3211} INFO - Sync 1 DAGs
[2026-04-14T09:57:29.469+0900] {logging_mixin.py:190} INFO - [2026-04-14T09:57:29.469+0900] {dag.py:4138} INFO - Setting next_dagrun for 06_multi_dag_step2_transform to None, run_after=None
[2026-04-14T09:57:29.486+0900] {processor.py:208} INFO - Processing /opt/airflow/dags/06_multi_dag_step2_transform.py took 0.406 seconds
[2026-04-14T09:57:59.804+0900] {processor.py:186} INFO - Started process (PID=39370) to work on /opt/airflow/dags/06_multi_dag_step2_transform.py
[2026-04-14T09:57:59.806+0900] {processor.py:914} INFO - Processing file /opt/airflow/dags/06_multi_dag_step2_transform.py for tasks to queue
[2026-04-14T09:57:59.809+0900] {logging_mixin.py:190} INFO - [2026-04-14T09:57:59.808+0900] {dagbag.py:587} INFO - Filling up the DagBag from /opt/airflow/dags/06_multi_dag_step2_transform.py
[2026-04-14T09:58:00.175+0900] {processor.py:925} INFO - DAG(s) '06_multi_dag_step2_transform' retrieved from /opt/airflow/dags/06_multi_dag_step2_transform.py
[2026-04-14T09:58:00.193+0900] {logging_mixin.py:190} INFO - [2026-04-14T09:58:00.193+0900] {dag.py:3211} INFO - Sync 1 DAGs
[2026-04-14T09:58:00.209+0900] {logging_mixin.py:190} INFO - [2026-04-14T09:58:00.208+0900] {dag.py:4138} INFO - Setting next_dagrun for 06_multi_dag_step2_transform to None, run_after=None
[2026-04-14T09:58:00.227+0900] {processor.py:208} INFO - Processing /opt/airflow/dags/06_multi_dag_step2_transform.py took 0.428 seconds
[2026-04-14T09:58:30.490+0900] {processor.py:186} INFO - Started process (PID=39388) to work on /opt/airflow/dags/06_multi_dag_step2_transform.py
[2026-04-14T09:58:30.491+0900] {processor.py:914} INFO - Processing file /opt/airflow/dags/06_multi_dag_step2_transform.py for tasks to queue
[2026-04-14T09:58:30.493+0900] {logging_mixin.py:190} INFO - [2026-04-14T09:58:30.492+0900] {dagbag.py:587} INFO - Filling up the DagBag from /opt/airflow/dags/06_multi_dag_step2_transform.py
[2026-04-14T09:58:30.834+0900] {processor.py:925} INFO - DAG(s) '06_multi_dag_step2_transform' retrieved from /opt/airflow/dags/06_multi_dag_step2_transform.py
[2026-04-14T09:58:30.849+0900] {logging_mixin.py:190} INFO - [2026-04-14T09:58:30.849+0900] {dag.py:3211} INFO - Sync 1 DAGs
[2026-04-14T09:58:30.863+0900] {logging_mixin.py:190} INFO - [2026-04-14T09:58:30.863+0900] {dag.py:4138} INFO - Setting next_dagrun for 06_multi_dag_step2_transform to None, run_after=None
[2026-04-14T09:58:30.881+0900] {processor.py:208} INFO - Processing /opt/airflow/dags/06_multi_dag_step2_transform.py took 0.396 seconds
[2026-04-14T09:59:00.979+0900] {processor.py:186} INFO - Started process (PID=39406) to work on /opt/airflow/dags/06_multi_dag_step2_transform.py
[2026-04-14T09:59:00.980+0900] {processor.py:914} INFO - Processing file /opt/airflow/dags/06_multi_dag_step2_transform.py for tasks to queue
[2026-04-14T09:59:00.982+0900] {logging_mixin.py:190} INFO - [2026-04-14T09:59:00.982+0900] {dagbag.py:587} INFO - Filling up the DagBag from /opt/airflow/dags/06_multi_dag_step2_transform.py
[2026-04-14T09:59:01.339+0900] {processor.py:925} INFO - DAG(s) '06_multi_dag_step2_transform' retrieved from /opt/airflow/dags/06_multi_dag_step2_transform.py
[2026-04-14T09:59:01.361+0900] {logging_mixin.py:190} INFO - [2026-04-14T09:59:01.361+0900] {dag.py:3211} INFO - Sync 1 DAGs
[2026-04-14T09:59:01.375+0900] {logging_mixin.py:190} INFO - [2026-04-14T09:59:01.375+0900] {dag.py:4138} INFO - Setting next_dagrun for 06_multi_dag_step2_transform to None, run_after=None
[2026-04-14T09:59:01.393+0900] {processor.py:208} INFO - Processing /opt/airflow/dags/06_multi_dag_step2_transform.py took 0.418 seconds
[2026-04-14T09:59:31.533+0900] {processor.py:186} INFO - Started process (PID=39424) to work on /opt/airflow/dags/06_multi_dag_step2_transform.py
[2026-04-14T09:59:31.534+0900] {processor.py:914} INFO - Processing file /opt/airflow/dags/06_multi_dag_step2_transform.py for tasks to queue
[2026-04-14T09:59:31.536+0900] {logging_mixin.py:190} INFO - [2026-04-14T09:59:31.536+0900] {dagbag.py:587} INFO - Filling up the DagBag from /opt/airflow/dags/06_multi_dag_step2_transform.py
[2026-04-14T09:59:31.911+0900] {processor.py:925} INFO - DAG(s) '06_multi_dag_step2_transform' retrieved from /opt/airflow/dags/06_multi_dag_step2_transform.py
[2026-04-14T09:59:31.927+0900] {logging_mixin.py:190} INFO - [2026-04-14T09:59:31.927+0900] {dag.py:3211} INFO - Sync 1 DAGs
[2026-04-14T09:59:31.940+0900] {logging_mixin.py:190} INFO - [2026-04-14T09:59:31.940+0900] {dag.py:4138} INFO - Setting next_dagrun for 06_multi_dag_step2_transform to None, run_after=None
[2026-04-14T09:59:31.957+0900] {processor.py:208} INFO - Processing /opt/airflow/dags/06_multi_dag_step2_transform.py took 0.428 seconds
[2026-04-14T10:00:02.704+0900] {processor.py:186} INFO - Started process (PID=39442) to work on /opt/airflow/dags/06_multi_dag_step2_transform.py
[2026-04-14T10:00:02.705+0900] {processor.py:914} INFO - Processing file /opt/airflow/dags/06_multi_dag_step2_transform.py for tasks to queue
[2026-04-14T10:00:02.707+0900] {logging_mixin.py:190} INFO - [2026-04-14T10:00:02.707+0900] {dagbag.py:587} INFO - Filling up the DagBag from /opt/airflow/dags/06_multi_dag_step2_transform.py
[2026-04-14T10:00:03.047+0900] {processor.py:925} INFO - DAG(s) '06_multi_dag_step2_transform' retrieved from /opt/airflow/dags/06_multi_dag_step2_transform.py
[2026-04-14T10:00:03.063+0900] {logging_mixin.py:190} INFO - [2026-04-14T10:00:03.063+0900] {dag.py:3211} INFO - Sync 1 DAGs
[2026-04-14T10:00:03.077+0900] {logging_mixin.py:190} INFO - [2026-04-14T10:00:03.077+0900] {dag.py:4138} INFO - Setting next_dagrun for 06_multi_dag_step2_transform to None, run_after=None
[2026-04-14T10:00:03.092+0900] {processor.py:208} INFO - Processing /opt/airflow/dags/06_multi_dag_step2_transform.py took 0.393 seconds
[2026-04-14T10:00:33.863+0900] {processor.py:186} INFO - Started process (PID=39460) to work on /opt/airflow/dags/06_multi_dag_step2_transform.py
[2026-04-14T10:00:33.864+0900] {processor.py:914} INFO - Processing file /opt/airflow/dags/06_multi_dag_step2_transform.py for tasks to queue
[2026-04-14T10:00:33.866+0900] {logging_mixin.py:190} INFO - [2026-04-14T10:00:33.865+0900] {dagbag.py:587} INFO - Filling up the DagBag from /opt/airflow/dags/06_multi_dag_step2_transform.py
[2026-04-14T10:00:34.194+0900] {processor.py:925} INFO - DAG(s) '06_multi_dag_step2_transform' retrieved from /opt/airflow/dags/06_multi_dag_step2_transform.py
[2026-04-14T10:00:34.209+0900] {logging_mixin.py:190} INFO - [2026-04-14T10:00:34.209+0900] {dag.py:3211} INFO - Sync 1 DAGs
[2026-04-14T10:00:34.223+0900] {logging_mixin.py:190} INFO - [2026-04-14T10:00:34.223+0900] {dag.py:4138} INFO - Setting next_dagrun for 06_multi_dag_step2_transform to None, run_after=None
[2026-04-14T10:00:34.239+0900] {processor.py:208} INFO - Processing /opt/airflow/dags/06_multi_dag_step2_transform.py took 0.381 seconds
[2026-04-14T10:01:05.000+0900] {processor.py:186} INFO - Started process (PID=39478) to work on /opt/airflow/dags/06_multi_dag_step2_transform.py
[2026-04-14T10:01:05.001+0900] {processor.py:914} INFO - Processing file /opt/airflow/dags/06_multi_dag_step2_transform.py for tasks to queue
[2026-04-14T10:01:05.004+0900] {logging_mixin.py:190} INFO - [2026-04-14T10:01:05.003+0900] {dagbag.py:587} INFO - Filling up the DagBag from /opt/airflow/dags/06_multi_dag_step2_transform.py
[2026-04-14T10:01:05.361+0900] {processor.py:925} INFO - DAG(s) '06_multi_dag_step2_transform' retrieved from /opt/airflow/dags/06_multi_dag_step2_transform.py
[2026-04-14T10:01:05.376+0900] {logging_mixin.py:190} INFO - [2026-04-14T10:01:05.376+0900] {dag.py:3211} INFO - Sync 1 DAGs
[2026-04-14T10:01:05.390+0900] {logging_mixin.py:190} INFO - [2026-04-14T10:01:05.390+0900] {dag.py:4138} INFO - Setting next_dagrun for 06_multi_dag_step2_transform to None, run_after=None
[2026-04-14T10:01:05.408+0900] {processor.py:208} INFO - Processing /opt/airflow/dags/06_multi_dag_step2_transform.py took 0.412 seconds
[2026-04-14T10:01:36.125+0900] {processor.py:186} INFO - Started process (PID=39496) to work on /opt/airflow/dags/06_multi_dag_step2_transform.py
[2026-04-14T10:01:36.126+0900] {processor.py:914} INFO - Processing file /opt/airflow/dags/06_multi_dag_step2_transform.py for tasks to queue
[2026-04-14T10:01:36.128+0900] {logging_mixin.py:190} INFO - [2026-04-14T10:01:36.127+0900] {dagbag.py:587} INFO - Filling up the DagBag from /opt/airflow/dags/06_multi_dag_step2_transform.py
[2026-04-14T10:01:36.462+0900] {processor.py:925} INFO - DAG(s) '06_multi_dag_step2_transform' retrieved from /opt/airflow/dags/06_multi_dag_step2_transform.py
[2026-04-14T10:01:36.478+0900] {logging_mixin.py:190} INFO - [2026-04-14T10:01:36.478+0900] {dag.py:3211} INFO - Sync 1 DAGs
[2026-04-14T10:01:36.492+0900] {logging_mixin.py:190} INFO - [2026-04-14T10:01:36.491+0900] {dag.py:4138} INFO - Setting next_dagrun for 06_multi_dag_step2_transform to None, run_after=None
[2026-04-14T10:01:36.510+0900] {processor.py:208} INFO - Processing /opt/airflow/dags/06_multi_dag_step2_transform.py took 0.390 seconds
[2026-04-14T10:02:06.609+0900] {processor.py:186} INFO - Started process (PID=39514) to work on /opt/airflow/dags/06_multi_dag_step2_transform.py
[2026-04-14T10:02:06.610+0900] {processor.py:914} INFO - Processing file /opt/airflow/dags/06_multi_dag_step2_transform.py for tasks to queue
[2026-04-14T10:02:06.612+0900] {logging_mixin.py:190} INFO - [2026-04-14T10:02:06.612+0900] {dagbag.py:587} INFO - Filling up the DagBag from /opt/airflow/dags/06_multi_dag_step2_transform.py
[2026-04-14T10:02:06.956+0900] {processor.py:925} INFO - DAG(s) '06_multi_dag_step2_transform' retrieved from /opt/airflow/dags/06_multi_dag_step2_transform.py
[2026-04-14T10:02:06.973+0900] {logging_mixin.py:190} INFO - [2026-04-14T10:02:06.972+0900] {dag.py:3211} INFO - Sync 1 DAGs
[2026-04-14T10:02:06.988+0900] {logging_mixin.py:190} INFO - [2026-04-14T10:02:06.987+0900] {dag.py:4138} INFO - Setting next_dagrun for 06_multi_dag_step2_transform to None, run_after=None
[2026-04-14T10:02:07.008+0900] {processor.py:208} INFO - Processing /opt/airflow/dags/06_multi_dag_step2_transform.py took 0.404 seconds
[2026-04-14T10:02:37.097+0900] {processor.py:186} INFO - Started process (PID=39532) to work on /opt/airflow/dags/06_multi_dag_step2_transform.py
[2026-04-14T10:02:37.098+0900] {processor.py:914} INFO - Processing file /opt/airflow/dags/06_multi_dag_step2_transform.py for tasks to queue
[2026-04-14T10:02:37.100+0900] {logging_mixin.py:190} INFO - [2026-04-14T10:02:37.100+0900] {dagbag.py:587} INFO - Filling up the DagBag from /opt/airflow/dags/06_multi_dag_step2_transform.py
[2026-04-14T10:02:37.485+0900] {processor.py:925} INFO - DAG(s) '06_multi_dag_step2_transform' retrieved from /opt/airflow/dags/06_multi_dag_step2_transform.py
[2026-04-14T10:02:37.504+0900] {logging_mixin.py:190} INFO - [2026-04-14T10:02:37.504+0900] {dag.py:3211} INFO - Sync 1 DAGs
[2026-04-14T10:02:37.520+0900] {logging_mixin.py:190} INFO - [2026-04-14T10:02:37.519+0900] {dag.py:4138} INFO - Setting next_dagrun for 06_multi_dag_step2_transform to None, run_after=None
[2026-04-14T10:02:37.535+0900] {processor.py:208} INFO - Processing /opt/airflow/dags/06_multi_dag_step2_transform.py took 0.443 seconds
[2026-04-14T10:03:07.837+0900] {processor.py:186} INFO - Started process (PID=39550) to work on /opt/airflow/dags/06_multi_dag_step2_transform.py
[2026-04-14T10:03:07.838+0900] {processor.py:914} INFO - Processing file /opt/airflow/dags/06_multi_dag_step2_transform.py for tasks to queue
[2026-04-14T10:03:07.840+0900] {logging_mixin.py:190} INFO - [2026-04-14T10:03:07.840+0900] {dagbag.py:587} INFO - Filling up the DagBag from /opt/airflow/dags/06_multi_dag_step2_transform.py
[2026-04-14T10:03:08.169+0900] {processor.py:925} INFO - DAG(s) '06_multi_dag_step2_transform' retrieved from /opt/airflow/dags/06_multi_dag_step2_transform.py
[2026-04-14T10:03:08.189+0900] {logging_mixin.py:190} INFO - [2026-04-14T10:03:08.189+0900] {dag.py:3211} INFO - Sync 1 DAGs
[2026-04-14T10:03:08.202+0900] {logging_mixin.py:190} INFO - [2026-04-14T10:03:08.202+0900] {dag.py:4138} INFO - Setting next_dagrun for 06_multi_dag_step2_transform to None, run_after=None
[2026-04-14T10:03:08.219+0900] {processor.py:208} INFO - Processing /opt/airflow/dags/06_multi_dag_step2_transform.py took 0.386 seconds
[2026-04-14T10:03:38.279+0900] {processor.py:186} INFO - Started process (PID=39568) to work on /opt/airflow/dags/06_multi_dag_step2_transform.py
[2026-04-14T10:03:38.280+0900] {processor.py:914} INFO - Processing file /opt/airflow/dags/06_multi_dag_step2_transform.py for tasks to queue
[2026-04-14T10:03:38.282+0900] {logging_mixin.py:190} INFO - [2026-04-14T10:03:38.281+0900] {dagbag.py:587} INFO - Filling up the DagBag from /opt/airflow/dags/06_multi_dag_step2_transform.py
[2026-04-14T10:03:38.613+0900] {processor.py:925} INFO - DAG(s) '06_multi_dag_step2_transform' retrieved from /opt/airflow/dags/06_multi_dag_step2_transform.py
[2026-04-14T10:03:38.630+0900] {logging_mixin.py:190} INFO - [2026-04-14T10:03:38.630+0900] {dag.py:3211} INFO - Sync 1 DAGs
[2026-04-14T10:03:38.644+0900] {logging_mixin.py:190} INFO - [2026-04-14T10:03:38.643+0900] {dag.py:4138} INFO - Setting next_dagrun for 06_multi_dag_step2_transform to None, run_after=None
[2026-04-14T10:03:38.662+0900] {processor.py:208} INFO - Processing /opt/airflow/dags/06_multi_dag_step2_transform.py took 0.387 seconds
[2026-04-14T10:04:08.748+0900] {processor.py:186} INFO - Started process (PID=39586) to work on /opt/airflow/dags/06_multi_dag_step2_transform.py
[2026-04-14T10:04:08.749+0900] {processor.py:914} INFO - Processing file /opt/airflow/dags/06_multi_dag_step2_transform.py for tasks to queue
[2026-04-14T10:04:08.751+0900] {logging_mixin.py:190} INFO - [2026-04-14T10:04:08.751+0900] {dagbag.py:587} INFO - Filling up the DagBag from /opt/airflow/dags/06_multi_dag_step2_transform.py
[2026-04-14T10:04:09.120+0900] {processor.py:925} INFO - DAG(s) '06_multi_dag_step2_transform' retrieved from /opt/airflow/dags/06_multi_dag_step2_transform.py
[2026-04-14T10:04:09.138+0900] {logging_mixin.py:190} INFO - [2026-04-14T10:04:09.137+0900] {dag.py:3211} INFO - Sync 1 DAGs
[2026-04-14T10:04:09.154+0900] {logging_mixin.py:190} INFO - [2026-04-14T10:04:09.154+0900] {dag.py:4138} INFO - Setting next_dagrun for 06_multi_dag_step2_transform to None, run_after=None
[2026-04-14T10:04:09.171+0900] {processor.py:208} INFO - Processing /opt/airflow/dags/06_multi_dag_step2_transform.py took 0.428 seconds
[2026-04-14T10:04:39.249+0900] {processor.py:186} INFO - Started process (PID=39604) to work on /opt/airflow/dags/06_multi_dag_step2_transform.py
[2026-04-14T10:04:39.250+0900] {processor.py:914} INFO - Processing file /opt/airflow/dags/06_multi_dag_step2_transform.py for tasks to queue
[2026-04-14T10:04:39.253+0900] {logging_mixin.py:190} INFO - [2026-04-14T10:04:39.252+0900] {dagbag.py:587} INFO - Filling up the DagBag from /opt/airflow/dags/06_multi_dag_step2_transform.py
[2026-04-14T10:04:39.610+0900] {processor.py:925} INFO - DAG(s) '06_multi_dag_step2_transform' retrieved from /opt/airflow/dags/06_multi_dag_step2_transform.py
[2026-04-14T10:04:39.627+0900] {logging_mixin.py:190} INFO - [2026-04-14T10:04:39.627+0900] {dag.py:3211} INFO - Sync 1 DAGs
[2026-04-14T10:04:39.642+0900] {logging_mixin.py:190} INFO - [2026-04-14T10:04:39.642+0900] {dag.py:4138} INFO - Setting next_dagrun for 06_multi_dag_step2_transform to None, run_after=None
[2026-04-14T10:04:39.662+0900] {processor.py:208} INFO - Processing /opt/airflow/dags/06_multi_dag_step2_transform.py took 0.418 seconds
[2026-04-14T10:05:09.835+0900] {processor.py:186} INFO - Started process (PID=39622) to work on /opt/airflow/dags/06_multi_dag_step2_transform.py
[2026-04-14T10:05:09.836+0900] {processor.py:914} INFO - Processing file /opt/airflow/dags/06_multi_dag_step2_transform.py for tasks to queue
[2026-04-14T10:05:09.838+0900] {logging_mixin.py:190} INFO - [2026-04-14T10:05:09.838+0900] {dagbag.py:587} INFO - Filling up the DagBag from /opt/airflow/dags/06_multi_dag_step2_transform.py
[2026-04-14T10:05:10.198+0900] {processor.py:925} INFO - DAG(s) '06_multi_dag_step2_transform' retrieved from /opt/airflow/dags/06_multi_dag_step2_transform.py
[2026-04-14T10:05:10.215+0900] {logging_mixin.py:190} INFO - [2026-04-14T10:05:10.215+0900] {dag.py:3211} INFO - Sync 1 DAGs
[2026-04-14T10:05:10.231+0900] {logging_mixin.py:190} INFO - [2026-04-14T10:05:10.231+0900] {dag.py:4138} INFO - Setting next_dagrun for 06_multi_dag_step2_transform to None, run_after=None
[2026-04-14T10:05:10.249+0900] {processor.py:208} INFO - Processing /opt/airflow/dags/06_multi_dag_step2_transform.py took 0.418 seconds
[2026-04-14T10:05:41.031+0900] {processor.py:186} INFO - Started process (PID=39640) to work on /opt/airflow/dags/06_multi_dag_step2_transform.py
[2026-04-14T10:05:41.032+0900] {processor.py:914} INFO - Processing file /opt/airflow/dags/06_multi_dag_step2_transform.py for tasks to queue
[2026-04-14T10:05:41.034+0900] {logging_mixin.py:190} INFO - [2026-04-14T10:05:41.034+0900] {dagbag.py:587} INFO - Filling up the DagBag from /opt/airflow/dags/06_multi_dag_step2_transform.py
[2026-04-14T10:05:41.389+0900] {processor.py:925} INFO - DAG(s) '06_multi_dag_step2_transform' retrieved from /opt/airflow/dags/06_multi_dag_step2_transform.py
[2026-04-14T10:05:41.406+0900] {logging_mixin.py:190} INFO - [2026-04-14T10:05:41.406+0900] {dag.py:3211} INFO - Sync 1 DAGs
[2026-04-14T10:05:41.421+0900] {logging_mixin.py:190} INFO - [2026-04-14T10:05:41.421+0900] {dag.py:4138} INFO - Setting next_dagrun for 06_multi_dag_step2_transform to None, run_after=None
[2026-04-14T10:05:41.442+0900] {processor.py:208} INFO - Processing /opt/airflow/dags/06_multi_dag_step2_transform.py took 0.416 seconds
[2026-04-14T10:06:12.170+0900] {processor.py:186} INFO - Started process (PID=39658) to work on /opt/airflow/dags/06_multi_dag_step2_transform.py
[2026-04-14T10:06:12.171+0900] {processor.py:914} INFO - Processing file /opt/airflow/dags/06_multi_dag_step2_transform.py for tasks to queue
[2026-04-14T10:06:12.173+0900] {logging_mixin.py:190} INFO - [2026-04-14T10:06:12.172+0900] {dagbag.py:587} INFO - Filling up the DagBag from /opt/airflow/dags/06_multi_dag_step2_transform.py
[2026-04-14T10:06:12.568+0900] {processor.py:925} INFO - DAG(s) '06_multi_dag_step2_transform' retrieved from /opt/airflow/dags/06_multi_dag_step2_transform.py
[2026-04-14T10:06:12.591+0900] {logging_mixin.py:190} INFO - [2026-04-14T10:06:12.590+0900] {dag.py:3211} INFO - Sync 1 DAGs
[2026-04-14T10:06:12.609+0900] {logging_mixin.py:190} INFO - [2026-04-14T10:06:12.609+0900] {dag.py:4138} INFO - Setting next_dagrun for 06_multi_dag_step2_transform to None, run_after=None
[2026-04-14T10:06:12.633+0900] {processor.py:208} INFO - Processing /opt/airflow/dags/06_multi_dag_step2_transform.py took 0.468 seconds
[2026-04-14T10:06:42.789+0900] {processor.py:186} INFO - Started process (PID=39676) to work on /opt/airflow/dags/06_multi_dag_step2_transform.py
[2026-04-14T10:06:42.790+0900] {processor.py:914} INFO - Processing file /opt/airflow/dags/06_multi_dag_step2_transform.py for tasks to queue
[2026-04-14T10:06:42.792+0900] {logging_mixin.py:190} INFO - [2026-04-14T10:06:42.792+0900] {dagbag.py:587} INFO - Filling up the DagBag from /opt/airflow/dags/06_multi_dag_step2_transform.py
[2026-04-14T10:06:43.180+0900] {processor.py:925} INFO - DAG(s) '06_multi_dag_step2_transform' retrieved from /opt/airflow/dags/06_multi_dag_step2_transform.py
[2026-04-14T10:06:43.196+0900] {logging_mixin.py:190} INFO - [2026-04-14T10:06:43.195+0900] {dag.py:3211} INFO - Sync 1 DAGs
[2026-04-14T10:06:43.208+0900] {logging_mixin.py:190} INFO - [2026-04-14T10:06:43.208+0900] {dag.py:4138} INFO - Setting next_dagrun for 06_multi_dag_step2_transform to None, run_after=None
[2026-04-14T10:06:43.224+0900] {processor.py:208} INFO - Processing /opt/airflow/dags/06_multi_dag_step2_transform.py took 0.439 seconds
[2026-04-14T10:07:14.140+0900] {processor.py:186} INFO - Started process (PID=39696) to work on /opt/airflow/dags/06_multi_dag_step2_transform.py
[2026-04-14T10:07:14.141+0900] {processor.py:914} INFO - Processing file /opt/airflow/dags/06_multi_dag_step2_transform.py for tasks to queue
[2026-04-14T10:07:14.144+0900] {logging_mixin.py:190} INFO - [2026-04-14T10:07:14.143+0900] {dagbag.py:587} INFO - Filling up the DagBag from /opt/airflow/dags/06_multi_dag_step2_transform.py
[2026-04-14T10:07:14.556+0900] {processor.py:925} INFO - DAG(s) '06_multi_dag_step2_transform' retrieved from /opt/airflow/dags/06_multi_dag_step2_transform.py
[2026-04-14T10:07:14.571+0900] {logging_mixin.py:190} INFO - [2026-04-14T10:07:14.571+0900] {dag.py:3211} INFO - Sync 1 DAGs
[2026-04-14T10:07:14.586+0900] {logging_mixin.py:190} INFO - [2026-04-14T10:07:14.585+0900] {dag.py:4138} INFO - Setting next_dagrun for 06_multi_dag_step2_transform to None, run_after=None
[2026-04-14T10:07:14.605+0900] {processor.py:208} INFO - Processing /opt/airflow/dags/06_multi_dag_step2_transform.py took 0.470 seconds
[2026-04-14T10:07:45.306+0900] {processor.py:186} INFO - Started process (PID=39713) to work on /opt/airflow/dags/06_multi_dag_step2_transform.py
[2026-04-14T10:07:45.307+0900] {processor.py:914} INFO - Processing file /opt/airflow/dags/06_multi_dag_step2_transform.py for tasks to queue
[2026-04-14T10:07:45.310+0900] {logging_mixin.py:190} INFO - [2026-04-14T10:07:45.310+0900] {dagbag.py:587} INFO - Filling up the DagBag from /opt/airflow/dags/06_multi_dag_step2_transform.py
[2026-04-14T10:07:45.684+0900] {processor.py:925} INFO - DAG(s) '06_multi_dag_step2_transform' retrieved from /opt/airflow/dags/06_multi_dag_step2_transform.py
[2026-04-14T10:07:45.699+0900] {logging_mixin.py:190} INFO - [2026-04-14T10:07:45.699+0900] {dag.py:3211} INFO - Sync 1 DAGs
[2026-04-14T10:07:45.714+0900] {logging_mixin.py:190} INFO - [2026-04-14T10:07:45.714+0900] {dag.py:4138} INFO - Setting next_dagrun for 06_multi_dag_step2_transform to None, run_after=None
[2026-04-14T10:07:45.733+0900] {processor.py:208} INFO - Processing /opt/airflow/dags/06_multi_dag_step2_transform.py took 0.433 seconds
[2026-04-14T10:08:16.378+0900] {processor.py:186} INFO - Started process (PID=39731) to work on /opt/airflow/dags/06_multi_dag_step2_transform.py
[2026-04-14T10:08:16.379+0900] {processor.py:914} INFO - Processing file /opt/airflow/dags/06_multi_dag_step2_transform.py for tasks to queue
[2026-04-14T10:08:16.382+0900] {logging_mixin.py:190} INFO - [2026-04-14T10:08:16.381+0900] {dagbag.py:587} INFO - Filling up the DagBag from /opt/airflow/dags/06_multi_dag_step2_transform.py
[2026-04-14T10:08:16.745+0900] {processor.py:925} INFO - DAG(s) '06_multi_dag_step2_transform' retrieved from /opt/airflow/dags/06_multi_dag_step2_transform.py
[2026-04-14T10:08:16.761+0900] {logging_mixin.py:190} INFO - [2026-04-14T10:08:16.761+0900] {dag.py:3211} INFO - Sync 1 DAGs
[2026-04-14T10:08:16.777+0900] {logging_mixin.py:190} INFO - [2026-04-14T10:08:16.776+0900] {dag.py:4138} INFO - Setting next_dagrun for 06_multi_dag_step2_transform to None, run_after=None
[2026-04-14T10:08:16.794+0900] {processor.py:208} INFO - Processing /opt/airflow/dags/06_multi_dag_step2_transform.py took 0.420 seconds
[2026-04-14T10:08:46.865+0900] {processor.py:186} INFO - Started process (PID=39749) to work on /opt/airflow/dags/06_multi_dag_step2_transform.py
[2026-04-14T10:08:46.866+0900] {processor.py:914} INFO - Processing file /opt/airflow/dags/06_multi_dag_step2_transform.py for tasks to queue
[2026-04-14T10:08:46.869+0900] {logging_mixin.py:190} INFO - [2026-04-14T10:08:46.868+0900] {dagbag.py:587} INFO - Filling up the DagBag from /opt/airflow/dags/06_multi_dag_step2_transform.py
[2026-04-14T10:08:47.227+0900] {processor.py:925} INFO - DAG(s) '06_multi_dag_step2_transform' retrieved from /opt/airflow/dags/06_multi_dag_step2_transform.py
[2026-04-14T10:08:47.244+0900] {logging_mixin.py:190} INFO - [2026-04-14T10:08:47.243+0900] {dag.py:3211} INFO - Sync 1 DAGs
[2026-04-14T10:08:47.256+0900] {logging_mixin.py:190} INFO - [2026-04-14T10:08:47.256+0900] {dag.py:4138} INFO - Setting next_dagrun for 06_multi_dag_step2_transform to None, run_after=None
[2026-04-14T10:08:47.273+0900] {processor.py:208} INFO - Processing /opt/airflow/dags/06_multi_dag_step2_transform.py took 0.412 seconds
[2026-04-14T10:09:17.419+0900] {processor.py:186} INFO - Started process (PID=39767) to work on /opt/airflow/dags/06_multi_dag_step2_transform.py
[2026-04-14T10:09:17.420+0900] {processor.py:914} INFO - Processing file /opt/airflow/dags/06_multi_dag_step2_transform.py for tasks to queue
[2026-04-14T10:09:17.422+0900] {logging_mixin.py:190} INFO - [2026-04-14T10:09:17.422+0900] {dagbag.py:587} INFO - Filling up the DagBag from /opt/airflow/dags/06_multi_dag_step2_transform.py
[2026-04-14T10:09:17.787+0900] {processor.py:925} INFO - DAG(s) '06_multi_dag_step2_transform' retrieved from /opt/airflow/dags/06_multi_dag_step2_transform.py
[2026-04-14T10:09:17.803+0900] {logging_mixin.py:190} INFO - [2026-04-14T10:09:17.802+0900] {dag.py:3211} INFO - Sync 1 DAGs
[2026-04-14T10:09:17.817+0900] {logging_mixin.py:190} INFO - [2026-04-14T10:09:17.817+0900] {dag.py:4138} INFO - Setting next_dagrun for 06_multi_dag_step2_transform to None, run_after=None
[2026-04-14T10:09:17.833+0900] {processor.py:208} INFO - Processing /opt/airflow/dags/06_multi_dag_step2_transform.py took 0.419 seconds
[2026-04-14T10:09:47.910+0900] {processor.py:186} INFO - Started process (PID=39785) to work on /opt/airflow/dags/06_multi_dag_step2_transform.py
[2026-04-14T10:09:47.911+0900] {processor.py:914} INFO - Processing file /opt/airflow/dags/06_multi_dag_step2_transform.py for tasks to queue
[2026-04-14T10:09:47.913+0900] {logging_mixin.py:190} INFO - [2026-04-14T10:09:47.913+0900] {dagbag.py:587} INFO - Filling up the DagBag from /opt/airflow/dags/06_multi_dag_step2_transform.py
[2026-04-14T10:09:48.274+0900] {processor.py:925} INFO - DAG(s) '06_multi_dag_step2_transform' retrieved from /opt/airflow/dags/06_multi_dag_step2_transform.py
[2026-04-14T10:09:48.290+0900] {logging_mixin.py:190} INFO - [2026-04-14T10:09:48.289+0900] {dag.py:3211} INFO - Sync 1 DAGs
[2026-04-14T10:09:48.304+0900] {logging_mixin.py:190} INFO - [2026-04-14T10:09:48.303+0900] {dag.py:4138} INFO - Setting next_dagrun for 06_multi_dag_step2_transform to None, run_after=None
[2026-04-14T10:09:48.322+0900] {processor.py:208} INFO - Processing /opt/airflow/dags/06_multi_dag_step2_transform.py took 0.417 seconds
[2026-04-14T10:10:18.415+0900] {processor.py:186} INFO - Started process (PID=39803) to work on /opt/airflow/dags/06_multi_dag_step2_transform.py
[2026-04-14T10:10:18.415+0900] {processor.py:914} INFO - Processing file /opt/airflow/dags/06_multi_dag_step2_transform.py for tasks to queue
[2026-04-14T10:10:18.417+0900] {logging_mixin.py:190} INFO - [2026-04-14T10:10:18.417+0900] {dagbag.py:587} INFO - Filling up the DagBag from /opt/airflow/dags/06_multi_dag_step2_transform.py
[2026-04-14T10:10:18.767+0900] {processor.py:925} INFO - DAG(s) '06_multi_dag_step2_transform' retrieved from /opt/airflow/dags/06_multi_dag_step2_transform.py
[2026-04-14T10:10:18.785+0900] {logging_mixin.py:190} INFO - [2026-04-14T10:10:18.785+0900] {dag.py:3211} INFO - Sync 1 DAGs
[2026-04-14T10:10:18.805+0900] {logging_mixin.py:190} INFO - [2026-04-14T10:10:18.804+0900] {dag.py:4138} INFO - Setting next_dagrun for 06_multi_dag_step2_transform to None, run_after=None
[2026-04-14T10:10:18.822+0900] {processor.py:208} INFO - Processing /opt/airflow/dags/06_multi_dag_step2_transform.py took 0.412 seconds
[2026-04-14T10:10:48.979+0900] {processor.py:186} INFO - Started process (PID=39821) to work on /opt/airflow/dags/06_multi_dag_step2_transform.py
[2026-04-14T10:10:48.980+0900] {processor.py:914} INFO - Processing file /opt/airflow/dags/06_multi_dag_step2_transform.py for tasks to queue
[2026-04-14T10:10:48.982+0900] {logging_mixin.py:190} INFO - [2026-04-14T10:10:48.982+0900] {dagbag.py:587} INFO - Filling up the DagBag from /opt/airflow/dags/06_multi_dag_step2_transform.py
[2026-04-14T10:10:49.363+0900] {processor.py:925} INFO - DAG(s) '06_multi_dag_step2_transform' retrieved from /opt/airflow/dags/06_multi_dag_step2_transform.py
[2026-04-14T10:10:49.380+0900] {logging_mixin.py:190} INFO - [2026-04-14T10:10:49.380+0900] {dag.py:3211} INFO - Sync 1 DAGs
[2026-04-14T10:10:49.394+0900] {logging_mixin.py:190} INFO - [2026-04-14T10:10:49.394+0900] {dag.py:4138} INFO - Setting next_dagrun for 06_multi_dag_step2_transform to None, run_after=None
[2026-04-14T10:10:49.411+0900] {processor.py:208} INFO - Processing /opt/airflow/dags/06_multi_dag_step2_transform.py took 0.437 seconds
[2026-04-14T10:11:20.098+0900] {processor.py:186} INFO - Started process (PID=39839) to work on /opt/airflow/dags/06_multi_dag_step2_transform.py
[2026-04-14T10:11:20.099+0900] {processor.py:914} INFO - Processing file /opt/airflow/dags/06_multi_dag_step2_transform.py for tasks to queue
[2026-04-14T10:11:20.101+0900] {logging_mixin.py:190} INFO - [2026-04-14T10:11:20.101+0900] {dagbag.py:587} INFO - Filling up the DagBag from /opt/airflow/dags/06_multi_dag_step2_transform.py
[2026-04-14T10:11:20.471+0900] {processor.py:925} INFO - DAG(s) '06_multi_dag_step2_transform' retrieved from /opt/airflow/dags/06_multi_dag_step2_transform.py
[2026-04-14T10:11:20.486+0900] {logging_mixin.py:190} INFO - [2026-04-14T10:11:20.485+0900] {dag.py:3211} INFO - Sync 1 DAGs
[2026-04-14T10:11:20.499+0900] {logging_mixin.py:190} INFO - [2026-04-14T10:11:20.498+0900] {dag.py:4138} INFO - Setting next_dagrun for 06_multi_dag_step2_transform to None, run_after=None
[2026-04-14T10:11:20.514+0900] {processor.py:208} INFO - Processing /opt/airflow/dags/06_multi_dag_step2_transform.py took 0.420 seconds
[2026-04-14T10:11:50.586+0900] {processor.py:186} INFO - Started process (PID=39864) to work on /opt/airflow/dags/06_multi_dag_step2_transform.py
[2026-04-14T10:11:50.587+0900] {processor.py:914} INFO - Processing file /opt/airflow/dags/06_multi_dag_step2_transform.py for tasks to queue
[2026-04-14T10:11:50.589+0900] {logging_mixin.py:190} INFO - [2026-04-14T10:11:50.589+0900] {dagbag.py:587} INFO - Filling up the DagBag from /opt/airflow/dags/06_multi_dag_step2_transform.py
[2026-04-14T10:11:50.925+0900] {processor.py:925} INFO - DAG(s) '06_multi_dag_step2_transform' retrieved from /opt/airflow/dags/06_multi_dag_step2_transform.py
[2026-04-14T10:11:50.940+0900] {logging_mixin.py:190} INFO - [2026-04-14T10:11:50.940+0900] {dag.py:3211} INFO - Sync 1 DAGs
[2026-04-14T10:11:50.953+0900] {logging_mixin.py:190} INFO - [2026-04-14T10:11:50.953+0900] {dag.py:4138} INFO - Setting next_dagrun for 06_multi_dag_step2_transform to None, run_after=None
[2026-04-14T10:11:50.969+0900] {processor.py:208} INFO - Processing /opt/airflow/dags/06_multi_dag_step2_transform.py took 0.388 seconds
[2026-04-14T10:12:21.462+0900] {processor.py:186} INFO - Started process (PID=39883) to work on /opt/airflow/dags/06_multi_dag_step2_transform.py
[2026-04-14T10:12:21.463+0900] {processor.py:914} INFO - Processing file /opt/airflow/dags/06_multi_dag_step2_transform.py for tasks to queue
[2026-04-14T10:12:21.465+0900] {logging_mixin.py:190} INFO - [2026-04-14T10:12:21.465+0900] {dagbag.py:587} INFO - Filling up the DagBag from /opt/airflow/dags/06_multi_dag_step2_transform.py
[2026-04-14T10:12:21.802+0900] {processor.py:925} INFO - DAG(s) '06_multi_dag_step2_transform' retrieved from /opt/airflow/dags/06_multi_dag_step2_transform.py
[2026-04-14T10:12:21.818+0900] {logging_mixin.py:190} INFO - [2026-04-14T10:12:21.817+0900] {dag.py:3211} INFO - Sync 1 DAGs
[2026-04-14T10:12:21.832+0900] {logging_mixin.py:190} INFO - [2026-04-14T10:12:21.832+0900] {dag.py:4138} INFO - Setting next_dagrun for 06_multi_dag_step2_transform to None, run_after=None
[2026-04-14T10:12:21.848+0900] {processor.py:208} INFO - Processing /opt/airflow/dags/06_multi_dag_step2_transform.py took 0.391 seconds
[2026-04-14T10:12:52.047+0900] {processor.py:186} INFO - Started process (PID=39901) to work on /opt/airflow/dags/06_multi_dag_step2_transform.py
[2026-04-14T10:12:52.048+0900] {processor.py:914} INFO - Processing file /opt/airflow/dags/06_multi_dag_step2_transform.py for tasks to queue
[2026-04-14T10:12:52.050+0900] {logging_mixin.py:190} INFO - [2026-04-14T10:12:52.050+0900] {dagbag.py:587} INFO - Filling up the DagBag from /opt/airflow/dags/06_multi_dag_step2_transform.py
[2026-04-14T10:12:52.412+0900] {processor.py:925} INFO - DAG(s) '06_multi_dag_step2_transform' retrieved from /opt/airflow/dags/06_multi_dag_step2_transform.py
[2026-04-14T10:12:52.427+0900] {logging_mixin.py:190} INFO - [2026-04-14T10:12:52.427+0900] {dag.py:3211} INFO - Sync 1 DAGs
[2026-04-14T10:12:52.439+0900] {logging_mixin.py:190} INFO - [2026-04-14T10:12:52.439+0900] {dag.py:4138} INFO - Setting next_dagrun for 06_multi_dag_step2_transform to None, run_after=None
[2026-04-14T10:12:52.456+0900] {processor.py:208} INFO - Processing /opt/airflow/dags/06_multi_dag_step2_transform.py took 0.414 seconds
[2026-04-14T10:13:22.742+0900] {processor.py:186} INFO - Started process (PID=39918) to work on /opt/airflow/dags/06_multi_dag_step2_transform.py
[2026-04-14T10:13:22.743+0900] {processor.py:914} INFO - Processing file /opt/airflow/dags/06_multi_dag_step2_transform.py for tasks to queue
[2026-04-14T10:13:22.745+0900] {logging_mixin.py:190} INFO - [2026-04-14T10:13:22.745+0900] {dagbag.py:587} INFO - Filling up the DagBag from /opt/airflow/dags/06_multi_dag_step2_transform.py
[2026-04-14T10:13:23.096+0900] {processor.py:925} INFO - DAG(s) '06_multi_dag_step2_transform' retrieved from /opt/airflow/dags/06_multi_dag_step2_transform.py
[2026-04-14T10:13:23.115+0900] {logging_mixin.py:190} INFO - [2026-04-14T10:13:23.115+0900] {dag.py:3211} INFO - Sync 1 DAGs
[2026-04-14T10:13:23.130+0900] {logging_mixin.py:190} INFO - [2026-04-14T10:13:23.130+0900] {dag.py:4138} INFO - Setting next_dagrun for 06_multi_dag_step2_transform to None, run_after=None
[2026-04-14T10:13:23.150+0900] {processor.py:208} INFO - Processing /opt/airflow/dags/06_multi_dag_step2_transform.py took 0.412 seconds
[2026-04-14T10:13:53.873+0900] {processor.py:186} INFO - Started process (PID=39936) to work on /opt/airflow/dags/06_multi_dag_step2_transform.py
[2026-04-14T10:13:53.874+0900] {processor.py:914} INFO - Processing file /opt/airflow/dags/06_multi_dag_step2_transform.py for tasks to queue
[2026-04-14T10:13:53.876+0900] {logging_mixin.py:190} INFO - [2026-04-14T10:13:53.875+0900] {dagbag.py:587} INFO - Filling up the DagBag from /opt/airflow/dags/06_multi_dag_step2_transform.py
[2026-04-14T10:13:54.228+0900] {processor.py:925} INFO - DAG(s) '06_multi_dag_step2_transform' retrieved from /opt/airflow/dags/06_multi_dag_step2_transform.py
[2026-04-14T10:13:54.243+0900] {logging_mixin.py:190} INFO - [2026-04-14T10:13:54.243+0900] {dag.py:3211} INFO - Sync 1 DAGs
[2026-04-14T10:13:54.258+0900] {logging_mixin.py:190} INFO - [2026-04-14T10:13:54.257+0900] {dag.py:4138} INFO - Setting next_dagrun for 06_multi_dag_step2_transform to None, run_after=None
[2026-04-14T10:13:54.277+0900] {processor.py:208} INFO - Processing /opt/airflow/dags/06_multi_dag_step2_transform.py took 0.409 seconds
[2026-04-14T10:14:24.328+0900] {processor.py:186} INFO - Started process (PID=39953) to work on /opt/airflow/dags/06_multi_dag_step2_transform.py
[2026-04-14T10:14:24.329+0900] {processor.py:914} INFO - Processing file /opt/airflow/dags/06_multi_dag_step2_transform.py for tasks to queue
[2026-04-14T10:14:24.332+0900] {logging_mixin.py:190} INFO - [2026-04-14T10:14:24.331+0900] {dagbag.py:587} INFO - Filling up the DagBag from /opt/airflow/dags/06_multi_dag_step2_transform.py
[2026-04-14T10:14:24.663+0900] {processor.py:925} INFO - DAG(s) '06_multi_dag_step2_transform' retrieved from /opt/airflow/dags/06_multi_dag_step2_transform.py
[2026-04-14T10:14:24.678+0900] {logging_mixin.py:190} INFO - [2026-04-14T10:14:24.678+0900] {dag.py:3211} INFO - Sync 1 DAGs
[2026-04-14T10:14:24.691+0900] {logging_mixin.py:190} INFO - [2026-04-14T10:14:24.691+0900] {dag.py:4138} INFO - Setting next_dagrun for 06_multi_dag_step2_transform to None, run_after=None
[2026-04-14T10:14:24.706+0900] {processor.py:208} INFO - Processing /opt/airflow/dags/06_multi_dag_step2_transform.py took 0.382 seconds
[2026-04-14T10:14:54.837+0900] {processor.py:186} INFO - Started process (PID=39971) to work on /opt/airflow/dags/06_multi_dag_step2_transform.py
[2026-04-14T10:14:54.838+0900] {processor.py:914} INFO - Processing file /opt/airflow/dags/06_multi_dag_step2_transform.py for tasks to queue
[2026-04-14T10:14:54.840+0900] {logging_mixin.py:190} INFO - [2026-04-14T10:14:54.839+0900] {dagbag.py:587} INFO - Filling up the DagBag from /opt/airflow/dags/06_multi_dag_step2_transform.py
[2026-04-14T10:14:55.164+0900] {processor.py:925} INFO - DAG(s) '06_multi_dag_step2_transform' retrieved from /opt/airflow/dags/06_multi_dag_step2_transform.py
[2026-04-14T10:14:55.180+0900] {logging_mixin.py:190} INFO - [2026-04-14T10:14:55.180+0900] {dag.py:3211} INFO - Sync 1 DAGs
[2026-04-14T10:14:55.194+0900] {logging_mixin.py:190} INFO - [2026-04-14T10:14:55.194+0900] {dag.py:4138} INFO - Setting next_dagrun for 06_multi_dag_step2_transform to None, run_after=None
[2026-04-14T10:14:55.214+0900] {processor.py:208} INFO - Processing /opt/airflow/dags/06_multi_dag_step2_transform.py took 0.382 seconds
[2026-04-14T10:15:25.303+0900] {processor.py:186} INFO - Started process (PID=39989) to work on /opt/airflow/dags/06_multi_dag_step2_transform.py
[2026-04-14T10:15:25.304+0900] {processor.py:914} INFO - Processing file /opt/airflow/dags/06_multi_dag_step2_transform.py for tasks to queue
[2026-04-14T10:15:25.306+0900] {logging_mixin.py:190} INFO - [2026-04-14T10:15:25.306+0900] {dagbag.py:587} INFO - Filling up the DagBag from /opt/airflow/dags/06_multi_dag_step2_transform.py
[2026-04-14T10:15:25.643+0900] {processor.py:925} INFO - DAG(s) '06_multi_dag_step2_transform' retrieved from /opt/airflow/dags/06_multi_dag_step2_transform.py
[2026-04-14T10:15:25.670+0900] {logging_mixin.py:190} INFO - [2026-04-14T10:15:25.670+0900] {dag.py:3211} INFO - Sync 1 DAGs
[2026-04-14T10:15:25.691+0900] {logging_mixin.py:190} INFO - [2026-04-14T10:15:25.690+0900] {dag.py:4138} INFO - Setting next_dagrun for 06_multi_dag_step2_transform to None, run_after=None
[2026-04-14T10:15:25.712+0900] {processor.py:208} INFO - Processing /opt/airflow/dags/06_multi_dag_step2_transform.py took 0.414 seconds
[2026-04-14T10:15:55.811+0900] {processor.py:186} INFO - Started process (PID=40007) to work on /opt/airflow/dags/06_multi_dag_step2_transform.py
[2026-04-14T10:15:55.812+0900] {processor.py:914} INFO - Processing file /opt/airflow/dags/06_multi_dag_step2_transform.py for tasks to queue
[2026-04-14T10:15:55.814+0900] {logging_mixin.py:190} INFO - [2026-04-14T10:15:55.814+0900] {dagbag.py:587} INFO - Filling up the DagBag from /opt/airflow/dags/06_multi_dag_step2_transform.py
[2026-04-14T10:15:56.166+0900] {processor.py:925} INFO - DAG(s) '06_multi_dag_step2_transform' retrieved from /opt/airflow/dags/06_multi_dag_step2_transform.py
[2026-04-14T10:15:56.181+0900] {logging_mixin.py:190} INFO - [2026-04-14T10:15:56.181+0900] {dag.py:3211} INFO - Sync 1 DAGs
[2026-04-14T10:15:56.195+0900] {logging_mixin.py:190} INFO - [2026-04-14T10:15:56.195+0900] {dag.py:4138} INFO - Setting next_dagrun for 06_multi_dag_step2_transform to None, run_after=None
[2026-04-14T10:15:56.217+0900] {processor.py:208} INFO - Processing /opt/airflow/dags/06_multi_dag_step2_transform.py took 0.410 seconds
[2026-04-14T10:16:26.350+0900] {processor.py:186} INFO - Started process (PID=40026) to work on /opt/airflow/dags/06_multi_dag_step2_transform.py
[2026-04-14T10:16:26.351+0900] {processor.py:914} INFO - Processing file /opt/airflow/dags/06_multi_dag_step2_transform.py for tasks to queue
[2026-04-14T10:16:26.353+0900] {logging_mixin.py:190} INFO - [2026-04-14T10:16:26.352+0900] {dagbag.py:587} INFO - Filling up the DagBag from /opt/airflow/dags/06_multi_dag_step2_transform.py
[2026-04-14T10:16:26.680+0900] {processor.py:925} INFO - DAG(s) '06_multi_dag_step2_transform' retrieved from /opt/airflow/dags/06_multi_dag_step2_transform.py
[2026-04-14T10:16:26.697+0900] {logging_mixin.py:190} INFO - [2026-04-14T10:16:26.697+0900] {dag.py:3211} INFO - Sync 1 DAGs
[2026-04-14T10:16:26.710+0900] {logging_mixin.py:190} INFO - [2026-04-14T10:16:26.710+0900] {dag.py:4138} INFO - Setting next_dagrun for 06_multi_dag_step2_transform to None, run_after=None
[2026-04-14T10:16:26.725+0900] {processor.py:208} INFO - Processing /opt/airflow/dags/06_multi_dag_step2_transform.py took 0.380 seconds
[2026-04-14T10:16:56.798+0900] {processor.py:186} INFO - Started process (PID=40044) to work on /opt/airflow/dags/06_multi_dag_step2_transform.py
[2026-04-14T10:16:56.799+0900] {processor.py:914} INFO - Processing file /opt/airflow/dags/06_multi_dag_step2_transform.py for tasks to queue
[2026-04-14T10:16:56.802+0900] {logging_mixin.py:190} INFO - [2026-04-14T10:16:56.801+0900] {dagbag.py:587} INFO - Filling up the DagBag from /opt/airflow/dags/06_multi_dag_step2_transform.py
[2026-04-14T10:16:57.147+0900] {processor.py:925} INFO - DAG(s) '06_multi_dag_step2_transform' retrieved from /opt/airflow/dags/06_multi_dag_step2_transform.py
[2026-04-14T10:16:57.163+0900] {logging_mixin.py:190} INFO - [2026-04-14T10:16:57.163+0900] {dag.py:3211} INFO - Sync 1 DAGs
[2026-04-14T10:16:57.177+0900] {logging_mixin.py:190} INFO - [2026-04-14T10:16:57.177+0900] {dag.py:4138} INFO - Setting next_dagrun for 06_multi_dag_step2_transform to None, run_after=None
[2026-04-14T10:16:57.193+0900] {processor.py:208} INFO - Processing /opt/airflow/dags/06_multi_dag_step2_transform.py took 0.401 seconds
[2026-04-14T10:17:27.381+0900] {processor.py:186} INFO - Started process (PID=40062) to work on /opt/airflow/dags/06_multi_dag_step2_transform.py
[2026-04-14T10:17:27.382+0900] {processor.py:914} INFO - Processing file /opt/airflow/dags/06_multi_dag_step2_transform.py for tasks to queue
[2026-04-14T10:17:27.384+0900] {logging_mixin.py:190} INFO - [2026-04-14T10:17:27.384+0900] {dagbag.py:587} INFO - Filling up the DagBag from /opt/airflow/dags/06_multi_dag_step2_transform.py
[2026-04-14T10:17:27.742+0900] {processor.py:925} INFO - DAG(s) '06_multi_dag_step2_transform' retrieved from /opt/airflow/dags/06_multi_dag_step2_transform.py
[2026-04-14T10:17:27.758+0900] {logging_mixin.py:190} INFO - [2026-04-14T10:17:27.758+0900] {dag.py:3211} INFO - Sync 1 DAGs
[2026-04-14T10:17:27.772+0900] {logging_mixin.py:190} INFO - [2026-04-14T10:17:27.772+0900] {dag.py:4138} INFO - Setting next_dagrun for 06_multi_dag_step2_transform to None, run_after=None
[2026-04-14T10:17:27.788+0900] {processor.py:208} INFO - Processing /opt/airflow/dags/06_multi_dag_step2_transform.py took 0.412 seconds
[2026-04-14T10:17:58.135+0900] {processor.py:186} INFO - Started process (PID=40080) to work on /opt/airflow/dags/06_multi_dag_step2_transform.py
[2026-04-14T10:17:58.136+0900] {processor.py:914} INFO - Processing file /opt/airflow/dags/06_multi_dag_step2_transform.py for tasks to queue
[2026-04-14T10:17:58.138+0900] {logging_mixin.py:190} INFO - [2026-04-14T10:17:58.138+0900] {dagbag.py:587} INFO - Filling up the DagBag from /opt/airflow/dags/06_multi_dag_step2_transform.py
[2026-04-14T10:17:58.464+0900] {processor.py:925} INFO - DAG(s) '06_multi_dag_step2_transform' retrieved from /opt/airflow/dags/06_multi_dag_step2_transform.py
[2026-04-14T10:17:58.479+0900] {logging_mixin.py:190} INFO - [2026-04-14T10:17:58.479+0900] {dag.py:3211} INFO - Sync 1 DAGs
[2026-04-14T10:17:58.493+0900] {logging_mixin.py:190} INFO - [2026-04-14T10:17:58.493+0900] {dag.py:4138} INFO - Setting next_dagrun for 06_multi_dag_step2_transform to None, run_after=None
[2026-04-14T10:17:58.510+0900] {processor.py:208} INFO - Processing /opt/airflow/dags/06_multi_dag_step2_transform.py took 0.380 seconds
[2026-04-14T10:18:28.590+0900] {processor.py:186} INFO - Started process (PID=40098) to work on /opt/airflow/dags/06_multi_dag_step2_transform.py
[2026-04-14T10:18:28.591+0900] {processor.py:914} INFO - Processing file /opt/airflow/dags/06_multi_dag_step2_transform.py for tasks to queue
[2026-04-14T10:18:28.593+0900] {logging_mixin.py:190} INFO - [2026-04-14T10:18:28.593+0900] {dagbag.py:587} INFO - Filling up the DagBag from /opt/airflow/dags/06_multi_dag_step2_transform.py
[2026-04-14T10:18:28.921+0900] {processor.py:925} INFO - DAG(s) '06_multi_dag_step2_transform' retrieved from /opt/airflow/dags/06_multi_dag_step2_transform.py
[2026-04-14T10:18:28.937+0900] {logging_mixin.py:190} INFO - [2026-04-14T10:18:28.937+0900] {dag.py:3211} INFO - Sync 1 DAGs
[2026-04-14T10:18:28.951+0900] {logging_mixin.py:190} INFO - [2026-04-14T10:18:28.951+0900] {dag.py:4138} INFO - Setting next_dagrun for 06_multi_dag_step2_transform to None, run_after=None
[2026-04-14T10:18:28.967+0900] {processor.py:208} INFO - Processing /opt/airflow/dags/06_multi_dag_step2_transform.py took 0.383 seconds
[2026-04-14T10:18:59.117+0900] {processor.py:186} INFO - Started process (PID=40116) to work on /opt/airflow/dags/06_multi_dag_step2_transform.py
[2026-04-14T10:18:59.118+0900] {processor.py:914} INFO - Processing file /opt/airflow/dags/06_multi_dag_step2_transform.py for tasks to queue
[2026-04-14T10:18:59.120+0900] {logging_mixin.py:190} INFO - [2026-04-14T10:18:59.120+0900] {dagbag.py:587} INFO - Filling up the DagBag from /opt/airflow/dags/06_multi_dag_step2_transform.py
[2026-04-14T10:18:59.438+0900] {processor.py:925} INFO - DAG(s) '06_multi_dag_step2_transform' retrieved from /opt/airflow/dags/06_multi_dag_step2_transform.py
[2026-04-14T10:18:59.453+0900] {logging_mixin.py:190} INFO - [2026-04-14T10:18:59.453+0900] {dag.py:3211} INFO - Sync 1 DAGs
[2026-04-14T10:18:59.466+0900] {logging_mixin.py:190} INFO - [2026-04-14T10:18:59.466+0900] {dag.py:4138} INFO - Setting next_dagrun for 06_multi_dag_step2_transform to None, run_after=None
[2026-04-14T10:18:59.484+0900] {processor.py:208} INFO - Processing /opt/airflow/dags/06_multi_dag_step2_transform.py took 0.372 seconds
[2026-04-14T10:19:29.637+0900] {processor.py:186} INFO - Started process (PID=40134) to work on /opt/airflow/dags/06_multi_dag_step2_transform.py
[2026-04-14T10:19:29.638+0900] {processor.py:914} INFO - Processing file /opt/airflow/dags/06_multi_dag_step2_transform.py for tasks to queue
[2026-04-14T10:19:29.640+0900] {logging_mixin.py:190} INFO - [2026-04-14T10:19:29.640+0900] {dagbag.py:587} INFO - Filling up the DagBag from /opt/airflow/dags/06_multi_dag_step2_transform.py
[2026-04-14T10:19:29.981+0900] {processor.py:925} INFO - DAG(s) '06_multi_dag_step2_transform' retrieved from /opt/airflow/dags/06_multi_dag_step2_transform.py
[2026-04-14T10:19:29.998+0900] {logging_mixin.py:190} INFO - [2026-04-14T10:19:29.997+0900] {dag.py:3211} INFO - Sync 1 DAGs
[2026-04-14T10:19:30.013+0900] {logging_mixin.py:190} INFO - [2026-04-14T10:19:30.013+0900] {dag.py:4138} INFO - Setting next_dagrun for 06_multi_dag_step2_transform to None, run_after=None
[2026-04-14T10:19:30.031+0900] {processor.py:208} INFO - Processing /opt/airflow/dags/06_multi_dag_step2_transform.py took 0.398 seconds
[2026-04-14T10:20:00.131+0900] {processor.py:186} INFO - Started process (PID=40152) to work on /opt/airflow/dags/06_multi_dag_step2_transform.py
[2026-04-14T10:20:00.133+0900] {processor.py:914} INFO - Processing file /opt/airflow/dags/06_multi_dag_step2_transform.py for tasks to queue
[2026-04-14T10:20:00.135+0900] {logging_mixin.py:190} INFO - [2026-04-14T10:20:00.135+0900] {dagbag.py:587} INFO - Filling up the DagBag from /opt/airflow/dags/06_multi_dag_step2_transform.py
[2026-04-14T10:20:00.486+0900] {processor.py:925} INFO - DAG(s) '06_multi_dag_step2_transform' retrieved from /opt/airflow/dags/06_multi_dag_step2_transform.py
[2026-04-14T10:20:00.500+0900] {logging_mixin.py:190} INFO - [2026-04-14T10:20:00.500+0900] {dag.py:3211} INFO - Sync 1 DAGs
[2026-04-14T10:20:00.514+0900] {logging_mixin.py:190} INFO - [2026-04-14T10:20:00.514+0900] {dag.py:4138} INFO - Setting next_dagrun for 06_multi_dag_step2_transform to None, run_after=None
[2026-04-14T10:20:00.535+0900] {processor.py:208} INFO - Processing /opt/airflow/dags/06_multi_dag_step2_transform.py took 0.410 seconds
[2026-04-14T10:20:30.655+0900] {processor.py:186} INFO - Started process (PID=40170) to work on /opt/airflow/dags/06_multi_dag_step2_transform.py
[2026-04-14T10:20:30.656+0900] {processor.py:914} INFO - Processing file /opt/airflow/dags/06_multi_dag_step2_transform.py for tasks to queue
[2026-04-14T10:20:30.658+0900] {logging_mixin.py:190} INFO - [2026-04-14T10:20:30.658+0900] {dagbag.py:587} INFO - Filling up the DagBag from /opt/airflow/dags/06_multi_dag_step2_transform.py
[2026-04-14T10:20:30.985+0900] {processor.py:925} INFO - DAG(s) '06_multi_dag_step2_transform' retrieved from /opt/airflow/dags/06_multi_dag_step2_transform.py
[2026-04-14T10:20:31.001+0900] {logging_mixin.py:190} INFO - [2026-04-14T10:20:31.000+0900] {dag.py:3211} INFO - Sync 1 DAGs
[2026-04-14T10:20:31.014+0900] {logging_mixin.py:190} INFO - [2026-04-14T10:20:31.014+0900] {dag.py:4138} INFO - Setting next_dagrun for 06_multi_dag_step2_transform to None, run_after=None
[2026-04-14T10:20:31.034+0900] {processor.py:208} INFO - Processing /opt/airflow/dags/06_multi_dag_step2_transform.py took 0.384 seconds
[2026-04-14T10:21:01.208+0900] {processor.py:186} INFO - Started process (PID=40188) to work on /opt/airflow/dags/06_multi_dag_step2_transform.py
[2026-04-14T10:21:01.209+0900] {processor.py:914} INFO - Processing file /opt/airflow/dags/06_multi_dag_step2_transform.py for tasks to queue
[2026-04-14T10:21:01.211+0900] {logging_mixin.py:190} INFO - [2026-04-14T10:21:01.211+0900] {dagbag.py:587} INFO - Filling up the DagBag from /opt/airflow/dags/06_multi_dag_step2_transform.py
[2026-04-14T10:21:01.543+0900] {processor.py:925} INFO - DAG(s) '06_multi_dag_step2_transform' retrieved from /opt/airflow/dags/06_multi_dag_step2_transform.py
[2026-04-14T10:21:01.559+0900] {logging_mixin.py:190} INFO - [2026-04-14T10:21:01.559+0900] {dag.py:3211} INFO - Sync 1 DAGs
[2026-04-14T10:21:01.571+0900] {logging_mixin.py:190} INFO - [2026-04-14T10:21:01.571+0900] {dag.py:4138} INFO - Setting next_dagrun for 06_multi_dag_step2_transform to None, run_after=None
[2026-04-14T10:21:01.588+0900] {processor.py:208} INFO - Processing /opt/airflow/dags/06_multi_dag_step2_transform.py took 0.385 seconds
[2026-04-14T10:21:31.700+0900] {processor.py:186} INFO - Started process (PID=40205) to work on /opt/airflow/dags/06_multi_dag_step2_transform.py
[2026-04-14T10:21:31.701+0900] {processor.py:914} INFO - Processing file /opt/airflow/dags/06_multi_dag_step2_transform.py for tasks to queue
[2026-04-14T10:21:31.704+0900] {logging_mixin.py:190} INFO - [2026-04-14T10:21:31.704+0900] {dagbag.py:587} INFO - Filling up the DagBag from /opt/airflow/dags/06_multi_dag_step2_transform.py
[2026-04-14T10:21:32.087+0900] {processor.py:925} INFO - DAG(s) '06_multi_dag_step2_transform' retrieved from /opt/airflow/dags/06_multi_dag_step2_transform.py
[2026-04-14T10:21:32.104+0900] {logging_mixin.py:190} INFO - [2026-04-14T10:21:32.103+0900] {dag.py:3211} INFO - Sync 1 DAGs
[2026-04-14T10:21:32.117+0900] {logging_mixin.py:190} INFO - [2026-04-14T10:21:32.117+0900] {dag.py:4138} INFO - Setting next_dagrun for 06_multi_dag_step2_transform to None, run_after=None
[2026-04-14T10:21:32.136+0900] {processor.py:208} INFO - Processing /opt/airflow/dags/06_multi_dag_step2_transform.py took 0.442 seconds
[2026-04-14T10:22:02.330+0900] {processor.py:186} INFO - Started process (PID=40223) to work on /opt/airflow/dags/06_multi_dag_step2_transform.py
[2026-04-14T10:22:02.331+0900] {processor.py:914} INFO - Processing file /opt/airflow/dags/06_multi_dag_step2_transform.py for tasks to queue
[2026-04-14T10:22:02.333+0900] {logging_mixin.py:190} INFO - [2026-04-14T10:22:02.333+0900] {dagbag.py:587} INFO - Filling up the DagBag from /opt/airflow/dags/06_multi_dag_step2_transform.py
[2026-04-14T10:22:02.709+0900] {processor.py:925} INFO - DAG(s) '06_multi_dag_step2_transform' retrieved from /opt/airflow/dags/06_multi_dag_step2_transform.py
[2026-04-14T10:22:02.726+0900] {logging_mixin.py:190} INFO - [2026-04-14T10:22:02.725+0900] {dag.py:3211} INFO - Sync 1 DAGs
[2026-04-14T10:22:02.740+0900] {logging_mixin.py:190} INFO - [2026-04-14T10:22:02.740+0900] {dag.py:4138} INFO - Setting next_dagrun for 06_multi_dag_step2_transform to None, run_after=None
[2026-04-14T10:22:02.761+0900] {processor.py:208} INFO - Processing /opt/airflow/dags/06_multi_dag_step2_transform.py took 0.435 seconds
[2026-04-14T10:22:32.888+0900] {processor.py:186} INFO - Started process (PID=40241) to work on /opt/airflow/dags/06_multi_dag_step2_transform.py
[2026-04-14T10:22:32.889+0900] {processor.py:914} INFO - Processing file /opt/airflow/dags/06_multi_dag_step2_transform.py for tasks to queue
[2026-04-14T10:22:32.891+0900] {logging_mixin.py:190} INFO - [2026-04-14T10:22:32.891+0900] {dagbag.py:587} INFO - Filling up the DagBag from /opt/airflow/dags/06_multi_dag_step2_transform.py
[2026-04-14T10:22:33.244+0900] {processor.py:925} INFO - DAG(s) '06_multi_dag_step2_transform' retrieved from /opt/airflow/dags/06_multi_dag_step2_transform.py
[2026-04-14T10:22:33.259+0900] {logging_mixin.py:190} INFO - [2026-04-14T10:22:33.258+0900] {dag.py:3211} INFO - Sync 1 DAGs
[2026-04-14T10:22:33.272+0900] {logging_mixin.py:190} INFO - [2026-04-14T10:22:33.271+0900] {dag.py:4138} INFO - Setting next_dagrun for 06_multi_dag_step2_transform to None, run_after=None
[2026-04-14T10:22:33.286+0900] {processor.py:208} INFO - Processing /opt/airflow/dags/06_multi_dag_step2_transform.py took 0.403 seconds
[2026-04-14T10:23:03.512+0900] {processor.py:186} INFO - Started process (PID=40259) to work on /opt/airflow/dags/06_multi_dag_step2_transform.py
[2026-04-14T10:23:03.513+0900] {processor.py:914} INFO - Processing file /opt/airflow/dags/06_multi_dag_step2_transform.py for tasks to queue
[2026-04-14T10:23:03.515+0900] {logging_mixin.py:190} INFO - [2026-04-14T10:23:03.515+0900] {dagbag.py:587} INFO - Filling up the DagBag from /opt/airflow/dags/06_multi_dag_step2_transform.py
[2026-04-14T10:23:03.852+0900] {processor.py:925} INFO - DAG(s) '06_multi_dag_step2_transform' retrieved from /opt/airflow/dags/06_multi_dag_step2_transform.py
[2026-04-14T10:23:03.867+0900] {logging_mixin.py:190} INFO - [2026-04-14T10:23:03.867+0900] {dag.py:3211} INFO - Sync 1 DAGs
[2026-04-14T10:23:03.883+0900] {logging_mixin.py:190} INFO - [2026-04-14T10:23:03.883+0900] {dag.py:4138} INFO - Setting next_dagrun for 06_multi_dag_step2_transform to None, run_after=None
[2026-04-14T10:23:03.899+0900] {processor.py:208} INFO - Processing /opt/airflow/dags/06_multi_dag_step2_transform.py took 0.392 seconds
[2026-04-14T10:23:34.124+0900] {processor.py:186} INFO - Started process (PID=40278) to work on /opt/airflow/dags/06_multi_dag_step2_transform.py
[2026-04-14T10:23:34.125+0900] {processor.py:914} INFO - Processing file /opt/airflow/dags/06_multi_dag_step2_transform.py for tasks to queue
[2026-04-14T10:23:34.128+0900] {logging_mixin.py:190} INFO - [2026-04-14T10:23:34.127+0900] {dagbag.py:587} INFO - Filling up the DagBag from /opt/airflow/dags/06_multi_dag_step2_transform.py
[2026-04-14T10:23:34.468+0900] {processor.py:925} INFO - DAG(s) '06_multi_dag_step2_transform' retrieved from /opt/airflow/dags/06_multi_dag_step2_transform.py
[2026-04-14T10:23:34.483+0900] {logging_mixin.py:190} INFO - [2026-04-14T10:23:34.483+0900] {dag.py:3211} INFO - Sync 1 DAGs
[2026-04-14T10:23:34.496+0900] {logging_mixin.py:190} INFO - [2026-04-14T10:23:34.496+0900] {dag.py:4138} INFO - Setting next_dagrun for 06_multi_dag_step2_transform to None, run_after=None
[2026-04-14T10:23:34.514+0900] {processor.py:208} INFO - Processing /opt/airflow/dags/06_multi_dag_step2_transform.py took 0.395 seconds
[2026-04-14T10:24:04.605+0900] {processor.py:186} INFO - Started process (PID=40296) to work on /opt/airflow/dags/06_multi_dag_step2_transform.py
[2026-04-14T10:24:04.606+0900] {processor.py:914} INFO - Processing file /opt/airflow/dags/06_multi_dag_step2_transform.py for tasks to queue
[2026-04-14T10:24:04.608+0900] {logging_mixin.py:190} INFO - [2026-04-14T10:24:04.608+0900] {dagbag.py:587} INFO - Filling up the DagBag from /opt/airflow/dags/06_multi_dag_step2_transform.py
[2026-04-14T10:24:04.966+0900] {processor.py:925} INFO - DAG(s) '06_multi_dag_step2_transform' retrieved from /opt/airflow/dags/06_multi_dag_step2_transform.py
[2026-04-14T10:24:04.983+0900] {logging_mixin.py:190} INFO - [2026-04-14T10:24:04.982+0900] {dag.py:3211} INFO - Sync 1 DAGs
[2026-04-14T10:24:04.996+0900] {logging_mixin.py:190} INFO - [2026-04-14T10:24:04.996+0900] {dag.py:4138} INFO - Setting next_dagrun for 06_multi_dag_step2_transform to None, run_after=None
[2026-04-14T10:24:05.016+0900] {processor.py:208} INFO - Processing /opt/airflow/dags/06_multi_dag_step2_transform.py took 0.419 seconds
[2026-04-14T10:24:35.100+0900] {processor.py:186} INFO - Started process (PID=40315) to work on /opt/airflow/dags/06_multi_dag_step2_transform.py
[2026-04-14T10:24:35.101+0900] {processor.py:914} INFO - Processing file /opt/airflow/dags/06_multi_dag_step2_transform.py for tasks to queue
[2026-04-14T10:24:35.103+0900] {logging_mixin.py:190} INFO - [2026-04-14T10:24:35.103+0900] {dagbag.py:587} INFO - Filling up the DagBag from /opt/airflow/dags/06_multi_dag_step2_transform.py
[2026-04-14T10:24:35.455+0900] {processor.py:925} INFO - DAG(s) '06_multi_dag_step2_transform' retrieved from /opt/airflow/dags/06_multi_dag_step2_transform.py
[2026-04-14T10:24:35.473+0900] {logging_mixin.py:190} INFO - [2026-04-14T10:24:35.473+0900] {dag.py:3211} INFO - Sync 1 DAGs
[2026-04-14T10:24:35.487+0900] {logging_mixin.py:190} INFO - [2026-04-14T10:24:35.487+0900] {dag.py:4138} INFO - Setting next_dagrun for 06_multi_dag_step2_transform to None, run_after=None
[2026-04-14T10:24:35.508+0900] {processor.py:208} INFO - Processing /opt/airflow/dags/06_multi_dag_step2_transform.py took 0.413 seconds
[2026-04-14T10:25:05.694+0900] {processor.py:186} INFO - Started process (PID=40333) to work on /opt/airflow/dags/06_multi_dag_step2_transform.py
[2026-04-14T10:25:05.696+0900] {processor.py:914} INFO - Processing file /opt/airflow/dags/06_multi_dag_step2_transform.py for tasks to queue
[2026-04-14T10:25:05.698+0900] {logging_mixin.py:190} INFO - [2026-04-14T10:25:05.698+0900] {dagbag.py:587} INFO - Filling up the DagBag from /opt/airflow/dags/06_multi_dag_step2_transform.py
[2026-04-14T10:25:06.057+0900] {processor.py:925} INFO - DAG(s) '06_multi_dag_step2_transform' retrieved from /opt/airflow/dags/06_multi_dag_step2_transform.py
[2026-04-14T10:25:06.073+0900] {logging_mixin.py:190} INFO - [2026-04-14T10:25:06.073+0900] {dag.py:3211} INFO - Sync 1 DAGs
[2026-04-14T10:25:06.086+0900] {logging_mixin.py:190} INFO - [2026-04-14T10:25:06.086+0900] {dag.py:4138} INFO - Setting next_dagrun for 06_multi_dag_step2_transform to None, run_after=None
[2026-04-14T10:25:06.102+0900] {processor.py:208} INFO - Processing /opt/airflow/dags/06_multi_dag_step2_transform.py took 0.413 seconds
[2026-04-14T10:25:36.876+0900] {processor.py:186} INFO - Started process (PID=40351) to work on /opt/airflow/dags/06_multi_dag_step2_transform.py
[2026-04-14T10:25:36.878+0900] {processor.py:914} INFO - Processing file /opt/airflow/dags/06_multi_dag_step2_transform.py for tasks to queue
[2026-04-14T10:25:36.881+0900] {logging_mixin.py:190} INFO - [2026-04-14T10:25:36.880+0900] {dagbag.py:587} INFO - Filling up the DagBag from /opt/airflow/dags/06_multi_dag_step2_transform.py
[2026-04-14T10:25:37.243+0900] {processor.py:925} INFO - DAG(s) '06_multi_dag_step2_transform' retrieved from /opt/airflow/dags/06_multi_dag_step2_transform.py
[2026-04-14T10:25:37.261+0900] {logging_mixin.py:190} INFO - [2026-04-14T10:25:37.261+0900] {dag.py:3211} INFO - Sync 1 DAGs
[2026-04-14T10:25:37.277+0900] {logging_mixin.py:190} INFO - [2026-04-14T10:25:37.276+0900] {dag.py:4138} INFO - Setting next_dagrun for 06_multi_dag_step2_transform to None, run_after=None
[2026-04-14T10:25:37.298+0900] {processor.py:208} INFO - Processing /opt/airflow/dags/06_multi_dag_step2_transform.py took 0.426 seconds
[2026-04-14T10:26:08.052+0900] {processor.py:186} INFO - Started process (PID=40371) to work on /opt/airflow/dags/06_multi_dag_step2_transform.py
[2026-04-14T10:26:08.053+0900] {processor.py:914} INFO - Processing file /opt/airflow/dags/06_multi_dag_step2_transform.py for tasks to queue
[2026-04-14T10:26:08.055+0900] {logging_mixin.py:190} INFO - [2026-04-14T10:26:08.055+0900] {dagbag.py:587} INFO - Filling up the DagBag from /opt/airflow/dags/06_multi_dag_step2_transform.py
[2026-04-14T10:26:08.405+0900] {processor.py:925} INFO - DAG(s) '06_multi_dag_step2_transform' retrieved from /opt/airflow/dags/06_multi_dag_step2_transform.py
[2026-04-14T10:26:08.419+0900] {logging_mixin.py:190} INFO - [2026-04-14T10:26:08.418+0900] {dag.py:3211} INFO - Sync 1 DAGs
[2026-04-14T10:26:08.433+0900] {logging_mixin.py:190} INFO - [2026-04-14T10:26:08.433+0900] {dag.py:4138} INFO - Setting next_dagrun for 06_multi_dag_step2_transform to None, run_after=None
[2026-04-14T10:26:08.453+0900] {processor.py:208} INFO - Processing /opt/airflow/dags/06_multi_dag_step2_transform.py took 0.405 seconds
[2026-04-14T10:26:38.722+0900] {processor.py:186} INFO - Started process (PID=40390) to work on /opt/airflow/dags/06_multi_dag_step2_transform.py
[2026-04-14T10:26:38.723+0900] {processor.py:914} INFO - Processing file /opt/airflow/dags/06_multi_dag_step2_transform.py for tasks to queue
[2026-04-14T10:26:38.725+0900] {logging_mixin.py:190} INFO - [2026-04-14T10:26:38.725+0900] {dagbag.py:587} INFO - Filling up the DagBag from /opt/airflow/dags/06_multi_dag_step2_transform.py
[2026-04-14T10:26:39.074+0900] {processor.py:925} INFO - DAG(s) '06_multi_dag_step2_transform' retrieved from /opt/airflow/dags/06_multi_dag_step2_transform.py
[2026-04-14T10:26:39.096+0900] {logging_mixin.py:190} INFO - [2026-04-14T10:26:39.095+0900] {dag.py:3211} INFO - Sync 1 DAGs
[2026-04-14T10:26:39.111+0900] {logging_mixin.py:190} INFO - [2026-04-14T10:26:39.111+0900] {dag.py:4138} INFO - Setting next_dagrun for 06_multi_dag_step2_transform to None, run_after=None
[2026-04-14T10:26:39.128+0900] {processor.py:208} INFO - Processing /opt/airflow/dags/06_multi_dag_step2_transform.py took 0.412 seconds
[2026-04-14T10:27:09.213+0900] {processor.py:186} INFO - Started process (PID=40408) to work on /opt/airflow/dags/06_multi_dag_step2_transform.py
[2026-04-14T10:27:09.214+0900] {processor.py:914} INFO - Processing file /opt/airflow/dags/06_multi_dag_step2_transform.py for tasks to queue
[2026-04-14T10:27:09.217+0900] {logging_mixin.py:190} INFO - [2026-04-14T10:27:09.217+0900] {dagbag.py:587} INFO - Filling up the DagBag from /opt/airflow/dags/06_multi_dag_step2_transform.py
[2026-04-14T10:27:09.601+0900] {processor.py:925} INFO - DAG(s) '06_multi_dag_step2_transform' retrieved from /opt/airflow/dags/06_multi_dag_step2_transform.py
[2026-04-14T10:27:09.618+0900] {logging_mixin.py:190} INFO - [2026-04-14T10:27:09.617+0900] {dag.py:3211} INFO - Sync 1 DAGs
[2026-04-14T10:27:09.631+0900] {logging_mixin.py:190} INFO - [2026-04-14T10:27:09.631+0900] {dag.py:4138} INFO - Setting next_dagrun for 06_multi_dag_step2_transform to None, run_after=None
[2026-04-14T10:27:09.648+0900] {processor.py:208} INFO - Processing /opt/airflow/dags/06_multi_dag_step2_transform.py took 0.440 seconds
[2026-04-14T10:27:39.823+0900] {processor.py:186} INFO - Started process (PID=40427) to work on /opt/airflow/dags/06_multi_dag_step2_transform.py
[2026-04-14T10:27:39.824+0900] {processor.py:914} INFO - Processing file /opt/airflow/dags/06_multi_dag_step2_transform.py for tasks to queue
[2026-04-14T10:27:39.826+0900] {logging_mixin.py:190} INFO - [2026-04-14T10:27:39.825+0900] {dagbag.py:587} INFO - Filling up the DagBag from /opt/airflow/dags/06_multi_dag_step2_transform.py
[2026-04-14T10:27:40.162+0900] {processor.py:925} INFO - DAG(s) '06_multi_dag_step2_transform' retrieved from /opt/airflow/dags/06_multi_dag_step2_transform.py
[2026-04-14T10:27:40.179+0900] {logging_mixin.py:190} INFO - [2026-04-14T10:27:40.179+0900] {dag.py:3211} INFO - Sync 1 DAGs
[2026-04-14T10:27:40.192+0900] {logging_mixin.py:190} INFO - [2026-04-14T10:27:40.192+0900] {dag.py:4138} INFO - Setting next_dagrun for 06_multi_dag_step2_transform to None, run_after=None
[2026-04-14T10:27:40.212+0900] {processor.py:208} INFO - Processing /opt/airflow/dags/06_multi_dag_step2_transform.py took 0.394 seconds
[2026-04-14T10:28:11.124+0900] {processor.py:186} INFO - Started process (PID=40445) to work on /opt/airflow/dags/06_multi_dag_step2_transform.py
[2026-04-14T10:28:11.125+0900] {processor.py:914} INFO - Processing file /opt/airflow/dags/06_multi_dag_step2_transform.py for tasks to queue
[2026-04-14T10:28:11.128+0900] {logging_mixin.py:190} INFO - [2026-04-14T10:28:11.128+0900] {dagbag.py:587} INFO - Filling up the DagBag from /opt/airflow/dags/06_multi_dag_step2_transform.py
[2026-04-14T10:28:11.503+0900] {processor.py:925} INFO - DAG(s) '06_multi_dag_step2_transform' retrieved from /opt/airflow/dags/06_multi_dag_step2_transform.py
[2026-04-14T10:28:11.531+0900] {logging_mixin.py:190} INFO - [2026-04-14T10:28:11.530+0900] {dag.py:3211} INFO - Sync 1 DAGs
[2026-04-14T10:28:11.548+0900] {logging_mixin.py:190} INFO - [2026-04-14T10:28:11.548+0900] {dag.py:4138} INFO - Setting next_dagrun for 06_multi_dag_step2_transform to None, run_after=None
[2026-04-14T10:28:11.566+0900] {processor.py:208} INFO - Processing /opt/airflow/dags/06_multi_dag_step2_transform.py took 0.447 seconds
[2026-04-14T10:28:42.405+0900] {processor.py:186} INFO - Started process (PID=40464) to work on /opt/airflow/dags/06_multi_dag_step2_transform.py
[2026-04-14T10:28:42.406+0900] {processor.py:914} INFO - Processing file /opt/airflow/dags/06_multi_dag_step2_transform.py for tasks to queue
[2026-04-14T10:28:42.408+0900] {logging_mixin.py:190} INFO - [2026-04-14T10:28:42.408+0900] {dagbag.py:587} INFO - Filling up the DagBag from /opt/airflow/dags/06_multi_dag_step2_transform.py
[2026-04-14T10:28:42.749+0900] {processor.py:925} INFO - DAG(s) '06_multi_dag_step2_transform' retrieved from /opt/airflow/dags/06_multi_dag_step2_transform.py
[2026-04-14T10:28:42.764+0900] {logging_mixin.py:190} INFO - [2026-04-14T10:28:42.764+0900] {dag.py:3211} INFO - Sync 1 DAGs
[2026-04-14T10:28:42.777+0900] {logging_mixin.py:190} INFO - [2026-04-14T10:28:42.777+0900] {dag.py:4138} INFO - Setting next_dagrun for 06_multi_dag_step2_transform to None, run_after=None
[2026-04-14T10:28:42.802+0900] {processor.py:208} INFO - Processing /opt/airflow/dags/06_multi_dag_step2_transform.py took 0.403 seconds
[2026-04-14T10:29:13.787+0900] {processor.py:186} INFO - Started process (PID=40483) to work on /opt/airflow/dags/06_multi_dag_step2_transform.py
[2026-04-14T10:29:13.788+0900] {processor.py:914} INFO - Processing file /opt/airflow/dags/06_multi_dag_step2_transform.py for tasks to queue
[2026-04-14T10:29:13.790+0900] {logging_mixin.py:190} INFO - [2026-04-14T10:29:13.790+0900] {dagbag.py:587} INFO - Filling up the DagBag from /opt/airflow/dags/06_multi_dag_step2_transform.py
[2026-04-14T10:29:14.144+0900] {processor.py:925} INFO - DAG(s) '06_multi_dag_step2_transform' retrieved from /opt/airflow/dags/06_multi_dag_step2_transform.py
[2026-04-14T10:29:14.161+0900] {logging_mixin.py:190} INFO - [2026-04-14T10:29:14.161+0900] {dag.py:3211} INFO - Sync 1 DAGs
[2026-04-14T10:29:14.176+0900] {logging_mixin.py:190} INFO - [2026-04-14T10:29:14.176+0900] {dag.py:4138} INFO - Setting next_dagrun for 06_multi_dag_step2_transform to None, run_after=None
[2026-04-14T10:29:14.192+0900] {processor.py:208} INFO - Processing /opt/airflow/dags/06_multi_dag_step2_transform.py took 0.410 seconds
[2026-04-14T10:29:45.001+0900] {processor.py:186} INFO - Started process (PID=40501) to work on /opt/airflow/dags/06_multi_dag_step2_transform.py
[2026-04-14T10:29:45.002+0900] {processor.py:914} INFO - Processing file /opt/airflow/dags/06_multi_dag_step2_transform.py for tasks to queue
[2026-04-14T10:29:45.004+0900] {logging_mixin.py:190} INFO - [2026-04-14T10:29:45.004+0900] {dagbag.py:587} INFO - Filling up the DagBag from /opt/airflow/dags/06_multi_dag_step2_transform.py
[2026-04-14T10:29:45.353+0900] {processor.py:925} INFO - DAG(s) '06_multi_dag_step2_transform' retrieved from /opt/airflow/dags/06_multi_dag_step2_transform.py
[2026-04-14T10:29:45.369+0900] {logging_mixin.py:190} INFO - [2026-04-14T10:29:45.369+0900] {dag.py:3211} INFO - Sync 1 DAGs
[2026-04-14T10:29:45.383+0900] {logging_mixin.py:190} INFO - [2026-04-14T10:29:45.383+0900] {dag.py:4138} INFO - Setting next_dagrun for 06_multi_dag_step2_transform to None, run_after=None
[2026-04-14T10:29:45.399+0900] {processor.py:208} INFO - Processing /opt/airflow/dags/06_multi_dag_step2_transform.py took 0.403 seconds
[2026-04-14T10:30:16.284+0900] {processor.py:186} INFO - Started process (PID=40519) to work on /opt/airflow/dags/06_multi_dag_step2_transform.py
[2026-04-14T10:30:16.285+0900] {processor.py:914} INFO - Processing file /opt/airflow/dags/06_multi_dag_step2_transform.py for tasks to queue
[2026-04-14T10:30:16.287+0900] {logging_mixin.py:190} INFO - [2026-04-14T10:30:16.287+0900] {dagbag.py:587} INFO - Filling up the DagBag from /opt/airflow/dags/06_multi_dag_step2_transform.py
[2026-04-14T10:30:16.640+0900] {processor.py:925} INFO - DAG(s) '06_multi_dag_step2_transform' retrieved from /opt/airflow/dags/06_multi_dag_step2_transform.py
[2026-04-14T10:30:16.655+0900] {logging_mixin.py:190} INFO - [2026-04-14T10:30:16.655+0900] {dag.py:3211} INFO - Sync 1 DAGs
[2026-04-14T10:30:16.667+0900] {logging_mixin.py:190} INFO - [2026-04-14T10:30:16.667+0900] {dag.py:4138} INFO - Setting next_dagrun for 06_multi_dag_step2_transform to None, run_after=None
[2026-04-14T10:30:16.684+0900] {processor.py:208} INFO - Processing /opt/airflow/dags/06_multi_dag_step2_transform.py took 0.405 seconds
[2026-04-14T10:30:47.385+0900] {processor.py:186} INFO - Started process (PID=40537) to work on /opt/airflow/dags/06_multi_dag_step2_transform.py
[2026-04-14T10:30:47.386+0900] {processor.py:914} INFO - Processing file /opt/airflow/dags/06_multi_dag_step2_transform.py for tasks to queue
[2026-04-14T10:30:47.388+0900] {logging_mixin.py:190} INFO - [2026-04-14T10:30:47.388+0900] {dagbag.py:587} INFO - Filling up the DagBag from /opt/airflow/dags/06_multi_dag_step2_transform.py
[2026-04-14T10:30:47.745+0900] {processor.py:925} INFO - DAG(s) '06_multi_dag_step2_transform' retrieved from /opt/airflow/dags/06_multi_dag_step2_transform.py
[2026-04-14T10:30:47.765+0900] {logging_mixin.py:190} INFO - [2026-04-14T10:30:47.765+0900] {dag.py:3211} INFO - Sync 1 DAGs
[2026-04-14T10:30:47.781+0900] {logging_mixin.py:190} INFO - [2026-04-14T10:30:47.781+0900] {dag.py:4138} INFO - Setting next_dagrun for 06_multi_dag_step2_transform to None, run_after=None
[2026-04-14T10:30:47.799+0900] {processor.py:208} INFO - Processing /opt/airflow/dags/06_multi_dag_step2_transform.py took 0.419 seconds
[2026-04-14T10:31:17.883+0900] {processor.py:186} INFO - Started process (PID=40555) to work on /opt/airflow/dags/06_multi_dag_step2_transform.py
[2026-04-14T10:31:17.884+0900] {processor.py:914} INFO - Processing file /opt/airflow/dags/06_multi_dag_step2_transform.py for tasks to queue
[2026-04-14T10:31:17.887+0900] {logging_mixin.py:190} INFO - [2026-04-14T10:31:17.887+0900] {dagbag.py:587} INFO - Filling up the DagBag from /opt/airflow/dags/06_multi_dag_step2_transform.py
[2026-04-14T10:31:18.260+0900] {processor.py:925} INFO - DAG(s) '06_multi_dag_step2_transform' retrieved from /opt/airflow/dags/06_multi_dag_step2_transform.py
[2026-04-14T10:31:18.278+0900] {logging_mixin.py:190} INFO - [2026-04-14T10:31:18.278+0900] {dag.py:3211} INFO - Sync 1 DAGs
[2026-04-14T10:31:18.295+0900] {logging_mixin.py:190} INFO - [2026-04-14T10:31:18.294+0900] {dag.py:4138} INFO - Setting next_dagrun for 06_multi_dag_step2_transform to None, run_after=None
[2026-04-14T10:31:18.310+0900] {processor.py:208} INFO - Processing /opt/airflow/dags/06_multi_dag_step2_transform.py took 0.432 seconds
[2026-04-14T10:31:48.571+0900] {processor.py:186} INFO - Started process (PID=40573) to work on /opt/airflow/dags/06_multi_dag_step2_transform.py
[2026-04-14T10:31:48.572+0900] {processor.py:914} INFO - Processing file /opt/airflow/dags/06_multi_dag_step2_transform.py for tasks to queue
[2026-04-14T10:31:48.576+0900] {logging_mixin.py:190} INFO - [2026-04-14T10:31:48.575+0900] {dagbag.py:587} INFO - Filling up the DagBag from /opt/airflow/dags/06_multi_dag_step2_transform.py
[2026-04-14T10:31:49.090+0900] {processor.py:925} INFO - DAG(s) '06_multi_dag_step2_transform' retrieved from /opt/airflow/dags/06_multi_dag_step2_transform.py
[2026-04-14T10:31:49.108+0900] {logging_mixin.py:190} INFO - [2026-04-14T10:31:49.107+0900] {dag.py:3211} INFO - Sync 1 DAGs
[2026-04-14T10:31:49.125+0900] {logging_mixin.py:190} INFO - [2026-04-14T10:31:49.125+0900] {dag.py:4138} INFO - Setting next_dagrun for 06_multi_dag_step2_transform to None, run_after=None
[2026-04-14T10:31:49.141+0900] {processor.py:208} INFO - Processing /opt/airflow/dags/06_multi_dag_step2_transform.py took 0.577 seconds
[2026-04-14T10:32:19.299+0900] {processor.py:186} INFO - Started process (PID=40591) to work on /opt/airflow/dags/06_multi_dag_step2_transform.py
[2026-04-14T10:32:19.300+0900] {processor.py:914} INFO - Processing file /opt/airflow/dags/06_multi_dag_step2_transform.py for tasks to queue
[2026-04-14T10:32:19.302+0900] {logging_mixin.py:190} INFO - [2026-04-14T10:32:19.302+0900] {dagbag.py:587} INFO - Filling up the DagBag from /opt/airflow/dags/06_multi_dag_step2_transform.py
[2026-04-14T10:32:19.665+0900] {processor.py:925} INFO - DAG(s) '06_multi_dag_step2_transform' retrieved from /opt/airflow/dags/06_multi_dag_step2_transform.py
[2026-04-14T10:32:19.682+0900] {logging_mixin.py:190} INFO - [2026-04-14T10:32:19.681+0900] {dag.py:3211} INFO - Sync 1 DAGs
[2026-04-14T10:32:19.694+0900] {logging_mixin.py:190} INFO - [2026-04-14T10:32:19.694+0900] {dag.py:4138} INFO - Setting next_dagrun for 06_multi_dag_step2_transform to None, run_after=None
[2026-04-14T10:32:19.717+0900] {processor.py:208} INFO - Processing /opt/airflow/dags/06_multi_dag_step2_transform.py took 0.423 seconds
[2026-04-14T10:32:49.848+0900] {processor.py:186} INFO - Started process (PID=40611) to work on /opt/airflow/dags/06_multi_dag_step2_transform.py
[2026-04-14T10:32:49.849+0900] {processor.py:914} INFO - Processing file /opt/airflow/dags/06_multi_dag_step2_transform.py for tasks to queue
[2026-04-14T10:32:49.852+0900] {logging_mixin.py:190} INFO - [2026-04-14T10:32:49.852+0900] {dagbag.py:587} INFO - Filling up the DagBag from /opt/airflow/dags/06_multi_dag_step2_transform.py
[2026-04-14T10:32:50.204+0900] {processor.py:925} INFO - DAG(s) '06_multi_dag_step2_transform' retrieved from /opt/airflow/dags/06_multi_dag_step2_transform.py
[2026-04-14T10:32:50.219+0900] {logging_mixin.py:190} INFO - [2026-04-14T10:32:50.219+0900] {dag.py:3211} INFO - Sync 1 DAGs
[2026-04-14T10:32:50.232+0900] {logging_mixin.py:190} INFO - [2026-04-14T10:32:50.232+0900] {dag.py:4138} INFO - Setting next_dagrun for 06_multi_dag_step2_transform to None, run_after=None
[2026-04-14T10:32:50.250+0900] {processor.py:208} INFO - Processing /opt/airflow/dags/06_multi_dag_step2_transform.py took 0.406 seconds
[2026-04-14T10:33:20.480+0900] {processor.py:186} INFO - Started process (PID=40630) to work on /opt/airflow/dags/06_multi_dag_step2_transform.py
[2026-04-14T10:33:20.481+0900] {processor.py:914} INFO - Processing file /opt/airflow/dags/06_multi_dag_step2_transform.py for tasks to queue
[2026-04-14T10:33:20.484+0900] {logging_mixin.py:190} INFO - [2026-04-14T10:33:20.484+0900] {dagbag.py:587} INFO - Filling up the DagBag from /opt/airflow/dags/06_multi_dag_step2_transform.py
[2026-04-14T10:33:20.920+0900] {processor.py:925} INFO - DAG(s) '06_multi_dag_step2_transform' retrieved from /opt/airflow/dags/06_multi_dag_step2_transform.py
[2026-04-14T10:33:20.940+0900] {logging_mixin.py:190} INFO - [2026-04-14T10:33:20.939+0900] {dag.py:3211} INFO - Sync 1 DAGs
[2026-04-14T10:33:20.958+0900] {logging_mixin.py:190} INFO - [2026-04-14T10:33:20.958+0900] {dag.py:4138} INFO - Setting next_dagrun for 06_multi_dag_step2_transform to None, run_after=None
[2026-04-14T10:33:20.982+0900] {processor.py:208} INFO - Processing /opt/airflow/dags/06_multi_dag_step2_transform.py took 0.507 seconds
[2026-04-14T10:33:51.260+0900] {processor.py:186} INFO - Started process (PID=40650) to work on /opt/airflow/dags/06_multi_dag_step2_transform.py
[2026-04-14T10:33:51.261+0900] {processor.py:914} INFO - Processing file /opt/airflow/dags/06_multi_dag_step2_transform.py for tasks to queue
[2026-04-14T10:33:51.263+0900] {logging_mixin.py:190} INFO - [2026-04-14T10:33:51.263+0900] {dagbag.py:587} INFO - Filling up the DagBag from /opt/airflow/dags/06_multi_dag_step2_transform.py
[2026-04-14T10:33:51.595+0900] {processor.py:925} INFO - DAG(s) '06_multi_dag_step2_transform' retrieved from /opt/airflow/dags/06_multi_dag_step2_transform.py
[2026-04-14T10:33:51.610+0900] {logging_mixin.py:190} INFO - [2026-04-14T10:33:51.609+0900] {dag.py:3211} INFO - Sync 1 DAGs
[2026-04-14T10:33:51.623+0900] {logging_mixin.py:190} INFO - [2026-04-14T10:33:51.623+0900] {dag.py:4138} INFO - Setting next_dagrun for 06_multi_dag_step2_transform to None, run_after=None
[2026-04-14T10:33:51.639+0900] {processor.py:208} INFO - Processing /opt/airflow/dags/06_multi_dag_step2_transform.py took 0.385 seconds
[2026-04-14T10:34:21.879+0900] {processor.py:186} INFO - Started process (PID=40670) to work on /opt/airflow/dags/06_multi_dag_step2_transform.py
[2026-04-14T10:34:21.880+0900] {processor.py:914} INFO - Processing file /opt/airflow/dags/06_multi_dag_step2_transform.py for tasks to queue
[2026-04-14T10:34:21.883+0900] {logging_mixin.py:190} INFO - [2026-04-14T10:34:21.882+0900] {dagbag.py:587} INFO - Filling up the DagBag from /opt/airflow/dags/06_multi_dag_step2_transform.py
[2026-04-14T10:34:22.259+0900] {processor.py:925} INFO - DAG(s) '06_multi_dag_step2_transform' retrieved from /opt/airflow/dags/06_multi_dag_step2_transform.py
[2026-04-14T10:34:22.276+0900] {logging_mixin.py:190} INFO - [2026-04-14T10:34:22.276+0900] {dag.py:3211} INFO - Sync 1 DAGs
[2026-04-14T10:34:22.290+0900] {logging_mixin.py:190} INFO - [2026-04-14T10:34:22.289+0900] {dag.py:4138} INFO - Setting next_dagrun for 06_multi_dag_step2_transform to None, run_after=None
[2026-04-14T10:34:22.310+0900] {processor.py:208} INFO - Processing /opt/airflow/dags/06_multi_dag_step2_transform.py took 0.437 seconds
[2026-04-14T10:34:52.453+0900] {processor.py:186} INFO - Started process (PID=40689) to work on /opt/airflow/dags/06_multi_dag_step2_transform.py
[2026-04-14T10:34:52.453+0900] {processor.py:914} INFO - Processing file /opt/airflow/dags/06_multi_dag_step2_transform.py for tasks to queue
[2026-04-14T10:34:52.456+0900] {logging_mixin.py:190} INFO - [2026-04-14T10:34:52.455+0900] {dagbag.py:587} INFO - Filling up the DagBag from /opt/airflow/dags/06_multi_dag_step2_transform.py
[2026-04-14T10:34:52.820+0900] {processor.py:925} INFO - DAG(s) '06_multi_dag_step2_transform' retrieved from /opt/airflow/dags/06_multi_dag_step2_transform.py
[2026-04-14T10:34:52.838+0900] {logging_mixin.py:190} INFO - [2026-04-14T10:34:52.837+0900] {dag.py:3211} INFO - Sync 1 DAGs
[2026-04-14T10:34:52.854+0900] {logging_mixin.py:190} INFO - [2026-04-14T10:34:52.853+0900] {dag.py:4138} INFO - Setting next_dagrun for 06_multi_dag_step2_transform to None, run_after=None
[2026-04-14T10:34:52.877+0900] {processor.py:208} INFO - Processing /opt/airflow/dags/06_multi_dag_step2_transform.py took 0.430 seconds
[2026-04-14T10:35:23.172+0900] {processor.py:186} INFO - Started process (PID=40717) to work on /opt/airflow/dags/06_multi_dag_step2_transform.py
[2026-04-14T10:35:23.173+0900] {processor.py:914} INFO - Processing file /opt/airflow/dags/06_multi_dag_step2_transform.py for tasks to queue
[2026-04-14T10:35:23.175+0900] {logging_mixin.py:190} INFO - [2026-04-14T10:35:23.175+0900] {dagbag.py:587} INFO - Filling up the DagBag from /opt/airflow/dags/06_multi_dag_step2_transform.py
[2026-04-14T10:35:23.558+0900] {processor.py:925} INFO - DAG(s) '06_multi_dag_step2_transform' retrieved from /opt/airflow/dags/06_multi_dag_step2_transform.py
[2026-04-14T10:35:23.576+0900] {logging_mixin.py:190} INFO - [2026-04-14T10:35:23.575+0900] {dag.py:3211} INFO - Sync 1 DAGs
[2026-04-14T10:35:23.591+0900] {logging_mixin.py:190} INFO - [2026-04-14T10:35:23.591+0900] {dag.py:4138} INFO - Setting next_dagrun for 06_multi_dag_step2_transform to None, run_after=None
[2026-04-14T10:35:23.608+0900] {processor.py:208} INFO - Processing /opt/airflow/dags/06_multi_dag_step2_transform.py took 0.442 seconds
[2026-04-14T10:35:53.662+0900] {processor.py:186} INFO - Started process (PID=40735) to work on /opt/airflow/dags/06_multi_dag_step2_transform.py
[2026-04-14T10:35:53.663+0900] {processor.py:914} INFO - Processing file /opt/airflow/dags/06_multi_dag_step2_transform.py for tasks to queue
[2026-04-14T10:35:53.666+0900] {logging_mixin.py:190} INFO - [2026-04-14T10:35:53.665+0900] {dagbag.py:587} INFO - Filling up the DagBag from /opt/airflow/dags/06_multi_dag_step2_transform.py
[2026-04-14T10:35:54.044+0900] {processor.py:925} INFO - DAG(s) '06_multi_dag_step2_transform' retrieved from /opt/airflow/dags/06_multi_dag_step2_transform.py
[2026-04-14T10:35:54.062+0900] {logging_mixin.py:190} INFO - [2026-04-14T10:35:54.062+0900] {dag.py:3211} INFO - Sync 1 DAGs
[2026-04-14T10:35:54.078+0900] {logging_mixin.py:190} INFO - [2026-04-14T10:35:54.078+0900] {dag.py:4138} INFO - Setting next_dagrun for 06_multi_dag_step2_transform to None, run_after=None
[2026-04-14T10:35:54.095+0900] {processor.py:208} INFO - Processing /opt/airflow/dags/06_multi_dag_step2_transform.py took 0.437 seconds
[2026-04-14T10:36:24.893+0900] {processor.py:186} INFO - Started process (PID=40754) to work on /opt/airflow/dags/06_multi_dag_step2_transform.py
[2026-04-14T10:36:24.894+0900] {processor.py:914} INFO - Processing file /opt/airflow/dags/06_multi_dag_step2_transform.py for tasks to queue
[2026-04-14T10:36:24.896+0900] {logging_mixin.py:190} INFO - [2026-04-14T10:36:24.896+0900] {dagbag.py:587} INFO - Filling up the DagBag from /opt/airflow/dags/06_multi_dag_step2_transform.py
[2026-04-14T10:36:25.266+0900] {processor.py:925} INFO - DAG(s) '06_multi_dag_step2_transform' retrieved from /opt/airflow/dags/06_multi_dag_step2_transform.py
[2026-04-14T10:36:25.282+0900] {logging_mixin.py:190} INFO - [2026-04-14T10:36:25.282+0900] {dag.py:3211} INFO - Sync 1 DAGs
[2026-04-14T10:36:25.296+0900] {logging_mixin.py:190} INFO - [2026-04-14T10:36:25.296+0900] {dag.py:4138} INFO - Setting next_dagrun for 06_multi_dag_step2_transform to None, run_after=None
[2026-04-14T10:36:25.314+0900] {processor.py:208} INFO - Processing /opt/airflow/dags/06_multi_dag_step2_transform.py took 0.426 seconds
[2026-04-14T10:36:55.560+0900] {processor.py:186} INFO - Started process (PID=40772) to work on /opt/airflow/dags/06_multi_dag_step2_transform.py
[2026-04-14T10:36:55.561+0900] {processor.py:914} INFO - Processing file /opt/airflow/dags/06_multi_dag_step2_transform.py for tasks to queue
[2026-04-14T10:36:55.563+0900] {logging_mixin.py:190} INFO - [2026-04-14T10:36:55.563+0900] {dagbag.py:587} INFO - Filling up the DagBag from /opt/airflow/dags/06_multi_dag_step2_transform.py
[2026-04-14T10:36:55.929+0900] {processor.py:925} INFO - DAG(s) '06_multi_dag_step2_transform' retrieved from /opt/airflow/dags/06_multi_dag_step2_transform.py
[2026-04-14T10:36:55.946+0900] {logging_mixin.py:190} INFO - [2026-04-14T10:36:55.946+0900] {dag.py:3211} INFO - Sync 1 DAGs
[2026-04-14T10:36:55.963+0900] {logging_mixin.py:190} INFO - [2026-04-14T10:36:55.963+0900] {dag.py:4138} INFO - Setting next_dagrun for 06_multi_dag_step2_transform to None, run_after=None
[2026-04-14T10:36:55.988+0900] {processor.py:208} INFO - Processing /opt/airflow/dags/06_multi_dag_step2_transform.py took 0.433 seconds
[2026-04-14T10:37:26.246+0900] {processor.py:186} INFO - Started process (PID=40791) to work on /opt/airflow/dags/06_multi_dag_step2_transform.py
[2026-04-14T10:37:26.247+0900] {processor.py:914} INFO - Processing file /opt/airflow/dags/06_multi_dag_step2_transform.py for tasks to queue
[2026-04-14T10:37:26.249+0900] {logging_mixin.py:190} INFO - [2026-04-14T10:37:26.249+0900] {dagbag.py:587} INFO - Filling up the DagBag from /opt/airflow/dags/06_multi_dag_step2_transform.py
[2026-04-14T10:37:26.637+0900] {processor.py:925} INFO - DAG(s) '06_multi_dag_step2_transform' retrieved from /opt/airflow/dags/06_multi_dag_step2_transform.py
[2026-04-14T10:37:26.654+0900] {logging_mixin.py:190} INFO - [2026-04-14T10:37:26.654+0900] {dag.py:3211} INFO - Sync 1 DAGs
[2026-04-14T10:37:26.669+0900] {logging_mixin.py:190} INFO - [2026-04-14T10:37:26.669+0900] {dag.py:4138} INFO - Setting next_dagrun for 06_multi_dag_step2_transform to None, run_after=None
[2026-04-14T10:37:26.690+0900] {processor.py:208} INFO - Processing /opt/airflow/dags/06_multi_dag_step2_transform.py took 0.450 seconds
[2026-04-14T10:37:56.954+0900] {processor.py:186} INFO - Started process (PID=40809) to work on /opt/airflow/dags/06_multi_dag_step2_transform.py
[2026-04-14T10:37:56.955+0900] {processor.py:914} INFO - Processing file /opt/airflow/dags/06_multi_dag_step2_transform.py for tasks to queue
[2026-04-14T10:37:56.957+0900] {logging_mixin.py:190} INFO - [2026-04-14T10:37:56.957+0900] {dagbag.py:587} INFO - Filling up the DagBag from /opt/airflow/dags/06_multi_dag_step2_transform.py
[2026-04-14T10:37:57.345+0900] {processor.py:925} INFO - DAG(s) '06_multi_dag_step2_transform' retrieved from /opt/airflow/dags/06_multi_dag_step2_transform.py
[2026-04-14T10:37:57.361+0900] {logging_mixin.py:190} INFO - [2026-04-14T10:37:57.361+0900] {dag.py:3211} INFO - Sync 1 DAGs
[2026-04-14T10:37:57.376+0900] {logging_mixin.py:190} INFO - [2026-04-14T10:37:57.376+0900] {dag.py:4138} INFO - Setting next_dagrun for 06_multi_dag_step2_transform to None, run_after=None
[2026-04-14T10:37:57.395+0900] {processor.py:208} INFO - Processing /opt/airflow/dags/06_multi_dag_step2_transform.py took 0.445 seconds
[2026-04-14T10:38:27.538+0900] {processor.py:186} INFO - Started process (PID=40827) to work on /opt/airflow/dags/06_multi_dag_step2_transform.py
[2026-04-14T10:38:27.539+0900] {processor.py:914} INFO - Processing file /opt/airflow/dags/06_multi_dag_step2_transform.py for tasks to queue
[2026-04-14T10:38:27.541+0900] {logging_mixin.py:190} INFO - [2026-04-14T10:38:27.541+0900] {dagbag.py:587} INFO - Filling up the DagBag from /opt/airflow/dags/06_multi_dag_step2_transform.py
[2026-04-14T10:38:27.895+0900] {processor.py:925} INFO - DAG(s) '06_multi_dag_step2_transform' retrieved from /opt/airflow/dags/06_multi_dag_step2_transform.py
[2026-04-14T10:38:27.911+0900] {logging_mixin.py:190} INFO - [2026-04-14T10:38:27.911+0900] {dag.py:3211} INFO - Sync 1 DAGs
[2026-04-14T10:38:27.925+0900] {logging_mixin.py:190} INFO - [2026-04-14T10:38:27.925+0900] {dag.py:4138} INFO - Setting next_dagrun for 06_multi_dag_step2_transform to None, run_after=None
[2026-04-14T10:38:27.942+0900] {processor.py:208} INFO - Processing /opt/airflow/dags/06_multi_dag_step2_transform.py took 0.409 seconds
[2026-04-14T10:38:58.065+0900] {processor.py:186} INFO - Started process (PID=40846) to work on /opt/airflow/dags/06_multi_dag_step2_transform.py
[2026-04-14T10:38:58.066+0900] {processor.py:914} INFO - Processing file /opt/airflow/dags/06_multi_dag_step2_transform.py for tasks to queue
[2026-04-14T10:38:58.068+0900] {logging_mixin.py:190} INFO - [2026-04-14T10:38:58.068+0900] {dagbag.py:587} INFO - Filling up the DagBag from /opt/airflow/dags/06_multi_dag_step2_transform.py
[2026-04-14T10:38:58.465+0900] {processor.py:925} INFO - DAG(s) '06_multi_dag_step2_transform' retrieved from /opt/airflow/dags/06_multi_dag_step2_transform.py
[2026-04-14T10:38:58.481+0900] {logging_mixin.py:190} INFO - [2026-04-14T10:38:58.480+0900] {dag.py:3211} INFO - Sync 1 DAGs
[2026-04-14T10:38:58.495+0900] {logging_mixin.py:190} INFO - [2026-04-14T10:38:58.494+0900] {dag.py:4138} INFO - Setting next_dagrun for 06_multi_dag_step2_transform to None, run_after=None
[2026-04-14T10:38:58.511+0900] {processor.py:208} INFO - Processing /opt/airflow/dags/06_multi_dag_step2_transform.py took 0.452 seconds
[2026-04-14T10:39:29.443+0900] {processor.py:186} INFO - Started process (PID=40863) to work on /opt/airflow/dags/06_multi_dag_step2_transform.py
[2026-04-14T10:39:29.444+0900] {processor.py:914} INFO - Processing file /opt/airflow/dags/06_multi_dag_step2_transform.py for tasks to queue
[2026-04-14T10:39:29.446+0900] {logging_mixin.py:190} INFO - [2026-04-14T10:39:29.446+0900] {dagbag.py:587} INFO - Filling up the DagBag from /opt/airflow/dags/06_multi_dag_step2_transform.py
[2026-04-14T10:39:29.809+0900] {processor.py:925} INFO - DAG(s) '06_multi_dag_step2_transform' retrieved from /opt/airflow/dags/06_multi_dag_step2_transform.py
[2026-04-14T10:39:29.828+0900] {logging_mixin.py:190} INFO - [2026-04-14T10:39:29.828+0900] {dag.py:3211} INFO - Sync 1 DAGs
[2026-04-14T10:39:29.847+0900] {logging_mixin.py:190} INFO - [2026-04-14T10:39:29.847+0900] {dag.py:4138} INFO - Setting next_dagrun for 06_multi_dag_step2_transform to None, run_after=None
[2026-04-14T10:39:29.865+0900] {processor.py:208} INFO - Processing /opt/airflow/dags/06_multi_dag_step2_transform.py took 0.426 seconds
[2026-04-14T10:40:00.132+0900] {processor.py:186} INFO - Started process (PID=40881) to work on /opt/airflow/dags/06_multi_dag_step2_transform.py
[2026-04-14T10:40:00.133+0900] {processor.py:914} INFO - Processing file /opt/airflow/dags/06_multi_dag_step2_transform.py for tasks to queue
[2026-04-14T10:40:00.136+0900] {logging_mixin.py:190} INFO - [2026-04-14T10:40:00.135+0900] {dagbag.py:587} INFO - Filling up the DagBag from /opt/airflow/dags/06_multi_dag_step2_transform.py
[2026-04-14T10:40:00.523+0900] {processor.py:925} INFO - DAG(s) '06_multi_dag_step2_transform' retrieved from /opt/airflow/dags/06_multi_dag_step2_transform.py
[2026-04-14T10:40:00.540+0900] {logging_mixin.py:190} INFO - [2026-04-14T10:40:00.540+0900] {dag.py:3211} INFO - Sync 1 DAGs
[2026-04-14T10:40:00.556+0900] {logging_mixin.py:190} INFO - [2026-04-14T10:40:00.555+0900] {dag.py:4138} INFO - Setting next_dagrun for 06_multi_dag_step2_transform to None, run_after=None
[2026-04-14T10:40:00.574+0900] {processor.py:208} INFO - Processing /opt/airflow/dags/06_multi_dag_step2_transform.py took 0.447 seconds
[2026-04-14T10:40:31.163+0900] {processor.py:186} INFO - Started process (PID=40904) to work on /opt/airflow/dags/06_multi_dag_step2_transform.py
[2026-04-14T10:40:31.164+0900] {processor.py:914} INFO - Processing file /opt/airflow/dags/06_multi_dag_step2_transform.py for tasks to queue
[2026-04-14T10:40:31.166+0900] {logging_mixin.py:190} INFO - [2026-04-14T10:40:31.166+0900] {dagbag.py:587} INFO - Filling up the DagBag from /opt/airflow/dags/06_multi_dag_step2_transform.py
[2026-04-14T10:40:31.544+0900] {processor.py:925} INFO - DAG(s) '06_multi_dag_step2_transform' retrieved from /opt/airflow/dags/06_multi_dag_step2_transform.py
[2026-04-14T10:40:31.560+0900] {logging_mixin.py:190} INFO - [2026-04-14T10:40:31.560+0900] {dag.py:3211} INFO - Sync 1 DAGs
[2026-04-14T10:40:31.574+0900] {logging_mixin.py:190} INFO - [2026-04-14T10:40:31.574+0900] {dag.py:4138} INFO - Setting next_dagrun for 06_multi_dag_step2_transform to None, run_after=None
[2026-04-14T10:40:31.590+0900] {processor.py:208} INFO - Processing /opt/airflow/dags/06_multi_dag_step2_transform.py took 0.433 seconds
[2026-04-14T10:41:01.928+0900] {processor.py:186} INFO - Started process (PID=40923) to work on /opt/airflow/dags/06_multi_dag_step2_transform.py
[2026-04-14T10:41:01.930+0900] {processor.py:914} INFO - Processing file /opt/airflow/dags/06_multi_dag_step2_transform.py for tasks to queue
[2026-04-14T10:41:01.932+0900] {logging_mixin.py:190} INFO - [2026-04-14T10:41:01.931+0900] {dagbag.py:587} INFO - Filling up the DagBag from /opt/airflow/dags/06_multi_dag_step2_transform.py
[2026-04-14T10:41:02.321+0900] {processor.py:925} INFO - DAG(s) '06_multi_dag_step2_transform' retrieved from /opt/airflow/dags/06_multi_dag_step2_transform.py
[2026-04-14T10:41:02.336+0900] {logging_mixin.py:190} INFO - [2026-04-14T10:41:02.336+0900] {dag.py:3211} INFO - Sync 1 DAGs
[2026-04-14T10:41:02.350+0900] {logging_mixin.py:190} INFO - [2026-04-14T10:41:02.350+0900] {dag.py:4138} INFO - Setting next_dagrun for 06_multi_dag_step2_transform to None, run_after=None
[2026-04-14T10:41:02.366+0900] {processor.py:208} INFO - Processing /opt/airflow/dags/06_multi_dag_step2_transform.py took 0.442 seconds
[2026-04-14T10:41:32.459+0900] {processor.py:186} INFO - Started process (PID=40941) to work on /opt/airflow/dags/06_multi_dag_step2_transform.py
[2026-04-14T10:41:32.460+0900] {processor.py:914} INFO - Processing file /opt/airflow/dags/06_multi_dag_step2_transform.py for tasks to queue
[2026-04-14T10:41:32.463+0900] {logging_mixin.py:190} INFO - [2026-04-14T10:41:32.462+0900] {dagbag.py:587} INFO - Filling up the DagBag from /opt/airflow/dags/06_multi_dag_step2_transform.py
[2026-04-14T10:41:32.830+0900] {processor.py:925} INFO - DAG(s) '06_multi_dag_step2_transform' retrieved from /opt/airflow/dags/06_multi_dag_step2_transform.py
[2026-04-14T10:41:32.846+0900] {logging_mixin.py:190} INFO - [2026-04-14T10:41:32.845+0900] {dag.py:3211} INFO - Sync 1 DAGs
[2026-04-14T10:41:32.858+0900] {logging_mixin.py:190} INFO - [2026-04-14T10:41:32.858+0900] {dag.py:4138} INFO - Setting next_dagrun for 06_multi_dag_step2_transform to None, run_after=None
[2026-04-14T10:41:32.875+0900] {processor.py:208} INFO - Processing /opt/airflow/dags/06_multi_dag_step2_transform.py took 0.421 seconds
[2026-04-14T10:42:03.857+0900] {processor.py:186} INFO - Started process (PID=40960) to work on /opt/airflow/dags/06_multi_dag_step2_transform.py
[2026-04-14T10:42:03.858+0900] {processor.py:914} INFO - Processing file /opt/airflow/dags/06_multi_dag_step2_transform.py for tasks to queue
[2026-04-14T10:42:03.861+0900] {logging_mixin.py:190} INFO - [2026-04-14T10:42:03.861+0900] {dagbag.py:587} INFO - Filling up the DagBag from /opt/airflow/dags/06_multi_dag_step2_transform.py
[2026-04-14T10:42:04.223+0900] {processor.py:925} INFO - DAG(s) '06_multi_dag_step2_transform' retrieved from /opt/airflow/dags/06_multi_dag_step2_transform.py
[2026-04-14T10:42:04.237+0900] {logging_mixin.py:190} INFO - [2026-04-14T10:42:04.237+0900] {dag.py:3211} INFO - Sync 1 DAGs
[2026-04-14T10:42:04.252+0900] {logging_mixin.py:190} INFO - [2026-04-14T10:42:04.252+0900] {dag.py:4138} INFO - Setting next_dagrun for 06_multi_dag_step2_transform to None, run_after=None
[2026-04-14T10:42:04.271+0900] {processor.py:208} INFO - Processing /opt/airflow/dags/06_multi_dag_step2_transform.py took 0.419 seconds
[2026-04-14T10:42:35.296+0900] {processor.py:186} INFO - Started process (PID=40979) to work on /opt/airflow/dags/06_multi_dag_step2_transform.py
[2026-04-14T10:42:35.297+0900] {processor.py:914} INFO - Processing file /opt/airflow/dags/06_multi_dag_step2_transform.py for tasks to queue
[2026-04-14T10:42:35.299+0900] {logging_mixin.py:190} INFO - [2026-04-14T10:42:35.299+0900] {dagbag.py:587} INFO - Filling up the DagBag from /opt/airflow/dags/06_multi_dag_step2_transform.py
[2026-04-14T10:42:35.662+0900] {processor.py:925} INFO - DAG(s) '06_multi_dag_step2_transform' retrieved from /opt/airflow/dags/06_multi_dag_step2_transform.py
[2026-04-14T10:42:35.677+0900] {logging_mixin.py:190} INFO - [2026-04-14T10:42:35.677+0900] {dag.py:3211} INFO - Sync 1 DAGs
[2026-04-14T10:42:35.691+0900] {logging_mixin.py:190} INFO - [2026-04-14T10:42:35.691+0900] {dag.py:4138} INFO - Setting next_dagrun for 06_multi_dag_step2_transform to None, run_after=None
[2026-04-14T10:42:35.708+0900] {processor.py:208} INFO - Processing /opt/airflow/dags/06_multi_dag_step2_transform.py took 0.418 seconds
[2026-04-14T10:43:05.922+0900] {processor.py:186} INFO - Started process (PID=40997) to work on /opt/airflow/dags/06_multi_dag_step2_transform.py
[2026-04-14T10:43:05.922+0900] {processor.py:914} INFO - Processing file /opt/airflow/dags/06_multi_dag_step2_transform.py for tasks to queue
[2026-04-14T10:43:05.925+0900] {logging_mixin.py:190} INFO - [2026-04-14T10:43:05.924+0900] {dagbag.py:587} INFO - Filling up the DagBag from /opt/airflow/dags/06_multi_dag_step2_transform.py
[2026-04-14T10:43:06.277+0900] {processor.py:925} INFO - DAG(s) '06_multi_dag_step2_transform' retrieved from /opt/airflow/dags/06_multi_dag_step2_transform.py
[2026-04-14T10:43:06.295+0900] {logging_mixin.py:190} INFO - [2026-04-14T10:43:06.295+0900] {dag.py:3211} INFO - Sync 1 DAGs
[2026-04-14T10:43:06.309+0900] {logging_mixin.py:190} INFO - [2026-04-14T10:43:06.309+0900] {dag.py:4138} INFO - Setting next_dagrun for 06_multi_dag_step2_transform to None, run_after=None
[2026-04-14T10:43:06.332+0900] {processor.py:208} INFO - Processing /opt/airflow/dags/06_multi_dag_step2_transform.py took 0.415 seconds
[2026-04-14T10:43:36.526+0900] {processor.py:186} INFO - Started process (PID=41015) to work on /opt/airflow/dags/06_multi_dag_step2_transform.py
[2026-04-14T10:43:36.527+0900] {processor.py:914} INFO - Processing file /opt/airflow/dags/06_multi_dag_step2_transform.py for tasks to queue
[2026-04-14T10:43:36.529+0900] {logging_mixin.py:190} INFO - [2026-04-14T10:43:36.529+0900] {dagbag.py:587} INFO - Filling up the DagBag from /opt/airflow/dags/06_multi_dag_step2_transform.py
[2026-04-14T10:43:36.862+0900] {processor.py:925} INFO - DAG(s) '06_multi_dag_step2_transform' retrieved from /opt/airflow/dags/06_multi_dag_step2_transform.py
[2026-04-14T10:43:36.878+0900] {logging_mixin.py:190} INFO - [2026-04-14T10:43:36.878+0900] {dag.py:3211} INFO - Sync 1 DAGs
[2026-04-14T10:43:36.891+0900] {logging_mixin.py:190} INFO - [2026-04-14T10:43:36.891+0900] {dag.py:4138} INFO - Setting next_dagrun for 06_multi_dag_step2_transform to None, run_after=None
[2026-04-14T10:43:36.915+0900] {processor.py:208} INFO - Processing /opt/airflow/dags/06_multi_dag_step2_transform.py took 0.393 seconds
[2026-04-14T10:44:07.097+0900] {processor.py:186} INFO - Started process (PID=41033) to work on /opt/airflow/dags/06_multi_dag_step2_transform.py
[2026-04-14T10:44:07.098+0900] {processor.py:914} INFO - Processing file /opt/airflow/dags/06_multi_dag_step2_transform.py for tasks to queue
[2026-04-14T10:44:07.100+0900] {logging_mixin.py:190} INFO - [2026-04-14T10:44:07.100+0900] {dagbag.py:587} INFO - Filling up the DagBag from /opt/airflow/dags/06_multi_dag_step2_transform.py
[2026-04-14T10:44:07.450+0900] {processor.py:925} INFO - DAG(s) '06_multi_dag_step2_transform' retrieved from /opt/airflow/dags/06_multi_dag_step2_transform.py
[2026-04-14T10:44:07.470+0900] {logging_mixin.py:190} INFO - [2026-04-14T10:44:07.470+0900] {dag.py:3211} INFO - Sync 1 DAGs
[2026-04-14T10:44:07.486+0900] {logging_mixin.py:190} INFO - [2026-04-14T10:44:07.485+0900] {dag.py:4138} INFO - Setting next_dagrun for 06_multi_dag_step2_transform to None, run_after=None
[2026-04-14T10:44:07.504+0900] {processor.py:208} INFO - Processing /opt/airflow/dags/06_multi_dag_step2_transform.py took 0.411 seconds
[2026-04-14T10:44:37.697+0900] {processor.py:186} INFO - Started process (PID=41051) to work on /opt/airflow/dags/06_multi_dag_step2_transform.py
[2026-04-14T10:44:37.698+0900] {processor.py:914} INFO - Processing file /opt/airflow/dags/06_multi_dag_step2_transform.py for tasks to queue
[2026-04-14T10:44:37.701+0900] {logging_mixin.py:190} INFO - [2026-04-14T10:44:37.700+0900] {dagbag.py:587} INFO - Filling up the DagBag from /opt/airflow/dags/06_multi_dag_step2_transform.py
[2026-04-14T10:44:38.097+0900] {processor.py:925} INFO - DAG(s) '06_multi_dag_step2_transform' retrieved from /opt/airflow/dags/06_multi_dag_step2_transform.py
[2026-04-14T10:44:38.113+0900] {logging_mixin.py:190} INFO - [2026-04-14T10:44:38.113+0900] {dag.py:3211} INFO - Sync 1 DAGs
[2026-04-14T10:44:38.126+0900] {logging_mixin.py:190} INFO - [2026-04-14T10:44:38.126+0900] {dag.py:4138} INFO - Setting next_dagrun for 06_multi_dag_step2_transform to None, run_after=None
[2026-04-14T10:44:38.146+0900] {processor.py:208} INFO - Processing /opt/airflow/dags/06_multi_dag_step2_transform.py took 0.454 seconds
[2026-04-14T10:45:08.240+0900] {processor.py:186} INFO - Started process (PID=41069) to work on /opt/airflow/dags/06_multi_dag_step2_transform.py
[2026-04-14T10:45:08.240+0900] {processor.py:914} INFO - Processing file /opt/airflow/dags/06_multi_dag_step2_transform.py for tasks to queue
[2026-04-14T10:45:08.242+0900] {logging_mixin.py:190} INFO - [2026-04-14T10:45:08.242+0900] {dagbag.py:587} INFO - Filling up the DagBag from /opt/airflow/dags/06_multi_dag_step2_transform.py
[2026-04-14T10:45:08.616+0900] {processor.py:925} INFO - DAG(s) '06_multi_dag_step2_transform' retrieved from /opt/airflow/dags/06_multi_dag_step2_transform.py
[2026-04-14T10:45:08.632+0900] {logging_mixin.py:190} INFO - [2026-04-14T10:45:08.632+0900] {dag.py:3211} INFO - Sync 1 DAGs
[2026-04-14T10:45:08.646+0900] {logging_mixin.py:190} INFO - [2026-04-14T10:45:08.646+0900] {dag.py:4138} INFO - Setting next_dagrun for 06_multi_dag_step2_transform to None, run_after=None
[2026-04-14T10:45:08.665+0900] {processor.py:208} INFO - Processing /opt/airflow/dags/06_multi_dag_step2_transform.py took 0.430 seconds
[2026-04-14T10:45:38.798+0900] {processor.py:186} INFO - Started process (PID=41087) to work on /opt/airflow/dags/06_multi_dag_step2_transform.py
[2026-04-14T10:45:38.799+0900] {processor.py:914} INFO - Processing file /opt/airflow/dags/06_multi_dag_step2_transform.py for tasks to queue
[2026-04-14T10:45:38.801+0900] {logging_mixin.py:190} INFO - [2026-04-14T10:45:38.801+0900] {dagbag.py:587} INFO - Filling up the DagBag from /opt/airflow/dags/06_multi_dag_step2_transform.py
[2026-04-14T10:45:39.159+0900] {processor.py:925} INFO - DAG(s) '06_multi_dag_step2_transform' retrieved from /opt/airflow/dags/06_multi_dag_step2_transform.py
[2026-04-14T10:45:39.176+0900] {logging_mixin.py:190} INFO - [2026-04-14T10:45:39.176+0900] {dag.py:3211} INFO - Sync 1 DAGs
[2026-04-14T10:45:39.190+0900] {logging_mixin.py:190} INFO - [2026-04-14T10:45:39.190+0900] {dag.py:4138} INFO - Setting next_dagrun for 06_multi_dag_step2_transform to None, run_after=None
[2026-04-14T10:45:39.205+0900] {processor.py:208} INFO - Processing /opt/airflow/dags/06_multi_dag_step2_transform.py took 0.412 seconds
[2026-04-14T10:46:09.311+0900] {processor.py:186} INFO - Started process (PID=41105) to work on /opt/airflow/dags/06_multi_dag_step2_transform.py
[2026-04-14T10:46:09.312+0900] {processor.py:914} INFO - Processing file /opt/airflow/dags/06_multi_dag_step2_transform.py for tasks to queue
[2026-04-14T10:46:09.315+0900] {logging_mixin.py:190} INFO - [2026-04-14T10:46:09.315+0900] {dagbag.py:587} INFO - Filling up the DagBag from /opt/airflow/dags/06_multi_dag_step2_transform.py
[2026-04-14T10:46:09.691+0900] {processor.py:925} INFO - DAG(s) '06_multi_dag_step2_transform' retrieved from /opt/airflow/dags/06_multi_dag_step2_transform.py
[2026-04-14T10:46:09.709+0900] {logging_mixin.py:190} INFO - [2026-04-14T10:46:09.709+0900] {dag.py:3211} INFO - Sync 1 DAGs
[2026-04-14T10:46:09.723+0900] {logging_mixin.py:190} INFO - [2026-04-14T10:46:09.722+0900] {dag.py:4138} INFO - Setting next_dagrun for 06_multi_dag_step2_transform to None, run_after=None
[2026-04-14T10:46:09.739+0900] {processor.py:208} INFO - Processing /opt/airflow/dags/06_multi_dag_step2_transform.py took 0.433 seconds
[2026-04-14T10:46:40.701+0900] {processor.py:186} INFO - Started process (PID=41123) to work on /opt/airflow/dags/06_multi_dag_step2_transform.py
[2026-04-14T10:46:40.702+0900] {processor.py:914} INFO - Processing file /opt/airflow/dags/06_multi_dag_step2_transform.py for tasks to queue
[2026-04-14T10:46:40.704+0900] {logging_mixin.py:190} INFO - [2026-04-14T10:46:40.704+0900] {dagbag.py:587} INFO - Filling up the DagBag from /opt/airflow/dags/06_multi_dag_step2_transform.py
[2026-04-14T10:46:41.071+0900] {processor.py:925} INFO - DAG(s) '06_multi_dag_step2_transform' retrieved from /opt/airflow/dags/06_multi_dag_step2_transform.py
[2026-04-14T10:46:41.086+0900] {logging_mixin.py:190} INFO - [2026-04-14T10:46:41.085+0900] {dag.py:3211} INFO - Sync 1 DAGs
[2026-04-14T10:46:41.099+0900] {logging_mixin.py:190} INFO - [2026-04-14T10:46:41.099+0900] {dag.py:4138} INFO - Setting next_dagrun for 06_multi_dag_step2_transform to None, run_after=None
[2026-04-14T10:46:41.119+0900] {processor.py:208} INFO - Processing /opt/airflow/dags/06_multi_dag_step2_transform.py took 0.423 seconds
[2026-04-14T10:47:11.321+0900] {processor.py:186} INFO - Started process (PID=41141) to work on /opt/airflow/dags/06_multi_dag_step2_transform.py
[2026-04-14T10:47:11.322+0900] {processor.py:914} INFO - Processing file /opt/airflow/dags/06_multi_dag_step2_transform.py for tasks to queue
[2026-04-14T10:47:11.325+0900] {logging_mixin.py:190} INFO - [2026-04-14T10:47:11.324+0900] {dagbag.py:587} INFO - Filling up the DagBag from /opt/airflow/dags/06_multi_dag_step2_transform.py
[2026-04-14T10:47:11.727+0900] {processor.py:925} INFO - DAG(s) '06_multi_dag_step2_transform' retrieved from /opt/airflow/dags/06_multi_dag_step2_transform.py
[2026-04-14T10:47:11.743+0900] {logging_mixin.py:190} INFO - [2026-04-14T10:47:11.743+0900] {dag.py:3211} INFO - Sync 1 DAGs
[2026-04-14T10:47:11.758+0900] {logging_mixin.py:190} INFO - [2026-04-14T10:47:11.758+0900] {dag.py:4138} INFO - Setting next_dagrun for 06_multi_dag_step2_transform to None, run_after=None
[2026-04-14T10:47:11.776+0900] {processor.py:208} INFO - Processing /opt/airflow/dags/06_multi_dag_step2_transform.py took 0.461 seconds
[2026-04-14T10:47:41.862+0900] {processor.py:186} INFO - Started process (PID=41159) to work on /opt/airflow/dags/06_multi_dag_step2_transform.py
[2026-04-14T10:47:41.863+0900] {processor.py:914} INFO - Processing file /opt/airflow/dags/06_multi_dag_step2_transform.py for tasks to queue
[2026-04-14T10:47:41.866+0900] {logging_mixin.py:190} INFO - [2026-04-14T10:47:41.865+0900] {dagbag.py:587} INFO - Filling up the DagBag from /opt/airflow/dags/06_multi_dag_step2_transform.py
[2026-04-14T10:47:42.196+0900] {processor.py:925} INFO - DAG(s) '06_multi_dag_step2_transform' retrieved from /opt/airflow/dags/06_multi_dag_step2_transform.py
[2026-04-14T10:47:42.213+0900] {logging_mixin.py:190} INFO - [2026-04-14T10:47:42.213+0900] {dag.py:3211} INFO - Sync 1 DAGs
[2026-04-14T10:47:42.226+0900] {logging_mixin.py:190} INFO - [2026-04-14T10:47:42.226+0900] {dag.py:4138} INFO - Setting next_dagrun for 06_multi_dag_step2_transform to None, run_after=None
[2026-04-14T10:47:42.243+0900] {processor.py:208} INFO - Processing /opt/airflow/dags/06_multi_dag_step2_transform.py took 0.385 seconds
[2026-04-14T10:48:12.548+0900] {processor.py:186} INFO - Started process (PID=41177) to work on /opt/airflow/dags/06_multi_dag_step2_transform.py
[2026-04-14T10:48:12.548+0900] {processor.py:914} INFO - Processing file /opt/airflow/dags/06_multi_dag_step2_transform.py for tasks to queue
[2026-04-14T10:48:12.550+0900] {logging_mixin.py:190} INFO - [2026-04-14T10:48:12.550+0900] {dagbag.py:587} INFO - Filling up the DagBag from /opt/airflow/dags/06_multi_dag_step2_transform.py
[2026-04-14T10:48:12.918+0900] {processor.py:925} INFO - DAG(s) '06_multi_dag_step2_transform' retrieved from /opt/airflow/dags/06_multi_dag_step2_transform.py
[2026-04-14T10:48:12.933+0900] {logging_mixin.py:190} INFO - [2026-04-14T10:48:12.933+0900] {dag.py:3211} INFO - Sync 1 DAGs
[2026-04-14T10:48:12.947+0900] {logging_mixin.py:190} INFO - [2026-04-14T10:48:12.946+0900] {dag.py:4138} INFO - Setting next_dagrun for 06_multi_dag_step2_transform to None, run_after=None
[2026-04-14T10:48:12.967+0900] {processor.py:208} INFO - Processing /opt/airflow/dags/06_multi_dag_step2_transform.py took 0.425 seconds
[2026-04-14T10:48:43.131+0900] {processor.py:186} INFO - Started process (PID=41195) to work on /opt/airflow/dags/06_multi_dag_step2_transform.py
[2026-04-14T10:48:43.132+0900] {processor.py:914} INFO - Processing file /opt/airflow/dags/06_multi_dag_step2_transform.py for tasks to queue
[2026-04-14T10:48:43.134+0900] {logging_mixin.py:190} INFO - [2026-04-14T10:48:43.134+0900] {dagbag.py:587} INFO - Filling up the DagBag from /opt/airflow/dags/06_multi_dag_step2_transform.py
[2026-04-14T10:48:43.523+0900] {processor.py:925} INFO - DAG(s) '06_multi_dag_step2_transform' retrieved from /opt/airflow/dags/06_multi_dag_step2_transform.py
[2026-04-14T10:48:43.540+0900] {logging_mixin.py:190} INFO - [2026-04-14T10:48:43.540+0900] {dag.py:3211} INFO - Sync 1 DAGs
[2026-04-14T10:48:43.555+0900] {logging_mixin.py:190} INFO - [2026-04-14T10:48:43.555+0900] {dag.py:4138} INFO - Setting next_dagrun for 06_multi_dag_step2_transform to None, run_after=None
[2026-04-14T10:48:43.574+0900] {processor.py:208} INFO - Processing /opt/airflow/dags/06_multi_dag_step2_transform.py took 0.448 seconds
[2026-04-14T10:49:13.863+0900] {processor.py:186} INFO - Started process (PID=41213) to work on /opt/airflow/dags/06_multi_dag_step2_transform.py
[2026-04-14T10:49:13.864+0900] {processor.py:914} INFO - Processing file /opt/airflow/dags/06_multi_dag_step2_transform.py for tasks to queue
[2026-04-14T10:49:13.866+0900] {logging_mixin.py:190} INFO - [2026-04-14T10:49:13.866+0900] {dagbag.py:587} INFO - Filling up the DagBag from /opt/airflow/dags/06_multi_dag_step2_transform.py
[2026-04-14T10:49:14.242+0900] {processor.py:925} INFO - DAG(s) '06_multi_dag_step2_transform' retrieved from /opt/airflow/dags/06_multi_dag_step2_transform.py
[2026-04-14T10:49:14.258+0900] {logging_mixin.py:190} INFO - [2026-04-14T10:49:14.258+0900] {dag.py:3211} INFO - Sync 1 DAGs
[2026-04-14T10:49:14.272+0900] {logging_mixin.py:190} INFO - [2026-04-14T10:49:14.272+0900] {dag.py:4138} INFO - Setting next_dagrun for 06_multi_dag_step2_transform to None, run_after=None
[2026-04-14T10:49:14.288+0900] {processor.py:208} INFO - Processing /opt/airflow/dags/06_multi_dag_step2_transform.py took 0.429 seconds
[2026-04-14T10:49:44.514+0900] {processor.py:186} INFO - Started process (PID=41230) to work on /opt/airflow/dags/06_multi_dag_step2_transform.py
[2026-04-14T10:49:44.515+0900] {processor.py:914} INFO - Processing file /opt/airflow/dags/06_multi_dag_step2_transform.py for tasks to queue
[2026-04-14T10:49:44.517+0900] {logging_mixin.py:190} INFO - [2026-04-14T10:49:44.517+0900] {dagbag.py:587} INFO - Filling up the DagBag from /opt/airflow/dags/06_multi_dag_step2_transform.py
[2026-04-14T10:49:44.868+0900] {processor.py:925} INFO - DAG(s) '06_multi_dag_step2_transform' retrieved from /opt/airflow/dags/06_multi_dag_step2_transform.py
[2026-04-14T10:49:44.886+0900] {logging_mixin.py:190} INFO - [2026-04-14T10:49:44.885+0900] {dag.py:3211} INFO - Sync 1 DAGs
[2026-04-14T10:49:44.900+0900] {logging_mixin.py:190} INFO - [2026-04-14T10:49:44.900+0900] {dag.py:4138} INFO - Setting next_dagrun for 06_multi_dag_step2_transform to None, run_after=None
[2026-04-14T10:49:44.918+0900] {processor.py:208} INFO - Processing /opt/airflow/dags/06_multi_dag_step2_transform.py took 0.408 seconds
[2026-04-14T10:50:15.141+0900] {processor.py:186} INFO - Started process (PID=41248) to work on /opt/airflow/dags/06_multi_dag_step2_transform.py
[2026-04-14T10:50:15.142+0900] {processor.py:914} INFO - Processing file /opt/airflow/dags/06_multi_dag_step2_transform.py for tasks to queue
[2026-04-14T10:50:15.144+0900] {logging_mixin.py:190} INFO - [2026-04-14T10:50:15.144+0900] {dagbag.py:587} INFO - Filling up the DagBag from /opt/airflow/dags/06_multi_dag_step2_transform.py
[2026-04-14T10:50:15.488+0900] {processor.py:925} INFO - DAG(s) '06_multi_dag_step2_transform' retrieved from /opt/airflow/dags/06_multi_dag_step2_transform.py
[2026-04-14T10:50:15.508+0900] {logging_mixin.py:190} INFO - [2026-04-14T10:50:15.508+0900] {dag.py:3211} INFO - Sync 1 DAGs
[2026-04-14T10:50:15.527+0900] {logging_mixin.py:190} INFO - [2026-04-14T10:50:15.527+0900] {dag.py:4138} INFO - Setting next_dagrun for 06_multi_dag_step2_transform to None, run_after=None
[2026-04-14T10:50:15.544+0900] {processor.py:208} INFO - Processing /opt/airflow/dags/06_multi_dag_step2_transform.py took 0.407 seconds
[2026-04-14T10:50:45.785+0900] {processor.py:186} INFO - Started process (PID=41266) to work on /opt/airflow/dags/06_multi_dag_step2_transform.py
[2026-04-14T10:50:45.786+0900] {processor.py:914} INFO - Processing file /opt/airflow/dags/06_multi_dag_step2_transform.py for tasks to queue
[2026-04-14T10:50:45.788+0900] {logging_mixin.py:190} INFO - [2026-04-14T10:50:45.788+0900] {dagbag.py:587} INFO - Filling up the DagBag from /opt/airflow/dags/06_multi_dag_step2_transform.py
[2026-04-14T10:50:46.145+0900] {processor.py:925} INFO - DAG(s) '06_multi_dag_step2_transform' retrieved from /opt/airflow/dags/06_multi_dag_step2_transform.py
[2026-04-14T10:50:46.162+0900] {logging_mixin.py:190} INFO - [2026-04-14T10:50:46.162+0900] {dag.py:3211} INFO - Sync 1 DAGs
[2026-04-14T10:50:46.176+0900] {logging_mixin.py:190} INFO - [2026-04-14T10:50:46.176+0900] {dag.py:4138} INFO - Setting next_dagrun for 06_multi_dag_step2_transform to None, run_after=None
[2026-04-14T10:50:46.195+0900] {processor.py:208} INFO - Processing /opt/airflow/dags/06_multi_dag_step2_transform.py took 0.415 seconds
[2026-04-14T10:51:16.356+0900] {processor.py:186} INFO - Started process (PID=41284) to work on /opt/airflow/dags/06_multi_dag_step2_transform.py
[2026-04-14T10:51:16.357+0900] {processor.py:914} INFO - Processing file /opt/airflow/dags/06_multi_dag_step2_transform.py for tasks to queue
[2026-04-14T10:51:16.359+0900] {logging_mixin.py:190} INFO - [2026-04-14T10:51:16.359+0900] {dagbag.py:587} INFO - Filling up the DagBag from /opt/airflow/dags/06_multi_dag_step2_transform.py
[2026-04-14T10:51:16.694+0900] {processor.py:925} INFO - DAG(s) '06_multi_dag_step2_transform' retrieved from /opt/airflow/dags/06_multi_dag_step2_transform.py
[2026-04-14T10:51:16.709+0900] {logging_mixin.py:190} INFO - [2026-04-14T10:51:16.709+0900] {dag.py:3211} INFO - Sync 1 DAGs
[2026-04-14T10:51:16.722+0900] {logging_mixin.py:190} INFO - [2026-04-14T10:51:16.722+0900] {dag.py:4138} INFO - Setting next_dagrun for 06_multi_dag_step2_transform to None, run_after=None
[2026-04-14T10:51:16.742+0900] {processor.py:208} INFO - Processing /opt/airflow/dags/06_multi_dag_step2_transform.py took 0.391 seconds
[2026-04-14T10:51:46.893+0900] {processor.py:186} INFO - Started process (PID=41302) to work on /opt/airflow/dags/06_multi_dag_step2_transform.py
[2026-04-14T10:51:46.893+0900] {processor.py:914} INFO - Processing file /opt/airflow/dags/06_multi_dag_step2_transform.py for tasks to queue
[2026-04-14T10:51:46.896+0900] {logging_mixin.py:190} INFO - [2026-04-14T10:51:46.895+0900] {dagbag.py:587} INFO - Filling up the DagBag from /opt/airflow/dags/06_multi_dag_step2_transform.py
[2026-04-14T10:51:47.262+0900] {processor.py:925} INFO - DAG(s) '06_multi_dag_step2_transform' retrieved from /opt/airflow/dags/06_multi_dag_step2_transform.py
[2026-04-14T10:51:47.278+0900] {logging_mixin.py:190} INFO - [2026-04-14T10:51:47.277+0900] {dag.py:3211} INFO - Sync 1 DAGs
[2026-04-14T10:51:47.292+0900] {logging_mixin.py:190} INFO - [2026-04-14T10:51:47.291+0900] {dag.py:4138} INFO - Setting next_dagrun for 06_multi_dag_step2_transform to None, run_after=None
[2026-04-14T10:51:47.307+0900] {processor.py:208} INFO - Processing /opt/airflow/dags/06_multi_dag_step2_transform.py took 0.419 seconds
[2026-04-14T10:52:17.497+0900] {processor.py:186} INFO - Started process (PID=41320) to work on /opt/airflow/dags/06_multi_dag_step2_transform.py
[2026-04-14T10:52:17.498+0900] {processor.py:914} INFO - Processing file /opt/airflow/dags/06_multi_dag_step2_transform.py for tasks to queue
[2026-04-14T10:52:17.500+0900] {logging_mixin.py:190} INFO - [2026-04-14T10:52:17.500+0900] {dagbag.py:587} INFO - Filling up the DagBag from /opt/airflow/dags/06_multi_dag_step2_transform.py
[2026-04-14T10:52:17.833+0900] {processor.py:925} INFO - DAG(s) '06_multi_dag_step2_transform' retrieved from /opt/airflow/dags/06_multi_dag_step2_transform.py
[2026-04-14T10:52:17.848+0900] {logging_mixin.py:190} INFO - [2026-04-14T10:52:17.848+0900] {dag.py:3211} INFO - Sync 1 DAGs
[2026-04-14T10:52:17.861+0900] {logging_mixin.py:190} INFO - [2026-04-14T10:52:17.861+0900] {dag.py:4138} INFO - Setting next_dagrun for 06_multi_dag_step2_transform to None, run_after=None
[2026-04-14T10:52:17.876+0900] {processor.py:208} INFO - Processing /opt/airflow/dags/06_multi_dag_step2_transform.py took 0.384 seconds
[2026-04-14T10:52:48.266+0900] {processor.py:186} INFO - Started process (PID=41338) to work on /opt/airflow/dags/06_multi_dag_step2_transform.py
[2026-04-14T10:52:48.267+0900] {processor.py:914} INFO - Processing file /opt/airflow/dags/06_multi_dag_step2_transform.py for tasks to queue
[2026-04-14T10:52:48.269+0900] {logging_mixin.py:190} INFO - [2026-04-14T10:52:48.269+0900] {dagbag.py:587} INFO - Filling up the DagBag from /opt/airflow/dags/06_multi_dag_step2_transform.py
[2026-04-14T10:52:48.650+0900] {processor.py:925} INFO - DAG(s) '06_multi_dag_step2_transform' retrieved from /opt/airflow/dags/06_multi_dag_step2_transform.py
[2026-04-14T10:52:48.674+0900] {logging_mixin.py:190} INFO - [2026-04-14T10:52:48.674+0900] {dag.py:3211} INFO - Sync 1 DAGs
[2026-04-14T10:52:48.693+0900] {logging_mixin.py:190} INFO - [2026-04-14T10:52:48.693+0900] {dag.py:4138} INFO - Setting next_dagrun for 06_multi_dag_step2_transform to None, run_after=None
[2026-04-14T10:52:48.716+0900] {processor.py:208} INFO - Processing /opt/airflow/dags/06_multi_dag_step2_transform.py took 0.454 seconds
[2026-04-14T10:53:18.855+0900] {processor.py:186} INFO - Started process (PID=41356) to work on /opt/airflow/dags/06_multi_dag_step2_transform.py
[2026-04-14T10:53:18.856+0900] {processor.py:914} INFO - Processing file /opt/airflow/dags/06_multi_dag_step2_transform.py for tasks to queue
[2026-04-14T10:53:18.858+0900] {logging_mixin.py:190} INFO - [2026-04-14T10:53:18.857+0900] {dagbag.py:587} INFO - Filling up the DagBag from /opt/airflow/dags/06_multi_dag_step2_transform.py
[2026-04-14T10:53:19.221+0900] {processor.py:925} INFO - DAG(s) '06_multi_dag_step2_transform' retrieved from /opt/airflow/dags/06_multi_dag_step2_transform.py
[2026-04-14T10:53:19.237+0900] {logging_mixin.py:190} INFO - [2026-04-14T10:53:19.237+0900] {dag.py:3211} INFO - Sync 1 DAGs
[2026-04-14T10:53:19.252+0900] {logging_mixin.py:190} INFO - [2026-04-14T10:53:19.252+0900] {dag.py:4138} INFO - Setting next_dagrun for 06_multi_dag_step2_transform to None, run_after=None
[2026-04-14T10:53:19.268+0900] {processor.py:208} INFO - Processing /opt/airflow/dags/06_multi_dag_step2_transform.py took 0.418 seconds
[2026-04-14T10:53:49.534+0900] {processor.py:186} INFO - Started process (PID=41374) to work on /opt/airflow/dags/06_multi_dag_step2_transform.py
[2026-04-14T10:53:49.535+0900] {processor.py:914} INFO - Processing file /opt/airflow/dags/06_multi_dag_step2_transform.py for tasks to queue
[2026-04-14T10:53:49.537+0900] {logging_mixin.py:190} INFO - [2026-04-14T10:53:49.537+0900] {dagbag.py:587} INFO - Filling up the DagBag from /opt/airflow/dags/06_multi_dag_step2_transform.py
[2026-04-14T10:53:49.890+0900] {processor.py:925} INFO - DAG(s) '06_multi_dag_step2_transform' retrieved from /opt/airflow/dags/06_multi_dag_step2_transform.py
[2026-04-14T10:53:49.906+0900] {logging_mixin.py:190} INFO - [2026-04-14T10:53:49.906+0900] {dag.py:3211} INFO - Sync 1 DAGs
[2026-04-14T10:53:49.921+0900] {logging_mixin.py:190} INFO - [2026-04-14T10:53:49.921+0900] {dag.py:4138} INFO - Setting next_dagrun for 06_multi_dag_step2_transform to None, run_after=None
[2026-04-14T10:53:49.942+0900] {processor.py:208} INFO - Processing /opt/airflow/dags/06_multi_dag_step2_transform.py took 0.412 seconds
[2026-04-14T10:54:20.162+0900] {processor.py:186} INFO - Started process (PID=41392) to work on /opt/airflow/dags/06_multi_dag_step2_transform.py
[2026-04-14T10:54:20.163+0900] {processor.py:914} INFO - Processing file /opt/airflow/dags/06_multi_dag_step2_transform.py for tasks to queue
[2026-04-14T10:54:20.165+0900] {logging_mixin.py:190} INFO - [2026-04-14T10:54:20.165+0900] {dagbag.py:587} INFO - Filling up the DagBag from /opt/airflow/dags/06_multi_dag_step2_transform.py
[2026-04-14T10:54:20.516+0900] {processor.py:925} INFO - DAG(s) '06_multi_dag_step2_transform' retrieved from /opt/airflow/dags/06_multi_dag_step2_transform.py
[2026-04-14T10:54:20.532+0900] {logging_mixin.py:190} INFO - [2026-04-14T10:54:20.532+0900] {dag.py:3211} INFO - Sync 1 DAGs
[2026-04-14T10:54:20.547+0900] {logging_mixin.py:190} INFO - [2026-04-14T10:54:20.547+0900] {dag.py:4138} INFO - Setting next_dagrun for 06_multi_dag_step2_transform to None, run_after=None
[2026-04-14T10:54:20.564+0900] {processor.py:208} INFO - Processing /opt/airflow/dags/06_multi_dag_step2_transform.py took 0.407 seconds
[2026-04-14T10:54:50.758+0900] {processor.py:186} INFO - Started process (PID=41410) to work on /opt/airflow/dags/06_multi_dag_step2_transform.py
[2026-04-14T10:54:50.759+0900] {processor.py:914} INFO - Processing file /opt/airflow/dags/06_multi_dag_step2_transform.py for tasks to queue
[2026-04-14T10:54:50.761+0900] {logging_mixin.py:190} INFO - [2026-04-14T10:54:50.761+0900] {dagbag.py:587} INFO - Filling up the DagBag from /opt/airflow/dags/06_multi_dag_step2_transform.py
[2026-04-14T10:54:51.103+0900] {processor.py:925} INFO - DAG(s) '06_multi_dag_step2_transform' retrieved from /opt/airflow/dags/06_multi_dag_step2_transform.py
[2026-04-14T10:54:51.119+0900] {logging_mixin.py:190} INFO - [2026-04-14T10:54:51.119+0900] {dag.py:3211} INFO - Sync 1 DAGs
[2026-04-14T10:54:51.133+0900] {logging_mixin.py:190} INFO - [2026-04-14T10:54:51.133+0900] {dag.py:4138} INFO - Setting next_dagrun for 06_multi_dag_step2_transform to None, run_after=None
[2026-04-14T10:54:51.149+0900] {processor.py:208} INFO - Processing /opt/airflow/dags/06_multi_dag_step2_transform.py took 0.395 seconds
[2026-04-14T10:55:21.209+0900] {processor.py:186} INFO - Started process (PID=41428) to work on /opt/airflow/dags/06_multi_dag_step2_transform.py
[2026-04-14T10:55:21.210+0900] {processor.py:914} INFO - Processing file /opt/airflow/dags/06_multi_dag_step2_transform.py for tasks to queue
[2026-04-14T10:55:21.213+0900] {logging_mixin.py:190} INFO - [2026-04-14T10:55:21.212+0900] {dagbag.py:587} INFO - Filling up the DagBag from /opt/airflow/dags/06_multi_dag_step2_transform.py
[2026-04-14T10:55:21.554+0900] {processor.py:925} INFO - DAG(s) '06_multi_dag_step2_transform' retrieved from /opt/airflow/dags/06_multi_dag_step2_transform.py
[2026-04-14T10:55:21.570+0900] {logging_mixin.py:190} INFO - [2026-04-14T10:55:21.569+0900] {dag.py:3211} INFO - Sync 1 DAGs
[2026-04-14T10:55:21.583+0900] {logging_mixin.py:190} INFO - [2026-04-14T10:55:21.583+0900] {dag.py:4138} INFO - Setting next_dagrun for 06_multi_dag_step2_transform to None, run_after=None
[2026-04-14T10:55:21.605+0900] {processor.py:208} INFO - Processing /opt/airflow/dags/06_multi_dag_step2_transform.py took 0.400 seconds
[2026-04-14T10:55:52.109+0900] {processor.py:186} INFO - Started process (PID=41447) to work on /opt/airflow/dags/06_multi_dag_step2_transform.py
[2026-04-14T10:55:52.110+0900] {processor.py:914} INFO - Processing file /opt/airflow/dags/06_multi_dag_step2_transform.py for tasks to queue
[2026-04-14T10:55:52.112+0900] {logging_mixin.py:190} INFO - [2026-04-14T10:55:52.112+0900] {dagbag.py:587} INFO - Filling up the DagBag from /opt/airflow/dags/06_multi_dag_step2_transform.py
[2026-04-14T10:55:52.462+0900] {processor.py:925} INFO - DAG(s) '06_multi_dag_step2_transform' retrieved from /opt/airflow/dags/06_multi_dag_step2_transform.py
[2026-04-14T10:55:52.479+0900] {logging_mixin.py:190} INFO - [2026-04-14T10:55:52.478+0900] {dag.py:3211} INFO - Sync 1 DAGs
[2026-04-14T10:55:52.493+0900] {logging_mixin.py:190} INFO - [2026-04-14T10:55:52.492+0900] {dag.py:4138} INFO - Setting next_dagrun for 06_multi_dag_step2_transform to None, run_after=None
[2026-04-14T10:55:52.511+0900] {processor.py:208} INFO - Processing /opt/airflow/dags/06_multi_dag_step2_transform.py took 0.408 seconds
[2026-04-14T10:56:22.579+0900] {processor.py:186} INFO - Started process (PID=41465) to work on /opt/airflow/dags/06_multi_dag_step2_transform.py
[2026-04-14T10:56:22.580+0900] {processor.py:914} INFO - Processing file /opt/airflow/dags/06_multi_dag_step2_transform.py for tasks to queue
[2026-04-14T10:56:22.582+0900] {logging_mixin.py:190} INFO - [2026-04-14T10:56:22.582+0900] {dagbag.py:587} INFO - Filling up the DagBag from /opt/airflow/dags/06_multi_dag_step2_transform.py
[2026-04-14T10:56:22.926+0900] {processor.py:925} INFO - DAG(s) '06_multi_dag_step2_transform' retrieved from /opt/airflow/dags/06_multi_dag_step2_transform.py
[2026-04-14T10:56:22.943+0900] {logging_mixin.py:190} INFO - [2026-04-14T10:56:22.943+0900] {dag.py:3211} INFO - Sync 1 DAGs
[2026-04-14T10:56:22.958+0900] {logging_mixin.py:190} INFO - [2026-04-14T10:56:22.958+0900] {dag.py:4138} INFO - Setting next_dagrun for 06_multi_dag_step2_transform to None, run_after=None
[2026-04-14T10:56:22.976+0900] {processor.py:208} INFO - Processing /opt/airflow/dags/06_multi_dag_step2_transform.py took 0.402 seconds
[2026-04-14T10:56:53.041+0900] {processor.py:186} INFO - Started process (PID=41483) to work on /opt/airflow/dags/06_multi_dag_step2_transform.py
[2026-04-14T10:56:53.041+0900] {processor.py:914} INFO - Processing file /opt/airflow/dags/06_multi_dag_step2_transform.py for tasks to queue
[2026-04-14T10:56:53.044+0900] {logging_mixin.py:190} INFO - [2026-04-14T10:56:53.043+0900] {dagbag.py:587} INFO - Filling up the DagBag from /opt/airflow/dags/06_multi_dag_step2_transform.py
[2026-04-14T10:56:53.391+0900] {processor.py:925} INFO - DAG(s) '06_multi_dag_step2_transform' retrieved from /opt/airflow/dags/06_multi_dag_step2_transform.py
[2026-04-14T10:56:53.407+0900] {logging_mixin.py:190} INFO - [2026-04-14T10:56:53.406+0900] {dag.py:3211} INFO - Sync 1 DAGs
[2026-04-14T10:56:53.421+0900] {logging_mixin.py:190} INFO - [2026-04-14T10:56:53.421+0900] {dag.py:4138} INFO - Setting next_dagrun for 06_multi_dag_step2_transform to None, run_after=None
[2026-04-14T10:56:53.445+0900] {processor.py:208} INFO - Processing /opt/airflow/dags/06_multi_dag_step2_transform.py took 0.409 seconds
[2026-04-14T10:57:23.750+0900] {processor.py:186} INFO - Started process (PID=41501) to work on /opt/airflow/dags/06_multi_dag_step2_transform.py
[2026-04-14T10:57:23.751+0900] {processor.py:914} INFO - Processing file /opt/airflow/dags/06_multi_dag_step2_transform.py for tasks to queue
[2026-04-14T10:57:23.753+0900] {logging_mixin.py:190} INFO - [2026-04-14T10:57:23.752+0900] {dagbag.py:587} INFO - Filling up the DagBag from /opt/airflow/dags/06_multi_dag_step2_transform.py
[2026-04-14T10:57:24.097+0900] {processor.py:925} INFO - DAG(s) '06_multi_dag_step2_transform' retrieved from /opt/airflow/dags/06_multi_dag_step2_transform.py
[2026-04-14T10:57:24.113+0900] {logging_mixin.py:190} INFO - [2026-04-14T10:57:24.113+0900] {dag.py:3211} INFO - Sync 1 DAGs
[2026-04-14T10:57:24.128+0900] {logging_mixin.py:190} INFO - [2026-04-14T10:57:24.127+0900] {dag.py:4138} INFO - Setting next_dagrun for 06_multi_dag_step2_transform to None, run_after=None
[2026-04-14T10:57:24.148+0900] {processor.py:208} INFO - Processing /opt/airflow/dags/06_multi_dag_step2_transform.py took 0.403 seconds
[2026-04-14T10:57:54.427+0900] {processor.py:186} INFO - Started process (PID=41519) to work on /opt/airflow/dags/06_multi_dag_step2_transform.py
[2026-04-14T10:57:54.428+0900] {processor.py:914} INFO - Processing file /opt/airflow/dags/06_multi_dag_step2_transform.py for tasks to queue
[2026-04-14T10:57:54.430+0900] {logging_mixin.py:190} INFO - [2026-04-14T10:57:54.430+0900] {dagbag.py:587} INFO - Filling up the DagBag from /opt/airflow/dags/06_multi_dag_step2_transform.py
[2026-04-14T10:57:54.774+0900] {processor.py:925} INFO - DAG(s) '06_multi_dag_step2_transform' retrieved from /opt/airflow/dags/06_multi_dag_step2_transform.py
[2026-04-14T10:57:54.791+0900] {logging_mixin.py:190} INFO - [2026-04-14T10:57:54.791+0900] {dag.py:3211} INFO - Sync 1 DAGs
[2026-04-14T10:57:54.808+0900] {logging_mixin.py:190} INFO - [2026-04-14T10:57:54.807+0900] {dag.py:4138} INFO - Setting next_dagrun for 06_multi_dag_step2_transform to None, run_after=None
[2026-04-14T10:57:54.827+0900] {processor.py:208} INFO - Processing /opt/airflow/dags/06_multi_dag_step2_transform.py took 0.404 seconds
[2026-04-14T10:58:25.113+0900] {processor.py:186} INFO - Started process (PID=41537) to work on /opt/airflow/dags/06_multi_dag_step2_transform.py
[2026-04-14T10:58:25.114+0900] {processor.py:914} INFO - Processing file /opt/airflow/dags/06_multi_dag_step2_transform.py for tasks to queue
[2026-04-14T10:58:25.116+0900] {logging_mixin.py:190} INFO - [2026-04-14T10:58:25.116+0900] {dagbag.py:587} INFO - Filling up the DagBag from /opt/airflow/dags/06_multi_dag_step2_transform.py
[2026-04-14T10:58:25.488+0900] {processor.py:925} INFO - DAG(s) '06_multi_dag_step2_transform' retrieved from /opt/airflow/dags/06_multi_dag_step2_transform.py
[2026-04-14T10:58:25.508+0900] {logging_mixin.py:190} INFO - [2026-04-14T10:58:25.508+0900] {dag.py:3211} INFO - Sync 1 DAGs
[2026-04-14T10:58:25.521+0900] {logging_mixin.py:190} INFO - [2026-04-14T10:58:25.521+0900] {dag.py:4138} INFO - Setting next_dagrun for 06_multi_dag_step2_transform to None, run_after=None
[2026-04-14T10:58:25.538+0900] {processor.py:208} INFO - Processing /opt/airflow/dags/06_multi_dag_step2_transform.py took 0.430 seconds
[2026-04-14T10:58:55.800+0900] {processor.py:186} INFO - Started process (PID=41561) to work on /opt/airflow/dags/06_multi_dag_step2_transform.py
[2026-04-14T10:58:55.801+0900] {processor.py:914} INFO - Processing file /opt/airflow/dags/06_multi_dag_step2_transform.py for tasks to queue
[2026-04-14T10:58:55.804+0900] {logging_mixin.py:190} INFO - [2026-04-14T10:58:55.803+0900] {dagbag.py:587} INFO - Filling up the DagBag from /opt/airflow/dags/06_multi_dag_step2_transform.py
[2026-04-14T10:58:56.185+0900] {processor.py:925} INFO - DAG(s) '06_multi_dag_step2_transform' retrieved from /opt/airflow/dags/06_multi_dag_step2_transform.py
[2026-04-14T10:58:56.202+0900] {logging_mixin.py:190} INFO - [2026-04-14T10:58:56.202+0900] {dag.py:3211} INFO - Sync 1 DAGs
[2026-04-14T10:58:56.218+0900] {logging_mixin.py:190} INFO - [2026-04-14T10:58:56.218+0900] {dag.py:4138} INFO - Setting next_dagrun for 06_multi_dag_step2_transform to None, run_after=None
[2026-04-14T10:58:56.237+0900] {processor.py:208} INFO - Processing /opt/airflow/dags/06_multi_dag_step2_transform.py took 0.443 seconds
[2026-04-14T10:59:26.532+0900] {processor.py:186} INFO - Started process (PID=41579) to work on /opt/airflow/dags/06_multi_dag_step2_transform.py
[2026-04-14T10:59:26.533+0900] {processor.py:914} INFO - Processing file /opt/airflow/dags/06_multi_dag_step2_transform.py for tasks to queue
[2026-04-14T10:59:26.535+0900] {logging_mixin.py:190} INFO - [2026-04-14T10:59:26.535+0900] {dagbag.py:587} INFO - Filling up the DagBag from /opt/airflow/dags/06_multi_dag_step2_transform.py
[2026-04-14T10:59:26.878+0900] {processor.py:925} INFO - DAG(s) '06_multi_dag_step2_transform' retrieved from /opt/airflow/dags/06_multi_dag_step2_transform.py
[2026-04-14T10:59:26.895+0900] {logging_mixin.py:190} INFO - [2026-04-14T10:59:26.895+0900] {dag.py:3211} INFO - Sync 1 DAGs
[2026-04-14T10:59:26.910+0900] {logging_mixin.py:190} INFO - [2026-04-14T10:59:26.909+0900] {dag.py:4138} INFO - Setting next_dagrun for 06_multi_dag_step2_transform to None, run_after=None
[2026-04-14T10:59:26.925+0900] {processor.py:208} INFO - Processing /opt/airflow/dags/06_multi_dag_step2_transform.py took 0.398 seconds
[2026-04-14T10:59:56.978+0900] {processor.py:186} INFO - Started process (PID=41598) to work on /opt/airflow/dags/06_multi_dag_step2_transform.py
[2026-04-14T10:59:56.979+0900] {processor.py:914} INFO - Processing file /opt/airflow/dags/06_multi_dag_step2_transform.py for tasks to queue
[2026-04-14T10:59:56.981+0900] {logging_mixin.py:190} INFO - [2026-04-14T10:59:56.981+0900] {dagbag.py:587} INFO - Filling up the DagBag from /opt/airflow/dags/06_multi_dag_step2_transform.py
[2026-04-14T10:59:57.321+0900] {processor.py:925} INFO - DAG(s) '06_multi_dag_step2_transform' retrieved from /opt/airflow/dags/06_multi_dag_step2_transform.py
[2026-04-14T10:59:57.338+0900] {logging_mixin.py:190} INFO - [2026-04-14T10:59:57.338+0900] {dag.py:3211} INFO - Sync 1 DAGs
[2026-04-14T10:59:57.352+0900] {logging_mixin.py:190} INFO - [2026-04-14T10:59:57.352+0900] {dag.py:4138} INFO - Setting next_dagrun for 06_multi_dag_step2_transform to None, run_after=None
[2026-04-14T10:59:57.375+0900] {processor.py:208} INFO - Processing /opt/airflow/dags/06_multi_dag_step2_transform.py took 0.402 seconds
[2026-04-14T11:00:27.449+0900] {processor.py:186} INFO - Started process (PID=41616) to work on /opt/airflow/dags/06_multi_dag_step2_transform.py
[2026-04-14T11:00:27.450+0900] {processor.py:914} INFO - Processing file /opt/airflow/dags/06_multi_dag_step2_transform.py for tasks to queue
[2026-04-14T11:00:27.452+0900] {logging_mixin.py:190} INFO - [2026-04-14T11:00:27.452+0900] {dagbag.py:587} INFO - Filling up the DagBag from /opt/airflow/dags/06_multi_dag_step2_transform.py
[2026-04-14T11:00:27.793+0900] {processor.py:925} INFO - DAG(s) '06_multi_dag_step2_transform' retrieved from /opt/airflow/dags/06_multi_dag_step2_transform.py
[2026-04-14T11:00:27.808+0900] {logging_mixin.py:190} INFO - [2026-04-14T11:00:27.808+0900] {dag.py:3211} INFO - Sync 1 DAGs
[2026-04-14T11:00:27.822+0900] {logging_mixin.py:190} INFO - [2026-04-14T11:00:27.822+0900] {dag.py:4138} INFO - Setting next_dagrun for 06_multi_dag_step2_transform to None, run_after=None
[2026-04-14T11:00:27.837+0900] {processor.py:208} INFO - Processing /opt/airflow/dags/06_multi_dag_step2_transform.py took 0.392 seconds
[2026-04-14T11:00:58.100+0900] {processor.py:186} INFO - Started process (PID=41634) to work on /opt/airflow/dags/06_multi_dag_step2_transform.py
[2026-04-14T11:00:58.102+0900] {processor.py:914} INFO - Processing file /opt/airflow/dags/06_multi_dag_step2_transform.py for tasks to queue
[2026-04-14T11:00:58.105+0900] {logging_mixin.py:190} INFO - [2026-04-14T11:00:58.105+0900] {dagbag.py:587} INFO - Filling up the DagBag from /opt/airflow/dags/06_multi_dag_step2_transform.py
[2026-04-14T11:00:58.478+0900] {processor.py:925} INFO - DAG(s) '06_multi_dag_step2_transform' retrieved from /opt/airflow/dags/06_multi_dag_step2_transform.py
[2026-04-14T11:00:58.498+0900] {logging_mixin.py:190} INFO - [2026-04-14T11:00:58.497+0900] {dag.py:3211} INFO - Sync 1 DAGs
[2026-04-14T11:00:58.513+0900] {logging_mixin.py:190} INFO - [2026-04-14T11:00:58.513+0900] {dag.py:4138} INFO - Setting next_dagrun for 06_multi_dag_step2_transform to None, run_after=None
[2026-04-14T11:00:58.535+0900] {processor.py:208} INFO - Processing /opt/airflow/dags/06_multi_dag_step2_transform.py took 0.441 seconds
[2026-04-14T11:01:28.763+0900] {processor.py:186} INFO - Started process (PID=41652) to work on /opt/airflow/dags/06_multi_dag_step2_transform.py
[2026-04-14T11:01:28.764+0900] {processor.py:914} INFO - Processing file /opt/airflow/dags/06_multi_dag_step2_transform.py for tasks to queue
[2026-04-14T11:01:28.767+0900] {logging_mixin.py:190} INFO - [2026-04-14T11:01:28.767+0900] {dagbag.py:587} INFO - Filling up the DagBag from /opt/airflow/dags/06_multi_dag_step2_transform.py
[2026-04-14T11:01:29.122+0900] {processor.py:925} INFO - DAG(s) '06_multi_dag_step2_transform' retrieved from /opt/airflow/dags/06_multi_dag_step2_transform.py
[2026-04-14T11:01:29.139+0900] {logging_mixin.py:190} INFO - [2026-04-14T11:01:29.139+0900] {dag.py:3211} INFO - Sync 1 DAGs
[2026-04-14T11:01:29.153+0900] {logging_mixin.py:190} INFO - [2026-04-14T11:01:29.152+0900] {dag.py:4138} INFO - Setting next_dagrun for 06_multi_dag_step2_transform to None, run_after=None
[2026-04-14T11:01:29.171+0900] {processor.py:208} INFO - Processing /opt/airflow/dags/06_multi_dag_step2_transform.py took 0.412 seconds
[2026-04-14T11:01:59.322+0900] {processor.py:186} INFO - Started process (PID=41670) to work on /opt/airflow/dags/06_multi_dag_step2_transform.py
[2026-04-14T11:01:59.323+0900] {processor.py:914} INFO - Processing file /opt/airflow/dags/06_multi_dag_step2_transform.py for tasks to queue
[2026-04-14T11:01:59.325+0900] {logging_mixin.py:190} INFO - [2026-04-14T11:01:59.325+0900] {dagbag.py:587} INFO - Filling up the DagBag from /opt/airflow/dags/06_multi_dag_step2_transform.py
[2026-04-14T11:01:59.673+0900] {processor.py:925} INFO - DAG(s) '06_multi_dag_step2_transform' retrieved from /opt/airflow/dags/06_multi_dag_step2_transform.py
[2026-04-14T11:01:59.689+0900] {logging_mixin.py:190} INFO - [2026-04-14T11:01:59.689+0900] {dag.py:3211} INFO - Sync 1 DAGs
[2026-04-14T11:01:59.703+0900] {logging_mixin.py:190} INFO - [2026-04-14T11:01:59.703+0900] {dag.py:4138} INFO - Setting next_dagrun for 06_multi_dag_step2_transform to None, run_after=None
[2026-04-14T11:01:59.721+0900] {processor.py:208} INFO - Processing /opt/airflow/dags/06_multi_dag_step2_transform.py took 0.404 seconds
[2026-04-14T11:02:29.907+0900] {processor.py:186} INFO - Started process (PID=41688) to work on /opt/airflow/dags/06_multi_dag_step2_transform.py
[2026-04-14T11:02:29.908+0900] {processor.py:914} INFO - Processing file /opt/airflow/dags/06_multi_dag_step2_transform.py for tasks to queue
[2026-04-14T11:02:29.910+0900] {logging_mixin.py:190} INFO - [2026-04-14T11:02:29.910+0900] {dagbag.py:587} INFO - Filling up the DagBag from /opt/airflow/dags/06_multi_dag_step2_transform.py
[2026-04-14T11:02:30.259+0900] {processor.py:925} INFO - DAG(s) '06_multi_dag_step2_transform' retrieved from /opt/airflow/dags/06_multi_dag_step2_transform.py
[2026-04-14T11:02:30.275+0900] {logging_mixin.py:190} INFO - [2026-04-14T11:02:30.275+0900] {dag.py:3211} INFO - Sync 1 DAGs
[2026-04-14T11:02:30.290+0900] {logging_mixin.py:190} INFO - [2026-04-14T11:02:30.290+0900] {dag.py:4138} INFO - Setting next_dagrun for 06_multi_dag_step2_transform to None, run_after=None
[2026-04-14T11:02:30.306+0900] {processor.py:208} INFO - Processing /opt/airflow/dags/06_multi_dag_step2_transform.py took 0.404 seconds
[2026-04-14T11:03:00.500+0900] {processor.py:186} INFO - Started process (PID=41706) to work on /opt/airflow/dags/06_multi_dag_step2_transform.py
[2026-04-14T11:03:00.500+0900] {processor.py:914} INFO - Processing file /opt/airflow/dags/06_multi_dag_step2_transform.py for tasks to queue
[2026-04-14T11:03:00.503+0900] {logging_mixin.py:190} INFO - [2026-04-14T11:03:00.502+0900] {dagbag.py:587} INFO - Filling up the DagBag from /opt/airflow/dags/06_multi_dag_step2_transform.py
[2026-04-14T11:03:00.853+0900] {processor.py:925} INFO - DAG(s) '06_multi_dag_step2_transform' retrieved from /opt/airflow/dags/06_multi_dag_step2_transform.py
[2026-04-14T11:03:00.870+0900] {logging_mixin.py:190} INFO - [2026-04-14T11:03:00.869+0900] {dag.py:3211} INFO - Sync 1 DAGs
[2026-04-14T11:03:00.884+0900] {logging_mixin.py:190} INFO - [2026-04-14T11:03:00.884+0900] {dag.py:4138} INFO - Setting next_dagrun for 06_multi_dag_step2_transform to None, run_after=None
[2026-04-14T11:03:00.902+0900] {processor.py:208} INFO - Processing /opt/airflow/dags/06_multi_dag_step2_transform.py took 0.408 seconds
[2026-04-14T11:03:31.088+0900] {processor.py:186} INFO - Started process (PID=41724) to work on /opt/airflow/dags/06_multi_dag_step2_transform.py
[2026-04-14T11:03:31.089+0900] {processor.py:914} INFO - Processing file /opt/airflow/dags/06_multi_dag_step2_transform.py for tasks to queue
[2026-04-14T11:03:31.091+0900] {logging_mixin.py:190} INFO - [2026-04-14T11:03:31.091+0900] {dagbag.py:587} INFO - Filling up the DagBag from /opt/airflow/dags/06_multi_dag_step2_transform.py
[2026-04-14T11:03:31.429+0900] {processor.py:925} INFO - DAG(s) '06_multi_dag_step2_transform' retrieved from /opt/airflow/dags/06_multi_dag_step2_transform.py
[2026-04-14T11:03:31.445+0900] {logging_mixin.py:190} INFO - [2026-04-14T11:03:31.445+0900] {dag.py:3211} INFO - Sync 1 DAGs
[2026-04-14T11:03:31.460+0900] {logging_mixin.py:190} INFO - [2026-04-14T11:03:31.460+0900] {dag.py:4138} INFO - Setting next_dagrun for 06_multi_dag_step2_transform to None, run_after=None
[2026-04-14T11:03:31.481+0900] {processor.py:208} INFO - Processing /opt/airflow/dags/06_multi_dag_step2_transform.py took 0.398 seconds
[2026-04-14T11:04:01.561+0900] {processor.py:186} INFO - Started process (PID=41742) to work on /opt/airflow/dags/06_multi_dag_step2_transform.py
[2026-04-14T11:04:01.562+0900] {processor.py:914} INFO - Processing file /opt/airflow/dags/06_multi_dag_step2_transform.py for tasks to queue
[2026-04-14T11:04:01.565+0900] {logging_mixin.py:190} INFO - [2026-04-14T11:04:01.564+0900] {dagbag.py:587} INFO - Filling up the DagBag from /opt/airflow/dags/06_multi_dag_step2_transform.py
[2026-04-14T11:04:01.892+0900] {processor.py:925} INFO - DAG(s) '06_multi_dag_step2_transform' retrieved from /opt/airflow/dags/06_multi_dag_step2_transform.py
[2026-04-14T11:04:01.909+0900] {logging_mixin.py:190} INFO - [2026-04-14T11:04:01.908+0900] {dag.py:3211} INFO - Sync 1 DAGs
[2026-04-14T11:04:01.922+0900] {logging_mixin.py:190} INFO - [2026-04-14T11:04:01.922+0900] {dag.py:4138} INFO - Setting next_dagrun for 06_multi_dag_step2_transform to None, run_after=None
[2026-04-14T11:04:01.941+0900] {processor.py:208} INFO - Processing /opt/airflow/dags/06_multi_dag_step2_transform.py took 0.384 seconds
[2026-04-14T11:04:32.128+0900] {processor.py:186} INFO - Started process (PID=41760) to work on /opt/airflow/dags/06_multi_dag_step2_transform.py
[2026-04-14T11:04:32.129+0900] {processor.py:914} INFO - Processing file /opt/airflow/dags/06_multi_dag_step2_transform.py for tasks to queue
[2026-04-14T11:04:32.132+0900] {logging_mixin.py:190} INFO - [2026-04-14T11:04:32.131+0900] {dagbag.py:587} INFO - Filling up the DagBag from /opt/airflow/dags/06_multi_dag_step2_transform.py
[2026-04-14T11:04:32.495+0900] {processor.py:925} INFO - DAG(s) '06_multi_dag_step2_transform' retrieved from /opt/airflow/dags/06_multi_dag_step2_transform.py
[2026-04-14T11:04:32.513+0900] {logging_mixin.py:190} INFO - [2026-04-14T11:04:32.513+0900] {dag.py:3211} INFO - Sync 1 DAGs
[2026-04-14T11:04:32.529+0900] {logging_mixin.py:190} INFO - [2026-04-14T11:04:32.529+0900] {dag.py:4138} INFO - Setting next_dagrun for 06_multi_dag_step2_transform to None, run_after=None
[2026-04-14T11:04:32.548+0900] {processor.py:208} INFO - Processing /opt/airflow/dags/06_multi_dag_step2_transform.py took 0.425 seconds
[2026-04-14T11:05:02.814+0900] {processor.py:186} INFO - Started process (PID=41778) to work on /opt/airflow/dags/06_multi_dag_step2_transform.py
[2026-04-14T11:05:02.815+0900] {processor.py:914} INFO - Processing file /opt/airflow/dags/06_multi_dag_step2_transform.py for tasks to queue
[2026-04-14T11:05:02.817+0900] {logging_mixin.py:190} INFO - [2026-04-14T11:05:02.817+0900] {dagbag.py:587} INFO - Filling up the DagBag from /opt/airflow/dags/06_multi_dag_step2_transform.py
[2026-04-14T11:05:03.170+0900] {processor.py:925} INFO - DAG(s) '06_multi_dag_step2_transform' retrieved from /opt/airflow/dags/06_multi_dag_step2_transform.py
[2026-04-14T11:05:03.187+0900] {logging_mixin.py:190} INFO - [2026-04-14T11:05:03.187+0900] {dag.py:3211} INFO - Sync 1 DAGs
[2026-04-14T11:05:03.202+0900] {logging_mixin.py:190} INFO - [2026-04-14T11:05:03.202+0900] {dag.py:4138} INFO - Setting next_dagrun for 06_multi_dag_step2_transform to None, run_after=None
[2026-04-14T11:05:03.220+0900] {processor.py:208} INFO - Processing /opt/airflow/dags/06_multi_dag_step2_transform.py took 0.411 seconds
[2026-04-14T11:05:33.439+0900] {processor.py:186} INFO - Started process (PID=41796) to work on /opt/airflow/dags/06_multi_dag_step2_transform.py
[2026-04-14T11:05:33.440+0900] {processor.py:914} INFO - Processing file /opt/airflow/dags/06_multi_dag_step2_transform.py for tasks to queue
[2026-04-14T11:05:33.442+0900] {logging_mixin.py:190} INFO - [2026-04-14T11:05:33.442+0900] {dagbag.py:587} INFO - Filling up the DagBag from /opt/airflow/dags/06_multi_dag_step2_transform.py
[2026-04-14T11:05:33.794+0900] {processor.py:925} INFO - DAG(s) '06_multi_dag_step2_transform' retrieved from /opt/airflow/dags/06_multi_dag_step2_transform.py
[2026-04-14T11:05:33.811+0900] {logging_mixin.py:190} INFO - [2026-04-14T11:05:33.811+0900] {dag.py:3211} INFO - Sync 1 DAGs
[2026-04-14T11:05:33.825+0900] {logging_mixin.py:190} INFO - [2026-04-14T11:05:33.825+0900] {dag.py:4138} INFO - Setting next_dagrun for 06_multi_dag_step2_transform to None, run_after=None
[2026-04-14T11:05:33.845+0900] {processor.py:208} INFO - Processing /opt/airflow/dags/06_multi_dag_step2_transform.py took 0.411 seconds
[2026-04-14T11:06:04.128+0900] {processor.py:186} INFO - Started process (PID=41814) to work on /opt/airflow/dags/06_multi_dag_step2_transform.py
[2026-04-14T11:06:04.129+0900] {processor.py:914} INFO - Processing file /opt/airflow/dags/06_multi_dag_step2_transform.py for tasks to queue
[2026-04-14T11:06:04.131+0900] {logging_mixin.py:190} INFO - [2026-04-14T11:06:04.131+0900] {dagbag.py:587} INFO - Filling up the DagBag from /opt/airflow/dags/06_multi_dag_step2_transform.py
[2026-04-14T11:06:04.478+0900] {processor.py:925} INFO - DAG(s) '06_multi_dag_step2_transform' retrieved from /opt/airflow/dags/06_multi_dag_step2_transform.py
[2026-04-14T11:06:04.495+0900] {logging_mixin.py:190} INFO - [2026-04-14T11:06:04.494+0900] {dag.py:3211} INFO - Sync 1 DAGs
[2026-04-14T11:06:04.508+0900] {logging_mixin.py:190} INFO - [2026-04-14T11:06:04.508+0900] {dag.py:4138} INFO - Setting next_dagrun for 06_multi_dag_step2_transform to None, run_after=None
[2026-04-14T11:06:04.529+0900] {processor.py:208} INFO - Processing /opt/airflow/dags/06_multi_dag_step2_transform.py took 0.405 seconds
[2026-04-14T11:06:34.733+0900] {processor.py:186} INFO - Started process (PID=41832) to work on /opt/airflow/dags/06_multi_dag_step2_transform.py
[2026-04-14T11:06:34.734+0900] {processor.py:914} INFO - Processing file /opt/airflow/dags/06_multi_dag_step2_transform.py for tasks to queue
[2026-04-14T11:06:34.736+0900] {logging_mixin.py:190} INFO - [2026-04-14T11:06:34.736+0900] {dagbag.py:587} INFO - Filling up the DagBag from /opt/airflow/dags/06_multi_dag_step2_transform.py
[2026-04-14T11:06:35.087+0900] {processor.py:925} INFO - DAG(s) '06_multi_dag_step2_transform' retrieved from /opt/airflow/dags/06_multi_dag_step2_transform.py
[2026-04-14T11:06:35.102+0900] {logging_mixin.py:190} INFO - [2026-04-14T11:06:35.101+0900] {dag.py:3211} INFO - Sync 1 DAGs
[2026-04-14T11:06:35.117+0900] {logging_mixin.py:190} INFO - [2026-04-14T11:06:35.117+0900] {dag.py:4138} INFO - Setting next_dagrun for 06_multi_dag_step2_transform to None, run_after=None
[2026-04-14T11:06:35.140+0900] {processor.py:208} INFO - Processing /opt/airflow/dags/06_multi_dag_step2_transform.py took 0.415 seconds
[2026-04-14T11:07:05.466+0900] {processor.py:186} INFO - Started process (PID=41850) to work on /opt/airflow/dags/06_multi_dag_step2_transform.py
[2026-04-14T11:07:05.467+0900] {processor.py:914} INFO - Processing file /opt/airflow/dags/06_multi_dag_step2_transform.py for tasks to queue
[2026-04-14T11:07:05.469+0900] {logging_mixin.py:190} INFO - [2026-04-14T11:07:05.469+0900] {dagbag.py:587} INFO - Filling up the DagBag from /opt/airflow/dags/06_multi_dag_step2_transform.py
[2026-04-14T11:07:05.802+0900] {processor.py:925} INFO - DAG(s) '06_multi_dag_step2_transform' retrieved from /opt/airflow/dags/06_multi_dag_step2_transform.py
[2026-04-14T11:07:05.818+0900] {logging_mixin.py:190} INFO - [2026-04-14T11:07:05.817+0900] {dag.py:3211} INFO - Sync 1 DAGs
[2026-04-14T11:07:05.831+0900] {logging_mixin.py:190} INFO - [2026-04-14T11:07:05.831+0900] {dag.py:4138} INFO - Setting next_dagrun for 06_multi_dag_step2_transform to None, run_after=None
[2026-04-14T11:07:05.851+0900] {processor.py:208} INFO - Processing /opt/airflow/dags/06_multi_dag_step2_transform.py took 0.390 seconds
[2026-04-14T11:07:36.014+0900] {processor.py:186} INFO - Started process (PID=41868) to work on /opt/airflow/dags/06_multi_dag_step2_transform.py
[2026-04-14T11:07:36.015+0900] {processor.py:914} INFO - Processing file /opt/airflow/dags/06_multi_dag_step2_transform.py for tasks to queue
[2026-04-14T11:07:36.017+0900] {logging_mixin.py:190} INFO - [2026-04-14T11:07:36.017+0900] {dagbag.py:587} INFO - Filling up the DagBag from /opt/airflow/dags/06_multi_dag_step2_transform.py
[2026-04-14T11:07:36.379+0900] {processor.py:925} INFO - DAG(s) '06_multi_dag_step2_transform' retrieved from /opt/airflow/dags/06_multi_dag_step2_transform.py
[2026-04-14T11:07:36.396+0900] {logging_mixin.py:190} INFO - [2026-04-14T11:07:36.395+0900] {dag.py:3211} INFO - Sync 1 DAGs
[2026-04-14T11:07:36.411+0900] {logging_mixin.py:190} INFO - [2026-04-14T11:07:36.411+0900] {dag.py:4138} INFO - Setting next_dagrun for 06_multi_dag_step2_transform to None, run_after=None
[2026-04-14T11:07:36.432+0900] {processor.py:208} INFO - Processing /opt/airflow/dags/06_multi_dag_step2_transform.py took 0.423 seconds
[2026-04-14T11:08:06.602+0900] {processor.py:186} INFO - Started process (PID=41886) to work on /opt/airflow/dags/06_multi_dag_step2_transform.py
[2026-04-14T11:08:06.603+0900] {processor.py:914} INFO - Processing file /opt/airflow/dags/06_multi_dag_step2_transform.py for tasks to queue
[2026-04-14T11:08:06.605+0900] {logging_mixin.py:190} INFO - [2026-04-14T11:08:06.605+0900] {dagbag.py:587} INFO - Filling up the DagBag from /opt/airflow/dags/06_multi_dag_step2_transform.py
[2026-04-14T11:08:06.952+0900] {processor.py:925} INFO - DAG(s) '06_multi_dag_step2_transform' retrieved from /opt/airflow/dags/06_multi_dag_step2_transform.py
[2026-04-14T11:08:06.969+0900] {logging_mixin.py:190} INFO - [2026-04-14T11:08:06.969+0900] {dag.py:3211} INFO - Sync 1 DAGs
[2026-04-14T11:08:06.983+0900] {logging_mixin.py:190} INFO - [2026-04-14T11:08:06.983+0900] {dag.py:4138} INFO - Setting next_dagrun for 06_multi_dag_step2_transform to None, run_after=None
[2026-04-14T11:08:07.000+0900] {processor.py:208} INFO - Processing /opt/airflow/dags/06_multi_dag_step2_transform.py took 0.403 seconds
[2026-04-14T11:08:37.123+0900] {processor.py:186} INFO - Started process (PID=41904) to work on /opt/airflow/dags/06_multi_dag_step2_transform.py
[2026-04-14T11:08:37.124+0900] {processor.py:914} INFO - Processing file /opt/airflow/dags/06_multi_dag_step2_transform.py for tasks to queue
[2026-04-14T11:08:37.127+0900] {logging_mixin.py:190} INFO - [2026-04-14T11:08:37.126+0900] {dagbag.py:587} INFO - Filling up the DagBag from /opt/airflow/dags/06_multi_dag_step2_transform.py
[2026-04-14T11:08:37.497+0900] {processor.py:925} INFO - DAG(s) '06_multi_dag_step2_transform' retrieved from /opt/airflow/dags/06_multi_dag_step2_transform.py
[2026-04-14T11:08:37.520+0900] {logging_mixin.py:190} INFO - [2026-04-14T11:08:37.520+0900] {dag.py:3211} INFO - Sync 1 DAGs
[2026-04-14T11:08:37.536+0900] {logging_mixin.py:190} INFO - [2026-04-14T11:08:37.535+0900] {dag.py:4138} INFO - Setting next_dagrun for 06_multi_dag_step2_transform to None, run_after=None
[2026-04-14T11:08:37.551+0900] {processor.py:208} INFO - Processing /opt/airflow/dags/06_multi_dag_step2_transform.py took 0.433 seconds
[2026-04-14T11:09:07.775+0900] {processor.py:186} INFO - Started process (PID=41922) to work on /opt/airflow/dags/06_multi_dag_step2_transform.py
[2026-04-14T11:09:07.777+0900] {processor.py:914} INFO - Processing file /opt/airflow/dags/06_multi_dag_step2_transform.py for tasks to queue
[2026-04-14T11:09:07.779+0900] {logging_mixin.py:190} INFO - [2026-04-14T11:09:07.779+0900] {dagbag.py:587} INFO - Filling up the DagBag from /opt/airflow/dags/06_multi_dag_step2_transform.py
[2026-04-14T11:09:08.135+0900] {processor.py:925} INFO - DAG(s) '06_multi_dag_step2_transform' retrieved from /opt/airflow/dags/06_multi_dag_step2_transform.py
[2026-04-14T11:09:08.152+0900] {logging_mixin.py:190} INFO - [2026-04-14T11:09:08.152+0900] {dag.py:3211} INFO - Sync 1 DAGs
[2026-04-14T11:09:08.165+0900] {logging_mixin.py:190} INFO - [2026-04-14T11:09:08.165+0900] {dag.py:4138} INFO - Setting next_dagrun for 06_multi_dag_step2_transform to None, run_after=None
[2026-04-14T11:09:08.183+0900] {processor.py:208} INFO - Processing /opt/airflow/dags/06_multi_dag_step2_transform.py took 0.413 seconds
[2026-04-14T11:09:38.267+0900] {processor.py:186} INFO - Started process (PID=41939) to work on /opt/airflow/dags/06_multi_dag_step2_transform.py
[2026-04-14T11:09:38.268+0900] {processor.py:914} INFO - Processing file /opt/airflow/dags/06_multi_dag_step2_transform.py for tasks to queue
[2026-04-14T11:09:38.270+0900] {logging_mixin.py:190} INFO - [2026-04-14T11:09:38.270+0900] {dagbag.py:587} INFO - Filling up the DagBag from /opt/airflow/dags/06_multi_dag_step2_transform.py
[2026-04-14T11:09:38.620+0900] {processor.py:925} INFO - DAG(s) '06_multi_dag_step2_transform' retrieved from /opt/airflow/dags/06_multi_dag_step2_transform.py
[2026-04-14T11:09:38.636+0900] {logging_mixin.py:190} INFO - [2026-04-14T11:09:38.635+0900] {dag.py:3211} INFO - Sync 1 DAGs
[2026-04-14T11:09:38.650+0900] {logging_mixin.py:190} INFO - [2026-04-14T11:09:38.650+0900] {dag.py:4138} INFO - Setting next_dagrun for 06_multi_dag_step2_transform to None, run_after=None
[2026-04-14T11:09:38.667+0900] {processor.py:208} INFO - Processing /opt/airflow/dags/06_multi_dag_step2_transform.py took 0.404 seconds
[2026-04-14T11:10:08.732+0900] {processor.py:186} INFO - Started process (PID=41957) to work on /opt/airflow/dags/06_multi_dag_step2_transform.py
[2026-04-14T11:10:08.732+0900] {processor.py:914} INFO - Processing file /opt/airflow/dags/06_multi_dag_step2_transform.py for tasks to queue
[2026-04-14T11:10:08.734+0900] {logging_mixin.py:190} INFO - [2026-04-14T11:10:08.734+0900] {dagbag.py:587} INFO - Filling up the DagBag from /opt/airflow/dags/06_multi_dag_step2_transform.py
[2026-04-14T11:10:09.101+0900] {processor.py:925} INFO - DAG(s) '06_multi_dag_step2_transform' retrieved from /opt/airflow/dags/06_multi_dag_step2_transform.py
[2026-04-14T11:10:09.118+0900] {logging_mixin.py:190} INFO - [2026-04-14T11:10:09.118+0900] {dag.py:3211} INFO - Sync 1 DAGs
[2026-04-14T11:10:09.131+0900] {logging_mixin.py:190} INFO - [2026-04-14T11:10:09.130+0900] {dag.py:4138} INFO - Setting next_dagrun for 06_multi_dag_step2_transform to None, run_after=None
[2026-04-14T11:10:09.146+0900] {processor.py:208} INFO - Processing /opt/airflow/dags/06_multi_dag_step2_transform.py took 0.420 seconds
[2026-04-14T11:10:39.310+0900] {processor.py:186} INFO - Started process (PID=41975) to work on /opt/airflow/dags/06_multi_dag_step2_transform.py
[2026-04-14T11:10:39.311+0900] {processor.py:914} INFO - Processing file /opt/airflow/dags/06_multi_dag_step2_transform.py for tasks to queue
[2026-04-14T11:10:39.314+0900] {logging_mixin.py:190} INFO - [2026-04-14T11:10:39.313+0900] {dagbag.py:587} INFO - Filling up the DagBag from /opt/airflow/dags/06_multi_dag_step2_transform.py
[2026-04-14T11:10:39.676+0900] {processor.py:925} INFO - DAG(s) '06_multi_dag_step2_transform' retrieved from /opt/airflow/dags/06_multi_dag_step2_transform.py
[2026-04-14T11:10:39.691+0900] {logging_mixin.py:190} INFO - [2026-04-14T11:10:39.691+0900] {dag.py:3211} INFO - Sync 1 DAGs
[2026-04-14T11:10:39.704+0900] {logging_mixin.py:190} INFO - [2026-04-14T11:10:39.704+0900] {dag.py:4138} INFO - Setting next_dagrun for 06_multi_dag_step2_transform to None, run_after=None
[2026-04-14T11:10:39.722+0900] {processor.py:208} INFO - Processing /opt/airflow/dags/06_multi_dag_step2_transform.py took 0.416 seconds
[2026-04-14T11:11:09.922+0900] {processor.py:186} INFO - Started process (PID=41993) to work on /opt/airflow/dags/06_multi_dag_step2_transform.py
[2026-04-14T11:11:09.923+0900] {processor.py:914} INFO - Processing file /opt/airflow/dags/06_multi_dag_step2_transform.py for tasks to queue
[2026-04-14T11:11:09.925+0900] {logging_mixin.py:190} INFO - [2026-04-14T11:11:09.925+0900] {dagbag.py:587} INFO - Filling up the DagBag from /opt/airflow/dags/06_multi_dag_step2_transform.py
[2026-04-14T11:11:10.260+0900] {processor.py:925} INFO - DAG(s) '06_multi_dag_step2_transform' retrieved from /opt/airflow/dags/06_multi_dag_step2_transform.py
[2026-04-14T11:11:10.276+0900] {logging_mixin.py:190} INFO - [2026-04-14T11:11:10.276+0900] {dag.py:3211} INFO - Sync 1 DAGs
[2026-04-14T11:11:10.291+0900] {logging_mixin.py:190} INFO - [2026-04-14T11:11:10.291+0900] {dag.py:4138} INFO - Setting next_dagrun for 06_multi_dag_step2_transform to None, run_after=None
[2026-04-14T11:11:10.313+0900] {processor.py:208} INFO - Processing /opt/airflow/dags/06_multi_dag_step2_transform.py took 0.395 seconds
[2026-04-14T11:11:40.481+0900] {processor.py:186} INFO - Started process (PID=42011) to work on /opt/airflow/dags/06_multi_dag_step2_transform.py
[2026-04-14T11:11:40.482+0900] {processor.py:914} INFO - Processing file /opt/airflow/dags/06_multi_dag_step2_transform.py for tasks to queue
[2026-04-14T11:11:40.484+0900] {logging_mixin.py:190} INFO - [2026-04-14T11:11:40.484+0900] {dagbag.py:587} INFO - Filling up the DagBag from /opt/airflow/dags/06_multi_dag_step2_transform.py
[2026-04-14T11:11:40.827+0900] {processor.py:925} INFO - DAG(s) '06_multi_dag_step2_transform' retrieved from /opt/airflow/dags/06_multi_dag_step2_transform.py
[2026-04-14T11:11:40.843+0900] {logging_mixin.py:190} INFO - [2026-04-14T11:11:40.842+0900] {dag.py:3211} INFO - Sync 1 DAGs
[2026-04-14T11:11:40.856+0900] {logging_mixin.py:190} INFO - [2026-04-14T11:11:40.856+0900] {dag.py:4138} INFO - Setting next_dagrun for 06_multi_dag_step2_transform to None, run_after=None
[2026-04-14T11:11:40.872+0900] {processor.py:208} INFO - Processing /opt/airflow/dags/06_multi_dag_step2_transform.py took 0.395 seconds
[2026-04-14T11:12:10.929+0900] {processor.py:186} INFO - Started process (PID=42029) to work on /opt/airflow/dags/06_multi_dag_step2_transform.py
[2026-04-14T11:12:10.930+0900] {processor.py:914} INFO - Processing file /opt/airflow/dags/06_multi_dag_step2_transform.py for tasks to queue
[2026-04-14T11:12:10.932+0900] {logging_mixin.py:190} INFO - [2026-04-14T11:12:10.932+0900] {dagbag.py:587} INFO - Filling up the DagBag from /opt/airflow/dags/06_multi_dag_step2_transform.py
[2026-04-14T11:12:11.276+0900] {processor.py:925} INFO - DAG(s) '06_multi_dag_step2_transform' retrieved from /opt/airflow/dags/06_multi_dag_step2_transform.py
[2026-04-14T11:12:11.293+0900] {logging_mixin.py:190} INFO - [2026-04-14T11:12:11.292+0900] {dag.py:3211} INFO - Sync 1 DAGs
[2026-04-14T11:12:11.307+0900] {logging_mixin.py:190} INFO - [2026-04-14T11:12:11.307+0900] {dag.py:4138} INFO - Setting next_dagrun for 06_multi_dag_step2_transform to None, run_after=None
[2026-04-14T11:12:11.326+0900] {processor.py:208} INFO - Processing /opt/airflow/dags/06_multi_dag_step2_transform.py took 0.402 seconds
[2026-04-14T11:12:41.531+0900] {processor.py:186} INFO - Started process (PID=42047) to work on /opt/airflow/dags/06_multi_dag_step2_transform.py
[2026-04-14T11:12:41.532+0900] {processor.py:914} INFO - Processing file /opt/airflow/dags/06_multi_dag_step2_transform.py for tasks to queue
[2026-04-14T11:12:41.535+0900] {logging_mixin.py:190} INFO - [2026-04-14T11:12:41.534+0900] {dagbag.py:587} INFO - Filling up the DagBag from /opt/airflow/dags/06_multi_dag_step2_transform.py
[2026-04-14T11:12:41.895+0900] {processor.py:925} INFO - DAG(s) '06_multi_dag_step2_transform' retrieved from /opt/airflow/dags/06_multi_dag_step2_transform.py
[2026-04-14T11:12:41.910+0900] {logging_mixin.py:190} INFO - [2026-04-14T11:12:41.910+0900] {dag.py:3211} INFO - Sync 1 DAGs
[2026-04-14T11:12:41.925+0900] {logging_mixin.py:190} INFO - [2026-04-14T11:12:41.924+0900] {dag.py:4138} INFO - Setting next_dagrun for 06_multi_dag_step2_transform to None, run_after=None
[2026-04-14T11:12:41.941+0900] {processor.py:208} INFO - Processing /opt/airflow/dags/06_multi_dag_step2_transform.py took 0.415 seconds
[2026-04-14T11:13:12.092+0900] {processor.py:186} INFO - Started process (PID=42065) to work on /opt/airflow/dags/06_multi_dag_step2_transform.py
[2026-04-14T11:13:12.092+0900] {processor.py:914} INFO - Processing file /opt/airflow/dags/06_multi_dag_step2_transform.py for tasks to queue
[2026-04-14T11:13:12.094+0900] {logging_mixin.py:190} INFO - [2026-04-14T11:13:12.094+0900] {dagbag.py:587} INFO - Filling up the DagBag from /opt/airflow/dags/06_multi_dag_step2_transform.py
[2026-04-14T11:13:12.435+0900] {processor.py:925} INFO - DAG(s) '06_multi_dag_step2_transform' retrieved from /opt/airflow/dags/06_multi_dag_step2_transform.py
[2026-04-14T11:13:12.449+0900] {logging_mixin.py:190} INFO - [2026-04-14T11:13:12.448+0900] {dag.py:3211} INFO - Sync 1 DAGs
[2026-04-14T11:13:12.461+0900] {logging_mixin.py:190} INFO - [2026-04-14T11:13:12.460+0900] {dag.py:4138} INFO - Setting next_dagrun for 06_multi_dag_step2_transform to None, run_after=None
[2026-04-14T11:13:12.475+0900] {processor.py:208} INFO - Processing /opt/airflow/dags/06_multi_dag_step2_transform.py took 0.388 seconds
[2026-04-14T11:13:42.676+0900] {processor.py:186} INFO - Started process (PID=42083) to work on /opt/airflow/dags/06_multi_dag_step2_transform.py
[2026-04-14T11:13:42.677+0900] {processor.py:914} INFO - Processing file /opt/airflow/dags/06_multi_dag_step2_transform.py for tasks to queue
[2026-04-14T11:13:42.680+0900] {logging_mixin.py:190} INFO - [2026-04-14T11:13:42.679+0900] {dagbag.py:587} INFO - Filling up the DagBag from /opt/airflow/dags/06_multi_dag_step2_transform.py
[2026-04-14T11:13:43.051+0900] {processor.py:925} INFO - DAG(s) '06_multi_dag_step2_transform' retrieved from /opt/airflow/dags/06_multi_dag_step2_transform.py
[2026-04-14T11:13:43.067+0900] {logging_mixin.py:190} INFO - [2026-04-14T11:13:43.067+0900] {dag.py:3211} INFO - Sync 1 DAGs
[2026-04-14T11:13:43.083+0900] {logging_mixin.py:190} INFO - [2026-04-14T11:13:43.082+0900] {dag.py:4138} INFO - Setting next_dagrun for 06_multi_dag_step2_transform to None, run_after=None
[2026-04-14T11:13:43.100+0900] {processor.py:208} INFO - Processing /opt/airflow/dags/06_multi_dag_step2_transform.py took 0.430 seconds
[2026-04-14T11:14:13.275+0900] {processor.py:186} INFO - Started process (PID=42101) to work on /opt/airflow/dags/06_multi_dag_step2_transform.py
[2026-04-14T11:14:13.277+0900] {processor.py:914} INFO - Processing file /opt/airflow/dags/06_multi_dag_step2_transform.py for tasks to queue
[2026-04-14T11:14:13.279+0900] {logging_mixin.py:190} INFO - [2026-04-14T11:14:13.279+0900] {dagbag.py:587} INFO - Filling up the DagBag from /opt/airflow/dags/06_multi_dag_step2_transform.py
[2026-04-14T11:14:13.620+0900] {processor.py:925} INFO - DAG(s) '06_multi_dag_step2_transform' retrieved from /opt/airflow/dags/06_multi_dag_step2_transform.py
[2026-04-14T11:14:13.636+0900] {logging_mixin.py:190} INFO - [2026-04-14T11:14:13.635+0900] {dag.py:3211} INFO - Sync 1 DAGs
[2026-04-14T11:14:13.650+0900] {logging_mixin.py:190} INFO - [2026-04-14T11:14:13.650+0900] {dag.py:4138} INFO - Setting next_dagrun for 06_multi_dag_step2_transform to None, run_after=None
[2026-04-14T11:14:13.666+0900] {processor.py:208} INFO - Processing /opt/airflow/dags/06_multi_dag_step2_transform.py took 0.396 seconds
[2026-04-14T11:14:43.970+0900] {processor.py:186} INFO - Started process (PID=42119) to work on /opt/airflow/dags/06_multi_dag_step2_transform.py
[2026-04-14T11:14:43.970+0900] {processor.py:914} INFO - Processing file /opt/airflow/dags/06_multi_dag_step2_transform.py for tasks to queue
[2026-04-14T11:14:43.972+0900] {logging_mixin.py:190} INFO - [2026-04-14T11:14:43.972+0900] {dagbag.py:587} INFO - Filling up the DagBag from /opt/airflow/dags/06_multi_dag_step2_transform.py
[2026-04-14T11:14:44.314+0900] {processor.py:925} INFO - DAG(s) '06_multi_dag_step2_transform' retrieved from /opt/airflow/dags/06_multi_dag_step2_transform.py
[2026-04-14T11:14:44.331+0900] {logging_mixin.py:190} INFO - [2026-04-14T11:14:44.331+0900] {dag.py:3211} INFO - Sync 1 DAGs
[2026-04-14T11:14:44.345+0900] {logging_mixin.py:190} INFO - [2026-04-14T11:14:44.345+0900] {dag.py:4138} INFO - Setting next_dagrun for 06_multi_dag_step2_transform to None, run_after=None
[2026-04-14T11:14:44.367+0900] {processor.py:208} INFO - Processing /opt/airflow/dags/06_multi_dag_step2_transform.py took 0.402 seconds
[2026-04-14T11:15:14.484+0900] {processor.py:186} INFO - Started process (PID=42137) to work on /opt/airflow/dags/06_multi_dag_step2_transform.py
[2026-04-14T11:15:14.485+0900] {processor.py:914} INFO - Processing file /opt/airflow/dags/06_multi_dag_step2_transform.py for tasks to queue
[2026-04-14T11:15:14.488+0900] {logging_mixin.py:190} INFO - [2026-04-14T11:15:14.487+0900] {dagbag.py:587} INFO - Filling up the DagBag from /opt/airflow/dags/06_multi_dag_step2_transform.py
[2026-04-14T11:15:14.841+0900] {processor.py:925} INFO - DAG(s) '06_multi_dag_step2_transform' retrieved from /opt/airflow/dags/06_multi_dag_step2_transform.py
[2026-04-14T11:15:14.857+0900] {logging_mixin.py:190} INFO - [2026-04-14T11:15:14.856+0900] {dag.py:3211} INFO - Sync 1 DAGs
[2026-04-14T11:15:14.870+0900] {logging_mixin.py:190} INFO - [2026-04-14T11:15:14.870+0900] {dag.py:4138} INFO - Setting next_dagrun for 06_multi_dag_step2_transform to None, run_after=None
[2026-04-14T11:15:14.888+0900] {processor.py:208} INFO - Processing /opt/airflow/dags/06_multi_dag_step2_transform.py took 0.409 seconds
[2026-04-14T11:15:45.085+0900] {processor.py:186} INFO - Started process (PID=42155) to work on /opt/airflow/dags/06_multi_dag_step2_transform.py
[2026-04-14T11:15:45.086+0900] {processor.py:914} INFO - Processing file /opt/airflow/dags/06_multi_dag_step2_transform.py for tasks to queue
[2026-04-14T11:15:45.088+0900] {logging_mixin.py:190} INFO - [2026-04-14T11:15:45.088+0900] {dagbag.py:587} INFO - Filling up the DagBag from /opt/airflow/dags/06_multi_dag_step2_transform.py
[2026-04-14T11:15:45.435+0900] {processor.py:925} INFO - DAG(s) '06_multi_dag_step2_transform' retrieved from /opt/airflow/dags/06_multi_dag_step2_transform.py
[2026-04-14T11:15:45.453+0900] {logging_mixin.py:190} INFO - [2026-04-14T11:15:45.452+0900] {dag.py:3211} INFO - Sync 1 DAGs
[2026-04-14T11:15:45.468+0900] {logging_mixin.py:190} INFO - [2026-04-14T11:15:45.468+0900] {dag.py:4138} INFO - Setting next_dagrun for 06_multi_dag_step2_transform to None, run_after=None
[2026-04-14T11:15:45.486+0900] {processor.py:208} INFO - Processing /opt/airflow/dags/06_multi_dag_step2_transform.py took 0.405 seconds
[2026-04-14T11:16:15.738+0900] {processor.py:186} INFO - Started process (PID=42173) to work on /opt/airflow/dags/06_multi_dag_step2_transform.py
[2026-04-14T11:16:15.739+0900] {processor.py:914} INFO - Processing file /opt/airflow/dags/06_multi_dag_step2_transform.py for tasks to queue
[2026-04-14T11:16:15.741+0900] {logging_mixin.py:190} INFO - [2026-04-14T11:16:15.741+0900] {dagbag.py:587} INFO - Filling up the DagBag from /opt/airflow/dags/06_multi_dag_step2_transform.py
[2026-04-14T11:16:16.099+0900] {processor.py:925} INFO - DAG(s) '06_multi_dag_step2_transform' retrieved from /opt/airflow/dags/06_multi_dag_step2_transform.py
[2026-04-14T11:16:16.115+0900] {logging_mixin.py:190} INFO - [2026-04-14T11:16:16.115+0900] {dag.py:3211} INFO - Sync 1 DAGs
[2026-04-14T11:16:16.130+0900] {logging_mixin.py:190} INFO - [2026-04-14T11:16:16.130+0900] {dag.py:4138} INFO - Setting next_dagrun for 06_multi_dag_step2_transform to None, run_after=None
[2026-04-14T11:16:16.145+0900] {processor.py:208} INFO - Processing /opt/airflow/dags/06_multi_dag_step2_transform.py took 0.411 seconds
[2026-04-14T11:16:46.314+0900] {processor.py:186} INFO - Started process (PID=42191) to work on /opt/airflow/dags/06_multi_dag_step2_transform.py
[2026-04-14T11:16:46.315+0900] {processor.py:914} INFO - Processing file /opt/airflow/dags/06_multi_dag_step2_transform.py for tasks to queue
[2026-04-14T11:16:46.317+0900] {logging_mixin.py:190} INFO - [2026-04-14T11:16:46.317+0900] {dagbag.py:587} INFO - Filling up the DagBag from /opt/airflow/dags/06_multi_dag_step2_transform.py
[2026-04-14T11:16:46.687+0900] {processor.py:925} INFO - DAG(s) '06_multi_dag_step2_transform' retrieved from /opt/airflow/dags/06_multi_dag_step2_transform.py
[2026-04-14T11:16:46.704+0900] {logging_mixin.py:190} INFO - [2026-04-14T11:16:46.704+0900] {dag.py:3211} INFO - Sync 1 DAGs
[2026-04-14T11:16:46.718+0900] {logging_mixin.py:190} INFO - [2026-04-14T11:16:46.718+0900] {dag.py:4138} INFO - Setting next_dagrun for 06_multi_dag_step2_transform to None, run_after=None
[2026-04-14T11:16:46.735+0900] {processor.py:208} INFO - Processing /opt/airflow/dags/06_multi_dag_step2_transform.py took 0.426 seconds
[2026-04-14T11:17:17.028+0900] {processor.py:186} INFO - Started process (PID=42209) to work on /opt/airflow/dags/06_multi_dag_step2_transform.py
[2026-04-14T11:17:17.029+0900] {processor.py:914} INFO - Processing file /opt/airflow/dags/06_multi_dag_step2_transform.py for tasks to queue
[2026-04-14T11:17:17.031+0900] {logging_mixin.py:190} INFO - [2026-04-14T11:17:17.031+0900] {dagbag.py:587} INFO - Filling up the DagBag from /opt/airflow/dags/06_multi_dag_step2_transform.py
[2026-04-14T11:17:17.396+0900] {processor.py:925} INFO - DAG(s) '06_multi_dag_step2_transform' retrieved from /opt/airflow/dags/06_multi_dag_step2_transform.py
[2026-04-14T11:17:17.411+0900] {logging_mixin.py:190} INFO - [2026-04-14T11:17:17.411+0900] {dag.py:3211} INFO - Sync 1 DAGs
[2026-04-14T11:17:17.426+0900] {logging_mixin.py:190} INFO - [2026-04-14T11:17:17.426+0900] {dag.py:4138} INFO - Setting next_dagrun for 06_multi_dag_step2_transform to None, run_after=None
[2026-04-14T11:17:17.443+0900] {processor.py:208} INFO - Processing /opt/airflow/dags/06_multi_dag_step2_transform.py took 0.420 seconds
[2026-04-14T11:17:47.649+0900] {processor.py:186} INFO - Started process (PID=42227) to work on /opt/airflow/dags/06_multi_dag_step2_transform.py
[2026-04-14T11:17:47.650+0900] {processor.py:914} INFO - Processing file /opt/airflow/dags/06_multi_dag_step2_transform.py for tasks to queue
[2026-04-14T11:17:47.652+0900] {logging_mixin.py:190} INFO - [2026-04-14T11:17:47.652+0900] {dagbag.py:587} INFO - Filling up the DagBag from /opt/airflow/dags/06_multi_dag_step2_transform.py
[2026-04-14T11:17:48.000+0900] {processor.py:925} INFO - DAG(s) '06_multi_dag_step2_transform' retrieved from /opt/airflow/dags/06_multi_dag_step2_transform.py
[2026-04-14T11:17:48.017+0900] {logging_mixin.py:190} INFO - [2026-04-14T11:17:48.017+0900] {dag.py:3211} INFO - Sync 1 DAGs
[2026-04-14T11:17:48.031+0900] {logging_mixin.py:190} INFO - [2026-04-14T11:17:48.031+0900] {dag.py:4138} INFO - Setting next_dagrun for 06_multi_dag_step2_transform to None, run_after=None
[2026-04-14T11:17:48.049+0900] {processor.py:208} INFO - Processing /opt/airflow/dags/06_multi_dag_step2_transform.py took 0.405 seconds
[2026-04-14T11:18:18.245+0900] {processor.py:186} INFO - Started process (PID=42245) to work on /opt/airflow/dags/06_multi_dag_step2_transform.py
[2026-04-14T11:18:18.246+0900] {processor.py:914} INFO - Processing file /opt/airflow/dags/06_multi_dag_step2_transform.py for tasks to queue
[2026-04-14T11:18:18.249+0900] {logging_mixin.py:190} INFO - [2026-04-14T11:18:18.248+0900] {dagbag.py:587} INFO - Filling up the DagBag from /opt/airflow/dags/06_multi_dag_step2_transform.py
[2026-04-14T11:18:18.596+0900] {processor.py:925} INFO - DAG(s) '06_multi_dag_step2_transform' retrieved from /opt/airflow/dags/06_multi_dag_step2_transform.py
[2026-04-14T11:18:18.613+0900] {logging_mixin.py:190} INFO - [2026-04-14T11:18:18.613+0900] {dag.py:3211} INFO - Sync 1 DAGs
[2026-04-14T11:18:18.628+0900] {logging_mixin.py:190} INFO - [2026-04-14T11:18:18.628+0900] {dag.py:4138} INFO - Setting next_dagrun for 06_multi_dag_step2_transform to None, run_after=None
[2026-04-14T11:18:18.647+0900] {processor.py:208} INFO - Processing /opt/airflow/dags/06_multi_dag_step2_transform.py took 0.407 seconds
[2026-04-14T11:18:49.301+0900] {processor.py:186} INFO - Started process (PID=42264) to work on /opt/airflow/dags/06_multi_dag_step2_transform.py
[2026-04-14T11:18:49.302+0900] {processor.py:914} INFO - Processing file /opt/airflow/dags/06_multi_dag_step2_transform.py for tasks to queue
[2026-04-14T11:18:49.304+0900] {logging_mixin.py:190} INFO - [2026-04-14T11:18:49.304+0900] {dagbag.py:587} INFO - Filling up the DagBag from /opt/airflow/dags/06_multi_dag_step2_transform.py
[2026-04-14T11:18:49.652+0900] {processor.py:925} INFO - DAG(s) '06_multi_dag_step2_transform' retrieved from /opt/airflow/dags/06_multi_dag_step2_transform.py
[2026-04-14T11:18:49.668+0900] {logging_mixin.py:190} INFO - [2026-04-14T11:18:49.667+0900] {dag.py:3211} INFO - Sync 1 DAGs
[2026-04-14T11:18:49.682+0900] {logging_mixin.py:190} INFO - [2026-04-14T11:18:49.681+0900] {dag.py:4138} INFO - Setting next_dagrun for 06_multi_dag_step2_transform to None, run_after=None
[2026-04-14T11:18:49.700+0900] {processor.py:208} INFO - Processing /opt/airflow/dags/06_multi_dag_step2_transform.py took 0.403 seconds
[2026-04-14T11:19:19.909+0900] {processor.py:186} INFO - Started process (PID=42282) to work on /opt/airflow/dags/06_multi_dag_step2_transform.py
[2026-04-14T11:19:19.910+0900] {processor.py:914} INFO - Processing file /opt/airflow/dags/06_multi_dag_step2_transform.py for tasks to queue
[2026-04-14T11:19:19.912+0900] {logging_mixin.py:190} INFO - [2026-04-14T11:19:19.912+0900] {dagbag.py:587} INFO - Filling up the DagBag from /opt/airflow/dags/06_multi_dag_step2_transform.py
[2026-04-14T11:19:20.253+0900] {processor.py:925} INFO - DAG(s) '06_multi_dag_step2_transform' retrieved from /opt/airflow/dags/06_multi_dag_step2_transform.py
[2026-04-14T11:19:20.270+0900] {logging_mixin.py:190} INFO - [2026-04-14T11:19:20.270+0900] {dag.py:3211} INFO - Sync 1 DAGs
[2026-04-14T11:19:20.283+0900] {logging_mixin.py:190} INFO - [2026-04-14T11:19:20.282+0900] {dag.py:4138} INFO - Setting next_dagrun for 06_multi_dag_step2_transform to None, run_after=None
[2026-04-14T11:19:20.298+0900] {processor.py:208} INFO - Processing /opt/airflow/dags/06_multi_dag_step2_transform.py took 0.394 seconds
[2026-04-14T11:19:51.352+0900] {processor.py:186} INFO - Started process (PID=42300) to work on /opt/airflow/dags/06_multi_dag_step2_transform.py
[2026-04-14T11:19:51.353+0900] {processor.py:914} INFO - Processing file /opt/airflow/dags/06_multi_dag_step2_transform.py for tasks to queue
[2026-04-14T11:19:51.355+0900] {logging_mixin.py:190} INFO - [2026-04-14T11:19:51.355+0900] {dagbag.py:587} INFO - Filling up the DagBag from /opt/airflow/dags/06_multi_dag_step2_transform.py
[2026-04-14T11:19:51.702+0900] {processor.py:925} INFO - DAG(s) '06_multi_dag_step2_transform' retrieved from /opt/airflow/dags/06_multi_dag_step2_transform.py
[2026-04-14T11:19:51.718+0900] {logging_mixin.py:190} INFO - [2026-04-14T11:19:51.717+0900] {dag.py:3211} INFO - Sync 1 DAGs
[2026-04-14T11:19:51.731+0900] {logging_mixin.py:190} INFO - [2026-04-14T11:19:51.730+0900] {dag.py:4138} INFO - Setting next_dagrun for 06_multi_dag_step2_transform to None, run_after=None
[2026-04-14T11:19:51.748+0900] {processor.py:208} INFO - Processing /opt/airflow/dags/06_multi_dag_step2_transform.py took 0.402 seconds
[2026-04-14T11:20:22.011+0900] {processor.py:186} INFO - Started process (PID=42318) to work on /opt/airflow/dags/06_multi_dag_step2_transform.py
[2026-04-14T11:20:22.011+0900] {processor.py:914} INFO - Processing file /opt/airflow/dags/06_multi_dag_step2_transform.py for tasks to queue
[2026-04-14T11:20:22.013+0900] {logging_mixin.py:190} INFO - [2026-04-14T11:20:22.013+0900] {dagbag.py:587} INFO - Filling up the DagBag from /opt/airflow/dags/06_multi_dag_step2_transform.py
[2026-04-14T11:20:22.356+0900] {processor.py:925} INFO - DAG(s) '06_multi_dag_step2_transform' retrieved from /opt/airflow/dags/06_multi_dag_step2_transform.py
[2026-04-14T11:20:22.372+0900] {logging_mixin.py:190} INFO - [2026-04-14T11:20:22.371+0900] {dag.py:3211} INFO - Sync 1 DAGs
[2026-04-14T11:20:22.386+0900] {logging_mixin.py:190} INFO - [2026-04-14T11:20:22.386+0900] {dag.py:4138} INFO - Setting next_dagrun for 06_multi_dag_step2_transform to None, run_after=None
[2026-04-14T11:20:22.411+0900] {processor.py:208} INFO - Processing /opt/airflow/dags/06_multi_dag_step2_transform.py took 0.406 seconds
[2026-04-14T11:20:52.729+0900] {processor.py:186} INFO - Started process (PID=42336) to work on /opt/airflow/dags/06_multi_dag_step2_transform.py
[2026-04-14T11:20:52.730+0900] {processor.py:914} INFO - Processing file /opt/airflow/dags/06_multi_dag_step2_transform.py for tasks to queue
[2026-04-14T11:20:52.732+0900] {logging_mixin.py:190} INFO - [2026-04-14T11:20:52.732+0900] {dagbag.py:587} INFO - Filling up the DagBag from /opt/airflow/dags/06_multi_dag_step2_transform.py
[2026-04-14T11:20:53.079+0900] {processor.py:925} INFO - DAG(s) '06_multi_dag_step2_transform' retrieved from /opt/airflow/dags/06_multi_dag_step2_transform.py
[2026-04-14T11:20:53.095+0900] {logging_mixin.py:190} INFO - [2026-04-14T11:20:53.095+0900] {dag.py:3211} INFO - Sync 1 DAGs
[2026-04-14T11:20:53.110+0900] {logging_mixin.py:190} INFO - [2026-04-14T11:20:53.110+0900] {dag.py:4138} INFO - Setting next_dagrun for 06_multi_dag_step2_transform to None, run_after=None
[2026-04-14T11:20:53.127+0900] {processor.py:208} INFO - Processing /opt/airflow/dags/06_multi_dag_step2_transform.py took 0.402 seconds
[2026-04-14T11:21:23.421+0900] {processor.py:186} INFO - Started process (PID=42354) to work on /opt/airflow/dags/06_multi_dag_step2_transform.py
[2026-04-14T11:21:23.422+0900] {processor.py:914} INFO - Processing file /opt/airflow/dags/06_multi_dag_step2_transform.py for tasks to queue
[2026-04-14T11:21:23.424+0900] {logging_mixin.py:190} INFO - [2026-04-14T11:21:23.424+0900] {dagbag.py:587} INFO - Filling up the DagBag from /opt/airflow/dags/06_multi_dag_step2_transform.py
[2026-04-14T11:21:23.784+0900] {processor.py:925} INFO - DAG(s) '06_multi_dag_step2_transform' retrieved from /opt/airflow/dags/06_multi_dag_step2_transform.py
[2026-04-14T11:21:23.799+0900] {logging_mixin.py:190} INFO - [2026-04-14T11:21:23.799+0900] {dag.py:3211} INFO - Sync 1 DAGs
[2026-04-14T11:21:23.812+0900] {logging_mixin.py:190} INFO - [2026-04-14T11:21:23.812+0900] {dag.py:4138} INFO - Setting next_dagrun for 06_multi_dag_step2_transform to None, run_after=None
[2026-04-14T11:21:23.833+0900] {processor.py:208} INFO - Processing /opt/airflow/dags/06_multi_dag_step2_transform.py took 0.417 seconds
[2026-04-14T11:21:53.957+0900] {processor.py:186} INFO - Started process (PID=42372) to work on /opt/airflow/dags/06_multi_dag_step2_transform.py
[2026-04-14T11:21:53.958+0900] {processor.py:914} INFO - Processing file /opt/airflow/dags/06_multi_dag_step2_transform.py for tasks to queue
[2026-04-14T11:21:53.960+0900] {logging_mixin.py:190} INFO - [2026-04-14T11:21:53.960+0900] {dagbag.py:587} INFO - Filling up the DagBag from /opt/airflow/dags/06_multi_dag_step2_transform.py
[2026-04-14T11:21:54.316+0900] {processor.py:925} INFO - DAG(s) '06_multi_dag_step2_transform' retrieved from /opt/airflow/dags/06_multi_dag_step2_transform.py
[2026-04-14T11:21:54.333+0900] {logging_mixin.py:190} INFO - [2026-04-14T11:21:54.333+0900] {dag.py:3211} INFO - Sync 1 DAGs
[2026-04-14T11:21:54.348+0900] {logging_mixin.py:190} INFO - [2026-04-14T11:21:54.348+0900] {dag.py:4138} INFO - Setting next_dagrun for 06_multi_dag_step2_transform to None, run_after=None
[2026-04-14T11:21:54.368+0900] {processor.py:208} INFO - Processing /opt/airflow/dags/06_multi_dag_step2_transform.py took 0.415 seconds
[2026-04-14T11:22:24.970+0900] {processor.py:186} INFO - Started process (PID=42390) to work on /opt/airflow/dags/06_multi_dag_step2_transform.py
[2026-04-14T11:22:24.971+0900] {processor.py:914} INFO - Processing file /opt/airflow/dags/06_multi_dag_step2_transform.py for tasks to queue
[2026-04-14T11:22:24.973+0900] {logging_mixin.py:190} INFO - [2026-04-14T11:22:24.973+0900] {dagbag.py:587} INFO - Filling up the DagBag from /opt/airflow/dags/06_multi_dag_step2_transform.py
[2026-04-14T11:22:25.325+0900] {processor.py:925} INFO - DAG(s) '06_multi_dag_step2_transform' retrieved from /opt/airflow/dags/06_multi_dag_step2_transform.py
[2026-04-14T11:22:25.342+0900] {logging_mixin.py:190} INFO - [2026-04-14T11:22:25.341+0900] {dag.py:3211} INFO - Sync 1 DAGs
[2026-04-14T11:22:25.356+0900] {logging_mixin.py:190} INFO - [2026-04-14T11:22:25.356+0900] {dag.py:4138} INFO - Setting next_dagrun for 06_multi_dag_step2_transform to None, run_after=None
[2026-04-14T11:22:25.376+0900] {processor.py:208} INFO - Processing /opt/airflow/dags/06_multi_dag_step2_transform.py took 0.410 seconds
[2026-04-14T11:22:56.086+0900] {processor.py:186} INFO - Started process (PID=42415) to work on /opt/airflow/dags/06_multi_dag_step2_transform.py
[2026-04-14T11:22:56.087+0900] {processor.py:914} INFO - Processing file /opt/airflow/dags/06_multi_dag_step2_transform.py for tasks to queue
[2026-04-14T11:22:56.090+0900] {logging_mixin.py:190} INFO - [2026-04-14T11:22:56.089+0900] {dagbag.py:587} INFO - Filling up the DagBag from /opt/airflow/dags/06_multi_dag_step2_transform.py
[2026-04-14T11:22:56.421+0900] {processor.py:925} INFO - DAG(s) '06_multi_dag_step2_transform' retrieved from /opt/airflow/dags/06_multi_dag_step2_transform.py
[2026-04-14T11:22:56.438+0900] {logging_mixin.py:190} INFO - [2026-04-14T11:22:56.438+0900] {dag.py:3211} INFO - Sync 1 DAGs
[2026-04-14T11:22:56.452+0900] {logging_mixin.py:190} INFO - [2026-04-14T11:22:56.452+0900] {dag.py:4138} INFO - Setting next_dagrun for 06_multi_dag_step2_transform to None, run_after=None
[2026-04-14T11:22:56.470+0900] {processor.py:208} INFO - Processing /opt/airflow/dags/06_multi_dag_step2_transform.py took 0.389 seconds
[2026-04-14T11:23:26.610+0900] {processor.py:186} INFO - Started process (PID=42434) to work on /opt/airflow/dags/06_multi_dag_step2_transform.py
[2026-04-14T11:23:26.611+0900] {processor.py:914} INFO - Processing file /opt/airflow/dags/06_multi_dag_step2_transform.py for tasks to queue
[2026-04-14T11:23:26.613+0900] {logging_mixin.py:190} INFO - [2026-04-14T11:23:26.613+0900] {dagbag.py:587} INFO - Filling up the DagBag from /opt/airflow/dags/06_multi_dag_step2_transform.py
[2026-04-14T11:23:26.956+0900] {processor.py:925} INFO - DAG(s) '06_multi_dag_step2_transform' retrieved from /opt/airflow/dags/06_multi_dag_step2_transform.py
[2026-04-14T11:23:26.975+0900] {logging_mixin.py:190} INFO - [2026-04-14T11:23:26.974+0900] {dag.py:3211} INFO - Sync 1 DAGs
[2026-04-14T11:23:26.990+0900] {logging_mixin.py:190} INFO - [2026-04-14T11:23:26.989+0900] {dag.py:4138} INFO - Setting next_dagrun for 06_multi_dag_step2_transform to None, run_after=None
[2026-04-14T11:23:27.007+0900] {processor.py:208} INFO - Processing /opt/airflow/dags/06_multi_dag_step2_transform.py took 0.402 seconds
[2026-04-14T11:23:57.442+0900] {processor.py:186} INFO - Started process (PID=42453) to work on /opt/airflow/dags/06_multi_dag_step2_transform.py
[2026-04-14T11:23:57.442+0900] {processor.py:914} INFO - Processing file /opt/airflow/dags/06_multi_dag_step2_transform.py for tasks to queue
[2026-04-14T11:23:57.446+0900] {logging_mixin.py:190} INFO - [2026-04-14T11:23:57.445+0900] {dagbag.py:587} INFO - Filling up the DagBag from /opt/airflow/dags/06_multi_dag_step2_transform.py
[2026-04-14T11:23:57.789+0900] {processor.py:925} INFO - DAG(s) '06_multi_dag_step2_transform' retrieved from /opt/airflow/dags/06_multi_dag_step2_transform.py
[2026-04-14T11:23:57.805+0900] {logging_mixin.py:190} INFO - [2026-04-14T11:23:57.805+0900] {dag.py:3211} INFO - Sync 1 DAGs
[2026-04-14T11:23:57.820+0900] {logging_mixin.py:190} INFO - [2026-04-14T11:23:57.820+0900] {dag.py:4138} INFO - Setting next_dagrun for 06_multi_dag_step2_transform to None, run_after=None
[2026-04-14T11:23:57.836+0900] {processor.py:208} INFO - Processing /opt/airflow/dags/06_multi_dag_step2_transform.py took 0.399 seconds
[2026-04-14T11:24:28.100+0900] {processor.py:186} INFO - Started process (PID=42472) to work on /opt/airflow/dags/06_multi_dag_step2_transform.py
[2026-04-14T11:24:28.101+0900] {processor.py:914} INFO - Processing file /opt/airflow/dags/06_multi_dag_step2_transform.py for tasks to queue
[2026-04-14T11:24:28.103+0900] {logging_mixin.py:190} INFO - [2026-04-14T11:24:28.103+0900] {dagbag.py:587} INFO - Filling up the DagBag from /opt/airflow/dags/06_multi_dag_step2_transform.py
[2026-04-14T11:24:28.437+0900] {processor.py:925} INFO - DAG(s) '06_multi_dag_step2_transform' retrieved from /opt/airflow/dags/06_multi_dag_step2_transform.py
[2026-04-14T11:24:28.452+0900] {logging_mixin.py:190} INFO - [2026-04-14T11:24:28.452+0900] {dag.py:3211} INFO - Sync 1 DAGs
[2026-04-14T11:24:28.466+0900] {logging_mixin.py:190} INFO - [2026-04-14T11:24:28.466+0900] {dag.py:4138} INFO - Setting next_dagrun for 06_multi_dag_step2_transform to None, run_after=None
[2026-04-14T11:24:28.485+0900] {processor.py:208} INFO - Processing /opt/airflow/dags/06_multi_dag_step2_transform.py took 0.388 seconds
[2026-04-14T11:24:58.767+0900] {processor.py:186} INFO - Started process (PID=42497) to work on /opt/airflow/dags/06_multi_dag_step2_transform.py
[2026-04-14T11:24:58.768+0900] {processor.py:914} INFO - Processing file /opt/airflow/dags/06_multi_dag_step2_transform.py for tasks to queue
[2026-04-14T11:24:58.770+0900] {logging_mixin.py:190} INFO - [2026-04-14T11:24:58.770+0900] {dagbag.py:587} INFO - Filling up the DagBag from /opt/airflow/dags/06_multi_dag_step2_transform.py
[2026-04-14T11:24:59.108+0900] {processor.py:925} INFO - DAG(s) '06_multi_dag_step2_transform' retrieved from /opt/airflow/dags/06_multi_dag_step2_transform.py
[2026-04-14T11:24:59.125+0900] {logging_mixin.py:190} INFO - [2026-04-14T11:24:59.125+0900] {dag.py:3211} INFO - Sync 1 DAGs
[2026-04-14T11:24:59.140+0900] {logging_mixin.py:190} INFO - [2026-04-14T11:24:59.140+0900] {dag.py:4138} INFO - Setting next_dagrun for 06_multi_dag_step2_transform to None, run_after=None
[2026-04-14T11:24:59.156+0900] {processor.py:208} INFO - Processing /opt/airflow/dags/06_multi_dag_step2_transform.py took 0.394 seconds
[2026-04-14T11:25:29.335+0900] {processor.py:186} INFO - Started process (PID=42516) to work on /opt/airflow/dags/06_multi_dag_step2_transform.py
[2026-04-14T11:25:29.337+0900] {processor.py:914} INFO - Processing file /opt/airflow/dags/06_multi_dag_step2_transform.py for tasks to queue
[2026-04-14T11:25:29.340+0900] {logging_mixin.py:190} INFO - [2026-04-14T11:25:29.340+0900] {dagbag.py:587} INFO - Filling up the DagBag from /opt/airflow/dags/06_multi_dag_step2_transform.py
[2026-04-14T11:25:29.667+0900] {processor.py:925} INFO - DAG(s) '06_multi_dag_step2_transform' retrieved from /opt/airflow/dags/06_multi_dag_step2_transform.py
[2026-04-14T11:25:29.681+0900] {logging_mixin.py:190} INFO - [2026-04-14T11:25:29.681+0900] {dag.py:3211} INFO - Sync 1 DAGs
[2026-04-14T11:25:29.695+0900] {logging_mixin.py:190} INFO - [2026-04-14T11:25:29.695+0900] {dag.py:4138} INFO - Setting next_dagrun for 06_multi_dag_step2_transform to None, run_after=None
[2026-04-14T11:25:29.713+0900] {processor.py:208} INFO - Processing /opt/airflow/dags/06_multi_dag_step2_transform.py took 0.385 seconds
[2026-04-14T11:26:00.143+0900] {processor.py:186} INFO - Started process (PID=42535) to work on /opt/airflow/dags/06_multi_dag_step2_transform.py
[2026-04-14T11:26:00.144+0900] {processor.py:914} INFO - Processing file /opt/airflow/dags/06_multi_dag_step2_transform.py for tasks to queue
[2026-04-14T11:26:00.147+0900] {logging_mixin.py:190} INFO - [2026-04-14T11:26:00.146+0900] {dagbag.py:587} INFO - Filling up the DagBag from /opt/airflow/dags/06_multi_dag_step2_transform.py
[2026-04-14T11:26:00.483+0900] {processor.py:925} INFO - DAG(s) '06_multi_dag_step2_transform' retrieved from /opt/airflow/dags/06_multi_dag_step2_transform.py
[2026-04-14T11:26:00.498+0900] {logging_mixin.py:190} INFO - [2026-04-14T11:26:00.497+0900] {dag.py:3211} INFO - Sync 1 DAGs
[2026-04-14T11:26:00.512+0900] {logging_mixin.py:190} INFO - [2026-04-14T11:26:00.512+0900] {dag.py:4138} INFO - Setting next_dagrun for 06_multi_dag_step2_transform to None, run_after=None
[2026-04-14T11:26:00.530+0900] {processor.py:208} INFO - Processing /opt/airflow/dags/06_multi_dag_step2_transform.py took 0.392 seconds
[2026-04-14T11:26:30.851+0900] {processor.py:186} INFO - Started process (PID=42554) to work on /opt/airflow/dags/06_multi_dag_step2_transform.py
[2026-04-14T11:26:30.852+0900] {processor.py:914} INFO - Processing file /opt/airflow/dags/06_multi_dag_step2_transform.py for tasks to queue
[2026-04-14T11:26:30.974+0900] {logging_mixin.py:190} INFO - [2026-04-14T11:26:30.974+0900] {dagbag.py:587} INFO - Filling up the DagBag from /opt/airflow/dags/06_multi_dag_step2_transform.py
[2026-04-14T11:26:31.194+0900] {processor.py:925} INFO - DAG(s) '06_multi_dag_step2_transform' retrieved from /opt/airflow/dags/06_multi_dag_step2_transform.py
[2026-04-14T11:26:31.211+0900] {logging_mixin.py:190} INFO - [2026-04-14T11:26:31.211+0900] {dag.py:3211} INFO - Sync 1 DAGs
[2026-04-14T11:26:31.229+0900] {logging_mixin.py:190} INFO - [2026-04-14T11:26:31.229+0900] {dag.py:4138} INFO - Setting next_dagrun for 06_multi_dag_step2_transform to None, run_after=None
[2026-04-14T11:26:31.251+0900] {processor.py:208} INFO - Processing /opt/airflow/dags/06_multi_dag_step2_transform.py took 0.405 seconds
[2026-04-14T11:27:01.453+0900] {processor.py:186} INFO - Started process (PID=42573) to work on /opt/airflow/dags/06_multi_dag_step2_transform.py
[2026-04-14T11:27:01.453+0900] {processor.py:914} INFO - Processing file /opt/airflow/dags/06_multi_dag_step2_transform.py for tasks to queue
[2026-04-14T11:27:01.455+0900] {logging_mixin.py:190} INFO - [2026-04-14T11:27:01.455+0900] {dagbag.py:587} INFO - Filling up the DagBag from /opt/airflow/dags/06_multi_dag_step2_transform.py
[2026-04-14T11:27:01.692+0900] {processor.py:925} INFO - DAG(s) '06_multi_dag_step2_transform' retrieved from /opt/airflow/dags/06_multi_dag_step2_transform.py
[2026-04-14T11:27:01.714+0900] {logging_mixin.py:190} INFO - [2026-04-14T11:27:01.714+0900] {dag.py:3211} INFO - Sync 1 DAGs
[2026-04-14T11:27:01.733+0900] {logging_mixin.py:190} INFO - [2026-04-14T11:27:01.733+0900] {dag.py:4138} INFO - Setting next_dagrun for 06_multi_dag_step2_transform to None, run_after=None
[2026-04-14T11:27:01.753+0900] {processor.py:208} INFO - Processing /opt/airflow/dags/06_multi_dag_step2_transform.py took 0.306 seconds
[2026-04-14T11:27:31.846+0900] {processor.py:186} INFO - Started process (PID=42592) to work on /opt/airflow/dags/06_multi_dag_step2_transform.py
[2026-04-14T11:27:31.847+0900] {processor.py:914} INFO - Processing file /opt/airflow/dags/06_multi_dag_step2_transform.py for tasks to queue
[2026-04-14T11:27:31.849+0900] {logging_mixin.py:190} INFO - [2026-04-14T11:27:31.849+0900] {dagbag.py:587} INFO - Filling up the DagBag from /opt/airflow/dags/06_multi_dag_step2_transform.py
[2026-04-14T11:27:32.100+0900] {processor.py:925} INFO - DAG(s) '06_multi_dag_step2_transform' retrieved from /opt/airflow/dags/06_multi_dag_step2_transform.py
[2026-04-14T11:27:32.123+0900] {logging_mixin.py:190} INFO - [2026-04-14T11:27:32.122+0900] {dag.py:3211} INFO - Sync 1 DAGs
[2026-04-14T11:27:32.140+0900] {logging_mixin.py:190} INFO - [2026-04-14T11:27:32.140+0900] {dag.py:4138} INFO - Setting next_dagrun for 06_multi_dag_step2_transform to None, run_after=None
[2026-04-14T11:27:32.162+0900] {processor.py:208} INFO - Processing /opt/airflow/dags/06_multi_dag_step2_transform.py took 0.322 seconds
[2026-04-14T11:28:02.292+0900] {processor.py:186} INFO - Started process (PID=42611) to work on /opt/airflow/dags/06_multi_dag_step2_transform.py
[2026-04-14T11:28:02.293+0900] {processor.py:914} INFO - Processing file /opt/airflow/dags/06_multi_dag_step2_transform.py for tasks to queue
[2026-04-14T11:28:02.295+0900] {logging_mixin.py:190} INFO - [2026-04-14T11:28:02.295+0900] {dagbag.py:587} INFO - Filling up the DagBag from /opt/airflow/dags/06_multi_dag_step2_transform.py
[2026-04-14T11:28:02.513+0900] {processor.py:925} INFO - DAG(s) '06_multi_dag_step2_transform' retrieved from /opt/airflow/dags/06_multi_dag_step2_transform.py
[2026-04-14T11:28:02.532+0900] {logging_mixin.py:190} INFO - [2026-04-14T11:28:02.531+0900] {dag.py:3211} INFO - Sync 1 DAGs
[2026-04-14T11:28:02.548+0900] {logging_mixin.py:190} INFO - [2026-04-14T11:28:02.548+0900] {dag.py:4138} INFO - Setting next_dagrun for 06_multi_dag_step2_transform to None, run_after=None
[2026-04-14T11:28:02.568+0900] {processor.py:208} INFO - Processing /opt/airflow/dags/06_multi_dag_step2_transform.py took 0.281 seconds
[2026-04-14T11:28:32.643+0900] {processor.py:186} INFO - Started process (PID=42630) to work on /opt/airflow/dags/06_multi_dag_step2_transform.py
[2026-04-14T11:28:32.644+0900] {processor.py:914} INFO - Processing file /opt/airflow/dags/06_multi_dag_step2_transform.py for tasks to queue
[2026-04-14T11:28:32.646+0900] {logging_mixin.py:190} INFO - [2026-04-14T11:28:32.646+0900] {dagbag.py:587} INFO - Filling up the DagBag from /opt/airflow/dags/06_multi_dag_step2_transform.py
[2026-04-14T11:28:32.850+0900] {processor.py:925} INFO - DAG(s) '06_multi_dag_step2_transform' retrieved from /opt/airflow/dags/06_multi_dag_step2_transform.py
[2026-04-14T11:28:32.873+0900] {logging_mixin.py:190} INFO - [2026-04-14T11:28:32.872+0900] {dag.py:3211} INFO - Sync 1 DAGs
[2026-04-14T11:28:32.890+0900] {logging_mixin.py:190} INFO - [2026-04-14T11:28:32.889+0900] {dag.py:4138} INFO - Setting next_dagrun for 06_multi_dag_step2_transform to None, run_after=None
[2026-04-14T11:28:32.909+0900] {processor.py:208} INFO - Processing /opt/airflow/dags/06_multi_dag_step2_transform.py took 0.270 seconds
[2026-04-14T11:29:03.789+0900] {processor.py:186} INFO - Started process (PID=42649) to work on /opt/airflow/dags/06_multi_dag_step2_transform.py
[2026-04-14T11:29:03.789+0900] {processor.py:914} INFO - Processing file /opt/airflow/dags/06_multi_dag_step2_transform.py for tasks to queue
[2026-04-14T11:29:03.791+0900] {logging_mixin.py:190} INFO - [2026-04-14T11:29:03.791+0900] {dagbag.py:587} INFO - Filling up the DagBag from /opt/airflow/dags/06_multi_dag_step2_transform.py
[2026-04-14T11:29:04.031+0900] {processor.py:925} INFO - DAG(s) '06_multi_dag_step2_transform' retrieved from /opt/airflow/dags/06_multi_dag_step2_transform.py
[2026-04-14T11:29:04.052+0900] {logging_mixin.py:190} INFO - [2026-04-14T11:29:04.052+0900] {dag.py:3211} INFO - Sync 1 DAGs
[2026-04-14T11:29:04.071+0900] {logging_mixin.py:190} INFO - [2026-04-14T11:29:04.070+0900] {dag.py:4138} INFO - Setting next_dagrun for 06_multi_dag_step2_transform to None, run_after=None
[2026-04-14T11:29:04.091+0900] {processor.py:208} INFO - Processing /opt/airflow/dags/06_multi_dag_step2_transform.py took 0.307 seconds
[2026-04-14T11:29:34.172+0900] {processor.py:186} INFO - Started process (PID=42668) to work on /opt/airflow/dags/06_multi_dag_step2_transform.py
[2026-04-14T11:29:34.173+0900] {processor.py:914} INFO - Processing file /opt/airflow/dags/06_multi_dag_step2_transform.py for tasks to queue
[2026-04-14T11:29:34.175+0900] {logging_mixin.py:190} INFO - [2026-04-14T11:29:34.175+0900] {dagbag.py:587} INFO - Filling up the DagBag from /opt/airflow/dags/06_multi_dag_step2_transform.py
[2026-04-14T11:29:34.394+0900] {processor.py:925} INFO - DAG(s) '06_multi_dag_step2_transform' retrieved from /opt/airflow/dags/06_multi_dag_step2_transform.py
[2026-04-14T11:29:34.419+0900] {logging_mixin.py:190} INFO - [2026-04-14T11:29:34.419+0900] {dag.py:3211} INFO - Sync 1 DAGs
[2026-04-14T11:29:34.438+0900] {logging_mixin.py:190} INFO - [2026-04-14T11:29:34.437+0900] {dag.py:4138} INFO - Setting next_dagrun for 06_multi_dag_step2_transform to None, run_after=None
[2026-04-14T11:29:34.457+0900] {processor.py:208} INFO - Processing /opt/airflow/dags/06_multi_dag_step2_transform.py took 0.291 seconds
[2026-04-14T11:30:05.069+0900] {processor.py:186} INFO - Started process (PID=42687) to work on /opt/airflow/dags/06_multi_dag_step2_transform.py
[2026-04-14T11:30:05.070+0900] {processor.py:914} INFO - Processing file /opt/airflow/dags/06_multi_dag_step2_transform.py for tasks to queue
[2026-04-14T11:30:05.072+0900] {logging_mixin.py:190} INFO - [2026-04-14T11:30:05.072+0900] {dagbag.py:587} INFO - Filling up the DagBag from /opt/airflow/dags/06_multi_dag_step2_transform.py
[2026-04-14T11:30:05.293+0900] {processor.py:925} INFO - DAG(s) '06_multi_dag_step2_transform' retrieved from /opt/airflow/dags/06_multi_dag_step2_transform.py
[2026-04-14T11:30:05.312+0900] {logging_mixin.py:190} INFO - [2026-04-14T11:30:05.312+0900] {dag.py:3211} INFO - Sync 1 DAGs
[2026-04-14T11:30:05.328+0900] {logging_mixin.py:190} INFO - [2026-04-14T11:30:05.328+0900] {dag.py:4138} INFO - Setting next_dagrun for 06_multi_dag_step2_transform to None, run_after=None
[2026-04-14T11:30:05.375+0900] {processor.py:208} INFO - Processing /opt/airflow/dags/06_multi_dag_step2_transform.py took 0.314 seconds
[2026-04-14T11:30:35.824+0900] {processor.py:186} INFO - Started process (PID=42706) to work on /opt/airflow/dags/06_multi_dag_step2_transform.py
[2026-04-14T11:30:35.825+0900] {processor.py:914} INFO - Processing file /opt/airflow/dags/06_multi_dag_step2_transform.py for tasks to queue
[2026-04-14T11:30:35.828+0900] {logging_mixin.py:190} INFO - [2026-04-14T11:30:35.827+0900] {dagbag.py:587} INFO - Filling up the DagBag from /opt/airflow/dags/06_multi_dag_step2_transform.py
[2026-04-14T11:30:36.059+0900] {processor.py:925} INFO - DAG(s) '06_multi_dag_step2_transform' retrieved from /opt/airflow/dags/06_multi_dag_step2_transform.py
[2026-04-14T11:30:36.079+0900] {logging_mixin.py:190} INFO - [2026-04-14T11:30:36.079+0900] {dag.py:3211} INFO - Sync 1 DAGs
[2026-04-14T11:30:36.096+0900] {logging_mixin.py:190} INFO - [2026-04-14T11:30:36.095+0900] {dag.py:4138} INFO - Setting next_dagrun for 06_multi_dag_step2_transform to None, run_after=None
[2026-04-14T11:30:36.143+0900] {processor.py:208} INFO - Processing /opt/airflow/dags/06_multi_dag_step2_transform.py took 0.324 seconds
[2026-04-14T11:31:06.634+0900] {processor.py:186} INFO - Started process (PID=42724) to work on /opt/airflow/dags/06_multi_dag_step2_transform.py
[2026-04-14T11:31:06.635+0900] {processor.py:914} INFO - Processing file /opt/airflow/dags/06_multi_dag_step2_transform.py for tasks to queue
[2026-04-14T11:31:06.637+0900] {logging_mixin.py:190} INFO - [2026-04-14T11:31:06.637+0900] {dagbag.py:587} INFO - Filling up the DagBag from /opt/airflow/dags/06_multi_dag_step2_transform.py
[2026-04-14T11:31:06.861+0900] {processor.py:925} INFO - DAG(s) '06_multi_dag_step2_transform' retrieved from /opt/airflow/dags/06_multi_dag_step2_transform.py
[2026-04-14T11:31:06.881+0900] {logging_mixin.py:190} INFO - [2026-04-14T11:31:06.881+0900] {dag.py:3211} INFO - Sync 1 DAGs
[2026-04-14T11:31:06.897+0900] {logging_mixin.py:190} INFO - [2026-04-14T11:31:06.896+0900] {dag.py:4138} INFO - Setting next_dagrun for 06_multi_dag_step2_transform to None, run_after=None
[2026-04-14T11:31:06.927+0900] {processor.py:208} INFO - Processing /opt/airflow/dags/06_multi_dag_step2_transform.py took 0.298 seconds
[2026-04-14T11:31:37.385+0900] {processor.py:186} INFO - Started process (PID=42743) to work on /opt/airflow/dags/06_multi_dag_step2_transform.py
[2026-04-14T11:31:37.386+0900] {processor.py:914} INFO - Processing file /opt/airflow/dags/06_multi_dag_step2_transform.py for tasks to queue
[2026-04-14T11:31:37.388+0900] {logging_mixin.py:190} INFO - [2026-04-14T11:31:37.388+0900] {dagbag.py:587} INFO - Filling up the DagBag from /opt/airflow/dags/06_multi_dag_step2_transform.py
[2026-04-14T11:31:37.617+0900] {processor.py:925} INFO - DAG(s) '06_multi_dag_step2_transform' retrieved from /opt/airflow/dags/06_multi_dag_step2_transform.py
[2026-04-14T11:31:37.635+0900] {logging_mixin.py:190} INFO - [2026-04-14T11:31:37.634+0900] {dag.py:3211} INFO - Sync 1 DAGs
[2026-04-14T11:31:37.650+0900] {logging_mixin.py:190} INFO - [2026-04-14T11:31:37.650+0900] {dag.py:4138} INFO - Setting next_dagrun for 06_multi_dag_step2_transform to None, run_after=None
[2026-04-14T11:31:37.677+0900] {processor.py:208} INFO - Processing /opt/airflow/dags/06_multi_dag_step2_transform.py took 0.297 seconds
[2026-04-14T11:32:08.098+0900] {processor.py:186} INFO - Started process (PID=42762) to work on /opt/airflow/dags/06_multi_dag_step2_transform.py
[2026-04-14T11:32:08.098+0900] {processor.py:914} INFO - Processing file /opt/airflow/dags/06_multi_dag_step2_transform.py for tasks to queue
[2026-04-14T11:32:08.100+0900] {logging_mixin.py:190} INFO - [2026-04-14T11:32:08.100+0900] {dagbag.py:587} INFO - Filling up the DagBag from /opt/airflow/dags/06_multi_dag_step2_transform.py
[2026-04-14T11:32:08.307+0900] {processor.py:925} INFO - DAG(s) '06_multi_dag_step2_transform' retrieved from /opt/airflow/dags/06_multi_dag_step2_transform.py
[2026-04-14T11:32:08.325+0900] {logging_mixin.py:190} INFO - [2026-04-14T11:32:08.324+0900] {dag.py:3211} INFO - Sync 1 DAGs
[2026-04-14T11:32:08.340+0900] {logging_mixin.py:190} INFO - [2026-04-14T11:32:08.340+0900] {dag.py:4138} INFO - Setting next_dagrun for 06_multi_dag_step2_transform to None, run_after=None
[2026-04-14T11:32:08.387+0900] {processor.py:208} INFO - Processing /opt/airflow/dags/06_multi_dag_step2_transform.py took 0.295 seconds
[2026-04-14T11:32:38.624+0900] {processor.py:186} INFO - Started process (PID=42781) to work on /opt/airflow/dags/06_multi_dag_step2_transform.py
[2026-04-14T11:32:38.625+0900] {processor.py:914} INFO - Processing file /opt/airflow/dags/06_multi_dag_step2_transform.py for tasks to queue
[2026-04-14T11:32:38.629+0900] {logging_mixin.py:190} INFO - [2026-04-14T11:32:38.629+0900] {dagbag.py:587} INFO - Filling up the DagBag from /opt/airflow/dags/06_multi_dag_step2_transform.py
[2026-04-14T11:32:38.859+0900] {processor.py:925} INFO - DAG(s) '06_multi_dag_step2_transform' retrieved from /opt/airflow/dags/06_multi_dag_step2_transform.py
[2026-04-14T11:32:38.878+0900] {logging_mixin.py:190} INFO - [2026-04-14T11:32:38.877+0900] {dag.py:3211} INFO - Sync 1 DAGs
[2026-04-14T11:32:38.892+0900] {logging_mixin.py:190} INFO - [2026-04-14T11:32:38.891+0900] {dag.py:4138} INFO - Setting next_dagrun for 06_multi_dag_step2_transform to None, run_after=None
[2026-04-14T11:32:38.939+0900] {processor.py:208} INFO - Processing /opt/airflow/dags/06_multi_dag_step2_transform.py took 0.322 seconds
[2026-04-14T11:33:09.431+0900] {processor.py:186} INFO - Started process (PID=42800) to work on /opt/airflow/dags/06_multi_dag_step2_transform.py
[2026-04-14T11:33:09.432+0900] {processor.py:914} INFO - Processing file /opt/airflow/dags/06_multi_dag_step2_transform.py for tasks to queue
[2026-04-14T11:33:09.434+0900] {logging_mixin.py:190} INFO - [2026-04-14T11:33:09.434+0900] {dagbag.py:587} INFO - Filling up the DagBag from /opt/airflow/dags/06_multi_dag_step2_transform.py
[2026-04-14T11:33:09.681+0900] {processor.py:925} INFO - DAG(s) '06_multi_dag_step2_transform' retrieved from /opt/airflow/dags/06_multi_dag_step2_transform.py
[2026-04-14T11:33:09.697+0900] {logging_mixin.py:190} INFO - [2026-04-14T11:33:09.696+0900] {dag.py:3211} INFO - Sync 1 DAGs
[2026-04-14T11:33:09.711+0900] {logging_mixin.py:190} INFO - [2026-04-14T11:33:09.711+0900] {dag.py:4138} INFO - Setting next_dagrun for 06_multi_dag_step2_transform to None, run_after=None
[2026-04-14T11:33:09.758+0900] {processor.py:208} INFO - Processing /opt/airflow/dags/06_multi_dag_step2_transform.py took 0.333 seconds
[2026-04-14T11:33:40.188+0900] {processor.py:186} INFO - Started process (PID=42819) to work on /opt/airflow/dags/06_multi_dag_step2_transform.py
[2026-04-14T11:33:40.189+0900] {processor.py:914} INFO - Processing file /opt/airflow/dags/06_multi_dag_step2_transform.py for tasks to queue
[2026-04-14T11:33:40.191+0900] {logging_mixin.py:190} INFO - [2026-04-14T11:33:40.190+0900] {dagbag.py:587} INFO - Filling up the DagBag from /opt/airflow/dags/06_multi_dag_step2_transform.py
[2026-04-14T11:33:40.406+0900] {processor.py:925} INFO - DAG(s) '06_multi_dag_step2_transform' retrieved from /opt/airflow/dags/06_multi_dag_step2_transform.py
[2026-04-14T11:33:40.425+0900] {logging_mixin.py:190} INFO - [2026-04-14T11:33:40.425+0900] {dag.py:3211} INFO - Sync 1 DAGs
[2026-04-14T11:33:40.440+0900] {logging_mixin.py:190} INFO - [2026-04-14T11:33:40.439+0900] {dag.py:4138} INFO - Setting next_dagrun for 06_multi_dag_step2_transform to None, run_after=None
[2026-04-14T11:33:40.460+0900] {processor.py:208} INFO - Processing /opt/airflow/dags/06_multi_dag_step2_transform.py took 0.278 seconds
[2026-04-14T11:34:10.979+0900] {processor.py:186} INFO - Started process (PID=42838) to work on /opt/airflow/dags/06_multi_dag_step2_transform.py
[2026-04-14T11:34:10.980+0900] {processor.py:914} INFO - Processing file /opt/airflow/dags/06_multi_dag_step2_transform.py for tasks to queue
[2026-04-14T11:34:10.982+0900] {logging_mixin.py:190} INFO - [2026-04-14T11:34:10.981+0900] {dagbag.py:587} INFO - Filling up the DagBag from /opt/airflow/dags/06_multi_dag_step2_transform.py
[2026-04-14T11:34:11.201+0900] {processor.py:925} INFO - DAG(s) '06_multi_dag_step2_transform' retrieved from /opt/airflow/dags/06_multi_dag_step2_transform.py
[2026-04-14T11:34:11.220+0900] {logging_mixin.py:190} INFO - [2026-04-14T11:34:11.220+0900] {dag.py:3211} INFO - Sync 1 DAGs
[2026-04-14T11:34:11.236+0900] {logging_mixin.py:190} INFO - [2026-04-14T11:34:11.236+0900] {dag.py:4138} INFO - Setting next_dagrun for 06_multi_dag_step2_transform to None, run_after=None
[2026-04-14T11:34:11.286+0900] {processor.py:208} INFO - Processing /opt/airflow/dags/06_multi_dag_step2_transform.py took 0.313 seconds
[2026-04-14T11:34:41.735+0900] {processor.py:186} INFO - Started process (PID=42857) to work on /opt/airflow/dags/06_multi_dag_step2_transform.py
[2026-04-14T11:34:41.737+0900] {processor.py:914} INFO - Processing file /opt/airflow/dags/06_multi_dag_step2_transform.py for tasks to queue
[2026-04-14T11:34:41.739+0900] {logging_mixin.py:190} INFO - [2026-04-14T11:34:41.739+0900] {dagbag.py:587} INFO - Filling up the DagBag from /opt/airflow/dags/06_multi_dag_step2_transform.py
[2026-04-14T11:34:41.959+0900] {processor.py:925} INFO - DAG(s) '06_multi_dag_step2_transform' retrieved from /opt/airflow/dags/06_multi_dag_step2_transform.py
[2026-04-14T11:34:41.976+0900] {logging_mixin.py:190} INFO - [2026-04-14T11:34:41.975+0900] {dag.py:3211} INFO - Sync 1 DAGs
[2026-04-14T11:34:41.991+0900] {logging_mixin.py:190} INFO - [2026-04-14T11:34:41.991+0900] {dag.py:4138} INFO - Setting next_dagrun for 06_multi_dag_step2_transform to None, run_after=None
[2026-04-14T11:34:42.042+0900] {processor.py:208} INFO - Processing /opt/airflow/dags/06_multi_dag_step2_transform.py took 0.311 seconds
[2026-04-14T11:35:12.657+0900] {processor.py:186} INFO - Started process (PID=42878) to work on /opt/airflow/dags/06_multi_dag_step2_transform.py
[2026-04-14T11:35:12.659+0900] {processor.py:914} INFO - Processing file /opt/airflow/dags/06_multi_dag_step2_transform.py for tasks to queue
[2026-04-14T11:35:12.661+0900] {logging_mixin.py:190} INFO - [2026-04-14T11:35:12.661+0900] {dagbag.py:587} INFO - Filling up the DagBag from /opt/airflow/dags/06_multi_dag_step2_transform.py
[2026-04-14T11:35:12.900+0900] {processor.py:925} INFO - DAG(s) '06_multi_dag_step2_transform' retrieved from /opt/airflow/dags/06_multi_dag_step2_transform.py
[2026-04-14T11:35:12.923+0900] {logging_mixin.py:190} INFO - [2026-04-14T11:35:12.923+0900] {dag.py:3211} INFO - Sync 1 DAGs
[2026-04-14T11:35:12.940+0900] {logging_mixin.py:190} INFO - [2026-04-14T11:35:12.939+0900] {dag.py:4138} INFO - Setting next_dagrun for 06_multi_dag_step2_transform to None, run_after=None
[2026-04-14T11:35:12.992+0900] {processor.py:208} INFO - Processing /opt/airflow/dags/06_multi_dag_step2_transform.py took 0.340 seconds
[2026-04-14T11:35:43.493+0900] {processor.py:186} INFO - Started process (PID=42903) to work on /opt/airflow/dags/06_multi_dag_step2_transform.py
[2026-04-14T11:35:43.494+0900] {processor.py:914} INFO - Processing file /opt/airflow/dags/06_multi_dag_step2_transform.py for tasks to queue
[2026-04-14T11:35:43.497+0900] {logging_mixin.py:190} INFO - [2026-04-14T11:35:43.496+0900] {dagbag.py:587} INFO - Filling up the DagBag from /opt/airflow/dags/06_multi_dag_step2_transform.py
[2026-04-14T11:35:43.729+0900] {processor.py:925} INFO - DAG(s) '06_multi_dag_step2_transform' retrieved from /opt/airflow/dags/06_multi_dag_step2_transform.py
[2026-04-14T11:35:43.752+0900] {logging_mixin.py:190} INFO - [2026-04-14T11:35:43.752+0900] {dag.py:3211} INFO - Sync 1 DAGs
[2026-04-14T11:35:43.769+0900] {logging_mixin.py:190} INFO - [2026-04-14T11:35:43.769+0900] {dag.py:4138} INFO - Setting next_dagrun for 06_multi_dag_step2_transform to None, run_after=None
[2026-04-14T11:35:43.793+0900] {processor.py:208} INFO - Processing /opt/airflow/dags/06_multi_dag_step2_transform.py took 0.305 seconds
[2026-04-14T11:36:14.201+0900] {processor.py:186} INFO - Started process (PID=42922) to work on /opt/airflow/dags/06_multi_dag_step2_transform.py
[2026-04-14T11:36:14.202+0900] {processor.py:914} INFO - Processing file /opt/airflow/dags/06_multi_dag_step2_transform.py for tasks to queue
[2026-04-14T11:36:14.205+0900] {logging_mixin.py:190} INFO - [2026-04-14T11:36:14.205+0900] {dagbag.py:587} INFO - Filling up the DagBag from /opt/airflow/dags/06_multi_dag_step2_transform.py
[2026-04-14T11:36:14.461+0900] {processor.py:925} INFO - DAG(s) '06_multi_dag_step2_transform' retrieved from /opt/airflow/dags/06_multi_dag_step2_transform.py
[2026-04-14T11:36:14.482+0900] {logging_mixin.py:190} INFO - [2026-04-14T11:36:14.481+0900] {dag.py:3211} INFO - Sync 1 DAGs
[2026-04-14T11:36:14.500+0900] {logging_mixin.py:190} INFO - [2026-04-14T11:36:14.500+0900] {dag.py:4138} INFO - Setting next_dagrun for 06_multi_dag_step2_transform to None, run_after=None
[2026-04-14T11:36:14.521+0900] {processor.py:208} INFO - Processing /opt/airflow/dags/06_multi_dag_step2_transform.py took 0.326 seconds
[2026-04-14T11:36:44.884+0900] {processor.py:186} INFO - Started process (PID=42941) to work on /opt/airflow/dags/06_multi_dag_step2_transform.py
[2026-04-14T11:36:44.885+0900] {processor.py:914} INFO - Processing file /opt/airflow/dags/06_multi_dag_step2_transform.py for tasks to queue
[2026-04-14T11:36:44.889+0900] {logging_mixin.py:190} INFO - [2026-04-14T11:36:44.889+0900] {dagbag.py:587} INFO - Filling up the DagBag from /opt/airflow/dags/06_multi_dag_step2_transform.py
[2026-04-14T11:36:45.181+0900] {processor.py:925} INFO - DAG(s) '06_multi_dag_step2_transform' retrieved from /opt/airflow/dags/06_multi_dag_step2_transform.py
[2026-04-14T11:36:45.204+0900] {logging_mixin.py:190} INFO - [2026-04-14T11:36:45.204+0900] {dag.py:3211} INFO - Sync 1 DAGs
[2026-04-14T11:36:45.223+0900] {logging_mixin.py:190} INFO - [2026-04-14T11:36:45.223+0900] {dag.py:4138} INFO - Setting next_dagrun for 06_multi_dag_step2_transform to None, run_after=None
[2026-04-14T11:36:45.277+0900] {processor.py:208} INFO - Processing /opt/airflow/dags/06_multi_dag_step2_transform.py took 0.400 seconds
[2026-04-14T11:37:15.653+0900] {processor.py:186} INFO - Started process (PID=42960) to work on /opt/airflow/dags/06_multi_dag_step2_transform.py
[2026-04-14T11:37:15.654+0900] {processor.py:914} INFO - Processing file /opt/airflow/dags/06_multi_dag_step2_transform.py for tasks to queue
[2026-04-14T11:37:15.656+0900] {logging_mixin.py:190} INFO - [2026-04-14T11:37:15.656+0900] {dagbag.py:587} INFO - Filling up the DagBag from /opt/airflow/dags/06_multi_dag_step2_transform.py
[2026-04-14T11:37:15.889+0900] {processor.py:925} INFO - DAG(s) '06_multi_dag_step2_transform' retrieved from /opt/airflow/dags/06_multi_dag_step2_transform.py
[2026-04-14T11:37:15.911+0900] {logging_mixin.py:190} INFO - [2026-04-14T11:37:15.910+0900] {dag.py:3211} INFO - Sync 1 DAGs
[2026-04-14T11:37:15.927+0900] {logging_mixin.py:190} INFO - [2026-04-14T11:37:15.927+0900] {dag.py:4138} INFO - Setting next_dagrun for 06_multi_dag_step2_transform to None, run_after=None
[2026-04-14T11:37:15.978+0900] {processor.py:208} INFO - Processing /opt/airflow/dags/06_multi_dag_step2_transform.py took 0.330 seconds
[2026-04-14T11:37:46.509+0900] {processor.py:186} INFO - Started process (PID=42981) to work on /opt/airflow/dags/06_multi_dag_step2_transform.py
[2026-04-14T11:37:46.510+0900] {processor.py:914} INFO - Processing file /opt/airflow/dags/06_multi_dag_step2_transform.py for tasks to queue
[2026-04-14T11:37:46.512+0900] {logging_mixin.py:190} INFO - [2026-04-14T11:37:46.512+0900] {dagbag.py:587} INFO - Filling up the DagBag from /opt/airflow/dags/06_multi_dag_step2_transform.py
[2026-04-14T11:37:46.752+0900] {processor.py:925} INFO - DAG(s) '06_multi_dag_step2_transform' retrieved from /opt/airflow/dags/06_multi_dag_step2_transform.py
[2026-04-14T11:37:46.775+0900] {logging_mixin.py:190} INFO - [2026-04-14T11:37:46.774+0900] {dag.py:3211} INFO - Sync 1 DAGs
[2026-04-14T11:37:46.792+0900] {logging_mixin.py:190} INFO - [2026-04-14T11:37:46.792+0900] {dag.py:4138} INFO - Setting next_dagrun for 06_multi_dag_step2_transform to None, run_after=None
[2026-04-14T11:37:46.845+0900] {processor.py:208} INFO - Processing /opt/airflow/dags/06_multi_dag_step2_transform.py took 0.342 seconds
[2026-04-14T11:38:17.207+0900] {processor.py:186} INFO - Started process (PID=43000) to work on /opt/airflow/dags/06_multi_dag_step2_transform.py
[2026-04-14T11:38:17.208+0900] {processor.py:914} INFO - Processing file /opt/airflow/dags/06_multi_dag_step2_transform.py for tasks to queue
[2026-04-14T11:38:17.210+0900] {logging_mixin.py:190} INFO - [2026-04-14T11:38:17.210+0900] {dagbag.py:587} INFO - Filling up the DagBag from /opt/airflow/dags/06_multi_dag_step2_transform.py
[2026-04-14T11:38:17.433+0900] {processor.py:925} INFO - DAG(s) '06_multi_dag_step2_transform' retrieved from /opt/airflow/dags/06_multi_dag_step2_transform.py
[2026-04-14T11:38:17.453+0900] {logging_mixin.py:190} INFO - [2026-04-14T11:38:17.453+0900] {dag.py:3211} INFO - Sync 1 DAGs
[2026-04-14T11:38:17.469+0900] {logging_mixin.py:190} INFO - [2026-04-14T11:38:17.468+0900] {dag.py:4138} INFO - Setting next_dagrun for 06_multi_dag_step2_transform to None, run_after=None
[2026-04-14T11:38:17.489+0900] {processor.py:208} INFO - Processing /opt/airflow/dags/06_multi_dag_step2_transform.py took 0.287 seconds
[2026-04-14T11:38:47.769+0900] {processor.py:186} INFO - Started process (PID=43018) to work on /opt/airflow/dags/06_multi_dag_step2_transform.py
[2026-04-14T11:38:47.770+0900] {processor.py:914} INFO - Processing file /opt/airflow/dags/06_multi_dag_step2_transform.py for tasks to queue
[2026-04-14T11:38:47.773+0900] {logging_mixin.py:190} INFO - [2026-04-14T11:38:47.772+0900] {dagbag.py:587} INFO - Filling up the DagBag from /opt/airflow/dags/06_multi_dag_step2_transform.py
[2026-04-14T11:38:47.999+0900] {processor.py:925} INFO - DAG(s) '06_multi_dag_step2_transform' retrieved from /opt/airflow/dags/06_multi_dag_step2_transform.py
[2026-04-14T11:38:48.020+0900] {logging_mixin.py:190} INFO - [2026-04-14T11:38:48.020+0900] {dag.py:3211} INFO - Sync 1 DAGs
[2026-04-14T11:38:48.038+0900] {logging_mixin.py:190} INFO - [2026-04-14T11:38:48.038+0900] {dag.py:4138} INFO - Setting next_dagrun for 06_multi_dag_step2_transform to None, run_after=None
[2026-04-14T11:38:48.088+0900] {processor.py:208} INFO - Processing /opt/airflow/dags/06_multi_dag_step2_transform.py took 0.323 seconds
[2026-04-14T11:39:18.378+0900] {processor.py:186} INFO - Started process (PID=43037) to work on /opt/airflow/dags/06_multi_dag_step2_transform.py
[2026-04-14T11:39:18.379+0900] {processor.py:914} INFO - Processing file /opt/airflow/dags/06_multi_dag_step2_transform.py for tasks to queue
[2026-04-14T11:39:18.381+0900] {logging_mixin.py:190} INFO - [2026-04-14T11:39:18.381+0900] {dagbag.py:587} INFO - Filling up the DagBag from /opt/airflow/dags/06_multi_dag_step2_transform.py
[2026-04-14T11:39:18.627+0900] {processor.py:925} INFO - DAG(s) '06_multi_dag_step2_transform' retrieved from /opt/airflow/dags/06_multi_dag_step2_transform.py
[2026-04-14T11:39:18.648+0900] {logging_mixin.py:190} INFO - [2026-04-14T11:39:18.648+0900] {dag.py:3211} INFO - Sync 1 DAGs
[2026-04-14T11:39:18.666+0900] {logging_mixin.py:190} INFO - [2026-04-14T11:39:18.666+0900] {dag.py:4138} INFO - Setting next_dagrun for 06_multi_dag_step2_transform to None, run_after=None
[2026-04-14T11:39:18.688+0900] {processor.py:208} INFO - Processing /opt/airflow/dags/06_multi_dag_step2_transform.py took 0.315 seconds
[2026-04-14T11:39:48.791+0900] {processor.py:186} INFO - Started process (PID=43056) to work on /opt/airflow/dags/06_multi_dag_step2_transform.py
[2026-04-14T11:39:48.792+0900] {processor.py:914} INFO - Processing file /opt/airflow/dags/06_multi_dag_step2_transform.py for tasks to queue
[2026-04-14T11:39:48.794+0900] {logging_mixin.py:190} INFO - [2026-04-14T11:39:48.794+0900] {dagbag.py:587} INFO - Filling up the DagBag from /opt/airflow/dags/06_multi_dag_step2_transform.py
[2026-04-14T11:39:49.005+0900] {processor.py:925} INFO - DAG(s) '06_multi_dag_step2_transform' retrieved from /opt/airflow/dags/06_multi_dag_step2_transform.py
[2026-04-14T11:39:49.024+0900] {logging_mixin.py:190} INFO - [2026-04-14T11:39:49.024+0900] {dag.py:3211} INFO - Sync 1 DAGs
[2026-04-14T11:39:49.040+0900] {logging_mixin.py:190} INFO - [2026-04-14T11:39:49.040+0900] {dag.py:4138} INFO - Setting next_dagrun for 06_multi_dag_step2_transform to None, run_after=None
[2026-04-14T11:39:49.059+0900] {processor.py:208} INFO - Processing /opt/airflow/dags/06_multi_dag_step2_transform.py took 0.272 seconds
[2026-04-14T11:40:19.145+0900] {processor.py:186} INFO - Started process (PID=43075) to work on /opt/airflow/dags/06_multi_dag_step2_transform.py
[2026-04-14T11:40:19.145+0900] {processor.py:914} INFO - Processing file /opt/airflow/dags/06_multi_dag_step2_transform.py for tasks to queue
[2026-04-14T11:40:19.147+0900] {logging_mixin.py:190} INFO - [2026-04-14T11:40:19.147+0900] {dagbag.py:587} INFO - Filling up the DagBag from /opt/airflow/dags/06_multi_dag_step2_transform.py
[2026-04-14T11:40:19.383+0900] {processor.py:925} INFO - DAG(s) '06_multi_dag_step2_transform' retrieved from /opt/airflow/dags/06_multi_dag_step2_transform.py
[2026-04-14T11:40:19.402+0900] {logging_mixin.py:190} INFO - [2026-04-14T11:40:19.402+0900] {dag.py:3211} INFO - Sync 1 DAGs
[2026-04-14T11:40:19.417+0900] {logging_mixin.py:190} INFO - [2026-04-14T11:40:19.417+0900] {dag.py:4138} INFO - Setting next_dagrun for 06_multi_dag_step2_transform to None, run_after=None
[2026-04-14T11:40:19.436+0900] {processor.py:208} INFO - Processing /opt/airflow/dags/06_multi_dag_step2_transform.py took 0.296 seconds
[2026-04-14T11:40:49.668+0900] {processor.py:186} INFO - Started process (PID=43094) to work on /opt/airflow/dags/06_multi_dag_step2_transform.py
[2026-04-14T11:40:49.669+0900] {processor.py:914} INFO - Processing file /opt/airflow/dags/06_multi_dag_step2_transform.py for tasks to queue
[2026-04-14T11:40:49.672+0900] {logging_mixin.py:190} INFO - [2026-04-14T11:40:49.671+0900] {dagbag.py:587} INFO - Filling up the DagBag from /opt/airflow/dags/06_multi_dag_step2_transform.py
[2026-04-14T11:40:49.920+0900] {processor.py:925} INFO - DAG(s) '06_multi_dag_step2_transform' retrieved from /opt/airflow/dags/06_multi_dag_step2_transform.py
[2026-04-14T11:40:49.944+0900] {logging_mixin.py:190} INFO - [2026-04-14T11:40:49.943+0900] {dag.py:3211} INFO - Sync 1 DAGs
[2026-04-14T11:40:49.962+0900] {logging_mixin.py:190} INFO - [2026-04-14T11:40:49.962+0900] {dag.py:4138} INFO - Setting next_dagrun for 06_multi_dag_step2_transform to None, run_after=None
[2026-04-14T11:40:50.014+0900] {processor.py:208} INFO - Processing /opt/airflow/dags/06_multi_dag_step2_transform.py took 0.350 seconds
[2026-04-14T11:41:20.334+0900] {processor.py:186} INFO - Started process (PID=43113) to work on /opt/airflow/dags/06_multi_dag_step2_transform.py
[2026-04-14T11:41:20.335+0900] {processor.py:914} INFO - Processing file /opt/airflow/dags/06_multi_dag_step2_transform.py for tasks to queue
[2026-04-14T11:41:20.338+0900] {logging_mixin.py:190} INFO - [2026-04-14T11:41:20.338+0900] {dagbag.py:587} INFO - Filling up the DagBag from /opt/airflow/dags/06_multi_dag_step2_transform.py
[2026-04-14T11:41:20.554+0900] {processor.py:925} INFO - DAG(s) '06_multi_dag_step2_transform' retrieved from /opt/airflow/dags/06_multi_dag_step2_transform.py
[2026-04-14T11:41:20.575+0900] {logging_mixin.py:190} INFO - [2026-04-14T11:41:20.574+0900] {dag.py:3211} INFO - Sync 1 DAGs
[2026-04-14T11:41:20.591+0900] {logging_mixin.py:190} INFO - [2026-04-14T11:41:20.591+0900] {dag.py:4138} INFO - Setting next_dagrun for 06_multi_dag_step2_transform to None, run_after=None
[2026-04-14T11:41:20.617+0900] {processor.py:208} INFO - Processing /opt/airflow/dags/06_multi_dag_step2_transform.py took 0.289 seconds
[2026-04-14T11:41:50.907+0900] {processor.py:186} INFO - Started process (PID=43132) to work on /opt/airflow/dags/06_multi_dag_step2_transform.py
[2026-04-14T11:41:50.908+0900] {processor.py:914} INFO - Processing file /opt/airflow/dags/06_multi_dag_step2_transform.py for tasks to queue
[2026-04-14T11:41:50.911+0900] {logging_mixin.py:190} INFO - [2026-04-14T11:41:50.910+0900] {dagbag.py:587} INFO - Filling up the DagBag from /opt/airflow/dags/06_multi_dag_step2_transform.py
[2026-04-14T11:41:51.132+0900] {processor.py:925} INFO - DAG(s) '06_multi_dag_step2_transform' retrieved from /opt/airflow/dags/06_multi_dag_step2_transform.py
[2026-04-14T11:41:51.166+0900] {logging_mixin.py:190} INFO - [2026-04-14T11:41:51.165+0900] {dag.py:3211} INFO - Sync 1 DAGs
[2026-04-14T11:41:51.182+0900] {logging_mixin.py:190} INFO - [2026-04-14T11:41:51.182+0900] {dag.py:4138} INFO - Setting next_dagrun for 06_multi_dag_step2_transform to None, run_after=None
[2026-04-14T11:41:51.205+0900] {processor.py:208} INFO - Processing /opt/airflow/dags/06_multi_dag_step2_transform.py took 0.303 seconds
[2026-04-14T11:42:21.495+0900] {processor.py:186} INFO - Started process (PID=43151) to work on /opt/airflow/dags/06_multi_dag_step2_transform.py
[2026-04-14T11:42:21.496+0900] {processor.py:914} INFO - Processing file /opt/airflow/dags/06_multi_dag_step2_transform.py for tasks to queue
[2026-04-14T11:42:21.499+0900] {logging_mixin.py:190} INFO - [2026-04-14T11:42:21.498+0900] {dagbag.py:587} INFO - Filling up the DagBag from /opt/airflow/dags/06_multi_dag_step2_transform.py
[2026-04-14T11:42:21.720+0900] {processor.py:925} INFO - DAG(s) '06_multi_dag_step2_transform' retrieved from /opt/airflow/dags/06_multi_dag_step2_transform.py
[2026-04-14T11:42:21.740+0900] {logging_mixin.py:190} INFO - [2026-04-14T11:42:21.740+0900] {dag.py:3211} INFO - Sync 1 DAGs
[2026-04-14T11:42:21.756+0900] {logging_mixin.py:190} INFO - [2026-04-14T11:42:21.756+0900] {dag.py:4138} INFO - Setting next_dagrun for 06_multi_dag_step2_transform to None, run_after=None
[2026-04-14T11:42:21.805+0900] {processor.py:208} INFO - Processing /opt/airflow/dags/06_multi_dag_step2_transform.py took 0.314 seconds
[2026-04-14T11:42:52.201+0900] {processor.py:186} INFO - Started process (PID=43170) to work on /opt/airflow/dags/06_multi_dag_step2_transform.py
[2026-04-14T11:42:52.202+0900] {processor.py:914} INFO - Processing file /opt/airflow/dags/06_multi_dag_step2_transform.py for tasks to queue
[2026-04-14T11:42:52.204+0900] {logging_mixin.py:190} INFO - [2026-04-14T11:42:52.204+0900] {dagbag.py:587} INFO - Filling up the DagBag from /opt/airflow/dags/06_multi_dag_step2_transform.py
[2026-04-14T11:42:52.432+0900] {processor.py:925} INFO - DAG(s) '06_multi_dag_step2_transform' retrieved from /opt/airflow/dags/06_multi_dag_step2_transform.py
[2026-04-14T11:42:52.452+0900] {logging_mixin.py:190} INFO - [2026-04-14T11:42:52.452+0900] {dag.py:3211} INFO - Sync 1 DAGs
[2026-04-14T11:42:52.467+0900] {logging_mixin.py:190} INFO - [2026-04-14T11:42:52.467+0900] {dag.py:4138} INFO - Setting next_dagrun for 06_multi_dag_step2_transform to None, run_after=None
[2026-04-14T11:42:52.486+0900] {processor.py:208} INFO - Processing /opt/airflow/dags/06_multi_dag_step2_transform.py took 0.290 seconds
[2026-04-14T11:43:22.821+0900] {processor.py:186} INFO - Started process (PID=43189) to work on /opt/airflow/dags/06_multi_dag_step2_transform.py
[2026-04-14T11:43:22.822+0900] {processor.py:914} INFO - Processing file /opt/airflow/dags/06_multi_dag_step2_transform.py for tasks to queue
[2026-04-14T11:43:22.825+0900] {logging_mixin.py:190} INFO - [2026-04-14T11:43:22.824+0900] {dagbag.py:587} INFO - Filling up the DagBag from /opt/airflow/dags/06_multi_dag_step2_transform.py
[2026-04-14T11:43:23.067+0900] {processor.py:925} INFO - DAG(s) '06_multi_dag_step2_transform' retrieved from /opt/airflow/dags/06_multi_dag_step2_transform.py
[2026-04-14T11:43:23.088+0900] {logging_mixin.py:190} INFO - [2026-04-14T11:43:23.087+0900] {dag.py:3211} INFO - Sync 1 DAGs
[2026-04-14T11:43:23.103+0900] {logging_mixin.py:190} INFO - [2026-04-14T11:43:23.103+0900] {dag.py:4138} INFO - Setting next_dagrun for 06_multi_dag_step2_transform to None, run_after=None
[2026-04-14T11:43:23.123+0900] {processor.py:208} INFO - Processing /opt/airflow/dags/06_multi_dag_step2_transform.py took 0.307 seconds
[2026-04-14T11:43:53.389+0900] {processor.py:186} INFO - Started process (PID=43208) to work on /opt/airflow/dags/06_multi_dag_step2_transform.py
[2026-04-14T11:43:53.390+0900] {processor.py:914} INFO - Processing file /opt/airflow/dags/06_multi_dag_step2_transform.py for tasks to queue
[2026-04-14T11:43:53.392+0900] {logging_mixin.py:190} INFO - [2026-04-14T11:43:53.392+0900] {dagbag.py:587} INFO - Filling up the DagBag from /opt/airflow/dags/06_multi_dag_step2_transform.py
[2026-04-14T11:43:53.648+0900] {processor.py:925} INFO - DAG(s) '06_multi_dag_step2_transform' retrieved from /opt/airflow/dags/06_multi_dag_step2_transform.py
[2026-04-14T11:43:53.668+0900] {logging_mixin.py:190} INFO - [2026-04-14T11:43:53.668+0900] {dag.py:3211} INFO - Sync 1 DAGs
[2026-04-14T11:43:53.685+0900] {logging_mixin.py:190} INFO - [2026-04-14T11:43:53.685+0900] {dag.py:4138} INFO - Setting next_dagrun for 06_multi_dag_step2_transform to None, run_after=None
[2026-04-14T11:43:53.707+0900] {processor.py:208} INFO - Processing /opt/airflow/dags/06_multi_dag_step2_transform.py took 0.323 seconds
[2026-04-14T11:44:23.919+0900] {processor.py:186} INFO - Started process (PID=43227) to work on /opt/airflow/dags/06_multi_dag_step2_transform.py
[2026-04-14T11:44:23.921+0900] {processor.py:914} INFO - Processing file /opt/airflow/dags/06_multi_dag_step2_transform.py for tasks to queue
[2026-04-14T11:44:23.923+0900] {logging_mixin.py:190} INFO - [2026-04-14T11:44:23.923+0900] {dagbag.py:587} INFO - Filling up the DagBag from /opt/airflow/dags/06_multi_dag_step2_transform.py
[2026-04-14T11:44:24.153+0900] {processor.py:925} INFO - DAG(s) '06_multi_dag_step2_transform' retrieved from /opt/airflow/dags/06_multi_dag_step2_transform.py
[2026-04-14T11:44:24.172+0900] {logging_mixin.py:190} INFO - [2026-04-14T11:44:24.172+0900] {dag.py:3211} INFO - Sync 1 DAGs
[2026-04-14T11:44:24.187+0900] {logging_mixin.py:190} INFO - [2026-04-14T11:44:24.187+0900] {dag.py:4138} INFO - Setting next_dagrun for 06_multi_dag_step2_transform to None, run_after=None
[2026-04-14T11:44:24.217+0900] {processor.py:208} INFO - Processing /opt/airflow/dags/06_multi_dag_step2_transform.py took 0.303 seconds
[2026-04-14T11:44:54.391+0900] {processor.py:186} INFO - Started process (PID=43246) to work on /opt/airflow/dags/06_multi_dag_step2_transform.py
[2026-04-14T11:44:54.393+0900] {processor.py:914} INFO - Processing file /opt/airflow/dags/06_multi_dag_step2_transform.py for tasks to queue
[2026-04-14T11:44:54.395+0900] {logging_mixin.py:190} INFO - [2026-04-14T11:44:54.394+0900] {dagbag.py:587} INFO - Filling up the DagBag from /opt/airflow/dags/06_multi_dag_step2_transform.py
[2026-04-14T11:44:54.628+0900] {processor.py:925} INFO - DAG(s) '06_multi_dag_step2_transform' retrieved from /opt/airflow/dags/06_multi_dag_step2_transform.py
[2026-04-14T11:44:54.646+0900] {logging_mixin.py:190} INFO - [2026-04-14T11:44:54.645+0900] {dag.py:3211} INFO - Sync 1 DAGs
[2026-04-14T11:44:54.662+0900] {logging_mixin.py:190} INFO - [2026-04-14T11:44:54.662+0900] {dag.py:4138} INFO - Setting next_dagrun for 06_multi_dag_step2_transform to None, run_after=None
[2026-04-14T11:44:54.684+0900] {processor.py:208} INFO - Processing /opt/airflow/dags/06_multi_dag_step2_transform.py took 0.298 seconds
[2026-04-14T11:45:25.234+0900] {processor.py:186} INFO - Started process (PID=43265) to work on /opt/airflow/dags/06_multi_dag_step2_transform.py
[2026-04-14T11:45:25.235+0900] {processor.py:914} INFO - Processing file /opt/airflow/dags/06_multi_dag_step2_transform.py for tasks to queue
[2026-04-14T11:45:25.237+0900] {logging_mixin.py:190} INFO - [2026-04-14T11:45:25.237+0900] {dagbag.py:587} INFO - Filling up the DagBag from /opt/airflow/dags/06_multi_dag_step2_transform.py
[2026-04-14T11:45:25.488+0900] {processor.py:925} INFO - DAG(s) '06_multi_dag_step2_transform' retrieved from /opt/airflow/dags/06_multi_dag_step2_transform.py
[2026-04-14T11:45:25.510+0900] {logging_mixin.py:190} INFO - [2026-04-14T11:45:25.509+0900] {dag.py:3211} INFO - Sync 1 DAGs
[2026-04-14T11:45:25.527+0900] {logging_mixin.py:190} INFO - [2026-04-14T11:45:25.527+0900] {dag.py:4138} INFO - Setting next_dagrun for 06_multi_dag_step2_transform to None, run_after=None
[2026-04-14T11:45:25.586+0900] {processor.py:208} INFO - Processing /opt/airflow/dags/06_multi_dag_step2_transform.py took 0.357 seconds
[2026-04-14T11:45:56.093+0900] {processor.py:186} INFO - Started process (PID=43284) to work on /opt/airflow/dags/06_multi_dag_step2_transform.py
[2026-04-14T11:45:56.094+0900] {processor.py:914} INFO - Processing file /opt/airflow/dags/06_multi_dag_step2_transform.py for tasks to queue
[2026-04-14T11:45:56.097+0900] {logging_mixin.py:190} INFO - [2026-04-14T11:45:56.096+0900] {dagbag.py:587} INFO - Filling up the DagBag from /opt/airflow/dags/06_multi_dag_step2_transform.py
[2026-04-14T11:45:56.353+0900] {processor.py:925} INFO - DAG(s) '06_multi_dag_step2_transform' retrieved from /opt/airflow/dags/06_multi_dag_step2_transform.py
[2026-04-14T11:45:56.373+0900] {logging_mixin.py:190} INFO - [2026-04-14T11:45:56.373+0900] {dag.py:3211} INFO - Sync 1 DAGs
[2026-04-14T11:45:56.389+0900] {logging_mixin.py:190} INFO - [2026-04-14T11:45:56.389+0900] {dag.py:4138} INFO - Setting next_dagrun for 06_multi_dag_step2_transform to None, run_after=None
[2026-04-14T11:45:56.439+0900] {processor.py:208} INFO - Processing /opt/airflow/dags/06_multi_dag_step2_transform.py took 0.350 seconds
[2026-04-14T11:46:26.983+0900] {processor.py:186} INFO - Started process (PID=43303) to work on /opt/airflow/dags/06_multi_dag_step2_transform.py
[2026-04-14T11:46:26.984+0900] {processor.py:914} INFO - Processing file /opt/airflow/dags/06_multi_dag_step2_transform.py for tasks to queue
[2026-04-14T11:46:26.987+0900] {logging_mixin.py:190} INFO - [2026-04-14T11:46:26.986+0900] {dagbag.py:587} INFO - Filling up the DagBag from /opt/airflow/dags/06_multi_dag_step2_transform.py
[2026-04-14T11:46:27.236+0900] {processor.py:925} INFO - DAG(s) '06_multi_dag_step2_transform' retrieved from /opt/airflow/dags/06_multi_dag_step2_transform.py
[2026-04-14T11:46:27.256+0900] {logging_mixin.py:190} INFO - [2026-04-14T11:46:27.256+0900] {dag.py:3211} INFO - Sync 1 DAGs
[2026-04-14T11:46:27.271+0900] {logging_mixin.py:190} INFO - [2026-04-14T11:46:27.271+0900] {dag.py:4138} INFO - Setting next_dagrun for 06_multi_dag_step2_transform to None, run_after=None
[2026-04-14T11:46:27.293+0900] {processor.py:208} INFO - Processing /opt/airflow/dags/06_multi_dag_step2_transform.py took 0.315 seconds
[2026-04-14T11:46:57.867+0900] {processor.py:186} INFO - Started process (PID=43321) to work on /opt/airflow/dags/06_multi_dag_step2_transform.py
[2026-04-14T11:46:57.868+0900] {processor.py:914} INFO - Processing file /opt/airflow/dags/06_multi_dag_step2_transform.py for tasks to queue
[2026-04-14T11:46:57.871+0900] {logging_mixin.py:190} INFO - [2026-04-14T11:46:57.870+0900] {dagbag.py:587} INFO - Filling up the DagBag from /opt/airflow/dags/06_multi_dag_step2_transform.py
[2026-04-14T11:46:58.105+0900] {processor.py:925} INFO - DAG(s) '06_multi_dag_step2_transform' retrieved from /opt/airflow/dags/06_multi_dag_step2_transform.py
[2026-04-14T11:46:58.125+0900] {logging_mixin.py:190} INFO - [2026-04-14T11:46:58.125+0900] {dag.py:3211} INFO - Sync 1 DAGs
[2026-04-14T11:46:58.145+0900] {logging_mixin.py:190} INFO - [2026-04-14T11:46:58.144+0900] {dag.py:4138} INFO - Setting next_dagrun for 06_multi_dag_step2_transform to None, run_after=None
[2026-04-14T11:46:58.168+0900] {processor.py:208} INFO - Processing /opt/airflow/dags/06_multi_dag_step2_transform.py took 0.305 seconds
[2026-04-14T11:47:28.593+0900] {processor.py:186} INFO - Started process (PID=43340) to work on /opt/airflow/dags/06_multi_dag_step2_transform.py
[2026-04-14T11:47:28.594+0900] {processor.py:914} INFO - Processing file /opt/airflow/dags/06_multi_dag_step2_transform.py for tasks to queue
[2026-04-14T11:47:28.597+0900] {logging_mixin.py:190} INFO - [2026-04-14T11:47:28.596+0900] {dagbag.py:587} INFO - Filling up the DagBag from /opt/airflow/dags/06_multi_dag_step2_transform.py
[2026-04-14T11:47:28.826+0900] {processor.py:925} INFO - DAG(s) '06_multi_dag_step2_transform' retrieved from /opt/airflow/dags/06_multi_dag_step2_transform.py
[2026-04-14T11:47:28.845+0900] {logging_mixin.py:190} INFO - [2026-04-14T11:47:28.844+0900] {dag.py:3211} INFO - Sync 1 DAGs
[2026-04-14T11:47:28.860+0900] {logging_mixin.py:190} INFO - [2026-04-14T11:47:28.860+0900] {dag.py:4138} INFO - Setting next_dagrun for 06_multi_dag_step2_transform to None, run_after=None
[2026-04-14T11:47:28.880+0900] {processor.py:208} INFO - Processing /opt/airflow/dags/06_multi_dag_step2_transform.py took 0.292 seconds
[2026-04-14T11:47:59.780+0900] {processor.py:186} INFO - Started process (PID=43359) to work on /opt/airflow/dags/06_multi_dag_step2_transform.py
[2026-04-14T11:47:59.782+0900] {processor.py:914} INFO - Processing file /opt/airflow/dags/06_multi_dag_step2_transform.py for tasks to queue
[2026-04-14T11:47:59.786+0900] {logging_mixin.py:190} INFO - [2026-04-14T11:47:59.785+0900] {dagbag.py:587} INFO - Filling up the DagBag from /opt/airflow/dags/06_multi_dag_step2_transform.py
[2026-04-14T11:48:00.020+0900] {processor.py:925} INFO - DAG(s) '06_multi_dag_step2_transform' retrieved from /opt/airflow/dags/06_multi_dag_step2_transform.py
[2026-04-14T11:48:00.040+0900] {logging_mixin.py:190} INFO - [2026-04-14T11:48:00.040+0900] {dag.py:3211} INFO - Sync 1 DAGs
[2026-04-14T11:48:00.057+0900] {logging_mixin.py:190} INFO - [2026-04-14T11:48:00.057+0900] {dag.py:4138} INFO - Setting next_dagrun for 06_multi_dag_step2_transform to None, run_after=None
[2026-04-14T11:48:00.082+0900] {processor.py:208} INFO - Processing /opt/airflow/dags/06_multi_dag_step2_transform.py took 0.309 seconds
[2026-04-14T11:48:30.511+0900] {processor.py:186} INFO - Started process (PID=43378) to work on /opt/airflow/dags/06_multi_dag_step2_transform.py
[2026-04-14T11:48:30.512+0900] {processor.py:914} INFO - Processing file /opt/airflow/dags/06_multi_dag_step2_transform.py for tasks to queue
[2026-04-14T11:48:30.514+0900] {logging_mixin.py:190} INFO - [2026-04-14T11:48:30.514+0900] {dagbag.py:587} INFO - Filling up the DagBag from /opt/airflow/dags/06_multi_dag_step2_transform.py
[2026-04-14T11:48:30.738+0900] {processor.py:925} INFO - DAG(s) '06_multi_dag_step2_transform' retrieved from /opt/airflow/dags/06_multi_dag_step2_transform.py
[2026-04-14T11:48:30.759+0900] {logging_mixin.py:190} INFO - [2026-04-14T11:48:30.759+0900] {dag.py:3211} INFO - Sync 1 DAGs
[2026-04-14T11:48:30.776+0900] {logging_mixin.py:190} INFO - [2026-04-14T11:48:30.776+0900] {dag.py:4138} INFO - Setting next_dagrun for 06_multi_dag_step2_transform to None, run_after=None
[2026-04-14T11:48:30.815+0900] {processor.py:208} INFO - Processing /opt/airflow/dags/06_multi_dag_step2_transform.py took 0.309 seconds
[2026-04-14T11:49:01.487+0900] {processor.py:186} INFO - Started process (PID=43403) to work on /opt/airflow/dags/06_multi_dag_step2_transform.py
[2026-04-14T11:49:01.488+0900] {processor.py:914} INFO - Processing file /opt/airflow/dags/06_multi_dag_step2_transform.py for tasks to queue
[2026-04-14T11:49:01.491+0900] {logging_mixin.py:190} INFO - [2026-04-14T11:49:01.490+0900] {dagbag.py:587} INFO - Filling up the DagBag from /opt/airflow/dags/06_multi_dag_step2_transform.py
[2026-04-14T11:49:01.723+0900] {processor.py:925} INFO - DAG(s) '06_multi_dag_step2_transform' retrieved from /opt/airflow/dags/06_multi_dag_step2_transform.py
[2026-04-14T11:49:01.743+0900] {logging_mixin.py:190} INFO - [2026-04-14T11:49:01.743+0900] {dag.py:3211} INFO - Sync 1 DAGs
[2026-04-14T11:49:01.759+0900] {logging_mixin.py:190} INFO - [2026-04-14T11:49:01.759+0900] {dag.py:4138} INFO - Setting next_dagrun for 06_multi_dag_step2_transform to None, run_after=None
[2026-04-14T11:49:01.806+0900] {processor.py:208} INFO - Processing /opt/airflow/dags/06_multi_dag_step2_transform.py took 0.324 seconds
[2026-04-14T11:49:32.420+0900] {processor.py:186} INFO - Started process (PID=43422) to work on /opt/airflow/dags/06_multi_dag_step2_transform.py
[2026-04-14T11:49:32.421+0900] {processor.py:914} INFO - Processing file /opt/airflow/dags/06_multi_dag_step2_transform.py for tasks to queue
[2026-04-14T11:49:32.424+0900] {logging_mixin.py:190} INFO - [2026-04-14T11:49:32.423+0900] {dagbag.py:587} INFO - Filling up the DagBag from /opt/airflow/dags/06_multi_dag_step2_transform.py
[2026-04-14T11:49:32.670+0900] {processor.py:925} INFO - DAG(s) '06_multi_dag_step2_transform' retrieved from /opt/airflow/dags/06_multi_dag_step2_transform.py
[2026-04-14T11:49:32.689+0900] {logging_mixin.py:190} INFO - [2026-04-14T11:49:32.689+0900] {dag.py:3211} INFO - Sync 1 DAGs
[2026-04-14T11:49:32.705+0900] {logging_mixin.py:190} INFO - [2026-04-14T11:49:32.704+0900] {dag.py:4138} INFO - Setting next_dagrun for 06_multi_dag_step2_transform to None, run_after=None
[2026-04-14T11:49:32.754+0900] {processor.py:208} INFO - Processing /opt/airflow/dags/06_multi_dag_step2_transform.py took 0.338 seconds
[2026-04-14T11:50:03.248+0900] {processor.py:186} INFO - Started process (PID=43441) to work on /opt/airflow/dags/06_multi_dag_step2_transform.py
[2026-04-14T11:50:03.249+0900] {processor.py:914} INFO - Processing file /opt/airflow/dags/06_multi_dag_step2_transform.py for tasks to queue
[2026-04-14T11:50:03.251+0900] {logging_mixin.py:190} INFO - [2026-04-14T11:50:03.251+0900] {dagbag.py:587} INFO - Filling up the DagBag from /opt/airflow/dags/06_multi_dag_step2_transform.py
[2026-04-14T11:50:03.471+0900] {processor.py:925} INFO - DAG(s) '06_multi_dag_step2_transform' retrieved from /opt/airflow/dags/06_multi_dag_step2_transform.py
[2026-04-14T11:50:03.491+0900] {logging_mixin.py:190} INFO - [2026-04-14T11:50:03.491+0900] {dag.py:3211} INFO - Sync 1 DAGs
[2026-04-14T11:50:03.509+0900] {logging_mixin.py:190} INFO - [2026-04-14T11:50:03.509+0900] {dag.py:4138} INFO - Setting next_dagrun for 06_multi_dag_step2_transform to None, run_after=None
[2026-04-14T11:50:03.557+0900] {processor.py:208} INFO - Processing /opt/airflow/dags/06_multi_dag_step2_transform.py took 0.314 seconds
[2026-04-14T11:50:34.098+0900] {processor.py:186} INFO - Started process (PID=43460) to work on /opt/airflow/dags/06_multi_dag_step2_transform.py
[2026-04-14T11:50:34.099+0900] {processor.py:914} INFO - Processing file /opt/airflow/dags/06_multi_dag_step2_transform.py for tasks to queue
[2026-04-14T11:50:34.102+0900] {logging_mixin.py:190} INFO - [2026-04-14T11:50:34.102+0900] {dagbag.py:587} INFO - Filling up the DagBag from /opt/airflow/dags/06_multi_dag_step2_transform.py
[2026-04-14T11:50:34.320+0900] {processor.py:925} INFO - DAG(s) '06_multi_dag_step2_transform' retrieved from /opt/airflow/dags/06_multi_dag_step2_transform.py
[2026-04-14T11:50:34.340+0900] {logging_mixin.py:190} INFO - [2026-04-14T11:50:34.340+0900] {dag.py:3211} INFO - Sync 1 DAGs
[2026-04-14T11:50:34.357+0900] {logging_mixin.py:190} INFO - [2026-04-14T11:50:34.356+0900] {dag.py:4138} INFO - Setting next_dagrun for 06_multi_dag_step2_transform to None, run_after=None
[2026-04-14T11:50:34.379+0900] {processor.py:208} INFO - Processing /opt/airflow/dags/06_multi_dag_step2_transform.py took 0.286 seconds
[2026-04-14T11:51:05.028+0900] {processor.py:186} INFO - Started process (PID=43479) to work on /opt/airflow/dags/06_multi_dag_step2_transform.py
[2026-04-14T11:51:05.029+0900] {processor.py:914} INFO - Processing file /opt/airflow/dags/06_multi_dag_step2_transform.py for tasks to queue
[2026-04-14T11:51:05.031+0900] {logging_mixin.py:190} INFO - [2026-04-14T11:51:05.031+0900] {dagbag.py:587} INFO - Filling up the DagBag from /opt/airflow/dags/06_multi_dag_step2_transform.py
[2026-04-14T11:51:05.307+0900] {processor.py:925} INFO - DAG(s) '06_multi_dag_step2_transform' retrieved from /opt/airflow/dags/06_multi_dag_step2_transform.py
[2026-04-14T11:51:05.328+0900] {logging_mixin.py:190} INFO - [2026-04-14T11:51:05.328+0900] {dag.py:3211} INFO - Sync 1 DAGs
[2026-04-14T11:51:05.347+0900] {logging_mixin.py:190} INFO - [2026-04-14T11:51:05.347+0900] {dag.py:4138} INFO - Setting next_dagrun for 06_multi_dag_step2_transform to None, run_after=None
[2026-04-14T11:51:05.402+0900] {processor.py:208} INFO - Processing /opt/airflow/dags/06_multi_dag_step2_transform.py took 0.381 seconds
[2026-04-14T11:51:35.860+0900] {processor.py:186} INFO - Started process (PID=43498) to work on /opt/airflow/dags/06_multi_dag_step2_transform.py
[2026-04-14T11:51:35.861+0900] {processor.py:914} INFO - Processing file /opt/airflow/dags/06_multi_dag_step2_transform.py for tasks to queue
[2026-04-14T11:51:35.864+0900] {logging_mixin.py:190} INFO - [2026-04-14T11:51:35.863+0900] {dagbag.py:587} INFO - Filling up the DagBag from /opt/airflow/dags/06_multi_dag_step2_transform.py
[2026-04-14T11:51:36.079+0900] {processor.py:925} INFO - DAG(s) '06_multi_dag_step2_transform' retrieved from /opt/airflow/dags/06_multi_dag_step2_transform.py
[2026-04-14T11:51:36.098+0900] {logging_mixin.py:190} INFO - [2026-04-14T11:51:36.098+0900] {dag.py:3211} INFO - Sync 1 DAGs
[2026-04-14T11:51:36.114+0900] {logging_mixin.py:190} INFO - [2026-04-14T11:51:36.114+0900] {dag.py:4138} INFO - Setting next_dagrun for 06_multi_dag_step2_transform to None, run_after=None
[2026-04-14T11:51:36.162+0900] {processor.py:208} INFO - Processing /opt/airflow/dags/06_multi_dag_step2_transform.py took 0.307 seconds
[2026-04-14T11:52:06.796+0900] {processor.py:186} INFO - Started process (PID=43517) to work on /opt/airflow/dags/06_multi_dag_step2_transform.py
[2026-04-14T11:52:06.797+0900] {processor.py:914} INFO - Processing file /opt/airflow/dags/06_multi_dag_step2_transform.py for tasks to queue
[2026-04-14T11:52:06.799+0900] {logging_mixin.py:190} INFO - [2026-04-14T11:52:06.799+0900] {dagbag.py:587} INFO - Filling up the DagBag from /opt/airflow/dags/06_multi_dag_step2_transform.py
[2026-04-14T11:52:07.038+0900] {processor.py:925} INFO - DAG(s) '06_multi_dag_step2_transform' retrieved from /opt/airflow/dags/06_multi_dag_step2_transform.py
[2026-04-14T11:52:07.054+0900] {logging_mixin.py:190} INFO - [2026-04-14T11:52:07.054+0900] {dag.py:3211} INFO - Sync 1 DAGs
[2026-04-14T11:52:07.069+0900] {logging_mixin.py:190} INFO - [2026-04-14T11:52:07.069+0900] {dag.py:4138} INFO - Setting next_dagrun for 06_multi_dag_step2_transform to None, run_after=None
[2026-04-14T11:52:07.091+0900] {processor.py:208} INFO - Processing /opt/airflow/dags/06_multi_dag_step2_transform.py took 0.300 seconds
[2026-04-14T11:52:37.560+0900] {processor.py:186} INFO - Started process (PID=43535) to work on /opt/airflow/dags/06_multi_dag_step2_transform.py
[2026-04-14T11:52:37.561+0900] {processor.py:914} INFO - Processing file /opt/airflow/dags/06_multi_dag_step2_transform.py for tasks to queue
[2026-04-14T11:52:37.563+0900] {logging_mixin.py:190} INFO - [2026-04-14T11:52:37.563+0900] {dagbag.py:587} INFO - Filling up the DagBag from /opt/airflow/dags/06_multi_dag_step2_transform.py
[2026-04-14T11:52:37.792+0900] {processor.py:925} INFO - DAG(s) '06_multi_dag_step2_transform' retrieved from /opt/airflow/dags/06_multi_dag_step2_transform.py
[2026-04-14T11:52:37.814+0900] {logging_mixin.py:190} INFO - [2026-04-14T11:52:37.814+0900] {dag.py:3211} INFO - Sync 1 DAGs
[2026-04-14T11:52:37.831+0900] {logging_mixin.py:190} INFO - [2026-04-14T11:52:37.831+0900] {dag.py:4138} INFO - Setting next_dagrun for 06_multi_dag_step2_transform to None, run_after=None
[2026-04-14T11:52:37.877+0900] {processor.py:208} INFO - Processing /opt/airflow/dags/06_multi_dag_step2_transform.py took 0.324 seconds
[2026-04-14T11:53:08.660+0900] {processor.py:186} INFO - Started process (PID=43554) to work on /opt/airflow/dags/06_multi_dag_step2_transform.py
[2026-04-14T11:53:08.661+0900] {processor.py:914} INFO - Processing file /opt/airflow/dags/06_multi_dag_step2_transform.py for tasks to queue
[2026-04-14T11:53:08.665+0900] {logging_mixin.py:190} INFO - [2026-04-14T11:53:08.664+0900] {dagbag.py:587} INFO - Filling up the DagBag from /opt/airflow/dags/06_multi_dag_step2_transform.py
[2026-04-14T11:53:08.902+0900] {processor.py:925} INFO - DAG(s) '06_multi_dag_step2_transform' retrieved from /opt/airflow/dags/06_multi_dag_step2_transform.py
[2026-04-14T11:53:08.924+0900] {logging_mixin.py:190} INFO - [2026-04-14T11:53:08.923+0900] {dag.py:3211} INFO - Sync 1 DAGs
[2026-04-14T11:53:08.940+0900] {logging_mixin.py:190} INFO - [2026-04-14T11:53:08.940+0900] {dag.py:4138} INFO - Setting next_dagrun for 06_multi_dag_step2_transform to None, run_after=None
[2026-04-14T11:53:08.990+0900] {processor.py:208} INFO - Processing /opt/airflow/dags/06_multi_dag_step2_transform.py took 0.336 seconds
[2026-04-14T11:53:39.663+0900] {processor.py:186} INFO - Started process (PID=43573) to work on /opt/airflow/dags/06_multi_dag_step2_transform.py
[2026-04-14T11:53:39.664+0900] {processor.py:914} INFO - Processing file /opt/airflow/dags/06_multi_dag_step2_transform.py for tasks to queue
[2026-04-14T11:53:39.666+0900] {logging_mixin.py:190} INFO - [2026-04-14T11:53:39.666+0900] {dagbag.py:587} INFO - Filling up the DagBag from /opt/airflow/dags/06_multi_dag_step2_transform.py
[2026-04-14T11:53:39.930+0900] {processor.py:925} INFO - DAG(s) '06_multi_dag_step2_transform' retrieved from /opt/airflow/dags/06_multi_dag_step2_transform.py
[2026-04-14T11:53:39.950+0900] {logging_mixin.py:190} INFO - [2026-04-14T11:53:39.950+0900] {dag.py:3211} INFO - Sync 1 DAGs
[2026-04-14T11:53:39.966+0900] {logging_mixin.py:190} INFO - [2026-04-14T11:53:39.966+0900] {dag.py:4138} INFO - Setting next_dagrun for 06_multi_dag_step2_transform to None, run_after=None
[2026-04-14T11:53:39.997+0900] {processor.py:208} INFO - Processing /opt/airflow/dags/06_multi_dag_step2_transform.py took 0.339 seconds
[2026-04-14T11:54:10.578+0900] {processor.py:186} INFO - Started process (PID=43591) to work on /opt/airflow/dags/06_multi_dag_step2_transform.py
[2026-04-14T11:54:10.579+0900] {processor.py:914} INFO - Processing file /opt/airflow/dags/06_multi_dag_step2_transform.py for tasks to queue
[2026-04-14T11:54:10.581+0900] {logging_mixin.py:190} INFO - [2026-04-14T11:54:10.580+0900] {dagbag.py:587} INFO - Filling up the DagBag from /opt/airflow/dags/06_multi_dag_step2_transform.py
[2026-04-14T11:54:10.816+0900] {processor.py:925} INFO - DAG(s) '06_multi_dag_step2_transform' retrieved from /opt/airflow/dags/06_multi_dag_step2_transform.py
[2026-04-14T11:54:10.835+0900] {logging_mixin.py:190} INFO - [2026-04-14T11:54:10.835+0900] {dag.py:3211} INFO - Sync 1 DAGs
[2026-04-14T11:54:10.851+0900] {logging_mixin.py:190} INFO - [2026-04-14T11:54:10.851+0900] {dag.py:4138} INFO - Setting next_dagrun for 06_multi_dag_step2_transform to None, run_after=None
[2026-04-14T11:54:10.899+0900] {processor.py:208} INFO - Processing /opt/airflow/dags/06_multi_dag_step2_transform.py took 0.325 seconds
[2026-04-14T11:54:41.409+0900] {processor.py:186} INFO - Started process (PID=43610) to work on /opt/airflow/dags/06_multi_dag_step2_transform.py
[2026-04-14T11:54:41.409+0900] {processor.py:914} INFO - Processing file /opt/airflow/dags/06_multi_dag_step2_transform.py for tasks to queue
[2026-04-14T11:54:41.411+0900] {logging_mixin.py:190} INFO - [2026-04-14T11:54:41.411+0900] {dagbag.py:587} INFO - Filling up the DagBag from /opt/airflow/dags/06_multi_dag_step2_transform.py
[2026-04-14T11:54:41.620+0900] {processor.py:925} INFO - DAG(s) '06_multi_dag_step2_transform' retrieved from /opt/airflow/dags/06_multi_dag_step2_transform.py
[2026-04-14T11:54:41.638+0900] {logging_mixin.py:190} INFO - [2026-04-14T11:54:41.638+0900] {dag.py:3211} INFO - Sync 1 DAGs
[2026-04-14T11:54:41.652+0900] {logging_mixin.py:190} INFO - [2026-04-14T11:54:41.652+0900] {dag.py:4138} INFO - Setting next_dagrun for 06_multi_dag_step2_transform to None, run_after=None
[2026-04-14T11:54:41.700+0900] {processor.py:208} INFO - Processing /opt/airflow/dags/06_multi_dag_step2_transform.py took 0.296 seconds
[2026-04-14T11:55:12.355+0900] {processor.py:186} INFO - Started process (PID=43629) to work on /opt/airflow/dags/06_multi_dag_step2_transform.py
[2026-04-14T11:55:12.356+0900] {processor.py:914} INFO - Processing file /opt/airflow/dags/06_multi_dag_step2_transform.py for tasks to queue
[2026-04-14T11:55:12.358+0900] {logging_mixin.py:190} INFO - [2026-04-14T11:55:12.358+0900] {dagbag.py:587} INFO - Filling up the DagBag from /opt/airflow/dags/06_multi_dag_step2_transform.py
[2026-04-14T11:55:12.595+0900] {processor.py:925} INFO - DAG(s) '06_multi_dag_step2_transform' retrieved from /opt/airflow/dags/06_multi_dag_step2_transform.py
[2026-04-14T11:55:12.615+0900] {logging_mixin.py:190} INFO - [2026-04-14T11:55:12.614+0900] {dag.py:3211} INFO - Sync 1 DAGs
[2026-04-14T11:55:12.630+0900] {logging_mixin.py:190} INFO - [2026-04-14T11:55:12.630+0900] {dag.py:4138} INFO - Setting next_dagrun for 06_multi_dag_step2_transform to None, run_after=None
[2026-04-14T11:55:12.678+0900] {processor.py:208} INFO - Processing /opt/airflow/dags/06_multi_dag_step2_transform.py took 0.328 seconds
[2026-04-14T11:55:43.130+0900] {processor.py:186} INFO - Started process (PID=43648) to work on /opt/airflow/dags/06_multi_dag_step2_transform.py
[2026-04-14T11:55:43.132+0900] {processor.py:914} INFO - Processing file /opt/airflow/dags/06_multi_dag_step2_transform.py for tasks to queue
[2026-04-14T11:55:43.134+0900] {logging_mixin.py:190} INFO - [2026-04-14T11:55:43.134+0900] {dagbag.py:587} INFO - Filling up the DagBag from /opt/airflow/dags/06_multi_dag_step2_transform.py
[2026-04-14T11:55:43.392+0900] {processor.py:925} INFO - DAG(s) '06_multi_dag_step2_transform' retrieved from /opt/airflow/dags/06_multi_dag_step2_transform.py
[2026-04-14T11:55:43.414+0900] {logging_mixin.py:190} INFO - [2026-04-14T11:55:43.414+0900] {dag.py:3211} INFO - Sync 1 DAGs
[2026-04-14T11:55:43.432+0900] {logging_mixin.py:190} INFO - [2026-04-14T11:55:43.432+0900] {dag.py:4138} INFO - Setting next_dagrun for 06_multi_dag_step2_transform to None, run_after=None
[2026-04-14T11:55:43.456+0900] {processor.py:208} INFO - Processing /opt/airflow/dags/06_multi_dag_step2_transform.py took 0.332 seconds
[2026-04-14T11:56:13.967+0900] {processor.py:186} INFO - Started process (PID=43666) to work on /opt/airflow/dags/06_multi_dag_step2_transform.py
[2026-04-14T11:56:13.968+0900] {processor.py:914} INFO - Processing file /opt/airflow/dags/06_multi_dag_step2_transform.py for tasks to queue
[2026-04-14T11:56:13.970+0900] {logging_mixin.py:190} INFO - [2026-04-14T11:56:13.970+0900] {dagbag.py:587} INFO - Filling up the DagBag from /opt/airflow/dags/06_multi_dag_step2_transform.py
[2026-04-14T11:56:14.239+0900] {processor.py:925} INFO - DAG(s) '06_multi_dag_step2_transform' retrieved from /opt/airflow/dags/06_multi_dag_step2_transform.py
[2026-04-14T11:56:14.261+0900] {logging_mixin.py:190} INFO - [2026-04-14T11:56:14.261+0900] {dag.py:3211} INFO - Sync 1 DAGs
[2026-04-14T11:56:14.277+0900] {logging_mixin.py:190} INFO - [2026-04-14T11:56:14.277+0900] {dag.py:4138} INFO - Setting next_dagrun for 06_multi_dag_step2_transform to None, run_after=None
[2026-04-14T11:56:14.326+0900] {processor.py:208} INFO - Processing /opt/airflow/dags/06_multi_dag_step2_transform.py took 0.363 seconds
[2026-04-14T11:56:44.812+0900] {processor.py:186} INFO - Started process (PID=43685) to work on /opt/airflow/dags/06_multi_dag_step2_transform.py
[2026-04-14T11:56:44.813+0900] {processor.py:914} INFO - Processing file /opt/airflow/dags/06_multi_dag_step2_transform.py for tasks to queue
[2026-04-14T11:56:44.815+0900] {logging_mixin.py:190} INFO - [2026-04-14T11:56:44.815+0900] {dagbag.py:587} INFO - Filling up the DagBag from /opt/airflow/dags/06_multi_dag_step2_transform.py
[2026-04-14T11:56:45.056+0900] {processor.py:925} INFO - DAG(s) '06_multi_dag_step2_transform' retrieved from /opt/airflow/dags/06_multi_dag_step2_transform.py
[2026-04-14T11:56:45.078+0900] {logging_mixin.py:190} INFO - [2026-04-14T11:56:45.077+0900] {dag.py:3211} INFO - Sync 1 DAGs
[2026-04-14T11:56:45.100+0900] {logging_mixin.py:190} INFO - [2026-04-14T11:56:45.100+0900] {dag.py:4138} INFO - Setting next_dagrun for 06_multi_dag_step2_transform to None, run_after=None
[2026-04-14T11:56:45.135+0900] {processor.py:208} INFO - Processing /opt/airflow/dags/06_multi_dag_step2_transform.py took 0.327 seconds
[2026-04-14T11:57:15.836+0900] {processor.py:186} INFO - Started process (PID=43704) to work on /opt/airflow/dags/06_multi_dag_step2_transform.py
[2026-04-14T11:57:15.837+0900] {processor.py:914} INFO - Processing file /opt/airflow/dags/06_multi_dag_step2_transform.py for tasks to queue
[2026-04-14T11:57:15.839+0900] {logging_mixin.py:190} INFO - [2026-04-14T11:57:15.839+0900] {dagbag.py:587} INFO - Filling up the DagBag from /opt/airflow/dags/06_multi_dag_step2_transform.py
[2026-04-14T11:57:16.055+0900] {processor.py:925} INFO - DAG(s) '06_multi_dag_step2_transform' retrieved from /opt/airflow/dags/06_multi_dag_step2_transform.py
[2026-04-14T11:57:16.077+0900] {logging_mixin.py:190} INFO - [2026-04-14T11:57:16.076+0900] {dag.py:3211} INFO - Sync 1 DAGs
[2026-04-14T11:57:16.093+0900] {logging_mixin.py:190} INFO - [2026-04-14T11:57:16.093+0900] {dag.py:4138} INFO - Setting next_dagrun for 06_multi_dag_step2_transform to None, run_after=None
[2026-04-14T11:57:16.141+0900] {processor.py:208} INFO - Processing /opt/airflow/dags/06_multi_dag_step2_transform.py took 0.310 seconds
[2026-04-14T11:57:46.742+0900] {processor.py:186} INFO - Started process (PID=43723) to work on /opt/airflow/dags/06_multi_dag_step2_transform.py
[2026-04-14T11:57:46.743+0900] {processor.py:914} INFO - Processing file /opt/airflow/dags/06_multi_dag_step2_transform.py for tasks to queue
[2026-04-14T11:57:46.746+0900] {logging_mixin.py:190} INFO - [2026-04-14T11:57:46.746+0900] {dagbag.py:587} INFO - Filling up the DagBag from /opt/airflow/dags/06_multi_dag_step2_transform.py
[2026-04-14T11:57:46.983+0900] {processor.py:925} INFO - DAG(s) '06_multi_dag_step2_transform' retrieved from /opt/airflow/dags/06_multi_dag_step2_transform.py
[2026-04-14T11:57:47.007+0900] {logging_mixin.py:190} INFO - [2026-04-14T11:57:47.006+0900] {dag.py:3211} INFO - Sync 1 DAGs
[2026-04-14T11:57:47.023+0900] {logging_mixin.py:190} INFO - [2026-04-14T11:57:47.023+0900] {dag.py:4138} INFO - Setting next_dagrun for 06_multi_dag_step2_transform to None, run_after=None
[2026-04-14T11:57:47.045+0900] {processor.py:208} INFO - Processing /opt/airflow/dags/06_multi_dag_step2_transform.py took 0.308 seconds
[2026-04-14T11:58:17.629+0900] {processor.py:186} INFO - Started process (PID=43743) to work on /opt/airflow/dags/06_multi_dag_step2_transform.py
[2026-04-14T11:58:17.630+0900] {processor.py:914} INFO - Processing file /opt/airflow/dags/06_multi_dag_step2_transform.py for tasks to queue
[2026-04-14T11:58:17.632+0900] {logging_mixin.py:190} INFO - [2026-04-14T11:58:17.632+0900] {dagbag.py:587} INFO - Filling up the DagBag from /opt/airflow/dags/06_multi_dag_step2_transform.py
[2026-04-14T11:58:17.865+0900] {processor.py:925} INFO - DAG(s) '06_multi_dag_step2_transform' retrieved from /opt/airflow/dags/06_multi_dag_step2_transform.py
[2026-04-14T11:58:17.885+0900] {logging_mixin.py:190} INFO - [2026-04-14T11:58:17.885+0900] {dag.py:3211} INFO - Sync 1 DAGs
[2026-04-14T11:58:17.901+0900] {logging_mixin.py:190} INFO - [2026-04-14T11:58:17.901+0900] {dag.py:4138} INFO - Setting next_dagrun for 06_multi_dag_step2_transform to None, run_after=None
[2026-04-14T11:58:17.949+0900] {processor.py:208} INFO - Processing /opt/airflow/dags/06_multi_dag_step2_transform.py took 0.325 seconds
[2026-04-14T11:58:48.433+0900] {processor.py:186} INFO - Started process (PID=43762) to work on /opt/airflow/dags/06_multi_dag_step2_transform.py
[2026-04-14T11:58:48.434+0900] {processor.py:914} INFO - Processing file /opt/airflow/dags/06_multi_dag_step2_transform.py for tasks to queue
[2026-04-14T11:58:48.437+0900] {logging_mixin.py:190} INFO - [2026-04-14T11:58:48.436+0900] {dagbag.py:587} INFO - Filling up the DagBag from /opt/airflow/dags/06_multi_dag_step2_transform.py
[2026-04-14T11:58:48.658+0900] {processor.py:925} INFO - DAG(s) '06_multi_dag_step2_transform' retrieved from /opt/airflow/dags/06_multi_dag_step2_transform.py
[2026-04-14T11:58:48.678+0900] {logging_mixin.py:190} INFO - [2026-04-14T11:58:48.678+0900] {dag.py:3211} INFO - Sync 1 DAGs
[2026-04-14T11:58:48.695+0900] {logging_mixin.py:190} INFO - [2026-04-14T11:58:48.695+0900] {dag.py:4138} INFO - Setting next_dagrun for 06_multi_dag_step2_transform to None, run_after=None
[2026-04-14T11:58:48.744+0900] {processor.py:208} INFO - Processing /opt/airflow/dags/06_multi_dag_step2_transform.py took 0.316 seconds
[2026-04-14T11:59:19.182+0900] {processor.py:186} INFO - Started process (PID=43781) to work on /opt/airflow/dags/06_multi_dag_step2_transform.py
[2026-04-14T11:59:19.184+0900] {processor.py:914} INFO - Processing file /opt/airflow/dags/06_multi_dag_step2_transform.py for tasks to queue
[2026-04-14T11:59:19.186+0900] {logging_mixin.py:190} INFO - [2026-04-14T11:59:19.186+0900] {dagbag.py:587} INFO - Filling up the DagBag from /opt/airflow/dags/06_multi_dag_step2_transform.py
[2026-04-14T11:59:19.415+0900] {processor.py:925} INFO - DAG(s) '06_multi_dag_step2_transform' retrieved from /opt/airflow/dags/06_multi_dag_step2_transform.py
[2026-04-14T11:59:19.436+0900] {logging_mixin.py:190} INFO - [2026-04-14T11:59:19.435+0900] {dag.py:3211} INFO - Sync 1 DAGs
[2026-04-14T11:59:19.451+0900] {logging_mixin.py:190} INFO - [2026-04-14T11:59:19.451+0900] {dag.py:4138} INFO - Setting next_dagrun for 06_multi_dag_step2_transform to None, run_after=None
[2026-04-14T11:59:19.471+0900] {processor.py:208} INFO - Processing /opt/airflow/dags/06_multi_dag_step2_transform.py took 0.293 seconds
[2026-04-14T11:59:49.930+0900] {processor.py:186} INFO - Started process (PID=43800) to work on /opt/airflow/dags/06_multi_dag_step2_transform.py
[2026-04-14T11:59:49.931+0900] {processor.py:914} INFO - Processing file /opt/airflow/dags/06_multi_dag_step2_transform.py for tasks to queue
[2026-04-14T11:59:49.933+0900] {logging_mixin.py:190} INFO - [2026-04-14T11:59:49.933+0900] {dagbag.py:587} INFO - Filling up the DagBag from /opt/airflow/dags/06_multi_dag_step2_transform.py
[2026-04-14T11:59:50.171+0900] {processor.py:925} INFO - DAG(s) '06_multi_dag_step2_transform' retrieved from /opt/airflow/dags/06_multi_dag_step2_transform.py
[2026-04-14T11:59:50.190+0900] {logging_mixin.py:190} INFO - [2026-04-14T11:59:50.190+0900] {dag.py:3211} INFO - Sync 1 DAGs
[2026-04-14T11:59:50.206+0900] {logging_mixin.py:190} INFO - [2026-04-14T11:59:50.205+0900] {dag.py:4138} INFO - Setting next_dagrun for 06_multi_dag_step2_transform to None, run_after=None
[2026-04-14T11:59:50.247+0900] {processor.py:208} INFO - Processing /opt/airflow/dags/06_multi_dag_step2_transform.py took 0.321 seconds
[2026-04-14T12:00:20.535+0900] {processor.py:186} INFO - Started process (PID=43819) to work on /opt/airflow/dags/06_multi_dag_step2_transform.py
[2026-04-14T12:00:20.536+0900] {processor.py:914} INFO - Processing file /opt/airflow/dags/06_multi_dag_step2_transform.py for tasks to queue
[2026-04-14T12:00:20.538+0900] {logging_mixin.py:190} INFO - [2026-04-14T12:00:20.538+0900] {dagbag.py:587} INFO - Filling up the DagBag from /opt/airflow/dags/06_multi_dag_step2_transform.py
[2026-04-14T12:00:20.752+0900] {processor.py:925} INFO - DAG(s) '06_multi_dag_step2_transform' retrieved from /opt/airflow/dags/06_multi_dag_step2_transform.py
[2026-04-14T12:00:20.773+0900] {logging_mixin.py:190} INFO - [2026-04-14T12:00:20.773+0900] {dag.py:3211} INFO - Sync 1 DAGs
[2026-04-14T12:00:20.790+0900] {logging_mixin.py:190} INFO - [2026-04-14T12:00:20.790+0900] {dag.py:4138} INFO - Setting next_dagrun for 06_multi_dag_step2_transform to None, run_after=None
[2026-04-14T12:00:20.809+0900] {processor.py:208} INFO - Processing /opt/airflow/dags/06_multi_dag_step2_transform.py took 0.279 seconds
[2026-04-14T12:00:51.091+0900] {processor.py:186} INFO - Started process (PID=43838) to work on /opt/airflow/dags/06_multi_dag_step2_transform.py
[2026-04-14T12:00:51.092+0900] {processor.py:914} INFO - Processing file /opt/airflow/dags/06_multi_dag_step2_transform.py for tasks to queue
[2026-04-14T12:00:51.094+0900] {logging_mixin.py:190} INFO - [2026-04-14T12:00:51.093+0900] {dagbag.py:587} INFO - Filling up the DagBag from /opt/airflow/dags/06_multi_dag_step2_transform.py
[2026-04-14T12:00:51.323+0900] {processor.py:925} INFO - DAG(s) '06_multi_dag_step2_transform' retrieved from /opt/airflow/dags/06_multi_dag_step2_transform.py
[2026-04-14T12:00:51.343+0900] {logging_mixin.py:190} INFO - [2026-04-14T12:00:51.342+0900] {dag.py:3211} INFO - Sync 1 DAGs
[2026-04-14T12:00:51.358+0900] {logging_mixin.py:190} INFO - [2026-04-14T12:00:51.358+0900] {dag.py:4138} INFO - Setting next_dagrun for 06_multi_dag_step2_transform to None, run_after=None
[2026-04-14T12:00:51.409+0900] {processor.py:208} INFO - Processing /opt/airflow/dags/06_multi_dag_step2_transform.py took 0.324 seconds
[2026-04-14T12:01:21.874+0900] {processor.py:186} INFO - Started process (PID=43857) to work on /opt/airflow/dags/06_multi_dag_step2_transform.py
[2026-04-14T12:01:21.876+0900] {processor.py:914} INFO - Processing file /opt/airflow/dags/06_multi_dag_step2_transform.py for tasks to queue
[2026-04-14T12:01:21.878+0900] {logging_mixin.py:190} INFO - [2026-04-14T12:01:21.878+0900] {dagbag.py:587} INFO - Filling up the DagBag from /opt/airflow/dags/06_multi_dag_step2_transform.py
[2026-04-14T12:01:22.114+0900] {processor.py:925} INFO - DAG(s) '06_multi_dag_step2_transform' retrieved from /opt/airflow/dags/06_multi_dag_step2_transform.py
[2026-04-14T12:01:22.135+0900] {logging_mixin.py:190} INFO - [2026-04-14T12:01:22.135+0900] {dag.py:3211} INFO - Sync 1 DAGs
[2026-04-14T12:01:22.154+0900] {logging_mixin.py:190} INFO - [2026-04-14T12:01:22.153+0900] {dag.py:4138} INFO - Setting next_dagrun for 06_multi_dag_step2_transform to None, run_after=None
[2026-04-14T12:01:22.177+0900] {processor.py:208} INFO - Processing /opt/airflow/dags/06_multi_dag_step2_transform.py took 0.307 seconds
[2026-04-14T12:01:52.622+0900] {processor.py:186} INFO - Started process (PID=43876) to work on /opt/airflow/dags/06_multi_dag_step2_transform.py
[2026-04-14T12:01:52.623+0900] {processor.py:914} INFO - Processing file /opt/airflow/dags/06_multi_dag_step2_transform.py for tasks to queue
[2026-04-14T12:01:52.625+0900] {logging_mixin.py:190} INFO - [2026-04-14T12:01:52.625+0900] {dagbag.py:587} INFO - Filling up the DagBag from /opt/airflow/dags/06_multi_dag_step2_transform.py
[2026-04-14T12:01:52.890+0900] {processor.py:925} INFO - DAG(s) '06_multi_dag_step2_transform' retrieved from /opt/airflow/dags/06_multi_dag_step2_transform.py
[2026-04-14T12:01:52.910+0900] {logging_mixin.py:190} INFO - [2026-04-14T12:01:52.910+0900] {dag.py:3211} INFO - Sync 1 DAGs
[2026-04-14T12:01:52.928+0900] {logging_mixin.py:190} INFO - [2026-04-14T12:01:52.928+0900] {dag.py:4138} INFO - Setting next_dagrun for 06_multi_dag_step2_transform to None, run_after=None
[2026-04-14T12:01:52.953+0900] {processor.py:208} INFO - Processing /opt/airflow/dags/06_multi_dag_step2_transform.py took 0.336 seconds
[2026-04-14T12:02:23.308+0900] {processor.py:186} INFO - Started process (PID=43895) to work on /opt/airflow/dags/06_multi_dag_step2_transform.py
[2026-04-14T12:02:23.308+0900] {processor.py:914} INFO - Processing file /opt/airflow/dags/06_multi_dag_step2_transform.py for tasks to queue
[2026-04-14T12:02:23.310+0900] {logging_mixin.py:190} INFO - [2026-04-14T12:02:23.310+0900] {dagbag.py:587} INFO - Filling up the DagBag from /opt/airflow/dags/06_multi_dag_step2_transform.py
[2026-04-14T12:02:23.528+0900] {processor.py:925} INFO - DAG(s) '06_multi_dag_step2_transform' retrieved from /opt/airflow/dags/06_multi_dag_step2_transform.py
[2026-04-14T12:02:23.547+0900] {logging_mixin.py:190} INFO - [2026-04-14T12:02:23.546+0900] {dag.py:3211} INFO - Sync 1 DAGs
[2026-04-14T12:02:23.562+0900] {logging_mixin.py:190} INFO - [2026-04-14T12:02:23.562+0900] {dag.py:4138} INFO - Setting next_dagrun for 06_multi_dag_step2_transform to None, run_after=None
[2026-04-14T12:02:23.581+0900] {processor.py:208} INFO - Processing /opt/airflow/dags/06_multi_dag_step2_transform.py took 0.279 seconds
[2026-04-14T12:02:54.291+0900] {processor.py:186} INFO - Started process (PID=43914) to work on /opt/airflow/dags/06_multi_dag_step2_transform.py
[2026-04-14T12:02:54.292+0900] {processor.py:914} INFO - Processing file /opt/airflow/dags/06_multi_dag_step2_transform.py for tasks to queue
[2026-04-14T12:02:54.294+0900] {logging_mixin.py:190} INFO - [2026-04-14T12:02:54.294+0900] {dagbag.py:587} INFO - Filling up the DagBag from /opt/airflow/dags/06_multi_dag_step2_transform.py
[2026-04-14T12:02:54.518+0900] {processor.py:925} INFO - DAG(s) '06_multi_dag_step2_transform' retrieved from /opt/airflow/dags/06_multi_dag_step2_transform.py
[2026-04-14T12:02:54.537+0900] {logging_mixin.py:190} INFO - [2026-04-14T12:02:54.537+0900] {dag.py:3211} INFO - Sync 1 DAGs
[2026-04-14T12:02:54.553+0900] {logging_mixin.py:190} INFO - [2026-04-14T12:02:54.552+0900] {dag.py:4138} INFO - Setting next_dagrun for 06_multi_dag_step2_transform to None, run_after=None
[2026-04-14T12:02:54.574+0900] {processor.py:208} INFO - Processing /opt/airflow/dags/06_multi_dag_step2_transform.py took 0.288 seconds
[2026-04-14T12:03:24.966+0900] {processor.py:186} INFO - Started process (PID=43933) to work on /opt/airflow/dags/06_multi_dag_step2_transform.py
[2026-04-14T12:03:24.967+0900] {processor.py:914} INFO - Processing file /opt/airflow/dags/06_multi_dag_step2_transform.py for tasks to queue
[2026-04-14T12:03:24.969+0900] {logging_mixin.py:190} INFO - [2026-04-14T12:03:24.969+0900] {dagbag.py:587} INFO - Filling up the DagBag from /opt/airflow/dags/06_multi_dag_step2_transform.py
[2026-04-14T12:03:25.199+0900] {processor.py:925} INFO - DAG(s) '06_multi_dag_step2_transform' retrieved from /opt/airflow/dags/06_multi_dag_step2_transform.py
[2026-04-14T12:03:25.219+0900] {logging_mixin.py:190} INFO - [2026-04-14T12:03:25.219+0900] {dag.py:3211} INFO - Sync 1 DAGs
[2026-04-14T12:03:25.237+0900] {logging_mixin.py:190} INFO - [2026-04-14T12:03:25.237+0900] {dag.py:4138} INFO - Setting next_dagrun for 06_multi_dag_step2_transform to None, run_after=None
[2026-04-14T12:03:25.259+0900] {processor.py:208} INFO - Processing /opt/airflow/dags/06_multi_dag_step2_transform.py took 0.298 seconds
[2026-04-14T12:03:55.596+0900] {processor.py:186} INFO - Started process (PID=43952) to work on /opt/airflow/dags/06_multi_dag_step2_transform.py
[2026-04-14T12:03:55.597+0900] {processor.py:914} INFO - Processing file /opt/airflow/dags/06_multi_dag_step2_transform.py for tasks to queue
[2026-04-14T12:03:55.599+0900] {logging_mixin.py:190} INFO - [2026-04-14T12:03:55.599+0900] {dagbag.py:587} INFO - Filling up the DagBag from /opt/airflow/dags/06_multi_dag_step2_transform.py
[2026-04-14T12:03:55.851+0900] {processor.py:925} INFO - DAG(s) '06_multi_dag_step2_transform' retrieved from /opt/airflow/dags/06_multi_dag_step2_transform.py
[2026-04-14T12:03:55.876+0900] {logging_mixin.py:190} INFO - [2026-04-14T12:03:55.876+0900] {dag.py:3211} INFO - Sync 1 DAGs
[2026-04-14T12:03:55.898+0900] {logging_mixin.py:190} INFO - [2026-04-14T12:03:55.897+0900] {dag.py:4138} INFO - Setting next_dagrun for 06_multi_dag_step2_transform to None, run_after=None
[2026-04-14T12:03:55.948+0900] {processor.py:208} INFO - Processing /opt/airflow/dags/06_multi_dag_step2_transform.py took 0.357 seconds
[2026-04-14T12:04:26.398+0900] {processor.py:186} INFO - Started process (PID=43971) to work on /opt/airflow/dags/06_multi_dag_step2_transform.py
[2026-04-14T12:04:26.400+0900] {processor.py:914} INFO - Processing file /opt/airflow/dags/06_multi_dag_step2_transform.py for tasks to queue
[2026-04-14T12:04:26.402+0900] {logging_mixin.py:190} INFO - [2026-04-14T12:04:26.401+0900] {dagbag.py:587} INFO - Filling up the DagBag from /opt/airflow/dags/06_multi_dag_step2_transform.py
[2026-04-14T12:04:26.668+0900] {processor.py:925} INFO - DAG(s) '06_multi_dag_step2_transform' retrieved from /opt/airflow/dags/06_multi_dag_step2_transform.py
[2026-04-14T12:04:26.693+0900] {logging_mixin.py:190} INFO - [2026-04-14T12:04:26.693+0900] {dag.py:3211} INFO - Sync 1 DAGs
[2026-04-14T12:04:26.714+0900] {logging_mixin.py:190} INFO - [2026-04-14T12:04:26.714+0900] {dag.py:4138} INFO - Setting next_dagrun for 06_multi_dag_step2_transform to None, run_after=None
[2026-04-14T12:04:26.764+0900] {processor.py:208} INFO - Processing /opt/airflow/dags/06_multi_dag_step2_transform.py took 0.370 seconds
[2026-04-14T12:04:57.164+0900] {processor.py:186} INFO - Started process (PID=43990) to work on /opt/airflow/dags/06_multi_dag_step2_transform.py
[2026-04-14T12:04:57.165+0900] {processor.py:914} INFO - Processing file /opt/airflow/dags/06_multi_dag_step2_transform.py for tasks to queue
[2026-04-14T12:04:57.167+0900] {logging_mixin.py:190} INFO - [2026-04-14T12:04:57.166+0900] {dagbag.py:587} INFO - Filling up the DagBag from /opt/airflow/dags/06_multi_dag_step2_transform.py
[2026-04-14T12:04:57.406+0900] {processor.py:925} INFO - DAG(s) '06_multi_dag_step2_transform' retrieved from /opt/airflow/dags/06_multi_dag_step2_transform.py
[2026-04-14T12:04:57.427+0900] {logging_mixin.py:190} INFO - [2026-04-14T12:04:57.427+0900] {dag.py:3211} INFO - Sync 1 DAGs
[2026-04-14T12:04:57.444+0900] {logging_mixin.py:190} INFO - [2026-04-14T12:04:57.444+0900] {dag.py:4138} INFO - Setting next_dagrun for 06_multi_dag_step2_transform to None, run_after=None
[2026-04-14T12:04:57.489+0900] {processor.py:208} INFO - Processing /opt/airflow/dags/06_multi_dag_step2_transform.py took 0.330 seconds
[2026-04-14T12:05:28.027+0900] {processor.py:186} INFO - Started process (PID=44009) to work on /opt/airflow/dags/06_multi_dag_step2_transform.py
[2026-04-14T12:05:28.029+0900] {processor.py:914} INFO - Processing file /opt/airflow/dags/06_multi_dag_step2_transform.py for tasks to queue
[2026-04-14T12:05:28.031+0900] {logging_mixin.py:190} INFO - [2026-04-14T12:05:28.030+0900] {dagbag.py:587} INFO - Filling up the DagBag from /opt/airflow/dags/06_multi_dag_step2_transform.py
[2026-04-14T12:05:28.258+0900] {processor.py:925} INFO - DAG(s) '06_multi_dag_step2_transform' retrieved from /opt/airflow/dags/06_multi_dag_step2_transform.py
[2026-04-14T12:05:28.277+0900] {logging_mixin.py:190} INFO - [2026-04-14T12:05:28.277+0900] {dag.py:3211} INFO - Sync 1 DAGs
[2026-04-14T12:05:28.294+0900] {logging_mixin.py:190} INFO - [2026-04-14T12:05:28.294+0900] {dag.py:4138} INFO - Setting next_dagrun for 06_multi_dag_step2_transform to None, run_after=None
[2026-04-14T12:05:28.341+0900] {processor.py:208} INFO - Processing /opt/airflow/dags/06_multi_dag_step2_transform.py took 0.318 seconds
[2026-04-14T12:05:58.900+0900] {processor.py:186} INFO - Started process (PID=44028) to work on /opt/airflow/dags/06_multi_dag_step2_transform.py
[2026-04-14T12:05:58.901+0900] {processor.py:914} INFO - Processing file /opt/airflow/dags/06_multi_dag_step2_transform.py for tasks to queue
[2026-04-14T12:05:58.904+0900] {logging_mixin.py:190} INFO - [2026-04-14T12:05:58.904+0900] {dagbag.py:587} INFO - Filling up the DagBag from /opt/airflow/dags/06_multi_dag_step2_transform.py
[2026-04-14T12:05:59.127+0900] {processor.py:925} INFO - DAG(s) '06_multi_dag_step2_transform' retrieved from /opt/airflow/dags/06_multi_dag_step2_transform.py
[2026-04-14T12:05:59.146+0900] {logging_mixin.py:190} INFO - [2026-04-14T12:05:59.146+0900] {dag.py:3211} INFO - Sync 1 DAGs
[2026-04-14T12:05:59.162+0900] {logging_mixin.py:190} INFO - [2026-04-14T12:05:59.162+0900] {dag.py:4138} INFO - Setting next_dagrun for 06_multi_dag_step2_transform to None, run_after=None
[2026-04-14T12:05:59.213+0900] {processor.py:208} INFO - Processing /opt/airflow/dags/06_multi_dag_step2_transform.py took 0.319 seconds
[2026-04-14T12:06:29.589+0900] {processor.py:186} INFO - Started process (PID=44047) to work on /opt/airflow/dags/06_multi_dag_step2_transform.py
[2026-04-14T12:06:29.590+0900] {processor.py:914} INFO - Processing file /opt/airflow/dags/06_multi_dag_step2_transform.py for tasks to queue
[2026-04-14T12:06:29.593+0900] {logging_mixin.py:190} INFO - [2026-04-14T12:06:29.593+0900] {dagbag.py:587} INFO - Filling up the DagBag from /opt/airflow/dags/06_multi_dag_step2_transform.py
[2026-04-14T12:06:29.817+0900] {processor.py:925} INFO - DAG(s) '06_multi_dag_step2_transform' retrieved from /opt/airflow/dags/06_multi_dag_step2_transform.py
[2026-04-14T12:06:29.837+0900] {logging_mixin.py:190} INFO - [2026-04-14T12:06:29.837+0900] {dag.py:3211} INFO - Sync 1 DAGs
[2026-04-14T12:06:29.854+0900] {logging_mixin.py:190} INFO - [2026-04-14T12:06:29.854+0900] {dag.py:4138} INFO - Setting next_dagrun for 06_multi_dag_step2_transform to None, run_after=None
[2026-04-14T12:06:29.901+0900] {processor.py:208} INFO - Processing /opt/airflow/dags/06_multi_dag_step2_transform.py took 0.316 seconds
[2026-04-14T12:07:00.325+0900] {processor.py:186} INFO - Started process (PID=44066) to work on /opt/airflow/dags/06_multi_dag_step2_transform.py
[2026-04-14T12:07:00.326+0900] {processor.py:914} INFO - Processing file /opt/airflow/dags/06_multi_dag_step2_transform.py for tasks to queue
[2026-04-14T12:07:00.328+0900] {logging_mixin.py:190} INFO - [2026-04-14T12:07:00.328+0900] {dagbag.py:587} INFO - Filling up the DagBag from /opt/airflow/dags/06_multi_dag_step2_transform.py
[2026-04-14T12:07:00.554+0900] {processor.py:925} INFO - DAG(s) '06_multi_dag_step2_transform' retrieved from /opt/airflow/dags/06_multi_dag_step2_transform.py
[2026-04-14T12:07:00.573+0900] {logging_mixin.py:190} INFO - [2026-04-14T12:07:00.573+0900] {dag.py:3211} INFO - Sync 1 DAGs
[2026-04-14T12:07:00.590+0900] {logging_mixin.py:190} INFO - [2026-04-14T12:07:00.590+0900] {dag.py:4138} INFO - Setting next_dagrun for 06_multi_dag_step2_transform to None, run_after=None
[2026-04-14T12:07:00.636+0900] {processor.py:208} INFO - Processing /opt/airflow/dags/06_multi_dag_step2_transform.py took 0.317 seconds
[2026-04-14T12:07:31.129+0900] {processor.py:186} INFO - Started process (PID=44085) to work on /opt/airflow/dags/06_multi_dag_step2_transform.py
[2026-04-14T12:07:31.130+0900] {processor.py:914} INFO - Processing file /opt/airflow/dags/06_multi_dag_step2_transform.py for tasks to queue
[2026-04-14T12:07:31.132+0900] {logging_mixin.py:190} INFO - [2026-04-14T12:07:31.132+0900] {dagbag.py:587} INFO - Filling up the DagBag from /opt/airflow/dags/06_multi_dag_step2_transform.py
[2026-04-14T12:07:31.341+0900] {processor.py:925} INFO - DAG(s) '06_multi_dag_step2_transform' retrieved from /opt/airflow/dags/06_multi_dag_step2_transform.py
[2026-04-14T12:07:31.360+0900] {logging_mixin.py:190} INFO - [2026-04-14T12:07:31.360+0900] {dag.py:3211} INFO - Sync 1 DAGs
[2026-04-14T12:07:31.375+0900] {logging_mixin.py:190} INFO - [2026-04-14T12:07:31.375+0900] {dag.py:4138} INFO - Setting next_dagrun for 06_multi_dag_step2_transform to None, run_after=None
[2026-04-14T12:07:31.423+0900] {processor.py:208} INFO - Processing /opt/airflow/dags/06_multi_dag_step2_transform.py took 0.301 seconds
[2026-04-14T12:08:01.934+0900] {processor.py:186} INFO - Started process (PID=44104) to work on /opt/airflow/dags/06_multi_dag_step2_transform.py
[2026-04-14T12:08:01.935+0900] {processor.py:914} INFO - Processing file /opt/airflow/dags/06_multi_dag_step2_transform.py for tasks to queue
[2026-04-14T12:08:01.937+0900] {logging_mixin.py:190} INFO - [2026-04-14T12:08:01.937+0900] {dagbag.py:587} INFO - Filling up the DagBag from /opt/airflow/dags/06_multi_dag_step2_transform.py
[2026-04-14T12:08:02.167+0900] {processor.py:925} INFO - DAG(s) '06_multi_dag_step2_transform' retrieved from /opt/airflow/dags/06_multi_dag_step2_transform.py
[2026-04-14T12:08:02.188+0900] {logging_mixin.py:190} INFO - [2026-04-14T12:08:02.187+0900] {dag.py:3211} INFO - Sync 1 DAGs
[2026-04-14T12:08:02.205+0900] {logging_mixin.py:190} INFO - [2026-04-14T12:08:02.205+0900] {dag.py:4138} INFO - Setting next_dagrun for 06_multi_dag_step2_transform to None, run_after=None
[2026-04-14T12:08:02.224+0900] {processor.py:208} INFO - Processing /opt/airflow/dags/06_multi_dag_step2_transform.py took 0.296 seconds
[2026-04-14T12:08:32.491+0900] {processor.py:186} INFO - Started process (PID=44123) to work on /opt/airflow/dags/06_multi_dag_step2_transform.py
[2026-04-14T12:08:32.492+0900] {processor.py:914} INFO - Processing file /opt/airflow/dags/06_multi_dag_step2_transform.py for tasks to queue
[2026-04-14T12:08:32.494+0900] {logging_mixin.py:190} INFO - [2026-04-14T12:08:32.493+0900] {dagbag.py:587} INFO - Filling up the DagBag from /opt/airflow/dags/06_multi_dag_step2_transform.py
[2026-04-14T12:08:32.709+0900] {processor.py:925} INFO - DAG(s) '06_multi_dag_step2_transform' retrieved from /opt/airflow/dags/06_multi_dag_step2_transform.py
[2026-04-14T12:08:32.729+0900] {logging_mixin.py:190} INFO - [2026-04-14T12:08:32.729+0900] {dag.py:3211} INFO - Sync 1 DAGs
[2026-04-14T12:08:32.748+0900] {logging_mixin.py:190} INFO - [2026-04-14T12:08:32.748+0900] {dag.py:4138} INFO - Setting next_dagrun for 06_multi_dag_step2_transform to None, run_after=None
[2026-04-14T12:08:32.767+0900] {processor.py:208} INFO - Processing /opt/airflow/dags/06_multi_dag_step2_transform.py took 0.281 seconds
[2026-04-14T12:09:03.261+0900] {processor.py:186} INFO - Started process (PID=44142) to work on /opt/airflow/dags/06_multi_dag_step2_transform.py
[2026-04-14T12:09:03.262+0900] {processor.py:914} INFO - Processing file /opt/airflow/dags/06_multi_dag_step2_transform.py for tasks to queue
[2026-04-14T12:09:03.265+0900] {logging_mixin.py:190} INFO - [2026-04-14T12:09:03.264+0900] {dagbag.py:587} INFO - Filling up the DagBag from /opt/airflow/dags/06_multi_dag_step2_transform.py
[2026-04-14T12:09:03.506+0900] {processor.py:925} INFO - DAG(s) '06_multi_dag_step2_transform' retrieved from /opt/airflow/dags/06_multi_dag_step2_transform.py
[2026-04-14T12:09:03.526+0900] {logging_mixin.py:190} INFO - [2026-04-14T12:09:03.526+0900] {dag.py:3211} INFO - Sync 1 DAGs
[2026-04-14T12:09:03.542+0900] {logging_mixin.py:190} INFO - [2026-04-14T12:09:03.542+0900] {dag.py:4138} INFO - Setting next_dagrun for 06_multi_dag_step2_transform to None, run_after=None
[2026-04-14T12:09:03.590+0900] {processor.py:208} INFO - Processing /opt/airflow/dags/06_multi_dag_step2_transform.py took 0.334 seconds
[2026-04-14T12:09:33.978+0900] {processor.py:186} INFO - Started process (PID=44167) to work on /opt/airflow/dags/06_multi_dag_step2_transform.py
[2026-04-14T12:09:33.979+0900] {processor.py:914} INFO - Processing file /opt/airflow/dags/06_multi_dag_step2_transform.py for tasks to queue
[2026-04-14T12:09:33.982+0900] {logging_mixin.py:190} INFO - [2026-04-14T12:09:33.981+0900] {dagbag.py:587} INFO - Filling up the DagBag from /opt/airflow/dags/06_multi_dag_step2_transform.py
[2026-04-14T12:09:34.214+0900] {processor.py:925} INFO - DAG(s) '06_multi_dag_step2_transform' retrieved from /opt/airflow/dags/06_multi_dag_step2_transform.py
[2026-04-14T12:09:34.233+0900] {logging_mixin.py:190} INFO - [2026-04-14T12:09:34.232+0900] {dag.py:3211} INFO - Sync 1 DAGs
[2026-04-14T12:09:34.249+0900] {logging_mixin.py:190} INFO - [2026-04-14T12:09:34.248+0900] {dag.py:4138} INFO - Setting next_dagrun for 06_multi_dag_step2_transform to None, run_after=None
[2026-04-14T12:09:34.267+0900] {processor.py:208} INFO - Processing /opt/airflow/dags/06_multi_dag_step2_transform.py took 0.296 seconds
[2026-04-14T12:10:04.814+0900] {processor.py:186} INFO - Started process (PID=44186) to work on /opt/airflow/dags/06_multi_dag_step2_transform.py
[2026-04-14T12:10:04.815+0900] {processor.py:914} INFO - Processing file /opt/airflow/dags/06_multi_dag_step2_transform.py for tasks to queue
[2026-04-14T12:10:04.817+0900] {logging_mixin.py:190} INFO - [2026-04-14T12:10:04.816+0900] {dagbag.py:587} INFO - Filling up the DagBag from /opt/airflow/dags/06_multi_dag_step2_transform.py
[2026-04-14T12:10:05.072+0900] {processor.py:925} INFO - DAG(s) '06_multi_dag_step2_transform' retrieved from /opt/airflow/dags/06_multi_dag_step2_transform.py
[2026-04-14T12:10:05.091+0900] {logging_mixin.py:190} INFO - [2026-04-14T12:10:05.091+0900] {dag.py:3211} INFO - Sync 1 DAGs
[2026-04-14T12:10:05.107+0900] {logging_mixin.py:190} INFO - [2026-04-14T12:10:05.107+0900] {dag.py:4138} INFO - Setting next_dagrun for 06_multi_dag_step2_transform to None, run_after=None
[2026-04-14T12:10:05.158+0900] {processor.py:208} INFO - Processing /opt/airflow/dags/06_multi_dag_step2_transform.py took 0.349 seconds
[2026-04-14T12:10:35.449+0900] {processor.py:186} INFO - Started process (PID=44205) to work on /opt/airflow/dags/06_multi_dag_step2_transform.py
[2026-04-14T12:10:35.451+0900] {processor.py:914} INFO - Processing file /opt/airflow/dags/06_multi_dag_step2_transform.py for tasks to queue
[2026-04-14T12:10:35.453+0900] {logging_mixin.py:190} INFO - [2026-04-14T12:10:35.453+0900] {dagbag.py:587} INFO - Filling up the DagBag from /opt/airflow/dags/06_multi_dag_step2_transform.py
[2026-04-14T12:10:35.716+0900] {processor.py:925} INFO - DAG(s) '06_multi_dag_step2_transform' retrieved from /opt/airflow/dags/06_multi_dag_step2_transform.py
[2026-04-14T12:10:35.738+0900] {logging_mixin.py:190} INFO - [2026-04-14T12:10:35.737+0900] {dag.py:3211} INFO - Sync 1 DAGs
[2026-04-14T12:10:35.755+0900] {logging_mixin.py:190} INFO - [2026-04-14T12:10:35.755+0900] {dag.py:4138} INFO - Setting next_dagrun for 06_multi_dag_step2_transform to None, run_after=None
[2026-04-14T12:10:35.779+0900] {processor.py:208} INFO - Processing /opt/airflow/dags/06_multi_dag_step2_transform.py took 0.336 seconds
[2026-04-14T12:11:06.248+0900] {processor.py:186} INFO - Started process (PID=44224) to work on /opt/airflow/dags/06_multi_dag_step2_transform.py
[2026-04-14T12:11:06.250+0900] {processor.py:914} INFO - Processing file /opt/airflow/dags/06_multi_dag_step2_transform.py for tasks to queue
[2026-04-14T12:11:06.252+0900] {logging_mixin.py:190} INFO - [2026-04-14T12:11:06.252+0900] {dagbag.py:587} INFO - Filling up the DagBag from /opt/airflow/dags/06_multi_dag_step2_transform.py
[2026-04-14T12:11:06.525+0900] {processor.py:925} INFO - DAG(s) '06_multi_dag_step2_transform' retrieved from /opt/airflow/dags/06_multi_dag_step2_transform.py
[2026-04-14T12:11:06.542+0900] {logging_mixin.py:190} INFO - [2026-04-14T12:11:06.541+0900] {dag.py:3211} INFO - Sync 1 DAGs
[2026-04-14T12:11:06.558+0900] {logging_mixin.py:190} INFO - [2026-04-14T12:11:06.558+0900] {dag.py:4138} INFO - Setting next_dagrun for 06_multi_dag_step2_transform to None, run_after=None
[2026-04-14T12:11:06.587+0900] {processor.py:208} INFO - Processing /opt/airflow/dags/06_multi_dag_step2_transform.py took 0.345 seconds
[2026-04-14T12:11:37.021+0900] {processor.py:186} INFO - Started process (PID=44243) to work on /opt/airflow/dags/06_multi_dag_step2_transform.py
[2026-04-14T12:11:37.023+0900] {processor.py:914} INFO - Processing file /opt/airflow/dags/06_multi_dag_step2_transform.py for tasks to queue
[2026-04-14T12:11:37.026+0900] {logging_mixin.py:190} INFO - [2026-04-14T12:11:37.025+0900] {dagbag.py:587} INFO - Filling up the DagBag from /opt/airflow/dags/06_multi_dag_step2_transform.py
[2026-04-14T12:11:37.265+0900] {processor.py:925} INFO - DAG(s) '06_multi_dag_step2_transform' retrieved from /opt/airflow/dags/06_multi_dag_step2_transform.py
[2026-04-14T12:11:37.285+0900] {logging_mixin.py:190} INFO - [2026-04-14T12:11:37.285+0900] {dag.py:3211} INFO - Sync 1 DAGs
[2026-04-14T12:11:37.300+0900] {logging_mixin.py:190} INFO - [2026-04-14T12:11:37.300+0900] {dag.py:4138} INFO - Setting next_dagrun for 06_multi_dag_step2_transform to None, run_after=None
[2026-04-14T12:11:37.320+0900] {processor.py:208} INFO - Processing /opt/airflow/dags/06_multi_dag_step2_transform.py took 0.304 seconds
[2026-04-14T12:12:07.847+0900] {processor.py:186} INFO - Started process (PID=44262) to work on /opt/airflow/dags/06_multi_dag_step2_transform.py
[2026-04-14T12:12:07.847+0900] {processor.py:914} INFO - Processing file /opt/airflow/dags/06_multi_dag_step2_transform.py for tasks to queue
[2026-04-14T12:12:07.850+0900] {logging_mixin.py:190} INFO - [2026-04-14T12:12:07.849+0900] {dagbag.py:587} INFO - Filling up the DagBag from /opt/airflow/dags/06_multi_dag_step2_transform.py
[2026-04-14T12:12:08.066+0900] {processor.py:925} INFO - DAG(s) '06_multi_dag_step2_transform' retrieved from /opt/airflow/dags/06_multi_dag_step2_transform.py
[2026-04-14T12:12:08.086+0900] {logging_mixin.py:190} INFO - [2026-04-14T12:12:08.085+0900] {dag.py:3211} INFO - Sync 1 DAGs
[2026-04-14T12:12:08.101+0900] {logging_mixin.py:190} INFO - [2026-04-14T12:12:08.101+0900] {dag.py:4138} INFO - Setting next_dagrun for 06_multi_dag_step2_transform to None, run_after=None
[2026-04-14T12:12:08.149+0900] {processor.py:208} INFO - Processing /opt/airflow/dags/06_multi_dag_step2_transform.py took 0.307 seconds
[2026-04-14T12:12:38.348+0900] {processor.py:186} INFO - Started process (PID=44281) to work on /opt/airflow/dags/06_multi_dag_step2_transform.py
[2026-04-14T12:12:38.349+0900] {processor.py:914} INFO - Processing file /opt/airflow/dags/06_multi_dag_step2_transform.py for tasks to queue
[2026-04-14T12:12:38.351+0900] {logging_mixin.py:190} INFO - [2026-04-14T12:12:38.351+0900] {dagbag.py:587} INFO - Filling up the DagBag from /opt/airflow/dags/06_multi_dag_step2_transform.py
[2026-04-14T12:12:38.595+0900] {processor.py:925} INFO - DAG(s) '06_multi_dag_step2_transform' retrieved from /opt/airflow/dags/06_multi_dag_step2_transform.py
[2026-04-14T12:12:38.624+0900] {logging_mixin.py:190} INFO - [2026-04-14T12:12:38.624+0900] {dag.py:3211} INFO - Sync 1 DAGs
[2026-04-14T12:12:38.648+0900] {logging_mixin.py:190} INFO - [2026-04-14T12:12:38.647+0900] {dag.py:4138} INFO - Setting next_dagrun for 06_multi_dag_step2_transform to None, run_after=None
[2026-04-14T12:12:38.666+0900] {processor.py:208} INFO - Processing /opt/airflow/dags/06_multi_dag_step2_transform.py took 0.323 seconds
[2026-04-14T12:13:09.440+0900] {processor.py:186} INFO - Started process (PID=44300) to work on /opt/airflow/dags/06_multi_dag_step2_transform.py
[2026-04-14T12:13:09.441+0900] {processor.py:914} INFO - Processing file /opt/airflow/dags/06_multi_dag_step2_transform.py for tasks to queue
[2026-04-14T12:13:09.444+0900] {logging_mixin.py:190} INFO - [2026-04-14T12:13:09.444+0900] {dagbag.py:587} INFO - Filling up the DagBag from /opt/airflow/dags/06_multi_dag_step2_transform.py
[2026-04-14T12:13:09.674+0900] {processor.py:925} INFO - DAG(s) '06_multi_dag_step2_transform' retrieved from /opt/airflow/dags/06_multi_dag_step2_transform.py
[2026-04-14T12:13:09.694+0900] {logging_mixin.py:190} INFO - [2026-04-14T12:13:09.694+0900] {dag.py:3211} INFO - Sync 1 DAGs
[2026-04-14T12:13:09.709+0900] {logging_mixin.py:190} INFO - [2026-04-14T12:13:09.709+0900] {dag.py:4138} INFO - Setting next_dagrun for 06_multi_dag_step2_transform to None, run_after=None
[2026-04-14T12:13:09.729+0900] {processor.py:208} INFO - Processing /opt/airflow/dags/06_multi_dag_step2_transform.py took 0.294 seconds
[2026-04-14T12:13:40.110+0900] {processor.py:186} INFO - Started process (PID=44319) to work on /opt/airflow/dags/06_multi_dag_step2_transform.py
[2026-04-14T12:13:40.111+0900] {processor.py:914} INFO - Processing file /opt/airflow/dags/06_multi_dag_step2_transform.py for tasks to queue
[2026-04-14T12:13:40.114+0900] {logging_mixin.py:190} INFO - [2026-04-14T12:13:40.113+0900] {dagbag.py:587} INFO - Filling up the DagBag from /opt/airflow/dags/06_multi_dag_step2_transform.py
[2026-04-14T12:13:40.336+0900] {processor.py:925} INFO - DAG(s) '06_multi_dag_step2_transform' retrieved from /opt/airflow/dags/06_multi_dag_step2_transform.py
[2026-04-14T12:13:40.355+0900] {logging_mixin.py:190} INFO - [2026-04-14T12:13:40.354+0900] {dag.py:3211} INFO - Sync 1 DAGs
[2026-04-14T12:13:40.371+0900] {logging_mixin.py:190} INFO - [2026-04-14T12:13:40.371+0900] {dag.py:4138} INFO - Setting next_dagrun for 06_multi_dag_step2_transform to None, run_after=None
[2026-04-14T12:13:40.417+0900] {processor.py:208} INFO - Processing /opt/airflow/dags/06_multi_dag_step2_transform.py took 0.311 seconds
[2026-04-14T12:14:10.882+0900] {processor.py:186} INFO - Started process (PID=44338) to work on /opt/airflow/dags/06_multi_dag_step2_transform.py
[2026-04-14T12:14:10.883+0900] {processor.py:914} INFO - Processing file /opt/airflow/dags/06_multi_dag_step2_transform.py for tasks to queue
[2026-04-14T12:14:10.885+0900] {logging_mixin.py:190} INFO - [2026-04-14T12:14:10.885+0900] {dagbag.py:587} INFO - Filling up the DagBag from /opt/airflow/dags/06_multi_dag_step2_transform.py
[2026-04-14T12:14:11.146+0900] {processor.py:925} INFO - DAG(s) '06_multi_dag_step2_transform' retrieved from /opt/airflow/dags/06_multi_dag_step2_transform.py
[2026-04-14T12:14:11.167+0900] {logging_mixin.py:190} INFO - [2026-04-14T12:14:11.167+0900] {dag.py:3211} INFO - Sync 1 DAGs
[2026-04-14T12:14:11.183+0900] {logging_mixin.py:190} INFO - [2026-04-14T12:14:11.183+0900] {dag.py:4138} INFO - Setting next_dagrun for 06_multi_dag_step2_transform to None, run_after=None
[2026-04-14T12:14:11.234+0900] {processor.py:208} INFO - Processing /opt/airflow/dags/06_multi_dag_step2_transform.py took 0.357 seconds
[2026-04-14T12:14:41.637+0900] {processor.py:186} INFO - Started process (PID=44357) to work on /opt/airflow/dags/06_multi_dag_step2_transform.py
[2026-04-14T12:14:41.638+0900] {processor.py:914} INFO - Processing file /opt/airflow/dags/06_multi_dag_step2_transform.py for tasks to queue
[2026-04-14T12:14:41.641+0900] {logging_mixin.py:190} INFO - [2026-04-14T12:14:41.641+0900] {dagbag.py:587} INFO - Filling up the DagBag from /opt/airflow/dags/06_multi_dag_step2_transform.py
[2026-04-14T12:14:41.861+0900] {processor.py:925} INFO - DAG(s) '06_multi_dag_step2_transform' retrieved from /opt/airflow/dags/06_multi_dag_step2_transform.py
[2026-04-14T12:14:41.881+0900] {logging_mixin.py:190} INFO - [2026-04-14T12:14:41.880+0900] {dag.py:3211} INFO - Sync 1 DAGs
[2026-04-14T12:14:41.896+0900] {logging_mixin.py:190} INFO - [2026-04-14T12:14:41.896+0900] {dag.py:4138} INFO - Setting next_dagrun for 06_multi_dag_step2_transform to None, run_after=None
[2026-04-14T12:14:41.942+0900] {processor.py:208} INFO - Processing /opt/airflow/dags/06_multi_dag_step2_transform.py took 0.310 seconds
[2026-04-14T12:15:12.387+0900] {processor.py:186} INFO - Started process (PID=44375) to work on /opt/airflow/dags/06_multi_dag_step2_transform.py
[2026-04-14T12:15:12.388+0900] {processor.py:914} INFO - Processing file /opt/airflow/dags/06_multi_dag_step2_transform.py for tasks to queue
[2026-04-14T12:15:12.390+0900] {logging_mixin.py:190} INFO - [2026-04-14T12:15:12.389+0900] {dagbag.py:587} INFO - Filling up the DagBag from /opt/airflow/dags/06_multi_dag_step2_transform.py
[2026-04-14T12:15:12.636+0900] {processor.py:925} INFO - DAG(s) '06_multi_dag_step2_transform' retrieved from /opt/airflow/dags/06_multi_dag_step2_transform.py
[2026-04-14T12:15:12.656+0900] {logging_mixin.py:190} INFO - [2026-04-14T12:15:12.656+0900] {dag.py:3211} INFO - Sync 1 DAGs
[2026-04-14T12:15:12.673+0900] {logging_mixin.py:190} INFO - [2026-04-14T12:15:12.673+0900] {dag.py:4138} INFO - Setting next_dagrun for 06_multi_dag_step2_transform to None, run_after=None
[2026-04-14T12:15:12.696+0900] {processor.py:208} INFO - Processing /opt/airflow/dags/06_multi_dag_step2_transform.py took 0.315 seconds
[2026-04-14T12:15:42.941+0900] {processor.py:186} INFO - Started process (PID=44393) to work on /opt/airflow/dags/06_multi_dag_step2_transform.py
[2026-04-14T12:15:42.942+0900] {processor.py:914} INFO - Processing file /opt/airflow/dags/06_multi_dag_step2_transform.py for tasks to queue
[2026-04-14T12:15:42.944+0900] {logging_mixin.py:190} INFO - [2026-04-14T12:15:42.944+0900] {dagbag.py:587} INFO - Filling up the DagBag from /opt/airflow/dags/06_multi_dag_step2_transform.py
[2026-04-14T12:15:43.187+0900] {processor.py:925} INFO - DAG(s) '06_multi_dag_step2_transform' retrieved from /opt/airflow/dags/06_multi_dag_step2_transform.py
[2026-04-14T12:15:43.205+0900] {logging_mixin.py:190} INFO - [2026-04-14T12:15:43.205+0900] {dag.py:3211} INFO - Sync 1 DAGs
[2026-04-14T12:15:43.220+0900] {logging_mixin.py:190} INFO - [2026-04-14T12:15:43.220+0900] {dag.py:4138} INFO - Setting next_dagrun for 06_multi_dag_step2_transform to None, run_after=None
[2026-04-14T12:15:43.238+0900] {processor.py:208} INFO - Processing /opt/airflow/dags/06_multi_dag_step2_transform.py took 0.303 seconds
[2026-04-14T12:16:13.636+0900] {processor.py:186} INFO - Started process (PID=44412) to work on /opt/airflow/dags/06_multi_dag_step2_transform.py
[2026-04-14T12:16:13.638+0900] {processor.py:914} INFO - Processing file /opt/airflow/dags/06_multi_dag_step2_transform.py for tasks to queue
[2026-04-14T12:16:13.640+0900] {logging_mixin.py:190} INFO - [2026-04-14T12:16:13.639+0900] {dagbag.py:587} INFO - Filling up the DagBag from /opt/airflow/dags/06_multi_dag_step2_transform.py
[2026-04-14T12:16:13.862+0900] {processor.py:925} INFO - DAG(s) '06_multi_dag_step2_transform' retrieved from /opt/airflow/dags/06_multi_dag_step2_transform.py
[2026-04-14T12:16:13.882+0900] {logging_mixin.py:190} INFO - [2026-04-14T12:16:13.882+0900] {dag.py:3211} INFO - Sync 1 DAGs
[2026-04-14T12:16:13.898+0900] {logging_mixin.py:190} INFO - [2026-04-14T12:16:13.898+0900] {dag.py:4138} INFO - Setting next_dagrun for 06_multi_dag_step2_transform to None, run_after=None
[2026-04-14T12:16:13.955+0900] {processor.py:208} INFO - Processing /opt/airflow/dags/06_multi_dag_step2_transform.py took 0.322 seconds
[2026-04-14T12:16:44.400+0900] {processor.py:186} INFO - Started process (PID=44431) to work on /opt/airflow/dags/06_multi_dag_step2_transform.py
[2026-04-14T12:16:44.402+0900] {processor.py:914} INFO - Processing file /opt/airflow/dags/06_multi_dag_step2_transform.py for tasks to queue
[2026-04-14T12:16:44.404+0900] {logging_mixin.py:190} INFO - [2026-04-14T12:16:44.404+0900] {dagbag.py:587} INFO - Filling up the DagBag from /opt/airflow/dags/06_multi_dag_step2_transform.py
[2026-04-14T12:16:44.632+0900] {processor.py:925} INFO - DAG(s) '06_multi_dag_step2_transform' retrieved from /opt/airflow/dags/06_multi_dag_step2_transform.py
[2026-04-14T12:16:44.653+0900] {logging_mixin.py:190} INFO - [2026-04-14T12:16:44.653+0900] {dag.py:3211} INFO - Sync 1 DAGs
[2026-04-14T12:16:44.672+0900] {logging_mixin.py:190} INFO - [2026-04-14T12:16:44.672+0900] {dag.py:4138} INFO - Setting next_dagrun for 06_multi_dag_step2_transform to None, run_after=None
[2026-04-14T12:16:44.719+0900] {processor.py:208} INFO - Processing /opt/airflow/dags/06_multi_dag_step2_transform.py took 0.325 seconds
[2026-04-14T12:17:15.147+0900] {processor.py:186} INFO - Started process (PID=44450) to work on /opt/airflow/dags/06_multi_dag_step2_transform.py
[2026-04-14T12:17:15.148+0900] {processor.py:914} INFO - Processing file /opt/airflow/dags/06_multi_dag_step2_transform.py for tasks to queue
[2026-04-14T12:17:15.151+0900] {logging_mixin.py:190} INFO - [2026-04-14T12:17:15.150+0900] {dagbag.py:587} INFO - Filling up the DagBag from /opt/airflow/dags/06_multi_dag_step2_transform.py
[2026-04-14T12:17:15.368+0900] {processor.py:925} INFO - DAG(s) '06_multi_dag_step2_transform' retrieved from /opt/airflow/dags/06_multi_dag_step2_transform.py
[2026-04-14T12:17:15.389+0900] {logging_mixin.py:190} INFO - [2026-04-14T12:17:15.388+0900] {dag.py:3211} INFO - Sync 1 DAGs
[2026-04-14T12:17:15.405+0900] {logging_mixin.py:190} INFO - [2026-04-14T12:17:15.405+0900] {dag.py:4138} INFO - Setting next_dagrun for 06_multi_dag_step2_transform to None, run_after=None
[2026-04-14T12:17:15.452+0900] {processor.py:208} INFO - Processing /opt/airflow/dags/06_multi_dag_step2_transform.py took 0.310 seconds
[2026-04-14T12:17:45.896+0900] {processor.py:186} INFO - Started process (PID=44469) to work on /opt/airflow/dags/06_multi_dag_step2_transform.py
[2026-04-14T12:17:45.897+0900] {processor.py:914} INFO - Processing file /opt/airflow/dags/06_multi_dag_step2_transform.py for tasks to queue
[2026-04-14T12:17:45.900+0900] {logging_mixin.py:190} INFO - [2026-04-14T12:17:45.899+0900] {dagbag.py:587} INFO - Filling up the DagBag from /opt/airflow/dags/06_multi_dag_step2_transform.py
[2026-04-14T12:17:46.104+0900] {processor.py:925} INFO - DAG(s) '06_multi_dag_step2_transform' retrieved from /opt/airflow/dags/06_multi_dag_step2_transform.py
[2026-04-14T12:17:46.123+0900] {logging_mixin.py:190} INFO - [2026-04-14T12:17:46.123+0900] {dag.py:3211} INFO - Sync 1 DAGs
[2026-04-14T12:17:46.139+0900] {logging_mixin.py:190} INFO - [2026-04-14T12:17:46.139+0900] {dag.py:4138} INFO - Setting next_dagrun for 06_multi_dag_step2_transform to None, run_after=None
[2026-04-14T12:17:46.186+0900] {processor.py:208} INFO - Processing /opt/airflow/dags/06_multi_dag_step2_transform.py took 0.294 seconds
[2026-04-14T12:18:16.776+0900] {processor.py:186} INFO - Started process (PID=44488) to work on /opt/airflow/dags/06_multi_dag_step2_transform.py
[2026-04-14T12:18:16.776+0900] {processor.py:914} INFO - Processing file /opt/airflow/dags/06_multi_dag_step2_transform.py for tasks to queue
[2026-04-14T12:18:16.778+0900] {logging_mixin.py:190} INFO - [2026-04-14T12:18:16.778+0900] {dagbag.py:587} INFO - Filling up the DagBag from /opt/airflow/dags/06_multi_dag_step2_transform.py
[2026-04-14T12:18:17.024+0900] {processor.py:925} INFO - DAG(s) '06_multi_dag_step2_transform' retrieved from /opt/airflow/dags/06_multi_dag_step2_transform.py
[2026-04-14T12:18:17.046+0900] {logging_mixin.py:190} INFO - [2026-04-14T12:18:17.045+0900] {dag.py:3211} INFO - Sync 1 DAGs
[2026-04-14T12:18:17.063+0900] {logging_mixin.py:190} INFO - [2026-04-14T12:18:17.063+0900] {dag.py:4138} INFO - Setting next_dagrun for 06_multi_dag_step2_transform to None, run_after=None
[2026-04-14T12:18:17.114+0900] {processor.py:208} INFO - Processing /opt/airflow/dags/06_multi_dag_step2_transform.py took 0.343 seconds
[2026-04-14T12:18:47.524+0900] {processor.py:186} INFO - Started process (PID=44507) to work on /opt/airflow/dags/06_multi_dag_step2_transform.py
[2026-04-14T12:18:47.526+0900] {processor.py:914} INFO - Processing file /opt/airflow/dags/06_multi_dag_step2_transform.py for tasks to queue
[2026-04-14T12:18:47.529+0900] {logging_mixin.py:190} INFO - [2026-04-14T12:18:47.528+0900] {dagbag.py:587} INFO - Filling up the DagBag from /opt/airflow/dags/06_multi_dag_step2_transform.py
[2026-04-14T12:18:47.752+0900] {processor.py:925} INFO - DAG(s) '06_multi_dag_step2_transform' retrieved from /opt/airflow/dags/06_multi_dag_step2_transform.py
[2026-04-14T12:18:47.772+0900] {logging_mixin.py:190} INFO - [2026-04-14T12:18:47.771+0900] {dag.py:3211} INFO - Sync 1 DAGs
[2026-04-14T12:18:47.787+0900] {logging_mixin.py:190} INFO - [2026-04-14T12:18:47.787+0900] {dag.py:4138} INFO - Setting next_dagrun for 06_multi_dag_step2_transform to None, run_after=None
[2026-04-14T12:18:47.810+0900] {processor.py:208} INFO - Processing /opt/airflow/dags/06_multi_dag_step2_transform.py took 0.290 seconds
[2026-04-14T12:19:18.132+0900] {processor.py:186} INFO - Started process (PID=44526) to work on /opt/airflow/dags/06_multi_dag_step2_transform.py
[2026-04-14T12:19:18.133+0900] {processor.py:914} INFO - Processing file /opt/airflow/dags/06_multi_dag_step2_transform.py for tasks to queue
[2026-04-14T12:19:18.135+0900] {logging_mixin.py:190} INFO - [2026-04-14T12:19:18.135+0900] {dagbag.py:587} INFO - Filling up the DagBag from /opt/airflow/dags/06_multi_dag_step2_transform.py
[2026-04-14T12:19:18.372+0900] {processor.py:925} INFO - DAG(s) '06_multi_dag_step2_transform' retrieved from /opt/airflow/dags/06_multi_dag_step2_transform.py
[2026-04-14T12:19:18.389+0900] {logging_mixin.py:190} INFO - [2026-04-14T12:19:18.388+0900] {dag.py:3211} INFO - Sync 1 DAGs
[2026-04-14T12:19:18.402+0900] {logging_mixin.py:190} INFO - [2026-04-14T12:19:18.402+0900] {dag.py:4138} INFO - Setting next_dagrun for 06_multi_dag_step2_transform to None, run_after=None
[2026-04-14T12:19:18.452+0900] {processor.py:208} INFO - Processing /opt/airflow/dags/06_multi_dag_step2_transform.py took 0.325 seconds
[2026-04-14T12:19:48.826+0900] {processor.py:186} INFO - Started process (PID=44545) to work on /opt/airflow/dags/06_multi_dag_step2_transform.py
[2026-04-14T12:19:48.828+0900] {processor.py:914} INFO - Processing file /opt/airflow/dags/06_multi_dag_step2_transform.py for tasks to queue
[2026-04-14T12:19:48.830+0900] {logging_mixin.py:190} INFO - [2026-04-14T12:19:48.830+0900] {dagbag.py:587} INFO - Filling up the DagBag from /opt/airflow/dags/06_multi_dag_step2_transform.py
[2026-04-14T12:19:49.064+0900] {processor.py:925} INFO - DAG(s) '06_multi_dag_step2_transform' retrieved from /opt/airflow/dags/06_multi_dag_step2_transform.py
[2026-04-14T12:19:49.085+0900] {logging_mixin.py:190} INFO - [2026-04-14T12:19:49.085+0900] {dag.py:3211} INFO - Sync 1 DAGs
[2026-04-14T12:19:49.108+0900] {logging_mixin.py:190} INFO - [2026-04-14T12:19:49.108+0900] {dag.py:4138} INFO - Setting next_dagrun for 06_multi_dag_step2_transform to None, run_after=None
[2026-04-14T12:19:49.126+0900] {processor.py:208} INFO - Processing /opt/airflow/dags/06_multi_dag_step2_transform.py took 0.304 seconds
[2026-04-14T12:20:19.533+0900] {processor.py:186} INFO - Started process (PID=44564) to work on /opt/airflow/dags/06_multi_dag_step2_transform.py
[2026-04-14T12:20:19.534+0900] {processor.py:914} INFO - Processing file /opt/airflow/dags/06_multi_dag_step2_transform.py for tasks to queue
[2026-04-14T12:20:19.536+0900] {logging_mixin.py:190} INFO - [2026-04-14T12:20:19.536+0900] {dagbag.py:587} INFO - Filling up the DagBag from /opt/airflow/dags/06_multi_dag_step2_transform.py
[2026-04-14T12:20:19.769+0900] {processor.py:925} INFO - DAG(s) '06_multi_dag_step2_transform' retrieved from /opt/airflow/dags/06_multi_dag_step2_transform.py
[2026-04-14T12:20:19.789+0900] {logging_mixin.py:190} INFO - [2026-04-14T12:20:19.789+0900] {dag.py:3211} INFO - Sync 1 DAGs
[2026-04-14T12:20:19.805+0900] {logging_mixin.py:190} INFO - [2026-04-14T12:20:19.805+0900] {dag.py:4138} INFO - Setting next_dagrun for 06_multi_dag_step2_transform to None, run_after=None
[2026-04-14T12:20:19.853+0900] {processor.py:208} INFO - Processing /opt/airflow/dags/06_multi_dag_step2_transform.py took 0.324 seconds
[2026-04-14T12:20:50.246+0900] {processor.py:186} INFO - Started process (PID=44583) to work on /opt/airflow/dags/06_multi_dag_step2_transform.py
[2026-04-14T12:20:50.247+0900] {processor.py:914} INFO - Processing file /opt/airflow/dags/06_multi_dag_step2_transform.py for tasks to queue
[2026-04-14T12:20:50.249+0900] {logging_mixin.py:190} INFO - [2026-04-14T12:20:50.249+0900] {dagbag.py:587} INFO - Filling up the DagBag from /opt/airflow/dags/06_multi_dag_step2_transform.py
[2026-04-14T12:20:50.567+0900] {processor.py:925} INFO - DAG(s) '06_multi_dag_step2_transform' retrieved from /opt/airflow/dags/06_multi_dag_step2_transform.py
[2026-04-14T12:20:50.592+0900] {logging_mixin.py:190} INFO - [2026-04-14T12:20:50.592+0900] {dag.py:3211} INFO - Sync 1 DAGs
[2026-04-14T12:20:50.610+0900] {logging_mixin.py:190} INFO - [2026-04-14T12:20:50.610+0900] {dag.py:4138} INFO - Setting next_dagrun for 06_multi_dag_step2_transform to None, run_after=None
[2026-04-14T12:20:50.634+0900] {processor.py:208} INFO - Processing /opt/airflow/dags/06_multi_dag_step2_transform.py took 0.394 seconds
[2026-04-14T12:21:20.856+0900] {processor.py:186} INFO - Started process (PID=44602) to work on /opt/airflow/dags/06_multi_dag_step2_transform.py
[2026-04-14T12:21:20.857+0900] {processor.py:914} INFO - Processing file /opt/airflow/dags/06_multi_dag_step2_transform.py for tasks to queue
[2026-04-14T12:21:20.859+0900] {logging_mixin.py:190} INFO - [2026-04-14T12:21:20.859+0900] {dagbag.py:587} INFO - Filling up the DagBag from /opt/airflow/dags/06_multi_dag_step2_transform.py
[2026-04-14T12:21:21.102+0900] {processor.py:925} INFO - DAG(s) '06_multi_dag_step2_transform' retrieved from /opt/airflow/dags/06_multi_dag_step2_transform.py
[2026-04-14T12:21:21.122+0900] {logging_mixin.py:190} INFO - [2026-04-14T12:21:21.122+0900] {dag.py:3211} INFO - Sync 1 DAGs
[2026-04-14T12:21:21.306+0900] {logging_mixin.py:190} INFO - [2026-04-14T12:21:21.306+0900] {dag.py:4138} INFO - Setting next_dagrun for 06_multi_dag_step2_transform to None, run_after=None
[2026-04-14T12:21:21.355+0900] {processor.py:208} INFO - Processing /opt/airflow/dags/06_multi_dag_step2_transform.py took 0.503 seconds
[2026-04-14T12:21:51.704+0900] {processor.py:186} INFO - Started process (PID=44621) to work on /opt/airflow/dags/06_multi_dag_step2_transform.py
[2026-04-14T12:21:51.705+0900] {processor.py:914} INFO - Processing file /opt/airflow/dags/06_multi_dag_step2_transform.py for tasks to queue
[2026-04-14T12:21:51.708+0900] {logging_mixin.py:190} INFO - [2026-04-14T12:21:51.707+0900] {dagbag.py:587} INFO - Filling up the DagBag from /opt/airflow/dags/06_multi_dag_step2_transform.py
[2026-04-14T12:21:51.965+0900] {processor.py:925} INFO - DAG(s) '06_multi_dag_step2_transform' retrieved from /opt/airflow/dags/06_multi_dag_step2_transform.py
[2026-04-14T12:21:51.988+0900] {logging_mixin.py:190} INFO - [2026-04-14T12:21:51.987+0900] {dag.py:3211} INFO - Sync 1 DAGs
[2026-04-14T12:21:52.005+0900] {logging_mixin.py:190} INFO - [2026-04-14T12:21:52.005+0900] {dag.py:4138} INFO - Setting next_dagrun for 06_multi_dag_step2_transform to None, run_after=None
[2026-04-14T12:21:52.039+0900] {processor.py:208} INFO - Processing /opt/airflow/dags/06_multi_dag_step2_transform.py took 0.341 seconds
[2026-04-14T12:22:22.333+0900] {processor.py:186} INFO - Started process (PID=44640) to work on /opt/airflow/dags/06_multi_dag_step2_transform.py
[2026-04-14T12:22:22.334+0900] {processor.py:914} INFO - Processing file /opt/airflow/dags/06_multi_dag_step2_transform.py for tasks to queue
[2026-04-14T12:22:22.336+0900] {logging_mixin.py:190} INFO - [2026-04-14T12:22:22.336+0900] {dagbag.py:587} INFO - Filling up the DagBag from /opt/airflow/dags/06_multi_dag_step2_transform.py
[2026-04-14T12:22:22.580+0900] {processor.py:925} INFO - DAG(s) '06_multi_dag_step2_transform' retrieved from /opt/airflow/dags/06_multi_dag_step2_transform.py
[2026-04-14T12:22:22.601+0900] {logging_mixin.py:190} INFO - [2026-04-14T12:22:22.601+0900] {dag.py:3211} INFO - Sync 1 DAGs
[2026-04-14T12:22:22.628+0900] {logging_mixin.py:190} INFO - [2026-04-14T12:22:22.628+0900] {dag.py:4138} INFO - Setting next_dagrun for 06_multi_dag_step2_transform to None, run_after=None
[2026-04-14T12:22:22.677+0900] {processor.py:208} INFO - Processing /opt/airflow/dags/06_multi_dag_step2_transform.py took 0.349 seconds
[2026-04-14T12:22:53.258+0900] {processor.py:186} INFO - Started process (PID=44659) to work on /opt/airflow/dags/06_multi_dag_step2_transform.py
[2026-04-14T12:22:53.259+0900] {processor.py:914} INFO - Processing file /opt/airflow/dags/06_multi_dag_step2_transform.py for tasks to queue
[2026-04-14T12:22:53.262+0900] {logging_mixin.py:190} INFO - [2026-04-14T12:22:53.262+0900] {dagbag.py:587} INFO - Filling up the DagBag from /opt/airflow/dags/06_multi_dag_step2_transform.py
[2026-04-14T12:22:53.482+0900] {processor.py:925} INFO - DAG(s) '06_multi_dag_step2_transform' retrieved from /opt/airflow/dags/06_multi_dag_step2_transform.py
[2026-04-14T12:22:53.499+0900] {logging_mixin.py:190} INFO - [2026-04-14T12:22:53.499+0900] {dag.py:3211} INFO - Sync 1 DAGs
[2026-04-14T12:22:53.648+0900] {logging_mixin.py:190} INFO - [2026-04-14T12:22:53.648+0900] {dag.py:4138} INFO - Setting next_dagrun for 06_multi_dag_step2_transform to None, run_after=None
[2026-04-14T12:22:53.666+0900] {processor.py:208} INFO - Processing /opt/airflow/dags/06_multi_dag_step2_transform.py took 0.413 seconds
[2026-04-14T12:23:24.452+0900] {processor.py:186} INFO - Started process (PID=44678) to work on /opt/airflow/dags/06_multi_dag_step2_transform.py
[2026-04-14T12:23:24.453+0900] {processor.py:914} INFO - Processing file /opt/airflow/dags/06_multi_dag_step2_transform.py for tasks to queue
[2026-04-14T12:23:24.455+0900] {logging_mixin.py:190} INFO - [2026-04-14T12:23:24.455+0900] {dagbag.py:587} INFO - Filling up the DagBag from /opt/airflow/dags/06_multi_dag_step2_transform.py
[2026-04-14T12:23:24.706+0900] {processor.py:925} INFO - DAG(s) '06_multi_dag_step2_transform' retrieved from /opt/airflow/dags/06_multi_dag_step2_transform.py
[2026-04-14T12:23:24.729+0900] {logging_mixin.py:190} INFO - [2026-04-14T12:23:24.729+0900] {dag.py:3211} INFO - Sync 1 DAGs
[2026-04-14T12:23:24.745+0900] {logging_mixin.py:190} INFO - [2026-04-14T12:23:24.745+0900] {dag.py:4138} INFO - Setting next_dagrun for 06_multi_dag_step2_transform to None, run_after=None
[2026-04-14T12:23:24.796+0900] {processor.py:208} INFO - Processing /opt/airflow/dags/06_multi_dag_step2_transform.py took 0.349 seconds
[2026-04-14T12:23:55.138+0900] {processor.py:186} INFO - Started process (PID=44697) to work on /opt/airflow/dags/06_multi_dag_step2_transform.py
[2026-04-14T12:23:55.139+0900] {processor.py:914} INFO - Processing file /opt/airflow/dags/06_multi_dag_step2_transform.py for tasks to queue
[2026-04-14T12:23:55.142+0900] {logging_mixin.py:190} INFO - [2026-04-14T12:23:55.142+0900] {dagbag.py:587} INFO - Filling up the DagBag from /opt/airflow/dags/06_multi_dag_step2_transform.py
[2026-04-14T12:23:55.407+0900] {processor.py:925} INFO - DAG(s) '06_multi_dag_step2_transform' retrieved from /opt/airflow/dags/06_multi_dag_step2_transform.py
[2026-04-14T12:23:55.426+0900] {logging_mixin.py:190} INFO - [2026-04-14T12:23:55.426+0900] {dag.py:3211} INFO - Sync 1 DAGs
[2026-04-14T12:23:55.442+0900] {logging_mixin.py:190} INFO - [2026-04-14T12:23:55.442+0900] {dag.py:4138} INFO - Setting next_dagrun for 06_multi_dag_step2_transform to None, run_after=None
[2026-04-14T12:23:55.593+0900] {processor.py:208} INFO - Processing /opt/airflow/dags/06_multi_dag_step2_transform.py took 0.461 seconds
[2026-04-14T12:24:25.724+0900] {processor.py:186} INFO - Started process (PID=44716) to work on /opt/airflow/dags/06_multi_dag_step2_transform.py
[2026-04-14T12:24:25.725+0900] {processor.py:914} INFO - Processing file /opt/airflow/dags/06_multi_dag_step2_transform.py for tasks to queue
[2026-04-14T12:24:25.728+0900] {logging_mixin.py:190} INFO - [2026-04-14T12:24:25.727+0900] {dagbag.py:587} INFO - Filling up the DagBag from /opt/airflow/dags/06_multi_dag_step2_transform.py
[2026-04-14T12:24:25.983+0900] {processor.py:925} INFO - DAG(s) '06_multi_dag_step2_transform' retrieved from /opt/airflow/dags/06_multi_dag_step2_transform.py
[2026-04-14T12:24:26.006+0900] {logging_mixin.py:190} INFO - [2026-04-14T12:24:26.005+0900] {dag.py:3211} INFO - Sync 1 DAGs
[2026-04-14T12:24:26.160+0900] {logging_mixin.py:190} INFO - [2026-04-14T12:24:26.160+0900] {dag.py:4138} INFO - Setting next_dagrun for 06_multi_dag_step2_transform to None, run_after=None
[2026-04-14T12:24:26.183+0900] {processor.py:208} INFO - Processing /opt/airflow/dags/06_multi_dag_step2_transform.py took 0.464 seconds
[2026-04-14T12:24:56.667+0900] {processor.py:186} INFO - Started process (PID=44735) to work on /opt/airflow/dags/06_multi_dag_step2_transform.py
[2026-04-14T12:24:56.668+0900] {processor.py:914} INFO - Processing file /opt/airflow/dags/06_multi_dag_step2_transform.py for tasks to queue
[2026-04-14T12:24:56.670+0900] {logging_mixin.py:190} INFO - [2026-04-14T12:24:56.670+0900] {dagbag.py:587} INFO - Filling up the DagBag from /opt/airflow/dags/06_multi_dag_step2_transform.py
[2026-04-14T12:24:56.940+0900] {processor.py:925} INFO - DAG(s) '06_multi_dag_step2_transform' retrieved from /opt/airflow/dags/06_multi_dag_step2_transform.py
[2026-04-14T12:24:56.966+0900] {logging_mixin.py:190} INFO - [2026-04-14T12:24:56.965+0900] {dag.py:3211} INFO - Sync 1 DAGs
[2026-04-14T12:24:56.989+0900] {logging_mixin.py:190} INFO - [2026-04-14T12:24:56.989+0900] {dag.py:4138} INFO - Setting next_dagrun for 06_multi_dag_step2_transform to None, run_after=None
[2026-04-14T12:24:57.042+0900] {processor.py:208} INFO - Processing /opt/airflow/dags/06_multi_dag_step2_transform.py took 0.380 seconds
[2026-04-14T12:25:27.572+0900] {processor.py:186} INFO - Started process (PID=44754) to work on /opt/airflow/dags/06_multi_dag_step2_transform.py
[2026-04-14T12:25:27.574+0900] {processor.py:914} INFO - Processing file /opt/airflow/dags/06_multi_dag_step2_transform.py for tasks to queue
[2026-04-14T12:25:27.577+0900] {logging_mixin.py:190} INFO - [2026-04-14T12:25:27.577+0900] {dagbag.py:587} INFO - Filling up the DagBag from /opt/airflow/dags/06_multi_dag_step2_transform.py
[2026-04-14T12:25:27.803+0900] {processor.py:925} INFO - DAG(s) '06_multi_dag_step2_transform' retrieved from /opt/airflow/dags/06_multi_dag_step2_transform.py
[2026-04-14T12:25:27.826+0900] {logging_mixin.py:190} INFO - [2026-04-14T12:25:27.826+0900] {dag.py:3211} INFO - Sync 1 DAGs
[2026-04-14T12:25:27.843+0900] {logging_mixin.py:190} INFO - [2026-04-14T12:25:27.843+0900] {dag.py:4138} INFO - Setting next_dagrun for 06_multi_dag_step2_transform to None, run_after=None
[2026-04-14T12:25:28.016+0900] {processor.py:208} INFO - Processing /opt/airflow/dags/06_multi_dag_step2_transform.py took 0.448 seconds
[2026-04-14T12:25:58.260+0900] {processor.py:186} INFO - Started process (PID=44773) to work on /opt/airflow/dags/06_multi_dag_step2_transform.py
[2026-04-14T12:25:58.261+0900] {processor.py:914} INFO - Processing file /opt/airflow/dags/06_multi_dag_step2_transform.py for tasks to queue
[2026-04-14T12:25:58.263+0900] {logging_mixin.py:190} INFO - [2026-04-14T12:25:58.263+0900] {dagbag.py:587} INFO - Filling up the DagBag from /opt/airflow/dags/06_multi_dag_step2_transform.py
[2026-04-14T12:25:58.512+0900] {processor.py:925} INFO - DAG(s) '06_multi_dag_step2_transform' retrieved from /opt/airflow/dags/06_multi_dag_step2_transform.py
[2026-04-14T12:25:58.533+0900] {logging_mixin.py:190} INFO - [2026-04-14T12:25:58.533+0900] {dag.py:3211} INFO - Sync 1 DAGs
[2026-04-14T12:25:58.679+0900] {logging_mixin.py:190} INFO - [2026-04-14T12:25:58.678+0900] {dag.py:4138} INFO - Setting next_dagrun for 06_multi_dag_step2_transform to None, run_after=None
[2026-04-14T12:25:58.723+0900] {processor.py:208} INFO - Processing /opt/airflow/dags/06_multi_dag_step2_transform.py took 0.467 seconds
[2026-04-14T12:26:29.082+0900] {processor.py:186} INFO - Started process (PID=44792) to work on /opt/airflow/dags/06_multi_dag_step2_transform.py
[2026-04-14T12:26:29.083+0900] {processor.py:914} INFO - Processing file /opt/airflow/dags/06_multi_dag_step2_transform.py for tasks to queue
[2026-04-14T12:26:29.086+0900] {logging_mixin.py:190} INFO - [2026-04-14T12:26:29.085+0900] {dagbag.py:587} INFO - Filling up the DagBag from /opt/airflow/dags/06_multi_dag_step2_transform.py
[2026-04-14T12:26:29.345+0900] {processor.py:925} INFO - DAG(s) '06_multi_dag_step2_transform' retrieved from /opt/airflow/dags/06_multi_dag_step2_transform.py
[2026-04-14T12:26:29.369+0900] {logging_mixin.py:190} INFO - [2026-04-14T12:26:29.369+0900] {dag.py:3211} INFO - Sync 1 DAGs
[2026-04-14T12:26:29.391+0900] {logging_mixin.py:190} INFO - [2026-04-14T12:26:29.390+0900] {dag.py:4138} INFO - Setting next_dagrun for 06_multi_dag_step2_transform to None, run_after=None
[2026-04-14T12:26:29.440+0900] {processor.py:208} INFO - Processing /opt/airflow/dags/06_multi_dag_step2_transform.py took 0.363 seconds
[2026-04-14T12:26:59.673+0900] {processor.py:186} INFO - Started process (PID=44811) to work on /opt/airflow/dags/06_multi_dag_step2_transform.py
[2026-04-14T12:26:59.673+0900] {processor.py:914} INFO - Processing file /opt/airflow/dags/06_multi_dag_step2_transform.py for tasks to queue
[2026-04-14T12:26:59.675+0900] {logging_mixin.py:190} INFO - [2026-04-14T12:26:59.675+0900] {dagbag.py:587} INFO - Filling up the DagBag from /opt/airflow/dags/06_multi_dag_step2_transform.py
[2026-04-14T12:26:59.906+0900] {processor.py:925} INFO - DAG(s) '06_multi_dag_step2_transform' retrieved from /opt/airflow/dags/06_multi_dag_step2_transform.py
[2026-04-14T12:26:59.926+0900] {logging_mixin.py:190} INFO - [2026-04-14T12:26:59.925+0900] {dag.py:3211} INFO - Sync 1 DAGs
[2026-04-14T12:26:59.943+0900] {logging_mixin.py:190} INFO - [2026-04-14T12:26:59.943+0900] {dag.py:4138} INFO - Setting next_dagrun for 06_multi_dag_step2_transform to None, run_after=None
[2026-04-14T12:27:00.127+0900] {processor.py:208} INFO - Processing /opt/airflow/dags/06_multi_dag_step2_transform.py took 0.459 seconds
[2026-04-14T12:27:30.206+0900] {processor.py:186} INFO - Started process (PID=44829) to work on /opt/airflow/dags/06_multi_dag_step2_transform.py
[2026-04-14T12:27:30.207+0900] {processor.py:914} INFO - Processing file /opt/airflow/dags/06_multi_dag_step2_transform.py for tasks to queue
[2026-04-14T12:27:30.209+0900] {logging_mixin.py:190} INFO - [2026-04-14T12:27:30.209+0900] {dagbag.py:587} INFO - Filling up the DagBag from /opt/airflow/dags/06_multi_dag_step2_transform.py
[2026-04-14T12:27:30.430+0900] {processor.py:925} INFO - DAG(s) '06_multi_dag_step2_transform' retrieved from /opt/airflow/dags/06_multi_dag_step2_transform.py
[2026-04-14T12:27:30.450+0900] {logging_mixin.py:190} INFO - [2026-04-14T12:27:30.450+0900] {dag.py:3211} INFO - Sync 1 DAGs
[2026-04-14T12:27:30.593+0900] {logging_mixin.py:190} INFO - [2026-04-14T12:27:30.592+0900] {dag.py:4138} INFO - Setting next_dagrun for 06_multi_dag_step2_transform to None, run_after=None
[2026-04-14T12:27:30.639+0900] {processor.py:208} INFO - Processing /opt/airflow/dags/06_multi_dag_step2_transform.py took 0.437 seconds
[2026-04-14T12:28:01.324+0900] {processor.py:186} INFO - Started process (PID=44847) to work on /opt/airflow/dags/06_multi_dag_step2_transform.py
[2026-04-14T12:28:01.325+0900] {processor.py:914} INFO - Processing file /opt/airflow/dags/06_multi_dag_step2_transform.py for tasks to queue
[2026-04-14T12:28:01.327+0900] {logging_mixin.py:190} INFO - [2026-04-14T12:28:01.327+0900] {dagbag.py:587} INFO - Filling up the DagBag from /opt/airflow/dags/06_multi_dag_step2_transform.py
[2026-04-14T12:28:01.566+0900] {processor.py:925} INFO - DAG(s) '06_multi_dag_step2_transform' retrieved from /opt/airflow/dags/06_multi_dag_step2_transform.py
[2026-04-14T12:28:01.720+0900] {logging_mixin.py:190} INFO - [2026-04-14T12:28:01.720+0900] {dag.py:3211} INFO - Sync 1 DAGs
[2026-04-14T12:28:01.734+0900] {logging_mixin.py:190} INFO - [2026-04-14T12:28:01.734+0900] {dag.py:4138} INFO - Setting next_dagrun for 06_multi_dag_step2_transform to None, run_after=None
[2026-04-14T12:28:01.777+0900] {processor.py:208} INFO - Processing /opt/airflow/dags/06_multi_dag_step2_transform.py took 0.458 seconds
[2026-04-14T12:28:32.214+0900] {processor.py:186} INFO - Started process (PID=44866) to work on /opt/airflow/dags/06_multi_dag_step2_transform.py
[2026-04-14T12:28:32.216+0900] {processor.py:914} INFO - Processing file /opt/airflow/dags/06_multi_dag_step2_transform.py for tasks to queue
[2026-04-14T12:28:32.218+0900] {logging_mixin.py:190} INFO - [2026-04-14T12:28:32.218+0900] {dagbag.py:587} INFO - Filling up the DagBag from /opt/airflow/dags/06_multi_dag_step2_transform.py
[2026-04-14T12:28:32.477+0900] {processor.py:925} INFO - DAG(s) '06_multi_dag_step2_transform' retrieved from /opt/airflow/dags/06_multi_dag_step2_transform.py
[2026-04-14T12:28:32.503+0900] {logging_mixin.py:190} INFO - [2026-04-14T12:28:32.503+0900] {dag.py:3211} INFO - Sync 1 DAGs
[2026-04-14T12:28:32.521+0900] {logging_mixin.py:190} INFO - [2026-04-14T12:28:32.521+0900] {dag.py:4138} INFO - Setting next_dagrun for 06_multi_dag_step2_transform to None, run_after=None
[2026-04-14T12:28:32.547+0900] {processor.py:208} INFO - Processing /opt/airflow/dags/06_multi_dag_step2_transform.py took 0.337 seconds
[2026-04-14T12:29:03.028+0900] {processor.py:186} INFO - Started process (PID=44885) to work on /opt/airflow/dags/06_multi_dag_step2_transform.py
[2026-04-14T12:29:03.029+0900] {processor.py:914} INFO - Processing file /opt/airflow/dags/06_multi_dag_step2_transform.py for tasks to queue
[2026-04-14T12:29:03.032+0900] {logging_mixin.py:190} INFO - [2026-04-14T12:29:03.031+0900] {dagbag.py:587} INFO - Filling up the DagBag from /opt/airflow/dags/06_multi_dag_step2_transform.py
[2026-04-14T12:29:03.316+0900] {processor.py:925} INFO - DAG(s) '06_multi_dag_step2_transform' retrieved from /opt/airflow/dags/06_multi_dag_step2_transform.py
[2026-04-14T12:29:03.337+0900] {logging_mixin.py:190} INFO - [2026-04-14T12:29:03.336+0900] {dag.py:3211} INFO - Sync 1 DAGs
[2026-04-14T12:29:03.480+0900] {logging_mixin.py:190} INFO - [2026-04-14T12:29:03.480+0900] {dag.py:4138} INFO - Setting next_dagrun for 06_multi_dag_step2_transform to None, run_after=None
[2026-04-14T12:29:03.514+0900] {processor.py:208} INFO - Processing /opt/airflow/dags/06_multi_dag_step2_transform.py took 0.492 seconds
[2026-04-14T12:29:34.316+0900] {processor.py:186} INFO - Started process (PID=44904) to work on /opt/airflow/dags/06_multi_dag_step2_transform.py
[2026-04-14T12:29:34.317+0900] {processor.py:914} INFO - Processing file /opt/airflow/dags/06_multi_dag_step2_transform.py for tasks to queue
[2026-04-14T12:29:34.320+0900] {logging_mixin.py:190} INFO - [2026-04-14T12:29:34.319+0900] {dagbag.py:587} INFO - Filling up the DagBag from /opt/airflow/dags/06_multi_dag_step2_transform.py
[2026-04-14T12:29:34.538+0900] {processor.py:925} INFO - DAG(s) '06_multi_dag_step2_transform' retrieved from /opt/airflow/dags/06_multi_dag_step2_transform.py
[2026-04-14T12:29:34.559+0900] {logging_mixin.py:190} INFO - [2026-04-14T12:29:34.559+0900] {dag.py:3211} INFO - Sync 1 DAGs
[2026-04-14T12:29:34.691+0900] {logging_mixin.py:190} INFO - [2026-04-14T12:29:34.691+0900] {dag.py:4138} INFO - Setting next_dagrun for 06_multi_dag_step2_transform to None, run_after=None
[2026-04-14T12:29:34.739+0900] {processor.py:208} INFO - Processing /opt/airflow/dags/06_multi_dag_step2_transform.py took 0.428 seconds
[2026-04-14T12:30:05.601+0900] {processor.py:186} INFO - Started process (PID=44922) to work on /opt/airflow/dags/06_multi_dag_step2_transform.py
[2026-04-14T12:30:05.602+0900] {processor.py:914} INFO - Processing file /opt/airflow/dags/06_multi_dag_step2_transform.py for tasks to queue
[2026-04-14T12:30:05.604+0900] {logging_mixin.py:190} INFO - [2026-04-14T12:30:05.604+0900] {dagbag.py:587} INFO - Filling up the DagBag from /opt/airflow/dags/06_multi_dag_step2_transform.py
[2026-04-14T12:30:05.956+0900] {processor.py:925} INFO - DAG(s) '06_multi_dag_step2_transform' retrieved from /opt/airflow/dags/06_multi_dag_step2_transform.py
[2026-04-14T12:30:05.974+0900] {logging_mixin.py:190} INFO - [2026-04-14T12:30:05.974+0900] {dag.py:3211} INFO - Sync 1 DAGs
[2026-04-14T12:30:05.987+0900] {logging_mixin.py:190} INFO - [2026-04-14T12:30:05.987+0900] {dag.py:4138} INFO - Setting next_dagrun for 06_multi_dag_step2_transform to None, run_after=None
[2026-04-14T12:30:06.011+0900] {processor.py:208} INFO - Processing /opt/airflow/dags/06_multi_dag_step2_transform.py took 0.415 seconds
[2026-04-14T12:30:36.858+0900] {processor.py:186} INFO - Started process (PID=44947) to work on /opt/airflow/dags/06_multi_dag_step2_transform.py
[2026-04-14T12:30:36.859+0900] {processor.py:914} INFO - Processing file /opt/airflow/dags/06_multi_dag_step2_transform.py for tasks to queue
[2026-04-14T12:30:36.865+0900] {logging_mixin.py:190} INFO - [2026-04-14T12:30:36.864+0900] {dagbag.py:587} INFO - Filling up the DagBag from /opt/airflow/dags/06_multi_dag_step2_transform.py
[2026-04-14T12:30:37.101+0900] {processor.py:925} INFO - DAG(s) '06_multi_dag_step2_transform' retrieved from /opt/airflow/dags/06_multi_dag_step2_transform.py
[2026-04-14T12:30:37.121+0900] {logging_mixin.py:190} INFO - [2026-04-14T12:30:37.121+0900] {dag.py:3211} INFO - Sync 1 DAGs
[2026-04-14T12:30:37.284+0900] {logging_mixin.py:190} INFO - [2026-04-14T12:30:37.283+0900] {dag.py:4138} INFO - Setting next_dagrun for 06_multi_dag_step2_transform to None, run_after=None
[2026-04-14T12:30:37.330+0900] {processor.py:208} INFO - Processing /opt/airflow/dags/06_multi_dag_step2_transform.py took 0.480 seconds
[2026-04-14T12:31:08.085+0900] {processor.py:186} INFO - Started process (PID=44966) to work on /opt/airflow/dags/06_multi_dag_step2_transform.py
[2026-04-14T12:31:08.086+0900] {processor.py:914} INFO - Processing file /opt/airflow/dags/06_multi_dag_step2_transform.py for tasks to queue
[2026-04-14T12:31:08.089+0900] {logging_mixin.py:190} INFO - [2026-04-14T12:31:08.089+0900] {dagbag.py:587} INFO - Filling up the DagBag from /opt/airflow/dags/06_multi_dag_step2_transform.py
[2026-04-14T12:31:08.311+0900] {processor.py:925} INFO - DAG(s) '06_multi_dag_step2_transform' retrieved from /opt/airflow/dags/06_multi_dag_step2_transform.py
[2026-04-14T12:31:08.330+0900] {logging_mixin.py:190} INFO - [2026-04-14T12:31:08.330+0900] {dag.py:3211} INFO - Sync 1 DAGs
[2026-04-14T12:31:08.488+0900] {logging_mixin.py:190} INFO - [2026-04-14T12:31:08.488+0900] {dag.py:4138} INFO - Setting next_dagrun for 06_multi_dag_step2_transform to None, run_after=None
[2026-04-14T12:31:08.537+0900] {processor.py:208} INFO - Processing /opt/airflow/dags/06_multi_dag_step2_transform.py took 0.456 seconds
[2026-04-14T12:31:39.158+0900] {processor.py:186} INFO - Started process (PID=44985) to work on /opt/airflow/dags/06_multi_dag_step2_transform.py
[2026-04-14T12:31:39.159+0900] {processor.py:914} INFO - Processing file /opt/airflow/dags/06_multi_dag_step2_transform.py for tasks to queue
[2026-04-14T12:31:39.162+0900] {logging_mixin.py:190} INFO - [2026-04-14T12:31:39.162+0900] {dagbag.py:587} INFO - Filling up the DagBag from /opt/airflow/dags/06_multi_dag_step2_transform.py
[2026-04-14T12:31:39.567+0900] {processor.py:925} INFO - DAG(s) '06_multi_dag_step2_transform' retrieved from /opt/airflow/dags/06_multi_dag_step2_transform.py
[2026-04-14T12:31:39.587+0900] {logging_mixin.py:190} INFO - [2026-04-14T12:31:39.587+0900] {dag.py:3211} INFO - Sync 1 DAGs
[2026-04-14T12:31:39.602+0900] {logging_mixin.py:190} INFO - [2026-04-14T12:31:39.602+0900] {dag.py:4138} INFO - Setting next_dagrun for 06_multi_dag_step2_transform to None, run_after=None
[2026-04-14T12:31:39.624+0900] {processor.py:208} INFO - Processing /opt/airflow/dags/06_multi_dag_step2_transform.py took 0.471 seconds
[2026-04-14T12:32:10.168+0900] {processor.py:186} INFO - Started process (PID=45004) to work on /opt/airflow/dags/06_multi_dag_step2_transform.py
[2026-04-14T12:32:10.170+0900] {processor.py:914} INFO - Processing file /opt/airflow/dags/06_multi_dag_step2_transform.py for tasks to queue
[2026-04-14T12:32:10.177+0900] {logging_mixin.py:190} INFO - [2026-04-14T12:32:10.177+0900] {dagbag.py:587} INFO - Filling up the DagBag from /opt/airflow/dags/06_multi_dag_step2_transform.py
[2026-04-14T12:32:10.528+0900] {processor.py:925} INFO - DAG(s) '06_multi_dag_step2_transform' retrieved from /opt/airflow/dags/06_multi_dag_step2_transform.py
[2026-04-14T12:32:10.566+0900] {logging_mixin.py:190} INFO - [2026-04-14T12:32:10.565+0900] {dag.py:3211} INFO - Sync 1 DAGs
[2026-04-14T12:32:10.579+0900] {logging_mixin.py:190} INFO - [2026-04-14T12:32:10.579+0900] {dag.py:4138} INFO - Setting next_dagrun for 06_multi_dag_step2_transform to None, run_after=None
[2026-04-14T12:32:10.599+0900] {processor.py:208} INFO - Processing /opt/airflow/dags/06_multi_dag_step2_transform.py took 0.434 seconds
[2026-04-14T12:32:41.118+0900] {processor.py:186} INFO - Started process (PID=45023) to work on /opt/airflow/dags/06_multi_dag_step2_transform.py
[2026-04-14T12:32:41.119+0900] {processor.py:914} INFO - Processing file /opt/airflow/dags/06_multi_dag_step2_transform.py for tasks to queue
[2026-04-14T12:32:41.121+0900] {logging_mixin.py:190} INFO - [2026-04-14T12:32:41.121+0900] {dagbag.py:587} INFO - Filling up the DagBag from /opt/airflow/dags/06_multi_dag_step2_transform.py
[2026-04-14T12:32:41.356+0900] {processor.py:925} INFO - DAG(s) '06_multi_dag_step2_transform' retrieved from /opt/airflow/dags/06_multi_dag_step2_transform.py
[2026-04-14T12:32:41.376+0900] {logging_mixin.py:190} INFO - [2026-04-14T12:32:41.375+0900] {dag.py:3211} INFO - Sync 1 DAGs
[2026-04-14T12:32:41.531+0900] {logging_mixin.py:190} INFO - [2026-04-14T12:32:41.531+0900] {dag.py:4138} INFO - Setting next_dagrun for 06_multi_dag_step2_transform to None, run_after=None
[2026-04-14T12:32:41.554+0900] {processor.py:208} INFO - Processing /opt/airflow/dags/06_multi_dag_step2_transform.py took 0.441 seconds
[2026-04-14T12:33:11.661+0900] {processor.py:186} INFO - Started process (PID=45042) to work on /opt/airflow/dags/06_multi_dag_step2_transform.py
[2026-04-14T12:33:11.662+0900] {processor.py:914} INFO - Processing file /opt/airflow/dags/06_multi_dag_step2_transform.py for tasks to queue
[2026-04-14T12:33:11.665+0900] {logging_mixin.py:190} INFO - [2026-04-14T12:33:11.665+0900] {dagbag.py:587} INFO - Filling up the DagBag from /opt/airflow/dags/06_multi_dag_step2_transform.py
[2026-04-14T12:33:11.930+0900] {processor.py:925} INFO - DAG(s) '06_multi_dag_step2_transform' retrieved from /opt/airflow/dags/06_multi_dag_step2_transform.py
[2026-04-14T12:33:12.073+0900] {logging_mixin.py:190} INFO - [2026-04-14T12:33:12.073+0900] {dag.py:3211} INFO - Sync 1 DAGs
[2026-04-14T12:33:12.086+0900] {logging_mixin.py:190} INFO - [2026-04-14T12:33:12.086+0900] {dag.py:4138} INFO - Setting next_dagrun for 06_multi_dag_step2_transform to None, run_after=None
[2026-04-14T12:33:12.124+0900] {processor.py:208} INFO - Processing /opt/airflow/dags/06_multi_dag_step2_transform.py took 0.469 seconds
[2026-04-14T12:33:42.929+0900] {processor.py:186} INFO - Started process (PID=45061) to work on /opt/airflow/dags/06_multi_dag_step2_transform.py
[2026-04-14T12:33:42.930+0900] {processor.py:914} INFO - Processing file /opt/airflow/dags/06_multi_dag_step2_transform.py for tasks to queue
[2026-04-14T12:33:42.933+0900] {logging_mixin.py:190} INFO - [2026-04-14T12:33:42.933+0900] {dagbag.py:587} INFO - Filling up the DagBag from /opt/airflow/dags/06_multi_dag_step2_transform.py
[2026-04-14T12:33:43.311+0900] {processor.py:925} INFO - DAG(s) '06_multi_dag_step2_transform' retrieved from /opt/airflow/dags/06_multi_dag_step2_transform.py
[2026-04-14T12:33:43.328+0900] {logging_mixin.py:190} INFO - [2026-04-14T12:33:43.327+0900] {dag.py:3211} INFO - Sync 1 DAGs
[2026-04-14T12:33:43.341+0900] {logging_mixin.py:190} INFO - [2026-04-14T12:33:43.340+0900] {dag.py:4138} INFO - Setting next_dagrun for 06_multi_dag_step2_transform to None, run_after=None
[2026-04-14T12:33:43.359+0900] {processor.py:208} INFO - Processing /opt/airflow/dags/06_multi_dag_step2_transform.py took 0.435 seconds
[2026-04-14T12:34:14.299+0900] {processor.py:186} INFO - Started process (PID=45079) to work on /opt/airflow/dags/06_multi_dag_step2_transform.py
[2026-04-14T12:34:14.300+0900] {processor.py:914} INFO - Processing file /opt/airflow/dags/06_multi_dag_step2_transform.py for tasks to queue
[2026-04-14T12:34:14.303+0900] {logging_mixin.py:190} INFO - [2026-04-14T12:34:14.302+0900] {dagbag.py:587} INFO - Filling up the DagBag from /opt/airflow/dags/06_multi_dag_step2_transform.py
[2026-04-14T12:34:14.547+0900] {processor.py:925} INFO - DAG(s) '06_multi_dag_step2_transform' retrieved from /opt/airflow/dags/06_multi_dag_step2_transform.py
[2026-04-14T12:34:14.569+0900] {logging_mixin.py:190} INFO - [2026-04-14T12:34:14.569+0900] {dag.py:3211} INFO - Sync 1 DAGs
[2026-04-14T12:34:14.723+0900] {logging_mixin.py:190} INFO - [2026-04-14T12:34:14.723+0900] {dag.py:4138} INFO - Setting next_dagrun for 06_multi_dag_step2_transform to None, run_after=None
[2026-04-14T12:34:14.740+0900] {processor.py:208} INFO - Processing /opt/airflow/dags/06_multi_dag_step2_transform.py took 0.448 seconds
[2026-04-14T12:34:45.060+0900] {processor.py:186} INFO - Started process (PID=45098) to work on /opt/airflow/dags/06_multi_dag_step2_transform.py
[2026-04-14T12:34:45.061+0900] {processor.py:914} INFO - Processing file /opt/airflow/dags/06_multi_dag_step2_transform.py for tasks to queue
[2026-04-14T12:34:45.063+0900] {logging_mixin.py:190} INFO - [2026-04-14T12:34:45.063+0900] {dagbag.py:587} INFO - Filling up the DagBag from /opt/airflow/dags/06_multi_dag_step2_transform.py
[2026-04-14T12:34:45.288+0900] {processor.py:925} INFO - DAG(s) '06_multi_dag_step2_transform' retrieved from /opt/airflow/dags/06_multi_dag_step2_transform.py
[2026-04-14T12:34:45.427+0900] {logging_mixin.py:190} INFO - [2026-04-14T12:34:45.427+0900] {dag.py:3211} INFO - Sync 1 DAGs
[2026-04-14T12:34:45.440+0900] {logging_mixin.py:190} INFO - [2026-04-14T12:34:45.440+0900] {dag.py:4138} INFO - Setting next_dagrun for 06_multi_dag_step2_transform to None, run_after=None
[2026-04-14T12:34:45.486+0900] {processor.py:208} INFO - Processing /opt/airflow/dags/06_multi_dag_step2_transform.py took 0.431 seconds
[2026-04-14T12:35:15.997+0900] {processor.py:186} INFO - Started process (PID=45117) to work on /opt/airflow/dags/06_multi_dag_step2_transform.py
[2026-04-14T12:35:15.998+0900] {processor.py:914} INFO - Processing file /opt/airflow/dags/06_multi_dag_step2_transform.py for tasks to queue
[2026-04-14T12:35:16.001+0900] {logging_mixin.py:190} INFO - [2026-04-14T12:35:16.000+0900] {dagbag.py:587} INFO - Filling up the DagBag from /opt/airflow/dags/06_multi_dag_step2_transform.py
[2026-04-14T12:35:16.418+0900] {processor.py:925} INFO - DAG(s) '06_multi_dag_step2_transform' retrieved from /opt/airflow/dags/06_multi_dag_step2_transform.py
[2026-04-14T12:35:16.446+0900] {logging_mixin.py:190} INFO - [2026-04-14T12:35:16.445+0900] {dag.py:3211} INFO - Sync 1 DAGs
[2026-04-14T12:35:16.469+0900] {logging_mixin.py:190} INFO - [2026-04-14T12:35:16.469+0900] {dag.py:4138} INFO - Setting next_dagrun for 06_multi_dag_step2_transform to None, run_after=None
[2026-04-14T12:35:16.501+0900] {processor.py:208} INFO - Processing /opt/airflow/dags/06_multi_dag_step2_transform.py took 0.509 seconds
[2026-04-14T12:35:47.185+0900] {processor.py:186} INFO - Started process (PID=45136) to work on /opt/airflow/dags/06_multi_dag_step2_transform.py
[2026-04-14T12:35:47.186+0900] {processor.py:914} INFO - Processing file /opt/airflow/dags/06_multi_dag_step2_transform.py for tasks to queue
[2026-04-14T12:35:47.189+0900] {logging_mixin.py:190} INFO - [2026-04-14T12:35:47.188+0900] {dagbag.py:587} INFO - Filling up the DagBag from /opt/airflow/dags/06_multi_dag_step2_transform.py
[2026-04-14T12:35:47.586+0900] {processor.py:925} INFO - DAG(s) '06_multi_dag_step2_transform' retrieved from /opt/airflow/dags/06_multi_dag_step2_transform.py
[2026-04-14T12:35:47.606+0900] {logging_mixin.py:190} INFO - [2026-04-14T12:35:47.605+0900] {dag.py:3211} INFO - Sync 1 DAGs
[2026-04-14T12:35:47.625+0900] {logging_mixin.py:190} INFO - [2026-04-14T12:35:47.625+0900] {dag.py:4138} INFO - Setting next_dagrun for 06_multi_dag_step2_transform to None, run_after=None
[2026-04-14T12:35:47.646+0900] {processor.py:208} INFO - Processing /opt/airflow/dags/06_multi_dag_step2_transform.py took 0.467 seconds
[2026-04-14T12:36:17.962+0900] {processor.py:186} INFO - Started process (PID=45155) to work on /opt/airflow/dags/06_multi_dag_step2_transform.py
[2026-04-14T12:36:17.963+0900] {processor.py:914} INFO - Processing file /opt/airflow/dags/06_multi_dag_step2_transform.py for tasks to queue
[2026-04-14T12:36:17.965+0900] {logging_mixin.py:190} INFO - [2026-04-14T12:36:17.965+0900] {dagbag.py:587} INFO - Filling up the DagBag from /opt/airflow/dags/06_multi_dag_step2_transform.py
[2026-04-14T12:36:18.370+0900] {processor.py:925} INFO - DAG(s) '06_multi_dag_step2_transform' retrieved from /opt/airflow/dags/06_multi_dag_step2_transform.py
[2026-04-14T12:36:18.388+0900] {logging_mixin.py:190} INFO - [2026-04-14T12:36:18.388+0900] {dag.py:3211} INFO - Sync 1 DAGs
[2026-04-14T12:36:18.405+0900] {logging_mixin.py:190} INFO - [2026-04-14T12:36:18.404+0900] {dag.py:4138} INFO - Setting next_dagrun for 06_multi_dag_step2_transform to None, run_after=None
[2026-04-14T12:36:18.455+0900] {processor.py:208} INFO - Processing /opt/airflow/dags/06_multi_dag_step2_transform.py took 0.497 seconds
[2026-04-14T12:36:49.057+0900] {processor.py:186} INFO - Started process (PID=45174) to work on /opt/airflow/dags/06_multi_dag_step2_transform.py
[2026-04-14T12:36:49.059+0900] {processor.py:914} INFO - Processing file /opt/airflow/dags/06_multi_dag_step2_transform.py for tasks to queue
[2026-04-14T12:36:49.061+0900] {logging_mixin.py:190} INFO - [2026-04-14T12:36:49.061+0900] {dagbag.py:587} INFO - Filling up the DagBag from /opt/airflow/dags/06_multi_dag_step2_transform.py
[2026-04-14T12:36:49.447+0900] {processor.py:925} INFO - DAG(s) '06_multi_dag_step2_transform' retrieved from /opt/airflow/dags/06_multi_dag_step2_transform.py
[2026-04-14T12:36:49.463+0900] {logging_mixin.py:190} INFO - [2026-04-14T12:36:49.463+0900] {dag.py:3211} INFO - Sync 1 DAGs
[2026-04-14T12:36:49.476+0900] {logging_mixin.py:190} INFO - [2026-04-14T12:36:49.476+0900] {dag.py:4138} INFO - Setting next_dagrun for 06_multi_dag_step2_transform to None, run_after=None
[2026-04-14T12:36:49.525+0900] {processor.py:208} INFO - Processing /opt/airflow/dags/06_multi_dag_step2_transform.py took 0.473 seconds
[2026-04-14T12:37:20.358+0900] {processor.py:186} INFO - Started process (PID=45193) to work on /opt/airflow/dags/06_multi_dag_step2_transform.py
[2026-04-14T12:37:20.360+0900] {processor.py:914} INFO - Processing file /opt/airflow/dags/06_multi_dag_step2_transform.py for tasks to queue
[2026-04-14T12:37:20.362+0900] {logging_mixin.py:190} INFO - [2026-04-14T12:37:20.362+0900] {dagbag.py:587} INFO - Filling up the DagBag from /opt/airflow/dags/06_multi_dag_step2_transform.py
[2026-04-14T12:37:20.789+0900] {processor.py:925} INFO - DAG(s) '06_multi_dag_step2_transform' retrieved from /opt/airflow/dags/06_multi_dag_step2_transform.py
[2026-04-14T12:37:20.811+0900] {logging_mixin.py:190} INFO - [2026-04-14T12:37:20.810+0900] {dag.py:3211} INFO - Sync 1 DAGs
[2026-04-14T12:37:20.829+0900] {logging_mixin.py:190} INFO - [2026-04-14T12:37:20.828+0900] {dag.py:4138} INFO - Setting next_dagrun for 06_multi_dag_step2_transform to None, run_after=None
[2026-04-14T12:37:20.872+0900] {processor.py:208} INFO - Processing /opt/airflow/dags/06_multi_dag_step2_transform.py took 0.518 seconds
[2026-04-14T12:37:51.965+0900] {processor.py:186} INFO - Started process (PID=45212) to work on /opt/airflow/dags/06_multi_dag_step2_transform.py
[2026-04-14T12:37:51.966+0900] {processor.py:914} INFO - Processing file /opt/airflow/dags/06_multi_dag_step2_transform.py for tasks to queue
[2026-04-14T12:37:51.970+0900] {logging_mixin.py:190} INFO - [2026-04-14T12:37:51.970+0900] {dagbag.py:587} INFO - Filling up the DagBag from /opt/airflow/dags/06_multi_dag_step2_transform.py
[2026-04-14T12:37:52.354+0900] {processor.py:925} INFO - DAG(s) '06_multi_dag_step2_transform' retrieved from /opt/airflow/dags/06_multi_dag_step2_transform.py
[2026-04-14T12:37:52.372+0900] {logging_mixin.py:190} INFO - [2026-04-14T12:37:52.372+0900] {dag.py:3211} INFO - Sync 1 DAGs
[2026-04-14T12:37:52.386+0900] {logging_mixin.py:190} INFO - [2026-04-14T12:37:52.386+0900] {dag.py:4138} INFO - Setting next_dagrun for 06_multi_dag_step2_transform to None, run_after=None
[2026-04-14T12:37:52.434+0900] {processor.py:208} INFO - Processing /opt/airflow/dags/06_multi_dag_step2_transform.py took 0.473 seconds
[2026-04-14T12:38:22.606+0900] {processor.py:186} INFO - Started process (PID=45231) to work on /opt/airflow/dags/06_multi_dag_step2_transform.py
[2026-04-14T12:38:22.607+0900] {processor.py:914} INFO - Processing file /opt/airflow/dags/06_multi_dag_step2_transform.py for tasks to queue
[2026-04-14T12:38:22.609+0900] {logging_mixin.py:190} INFO - [2026-04-14T12:38:22.609+0900] {dagbag.py:587} INFO - Filling up the DagBag from /opt/airflow/dags/06_multi_dag_step2_transform.py
[2026-04-14T12:38:22.965+0900] {processor.py:925} INFO - DAG(s) '06_multi_dag_step2_transform' retrieved from /opt/airflow/dags/06_multi_dag_step2_transform.py
[2026-04-14T12:38:22.982+0900] {logging_mixin.py:190} INFO - [2026-04-14T12:38:22.981+0900] {dag.py:3211} INFO - Sync 1 DAGs
[2026-04-14T12:38:22.996+0900] {logging_mixin.py:190} INFO - [2026-04-14T12:38:22.996+0900] {dag.py:4138} INFO - Setting next_dagrun for 06_multi_dag_step2_transform to None, run_after=None
[2026-04-14T12:38:23.045+0900] {processor.py:208} INFO - Processing /opt/airflow/dags/06_multi_dag_step2_transform.py took 0.444 seconds
[2026-04-14T12:38:53.770+0900] {processor.py:186} INFO - Started process (PID=45250) to work on /opt/airflow/dags/06_multi_dag_step2_transform.py
[2026-04-14T12:38:53.771+0900] {processor.py:914} INFO - Processing file /opt/airflow/dags/06_multi_dag_step2_transform.py for tasks to queue
[2026-04-14T12:38:53.774+0900] {logging_mixin.py:190} INFO - [2026-04-14T12:38:53.773+0900] {dagbag.py:587} INFO - Filling up the DagBag from /opt/airflow/dags/06_multi_dag_step2_transform.py
[2026-04-14T12:38:54.130+0900] {processor.py:925} INFO - DAG(s) '06_multi_dag_step2_transform' retrieved from /opt/airflow/dags/06_multi_dag_step2_transform.py
[2026-04-14T12:38:54.145+0900] {logging_mixin.py:190} INFO - [2026-04-14T12:38:54.145+0900] {dag.py:3211} INFO - Sync 1 DAGs
[2026-04-14T12:38:54.159+0900] {logging_mixin.py:190} INFO - [2026-04-14T12:38:54.159+0900] {dag.py:4138} INFO - Setting next_dagrun for 06_multi_dag_step2_transform to None, run_after=None
[2026-04-14T12:38:54.203+0900] {processor.py:208} INFO - Processing /opt/airflow/dags/06_multi_dag_step2_transform.py took 0.438 seconds
[2026-04-14T12:39:24.889+0900] {processor.py:186} INFO - Started process (PID=45269) to work on /opt/airflow/dags/06_multi_dag_step2_transform.py
[2026-04-14T12:39:24.890+0900] {processor.py:914} INFO - Processing file /opt/airflow/dags/06_multi_dag_step2_transform.py for tasks to queue
[2026-04-14T12:39:24.892+0900] {logging_mixin.py:190} INFO - [2026-04-14T12:39:24.892+0900] {dagbag.py:587} INFO - Filling up the DagBag from /opt/airflow/dags/06_multi_dag_step2_transform.py
[2026-04-14T12:39:25.248+0900] {processor.py:925} INFO - DAG(s) '06_multi_dag_step2_transform' retrieved from /opt/airflow/dags/06_multi_dag_step2_transform.py
[2026-04-14T12:39:25.264+0900] {logging_mixin.py:190} INFO - [2026-04-14T12:39:25.264+0900] {dag.py:3211} INFO - Sync 1 DAGs
[2026-04-14T12:39:25.278+0900] {logging_mixin.py:190} INFO - [2026-04-14T12:39:25.278+0900] {dag.py:4138} INFO - Setting next_dagrun for 06_multi_dag_step2_transform to None, run_after=None
[2026-04-14T12:39:25.296+0900] {processor.py:208} INFO - Processing /opt/airflow/dags/06_multi_dag_step2_transform.py took 0.412 seconds
[2026-04-14T12:39:55.584+0900] {processor.py:186} INFO - Started process (PID=45288) to work on /opt/airflow/dags/06_multi_dag_step2_transform.py
[2026-04-14T12:39:55.585+0900] {processor.py:914} INFO - Processing file /opt/airflow/dags/06_multi_dag_step2_transform.py for tasks to queue
[2026-04-14T12:39:55.588+0900] {logging_mixin.py:190} INFO - [2026-04-14T12:39:55.588+0900] {dagbag.py:587} INFO - Filling up the DagBag from /opt/airflow/dags/06_multi_dag_step2_transform.py
[2026-04-14T12:39:55.936+0900] {processor.py:925} INFO - DAG(s) '06_multi_dag_step2_transform' retrieved from /opt/airflow/dags/06_multi_dag_step2_transform.py
[2026-04-14T12:39:55.952+0900] {logging_mixin.py:190} INFO - [2026-04-14T12:39:55.952+0900] {dag.py:3211} INFO - Sync 1 DAGs
[2026-04-14T12:39:55.965+0900] {logging_mixin.py:190} INFO - [2026-04-14T12:39:55.965+0900] {dag.py:4138} INFO - Setting next_dagrun for 06_multi_dag_step2_transform to None, run_after=None
[2026-04-14T12:39:55.987+0900] {processor.py:208} INFO - Processing /opt/airflow/dags/06_multi_dag_step2_transform.py took 0.409 seconds
[2026-04-14T12:40:27.061+0900] {processor.py:186} INFO - Started process (PID=45310) to work on /opt/airflow/dags/06_multi_dag_step2_transform.py
[2026-04-14T12:40:27.062+0900] {processor.py:914} INFO - Processing file /opt/airflow/dags/06_multi_dag_step2_transform.py for tasks to queue
[2026-04-14T12:40:27.064+0900] {logging_mixin.py:190} INFO - [2026-04-14T12:40:27.064+0900] {dagbag.py:587} INFO - Filling up the DagBag from /opt/airflow/dags/06_multi_dag_step2_transform.py
[2026-04-14T12:40:27.445+0900] {processor.py:925} INFO - DAG(s) '06_multi_dag_step2_transform' retrieved from /opt/airflow/dags/06_multi_dag_step2_transform.py
[2026-04-14T12:40:27.462+0900] {logging_mixin.py:190} INFO - [2026-04-14T12:40:27.462+0900] {dag.py:3211} INFO - Sync 1 DAGs
[2026-04-14T12:40:27.477+0900] {logging_mixin.py:190} INFO - [2026-04-14T12:40:27.477+0900] {dag.py:4138} INFO - Setting next_dagrun for 06_multi_dag_step2_transform to None, run_after=None
[2026-04-14T12:40:27.524+0900] {processor.py:208} INFO - Processing /opt/airflow/dags/06_multi_dag_step2_transform.py took 0.467 seconds
[2026-04-14T12:40:57.762+0900] {processor.py:186} INFO - Started process (PID=45327) to work on /opt/airflow/dags/06_multi_dag_step2_transform.py
[2026-04-14T12:40:57.763+0900] {processor.py:914} INFO - Processing file /opt/airflow/dags/06_multi_dag_step2_transform.py for tasks to queue
[2026-04-14T12:40:57.766+0900] {logging_mixin.py:190} INFO - [2026-04-14T12:40:57.766+0900] {dagbag.py:587} INFO - Filling up the DagBag from /opt/airflow/dags/06_multi_dag_step2_transform.py
[2026-04-14T12:40:58.184+0900] {processor.py:925} INFO - DAG(s) '06_multi_dag_step2_transform' retrieved from /opt/airflow/dags/06_multi_dag_step2_transform.py
[2026-04-14T12:40:58.201+0900] {logging_mixin.py:190} INFO - [2026-04-14T12:40:58.201+0900] {dag.py:3211} INFO - Sync 1 DAGs
[2026-04-14T12:40:58.216+0900] {logging_mixin.py:190} INFO - [2026-04-14T12:40:58.216+0900] {dag.py:4138} INFO - Setting next_dagrun for 06_multi_dag_step2_transform to None, run_after=None
[2026-04-14T12:40:58.258+0900] {processor.py:208} INFO - Processing /opt/airflow/dags/06_multi_dag_step2_transform.py took 0.503 seconds
[2026-04-14T12:41:29.161+0900] {processor.py:186} INFO - Started process (PID=45346) to work on /opt/airflow/dags/06_multi_dag_step2_transform.py
[2026-04-14T12:41:29.162+0900] {processor.py:914} INFO - Processing file /opt/airflow/dags/06_multi_dag_step2_transform.py for tasks to queue
[2026-04-14T12:41:29.164+0900] {logging_mixin.py:190} INFO - [2026-04-14T12:41:29.164+0900] {dagbag.py:587} INFO - Filling up the DagBag from /opt/airflow/dags/06_multi_dag_step2_transform.py
[2026-04-14T12:41:29.529+0900] {processor.py:925} INFO - DAG(s) '06_multi_dag_step2_transform' retrieved from /opt/airflow/dags/06_multi_dag_step2_transform.py
[2026-04-14T12:41:29.545+0900] {logging_mixin.py:190} INFO - [2026-04-14T12:41:29.545+0900] {dag.py:3211} INFO - Sync 1 DAGs
[2026-04-14T12:41:29.560+0900] {logging_mixin.py:190} INFO - [2026-04-14T12:41:29.560+0900] {dag.py:4138} INFO - Setting next_dagrun for 06_multi_dag_step2_transform to None, run_after=None
[2026-04-14T12:41:29.609+0900] {processor.py:208} INFO - Processing /opt/airflow/dags/06_multi_dag_step2_transform.py took 0.453 seconds
[2026-04-14T12:41:59.940+0900] {processor.py:186} INFO - Started process (PID=45365) to work on /opt/airflow/dags/06_multi_dag_step2_transform.py
[2026-04-14T12:41:59.941+0900] {processor.py:914} INFO - Processing file /opt/airflow/dags/06_multi_dag_step2_transform.py for tasks to queue
[2026-04-14T12:41:59.943+0900] {logging_mixin.py:190} INFO - [2026-04-14T12:41:59.943+0900] {dagbag.py:587} INFO - Filling up the DagBag from /opt/airflow/dags/06_multi_dag_step2_transform.py
[2026-04-14T12:42:00.386+0900] {processor.py:925} INFO - DAG(s) '06_multi_dag_step2_transform' retrieved from /opt/airflow/dags/06_multi_dag_step2_transform.py
[2026-04-14T12:42:00.402+0900] {logging_mixin.py:190} INFO - [2026-04-14T12:42:00.402+0900] {dag.py:3211} INFO - Sync 1 DAGs
[2026-04-14T12:42:00.417+0900] {logging_mixin.py:190} INFO - [2026-04-14T12:42:00.417+0900] {dag.py:4138} INFO - Setting next_dagrun for 06_multi_dag_step2_transform to None, run_after=None
[2026-04-14T12:42:00.436+0900] {processor.py:208} INFO - Processing /opt/airflow/dags/06_multi_dag_step2_transform.py took 0.501 seconds
[2026-04-14T12:42:31.266+0900] {processor.py:186} INFO - Started process (PID=45384) to work on /opt/airflow/dags/06_multi_dag_step2_transform.py
[2026-04-14T12:42:31.267+0900] {processor.py:914} INFO - Processing file /opt/airflow/dags/06_multi_dag_step2_transform.py for tasks to queue
[2026-04-14T12:42:31.269+0900] {logging_mixin.py:190} INFO - [2026-04-14T12:42:31.269+0900] {dagbag.py:587} INFO - Filling up the DagBag from /opt/airflow/dags/06_multi_dag_step2_transform.py
[2026-04-14T12:42:31.640+0900] {processor.py:925} INFO - DAG(s) '06_multi_dag_step2_transform' retrieved from /opt/airflow/dags/06_multi_dag_step2_transform.py
[2026-04-14T12:42:31.658+0900] {logging_mixin.py:190} INFO - [2026-04-14T12:42:31.657+0900] {dag.py:3211} INFO - Sync 1 DAGs
[2026-04-14T12:42:31.671+0900] {logging_mixin.py:190} INFO - [2026-04-14T12:42:31.671+0900] {dag.py:4138} INFO - Setting next_dagrun for 06_multi_dag_step2_transform to None, run_after=None
[2026-04-14T12:42:31.691+0900] {processor.py:208} INFO - Processing /opt/airflow/dags/06_multi_dag_step2_transform.py took 0.429 seconds
[2026-04-14T12:43:02.797+0900] {processor.py:186} INFO - Started process (PID=45403) to work on /opt/airflow/dags/06_multi_dag_step2_transform.py
[2026-04-14T12:43:02.799+0900] {processor.py:914} INFO - Processing file /opt/airflow/dags/06_multi_dag_step2_transform.py for tasks to queue
[2026-04-14T12:43:02.805+0900] {logging_mixin.py:190} INFO - [2026-04-14T12:43:02.804+0900] {dagbag.py:587} INFO - Filling up the DagBag from /opt/airflow/dags/06_multi_dag_step2_transform.py
[2026-04-14T12:43:03.168+0900] {processor.py:925} INFO - DAG(s) '06_multi_dag_step2_transform' retrieved from /opt/airflow/dags/06_multi_dag_step2_transform.py
[2026-04-14T12:43:03.184+0900] {logging_mixin.py:190} INFO - [2026-04-14T12:43:03.184+0900] {dag.py:3211} INFO - Sync 1 DAGs
[2026-04-14T12:43:03.198+0900] {logging_mixin.py:190} INFO - [2026-04-14T12:43:03.198+0900] {dag.py:4138} INFO - Setting next_dagrun for 06_multi_dag_step2_transform to None, run_after=None
[2026-04-14T12:43:03.229+0900] {processor.py:208} INFO - Processing /opt/airflow/dags/06_multi_dag_step2_transform.py took 0.442 seconds
[2026-04-14T12:43:33.991+0900] {processor.py:186} INFO - Started process (PID=45422) to work on /opt/airflow/dags/06_multi_dag_step2_transform.py
[2026-04-14T12:43:33.992+0900] {processor.py:914} INFO - Processing file /opt/airflow/dags/06_multi_dag_step2_transform.py for tasks to queue
[2026-04-14T12:43:33.994+0900] {logging_mixin.py:190} INFO - [2026-04-14T12:43:33.994+0900] {dagbag.py:587} INFO - Filling up the DagBag from /opt/airflow/dags/06_multi_dag_step2_transform.py
[2026-04-14T12:43:34.370+0900] {processor.py:925} INFO - DAG(s) '06_multi_dag_step2_transform' retrieved from /opt/airflow/dags/06_multi_dag_step2_transform.py
[2026-04-14T12:43:34.388+0900] {logging_mixin.py:190} INFO - [2026-04-14T12:43:34.387+0900] {dag.py:3211} INFO - Sync 1 DAGs
[2026-04-14T12:43:34.403+0900] {logging_mixin.py:190} INFO - [2026-04-14T12:43:34.402+0900] {dag.py:4138} INFO - Setting next_dagrun for 06_multi_dag_step2_transform to None, run_after=None
[2026-04-14T12:43:34.452+0900] {processor.py:208} INFO - Processing /opt/airflow/dags/06_multi_dag_step2_transform.py took 0.467 seconds
[2026-04-14T12:44:05.317+0900] {processor.py:186} INFO - Started process (PID=45441) to work on /opt/airflow/dags/06_multi_dag_step2_transform.py
[2026-04-14T12:44:05.318+0900] {processor.py:914} INFO - Processing file /opt/airflow/dags/06_multi_dag_step2_transform.py for tasks to queue
[2026-04-14T12:44:05.321+0900] {logging_mixin.py:190} INFO - [2026-04-14T12:44:05.321+0900] {dagbag.py:587} INFO - Filling up the DagBag from /opt/airflow/dags/06_multi_dag_step2_transform.py
[2026-04-14T12:44:05.677+0900] {processor.py:925} INFO - DAG(s) '06_multi_dag_step2_transform' retrieved from /opt/airflow/dags/06_multi_dag_step2_transform.py
[2026-04-14T12:44:05.696+0900] {logging_mixin.py:190} INFO - [2026-04-14T12:44:05.695+0900] {dag.py:3211} INFO - Sync 1 DAGs
[2026-04-14T12:44:05.709+0900] {logging_mixin.py:190} INFO - [2026-04-14T12:44:05.709+0900] {dag.py:4138} INFO - Setting next_dagrun for 06_multi_dag_step2_transform to None, run_after=None
[2026-04-14T12:44:05.735+0900] {processor.py:208} INFO - Processing /opt/airflow/dags/06_multi_dag_step2_transform.py took 0.427 seconds
[2026-04-14T12:44:36.616+0900] {processor.py:186} INFO - Started process (PID=45460) to work on /opt/airflow/dags/06_multi_dag_step2_transform.py
[2026-04-14T12:44:36.618+0900] {processor.py:914} INFO - Processing file /opt/airflow/dags/06_multi_dag_step2_transform.py for tasks to queue
[2026-04-14T12:44:36.622+0900] {logging_mixin.py:190} INFO - [2026-04-14T12:44:36.621+0900] {dagbag.py:587} INFO - Filling up the DagBag from /opt/airflow/dags/06_multi_dag_step2_transform.py
[2026-04-14T12:44:37.026+0900] {processor.py:925} INFO - DAG(s) '06_multi_dag_step2_transform' retrieved from /opt/airflow/dags/06_multi_dag_step2_transform.py
[2026-04-14T12:44:37.044+0900] {logging_mixin.py:190} INFO - [2026-04-14T12:44:37.044+0900] {dag.py:3211} INFO - Sync 1 DAGs
[2026-04-14T12:44:37.059+0900] {logging_mixin.py:190} INFO - [2026-04-14T12:44:37.058+0900] {dag.py:4138} INFO - Setting next_dagrun for 06_multi_dag_step2_transform to None, run_after=None
[2026-04-14T12:44:37.079+0900] {processor.py:208} INFO - Processing /opt/airflow/dags/06_multi_dag_step2_transform.py took 0.470 seconds
[2026-04-14T12:45:07.958+0900] {processor.py:186} INFO - Started process (PID=45485) to work on /opt/airflow/dags/06_multi_dag_step2_transform.py
[2026-04-14T12:45:07.959+0900] {processor.py:914} INFO - Processing file /opt/airflow/dags/06_multi_dag_step2_transform.py for tasks to queue
[2026-04-14T12:45:07.963+0900] {logging_mixin.py:190} INFO - [2026-04-14T12:45:07.963+0900] {dagbag.py:587} INFO - Filling up the DagBag from /opt/airflow/dags/06_multi_dag_step2_transform.py
[2026-04-14T12:45:08.366+0900] {processor.py:925} INFO - DAG(s) '06_multi_dag_step2_transform' retrieved from /opt/airflow/dags/06_multi_dag_step2_transform.py
[2026-04-14T12:45:08.381+0900] {logging_mixin.py:190} INFO - [2026-04-14T12:45:08.381+0900] {dag.py:3211} INFO - Sync 1 DAGs
[2026-04-14T12:45:08.396+0900] {logging_mixin.py:190} INFO - [2026-04-14T12:45:08.396+0900] {dag.py:4138} INFO - Setting next_dagrun for 06_multi_dag_step2_transform to None, run_after=None
[2026-04-14T12:45:08.445+0900] {processor.py:208} INFO - Processing /opt/airflow/dags/06_multi_dag_step2_transform.py took 0.494 seconds
[2026-04-14T12:45:39.331+0900] {processor.py:186} INFO - Started process (PID=45504) to work on /opt/airflow/dags/06_multi_dag_step2_transform.py
[2026-04-14T12:45:39.332+0900] {processor.py:914} INFO - Processing file /opt/airflow/dags/06_multi_dag_step2_transform.py for tasks to queue
[2026-04-14T12:45:39.335+0900] {logging_mixin.py:190} INFO - [2026-04-14T12:45:39.335+0900] {dagbag.py:587} INFO - Filling up the DagBag from /opt/airflow/dags/06_multi_dag_step2_transform.py
[2026-04-14T12:45:39.731+0900] {processor.py:925} INFO - DAG(s) '06_multi_dag_step2_transform' retrieved from /opt/airflow/dags/06_multi_dag_step2_transform.py
[2026-04-14T12:45:39.750+0900] {logging_mixin.py:190} INFO - [2026-04-14T12:45:39.750+0900] {dag.py:3211} INFO - Sync 1 DAGs
[2026-04-14T12:45:39.764+0900] {logging_mixin.py:190} INFO - [2026-04-14T12:45:39.764+0900] {dag.py:4138} INFO - Setting next_dagrun for 06_multi_dag_step2_transform to None, run_after=None
[2026-04-14T12:45:39.789+0900] {processor.py:208} INFO - Processing /opt/airflow/dags/06_multi_dag_step2_transform.py took 0.463 seconds
[2026-04-14T12:46:10.683+0900] {processor.py:186} INFO - Started process (PID=45524) to work on /opt/airflow/dags/06_multi_dag_step2_transform.py
[2026-04-14T12:46:10.684+0900] {processor.py:914} INFO - Processing file /opt/airflow/dags/06_multi_dag_step2_transform.py for tasks to queue
[2026-04-14T12:46:10.687+0900] {logging_mixin.py:190} INFO - [2026-04-14T12:46:10.687+0900] {dagbag.py:587} INFO - Filling up the DagBag from /opt/airflow/dags/06_multi_dag_step2_transform.py
[2026-04-14T12:46:11.117+0900] {processor.py:925} INFO - DAG(s) '06_multi_dag_step2_transform' retrieved from /opt/airflow/dags/06_multi_dag_step2_transform.py
[2026-04-14T12:46:11.135+0900] {logging_mixin.py:190} INFO - [2026-04-14T12:46:11.135+0900] {dag.py:3211} INFO - Sync 1 DAGs
[2026-04-14T12:46:11.153+0900] {logging_mixin.py:190} INFO - [2026-04-14T12:46:11.153+0900] {dag.py:4138} INFO - Setting next_dagrun for 06_multi_dag_step2_transform to None, run_after=None
[2026-04-14T12:46:11.204+0900] {processor.py:208} INFO - Processing /opt/airflow/dags/06_multi_dag_step2_transform.py took 0.526 seconds
[2026-04-14T12:46:41.855+0900] {processor.py:186} INFO - Started process (PID=45543) to work on /opt/airflow/dags/06_multi_dag_step2_transform.py
[2026-04-14T12:46:41.856+0900] {processor.py:914} INFO - Processing file /opt/airflow/dags/06_multi_dag_step2_transform.py for tasks to queue
[2026-04-14T12:46:41.858+0900] {logging_mixin.py:190} INFO - [2026-04-14T12:46:41.857+0900] {dagbag.py:587} INFO - Filling up the DagBag from /opt/airflow/dags/06_multi_dag_step2_transform.py
[2026-04-14T12:46:42.230+0900] {processor.py:925} INFO - DAG(s) '06_multi_dag_step2_transform' retrieved from /opt/airflow/dags/06_multi_dag_step2_transform.py
[2026-04-14T12:46:42.247+0900] {logging_mixin.py:190} INFO - [2026-04-14T12:46:42.246+0900] {dag.py:3211} INFO - Sync 1 DAGs
[2026-04-14T12:46:42.261+0900] {logging_mixin.py:190} INFO - [2026-04-14T12:46:42.261+0900] {dag.py:4138} INFO - Setting next_dagrun for 06_multi_dag_step2_transform to None, run_after=None
[2026-04-14T12:46:42.281+0900] {processor.py:208} INFO - Processing /opt/airflow/dags/06_multi_dag_step2_transform.py took 0.432 seconds
[2026-04-14T12:47:12.694+0900] {processor.py:186} INFO - Started process (PID=45562) to work on /opt/airflow/dags/06_multi_dag_step2_transform.py
[2026-04-14T12:47:12.695+0900] {processor.py:914} INFO - Processing file /opt/airflow/dags/06_multi_dag_step2_transform.py for tasks to queue
[2026-04-14T12:47:12.697+0900] {logging_mixin.py:190} INFO - [2026-04-14T12:47:12.697+0900] {dagbag.py:587} INFO - Filling up the DagBag from /opt/airflow/dags/06_multi_dag_step2_transform.py
[2026-04-14T12:47:13.064+0900] {processor.py:925} INFO - DAG(s) '06_multi_dag_step2_transform' retrieved from /opt/airflow/dags/06_multi_dag_step2_transform.py
[2026-04-14T12:47:13.080+0900] {logging_mixin.py:190} INFO - [2026-04-14T12:47:13.079+0900] {dag.py:3211} INFO - Sync 1 DAGs
[2026-04-14T12:47:13.093+0900] {logging_mixin.py:190} INFO - [2026-04-14T12:47:13.093+0900] {dag.py:4138} INFO - Setting next_dagrun for 06_multi_dag_step2_transform to None, run_after=None
[2026-04-14T12:47:13.138+0900] {processor.py:208} INFO - Processing /opt/airflow/dags/06_multi_dag_step2_transform.py took 0.449 seconds
[2026-04-14T12:47:43.521+0900] {processor.py:186} INFO - Started process (PID=45581) to work on /opt/airflow/dags/06_multi_dag_step2_transform.py
[2026-04-14T12:47:43.522+0900] {processor.py:914} INFO - Processing file /opt/airflow/dags/06_multi_dag_step2_transform.py for tasks to queue
[2026-04-14T12:47:43.524+0900] {logging_mixin.py:190} INFO - [2026-04-14T12:47:43.524+0900] {dagbag.py:587} INFO - Filling up the DagBag from /opt/airflow/dags/06_multi_dag_step2_transform.py
[2026-04-14T12:47:43.884+0900] {processor.py:925} INFO - DAG(s) '06_multi_dag_step2_transform' retrieved from /opt/airflow/dags/06_multi_dag_step2_transform.py
[2026-04-14T12:47:43.909+0900] {logging_mixin.py:190} INFO - [2026-04-14T12:47:43.908+0900] {dag.py:3211} INFO - Sync 1 DAGs
[2026-04-14T12:47:43.924+0900] {logging_mixin.py:190} INFO - [2026-04-14T12:47:43.924+0900] {dag.py:4138} INFO - Setting next_dagrun for 06_multi_dag_step2_transform to None, run_after=None
[2026-04-14T12:47:43.948+0900] {processor.py:208} INFO - Processing /opt/airflow/dags/06_multi_dag_step2_transform.py took 0.433 seconds
[2026-04-14T12:48:14.611+0900] {processor.py:186} INFO - Started process (PID=45600) to work on /opt/airflow/dags/06_multi_dag_step2_transform.py
[2026-04-14T12:48:14.612+0900] {processor.py:914} INFO - Processing file /opt/airflow/dags/06_multi_dag_step2_transform.py for tasks to queue
[2026-04-14T12:48:14.614+0900] {logging_mixin.py:190} INFO - [2026-04-14T12:48:14.614+0900] {dagbag.py:587} INFO - Filling up the DagBag from /opt/airflow/dags/06_multi_dag_step2_transform.py
[2026-04-14T12:48:14.998+0900] {processor.py:925} INFO - DAG(s) '06_multi_dag_step2_transform' retrieved from /opt/airflow/dags/06_multi_dag_step2_transform.py
[2026-04-14T12:48:15.014+0900] {logging_mixin.py:190} INFO - [2026-04-14T12:48:15.013+0900] {dag.py:3211} INFO - Sync 1 DAGs
[2026-04-14T12:48:15.028+0900] {logging_mixin.py:190} INFO - [2026-04-14T12:48:15.028+0900] {dag.py:4138} INFO - Setting next_dagrun for 06_multi_dag_step2_transform to None, run_after=None
[2026-04-14T12:48:15.075+0900] {processor.py:208} INFO - Processing /opt/airflow/dags/06_multi_dag_step2_transform.py took 0.470 seconds
[2026-04-14T12:48:45.617+0900] {processor.py:186} INFO - Started process (PID=45619) to work on /opt/airflow/dags/06_multi_dag_step2_transform.py
[2026-04-14T12:48:45.619+0900] {processor.py:914} INFO - Processing file /opt/airflow/dags/06_multi_dag_step2_transform.py for tasks to queue
[2026-04-14T12:48:45.622+0900] {logging_mixin.py:190} INFO - [2026-04-14T12:48:45.622+0900] {dagbag.py:587} INFO - Filling up the DagBag from /opt/airflow/dags/06_multi_dag_step2_transform.py
[2026-04-14T12:48:46.020+0900] {processor.py:925} INFO - DAG(s) '06_multi_dag_step2_transform' retrieved from /opt/airflow/dags/06_multi_dag_step2_transform.py
[2026-04-14T12:48:46.035+0900] {logging_mixin.py:190} INFO - [2026-04-14T12:48:46.035+0900] {dag.py:3211} INFO - Sync 1 DAGs
[2026-04-14T12:48:46.048+0900] {logging_mixin.py:190} INFO - [2026-04-14T12:48:46.048+0900] {dag.py:4138} INFO - Setting next_dagrun for 06_multi_dag_step2_transform to None, run_after=None
[2026-04-14T12:48:46.088+0900] {processor.py:208} INFO - Processing /opt/airflow/dags/06_multi_dag_step2_transform.py took 0.477 seconds
[2026-04-14T12:49:16.798+0900] {processor.py:186} INFO - Started process (PID=45638) to work on /opt/airflow/dags/06_multi_dag_step2_transform.py
[2026-04-14T12:49:16.800+0900] {processor.py:914} INFO - Processing file /opt/airflow/dags/06_multi_dag_step2_transform.py for tasks to queue
[2026-04-14T12:49:16.803+0900] {logging_mixin.py:190} INFO - [2026-04-14T12:49:16.802+0900] {dagbag.py:587} INFO - Filling up the DagBag from /opt/airflow/dags/06_multi_dag_step2_transform.py
[2026-04-14T12:49:17.185+0900] {processor.py:925} INFO - DAG(s) '06_multi_dag_step2_transform' retrieved from /opt/airflow/dags/06_multi_dag_step2_transform.py
[2026-04-14T12:49:17.202+0900] {logging_mixin.py:190} INFO - [2026-04-14T12:49:17.202+0900] {dag.py:3211} INFO - Sync 1 DAGs
[2026-04-14T12:49:17.218+0900] {logging_mixin.py:190} INFO - [2026-04-14T12:49:17.218+0900] {dag.py:4138} INFO - Setting next_dagrun for 06_multi_dag_step2_transform to None, run_after=None
[2026-04-14T12:49:17.237+0900] {processor.py:208} INFO - Processing /opt/airflow/dags/06_multi_dag_step2_transform.py took 0.445 seconds
[2026-04-14T12:49:48.024+0900] {processor.py:186} INFO - Started process (PID=45657) to work on /opt/airflow/dags/06_multi_dag_step2_transform.py
[2026-04-14T12:49:48.025+0900] {processor.py:914} INFO - Processing file /opt/airflow/dags/06_multi_dag_step2_transform.py for tasks to queue
[2026-04-14T12:49:48.027+0900] {logging_mixin.py:190} INFO - [2026-04-14T12:49:48.027+0900] {dagbag.py:587} INFO - Filling up the DagBag from /opt/airflow/dags/06_multi_dag_step2_transform.py
[2026-04-14T12:49:48.441+0900] {processor.py:925} INFO - DAG(s) '06_multi_dag_step2_transform' retrieved from /opt/airflow/dags/06_multi_dag_step2_transform.py
[2026-04-14T12:49:48.459+0900] {logging_mixin.py:190} INFO - [2026-04-14T12:49:48.459+0900] {dag.py:3211} INFO - Sync 1 DAGs
[2026-04-14T12:49:48.473+0900] {logging_mixin.py:190} INFO - [2026-04-14T12:49:48.473+0900] {dag.py:4138} INFO - Setting next_dagrun for 06_multi_dag_step2_transform to None, run_after=None
[2026-04-14T12:49:48.521+0900] {processor.py:208} INFO - Processing /opt/airflow/dags/06_multi_dag_step2_transform.py took 0.502 seconds
[2026-04-14T12:50:19.297+0900] {processor.py:186} INFO - Started process (PID=45676) to work on /opt/airflow/dags/06_multi_dag_step2_transform.py
[2026-04-14T12:50:19.298+0900] {processor.py:914} INFO - Processing file /opt/airflow/dags/06_multi_dag_step2_transform.py for tasks to queue
[2026-04-14T12:50:19.301+0900] {logging_mixin.py:190} INFO - [2026-04-14T12:50:19.301+0900] {dagbag.py:587} INFO - Filling up the DagBag from /opt/airflow/dags/06_multi_dag_step2_transform.py
[2026-04-14T12:50:19.687+0900] {processor.py:925} INFO - DAG(s) '06_multi_dag_step2_transform' retrieved from /opt/airflow/dags/06_multi_dag_step2_transform.py
[2026-04-14T12:50:19.716+0900] {logging_mixin.py:190} INFO - [2026-04-14T12:50:19.715+0900] {dag.py:3211} INFO - Sync 1 DAGs
[2026-04-14T12:50:19.728+0900] {logging_mixin.py:190} INFO - [2026-04-14T12:50:19.728+0900] {dag.py:4138} INFO - Setting next_dagrun for 06_multi_dag_step2_transform to None, run_after=None
[2026-04-14T12:50:19.748+0900] {processor.py:208} INFO - Processing /opt/airflow/dags/06_multi_dag_step2_transform.py took 0.456 seconds
[2026-04-14T12:50:50.298+0900] {processor.py:186} INFO - Started process (PID=45695) to work on /opt/airflow/dags/06_multi_dag_step2_transform.py
[2026-04-14T12:50:50.299+0900] {processor.py:914} INFO - Processing file /opt/airflow/dags/06_multi_dag_step2_transform.py for tasks to queue
[2026-04-14T12:50:50.301+0900] {logging_mixin.py:190} INFO - [2026-04-14T12:50:50.301+0900] {dagbag.py:587} INFO - Filling up the DagBag from /opt/airflow/dags/06_multi_dag_step2_transform.py
[2026-04-14T12:50:50.720+0900] {processor.py:925} INFO - DAG(s) '06_multi_dag_step2_transform' retrieved from /opt/airflow/dags/06_multi_dag_step2_transform.py
[2026-04-14T12:50:50.737+0900] {logging_mixin.py:190} INFO - [2026-04-14T12:50:50.737+0900] {dag.py:3211} INFO - Sync 1 DAGs
[2026-04-14T12:50:50.751+0900] {logging_mixin.py:190} INFO - [2026-04-14T12:50:50.751+0900] {dag.py:4138} INFO - Setting next_dagrun for 06_multi_dag_step2_transform to None, run_after=None
[2026-04-14T12:50:50.785+0900] {processor.py:208} INFO - Processing /opt/airflow/dags/06_multi_dag_step2_transform.py took 0.492 seconds
[2026-04-14T12:51:21.353+0900] {processor.py:186} INFO - Started process (PID=45714) to work on /opt/airflow/dags/06_multi_dag_step2_transform.py
[2026-04-14T12:51:21.354+0900] {processor.py:914} INFO - Processing file /opt/airflow/dags/06_multi_dag_step2_transform.py for tasks to queue
[2026-04-14T12:51:21.357+0900] {logging_mixin.py:190} INFO - [2026-04-14T12:51:21.356+0900] {dagbag.py:587} INFO - Filling up the DagBag from /opt/airflow/dags/06_multi_dag_step2_transform.py
[2026-04-14T12:51:21.712+0900] {processor.py:925} INFO - DAG(s) '06_multi_dag_step2_transform' retrieved from /opt/airflow/dags/06_multi_dag_step2_transform.py
[2026-04-14T12:51:21.728+0900] {logging_mixin.py:190} INFO - [2026-04-14T12:51:21.728+0900] {dag.py:3211} INFO - Sync 1 DAGs
[2026-04-14T12:51:21.741+0900] {logging_mixin.py:190} INFO - [2026-04-14T12:51:21.741+0900] {dag.py:4138} INFO - Setting next_dagrun for 06_multi_dag_step2_transform to None, run_after=None
[2026-04-14T12:51:21.786+0900] {processor.py:208} INFO - Processing /opt/airflow/dags/06_multi_dag_step2_transform.py took 0.437 seconds
[2026-04-14T12:51:52.284+0900] {processor.py:186} INFO - Started process (PID=45733) to work on /opt/airflow/dags/06_multi_dag_step2_transform.py
[2026-04-14T12:51:52.285+0900] {processor.py:914} INFO - Processing file /opt/airflow/dags/06_multi_dag_step2_transform.py for tasks to queue
[2026-04-14T12:51:52.287+0900] {logging_mixin.py:190} INFO - [2026-04-14T12:51:52.287+0900] {dagbag.py:587} INFO - Filling up the DagBag from /opt/airflow/dags/06_multi_dag_step2_transform.py
[2026-04-14T12:51:52.629+0900] {processor.py:925} INFO - DAG(s) '06_multi_dag_step2_transform' retrieved from /opt/airflow/dags/06_multi_dag_step2_transform.py
[2026-04-14T12:51:52.646+0900] {logging_mixin.py:190} INFO - [2026-04-14T12:51:52.645+0900] {dag.py:3211} INFO - Sync 1 DAGs
[2026-04-14T12:51:52.661+0900] {logging_mixin.py:190} INFO - [2026-04-14T12:51:52.661+0900] {dag.py:4138} INFO - Setting next_dagrun for 06_multi_dag_step2_transform to None, run_after=None
[2026-04-14T12:51:52.706+0900] {processor.py:208} INFO - Processing /opt/airflow/dags/06_multi_dag_step2_transform.py took 0.426 seconds
[2026-04-14T12:52:23.164+0900] {processor.py:186} INFO - Started process (PID=45752) to work on /opt/airflow/dags/06_multi_dag_step2_transform.py
[2026-04-14T12:52:23.165+0900] {processor.py:914} INFO - Processing file /opt/airflow/dags/06_multi_dag_step2_transform.py for tasks to queue
[2026-04-14T12:52:23.167+0900] {logging_mixin.py:190} INFO - [2026-04-14T12:52:23.167+0900] {dagbag.py:587} INFO - Filling up the DagBag from /opt/airflow/dags/06_multi_dag_step2_transform.py
[2026-04-14T12:52:23.554+0900] {processor.py:925} INFO - DAG(s) '06_multi_dag_step2_transform' retrieved from /opt/airflow/dags/06_multi_dag_step2_transform.py
[2026-04-14T12:52:23.570+0900] {logging_mixin.py:190} INFO - [2026-04-14T12:52:23.570+0900] {dag.py:3211} INFO - Sync 1 DAGs
[2026-04-14T12:52:23.583+0900] {logging_mixin.py:190} INFO - [2026-04-14T12:52:23.583+0900] {dag.py:4138} INFO - Setting next_dagrun for 06_multi_dag_step2_transform to None, run_after=None
[2026-04-14T12:52:23.602+0900] {processor.py:208} INFO - Processing /opt/airflow/dags/06_multi_dag_step2_transform.py took 0.442 seconds
[2026-04-14T12:52:53.918+0900] {processor.py:186} INFO - Started process (PID=45771) to work on /opt/airflow/dags/06_multi_dag_step2_transform.py
[2026-04-14T12:52:53.919+0900] {processor.py:914} INFO - Processing file /opt/airflow/dags/06_multi_dag_step2_transform.py for tasks to queue
[2026-04-14T12:52:53.921+0900] {logging_mixin.py:190} INFO - [2026-04-14T12:52:53.921+0900] {dagbag.py:587} INFO - Filling up the DagBag from /opt/airflow/dags/06_multi_dag_step2_transform.py
[2026-04-14T12:52:54.266+0900] {processor.py:925} INFO - DAG(s) '06_multi_dag_step2_transform' retrieved from /opt/airflow/dags/06_multi_dag_step2_transform.py
[2026-04-14T12:52:54.282+0900] {logging_mixin.py:190} INFO - [2026-04-14T12:52:54.281+0900] {dag.py:3211} INFO - Sync 1 DAGs
[2026-04-14T12:52:54.296+0900] {logging_mixin.py:190} INFO - [2026-04-14T12:52:54.296+0900] {dag.py:4138} INFO - Setting next_dagrun for 06_multi_dag_step2_transform to None, run_after=None
[2026-04-14T12:52:54.340+0900] {processor.py:208} INFO - Processing /opt/airflow/dags/06_multi_dag_step2_transform.py took 0.427 seconds
[2026-04-14T12:53:24.908+0900] {processor.py:186} INFO - Started process (PID=45790) to work on /opt/airflow/dags/06_multi_dag_step2_transform.py
[2026-04-14T12:53:24.909+0900] {processor.py:914} INFO - Processing file /opt/airflow/dags/06_multi_dag_step2_transform.py for tasks to queue
[2026-04-14T12:53:24.912+0900] {logging_mixin.py:190} INFO - [2026-04-14T12:53:24.912+0900] {dagbag.py:587} INFO - Filling up the DagBag from /opt/airflow/dags/06_multi_dag_step2_transform.py
[2026-04-14T12:53:25.259+0900] {processor.py:925} INFO - DAG(s) '06_multi_dag_step2_transform' retrieved from /opt/airflow/dags/06_multi_dag_step2_transform.py
[2026-04-14T12:53:25.275+0900] {logging_mixin.py:190} INFO - [2026-04-14T12:53:25.275+0900] {dag.py:3211} INFO - Sync 1 DAGs
[2026-04-14T12:53:25.288+0900] {logging_mixin.py:190} INFO - [2026-04-14T12:53:25.288+0900] {dag.py:4138} INFO - Setting next_dagrun for 06_multi_dag_step2_transform to None, run_after=None
[2026-04-14T12:53:25.333+0900] {processor.py:208} INFO - Processing /opt/airflow/dags/06_multi_dag_step2_transform.py took 0.433 seconds
[2026-04-14T12:53:55.971+0900] {processor.py:186} INFO - Started process (PID=45809) to work on /opt/airflow/dags/06_multi_dag_step2_transform.py
[2026-04-14T12:53:55.972+0900] {processor.py:914} INFO - Processing file /opt/airflow/dags/06_multi_dag_step2_transform.py for tasks to queue
[2026-04-14T12:53:55.975+0900] {logging_mixin.py:190} INFO - [2026-04-14T12:53:55.975+0900] {dagbag.py:587} INFO - Filling up the DagBag from /opt/airflow/dags/06_multi_dag_step2_transform.py
[2026-04-14T12:53:56.380+0900] {processor.py:925} INFO - DAG(s) '06_multi_dag_step2_transform' retrieved from /opt/airflow/dags/06_multi_dag_step2_transform.py
[2026-04-14T12:53:56.395+0900] {logging_mixin.py:190} INFO - [2026-04-14T12:53:56.395+0900] {dag.py:3211} INFO - Sync 1 DAGs
[2026-04-14T12:53:56.409+0900] {logging_mixin.py:190} INFO - [2026-04-14T12:53:56.409+0900] {dag.py:4138} INFO - Setting next_dagrun for 06_multi_dag_step2_transform to None, run_after=None
[2026-04-14T12:53:56.447+0900] {processor.py:208} INFO - Processing /opt/airflow/dags/06_multi_dag_step2_transform.py took 0.483 seconds
[2026-04-14T12:54:26.838+0900] {processor.py:186} INFO - Started process (PID=45828) to work on /opt/airflow/dags/06_multi_dag_step2_transform.py
[2026-04-14T12:54:26.839+0900] {processor.py:914} INFO - Processing file /opt/airflow/dags/06_multi_dag_step2_transform.py for tasks to queue
[2026-04-14T12:54:26.841+0900] {logging_mixin.py:190} INFO - [2026-04-14T12:54:26.841+0900] {dagbag.py:587} INFO - Filling up the DagBag from /opt/airflow/dags/06_multi_dag_step2_transform.py
[2026-04-14T12:54:27.207+0900] {processor.py:925} INFO - DAG(s) '06_multi_dag_step2_transform' retrieved from /opt/airflow/dags/06_multi_dag_step2_transform.py
[2026-04-14T12:54:27.227+0900] {logging_mixin.py:190} INFO - [2026-04-14T12:54:27.227+0900] {dag.py:3211} INFO - Sync 1 DAGs
[2026-04-14T12:54:27.243+0900] {logging_mixin.py:190} INFO - [2026-04-14T12:54:27.243+0900] {dag.py:4138} INFO - Setting next_dagrun for 06_multi_dag_step2_transform to None, run_after=None
[2026-04-14T12:54:27.273+0900] {processor.py:208} INFO - Processing /opt/airflow/dags/06_multi_dag_step2_transform.py took 0.440 seconds
[2026-04-14T12:54:57.802+0900] {processor.py:186} INFO - Started process (PID=45849) to work on /opt/airflow/dags/06_multi_dag_step2_transform.py
[2026-04-14T12:54:57.803+0900] {processor.py:914} INFO - Processing file /opt/airflow/dags/06_multi_dag_step2_transform.py for tasks to queue
[2026-04-14T12:54:57.805+0900] {logging_mixin.py:190} INFO - [2026-04-14T12:54:57.805+0900] {dagbag.py:587} INFO - Filling up the DagBag from /opt/airflow/dags/06_multi_dag_step2_transform.py
[2026-04-14T12:54:58.191+0900] {processor.py:925} INFO - DAG(s) '06_multi_dag_step2_transform' retrieved from /opt/airflow/dags/06_multi_dag_step2_transform.py
[2026-04-14T12:54:58.210+0900] {logging_mixin.py:190} INFO - [2026-04-14T12:54:58.209+0900] {dag.py:3211} INFO - Sync 1 DAGs
[2026-04-14T12:54:58.231+0900] {logging_mixin.py:190} INFO - [2026-04-14T12:54:58.231+0900] {dag.py:4138} INFO - Setting next_dagrun for 06_multi_dag_step2_transform to None, run_after=None
[2026-04-14T12:54:58.284+0900] {processor.py:208} INFO - Processing /opt/airflow/dags/06_multi_dag_step2_transform.py took 0.487 seconds
[2026-04-14T12:55:28.953+0900] {processor.py:186} INFO - Started process (PID=45868) to work on /opt/airflow/dags/06_multi_dag_step2_transform.py
[2026-04-14T12:55:28.954+0900] {processor.py:914} INFO - Processing file /opt/airflow/dags/06_multi_dag_step2_transform.py for tasks to queue
[2026-04-14T12:55:28.957+0900] {logging_mixin.py:190} INFO - [2026-04-14T12:55:28.957+0900] {dagbag.py:587} INFO - Filling up the DagBag from /opt/airflow/dags/06_multi_dag_step2_transform.py
[2026-04-14T12:55:29.385+0900] {processor.py:925} INFO - DAG(s) '06_multi_dag_step2_transform' retrieved from /opt/airflow/dags/06_multi_dag_step2_transform.py
[2026-04-14T12:55:29.403+0900] {logging_mixin.py:190} INFO - [2026-04-14T12:55:29.402+0900] {dag.py:3211} INFO - Sync 1 DAGs
[2026-04-14T12:55:29.417+0900] {logging_mixin.py:190} INFO - [2026-04-14T12:55:29.416+0900] {dag.py:4138} INFO - Setting next_dagrun for 06_multi_dag_step2_transform to None, run_after=None
[2026-04-14T12:55:29.440+0900] {processor.py:208} INFO - Processing /opt/airflow/dags/06_multi_dag_step2_transform.py took 0.492 seconds
[2026-04-14T12:56:00.076+0900] {processor.py:186} INFO - Started process (PID=45886) to work on /opt/airflow/dags/06_multi_dag_step2_transform.py
[2026-04-14T12:56:00.077+0900] {processor.py:914} INFO - Processing file /opt/airflow/dags/06_multi_dag_step2_transform.py for tasks to queue
[2026-04-14T12:56:00.080+0900] {logging_mixin.py:190} INFO - [2026-04-14T12:56:00.080+0900] {dagbag.py:587} INFO - Filling up the DagBag from /opt/airflow/dags/06_multi_dag_step2_transform.py
[2026-04-14T12:56:00.471+0900] {processor.py:925} INFO - DAG(s) '06_multi_dag_step2_transform' retrieved from /opt/airflow/dags/06_multi_dag_step2_transform.py
[2026-04-14T12:56:00.489+0900] {logging_mixin.py:190} INFO - [2026-04-14T12:56:00.488+0900] {dag.py:3211} INFO - Sync 1 DAGs
[2026-04-14T12:56:00.502+0900] {logging_mixin.py:190} INFO - [2026-04-14T12:56:00.502+0900] {dag.py:4138} INFO - Setting next_dagrun for 06_multi_dag_step2_transform to None, run_after=None
[2026-04-14T12:56:00.524+0900] {processor.py:208} INFO - Processing /opt/airflow/dags/06_multi_dag_step2_transform.py took 0.454 seconds
[2026-04-14T12:56:31.293+0900] {processor.py:186} INFO - Started process (PID=45905) to work on /opt/airflow/dags/06_multi_dag_step2_transform.py
[2026-04-14T12:56:31.294+0900] {processor.py:914} INFO - Processing file /opt/airflow/dags/06_multi_dag_step2_transform.py for tasks to queue
[2026-04-14T12:56:31.296+0900] {logging_mixin.py:190} INFO - [2026-04-14T12:56:31.296+0900] {dagbag.py:587} INFO - Filling up the DagBag from /opt/airflow/dags/06_multi_dag_step2_transform.py
[2026-04-14T12:56:31.674+0900] {processor.py:925} INFO - DAG(s) '06_multi_dag_step2_transform' retrieved from /opt/airflow/dags/06_multi_dag_step2_transform.py
[2026-04-14T12:56:31.690+0900] {logging_mixin.py:190} INFO - [2026-04-14T12:56:31.690+0900] {dag.py:3211} INFO - Sync 1 DAGs
[2026-04-14T12:56:31.703+0900] {logging_mixin.py:190} INFO - [2026-04-14T12:56:31.703+0900] {dag.py:4138} INFO - Setting next_dagrun for 06_multi_dag_step2_transform to None, run_after=None
[2026-04-14T12:56:31.743+0900] {processor.py:208} INFO - Processing /opt/airflow/dags/06_multi_dag_step2_transform.py took 0.455 seconds
[2026-04-14T12:57:02.595+0900] {processor.py:186} INFO - Started process (PID=45924) to work on /opt/airflow/dags/06_multi_dag_step2_transform.py
[2026-04-14T12:57:02.596+0900] {processor.py:914} INFO - Processing file /opt/airflow/dags/06_multi_dag_step2_transform.py for tasks to queue
[2026-04-14T12:57:02.599+0900] {logging_mixin.py:190} INFO - [2026-04-14T12:57:02.598+0900] {dagbag.py:587} INFO - Filling up the DagBag from /opt/airflow/dags/06_multi_dag_step2_transform.py
[2026-04-14T12:57:02.978+0900] {processor.py:925} INFO - DAG(s) '06_multi_dag_step2_transform' retrieved from /opt/airflow/dags/06_multi_dag_step2_transform.py
[2026-04-14T12:57:02.995+0900] {logging_mixin.py:190} INFO - [2026-04-14T12:57:02.995+0900] {dag.py:3211} INFO - Sync 1 DAGs
[2026-04-14T12:57:03.010+0900] {logging_mixin.py:190} INFO - [2026-04-14T12:57:03.009+0900] {dag.py:4138} INFO - Setting next_dagrun for 06_multi_dag_step2_transform to None, run_after=None
[2026-04-14T12:57:03.052+0900] {processor.py:208} INFO - Processing /opt/airflow/dags/06_multi_dag_step2_transform.py took 0.462 seconds
[2026-04-14T12:57:33.978+0900] {processor.py:186} INFO - Started process (PID=45943) to work on /opt/airflow/dags/06_multi_dag_step2_transform.py
[2026-04-14T12:57:33.979+0900] {processor.py:914} INFO - Processing file /opt/airflow/dags/06_multi_dag_step2_transform.py for tasks to queue
[2026-04-14T12:57:33.981+0900] {logging_mixin.py:190} INFO - [2026-04-14T12:57:33.981+0900] {dagbag.py:587} INFO - Filling up the DagBag from /opt/airflow/dags/06_multi_dag_step2_transform.py
[2026-04-14T12:57:34.413+0900] {processor.py:925} INFO - DAG(s) '06_multi_dag_step2_transform' retrieved from /opt/airflow/dags/06_multi_dag_step2_transform.py
[2026-04-14T12:57:34.433+0900] {logging_mixin.py:190} INFO - [2026-04-14T12:57:34.432+0900] {dag.py:3211} INFO - Sync 1 DAGs
[2026-04-14T12:57:34.452+0900] {logging_mixin.py:190} INFO - [2026-04-14T12:57:34.451+0900] {dag.py:4138} INFO - Setting next_dagrun for 06_multi_dag_step2_transform to None, run_after=None
[2026-04-14T12:57:34.471+0900] {processor.py:208} INFO - Processing /opt/airflow/dags/06_multi_dag_step2_transform.py took 0.499 seconds
[2026-04-14T12:58:04.838+0900] {processor.py:186} INFO - Started process (PID=45962) to work on /opt/airflow/dags/06_multi_dag_step2_transform.py
[2026-04-14T12:58:04.839+0900] {processor.py:914} INFO - Processing file /opt/airflow/dags/06_multi_dag_step2_transform.py for tasks to queue
[2026-04-14T12:58:04.841+0900] {logging_mixin.py:190} INFO - [2026-04-14T12:58:04.841+0900] {dagbag.py:587} INFO - Filling up the DagBag from /opt/airflow/dags/06_multi_dag_step2_transform.py
[2026-04-14T12:58:05.279+0900] {processor.py:925} INFO - DAG(s) '06_multi_dag_step2_transform' retrieved from /opt/airflow/dags/06_multi_dag_step2_transform.py
[2026-04-14T12:58:05.297+0900] {logging_mixin.py:190} INFO - [2026-04-14T12:58:05.297+0900] {dag.py:3211} INFO - Sync 1 DAGs
[2026-04-14T12:58:05.313+0900] {logging_mixin.py:190} INFO - [2026-04-14T12:58:05.313+0900] {dag.py:4138} INFO - Setting next_dagrun for 06_multi_dag_step2_transform to None, run_after=None
[2026-04-14T12:58:05.365+0900] {processor.py:208} INFO - Processing /opt/airflow/dags/06_multi_dag_step2_transform.py took 0.534 seconds
[2026-04-14T12:58:36.095+0900] {processor.py:186} INFO - Started process (PID=45981) to work on /opt/airflow/dags/06_multi_dag_step2_transform.py
[2026-04-14T12:58:36.096+0900] {processor.py:914} INFO - Processing file /opt/airflow/dags/06_multi_dag_step2_transform.py for tasks to queue
[2026-04-14T12:58:36.098+0900] {logging_mixin.py:190} INFO - [2026-04-14T12:58:36.098+0900] {dagbag.py:587} INFO - Filling up the DagBag from /opt/airflow/dags/06_multi_dag_step2_transform.py
[2026-04-14T12:58:36.463+0900] {processor.py:925} INFO - DAG(s) '06_multi_dag_step2_transform' retrieved from /opt/airflow/dags/06_multi_dag_step2_transform.py
[2026-04-14T12:58:36.481+0900] {logging_mixin.py:190} INFO - [2026-04-14T12:58:36.481+0900] {dag.py:3211} INFO - Sync 1 DAGs
[2026-04-14T12:58:36.494+0900] {logging_mixin.py:190} INFO - [2026-04-14T12:58:36.494+0900] {dag.py:4138} INFO - Setting next_dagrun for 06_multi_dag_step2_transform to None, run_after=None
[2026-04-14T12:58:36.538+0900] {processor.py:208} INFO - Processing /opt/airflow/dags/06_multi_dag_step2_transform.py took 0.448 seconds
[2026-04-14T12:59:07.129+0900] {processor.py:186} INFO - Started process (PID=46000) to work on /opt/airflow/dags/06_multi_dag_step2_transform.py
[2026-04-14T12:59:07.130+0900] {processor.py:914} INFO - Processing file /opt/airflow/dags/06_multi_dag_step2_transform.py for tasks to queue
[2026-04-14T12:59:07.134+0900] {logging_mixin.py:190} INFO - [2026-04-14T12:59:07.133+0900] {dagbag.py:587} INFO - Filling up the DagBag from /opt/airflow/dags/06_multi_dag_step2_transform.py
[2026-04-14T12:59:07.555+0900] {processor.py:925} INFO - DAG(s) '06_multi_dag_step2_transform' retrieved from /opt/airflow/dags/06_multi_dag_step2_transform.py
[2026-04-14T12:59:07.575+0900] {logging_mixin.py:190} INFO - [2026-04-14T12:59:07.574+0900] {dag.py:3211} INFO - Sync 1 DAGs
[2026-04-14T12:59:07.593+0900] {logging_mixin.py:190} INFO - [2026-04-14T12:59:07.593+0900] {dag.py:4138} INFO - Setting next_dagrun for 06_multi_dag_step2_transform to None, run_after=None
[2026-04-14T12:59:07.615+0900] {processor.py:208} INFO - Processing /opt/airflow/dags/06_multi_dag_step2_transform.py took 0.493 seconds
[2026-04-14T12:59:38.398+0900] {processor.py:186} INFO - Started process (PID=46019) to work on /opt/airflow/dags/06_multi_dag_step2_transform.py
[2026-04-14T12:59:38.399+0900] {processor.py:914} INFO - Processing file /opt/airflow/dags/06_multi_dag_step2_transform.py for tasks to queue
[2026-04-14T12:59:38.403+0900] {logging_mixin.py:190} INFO - [2026-04-14T12:59:38.402+0900] {dagbag.py:587} INFO - Filling up the DagBag from /opt/airflow/dags/06_multi_dag_step2_transform.py
[2026-04-14T12:59:38.909+0900] {processor.py:925} INFO - DAG(s) '06_multi_dag_step2_transform' retrieved from /opt/airflow/dags/06_multi_dag_step2_transform.py
[2026-04-14T12:59:38.932+0900] {logging_mixin.py:190} INFO - [2026-04-14T12:59:38.932+0900] {dag.py:3211} INFO - Sync 1 DAGs
[2026-04-14T12:59:38.953+0900] {logging_mixin.py:190} INFO - [2026-04-14T12:59:38.953+0900] {dag.py:4138} INFO - Setting next_dagrun for 06_multi_dag_step2_transform to None, run_after=None
[2026-04-14T12:59:38.972+0900] {processor.py:208} INFO - Processing /opt/airflow/dags/06_multi_dag_step2_transform.py took 0.583 seconds
[2026-04-14T13:00:09.691+0900] {processor.py:186} INFO - Started process (PID=46044) to work on /opt/airflow/dags/06_multi_dag_step2_transform.py
[2026-04-14T13:00:09.692+0900] {processor.py:914} INFO - Processing file /opt/airflow/dags/06_multi_dag_step2_transform.py for tasks to queue
[2026-04-14T13:00:09.695+0900] {logging_mixin.py:190} INFO - [2026-04-14T13:00:09.694+0900] {dagbag.py:587} INFO - Filling up the DagBag from /opt/airflow/dags/06_multi_dag_step2_transform.py
[2026-04-14T13:00:10.069+0900] {processor.py:925} INFO - DAG(s) '06_multi_dag_step2_transform' retrieved from /opt/airflow/dags/06_multi_dag_step2_transform.py
[2026-04-14T13:00:10.089+0900] {logging_mixin.py:190} INFO - [2026-04-14T13:00:10.088+0900] {dag.py:3211} INFO - Sync 1 DAGs
[2026-04-14T13:00:10.103+0900] {logging_mixin.py:190} INFO - [2026-04-14T13:00:10.103+0900] {dag.py:4138} INFO - Setting next_dagrun for 06_multi_dag_step2_transform to None, run_after=None
[2026-04-14T13:00:10.124+0900] {processor.py:208} INFO - Processing /opt/airflow/dags/06_multi_dag_step2_transform.py took 0.439 seconds
[2026-04-14T13:00:40.846+0900] {processor.py:186} INFO - Started process (PID=46063) to work on /opt/airflow/dags/06_multi_dag_step2_transform.py
[2026-04-14T13:00:40.847+0900] {processor.py:914} INFO - Processing file /opt/airflow/dags/06_multi_dag_step2_transform.py for tasks to queue
[2026-04-14T13:00:40.849+0900] {logging_mixin.py:190} INFO - [2026-04-14T13:00:40.849+0900] {dagbag.py:587} INFO - Filling up the DagBag from /opt/airflow/dags/06_multi_dag_step2_transform.py
[2026-04-14T13:00:41.218+0900] {processor.py:925} INFO - DAG(s) '06_multi_dag_step2_transform' retrieved from /opt/airflow/dags/06_multi_dag_step2_transform.py
[2026-04-14T13:00:41.237+0900] {logging_mixin.py:190} INFO - [2026-04-14T13:00:41.237+0900] {dag.py:3211} INFO - Sync 1 DAGs
[2026-04-14T13:00:41.251+0900] {logging_mixin.py:190} INFO - [2026-04-14T13:00:41.251+0900] {dag.py:4138} INFO - Setting next_dagrun for 06_multi_dag_step2_transform to None, run_after=None
[2026-04-14T13:00:41.277+0900] {processor.py:208} INFO - Processing /opt/airflow/dags/06_multi_dag_step2_transform.py took 0.435 seconds
[2026-04-14T13:01:11.543+0900] {processor.py:186} INFO - Started process (PID=46082) to work on /opt/airflow/dags/06_multi_dag_step2_transform.py
[2026-04-14T13:01:11.544+0900] {processor.py:914} INFO - Processing file /opt/airflow/dags/06_multi_dag_step2_transform.py for tasks to queue
[2026-04-14T13:01:11.548+0900] {logging_mixin.py:190} INFO - [2026-04-14T13:01:11.548+0900] {dagbag.py:587} INFO - Filling up the DagBag from /opt/airflow/dags/06_multi_dag_step2_transform.py
[2026-04-14T13:01:11.948+0900] {processor.py:925} INFO - DAG(s) '06_multi_dag_step2_transform' retrieved from /opt/airflow/dags/06_multi_dag_step2_transform.py
[2026-04-14T13:01:11.967+0900] {logging_mixin.py:190} INFO - [2026-04-14T13:01:11.966+0900] {dag.py:3211} INFO - Sync 1 DAGs
[2026-04-14T13:01:11.984+0900] {logging_mixin.py:190} INFO - [2026-04-14T13:01:11.984+0900] {dag.py:4138} INFO - Setting next_dagrun for 06_multi_dag_step2_transform to None, run_after=None
[2026-04-14T13:01:12.007+0900] {processor.py:208} INFO - Processing /opt/airflow/dags/06_multi_dag_step2_transform.py took 0.470 seconds
[2026-04-14T13:01:42.605+0900] {processor.py:186} INFO - Started process (PID=46101) to work on /opt/airflow/dags/06_multi_dag_step2_transform.py
[2026-04-14T13:01:42.606+0900] {processor.py:914} INFO - Processing file /opt/airflow/dags/06_multi_dag_step2_transform.py for tasks to queue
[2026-04-14T13:01:42.609+0900] {logging_mixin.py:190} INFO - [2026-04-14T13:01:42.609+0900] {dagbag.py:587} INFO - Filling up the DagBag from /opt/airflow/dags/06_multi_dag_step2_transform.py
[2026-04-14T13:01:43.028+0900] {processor.py:925} INFO - DAG(s) '06_multi_dag_step2_transform' retrieved from /opt/airflow/dags/06_multi_dag_step2_transform.py
[2026-04-14T13:01:43.045+0900] {logging_mixin.py:190} INFO - [2026-04-14T13:01:43.044+0900] {dag.py:3211} INFO - Sync 1 DAGs
[2026-04-14T13:01:43.059+0900] {logging_mixin.py:190} INFO - [2026-04-14T13:01:43.059+0900] {dag.py:4138} INFO - Setting next_dagrun for 06_multi_dag_step2_transform to None, run_after=None
[2026-04-14T13:01:43.110+0900] {processor.py:208} INFO - Processing /opt/airflow/dags/06_multi_dag_step2_transform.py took 0.510 seconds
[2026-04-14T13:02:13.516+0900] {processor.py:186} INFO - Started process (PID=46120) to work on /opt/airflow/dags/06_multi_dag_step2_transform.py
[2026-04-14T13:02:13.517+0900] {processor.py:914} INFO - Processing file /opt/airflow/dags/06_multi_dag_step2_transform.py for tasks to queue
[2026-04-14T13:02:13.520+0900] {logging_mixin.py:190} INFO - [2026-04-14T13:02:13.520+0900] {dagbag.py:587} INFO - Filling up the DagBag from /opt/airflow/dags/06_multi_dag_step2_transform.py
[2026-04-14T13:02:13.866+0900] {processor.py:925} INFO - DAG(s) '06_multi_dag_step2_transform' retrieved from /opt/airflow/dags/06_multi_dag_step2_transform.py
[2026-04-14T13:02:13.883+0900] {logging_mixin.py:190} INFO - [2026-04-14T13:02:13.883+0900] {dag.py:3211} INFO - Sync 1 DAGs
[2026-04-14T13:02:13.898+0900] {logging_mixin.py:190} INFO - [2026-04-14T13:02:13.898+0900] {dag.py:4138} INFO - Setting next_dagrun for 06_multi_dag_step2_transform to None, run_after=None
[2026-04-14T13:02:13.930+0900] {processor.py:208} INFO - Processing /opt/airflow/dags/06_multi_dag_step2_transform.py took 0.418 seconds
[2026-04-14T13:02:44.320+0900] {processor.py:186} INFO - Started process (PID=46139) to work on /opt/airflow/dags/06_multi_dag_step2_transform.py
[2026-04-14T13:02:44.321+0900] {processor.py:914} INFO - Processing file /opt/airflow/dags/06_multi_dag_step2_transform.py for tasks to queue
[2026-04-14T13:02:44.324+0900] {logging_mixin.py:190} INFO - [2026-04-14T13:02:44.324+0900] {dagbag.py:587} INFO - Filling up the DagBag from /opt/airflow/dags/06_multi_dag_step2_transform.py
[2026-04-14T13:02:44.715+0900] {processor.py:925} INFO - DAG(s) '06_multi_dag_step2_transform' retrieved from /opt/airflow/dags/06_multi_dag_step2_transform.py
[2026-04-14T13:02:44.731+0900] {logging_mixin.py:190} INFO - [2026-04-14T13:02:44.731+0900] {dag.py:3211} INFO - Sync 1 DAGs
[2026-04-14T13:02:44.745+0900] {logging_mixin.py:190} INFO - [2026-04-14T13:02:44.745+0900] {dag.py:4138} INFO - Setting next_dagrun for 06_multi_dag_step2_transform to None, run_after=None
[2026-04-14T13:02:44.776+0900] {processor.py:208} INFO - Processing /opt/airflow/dags/06_multi_dag_step2_transform.py took 0.461 seconds
[2026-04-14T13:03:15.528+0900] {processor.py:186} INFO - Started process (PID=46158) to work on /opt/airflow/dags/06_multi_dag_step2_transform.py
[2026-04-14T13:03:15.529+0900] {processor.py:914} INFO - Processing file /opt/airflow/dags/06_multi_dag_step2_transform.py for tasks to queue
[2026-04-14T13:03:15.532+0900] {logging_mixin.py:190} INFO - [2026-04-14T13:03:15.532+0900] {dagbag.py:587} INFO - Filling up the DagBag from /opt/airflow/dags/06_multi_dag_step2_transform.py
[2026-04-14T13:03:15.948+0900] {processor.py:925} INFO - DAG(s) '06_multi_dag_step2_transform' retrieved from /opt/airflow/dags/06_multi_dag_step2_transform.py
[2026-04-14T13:03:15.966+0900] {logging_mixin.py:190} INFO - [2026-04-14T13:03:15.966+0900] {dag.py:3211} INFO - Sync 1 DAGs
[2026-04-14T13:03:15.983+0900] {logging_mixin.py:190} INFO - [2026-04-14T13:03:15.983+0900] {dag.py:4138} INFO - Setting next_dagrun for 06_multi_dag_step2_transform to None, run_after=None
[2026-04-14T13:03:16.004+0900] {processor.py:208} INFO - Processing /opt/airflow/dags/06_multi_dag_step2_transform.py took 0.481 seconds
[2026-04-14T13:03:46.412+0900] {processor.py:186} INFO - Started process (PID=46177) to work on /opt/airflow/dags/06_multi_dag_step2_transform.py
[2026-04-14T13:03:46.414+0900] {processor.py:914} INFO - Processing file /opt/airflow/dags/06_multi_dag_step2_transform.py for tasks to queue
[2026-04-14T13:03:46.416+0900] {logging_mixin.py:190} INFO - [2026-04-14T13:03:46.416+0900] {dagbag.py:587} INFO - Filling up the DagBag from /opt/airflow/dags/06_multi_dag_step2_transform.py
[2026-04-14T13:03:46.841+0900] {processor.py:925} INFO - DAG(s) '06_multi_dag_step2_transform' retrieved from /opt/airflow/dags/06_multi_dag_step2_transform.py
[2026-04-14T13:03:46.859+0900] {logging_mixin.py:190} INFO - [2026-04-14T13:03:46.859+0900] {dag.py:3211} INFO - Sync 1 DAGs
[2026-04-14T13:03:46.873+0900] {logging_mixin.py:190} INFO - [2026-04-14T13:03:46.873+0900] {dag.py:4138} INFO - Setting next_dagrun for 06_multi_dag_step2_transform to None, run_after=None
[2026-04-14T13:03:46.905+0900] {processor.py:208} INFO - Processing /opt/airflow/dags/06_multi_dag_step2_transform.py took 0.498 seconds
[2026-04-14T13:04:17.389+0900] {processor.py:186} INFO - Started process (PID=46195) to work on /opt/airflow/dags/06_multi_dag_step2_transform.py
[2026-04-14T13:04:17.390+0900] {processor.py:914} INFO - Processing file /opt/airflow/dags/06_multi_dag_step2_transform.py for tasks to queue
[2026-04-14T13:04:17.393+0900] {logging_mixin.py:190} INFO - [2026-04-14T13:04:17.393+0900] {dagbag.py:587} INFO - Filling up the DagBag from /opt/airflow/dags/06_multi_dag_step2_transform.py
[2026-04-14T13:04:17.754+0900] {processor.py:925} INFO - DAG(s) '06_multi_dag_step2_transform' retrieved from /opt/airflow/dags/06_multi_dag_step2_transform.py
[2026-04-14T13:04:17.770+0900] {logging_mixin.py:190} INFO - [2026-04-14T13:04:17.770+0900] {dag.py:3211} INFO - Sync 1 DAGs
[2026-04-14T13:04:17.782+0900] {logging_mixin.py:190} INFO - [2026-04-14T13:04:17.782+0900] {dag.py:4138} INFO - Setting next_dagrun for 06_multi_dag_step2_transform to None, run_after=None
[2026-04-14T13:04:17.800+0900] {processor.py:208} INFO - Processing /opt/airflow/dags/06_multi_dag_step2_transform.py took 0.416 seconds
[2026-04-14T13:04:48.132+0900] {processor.py:186} INFO - Started process (PID=46214) to work on /opt/airflow/dags/06_multi_dag_step2_transform.py
[2026-04-14T13:04:48.133+0900] {processor.py:914} INFO - Processing file /opt/airflow/dags/06_multi_dag_step2_transform.py for tasks to queue
[2026-04-14T13:04:48.136+0900] {logging_mixin.py:190} INFO - [2026-04-14T13:04:48.136+0900] {dagbag.py:587} INFO - Filling up the DagBag from /opt/airflow/dags/06_multi_dag_step2_transform.py
[2026-04-14T13:04:48.533+0900] {processor.py:925} INFO - DAG(s) '06_multi_dag_step2_transform' retrieved from /opt/airflow/dags/06_multi_dag_step2_transform.py
[2026-04-14T13:04:48.550+0900] {logging_mixin.py:190} INFO - [2026-04-14T13:04:48.549+0900] {dag.py:3211} INFO - Sync 1 DAGs
[2026-04-14T13:04:48.564+0900] {logging_mixin.py:190} INFO - [2026-04-14T13:04:48.564+0900] {dag.py:4138} INFO - Setting next_dagrun for 06_multi_dag_step2_transform to None, run_after=None
[2026-04-14T13:04:48.581+0900] {processor.py:208} INFO - Processing /opt/airflow/dags/06_multi_dag_step2_transform.py took 0.453 seconds
[2026-04-14T13:05:19.058+0900] {processor.py:186} INFO - Started process (PID=46233) to work on /opt/airflow/dags/06_multi_dag_step2_transform.py
[2026-04-14T13:05:19.059+0900] {processor.py:914} INFO - Processing file /opt/airflow/dags/06_multi_dag_step2_transform.py for tasks to queue
[2026-04-14T13:05:19.062+0900] {logging_mixin.py:190} INFO - [2026-04-14T13:05:19.062+0900] {dagbag.py:587} INFO - Filling up the DagBag from /opt/airflow/dags/06_multi_dag_step2_transform.py
[2026-04-14T13:05:19.505+0900] {processor.py:925} INFO - DAG(s) '06_multi_dag_step2_transform' retrieved from /opt/airflow/dags/06_multi_dag_step2_transform.py
[2026-04-14T13:05:19.525+0900] {logging_mixin.py:190} INFO - [2026-04-14T13:05:19.524+0900] {dag.py:3211} INFO - Sync 1 DAGs
[2026-04-14T13:05:19.542+0900] {logging_mixin.py:190} INFO - [2026-04-14T13:05:19.541+0900] {dag.py:4138} INFO - Setting next_dagrun for 06_multi_dag_step2_transform to None, run_after=None
[2026-04-14T13:05:19.594+0900] {processor.py:208} INFO - Processing /opt/airflow/dags/06_multi_dag_step2_transform.py took 0.542 seconds
[2026-04-14T13:05:50.293+0900] {processor.py:186} INFO - Started process (PID=46252) to work on /opt/airflow/dags/06_multi_dag_step2_transform.py
[2026-04-14T13:05:50.295+0900] {processor.py:914} INFO - Processing file /opt/airflow/dags/06_multi_dag_step2_transform.py for tasks to queue
[2026-04-14T13:05:50.297+0900] {logging_mixin.py:190} INFO - [2026-04-14T13:05:50.297+0900] {dagbag.py:587} INFO - Filling up the DagBag from /opt/airflow/dags/06_multi_dag_step2_transform.py
[2026-04-14T13:05:50.732+0900] {processor.py:925} INFO - DAG(s) '06_multi_dag_step2_transform' retrieved from /opt/airflow/dags/06_multi_dag_step2_transform.py
[2026-04-14T13:05:50.760+0900] {logging_mixin.py:190} INFO - [2026-04-14T13:05:50.760+0900] {dag.py:3211} INFO - Sync 1 DAGs
[2026-04-14T13:05:50.778+0900] {logging_mixin.py:190} INFO - [2026-04-14T13:05:50.778+0900] {dag.py:4138} INFO - Setting next_dagrun for 06_multi_dag_step2_transform to None, run_after=None
[2026-04-14T13:05:50.802+0900] {processor.py:208} INFO - Processing /opt/airflow/dags/06_multi_dag_step2_transform.py took 0.515 seconds
[2026-04-14T13:06:21.552+0900] {processor.py:186} INFO - Started process (PID=46271) to work on /opt/airflow/dags/06_multi_dag_step2_transform.py
[2026-04-14T13:06:21.553+0900] {processor.py:914} INFO - Processing file /opt/airflow/dags/06_multi_dag_step2_transform.py for tasks to queue
[2026-04-14T13:06:21.555+0900] {logging_mixin.py:190} INFO - [2026-04-14T13:06:21.555+0900] {dagbag.py:587} INFO - Filling up the DagBag from /opt/airflow/dags/06_multi_dag_step2_transform.py
[2026-04-14T13:06:21.944+0900] {processor.py:925} INFO - DAG(s) '06_multi_dag_step2_transform' retrieved from /opt/airflow/dags/06_multi_dag_step2_transform.py
[2026-04-14T13:06:21.964+0900] {logging_mixin.py:190} INFO - [2026-04-14T13:06:21.963+0900] {dag.py:3211} INFO - Sync 1 DAGs
[2026-04-14T13:06:21.982+0900] {logging_mixin.py:190} INFO - [2026-04-14T13:06:21.981+0900] {dag.py:4138} INFO - Setting next_dagrun for 06_multi_dag_step2_transform to None, run_after=None
[2026-04-14T13:06:22.033+0900] {processor.py:208} INFO - Processing /opt/airflow/dags/06_multi_dag_step2_transform.py took 0.486 seconds
[2026-04-14T13:06:52.786+0900] {processor.py:186} INFO - Started process (PID=46290) to work on /opt/airflow/dags/06_multi_dag_step2_transform.py
[2026-04-14T13:06:52.788+0900] {processor.py:914} INFO - Processing file /opt/airflow/dags/06_multi_dag_step2_transform.py for tasks to queue
[2026-04-14T13:06:52.790+0900] {logging_mixin.py:190} INFO - [2026-04-14T13:06:52.790+0900] {dagbag.py:587} INFO - Filling up the DagBag from /opt/airflow/dags/06_multi_dag_step2_transform.py
[2026-04-14T13:06:53.152+0900] {processor.py:925} INFO - DAG(s) '06_multi_dag_step2_transform' retrieved from /opt/airflow/dags/06_multi_dag_step2_transform.py
[2026-04-14T13:06:53.170+0900] {logging_mixin.py:190} INFO - [2026-04-14T13:06:53.169+0900] {dag.py:3211} INFO - Sync 1 DAGs
[2026-04-14T13:06:53.184+0900] {logging_mixin.py:190} INFO - [2026-04-14T13:06:53.184+0900] {dag.py:4138} INFO - Setting next_dagrun for 06_multi_dag_step2_transform to None, run_after=None
[2026-04-14T13:06:53.231+0900] {processor.py:208} INFO - Processing /opt/airflow/dags/06_multi_dag_step2_transform.py took 0.450 seconds
[2026-04-14T13:07:23.960+0900] {processor.py:186} INFO - Started process (PID=46309) to work on /opt/airflow/dags/06_multi_dag_step2_transform.py
[2026-04-14T13:07:23.961+0900] {processor.py:914} INFO - Processing file /opt/airflow/dags/06_multi_dag_step2_transform.py for tasks to queue
[2026-04-14T13:07:23.964+0900] {logging_mixin.py:190} INFO - [2026-04-14T13:07:23.963+0900] {dagbag.py:587} INFO - Filling up the DagBag from /opt/airflow/dags/06_multi_dag_step2_transform.py
[2026-04-14T13:07:24.334+0900] {processor.py:925} INFO - DAG(s) '06_multi_dag_step2_transform' retrieved from /opt/airflow/dags/06_multi_dag_step2_transform.py
[2026-04-14T13:07:24.352+0900] {logging_mixin.py:190} INFO - [2026-04-14T13:07:24.351+0900] {dag.py:3211} INFO - Sync 1 DAGs
[2026-04-14T13:07:24.365+0900] {logging_mixin.py:190} INFO - [2026-04-14T13:07:24.365+0900] {dag.py:4138} INFO - Setting next_dagrun for 06_multi_dag_step2_transform to None, run_after=None
[2026-04-14T13:07:24.388+0900] {processor.py:208} INFO - Processing /opt/airflow/dags/06_multi_dag_step2_transform.py took 0.432 seconds
[2026-04-14T13:07:55.411+0900] {processor.py:186} INFO - Started process (PID=46328) to work on /opt/airflow/dags/06_multi_dag_step2_transform.py
[2026-04-14T13:07:55.412+0900] {processor.py:914} INFO - Processing file /opt/airflow/dags/06_multi_dag_step2_transform.py for tasks to queue
[2026-04-14T13:07:55.414+0900] {logging_mixin.py:190} INFO - [2026-04-14T13:07:55.414+0900] {dagbag.py:587} INFO - Filling up the DagBag from /opt/airflow/dags/06_multi_dag_step2_transform.py
[2026-04-14T13:07:55.739+0900] {processor.py:925} INFO - DAG(s) '06_multi_dag_step2_transform' retrieved from /opt/airflow/dags/06_multi_dag_step2_transform.py
[2026-04-14T13:07:55.756+0900] {logging_mixin.py:190} INFO - [2026-04-14T13:07:55.756+0900] {dag.py:3211} INFO - Sync 1 DAGs
[2026-04-14T13:07:55.770+0900] {logging_mixin.py:190} INFO - [2026-04-14T13:07:55.770+0900] {dag.py:4138} INFO - Setting next_dagrun for 06_multi_dag_step2_transform to None, run_after=None
[2026-04-14T13:07:55.818+0900] {processor.py:208} INFO - Processing /opt/airflow/dags/06_multi_dag_step2_transform.py took 0.411 seconds
[2026-04-14T13:08:26.451+0900] {processor.py:186} INFO - Started process (PID=46347) to work on /opt/airflow/dags/06_multi_dag_step2_transform.py
[2026-04-14T13:08:26.451+0900] {processor.py:914} INFO - Processing file /opt/airflow/dags/06_multi_dag_step2_transform.py for tasks to queue
[2026-04-14T13:08:26.454+0900] {logging_mixin.py:190} INFO - [2026-04-14T13:08:26.453+0900] {dagbag.py:587} INFO - Filling up the DagBag from /opt/airflow/dags/06_multi_dag_step2_transform.py
[2026-04-14T13:08:26.834+0900] {processor.py:925} INFO - DAG(s) '06_multi_dag_step2_transform' retrieved from /opt/airflow/dags/06_multi_dag_step2_transform.py
[2026-04-14T13:08:26.852+0900] {logging_mixin.py:190} INFO - [2026-04-14T13:08:26.851+0900] {dag.py:3211} INFO - Sync 1 DAGs
[2026-04-14T13:08:26.867+0900] {logging_mixin.py:190} INFO - [2026-04-14T13:08:26.867+0900] {dag.py:4138} INFO - Setting next_dagrun for 06_multi_dag_step2_transform to None, run_after=None
[2026-04-14T13:08:26.921+0900] {processor.py:208} INFO - Processing /opt/airflow/dags/06_multi_dag_step2_transform.py took 0.475 seconds
[2026-04-14T13:08:57.472+0900] {processor.py:186} INFO - Started process (PID=46366) to work on /opt/airflow/dags/06_multi_dag_step2_transform.py
[2026-04-14T13:08:57.473+0900] {processor.py:914} INFO - Processing file /opt/airflow/dags/06_multi_dag_step2_transform.py for tasks to queue
[2026-04-14T13:08:57.475+0900] {logging_mixin.py:190} INFO - [2026-04-14T13:08:57.475+0900] {dagbag.py:587} INFO - Filling up the DagBag from /opt/airflow/dags/06_multi_dag_step2_transform.py
[2026-04-14T13:08:57.829+0900] {processor.py:925} INFO - DAG(s) '06_multi_dag_step2_transform' retrieved from /opt/airflow/dags/06_multi_dag_step2_transform.py
[2026-04-14T13:08:57.846+0900] {logging_mixin.py:190} INFO - [2026-04-14T13:08:57.846+0900] {dag.py:3211} INFO - Sync 1 DAGs
[2026-04-14T13:08:57.860+0900] {logging_mixin.py:190} INFO - [2026-04-14T13:08:57.860+0900] {dag.py:4138} INFO - Setting next_dagrun for 06_multi_dag_step2_transform to None, run_after=None
[2026-04-14T13:08:57.884+0900] {processor.py:208} INFO - Processing /opt/airflow/dags/06_multi_dag_step2_transform.py took 0.416 seconds
[2026-04-14T13:09:28.797+0900] {processor.py:186} INFO - Started process (PID=46385) to work on /opt/airflow/dags/06_multi_dag_step2_transform.py
[2026-04-14T13:09:28.798+0900] {processor.py:914} INFO - Processing file /opt/airflow/dags/06_multi_dag_step2_transform.py for tasks to queue
[2026-04-14T13:09:28.802+0900] {logging_mixin.py:190} INFO - [2026-04-14T13:09:28.801+0900] {dagbag.py:587} INFO - Filling up the DagBag from /opt/airflow/dags/06_multi_dag_step2_transform.py
[2026-04-14T13:09:29.193+0900] {processor.py:925} INFO - DAG(s) '06_multi_dag_step2_transform' retrieved from /opt/airflow/dags/06_multi_dag_step2_transform.py
[2026-04-14T13:09:29.209+0900] {logging_mixin.py:190} INFO - [2026-04-14T13:09:29.208+0900] {dag.py:3211} INFO - Sync 1 DAGs
[2026-04-14T13:09:29.229+0900] {logging_mixin.py:190} INFO - [2026-04-14T13:09:29.229+0900] {dag.py:4138} INFO - Setting next_dagrun for 06_multi_dag_step2_transform to None, run_after=None
[2026-04-14T13:09:29.251+0900] {processor.py:208} INFO - Processing /opt/airflow/dags/06_multi_dag_step2_transform.py took 0.460 seconds
[2026-04-14T13:10:00.079+0900] {processor.py:186} INFO - Started process (PID=46404) to work on /opt/airflow/dags/06_multi_dag_step2_transform.py
[2026-04-14T13:10:00.080+0900] {processor.py:914} INFO - Processing file /opt/airflow/dags/06_multi_dag_step2_transform.py for tasks to queue
[2026-04-14T13:10:00.084+0900] {logging_mixin.py:190} INFO - [2026-04-14T13:10:00.083+0900] {dagbag.py:587} INFO - Filling up the DagBag from /opt/airflow/dags/06_multi_dag_step2_transform.py
[2026-04-14T13:10:00.459+0900] {processor.py:925} INFO - DAG(s) '06_multi_dag_step2_transform' retrieved from /opt/airflow/dags/06_multi_dag_step2_transform.py
[2026-04-14T13:10:00.476+0900] {logging_mixin.py:190} INFO - [2026-04-14T13:10:00.476+0900] {dag.py:3211} INFO - Sync 1 DAGs
[2026-04-14T13:10:00.491+0900] {logging_mixin.py:190} INFO - [2026-04-14T13:10:00.491+0900] {dag.py:4138} INFO - Setting next_dagrun for 06_multi_dag_step2_transform to None, run_after=None
[2026-04-14T13:10:00.510+0900] {processor.py:208} INFO - Processing /opt/airflow/dags/06_multi_dag_step2_transform.py took 0.435 seconds
[2026-04-14T13:10:31.269+0900] {processor.py:186} INFO - Started process (PID=46423) to work on /opt/airflow/dags/06_multi_dag_step2_transform.py
[2026-04-14T13:10:31.270+0900] {processor.py:914} INFO - Processing file /opt/airflow/dags/06_multi_dag_step2_transform.py for tasks to queue
[2026-04-14T13:10:31.272+0900] {logging_mixin.py:190} INFO - [2026-04-14T13:10:31.272+0900] {dagbag.py:587} INFO - Filling up the DagBag from /opt/airflow/dags/06_multi_dag_step2_transform.py
[2026-04-14T13:10:31.618+0900] {processor.py:925} INFO - DAG(s) '06_multi_dag_step2_transform' retrieved from /opt/airflow/dags/06_multi_dag_step2_transform.py
[2026-04-14T13:10:31.633+0900] {logging_mixin.py:190} INFO - [2026-04-14T13:10:31.633+0900] {dag.py:3211} INFO - Sync 1 DAGs
[2026-04-14T13:10:31.646+0900] {logging_mixin.py:190} INFO - [2026-04-14T13:10:31.646+0900] {dag.py:4138} INFO - Setting next_dagrun for 06_multi_dag_step2_transform to None, run_after=None
[2026-04-14T13:10:31.685+0900] {processor.py:208} INFO - Processing /opt/airflow/dags/06_multi_dag_step2_transform.py took 0.421 seconds
[2026-04-14T13:11:02.376+0900] {processor.py:186} INFO - Started process (PID=46442) to work on /opt/airflow/dags/06_multi_dag_step2_transform.py
[2026-04-14T13:11:02.377+0900] {processor.py:914} INFO - Processing file /opt/airflow/dags/06_multi_dag_step2_transform.py for tasks to queue
[2026-04-14T13:11:02.379+0900] {logging_mixin.py:190} INFO - [2026-04-14T13:11:02.379+0900] {dagbag.py:587} INFO - Filling up the DagBag from /opt/airflow/dags/06_multi_dag_step2_transform.py
[2026-04-14T13:11:02.723+0900] {processor.py:925} INFO - DAG(s) '06_multi_dag_step2_transform' retrieved from /opt/airflow/dags/06_multi_dag_step2_transform.py
[2026-04-14T13:11:02.742+0900] {logging_mixin.py:190} INFO - [2026-04-14T13:11:02.742+0900] {dag.py:3211} INFO - Sync 1 DAGs
[2026-04-14T13:11:02.762+0900] {logging_mixin.py:190} INFO - [2026-04-14T13:11:02.762+0900] {dag.py:4138} INFO - Setting next_dagrun for 06_multi_dag_step2_transform to None, run_after=None
[2026-04-14T13:11:02.788+0900] {processor.py:208} INFO - Processing /opt/airflow/dags/06_multi_dag_step2_transform.py took 0.417 seconds
[2026-04-14T13:11:33.592+0900] {processor.py:186} INFO - Started process (PID=46461) to work on /opt/airflow/dags/06_multi_dag_step2_transform.py
[2026-04-14T13:11:33.593+0900] {processor.py:914} INFO - Processing file /opt/airflow/dags/06_multi_dag_step2_transform.py for tasks to queue
[2026-04-14T13:11:33.595+0900] {logging_mixin.py:190} INFO - [2026-04-14T13:11:33.595+0900] {dagbag.py:587} INFO - Filling up the DagBag from /opt/airflow/dags/06_multi_dag_step2_transform.py
[2026-04-14T13:11:33.953+0900] {processor.py:925} INFO - DAG(s) '06_multi_dag_step2_transform' retrieved from /opt/airflow/dags/06_multi_dag_step2_transform.py
[2026-04-14T13:11:33.971+0900] {logging_mixin.py:190} INFO - [2026-04-14T13:11:33.970+0900] {dag.py:3211} INFO - Sync 1 DAGs
[2026-04-14T13:11:33.988+0900] {logging_mixin.py:190} INFO - [2026-04-14T13:11:33.988+0900] {dag.py:4138} INFO - Setting next_dagrun for 06_multi_dag_step2_transform to None, run_after=None
[2026-04-14T13:11:34.012+0900] {processor.py:208} INFO - Processing /opt/airflow/dags/06_multi_dag_step2_transform.py took 0.425 seconds
[2026-04-14T13:12:04.581+0900] {processor.py:186} INFO - Started process (PID=46482) to work on /opt/airflow/dags/06_multi_dag_step2_transform.py
[2026-04-14T13:12:04.582+0900] {processor.py:914} INFO - Processing file /opt/airflow/dags/06_multi_dag_step2_transform.py for tasks to queue
[2026-04-14T13:12:04.584+0900] {logging_mixin.py:190} INFO - [2026-04-14T13:12:04.584+0900] {dagbag.py:587} INFO - Filling up the DagBag from /opt/airflow/dags/06_multi_dag_step2_transform.py
[2026-04-14T13:12:05.004+0900] {processor.py:925} INFO - DAG(s) '06_multi_dag_step2_transform' retrieved from /opt/airflow/dags/06_multi_dag_step2_transform.py
[2026-04-14T13:12:05.021+0900] {logging_mixin.py:190} INFO - [2026-04-14T13:12:05.020+0900] {dag.py:3211} INFO - Sync 1 DAGs
[2026-04-14T13:12:05.035+0900] {logging_mixin.py:190} INFO - [2026-04-14T13:12:05.034+0900] {dag.py:4138} INFO - Setting next_dagrun for 06_multi_dag_step2_transform to None, run_after=None
[2026-04-14T13:12:05.057+0900] {processor.py:208} INFO - Processing /opt/airflow/dags/06_multi_dag_step2_transform.py took 0.481 seconds
[2026-04-14T13:12:35.926+0900] {processor.py:186} INFO - Started process (PID=46502) to work on /opt/airflow/dags/06_multi_dag_step2_transform.py
[2026-04-14T13:12:35.927+0900] {processor.py:914} INFO - Processing file /opt/airflow/dags/06_multi_dag_step2_transform.py for tasks to queue
[2026-04-14T13:12:35.930+0900] {logging_mixin.py:190} INFO - [2026-04-14T13:12:35.930+0900] {dagbag.py:587} INFO - Filling up the DagBag from /opt/airflow/dags/06_multi_dag_step2_transform.py
[2026-04-14T13:12:36.307+0900] {processor.py:925} INFO - DAG(s) '06_multi_dag_step2_transform' retrieved from /opt/airflow/dags/06_multi_dag_step2_transform.py
[2026-04-14T13:12:36.327+0900] {logging_mixin.py:190} INFO - [2026-04-14T13:12:36.326+0900] {dag.py:3211} INFO - Sync 1 DAGs
[2026-04-14T13:12:36.344+0900] {logging_mixin.py:190} INFO - [2026-04-14T13:12:36.343+0900] {dag.py:4138} INFO - Setting next_dagrun for 06_multi_dag_step2_transform to None, run_after=None
[2026-04-14T13:12:36.392+0900] {processor.py:208} INFO - Processing /opt/airflow/dags/06_multi_dag_step2_transform.py took 0.470 seconds
[2026-04-14T13:13:06.874+0900] {processor.py:186} INFO - Started process (PID=46520) to work on /opt/airflow/dags/06_multi_dag_step2_transform.py
[2026-04-14T13:13:06.875+0900] {processor.py:914} INFO - Processing file /opt/airflow/dags/06_multi_dag_step2_transform.py for tasks to queue
[2026-04-14T13:13:06.878+0900] {logging_mixin.py:190} INFO - [2026-04-14T13:13:06.878+0900] {dagbag.py:587} INFO - Filling up the DagBag from /opt/airflow/dags/06_multi_dag_step2_transform.py
[2026-04-14T13:13:07.307+0900] {processor.py:925} INFO - DAG(s) '06_multi_dag_step2_transform' retrieved from /opt/airflow/dags/06_multi_dag_step2_transform.py
[2026-04-14T13:13:07.324+0900] {logging_mixin.py:190} INFO - [2026-04-14T13:13:07.324+0900] {dag.py:3211} INFO - Sync 1 DAGs
[2026-04-14T13:13:07.340+0900] {logging_mixin.py:190} INFO - [2026-04-14T13:13:07.339+0900] {dag.py:4138} INFO - Setting next_dagrun for 06_multi_dag_step2_transform to None, run_after=None
[2026-04-14T13:13:07.361+0900] {processor.py:208} INFO - Processing /opt/airflow/dags/06_multi_dag_step2_transform.py took 0.492 seconds
[2026-04-14T13:13:38.085+0900] {processor.py:186} INFO - Started process (PID=46539) to work on /opt/airflow/dags/06_multi_dag_step2_transform.py
[2026-04-14T13:13:38.086+0900] {processor.py:914} INFO - Processing file /opt/airflow/dags/06_multi_dag_step2_transform.py for tasks to queue
[2026-04-14T13:13:38.089+0900] {logging_mixin.py:190} INFO - [2026-04-14T13:13:38.088+0900] {dagbag.py:587} INFO - Filling up the DagBag from /opt/airflow/dags/06_multi_dag_step2_transform.py
[2026-04-14T13:13:38.477+0900] {processor.py:925} INFO - DAG(s) '06_multi_dag_step2_transform' retrieved from /opt/airflow/dags/06_multi_dag_step2_transform.py
[2026-04-14T13:13:38.495+0900] {logging_mixin.py:190} INFO - [2026-04-14T13:13:38.495+0900] {dag.py:3211} INFO - Sync 1 DAGs
[2026-04-14T13:13:38.508+0900] {logging_mixin.py:190} INFO - [2026-04-14T13:13:38.508+0900] {dag.py:4138} INFO - Setting next_dagrun for 06_multi_dag_step2_transform to None, run_after=None
[2026-04-14T13:13:38.530+0900] {processor.py:208} INFO - Processing /opt/airflow/dags/06_multi_dag_step2_transform.py took 0.450 seconds
[2026-04-14T13:14:09.118+0900] {processor.py:186} INFO - Started process (PID=46558) to work on /opt/airflow/dags/06_multi_dag_step2_transform.py
[2026-04-14T13:14:09.120+0900] {processor.py:914} INFO - Processing file /opt/airflow/dags/06_multi_dag_step2_transform.py for tasks to queue
[2026-04-14T13:14:09.122+0900] {logging_mixin.py:190} INFO - [2026-04-14T13:14:09.122+0900] {dagbag.py:587} INFO - Filling up the DagBag from /opt/airflow/dags/06_multi_dag_step2_transform.py
[2026-04-14T13:14:09.504+0900] {processor.py:925} INFO - DAG(s) '06_multi_dag_step2_transform' retrieved from /opt/airflow/dags/06_multi_dag_step2_transform.py
[2026-04-14T13:14:09.520+0900] {logging_mixin.py:190} INFO - [2026-04-14T13:14:09.520+0900] {dag.py:3211} INFO - Sync 1 DAGs
[2026-04-14T13:14:09.536+0900] {logging_mixin.py:190} INFO - [2026-04-14T13:14:09.535+0900] {dag.py:4138} INFO - Setting next_dagrun for 06_multi_dag_step2_transform to None, run_after=None
[2026-04-14T13:14:09.555+0900] {processor.py:208} INFO - Processing /opt/airflow/dags/06_multi_dag_step2_transform.py took 0.443 seconds
[2026-04-14T13:14:40.362+0900] {processor.py:186} INFO - Started process (PID=46577) to work on /opt/airflow/dags/06_multi_dag_step2_transform.py
[2026-04-14T13:14:40.364+0900] {processor.py:914} INFO - Processing file /opt/airflow/dags/06_multi_dag_step2_transform.py for tasks to queue
[2026-04-14T13:14:40.366+0900] {logging_mixin.py:190} INFO - [2026-04-14T13:14:40.366+0900] {dagbag.py:587} INFO - Filling up the DagBag from /opt/airflow/dags/06_multi_dag_step2_transform.py
[2026-04-14T13:14:40.751+0900] {processor.py:925} INFO - DAG(s) '06_multi_dag_step2_transform' retrieved from /opt/airflow/dags/06_multi_dag_step2_transform.py
[2026-04-14T13:14:40.768+0900] {logging_mixin.py:190} INFO - [2026-04-14T13:14:40.768+0900] {dag.py:3211} INFO - Sync 1 DAGs
[2026-04-14T13:14:40.782+0900] {logging_mixin.py:190} INFO - [2026-04-14T13:14:40.782+0900] {dag.py:4138} INFO - Setting next_dagrun for 06_multi_dag_step2_transform to None, run_after=None
[2026-04-14T13:14:40.829+0900] {processor.py:208} INFO - Processing /opt/airflow/dags/06_multi_dag_step2_transform.py took 0.472 seconds
[2026-04-14T13:15:11.587+0900] {processor.py:186} INFO - Started process (PID=46602) to work on /opt/airflow/dags/06_multi_dag_step2_transform.py
[2026-04-14T13:15:11.588+0900] {processor.py:914} INFO - Processing file /opt/airflow/dags/06_multi_dag_step2_transform.py for tasks to queue
[2026-04-14T13:15:11.590+0900] {logging_mixin.py:190} INFO - [2026-04-14T13:15:11.590+0900] {dagbag.py:587} INFO - Filling up the DagBag from /opt/airflow/dags/06_multi_dag_step2_transform.py
[2026-04-14T13:15:12.073+0900] {processor.py:925} INFO - DAG(s) '06_multi_dag_step2_transform' retrieved from /opt/airflow/dags/06_multi_dag_step2_transform.py
[2026-04-14T13:15:12.091+0900] {logging_mixin.py:190} INFO - [2026-04-14T13:15:12.091+0900] {dag.py:3211} INFO - Sync 1 DAGs
[2026-04-14T13:15:12.106+0900] {logging_mixin.py:190} INFO - [2026-04-14T13:15:12.106+0900] {dag.py:4138} INFO - Setting next_dagrun for 06_multi_dag_step2_transform to None, run_after=None
[2026-04-14T13:15:12.159+0900] {processor.py:208} INFO - Processing /opt/airflow/dags/06_multi_dag_step2_transform.py took 0.582 seconds
[2026-04-14T13:15:42.916+0900] {processor.py:186} INFO - Started process (PID=46621) to work on /opt/airflow/dags/06_multi_dag_step2_transform.py
[2026-04-14T13:15:42.916+0900] {processor.py:914} INFO - Processing file /opt/airflow/dags/06_multi_dag_step2_transform.py for tasks to queue
[2026-04-14T13:15:42.919+0900] {logging_mixin.py:190} INFO - [2026-04-14T13:15:42.919+0900] {dagbag.py:587} INFO - Filling up the DagBag from /opt/airflow/dags/06_multi_dag_step2_transform.py
[2026-04-14T13:15:43.279+0900] {processor.py:925} INFO - DAG(s) '06_multi_dag_step2_transform' retrieved from /opt/airflow/dags/06_multi_dag_step2_transform.py
[2026-04-14T13:15:43.296+0900] {logging_mixin.py:190} INFO - [2026-04-14T13:15:43.296+0900] {dag.py:3211} INFO - Sync 1 DAGs
[2026-04-14T13:15:43.313+0900] {logging_mixin.py:190} INFO - [2026-04-14T13:15:43.313+0900] {dag.py:4138} INFO - Setting next_dagrun for 06_multi_dag_step2_transform to None, run_after=None
[2026-04-14T13:15:43.345+0900] {processor.py:208} INFO - Processing /opt/airflow/dags/06_multi_dag_step2_transform.py took 0.434 seconds
[2026-04-14T13:16:13.828+0900] {processor.py:186} INFO - Started process (PID=46640) to work on /opt/airflow/dags/06_multi_dag_step2_transform.py
[2026-04-14T13:16:13.829+0900] {processor.py:914} INFO - Processing file /opt/airflow/dags/06_multi_dag_step2_transform.py for tasks to queue
[2026-04-14T13:16:13.833+0900] {logging_mixin.py:190} INFO - [2026-04-14T13:16:13.832+0900] {dagbag.py:587} INFO - Filling up the DagBag from /opt/airflow/dags/06_multi_dag_step2_transform.py
[2026-04-14T13:16:14.201+0900] {processor.py:925} INFO - DAG(s) '06_multi_dag_step2_transform' retrieved from /opt/airflow/dags/06_multi_dag_step2_transform.py
[2026-04-14T13:16:14.219+0900] {logging_mixin.py:190} INFO - [2026-04-14T13:16:14.219+0900] {dag.py:3211} INFO - Sync 1 DAGs
[2026-04-14T13:16:14.233+0900] {logging_mixin.py:190} INFO - [2026-04-14T13:16:14.233+0900] {dag.py:4138} INFO - Setting next_dagrun for 06_multi_dag_step2_transform to None, run_after=None
[2026-04-14T13:16:14.254+0900] {processor.py:208} INFO - Processing /opt/airflow/dags/06_multi_dag_step2_transform.py took 0.432 seconds
[2026-04-14T13:16:44.696+0900] {processor.py:186} INFO - Started process (PID=46659) to work on /opt/airflow/dags/06_multi_dag_step2_transform.py
[2026-04-14T13:16:44.697+0900] {processor.py:914} INFO - Processing file /opt/airflow/dags/06_multi_dag_step2_transform.py for tasks to queue
[2026-04-14T13:16:44.700+0900] {logging_mixin.py:190} INFO - [2026-04-14T13:16:44.700+0900] {dagbag.py:587} INFO - Filling up the DagBag from /opt/airflow/dags/06_multi_dag_step2_transform.py
[2026-04-14T13:16:45.093+0900] {processor.py:925} INFO - DAG(s) '06_multi_dag_step2_transform' retrieved from /opt/airflow/dags/06_multi_dag_step2_transform.py
[2026-04-14T13:16:45.111+0900] {logging_mixin.py:190} INFO - [2026-04-14T13:16:45.111+0900] {dag.py:3211} INFO - Sync 1 DAGs
[2026-04-14T13:16:45.125+0900] {logging_mixin.py:190} INFO - [2026-04-14T13:16:45.125+0900] {dag.py:4138} INFO - Setting next_dagrun for 06_multi_dag_step2_transform to None, run_after=None
[2026-04-14T13:16:45.148+0900] {processor.py:208} INFO - Processing /opt/airflow/dags/06_multi_dag_step2_transform.py took 0.459 seconds
[2026-04-14T13:17:16.010+0900] {processor.py:186} INFO - Started process (PID=46677) to work on /opt/airflow/dags/06_multi_dag_step2_transform.py
[2026-04-14T13:17:16.012+0900] {processor.py:914} INFO - Processing file /opt/airflow/dags/06_multi_dag_step2_transform.py for tasks to queue
[2026-04-14T13:17:16.016+0900] {logging_mixin.py:190} INFO - [2026-04-14T13:17:16.016+0900] {dagbag.py:587} INFO - Filling up the DagBag from /opt/airflow/dags/06_multi_dag_step2_transform.py
[2026-04-14T13:17:16.427+0900] {processor.py:925} INFO - DAG(s) '06_multi_dag_step2_transform' retrieved from /opt/airflow/dags/06_multi_dag_step2_transform.py
[2026-04-14T13:17:16.442+0900] {logging_mixin.py:190} INFO - [2026-04-14T13:17:16.442+0900] {dag.py:3211} INFO - Sync 1 DAGs
[2026-04-14T13:17:16.458+0900] {logging_mixin.py:190} INFO - [2026-04-14T13:17:16.458+0900] {dag.py:4138} INFO - Setting next_dagrun for 06_multi_dag_step2_transform to None, run_after=None
[2026-04-14T13:17:16.476+0900] {processor.py:208} INFO - Processing /opt/airflow/dags/06_multi_dag_step2_transform.py took 0.472 seconds
[2026-04-14T13:17:47.147+0900] {processor.py:186} INFO - Started process (PID=46696) to work on /opt/airflow/dags/06_multi_dag_step2_transform.py
[2026-04-14T13:17:47.148+0900] {processor.py:914} INFO - Processing file /opt/airflow/dags/06_multi_dag_step2_transform.py for tasks to queue
[2026-04-14T13:17:47.152+0900] {logging_mixin.py:190} INFO - [2026-04-14T13:17:47.151+0900] {dagbag.py:587} INFO - Filling up the DagBag from /opt/airflow/dags/06_multi_dag_step2_transform.py
[2026-04-14T13:17:47.600+0900] {processor.py:925} INFO - DAG(s) '06_multi_dag_step2_transform' retrieved from /opt/airflow/dags/06_multi_dag_step2_transform.py
[2026-04-14T13:17:47.620+0900] {logging_mixin.py:190} INFO - [2026-04-14T13:17:47.620+0900] {dag.py:3211} INFO - Sync 1 DAGs
[2026-04-14T13:17:47.636+0900] {logging_mixin.py:190} INFO - [2026-04-14T13:17:47.636+0900] {dag.py:4138} INFO - Setting next_dagrun for 06_multi_dag_step2_transform to None, run_after=None
[2026-04-14T13:17:47.656+0900] {processor.py:208} INFO - Processing /opt/airflow/dags/06_multi_dag_step2_transform.py took 0.514 seconds
[2026-04-14T13:18:17.881+0900] {processor.py:186} INFO - Started process (PID=46715) to work on /opt/airflow/dags/06_multi_dag_step2_transform.py
[2026-04-14T13:18:17.882+0900] {processor.py:914} INFO - Processing file /opt/airflow/dags/06_multi_dag_step2_transform.py for tasks to queue
[2026-04-14T13:18:17.886+0900] {logging_mixin.py:190} INFO - [2026-04-14T13:18:17.885+0900] {dagbag.py:587} INFO - Filling up the DagBag from /opt/airflow/dags/06_multi_dag_step2_transform.py
[2026-04-14T13:18:18.270+0900] {processor.py:925} INFO - DAG(s) '06_multi_dag_step2_transform' retrieved from /opt/airflow/dags/06_multi_dag_step2_transform.py
[2026-04-14T13:18:18.287+0900] {logging_mixin.py:190} INFO - [2026-04-14T13:18:18.286+0900] {dag.py:3211} INFO - Sync 1 DAGs
[2026-04-14T13:18:18.300+0900] {logging_mixin.py:190} INFO - [2026-04-14T13:18:18.300+0900] {dag.py:4138} INFO - Setting next_dagrun for 06_multi_dag_step2_transform to None, run_after=None
[2026-04-14T13:18:18.349+0900] {processor.py:208} INFO - Processing /opt/airflow/dags/06_multi_dag_step2_transform.py took 0.473 seconds
[2026-04-14T13:18:49.203+0900] {processor.py:186} INFO - Started process (PID=46734) to work on /opt/airflow/dags/06_multi_dag_step2_transform.py
[2026-04-14T13:18:49.205+0900] {processor.py:914} INFO - Processing file /opt/airflow/dags/06_multi_dag_step2_transform.py for tasks to queue
[2026-04-14T13:18:49.207+0900] {logging_mixin.py:190} INFO - [2026-04-14T13:18:49.207+0900] {dagbag.py:587} INFO - Filling up the DagBag from /opt/airflow/dags/06_multi_dag_step2_transform.py
[2026-04-14T13:18:49.649+0900] {processor.py:925} INFO - DAG(s) '06_multi_dag_step2_transform' retrieved from /opt/airflow/dags/06_multi_dag_step2_transform.py
[2026-04-14T13:18:49.665+0900] {logging_mixin.py:190} INFO - [2026-04-14T13:18:49.665+0900] {dag.py:3211} INFO - Sync 1 DAGs
[2026-04-14T13:18:49.684+0900] {logging_mixin.py:190} INFO - [2026-04-14T13:18:49.683+0900] {dag.py:4138} INFO - Setting next_dagrun for 06_multi_dag_step2_transform to None, run_after=None
[2026-04-14T13:18:49.728+0900] {processor.py:208} INFO - Processing /opt/airflow/dags/06_multi_dag_step2_transform.py took 0.529 seconds
[2026-04-14T13:19:20.325+0900] {processor.py:186} INFO - Started process (PID=46753) to work on /opt/airflow/dags/06_multi_dag_step2_transform.py
[2026-04-14T13:19:20.326+0900] {processor.py:914} INFO - Processing file /opt/airflow/dags/06_multi_dag_step2_transform.py for tasks to queue
[2026-04-14T13:19:20.329+0900] {logging_mixin.py:190} INFO - [2026-04-14T13:19:20.329+0900] {dagbag.py:587} INFO - Filling up the DagBag from /opt/airflow/dags/06_multi_dag_step2_transform.py
[2026-04-14T13:19:20.783+0900] {processor.py:925} INFO - DAG(s) '06_multi_dag_step2_transform' retrieved from /opt/airflow/dags/06_multi_dag_step2_transform.py
[2026-04-14T13:19:20.801+0900] {logging_mixin.py:190} INFO - [2026-04-14T13:19:20.801+0900] {dag.py:3211} INFO - Sync 1 DAGs
[2026-04-14T13:19:20.817+0900] {logging_mixin.py:190} INFO - [2026-04-14T13:19:20.817+0900] {dag.py:4138} INFO - Setting next_dagrun for 06_multi_dag_step2_transform to None, run_after=None
[2026-04-14T13:19:20.859+0900] {processor.py:208} INFO - Processing /opt/airflow/dags/06_multi_dag_step2_transform.py took 0.540 seconds
[2026-04-14T13:19:51.274+0900] {processor.py:186} INFO - Started process (PID=46772) to work on /opt/airflow/dags/06_multi_dag_step2_transform.py
[2026-04-14T13:19:51.274+0900] {processor.py:914} INFO - Processing file /opt/airflow/dags/06_multi_dag_step2_transform.py for tasks to queue
[2026-04-14T13:19:51.277+0900] {logging_mixin.py:190} INFO - [2026-04-14T13:19:51.277+0900] {dagbag.py:587} INFO - Filling up the DagBag from /opt/airflow/dags/06_multi_dag_step2_transform.py
[2026-04-14T13:19:51.651+0900] {processor.py:925} INFO - DAG(s) '06_multi_dag_step2_transform' retrieved from /opt/airflow/dags/06_multi_dag_step2_transform.py
[2026-04-14T13:19:51.670+0900] {logging_mixin.py:190} INFO - [2026-04-14T13:19:51.670+0900] {dag.py:3211} INFO - Sync 1 DAGs
[2026-04-14T13:19:51.685+0900] {logging_mixin.py:190} INFO - [2026-04-14T13:19:51.685+0900] {dag.py:4138} INFO - Setting next_dagrun for 06_multi_dag_step2_transform to None, run_after=None
[2026-04-14T13:19:51.734+0900] {processor.py:208} INFO - Processing /opt/airflow/dags/06_multi_dag_step2_transform.py took 0.465 seconds
[2026-04-14T13:20:22.290+0900] {processor.py:186} INFO - Started process (PID=46791) to work on /opt/airflow/dags/06_multi_dag_step2_transform.py
[2026-04-14T13:20:22.291+0900] {processor.py:914} INFO - Processing file /opt/airflow/dags/06_multi_dag_step2_transform.py for tasks to queue
[2026-04-14T13:20:22.294+0900] {logging_mixin.py:190} INFO - [2026-04-14T13:20:22.294+0900] {dagbag.py:587} INFO - Filling up the DagBag from /opt/airflow/dags/06_multi_dag_step2_transform.py
[2026-04-14T13:20:22.707+0900] {processor.py:925} INFO - DAG(s) '06_multi_dag_step2_transform' retrieved from /opt/airflow/dags/06_multi_dag_step2_transform.py
[2026-04-14T13:20:22.728+0900] {logging_mixin.py:190} INFO - [2026-04-14T13:20:22.727+0900] {dag.py:3211} INFO - Sync 1 DAGs
[2026-04-14T13:20:22.743+0900] {logging_mixin.py:190} INFO - [2026-04-14T13:20:22.743+0900] {dag.py:4138} INFO - Setting next_dagrun for 06_multi_dag_step2_transform to None, run_after=None
[2026-04-14T13:20:22.765+0900] {processor.py:208} INFO - Processing /opt/airflow/dags/06_multi_dag_step2_transform.py took 0.479 seconds
[2026-04-14T13:20:53.407+0900] {processor.py:186} INFO - Started process (PID=46810) to work on /opt/airflow/dags/06_multi_dag_step2_transform.py
[2026-04-14T13:20:53.408+0900] {processor.py:914} INFO - Processing file /opt/airflow/dags/06_multi_dag_step2_transform.py for tasks to queue
[2026-04-14T13:20:53.410+0900] {logging_mixin.py:190} INFO - [2026-04-14T13:20:53.410+0900] {dagbag.py:587} INFO - Filling up the DagBag from /opt/airflow/dags/06_multi_dag_step2_transform.py
[2026-04-14T13:20:53.792+0900] {processor.py:925} INFO - DAG(s) '06_multi_dag_step2_transform' retrieved from /opt/airflow/dags/06_multi_dag_step2_transform.py
[2026-04-14T13:20:53.814+0900] {logging_mixin.py:190} INFO - [2026-04-14T13:20:53.814+0900] {dag.py:3211} INFO - Sync 1 DAGs
[2026-04-14T13:20:53.831+0900] {logging_mixin.py:190} INFO - [2026-04-14T13:20:53.831+0900] {dag.py:4138} INFO - Setting next_dagrun for 06_multi_dag_step2_transform to None, run_after=None
[2026-04-14T13:20:53.851+0900] {processor.py:208} INFO - Processing /opt/airflow/dags/06_multi_dag_step2_transform.py took 0.449 seconds
[2026-04-14T13:21:24.822+0900] {processor.py:186} INFO - Started process (PID=46829) to work on /opt/airflow/dags/06_multi_dag_step2_transform.py
[2026-04-14T13:21:24.823+0900] {processor.py:914} INFO - Processing file /opt/airflow/dags/06_multi_dag_step2_transform.py for tasks to queue
[2026-04-14T13:21:24.826+0900] {logging_mixin.py:190} INFO - [2026-04-14T13:21:24.825+0900] {dagbag.py:587} INFO - Filling up the DagBag from /opt/airflow/dags/06_multi_dag_step2_transform.py
[2026-04-14T13:21:25.248+0900] {processor.py:925} INFO - DAG(s) '06_multi_dag_step2_transform' retrieved from /opt/airflow/dags/06_multi_dag_step2_transform.py
[2026-04-14T13:21:25.267+0900] {logging_mixin.py:190} INFO - [2026-04-14T13:21:25.267+0900] {dag.py:3211} INFO - Sync 1 DAGs
[2026-04-14T13:21:25.286+0900] {logging_mixin.py:190} INFO - [2026-04-14T13:21:25.286+0900] {dag.py:4138} INFO - Setting next_dagrun for 06_multi_dag_step2_transform to None, run_after=None
[2026-04-14T13:21:25.315+0900] {processor.py:208} INFO - Processing /opt/airflow/dags/06_multi_dag_step2_transform.py took 0.500 seconds
[2026-04-14T13:21:55.907+0900] {processor.py:186} INFO - Started process (PID=46848) to work on /opt/airflow/dags/06_multi_dag_step2_transform.py
[2026-04-14T13:21:55.908+0900] {processor.py:914} INFO - Processing file /opt/airflow/dags/06_multi_dag_step2_transform.py for tasks to queue
[2026-04-14T13:21:55.910+0900] {logging_mixin.py:190} INFO - [2026-04-14T13:21:55.910+0900] {dagbag.py:587} INFO - Filling up the DagBag from /opt/airflow/dags/06_multi_dag_step2_transform.py
[2026-04-14T13:21:56.365+0900] {processor.py:925} INFO - DAG(s) '06_multi_dag_step2_transform' retrieved from /opt/airflow/dags/06_multi_dag_step2_transform.py
[2026-04-14T13:21:56.387+0900] {logging_mixin.py:190} INFO - [2026-04-14T13:21:56.387+0900] {dag.py:3211} INFO - Sync 1 DAGs
[2026-04-14T13:21:56.403+0900] {logging_mixin.py:190} INFO - [2026-04-14T13:21:56.403+0900] {dag.py:4138} INFO - Setting next_dagrun for 06_multi_dag_step2_transform to None, run_after=None
[2026-04-14T13:21:56.434+0900] {processor.py:208} INFO - Processing /opt/airflow/dags/06_multi_dag_step2_transform.py took 0.533 seconds
[2026-04-14T13:22:27.214+0900] {processor.py:186} INFO - Started process (PID=46867) to work on /opt/airflow/dags/06_multi_dag_step2_transform.py
[2026-04-14T13:22:27.215+0900] {processor.py:914} INFO - Processing file /opt/airflow/dags/06_multi_dag_step2_transform.py for tasks to queue
[2026-04-14T13:22:27.218+0900] {logging_mixin.py:190} INFO - [2026-04-14T13:22:27.217+0900] {dagbag.py:587} INFO - Filling up the DagBag from /opt/airflow/dags/06_multi_dag_step2_transform.py
[2026-04-14T13:22:27.564+0900] {processor.py:925} INFO - DAG(s) '06_multi_dag_step2_transform' retrieved from /opt/airflow/dags/06_multi_dag_step2_transform.py
[2026-04-14T13:22:27.578+0900] {logging_mixin.py:190} INFO - [2026-04-14T13:22:27.578+0900] {dag.py:3211} INFO - Sync 1 DAGs
[2026-04-14T13:22:27.592+0900] {logging_mixin.py:190} INFO - [2026-04-14T13:22:27.592+0900] {dag.py:4138} INFO - Setting next_dagrun for 06_multi_dag_step2_transform to None, run_after=None
[2026-04-14T13:22:27.612+0900] {processor.py:208} INFO - Processing /opt/airflow/dags/06_multi_dag_step2_transform.py took 0.402 seconds
[2026-04-14T13:22:58.151+0900] {processor.py:186} INFO - Started process (PID=46887) to work on /opt/airflow/dags/06_multi_dag_step2_transform.py
[2026-04-14T13:22:58.152+0900] {processor.py:914} INFO - Processing file /opt/airflow/dags/06_multi_dag_step2_transform.py for tasks to queue
[2026-04-14T13:22:58.154+0900] {logging_mixin.py:190} INFO - [2026-04-14T13:22:58.154+0900] {dagbag.py:587} INFO - Filling up the DagBag from /opt/airflow/dags/06_multi_dag_step2_transform.py
[2026-04-14T13:22:58.541+0900] {processor.py:925} INFO - DAG(s) '06_multi_dag_step2_transform' retrieved from /opt/airflow/dags/06_multi_dag_step2_transform.py
[2026-04-14T13:22:58.557+0900] {logging_mixin.py:190} INFO - [2026-04-14T13:22:58.557+0900] {dag.py:3211} INFO - Sync 1 DAGs
[2026-04-14T13:22:58.571+0900] {logging_mixin.py:190} INFO - [2026-04-14T13:22:58.571+0900] {dag.py:4138} INFO - Setting next_dagrun for 06_multi_dag_step2_transform to None, run_after=None
[2026-04-14T13:22:58.589+0900] {processor.py:208} INFO - Processing /opt/airflow/dags/06_multi_dag_step2_transform.py took 0.444 seconds
[2026-04-14T13:23:29.194+0900] {processor.py:186} INFO - Started process (PID=46906) to work on /opt/airflow/dags/06_multi_dag_step2_transform.py
[2026-04-14T13:23:29.195+0900] {processor.py:914} INFO - Processing file /opt/airflow/dags/06_multi_dag_step2_transform.py for tasks to queue
[2026-04-14T13:23:29.197+0900] {logging_mixin.py:190} INFO - [2026-04-14T13:23:29.197+0900] {dagbag.py:587} INFO - Filling up the DagBag from /opt/airflow/dags/06_multi_dag_step2_transform.py
[2026-04-14T13:23:29.638+0900] {processor.py:925} INFO - DAG(s) '06_multi_dag_step2_transform' retrieved from /opt/airflow/dags/06_multi_dag_step2_transform.py
[2026-04-14T13:23:29.656+0900] {logging_mixin.py:190} INFO - [2026-04-14T13:23:29.656+0900] {dag.py:3211} INFO - Sync 1 DAGs
[2026-04-14T13:23:29.670+0900] {logging_mixin.py:190} INFO - [2026-04-14T13:23:29.670+0900] {dag.py:4138} INFO - Setting next_dagrun for 06_multi_dag_step2_transform to None, run_after=None
[2026-04-14T13:23:29.692+0900] {processor.py:208} INFO - Processing /opt/airflow/dags/06_multi_dag_step2_transform.py took 0.503 seconds
[2026-04-14T13:24:00.087+0900] {processor.py:186} INFO - Started process (PID=46925) to work on /opt/airflow/dags/06_multi_dag_step2_transform.py
[2026-04-14T13:24:00.088+0900] {processor.py:914} INFO - Processing file /opt/airflow/dags/06_multi_dag_step2_transform.py for tasks to queue
[2026-04-14T13:24:00.091+0900] {logging_mixin.py:190} INFO - [2026-04-14T13:24:00.090+0900] {dagbag.py:587} INFO - Filling up the DagBag from /opt/airflow/dags/06_multi_dag_step2_transform.py
[2026-04-14T13:24:00.527+0900] {processor.py:925} INFO - DAG(s) '06_multi_dag_step2_transform' retrieved from /opt/airflow/dags/06_multi_dag_step2_transform.py
[2026-04-14T13:24:00.545+0900] {logging_mixin.py:190} INFO - [2026-04-14T13:24:00.545+0900] {dag.py:3211} INFO - Sync 1 DAGs
[2026-04-14T13:24:00.573+0900] {logging_mixin.py:190} INFO - [2026-04-14T13:24:00.573+0900] {dag.py:4138} INFO - Setting next_dagrun for 06_multi_dag_step2_transform to None, run_after=None
[2026-04-14T13:24:00.621+0900] {processor.py:208} INFO - Processing /opt/airflow/dags/06_multi_dag_step2_transform.py took 0.539 seconds
[2026-04-14T13:24:30.882+0900] {processor.py:186} INFO - Started process (PID=46944) to work on /opt/airflow/dags/06_multi_dag_step2_transform.py
[2026-04-14T13:24:30.884+0900] {processor.py:914} INFO - Processing file /opt/airflow/dags/06_multi_dag_step2_transform.py for tasks to queue
[2026-04-14T13:24:30.886+0900] {logging_mixin.py:190} INFO - [2026-04-14T13:24:30.886+0900] {dagbag.py:587} INFO - Filling up the DagBag from /opt/airflow/dags/06_multi_dag_step2_transform.py
[2026-04-14T13:24:31.273+0900] {processor.py:925} INFO - DAG(s) '06_multi_dag_step2_transform' retrieved from /opt/airflow/dags/06_multi_dag_step2_transform.py
[2026-04-14T13:24:31.292+0900] {logging_mixin.py:190} INFO - [2026-04-14T13:24:31.292+0900] {dag.py:3211} INFO - Sync 1 DAGs
[2026-04-14T13:24:31.307+0900] {logging_mixin.py:190} INFO - [2026-04-14T13:24:31.307+0900] {dag.py:4138} INFO - Setting next_dagrun for 06_multi_dag_step2_transform to None, run_after=None
[2026-04-14T13:24:31.356+0900] {processor.py:208} INFO - Processing /opt/airflow/dags/06_multi_dag_step2_transform.py took 0.478 seconds
[2026-04-14T13:25:01.688+0900] {processor.py:186} INFO - Started process (PID=46964) to work on /opt/airflow/dags/06_multi_dag_step2_transform.py
[2026-04-14T13:25:01.689+0900] {processor.py:914} INFO - Processing file /opt/airflow/dags/06_multi_dag_step2_transform.py for tasks to queue
[2026-04-14T13:25:01.692+0900] {logging_mixin.py:190} INFO - [2026-04-14T13:25:01.692+0900] {dagbag.py:587} INFO - Filling up the DagBag from /opt/airflow/dags/06_multi_dag_step2_transform.py
[2026-04-14T13:25:02.055+0900] {processor.py:925} INFO - DAG(s) '06_multi_dag_step2_transform' retrieved from /opt/airflow/dags/06_multi_dag_step2_transform.py
[2026-04-14T13:25:02.072+0900] {logging_mixin.py:190} INFO - [2026-04-14T13:25:02.072+0900] {dag.py:3211} INFO - Sync 1 DAGs
[2026-04-14T13:25:02.086+0900] {logging_mixin.py:190} INFO - [2026-04-14T13:25:02.086+0900] {dag.py:4138} INFO - Setting next_dagrun for 06_multi_dag_step2_transform to None, run_after=None
[2026-04-14T13:25:02.136+0900] {processor.py:208} INFO - Processing /opt/airflow/dags/06_multi_dag_step2_transform.py took 0.453 seconds
[2026-04-14T13:25:32.434+0900] {processor.py:186} INFO - Started process (PID=46983) to work on /opt/airflow/dags/06_multi_dag_step2_transform.py
[2026-04-14T13:25:32.435+0900] {processor.py:914} INFO - Processing file /opt/airflow/dags/06_multi_dag_step2_transform.py for tasks to queue
[2026-04-14T13:25:32.437+0900] {logging_mixin.py:190} INFO - [2026-04-14T13:25:32.437+0900] {dagbag.py:587} INFO - Filling up the DagBag from /opt/airflow/dags/06_multi_dag_step2_transform.py
[2026-04-14T13:25:32.884+0900] {processor.py:925} INFO - DAG(s) '06_multi_dag_step2_transform' retrieved from /opt/airflow/dags/06_multi_dag_step2_transform.py
[2026-04-14T13:25:32.911+0900] {logging_mixin.py:190} INFO - [2026-04-14T13:25:32.911+0900] {dag.py:3211} INFO - Sync 1 DAGs
[2026-04-14T13:25:32.943+0900] {logging_mixin.py:190} INFO - [2026-04-14T13:25:32.943+0900] {dag.py:4138} INFO - Setting next_dagrun for 06_multi_dag_step2_transform to None, run_after=None
[2026-04-14T13:25:33.000+0900] {processor.py:208} INFO - Processing /opt/airflow/dags/06_multi_dag_step2_transform.py took 0.571 seconds
[2026-04-14T13:26:03.894+0900] {processor.py:186} INFO - Started process (PID=47002) to work on /opt/airflow/dags/06_multi_dag_step2_transform.py
[2026-04-14T13:26:03.895+0900] {processor.py:914} INFO - Processing file /opt/airflow/dags/06_multi_dag_step2_transform.py for tasks to queue
[2026-04-14T13:26:03.898+0900] {logging_mixin.py:190} INFO - [2026-04-14T13:26:03.898+0900] {dagbag.py:587} INFO - Filling up the DagBag from /opt/airflow/dags/06_multi_dag_step2_transform.py
[2026-04-14T13:26:04.321+0900] {processor.py:925} INFO - DAG(s) '06_multi_dag_step2_transform' retrieved from /opt/airflow/dags/06_multi_dag_step2_transform.py
[2026-04-14T13:26:04.338+0900] {logging_mixin.py:190} INFO - [2026-04-14T13:26:04.338+0900] {dag.py:3211} INFO - Sync 1 DAGs
[2026-04-14T13:26:04.353+0900] {logging_mixin.py:190} INFO - [2026-04-14T13:26:04.353+0900] {dag.py:4138} INFO - Setting next_dagrun for 06_multi_dag_step2_transform to None, run_after=None
[2026-04-14T13:26:04.404+0900] {processor.py:208} INFO - Processing /opt/airflow/dags/06_multi_dag_step2_transform.py took 0.517 seconds
[2026-04-14T13:26:34.901+0900] {processor.py:186} INFO - Started process (PID=47020) to work on /opt/airflow/dags/06_multi_dag_step2_transform.py
[2026-04-14T13:26:34.903+0900] {processor.py:914} INFO - Processing file /opt/airflow/dags/06_multi_dag_step2_transform.py for tasks to queue
[2026-04-14T13:26:34.906+0900] {logging_mixin.py:190} INFO - [2026-04-14T13:26:34.906+0900] {dagbag.py:587} INFO - Filling up the DagBag from /opt/airflow/dags/06_multi_dag_step2_transform.py
[2026-04-14T13:26:35.300+0900] {processor.py:925} INFO - DAG(s) '06_multi_dag_step2_transform' retrieved from /opt/airflow/dags/06_multi_dag_step2_transform.py
[2026-04-14T13:26:35.321+0900] {logging_mixin.py:190} INFO - [2026-04-14T13:26:35.320+0900] {dag.py:3211} INFO - Sync 1 DAGs
[2026-04-14T13:26:35.337+0900] {logging_mixin.py:190} INFO - [2026-04-14T13:26:35.337+0900] {dag.py:4138} INFO - Setting next_dagrun for 06_multi_dag_step2_transform to None, run_after=None
[2026-04-14T13:26:35.359+0900] {processor.py:208} INFO - Processing /opt/airflow/dags/06_multi_dag_step2_transform.py took 0.465 seconds
[2026-04-14T13:27:05.515+0900] {processor.py:186} INFO - Started process (PID=47039) to work on /opt/airflow/dags/06_multi_dag_step2_transform.py
[2026-04-14T13:27:05.516+0900] {processor.py:914} INFO - Processing file /opt/airflow/dags/06_multi_dag_step2_transform.py for tasks to queue
[2026-04-14T13:27:05.518+0900] {logging_mixin.py:190} INFO - [2026-04-14T13:27:05.518+0900] {dagbag.py:587} INFO - Filling up the DagBag from /opt/airflow/dags/06_multi_dag_step2_transform.py
[2026-04-14T13:27:05.936+0900] {processor.py:925} INFO - DAG(s) '06_multi_dag_step2_transform' retrieved from /opt/airflow/dags/06_multi_dag_step2_transform.py
[2026-04-14T13:27:05.958+0900] {logging_mixin.py:190} INFO - [2026-04-14T13:27:05.958+0900] {dag.py:3211} INFO - Sync 1 DAGs
[2026-04-14T13:27:05.980+0900] {logging_mixin.py:190} INFO - [2026-04-14T13:27:05.979+0900] {dag.py:4138} INFO - Setting next_dagrun for 06_multi_dag_step2_transform to None, run_after=None
[2026-04-14T13:27:05.999+0900] {processor.py:208} INFO - Processing /opt/airflow/dags/06_multi_dag_step2_transform.py took 0.489 seconds
[2026-04-14T13:27:36.214+0900] {processor.py:186} INFO - Started process (PID=47057) to work on /opt/airflow/dags/06_multi_dag_step2_transform.py
[2026-04-14T13:27:36.215+0900] {processor.py:914} INFO - Processing file /opt/airflow/dags/06_multi_dag_step2_transform.py for tasks to queue
[2026-04-14T13:27:36.218+0900] {logging_mixin.py:190} INFO - [2026-04-14T13:27:36.217+0900] {dagbag.py:587} INFO - Filling up the DagBag from /opt/airflow/dags/06_multi_dag_step2_transform.py
[2026-04-14T13:27:36.584+0900] {processor.py:925} INFO - DAG(s) '06_multi_dag_step2_transform' retrieved from /opt/airflow/dags/06_multi_dag_step2_transform.py
[2026-04-14T13:27:36.601+0900] {logging_mixin.py:190} INFO - [2026-04-14T13:27:36.601+0900] {dag.py:3211} INFO - Sync 1 DAGs
[2026-04-14T13:27:36.614+0900] {logging_mixin.py:190} INFO - [2026-04-14T13:27:36.614+0900] {dag.py:4138} INFO - Setting next_dagrun for 06_multi_dag_step2_transform to None, run_after=None
[2026-04-14T13:27:36.648+0900] {processor.py:208} INFO - Processing /opt/airflow/dags/06_multi_dag_step2_transform.py took 0.439 seconds
[2026-04-14T13:28:06.819+0900] {processor.py:186} INFO - Started process (PID=47076) to work on /opt/airflow/dags/06_multi_dag_step2_transform.py
[2026-04-14T13:28:06.821+0900] {processor.py:914} INFO - Processing file /opt/airflow/dags/06_multi_dag_step2_transform.py for tasks to queue
[2026-04-14T13:28:06.823+0900] {logging_mixin.py:190} INFO - [2026-04-14T13:28:06.823+0900] {dagbag.py:587} INFO - Filling up the DagBag from /opt/airflow/dags/06_multi_dag_step2_transform.py
[2026-04-14T13:28:07.237+0900] {processor.py:925} INFO - DAG(s) '06_multi_dag_step2_transform' retrieved from /opt/airflow/dags/06_multi_dag_step2_transform.py
[2026-04-14T13:28:07.262+0900] {logging_mixin.py:190} INFO - [2026-04-14T13:28:07.262+0900] {dag.py:3211} INFO - Sync 1 DAGs
[2026-04-14T13:28:07.289+0900] {logging_mixin.py:190} INFO - [2026-04-14T13:28:07.289+0900] {dag.py:4138} INFO - Setting next_dagrun for 06_multi_dag_step2_transform to None, run_after=None
[2026-04-14T13:28:07.337+0900] {processor.py:208} INFO - Processing /opt/airflow/dags/06_multi_dag_step2_transform.py took 0.524 seconds
[2026-04-14T13:28:38.308+0900] {processor.py:186} INFO - Started process (PID=47095) to work on /opt/airflow/dags/06_multi_dag_step2_transform.py
[2026-04-14T13:28:38.309+0900] {processor.py:914} INFO - Processing file /opt/airflow/dags/06_multi_dag_step2_transform.py for tasks to queue
[2026-04-14T13:28:38.311+0900] {logging_mixin.py:190} INFO - [2026-04-14T13:28:38.311+0900] {dagbag.py:587} INFO - Filling up the DagBag from /opt/airflow/dags/06_multi_dag_step2_transform.py
[2026-04-14T13:28:38.676+0900] {processor.py:925} INFO - DAG(s) '06_multi_dag_step2_transform' retrieved from /opt/airflow/dags/06_multi_dag_step2_transform.py
[2026-04-14T13:28:38.696+0900] {logging_mixin.py:190} INFO - [2026-04-14T13:28:38.696+0900] {dag.py:3211} INFO - Sync 1 DAGs
[2026-04-14T13:28:38.711+0900] {logging_mixin.py:190} INFO - [2026-04-14T13:28:38.710+0900] {dag.py:4138} INFO - Setting next_dagrun for 06_multi_dag_step2_transform to None, run_after=None
[2026-04-14T13:28:38.757+0900] {processor.py:208} INFO - Processing /opt/airflow/dags/06_multi_dag_step2_transform.py took 0.453 seconds
[2026-04-14T13:29:09.636+0900] {processor.py:186} INFO - Started process (PID=47114) to work on /opt/airflow/dags/06_multi_dag_step2_transform.py
[2026-04-14T13:29:09.637+0900] {processor.py:914} INFO - Processing file /opt/airflow/dags/06_multi_dag_step2_transform.py for tasks to queue
[2026-04-14T13:29:09.640+0900] {logging_mixin.py:190} INFO - [2026-04-14T13:29:09.640+0900] {dagbag.py:587} INFO - Filling up the DagBag from /opt/airflow/dags/06_multi_dag_step2_transform.py
[2026-04-14T13:29:10.053+0900] {processor.py:925} INFO - DAG(s) '06_multi_dag_step2_transform' retrieved from /opt/airflow/dags/06_multi_dag_step2_transform.py
[2026-04-14T13:29:10.076+0900] {logging_mixin.py:190} INFO - [2026-04-14T13:29:10.076+0900] {dag.py:3211} INFO - Sync 1 DAGs
[2026-04-14T13:29:10.097+0900] {logging_mixin.py:190} INFO - [2026-04-14T13:29:10.096+0900] {dag.py:4138} INFO - Setting next_dagrun for 06_multi_dag_step2_transform to None, run_after=None
[2026-04-14T13:29:10.140+0900] {processor.py:208} INFO - Processing /opt/airflow/dags/06_multi_dag_step2_transform.py took 0.509 seconds
[2026-04-14T13:29:40.935+0900] {processor.py:186} INFO - Started process (PID=47133) to work on /opt/airflow/dags/06_multi_dag_step2_transform.py
[2026-04-14T13:29:40.936+0900] {processor.py:914} INFO - Processing file /opt/airflow/dags/06_multi_dag_step2_transform.py for tasks to queue
[2026-04-14T13:29:40.938+0900] {logging_mixin.py:190} INFO - [2026-04-14T13:29:40.938+0900] {dagbag.py:587} INFO - Filling up the DagBag from /opt/airflow/dags/06_multi_dag_step2_transform.py
[2026-04-14T13:29:41.323+0900] {processor.py:925} INFO - DAG(s) '06_multi_dag_step2_transform' retrieved from /opt/airflow/dags/06_multi_dag_step2_transform.py
[2026-04-14T13:29:41.349+0900] {logging_mixin.py:190} INFO - [2026-04-14T13:29:41.348+0900] {dag.py:3211} INFO - Sync 1 DAGs
[2026-04-14T13:29:41.369+0900] {logging_mixin.py:190} INFO - [2026-04-14T13:29:41.369+0900] {dag.py:4138} INFO - Setting next_dagrun for 06_multi_dag_step2_transform to None, run_after=None
[2026-04-14T13:29:41.423+0900] {processor.py:208} INFO - Processing /opt/airflow/dags/06_multi_dag_step2_transform.py took 0.494 seconds
[2026-04-14T13:30:12.180+0900] {processor.py:186} INFO - Started process (PID=47152) to work on /opt/airflow/dags/06_multi_dag_step2_transform.py
[2026-04-14T13:30:12.181+0900] {processor.py:914} INFO - Processing file /opt/airflow/dags/06_multi_dag_step2_transform.py for tasks to queue
[2026-04-14T13:30:12.185+0900] {logging_mixin.py:190} INFO - [2026-04-14T13:30:12.184+0900] {dagbag.py:587} INFO - Filling up the DagBag from /opt/airflow/dags/06_multi_dag_step2_transform.py
[2026-04-14T13:30:12.576+0900] {processor.py:925} INFO - DAG(s) '06_multi_dag_step2_transform' retrieved from /opt/airflow/dags/06_multi_dag_step2_transform.py
[2026-04-14T13:30:12.601+0900] {logging_mixin.py:190} INFO - [2026-04-14T13:30:12.601+0900] {dag.py:3211} INFO - Sync 1 DAGs
[2026-04-14T13:30:12.620+0900] {logging_mixin.py:190} INFO - [2026-04-14T13:30:12.620+0900] {dag.py:4138} INFO - Setting next_dagrun for 06_multi_dag_step2_transform to None, run_after=None
[2026-04-14T13:30:12.670+0900] {processor.py:208} INFO - Processing /opt/airflow/dags/06_multi_dag_step2_transform.py took 0.494 seconds
[2026-04-14T13:30:43.588+0900] {processor.py:186} INFO - Started process (PID=47177) to work on /opt/airflow/dags/06_multi_dag_step2_transform.py
[2026-04-14T13:30:43.589+0900] {processor.py:914} INFO - Processing file /opt/airflow/dags/06_multi_dag_step2_transform.py for tasks to queue
[2026-04-14T13:30:43.592+0900] {logging_mixin.py:190} INFO - [2026-04-14T13:30:43.592+0900] {dagbag.py:587} INFO - Filling up the DagBag from /opt/airflow/dags/06_multi_dag_step2_transform.py
[2026-04-14T13:30:43.945+0900] {processor.py:925} INFO - DAG(s) '06_multi_dag_step2_transform' retrieved from /opt/airflow/dags/06_multi_dag_step2_transform.py
[2026-04-14T13:30:43.963+0900] {logging_mixin.py:190} INFO - [2026-04-14T13:30:43.963+0900] {dag.py:3211} INFO - Sync 1 DAGs
[2026-04-14T13:30:43.978+0900] {logging_mixin.py:190} INFO - [2026-04-14T13:30:43.978+0900] {dag.py:4138} INFO - Setting next_dagrun for 06_multi_dag_step2_transform to None, run_after=None
[2026-04-14T13:30:44.001+0900] {processor.py:208} INFO - Processing /opt/airflow/dags/06_multi_dag_step2_transform.py took 0.417 seconds
[2026-04-14T13:31:14.796+0900] {processor.py:186} INFO - Started process (PID=47196) to work on /opt/airflow/dags/06_multi_dag_step2_transform.py
[2026-04-14T13:31:14.797+0900] {processor.py:914} INFO - Processing file /opt/airflow/dags/06_multi_dag_step2_transform.py for tasks to queue
[2026-04-14T13:31:14.800+0900] {logging_mixin.py:190} INFO - [2026-04-14T13:31:14.799+0900] {dagbag.py:587} INFO - Filling up the DagBag from /opt/airflow/dags/06_multi_dag_step2_transform.py
[2026-04-14T13:31:15.200+0900] {processor.py:925} INFO - DAG(s) '06_multi_dag_step2_transform' retrieved from /opt/airflow/dags/06_multi_dag_step2_transform.py
[2026-04-14T13:31:15.225+0900] {logging_mixin.py:190} INFO - [2026-04-14T13:31:15.224+0900] {dag.py:3211} INFO - Sync 1 DAGs
[2026-04-14T13:31:15.246+0900] {logging_mixin.py:190} INFO - [2026-04-14T13:31:15.246+0900] {dag.py:4138} INFO - Setting next_dagrun for 06_multi_dag_step2_transform to None, run_after=None
[2026-04-14T13:31:15.288+0900] {processor.py:208} INFO - Processing /opt/airflow/dags/06_multi_dag_step2_transform.py took 0.498 seconds
[2026-04-14T13:31:45.448+0900] {processor.py:186} INFO - Started process (PID=47215) to work on /opt/airflow/dags/06_multi_dag_step2_transform.py
[2026-04-14T13:31:45.449+0900] {processor.py:914} INFO - Processing file /opt/airflow/dags/06_multi_dag_step2_transform.py for tasks to queue
[2026-04-14T13:31:45.452+0900] {logging_mixin.py:190} INFO - [2026-04-14T13:31:45.451+0900] {dagbag.py:587} INFO - Filling up the DagBag from /opt/airflow/dags/06_multi_dag_step2_transform.py
[2026-04-14T13:31:45.814+0900] {processor.py:925} INFO - DAG(s) '06_multi_dag_step2_transform' retrieved from /opt/airflow/dags/06_multi_dag_step2_transform.py
[2026-04-14T13:31:45.833+0900] {logging_mixin.py:190} INFO - [2026-04-14T13:31:45.833+0900] {dag.py:3211} INFO - Sync 1 DAGs
[2026-04-14T13:31:45.848+0900] {logging_mixin.py:190} INFO - [2026-04-14T13:31:45.847+0900] {dag.py:4138} INFO - Setting next_dagrun for 06_multi_dag_step2_transform to None, run_after=None
[2026-04-14T13:31:45.897+0900] {processor.py:208} INFO - Processing /opt/airflow/dags/06_multi_dag_step2_transform.py took 0.456 seconds
[2026-04-14T13:32:16.730+0900] {processor.py:186} INFO - Started process (PID=47234) to work on /opt/airflow/dags/06_multi_dag_step2_transform.py
[2026-04-14T13:32:16.732+0900] {processor.py:914} INFO - Processing file /opt/airflow/dags/06_multi_dag_step2_transform.py for tasks to queue
[2026-04-14T13:32:16.737+0900] {logging_mixin.py:190} INFO - [2026-04-14T13:32:16.737+0900] {dagbag.py:587} INFO - Filling up the DagBag from /opt/airflow/dags/06_multi_dag_step2_transform.py
[2026-04-14T13:32:17.118+0900] {processor.py:925} INFO - DAG(s) '06_multi_dag_step2_transform' retrieved from /opt/airflow/dags/06_multi_dag_step2_transform.py
[2026-04-14T13:32:17.137+0900] {logging_mixin.py:190} INFO - [2026-04-14T13:32:17.137+0900] {dag.py:3211} INFO - Sync 1 DAGs
[2026-04-14T13:32:17.151+0900] {logging_mixin.py:190} INFO - [2026-04-14T13:32:17.151+0900] {dag.py:4138} INFO - Setting next_dagrun for 06_multi_dag_step2_transform to None, run_after=None
[2026-04-14T13:32:17.188+0900] {processor.py:208} INFO - Processing /opt/airflow/dags/06_multi_dag_step2_transform.py took 0.467 seconds
[2026-04-14T13:32:47.737+0900] {processor.py:186} INFO - Started process (PID=47253) to work on /opt/airflow/dags/06_multi_dag_step2_transform.py
[2026-04-14T13:32:47.738+0900] {processor.py:914} INFO - Processing file /opt/airflow/dags/06_multi_dag_step2_transform.py for tasks to queue
[2026-04-14T13:32:47.741+0900] {logging_mixin.py:190} INFO - [2026-04-14T13:32:47.741+0900] {dagbag.py:587} INFO - Filling up the DagBag from /opt/airflow/dags/06_multi_dag_step2_transform.py
[2026-04-14T13:32:48.200+0900] {processor.py:925} INFO - DAG(s) '06_multi_dag_step2_transform' retrieved from /opt/airflow/dags/06_multi_dag_step2_transform.py
[2026-04-14T13:32:48.223+0900] {logging_mixin.py:190} INFO - [2026-04-14T13:32:48.222+0900] {dag.py:3211} INFO - Sync 1 DAGs
[2026-04-14T13:32:48.241+0900] {logging_mixin.py:190} INFO - [2026-04-14T13:32:48.241+0900] {dag.py:4138} INFO - Setting next_dagrun for 06_multi_dag_step2_transform to None, run_after=None
[2026-04-14T13:32:48.265+0900] {processor.py:208} INFO - Processing /opt/airflow/dags/06_multi_dag_step2_transform.py took 0.532 seconds
[2026-04-14T13:33:18.393+0900] {processor.py:186} INFO - Started process (PID=47272) to work on /opt/airflow/dags/06_multi_dag_step2_transform.py
[2026-04-14T13:33:18.395+0900] {processor.py:914} INFO - Processing file /opt/airflow/dags/06_multi_dag_step2_transform.py for tasks to queue
[2026-04-14T13:33:18.398+0900] {logging_mixin.py:190} INFO - [2026-04-14T13:33:18.398+0900] {dagbag.py:587} INFO - Filling up the DagBag from /opt/airflow/dags/06_multi_dag_step2_transform.py
[2026-04-14T13:33:18.852+0900] {processor.py:925} INFO - DAG(s) '06_multi_dag_step2_transform' retrieved from /opt/airflow/dags/06_multi_dag_step2_transform.py
[2026-04-14T13:33:18.870+0900] {logging_mixin.py:190} INFO - [2026-04-14T13:33:18.870+0900] {dag.py:3211} INFO - Sync 1 DAGs
[2026-04-14T13:33:18.885+0900] {logging_mixin.py:190} INFO - [2026-04-14T13:33:18.885+0900] {dag.py:4138} INFO - Setting next_dagrun for 06_multi_dag_step2_transform to None, run_after=None
[2026-04-14T13:33:18.912+0900] {processor.py:208} INFO - Processing /opt/airflow/dags/06_multi_dag_step2_transform.py took 0.526 seconds
[2026-04-14T13:33:49.009+0900] {processor.py:186} INFO - Started process (PID=47291) to work on /opt/airflow/dags/06_multi_dag_step2_transform.py
[2026-04-14T13:33:49.010+0900] {processor.py:914} INFO - Processing file /opt/airflow/dags/06_multi_dag_step2_transform.py for tasks to queue
[2026-04-14T13:33:49.013+0900] {logging_mixin.py:190} INFO - [2026-04-14T13:33:49.013+0900] {dagbag.py:587} INFO - Filling up the DagBag from /opt/airflow/dags/06_multi_dag_step2_transform.py
[2026-04-14T13:33:49.393+0900] {processor.py:925} INFO - DAG(s) '06_multi_dag_step2_transform' retrieved from /opt/airflow/dags/06_multi_dag_step2_transform.py
[2026-04-14T13:33:49.411+0900] {logging_mixin.py:190} INFO - [2026-04-14T13:33:49.411+0900] {dag.py:3211} INFO - Sync 1 DAGs
[2026-04-14T13:33:49.429+0900] {logging_mixin.py:190} INFO - [2026-04-14T13:33:49.429+0900] {dag.py:4138} INFO - Setting next_dagrun for 06_multi_dag_step2_transform to None, run_after=None
[2026-04-14T13:33:49.479+0900] {processor.py:208} INFO - Processing /opt/airflow/dags/06_multi_dag_step2_transform.py took 0.475 seconds
[2026-04-14T13:34:20.301+0900] {processor.py:186} INFO - Started process (PID=47310) to work on /opt/airflow/dags/06_multi_dag_step2_transform.py
[2026-04-14T13:34:20.302+0900] {processor.py:914} INFO - Processing file /opt/airflow/dags/06_multi_dag_step2_transform.py for tasks to queue
[2026-04-14T13:34:20.305+0900] {logging_mixin.py:190} INFO - [2026-04-14T13:34:20.304+0900] {dagbag.py:587} INFO - Filling up the DagBag from /opt/airflow/dags/06_multi_dag_step2_transform.py
[2026-04-14T13:34:20.677+0900] {processor.py:925} INFO - DAG(s) '06_multi_dag_step2_transform' retrieved from /opt/airflow/dags/06_multi_dag_step2_transform.py
[2026-04-14T13:34:20.696+0900] {logging_mixin.py:190} INFO - [2026-04-14T13:34:20.696+0900] {dag.py:3211} INFO - Sync 1 DAGs
[2026-04-14T13:34:20.710+0900] {logging_mixin.py:190} INFO - [2026-04-14T13:34:20.710+0900] {dag.py:4138} INFO - Setting next_dagrun for 06_multi_dag_step2_transform to None, run_after=None
[2026-04-14T13:34:20.731+0900] {processor.py:208} INFO - Processing /opt/airflow/dags/06_multi_dag_step2_transform.py took 0.436 seconds
[2026-04-14T13:34:50.927+0900] {processor.py:186} INFO - Started process (PID=47329) to work on /opt/airflow/dags/06_multi_dag_step2_transform.py
[2026-04-14T13:34:50.929+0900] {processor.py:914} INFO - Processing file /opt/airflow/dags/06_multi_dag_step2_transform.py for tasks to queue
[2026-04-14T13:34:50.932+0900] {logging_mixin.py:190} INFO - [2026-04-14T13:34:50.931+0900] {dagbag.py:587} INFO - Filling up the DagBag from /opt/airflow/dags/06_multi_dag_step2_transform.py
[2026-04-14T13:34:51.323+0900] {processor.py:925} INFO - DAG(s) '06_multi_dag_step2_transform' retrieved from /opt/airflow/dags/06_multi_dag_step2_transform.py
[2026-04-14T13:34:51.341+0900] {logging_mixin.py:190} INFO - [2026-04-14T13:34:51.341+0900] {dag.py:3211} INFO - Sync 1 DAGs
[2026-04-14T13:34:51.358+0900] {logging_mixin.py:190} INFO - [2026-04-14T13:34:51.357+0900] {dag.py:4138} INFO - Setting next_dagrun for 06_multi_dag_step2_transform to None, run_after=None
[2026-04-14T13:34:51.405+0900] {processor.py:208} INFO - Processing /opt/airflow/dags/06_multi_dag_step2_transform.py took 0.487 seconds
[2026-04-14T13:35:21.485+0900] {processor.py:186} INFO - Started process (PID=47347) to work on /opt/airflow/dags/06_multi_dag_step2_transform.py
[2026-04-14T13:35:21.486+0900] {processor.py:914} INFO - Processing file /opt/airflow/dags/06_multi_dag_step2_transform.py for tasks to queue
[2026-04-14T13:35:21.488+0900] {logging_mixin.py:190} INFO - [2026-04-14T13:35:21.488+0900] {dagbag.py:587} INFO - Filling up the DagBag from /opt/airflow/dags/06_multi_dag_step2_transform.py
[2026-04-14T13:35:21.890+0900] {processor.py:925} INFO - DAG(s) '06_multi_dag_step2_transform' retrieved from /opt/airflow/dags/06_multi_dag_step2_transform.py
[2026-04-14T13:35:21.912+0900] {logging_mixin.py:190} INFO - [2026-04-14T13:35:21.912+0900] {dag.py:3211} INFO - Sync 1 DAGs
[2026-04-14T13:35:21.931+0900] {logging_mixin.py:190} INFO - [2026-04-14T13:35:21.930+0900] {dag.py:4138} INFO - Setting next_dagrun for 06_multi_dag_step2_transform to None, run_after=None
[2026-04-14T13:35:21.985+0900] {processor.py:208} INFO - Processing /opt/airflow/dags/06_multi_dag_step2_transform.py took 0.505 seconds
[2026-04-14T13:35:52.139+0900] {processor.py:186} INFO - Started process (PID=47366) to work on /opt/airflow/dags/06_multi_dag_step2_transform.py
[2026-04-14T13:35:52.140+0900] {processor.py:914} INFO - Processing file /opt/airflow/dags/06_multi_dag_step2_transform.py for tasks to queue
[2026-04-14T13:35:52.143+0900] {logging_mixin.py:190} INFO - [2026-04-14T13:35:52.143+0900] {dagbag.py:587} INFO - Filling up the DagBag from /opt/airflow/dags/06_multi_dag_step2_transform.py
[2026-04-14T13:35:52.478+0900] {processor.py:925} INFO - DAG(s) '06_multi_dag_step2_transform' retrieved from /opt/airflow/dags/06_multi_dag_step2_transform.py
[2026-04-14T13:35:52.492+0900] {logging_mixin.py:190} INFO - [2026-04-14T13:35:52.492+0900] {dag.py:3211} INFO - Sync 1 DAGs
[2026-04-14T13:35:52.506+0900] {logging_mixin.py:190} INFO - [2026-04-14T13:35:52.506+0900] {dag.py:4138} INFO - Setting next_dagrun for 06_multi_dag_step2_transform to None, run_after=None
[2026-04-14T13:35:52.550+0900] {processor.py:208} INFO - Processing /opt/airflow/dags/06_multi_dag_step2_transform.py took 0.418 seconds
[2026-04-14T13:36:22.691+0900] {processor.py:186} INFO - Started process (PID=47385) to work on /opt/airflow/dags/06_multi_dag_step2_transform.py
[2026-04-14T13:36:22.692+0900] {processor.py:914} INFO - Processing file /opt/airflow/dags/06_multi_dag_step2_transform.py for tasks to queue
[2026-04-14T13:36:22.695+0900] {logging_mixin.py:190} INFO - [2026-04-14T13:36:22.695+0900] {dagbag.py:587} INFO - Filling up the DagBag from /opt/airflow/dags/06_multi_dag_step2_transform.py
[2026-04-14T13:36:23.073+0900] {processor.py:925} INFO - DAG(s) '06_multi_dag_step2_transform' retrieved from /opt/airflow/dags/06_multi_dag_step2_transform.py
[2026-04-14T13:36:23.093+0900] {logging_mixin.py:190} INFO - [2026-04-14T13:36:23.092+0900] {dag.py:3211} INFO - Sync 1 DAGs
[2026-04-14T13:36:23.108+0900] {logging_mixin.py:190} INFO - [2026-04-14T13:36:23.108+0900] {dag.py:4138} INFO - Setting next_dagrun for 06_multi_dag_step2_transform to None, run_after=None
[2026-04-14T13:36:23.128+0900] {processor.py:208} INFO - Processing /opt/airflow/dags/06_multi_dag_step2_transform.py took 0.442 seconds
[2026-04-14T13:36:53.325+0900] {processor.py:186} INFO - Started process (PID=47404) to work on /opt/airflow/dags/06_multi_dag_step2_transform.py
[2026-04-14T13:36:53.327+0900] {processor.py:914} INFO - Processing file /opt/airflow/dags/06_multi_dag_step2_transform.py for tasks to queue
[2026-04-14T13:36:53.329+0900] {logging_mixin.py:190} INFO - [2026-04-14T13:36:53.329+0900] {dagbag.py:587} INFO - Filling up the DagBag from /opt/airflow/dags/06_multi_dag_step2_transform.py
[2026-04-14T13:36:53.680+0900] {processor.py:925} INFO - DAG(s) '06_multi_dag_step2_transform' retrieved from /opt/airflow/dags/06_multi_dag_step2_transform.py
[2026-04-14T13:36:53.696+0900] {logging_mixin.py:190} INFO - [2026-04-14T13:36:53.696+0900] {dag.py:3211} INFO - Sync 1 DAGs
[2026-04-14T13:36:53.710+0900] {logging_mixin.py:190} INFO - [2026-04-14T13:36:53.710+0900] {dag.py:4138} INFO - Setting next_dagrun for 06_multi_dag_step2_transform to None, run_after=None
[2026-04-14T13:36:53.758+0900] {processor.py:208} INFO - Processing /opt/airflow/dags/06_multi_dag_step2_transform.py took 0.437 seconds
[2026-04-14T13:37:24.716+0900] {processor.py:186} INFO - Started process (PID=47424) to work on /opt/airflow/dags/06_multi_dag_step2_transform.py
[2026-04-14T13:37:24.717+0900] {processor.py:914} INFO - Processing file /opt/airflow/dags/06_multi_dag_step2_transform.py for tasks to queue
[2026-04-14T13:37:24.721+0900] {logging_mixin.py:190} INFO - [2026-04-14T13:37:24.720+0900] {dagbag.py:587} INFO - Filling up the DagBag from /opt/airflow/dags/06_multi_dag_step2_transform.py
[2026-04-14T13:37:25.118+0900] {processor.py:925} INFO - DAG(s) '06_multi_dag_step2_transform' retrieved from /opt/airflow/dags/06_multi_dag_step2_transform.py
[2026-04-14T13:37:25.136+0900] {logging_mixin.py:190} INFO - [2026-04-14T13:37:25.136+0900] {dag.py:3211} INFO - Sync 1 DAGs
[2026-04-14T13:37:25.151+0900] {logging_mixin.py:190} INFO - [2026-04-14T13:37:25.151+0900] {dag.py:4138} INFO - Setting next_dagrun for 06_multi_dag_step2_transform to None, run_after=None
[2026-04-14T13:37:25.198+0900] {processor.py:208} INFO - Processing /opt/airflow/dags/06_multi_dag_step2_transform.py took 0.491 seconds
[2026-04-14T13:37:55.517+0900] {processor.py:186} INFO - Started process (PID=47443) to work on /opt/airflow/dags/06_multi_dag_step2_transform.py
[2026-04-14T13:37:55.518+0900] {processor.py:914} INFO - Processing file /opt/airflow/dags/06_multi_dag_step2_transform.py for tasks to queue
[2026-04-14T13:37:55.524+0900] {logging_mixin.py:190} INFO - [2026-04-14T13:37:55.523+0900] {dagbag.py:587} INFO - Filling up the DagBag from /opt/airflow/dags/06_multi_dag_step2_transform.py
[2026-04-14T13:37:55.979+0900] {processor.py:925} INFO - DAG(s) '06_multi_dag_step2_transform' retrieved from /opt/airflow/dags/06_multi_dag_step2_transform.py
[2026-04-14T13:37:55.999+0900] {logging_mixin.py:190} INFO - [2026-04-14T13:37:55.999+0900] {dag.py:3211} INFO - Sync 1 DAGs
[2026-04-14T13:37:56.014+0900] {logging_mixin.py:190} INFO - [2026-04-14T13:37:56.014+0900] {dag.py:4138} INFO - Setting next_dagrun for 06_multi_dag_step2_transform to None, run_after=None
[2026-04-14T13:37:56.036+0900] {processor.py:208} INFO - Processing /opt/airflow/dags/06_multi_dag_step2_transform.py took 0.530 seconds
[2026-04-14T13:38:26.218+0900] {processor.py:186} INFO - Started process (PID=47462) to work on /opt/airflow/dags/06_multi_dag_step2_transform.py
[2026-04-14T13:38:26.219+0900] {processor.py:914} INFO - Processing file /opt/airflow/dags/06_multi_dag_step2_transform.py for tasks to queue
[2026-04-14T13:38:26.222+0900] {logging_mixin.py:190} INFO - [2026-04-14T13:38:26.221+0900] {dagbag.py:587} INFO - Filling up the DagBag from /opt/airflow/dags/06_multi_dag_step2_transform.py
[2026-04-14T13:38:26.472+0900] {processor.py:925} INFO - DAG(s) '06_multi_dag_step2_transform' retrieved from /opt/airflow/dags/06_multi_dag_step2_transform.py
[2026-04-14T13:38:26.495+0900] {logging_mixin.py:190} INFO - [2026-04-14T13:38:26.494+0900] {dag.py:3211} INFO - Sync 1 DAGs
[2026-04-14T13:38:26.513+0900] {logging_mixin.py:190} INFO - [2026-04-14T13:38:26.513+0900] {dag.py:4138} INFO - Setting next_dagrun for 06_multi_dag_step2_transform to None, run_after=None
[2026-04-14T13:38:26.561+0900] {processor.py:208} INFO - Processing /opt/airflow/dags/06_multi_dag_step2_transform.py took 0.348 seconds
[2026-04-14T13:38:57.075+0900] {processor.py:186} INFO - Started process (PID=47481) to work on /opt/airflow/dags/06_multi_dag_step2_transform.py
[2026-04-14T13:38:57.077+0900] {processor.py:914} INFO - Processing file /opt/airflow/dags/06_multi_dag_step2_transform.py for tasks to queue
[2026-04-14T13:38:57.081+0900] {logging_mixin.py:190} INFO - [2026-04-14T13:38:57.080+0900] {dagbag.py:587} INFO - Filling up the DagBag from /opt/airflow/dags/06_multi_dag_step2_transform.py
[2026-04-14T13:38:57.513+0900] {processor.py:925} INFO - DAG(s) '06_multi_dag_step2_transform' retrieved from /opt/airflow/dags/06_multi_dag_step2_transform.py
[2026-04-14T13:38:57.548+0900] {logging_mixin.py:190} INFO - [2026-04-14T13:38:57.548+0900] {dag.py:3211} INFO - Sync 1 DAGs
[2026-04-14T13:38:57.579+0900] {logging_mixin.py:190} INFO - [2026-04-14T13:38:57.579+0900] {dag.py:4138} INFO - Setting next_dagrun for 06_multi_dag_step2_transform to None, run_after=None
[2026-04-14T13:38:57.620+0900] {processor.py:208} INFO - Processing /opt/airflow/dags/06_multi_dag_step2_transform.py took 0.556 seconds
[2026-04-14T13:39:28.019+0900] {processor.py:186} INFO - Started process (PID=47500) to work on /opt/airflow/dags/06_multi_dag_step2_transform.py
[2026-04-14T13:39:28.019+0900] {processor.py:914} INFO - Processing file /opt/airflow/dags/06_multi_dag_step2_transform.py for tasks to queue
[2026-04-14T13:39:28.022+0900] {logging_mixin.py:190} INFO - [2026-04-14T13:39:28.021+0900] {dagbag.py:587} INFO - Filling up the DagBag from /opt/airflow/dags/06_multi_dag_step2_transform.py
[2026-04-14T13:39:28.232+0900] {processor.py:925} INFO - DAG(s) '06_multi_dag_step2_transform' retrieved from /opt/airflow/dags/06_multi_dag_step2_transform.py
[2026-04-14T13:39:28.254+0900] {logging_mixin.py:190} INFO - [2026-04-14T13:39:28.254+0900] {dag.py:3211} INFO - Sync 1 DAGs
[2026-04-14T13:39:28.271+0900] {logging_mixin.py:190} INFO - [2026-04-14T13:39:28.271+0900] {dag.py:4138} INFO - Setting next_dagrun for 06_multi_dag_step2_transform to None, run_after=None
[2026-04-14T13:39:28.292+0900] {processor.py:208} INFO - Processing /opt/airflow/dags/06_multi_dag_step2_transform.py took 0.279 seconds
[2026-04-14T13:39:59.177+0900] {processor.py:186} INFO - Started process (PID=47519) to work on /opt/airflow/dags/06_multi_dag_step2_transform.py
[2026-04-14T13:39:59.178+0900] {processor.py:914} INFO - Processing file /opt/airflow/dags/06_multi_dag_step2_transform.py for tasks to queue
[2026-04-14T13:39:59.180+0900] {logging_mixin.py:190} INFO - [2026-04-14T13:39:59.179+0900] {dagbag.py:587} INFO - Filling up the DagBag from /opt/airflow/dags/06_multi_dag_step2_transform.py
[2026-04-14T13:39:59.389+0900] {processor.py:925} INFO - DAG(s) '06_multi_dag_step2_transform' retrieved from /opt/airflow/dags/06_multi_dag_step2_transform.py
[2026-04-14T13:39:59.407+0900] {logging_mixin.py:190} INFO - [2026-04-14T13:39:59.407+0900] {dag.py:3211} INFO - Sync 1 DAGs
[2026-04-14T13:39:59.424+0900] {logging_mixin.py:190} INFO - [2026-04-14T13:39:59.424+0900] {dag.py:4138} INFO - Setting next_dagrun for 06_multi_dag_step2_transform to None, run_after=None
[2026-04-14T13:39:59.448+0900] {processor.py:208} INFO - Processing /opt/airflow/dags/06_multi_dag_step2_transform.py took 0.276 seconds
[2026-04-14T13:40:30.421+0900] {processor.py:186} INFO - Started process (PID=47538) to work on /opt/airflow/dags/06_multi_dag_step2_transform.py
[2026-04-14T13:40:30.422+0900] {processor.py:914} INFO - Processing file /opt/airflow/dags/06_multi_dag_step2_transform.py for tasks to queue
[2026-04-14T13:40:30.424+0900] {logging_mixin.py:190} INFO - [2026-04-14T13:40:30.423+0900] {dagbag.py:587} INFO - Filling up the DagBag from /opt/airflow/dags/06_multi_dag_step2_transform.py
[2026-04-14T13:40:30.641+0900] {processor.py:925} INFO - DAG(s) '06_multi_dag_step2_transform' retrieved from /opt/airflow/dags/06_multi_dag_step2_transform.py
[2026-04-14T13:40:30.659+0900] {logging_mixin.py:190} INFO - [2026-04-14T13:40:30.658+0900] {dag.py:3211} INFO - Sync 1 DAGs
[2026-04-14T13:40:30.674+0900] {logging_mixin.py:190} INFO - [2026-04-14T13:40:30.674+0900] {dag.py:4138} INFO - Setting next_dagrun for 06_multi_dag_step2_transform to None, run_after=None
[2026-04-14T13:40:30.700+0900] {processor.py:208} INFO - Processing /opt/airflow/dags/06_multi_dag_step2_transform.py took 0.284 seconds
[2026-04-14T13:41:00.871+0900] {processor.py:186} INFO - Started process (PID=47557) to work on /opt/airflow/dags/06_multi_dag_step2_transform.py
[2026-04-14T13:41:00.872+0900] {processor.py:914} INFO - Processing file /opt/airflow/dags/06_multi_dag_step2_transform.py for tasks to queue
[2026-04-14T13:41:00.874+0900] {logging_mixin.py:190} INFO - [2026-04-14T13:41:00.873+0900] {dagbag.py:587} INFO - Filling up the DagBag from /opt/airflow/dags/06_multi_dag_step2_transform.py
[2026-04-14T13:41:01.085+0900] {processor.py:925} INFO - DAG(s) '06_multi_dag_step2_transform' retrieved from /opt/airflow/dags/06_multi_dag_step2_transform.py
[2026-04-14T13:41:01.102+0900] {logging_mixin.py:190} INFO - [2026-04-14T13:41:01.102+0900] {dag.py:3211} INFO - Sync 1 DAGs
[2026-04-14T13:41:01.118+0900] {logging_mixin.py:190} INFO - [2026-04-14T13:41:01.118+0900] {dag.py:4138} INFO - Setting next_dagrun for 06_multi_dag_step2_transform to None, run_after=None
[2026-04-14T13:41:01.143+0900] {processor.py:208} INFO - Processing /opt/airflow/dags/06_multi_dag_step2_transform.py took 0.277 seconds
[2026-04-14T13:41:31.247+0900] {processor.py:186} INFO - Started process (PID=47576) to work on /opt/airflow/dags/06_multi_dag_step2_transform.py
[2026-04-14T13:41:31.248+0900] {processor.py:914} INFO - Processing file /opt/airflow/dags/06_multi_dag_step2_transform.py for tasks to queue
[2026-04-14T13:41:31.251+0900] {logging_mixin.py:190} INFO - [2026-04-14T13:41:31.251+0900] {dagbag.py:587} INFO - Filling up the DagBag from /opt/airflow/dags/06_multi_dag_step2_transform.py
[2026-04-14T13:41:31.520+0900] {processor.py:925} INFO - DAG(s) '06_multi_dag_step2_transform' retrieved from /opt/airflow/dags/06_multi_dag_step2_transform.py
[2026-04-14T13:41:31.540+0900] {logging_mixin.py:190} INFO - [2026-04-14T13:41:31.540+0900] {dag.py:3211} INFO - Sync 1 DAGs
[2026-04-14T13:41:31.560+0900] {logging_mixin.py:190} INFO - [2026-04-14T13:41:31.560+0900] {dag.py:4138} INFO - Setting next_dagrun for 06_multi_dag_step2_transform to None, run_after=None
[2026-04-14T13:41:31.581+0900] {processor.py:208} INFO - Processing /opt/airflow/dags/06_multi_dag_step2_transform.py took 0.340 seconds
[2026-04-14T13:42:02.578+0900] {processor.py:186} INFO - Started process (PID=47595) to work on /opt/airflow/dags/06_multi_dag_step2_transform.py
[2026-04-14T13:42:02.579+0900] {processor.py:914} INFO - Processing file /opt/airflow/dags/06_multi_dag_step2_transform.py for tasks to queue
[2026-04-14T13:42:02.581+0900] {logging_mixin.py:190} INFO - [2026-04-14T13:42:02.581+0900] {dagbag.py:587} INFO - Filling up the DagBag from /opt/airflow/dags/06_multi_dag_step2_transform.py
[2026-04-14T13:42:02.828+0900] {processor.py:925} INFO - DAG(s) '06_multi_dag_step2_transform' retrieved from /opt/airflow/dags/06_multi_dag_step2_transform.py
[2026-04-14T13:42:02.850+0900] {logging_mixin.py:190} INFO - [2026-04-14T13:42:02.850+0900] {dag.py:3211} INFO - Sync 1 DAGs
[2026-04-14T13:42:02.867+0900] {logging_mixin.py:190} INFO - [2026-04-14T13:42:02.867+0900] {dag.py:4138} INFO - Setting next_dagrun for 06_multi_dag_step2_transform to None, run_after=None
[2026-04-14T13:42:02.888+0900] {processor.py:208} INFO - Processing /opt/airflow/dags/06_multi_dag_step2_transform.py took 0.315 seconds
[2026-04-14T13:42:32.947+0900] {processor.py:186} INFO - Started process (PID=47614) to work on /opt/airflow/dags/06_multi_dag_step2_transform.py
[2026-04-14T13:42:32.948+0900] {processor.py:914} INFO - Processing file /opt/airflow/dags/06_multi_dag_step2_transform.py for tasks to queue
[2026-04-14T13:42:32.950+0900] {logging_mixin.py:190} INFO - [2026-04-14T13:42:32.950+0900] {dagbag.py:587} INFO - Filling up the DagBag from /opt/airflow/dags/06_multi_dag_step2_transform.py
[2026-04-14T13:42:33.178+0900] {processor.py:925} INFO - DAG(s) '06_multi_dag_step2_transform' retrieved from /opt/airflow/dags/06_multi_dag_step2_transform.py
[2026-04-14T13:42:33.198+0900] {logging_mixin.py:190} INFO - [2026-04-14T13:42:33.197+0900] {dag.py:3211} INFO - Sync 1 DAGs
[2026-04-14T13:42:33.214+0900] {logging_mixin.py:190} INFO - [2026-04-14T13:42:33.214+0900] {dag.py:4138} INFO - Setting next_dagrun for 06_multi_dag_step2_transform to None, run_after=None
[2026-04-14T13:42:33.233+0900] {processor.py:208} INFO - Processing /opt/airflow/dags/06_multi_dag_step2_transform.py took 0.291 seconds
[2026-04-14T13:43:03.543+0900] {processor.py:186} INFO - Started process (PID=47633) to work on /opt/airflow/dags/06_multi_dag_step2_transform.py
[2026-04-14T13:43:03.544+0900] {processor.py:914} INFO - Processing file /opt/airflow/dags/06_multi_dag_step2_transform.py for tasks to queue
[2026-04-14T13:43:03.547+0900] {logging_mixin.py:190} INFO - [2026-04-14T13:43:03.546+0900] {dagbag.py:587} INFO - Filling up the DagBag from /opt/airflow/dags/06_multi_dag_step2_transform.py
[2026-04-14T13:43:03.767+0900] {processor.py:925} INFO - DAG(s) '06_multi_dag_step2_transform' retrieved from /opt/airflow/dags/06_multi_dag_step2_transform.py
[2026-04-14T13:43:03.787+0900] {logging_mixin.py:190} INFO - [2026-04-14T13:43:03.786+0900] {dag.py:3211} INFO - Sync 1 DAGs
[2026-04-14T13:43:03.806+0900] {logging_mixin.py:190} INFO - [2026-04-14T13:43:03.806+0900] {dag.py:4138} INFO - Setting next_dagrun for 06_multi_dag_step2_transform to None, run_after=None
[2026-04-14T13:43:03.831+0900] {processor.py:208} INFO - Processing /opt/airflow/dags/06_multi_dag_step2_transform.py took 0.293 seconds
[2026-04-14T13:43:34.038+0900] {processor.py:186} INFO - Started process (PID=47652) to work on /opt/airflow/dags/06_multi_dag_step2_transform.py
[2026-04-14T13:43:34.039+0900] {processor.py:914} INFO - Processing file /opt/airflow/dags/06_multi_dag_step2_transform.py for tasks to queue
[2026-04-14T13:43:34.042+0900] {logging_mixin.py:190} INFO - [2026-04-14T13:43:34.041+0900] {dagbag.py:587} INFO - Filling up the DagBag from /opt/airflow/dags/06_multi_dag_step2_transform.py
[2026-04-14T13:43:34.264+0900] {processor.py:925} INFO - DAG(s) '06_multi_dag_step2_transform' retrieved from /opt/airflow/dags/06_multi_dag_step2_transform.py
[2026-04-14T13:43:34.283+0900] {logging_mixin.py:190} INFO - [2026-04-14T13:43:34.283+0900] {dag.py:3211} INFO - Sync 1 DAGs
[2026-04-14T13:43:34.299+0900] {logging_mixin.py:190} INFO - [2026-04-14T13:43:34.299+0900] {dag.py:4138} INFO - Setting next_dagrun for 06_multi_dag_step2_transform to None, run_after=None
[2026-04-14T13:43:34.320+0900] {processor.py:208} INFO - Processing /opt/airflow/dags/06_multi_dag_step2_transform.py took 0.287 seconds
[2026-04-14T13:44:04.402+0900] {processor.py:186} INFO - Started process (PID=47671) to work on /opt/airflow/dags/06_multi_dag_step2_transform.py
[2026-04-14T13:44:04.403+0900] {processor.py:914} INFO - Processing file /opt/airflow/dags/06_multi_dag_step2_transform.py for tasks to queue
[2026-04-14T13:44:04.406+0900] {logging_mixin.py:190} INFO - [2026-04-14T13:44:04.405+0900] {dagbag.py:587} INFO - Filling up the DagBag from /opt/airflow/dags/06_multi_dag_step2_transform.py
[2026-04-14T13:44:04.630+0900] {processor.py:925} INFO - DAG(s) '06_multi_dag_step2_transform' retrieved from /opt/airflow/dags/06_multi_dag_step2_transform.py
[2026-04-14T13:44:04.652+0900] {logging_mixin.py:190} INFO - [2026-04-14T13:44:04.652+0900] {dag.py:3211} INFO - Sync 1 DAGs
[2026-04-14T13:44:04.669+0900] {logging_mixin.py:190} INFO - [2026-04-14T13:44:04.669+0900] {dag.py:4138} INFO - Setting next_dagrun for 06_multi_dag_step2_transform to None, run_after=None
[2026-04-14T13:44:04.692+0900] {processor.py:208} INFO - Processing /opt/airflow/dags/06_multi_dag_step2_transform.py took 0.294 seconds
[2026-04-14T13:44:35.045+0900] {processor.py:186} INFO - Started process (PID=47691) to work on /opt/airflow/dags/06_multi_dag_step2_transform.py
[2026-04-14T13:44:35.046+0900] {processor.py:914} INFO - Processing file /opt/airflow/dags/06_multi_dag_step2_transform.py for tasks to queue
[2026-04-14T13:44:35.048+0900] {logging_mixin.py:190} INFO - [2026-04-14T13:44:35.048+0900] {dagbag.py:587} INFO - Filling up the DagBag from /opt/airflow/dags/06_multi_dag_step2_transform.py
[2026-04-14T13:44:35.261+0900] {processor.py:925} INFO - DAG(s) '06_multi_dag_step2_transform' retrieved from /opt/airflow/dags/06_multi_dag_step2_transform.py
[2026-04-14T13:44:35.279+0900] {logging_mixin.py:190} INFO - [2026-04-14T13:44:35.278+0900] {dag.py:3211} INFO - Sync 1 DAGs
[2026-04-14T13:44:35.294+0900] {logging_mixin.py:190} INFO - [2026-04-14T13:44:35.294+0900] {dag.py:4138} INFO - Setting next_dagrun for 06_multi_dag_step2_transform to None, run_after=None
[2026-04-14T13:44:35.315+0900] {processor.py:208} INFO - Processing /opt/airflow/dags/06_multi_dag_step2_transform.py took 0.275 seconds
[2026-04-14T13:45:05.611+0900] {processor.py:186} INFO - Started process (PID=47710) to work on /opt/airflow/dags/06_multi_dag_step2_transform.py
[2026-04-14T13:45:05.612+0900] {processor.py:914} INFO - Processing file /opt/airflow/dags/06_multi_dag_step2_transform.py for tasks to queue
[2026-04-14T13:45:05.614+0900] {logging_mixin.py:190} INFO - [2026-04-14T13:45:05.614+0900] {dagbag.py:587} INFO - Filling up the DagBag from /opt/airflow/dags/06_multi_dag_step2_transform.py
[2026-04-14T13:45:05.831+0900] {processor.py:925} INFO - DAG(s) '06_multi_dag_step2_transform' retrieved from /opt/airflow/dags/06_multi_dag_step2_transform.py
[2026-04-14T13:45:05.851+0900] {logging_mixin.py:190} INFO - [2026-04-14T13:45:05.851+0900] {dag.py:3211} INFO - Sync 1 DAGs
[2026-04-14T13:45:05.868+0900] {logging_mixin.py:190} INFO - [2026-04-14T13:45:05.868+0900] {dag.py:4138} INFO - Setting next_dagrun for 06_multi_dag_step2_transform to None, run_after=None
[2026-04-14T13:45:05.886+0900] {processor.py:208} INFO - Processing /opt/airflow/dags/06_multi_dag_step2_transform.py took 0.280 seconds
[2026-04-14T13:45:35.966+0900] {processor.py:186} INFO - Started process (PID=47730) to work on /opt/airflow/dags/06_multi_dag_step2_transform.py
[2026-04-14T13:45:35.968+0900] {processor.py:914} INFO - Processing file /opt/airflow/dags/06_multi_dag_step2_transform.py for tasks to queue
[2026-04-14T13:45:35.970+0900] {logging_mixin.py:190} INFO - [2026-04-14T13:45:35.970+0900] {dagbag.py:587} INFO - Filling up the DagBag from /opt/airflow/dags/06_multi_dag_step2_transform.py
[2026-04-14T13:45:36.215+0900] {processor.py:925} INFO - DAG(s) '06_multi_dag_step2_transform' retrieved from /opt/airflow/dags/06_multi_dag_step2_transform.py
[2026-04-14T13:45:36.233+0900] {logging_mixin.py:190} INFO - [2026-04-14T13:45:36.233+0900] {dag.py:3211} INFO - Sync 1 DAGs
[2026-04-14T13:45:36.248+0900] {logging_mixin.py:190} INFO - [2026-04-14T13:45:36.248+0900] {dag.py:4138} INFO - Setting next_dagrun for 06_multi_dag_step2_transform to None, run_after=None
[2026-04-14T13:45:36.267+0900] {processor.py:208} INFO - Processing /opt/airflow/dags/06_multi_dag_step2_transform.py took 0.306 seconds
[2026-04-14T13:46:06.465+0900] {processor.py:186} INFO - Started process (PID=47749) to work on /opt/airflow/dags/06_multi_dag_step2_transform.py
[2026-04-14T13:46:06.466+0900] {processor.py:914} INFO - Processing file /opt/airflow/dags/06_multi_dag_step2_transform.py for tasks to queue
[2026-04-14T13:46:06.468+0900] {logging_mixin.py:190} INFO - [2026-04-14T13:46:06.468+0900] {dagbag.py:587} INFO - Filling up the DagBag from /opt/airflow/dags/06_multi_dag_step2_transform.py
[2026-04-14T13:46:06.729+0900] {processor.py:925} INFO - DAG(s) '06_multi_dag_step2_transform' retrieved from /opt/airflow/dags/06_multi_dag_step2_transform.py
[2026-04-14T13:46:06.752+0900] {logging_mixin.py:190} INFO - [2026-04-14T13:46:06.752+0900] {dag.py:3211} INFO - Sync 1 DAGs
[2026-04-14T13:46:06.772+0900] {logging_mixin.py:190} INFO - [2026-04-14T13:46:06.771+0900] {dag.py:4138} INFO - Setting next_dagrun for 06_multi_dag_step2_transform to None, run_after=None
[2026-04-14T13:46:06.793+0900] {processor.py:208} INFO - Processing /opt/airflow/dags/06_multi_dag_step2_transform.py took 0.333 seconds
[2026-04-14T13:46:36.948+0900] {processor.py:186} INFO - Started process (PID=47768) to work on /opt/airflow/dags/06_multi_dag_step2_transform.py
[2026-04-14T13:46:36.950+0900] {processor.py:914} INFO - Processing file /opt/airflow/dags/06_multi_dag_step2_transform.py for tasks to queue
[2026-04-14T13:46:36.952+0900] {logging_mixin.py:190} INFO - [2026-04-14T13:46:36.952+0900] {dagbag.py:587} INFO - Filling up the DagBag from /opt/airflow/dags/06_multi_dag_step2_transform.py
[2026-04-14T13:46:37.196+0900] {processor.py:925} INFO - DAG(s) '06_multi_dag_step2_transform' retrieved from /opt/airflow/dags/06_multi_dag_step2_transform.py
[2026-04-14T13:46:37.220+0900] {logging_mixin.py:190} INFO - [2026-04-14T13:46:37.219+0900] {dag.py:3211} INFO - Sync 1 DAGs
[2026-04-14T13:46:37.238+0900] {logging_mixin.py:190} INFO - [2026-04-14T13:46:37.238+0900] {dag.py:4138} INFO - Setting next_dagrun for 06_multi_dag_step2_transform to None, run_after=None
[2026-04-14T13:46:37.256+0900] {processor.py:208} INFO - Processing /opt/airflow/dags/06_multi_dag_step2_transform.py took 0.312 seconds
[2026-04-14T13:47:07.348+0900] {processor.py:186} INFO - Started process (PID=47787) to work on /opt/airflow/dags/06_multi_dag_step2_transform.py
[2026-04-14T13:47:07.349+0900] {processor.py:914} INFO - Processing file /opt/airflow/dags/06_multi_dag_step2_transform.py for tasks to queue
[2026-04-14T13:47:07.352+0900] {logging_mixin.py:190} INFO - [2026-04-14T13:47:07.351+0900] {dagbag.py:587} INFO - Filling up the DagBag from /opt/airflow/dags/06_multi_dag_step2_transform.py
[2026-04-14T13:47:07.580+0900] {processor.py:925} INFO - DAG(s) '06_multi_dag_step2_transform' retrieved from /opt/airflow/dags/06_multi_dag_step2_transform.py
[2026-04-14T13:47:07.601+0900] {logging_mixin.py:190} INFO - [2026-04-14T13:47:07.600+0900] {dag.py:3211} INFO - Sync 1 DAGs
[2026-04-14T13:47:07.618+0900] {logging_mixin.py:190} INFO - [2026-04-14T13:47:07.618+0900] {dag.py:4138} INFO - Setting next_dagrun for 06_multi_dag_step2_transform to None, run_after=None
[2026-04-14T13:47:07.638+0900] {processor.py:208} INFO - Processing /opt/airflow/dags/06_multi_dag_step2_transform.py took 0.295 seconds
[2026-04-14T13:47:53.384+0900] {processor.py:186} INFO - Started process (PID=81) to work on /opt/airflow/dags/06_multi_dag_step2_transform.py
[2026-04-14T13:47:53.385+0900] {processor.py:914} INFO - Processing file /opt/airflow/dags/06_multi_dag_step2_transform.py for tasks to queue
[2026-04-14T13:47:53.387+0900] {logging_mixin.py:190} INFO - [2026-04-14T13:47:53.386+0900] {dagbag.py:587} INFO - Filling up the DagBag from /opt/airflow/dags/06_multi_dag_step2_transform.py
[2026-04-14T13:47:54.777+0900] {processor.py:925} INFO - DAG(s) '06_multi_dag_step2_transform' retrieved from /opt/airflow/dags/06_multi_dag_step2_transform.py
[2026-04-14T13:47:54.807+0900] {logging_mixin.py:190} INFO - [2026-04-14T13:47:54.806+0900] {dag.py:3211} INFO - Sync 1 DAGs
[2026-04-14T13:47:54.831+0900] {logging_mixin.py:190} INFO - [2026-04-14T13:47:54.831+0900] {dag.py:4138} INFO - Setting next_dagrun for 06_multi_dag_step2_transform to None, run_after=None
[2026-04-14T13:47:54.857+0900] {processor.py:208} INFO - Processing /opt/airflow/dags/06_multi_dag_step2_transform.py took 1.478 seconds
[2026-04-14T13:48:25.237+0900] {processor.py:186} INFO - Started process (PID=100) to work on /opt/airflow/dags/06_multi_dag_step2_transform.py
[2026-04-14T13:48:25.238+0900] {processor.py:914} INFO - Processing file /opt/airflow/dags/06_multi_dag_step2_transform.py for tasks to queue
[2026-04-14T13:48:25.240+0900] {logging_mixin.py:190} INFO - [2026-04-14T13:48:25.240+0900] {dagbag.py:587} INFO - Filling up the DagBag from /opt/airflow/dags/06_multi_dag_step2_transform.py
[2026-04-14T13:48:25.600+0900] {processor.py:925} INFO - DAG(s) '06_multi_dag_step2_transform' retrieved from /opt/airflow/dags/06_multi_dag_step2_transform.py
[2026-04-14T13:48:25.616+0900] {logging_mixin.py:190} INFO - [2026-04-14T13:48:25.616+0900] {dag.py:3211} INFO - Sync 1 DAGs
[2026-04-14T13:48:25.631+0900] {logging_mixin.py:190} INFO - [2026-04-14T13:48:25.631+0900] {dag.py:4138} INFO - Setting next_dagrun for 06_multi_dag_step2_transform to None, run_after=None
[2026-04-14T13:48:25.650+0900] {processor.py:208} INFO - Processing /opt/airflow/dags/06_multi_dag_step2_transform.py took 0.417 seconds
[2026-04-14T13:48:55.964+0900] {processor.py:186} INFO - Started process (PID=125) to work on /opt/airflow/dags/06_multi_dag_step2_transform.py
[2026-04-14T13:48:55.965+0900] {processor.py:914} INFO - Processing file /opt/airflow/dags/06_multi_dag_step2_transform.py for tasks to queue
[2026-04-14T13:48:55.967+0900] {logging_mixin.py:190} INFO - [2026-04-14T13:48:55.967+0900] {dagbag.py:587} INFO - Filling up the DagBag from /opt/airflow/dags/06_multi_dag_step2_transform.py
[2026-04-14T13:48:56.330+0900] {processor.py:925} INFO - DAG(s) '06_multi_dag_step2_transform' retrieved from /opt/airflow/dags/06_multi_dag_step2_transform.py
[2026-04-14T13:48:56.349+0900] {logging_mixin.py:190} INFO - [2026-04-14T13:48:56.348+0900] {dag.py:3211} INFO - Sync 1 DAGs
[2026-04-14T13:48:56.364+0900] {logging_mixin.py:190} INFO - [2026-04-14T13:48:56.364+0900] {dag.py:4138} INFO - Setting next_dagrun for 06_multi_dag_step2_transform to None, run_after=None
[2026-04-14T13:48:56.382+0900] {processor.py:208} INFO - Processing /opt/airflow/dags/06_multi_dag_step2_transform.py took 0.423 seconds
[2026-04-14T13:49:26.675+0900] {processor.py:186} INFO - Started process (PID=144) to work on /opt/airflow/dags/06_multi_dag_step2_transform.py
[2026-04-14T13:49:26.676+0900] {processor.py:914} INFO - Processing file /opt/airflow/dags/06_multi_dag_step2_transform.py for tasks to queue
[2026-04-14T13:49:26.679+0900] {logging_mixin.py:190} INFO - [2026-04-14T13:49:26.679+0900] {dagbag.py:587} INFO - Filling up the DagBag from /opt/airflow/dags/06_multi_dag_step2_transform.py
[2026-04-14T13:49:27.022+0900] {processor.py:925} INFO - DAG(s) '06_multi_dag_step2_transform' retrieved from /opt/airflow/dags/06_multi_dag_step2_transform.py
[2026-04-14T13:49:27.040+0900] {logging_mixin.py:190} INFO - [2026-04-14T13:49:27.039+0900] {dag.py:3211} INFO - Sync 1 DAGs
[2026-04-14T13:49:27.054+0900] {logging_mixin.py:190} INFO - [2026-04-14T13:49:27.054+0900] {dag.py:4138} INFO - Setting next_dagrun for 06_multi_dag_step2_transform to None, run_after=None
[2026-04-14T13:49:27.073+0900] {processor.py:208} INFO - Processing /opt/airflow/dags/06_multi_dag_step2_transform.py took 0.402 seconds
[2026-04-14T13:49:57.571+0900] {processor.py:186} INFO - Started process (PID=163) to work on /opt/airflow/dags/06_multi_dag_step2_transform.py
[2026-04-14T13:49:57.572+0900] {processor.py:914} INFO - Processing file /opt/airflow/dags/06_multi_dag_step2_transform.py for tasks to queue
[2026-04-14T13:49:57.574+0900] {logging_mixin.py:190} INFO - [2026-04-14T13:49:57.574+0900] {dagbag.py:587} INFO - Filling up the DagBag from /opt/airflow/dags/06_multi_dag_step2_transform.py
[2026-04-14T13:49:57.976+0900] {processor.py:925} INFO - DAG(s) '06_multi_dag_step2_transform' retrieved from /opt/airflow/dags/06_multi_dag_step2_transform.py
[2026-04-14T13:49:57.991+0900] {logging_mixin.py:190} INFO - [2026-04-14T13:49:57.991+0900] {dag.py:3211} INFO - Sync 1 DAGs
[2026-04-14T13:49:58.006+0900] {logging_mixin.py:190} INFO - [2026-04-14T13:49:58.006+0900] {dag.py:4138} INFO - Setting next_dagrun for 06_multi_dag_step2_transform to None, run_after=None
[2026-04-14T13:49:58.024+0900] {processor.py:208} INFO - Processing /opt/airflow/dags/06_multi_dag_step2_transform.py took 0.459 seconds
[2026-04-14T13:50:28.853+0900] {processor.py:186} INFO - Started process (PID=182) to work on /opt/airflow/dags/06_multi_dag_step2_transform.py
[2026-04-14T13:50:28.854+0900] {processor.py:914} INFO - Processing file /opt/airflow/dags/06_multi_dag_step2_transform.py for tasks to queue
[2026-04-14T13:50:28.856+0900] {logging_mixin.py:190} INFO - [2026-04-14T13:50:28.856+0900] {dagbag.py:587} INFO - Filling up the DagBag from /opt/airflow/dags/06_multi_dag_step2_transform.py
[2026-04-14T13:50:29.197+0900] {processor.py:925} INFO - DAG(s) '06_multi_dag_step2_transform' retrieved from /opt/airflow/dags/06_multi_dag_step2_transform.py
[2026-04-14T13:50:29.213+0900] {logging_mixin.py:190} INFO - [2026-04-14T13:50:29.213+0900] {dag.py:3211} INFO - Sync 1 DAGs
[2026-04-14T13:50:29.228+0900] {logging_mixin.py:190} INFO - [2026-04-14T13:50:29.227+0900] {dag.py:4138} INFO - Setting next_dagrun for 06_multi_dag_step2_transform to None, run_after=None
[2026-04-14T13:50:29.244+0900] {processor.py:208} INFO - Processing /opt/airflow/dags/06_multi_dag_step2_transform.py took 0.396 seconds
[2026-04-14T13:50:59.615+0900] {processor.py:186} INFO - Started process (PID=201) to work on /opt/airflow/dags/06_multi_dag_step2_transform.py
[2026-04-14T13:50:59.616+0900] {processor.py:914} INFO - Processing file /opt/airflow/dags/06_multi_dag_step2_transform.py for tasks to queue
[2026-04-14T13:50:59.617+0900] {logging_mixin.py:190} INFO - [2026-04-14T13:50:59.617+0900] {dagbag.py:587} INFO - Filling up the DagBag from /opt/airflow/dags/06_multi_dag_step2_transform.py
[2026-04-14T13:50:59.946+0900] {processor.py:925} INFO - DAG(s) '06_multi_dag_step2_transform' retrieved from /opt/airflow/dags/06_multi_dag_step2_transform.py
[2026-04-14T13:50:59.961+0900] {logging_mixin.py:190} INFO - [2026-04-14T13:50:59.961+0900] {dag.py:3211} INFO - Sync 1 DAGs
[2026-04-14T13:50:59.973+0900] {logging_mixin.py:190} INFO - [2026-04-14T13:50:59.973+0900] {dag.py:4138} INFO - Setting next_dagrun for 06_multi_dag_step2_transform to None, run_after=None
[2026-04-14T13:50:59.996+0900] {processor.py:208} INFO - Processing /opt/airflow/dags/06_multi_dag_step2_transform.py took 0.385 seconds
[2026-04-14T13:51:30.200+0900] {processor.py:186} INFO - Started process (PID=220) to work on /opt/airflow/dags/06_multi_dag_step2_transform.py
[2026-04-14T13:51:30.201+0900] {processor.py:914} INFO - Processing file /opt/airflow/dags/06_multi_dag_step2_transform.py for tasks to queue
[2026-04-14T13:51:30.203+0900] {logging_mixin.py:190} INFO - [2026-04-14T13:51:30.203+0900] {dagbag.py:587} INFO - Filling up the DagBag from /opt/airflow/dags/06_multi_dag_step2_transform.py
[2026-04-14T13:51:30.415+0900] {processor.py:925} INFO - DAG(s) '06_multi_dag_step2_transform' retrieved from /opt/airflow/dags/06_multi_dag_step2_transform.py
[2026-04-14T13:51:30.434+0900] {logging_mixin.py:190} INFO - [2026-04-14T13:51:30.434+0900] {dag.py:3211} INFO - Sync 1 DAGs
[2026-04-14T13:51:30.451+0900] {logging_mixin.py:190} INFO - [2026-04-14T13:51:30.451+0900] {dag.py:4138} INFO - Setting next_dagrun for 06_multi_dag_step2_transform to None, run_after=None
[2026-04-14T13:51:30.473+0900] {processor.py:208} INFO - Processing /opt/airflow/dags/06_multi_dag_step2_transform.py took 0.278 seconds
[2026-04-14T13:52:00.646+0900] {processor.py:186} INFO - Started process (PID=239) to work on /opt/airflow/dags/06_multi_dag_step2_transform.py
[2026-04-14T13:52:00.647+0900] {processor.py:914} INFO - Processing file /opt/airflow/dags/06_multi_dag_step2_transform.py for tasks to queue
[2026-04-14T13:52:00.649+0900] {logging_mixin.py:190} INFO - [2026-04-14T13:52:00.648+0900] {dagbag.py:587} INFO - Filling up the DagBag from /opt/airflow/dags/06_multi_dag_step2_transform.py
[2026-04-14T13:52:00.892+0900] {processor.py:925} INFO - DAG(s) '06_multi_dag_step2_transform' retrieved from /opt/airflow/dags/06_multi_dag_step2_transform.py
[2026-04-14T13:52:00.913+0900] {logging_mixin.py:190} INFO - [2026-04-14T13:52:00.912+0900] {dag.py:3211} INFO - Sync 1 DAGs
[2026-04-14T13:52:00.930+0900] {logging_mixin.py:190} INFO - [2026-04-14T13:52:00.929+0900] {dag.py:4138} INFO - Setting next_dagrun for 06_multi_dag_step2_transform to None, run_after=None
[2026-04-14T13:52:00.957+0900] {processor.py:208} INFO - Processing /opt/airflow/dags/06_multi_dag_step2_transform.py took 0.316 seconds
[2026-04-14T13:52:31.041+0900] {processor.py:186} INFO - Started process (PID=258) to work on /opt/airflow/dags/06_multi_dag_step2_transform.py
[2026-04-14T13:52:31.042+0900] {processor.py:914} INFO - Processing file /opt/airflow/dags/06_multi_dag_step2_transform.py for tasks to queue
[2026-04-14T13:52:31.044+0900] {logging_mixin.py:190} INFO - [2026-04-14T13:52:31.044+0900] {dagbag.py:587} INFO - Filling up the DagBag from /opt/airflow/dags/06_multi_dag_step2_transform.py
[2026-04-14T13:52:31.288+0900] {processor.py:925} INFO - DAG(s) '06_multi_dag_step2_transform' retrieved from /opt/airflow/dags/06_multi_dag_step2_transform.py
[2026-04-14T13:52:31.309+0900] {logging_mixin.py:190} INFO - [2026-04-14T13:52:31.308+0900] {dag.py:3211} INFO - Sync 1 DAGs
[2026-04-14T13:52:31.333+0900] {logging_mixin.py:190} INFO - [2026-04-14T13:52:31.332+0900] {dag.py:4138} INFO - Setting next_dagrun for 06_multi_dag_step2_transform to None, run_after=None
[2026-04-14T13:52:31.353+0900] {processor.py:208} INFO - Processing /opt/airflow/dags/06_multi_dag_step2_transform.py took 0.318 seconds
[2026-04-14T13:53:01.624+0900] {processor.py:186} INFO - Started process (PID=277) to work on /opt/airflow/dags/06_multi_dag_step2_transform.py
[2026-04-14T13:53:01.625+0900] {processor.py:914} INFO - Processing file /opt/airflow/dags/06_multi_dag_step2_transform.py for tasks to queue
[2026-04-14T13:53:01.628+0900] {logging_mixin.py:190} INFO - [2026-04-14T13:53:01.627+0900] {dagbag.py:587} INFO - Filling up the DagBag from /opt/airflow/dags/06_multi_dag_step2_transform.py
[2026-04-14T13:53:01.878+0900] {processor.py:925} INFO - DAG(s) '06_multi_dag_step2_transform' retrieved from /opt/airflow/dags/06_multi_dag_step2_transform.py
[2026-04-14T13:53:01.900+0900] {logging_mixin.py:190} INFO - [2026-04-14T13:53:01.899+0900] {dag.py:3211} INFO - Sync 1 DAGs
[2026-04-14T13:53:01.921+0900] {logging_mixin.py:190} INFO - [2026-04-14T13:53:01.921+0900] {dag.py:4138} INFO - Setting next_dagrun for 06_multi_dag_step2_transform to None, run_after=None
[2026-04-14T13:53:01.943+0900] {processor.py:208} INFO - Processing /opt/airflow/dags/06_multi_dag_step2_transform.py took 0.325 seconds
[2026-04-14T13:53:32.041+0900] {processor.py:186} INFO - Started process (PID=296) to work on /opt/airflow/dags/06_multi_dag_step2_transform.py
[2026-04-14T13:53:32.042+0900] {processor.py:914} INFO - Processing file /opt/airflow/dags/06_multi_dag_step2_transform.py for tasks to queue
[2026-04-14T13:53:32.044+0900] {logging_mixin.py:190} INFO - [2026-04-14T13:53:32.044+0900] {dagbag.py:587} INFO - Filling up the DagBag from /opt/airflow/dags/06_multi_dag_step2_transform.py
[2026-04-14T13:53:32.272+0900] {processor.py:925} INFO - DAG(s) '06_multi_dag_step2_transform' retrieved from /opt/airflow/dags/06_multi_dag_step2_transform.py
[2026-04-14T13:53:32.292+0900] {logging_mixin.py:190} INFO - [2026-04-14T13:53:32.291+0900] {dag.py:3211} INFO - Sync 1 DAGs
[2026-04-14T13:53:32.308+0900] {logging_mixin.py:190} INFO - [2026-04-14T13:53:32.308+0900] {dag.py:4138} INFO - Setting next_dagrun for 06_multi_dag_step2_transform to None, run_after=None
[2026-04-14T13:53:32.331+0900] {processor.py:208} INFO - Processing /opt/airflow/dags/06_multi_dag_step2_transform.py took 0.296 seconds
[2026-04-14T13:54:02.426+0900] {processor.py:186} INFO - Started process (PID=315) to work on /opt/airflow/dags/06_multi_dag_step2_transform.py
[2026-04-14T13:54:02.427+0900] {processor.py:914} INFO - Processing file /opt/airflow/dags/06_multi_dag_step2_transform.py for tasks to queue
[2026-04-14T13:54:02.429+0900] {logging_mixin.py:190} INFO - [2026-04-14T13:54:02.428+0900] {dagbag.py:587} INFO - Filling up the DagBag from /opt/airflow/dags/06_multi_dag_step2_transform.py
[2026-04-14T13:54:02.649+0900] {processor.py:925} INFO - DAG(s) '06_multi_dag_step2_transform' retrieved from /opt/airflow/dags/06_multi_dag_step2_transform.py
[2026-04-14T13:54:02.673+0900] {logging_mixin.py:190} INFO - [2026-04-14T13:54:02.672+0900] {dag.py:3211} INFO - Sync 1 DAGs
[2026-04-14T13:54:02.689+0900] {logging_mixin.py:190} INFO - [2026-04-14T13:54:02.689+0900] {dag.py:4138} INFO - Setting next_dagrun for 06_multi_dag_step2_transform to None, run_after=None
[2026-04-14T13:54:02.709+0900] {processor.py:208} INFO - Processing /opt/airflow/dags/06_multi_dag_step2_transform.py took 0.288 seconds
[2026-04-14T13:54:32.908+0900] {processor.py:186} INFO - Started process (PID=334) to work on /opt/airflow/dags/06_multi_dag_step2_transform.py
[2026-04-14T13:54:32.909+0900] {processor.py:914} INFO - Processing file /opt/airflow/dags/06_multi_dag_step2_transform.py for tasks to queue
[2026-04-14T13:54:32.911+0900] {logging_mixin.py:190} INFO - [2026-04-14T13:54:32.911+0900] {dagbag.py:587} INFO - Filling up the DagBag from /opt/airflow/dags/06_multi_dag_step2_transform.py
[2026-04-14T13:54:33.144+0900] {processor.py:925} INFO - DAG(s) '06_multi_dag_step2_transform' retrieved from /opt/airflow/dags/06_multi_dag_step2_transform.py
[2026-04-14T13:54:33.165+0900] {logging_mixin.py:190} INFO - [2026-04-14T13:54:33.165+0900] {dag.py:3211} INFO - Sync 1 DAGs
[2026-04-14T13:54:33.181+0900] {logging_mixin.py:190} INFO - [2026-04-14T13:54:33.181+0900] {dag.py:4138} INFO - Setting next_dagrun for 06_multi_dag_step2_transform to None, run_after=None
[2026-04-14T13:54:33.201+0900] {processor.py:208} INFO - Processing /opt/airflow/dags/06_multi_dag_step2_transform.py took 0.298 seconds
[2026-04-14T13:55:03.378+0900] {processor.py:186} INFO - Started process (PID=354) to work on /opt/airflow/dags/06_multi_dag_step2_transform.py
[2026-04-14T13:55:03.379+0900] {processor.py:914} INFO - Processing file /opt/airflow/dags/06_multi_dag_step2_transform.py for tasks to queue
[2026-04-14T13:55:03.381+0900] {logging_mixin.py:190} INFO - [2026-04-14T13:55:03.381+0900] {dagbag.py:587} INFO - Filling up the DagBag from /opt/airflow/dags/06_multi_dag_step2_transform.py
[2026-04-14T13:55:03.616+0900] {processor.py:925} INFO - DAG(s) '06_multi_dag_step2_transform' retrieved from /opt/airflow/dags/06_multi_dag_step2_transform.py
[2026-04-14T13:55:03.634+0900] {logging_mixin.py:190} INFO - [2026-04-14T13:55:03.633+0900] {dag.py:3211} INFO - Sync 1 DAGs
[2026-04-14T13:55:03.649+0900] {logging_mixin.py:190} INFO - [2026-04-14T13:55:03.649+0900] {dag.py:4138} INFO - Setting next_dagrun for 06_multi_dag_step2_transform to None, run_after=None
[2026-04-14T13:55:03.666+0900] {processor.py:208} INFO - Processing /opt/airflow/dags/06_multi_dag_step2_transform.py took 0.293 seconds
[2026-04-14T13:55:33.756+0900] {processor.py:186} INFO - Started process (PID=373) to work on /opt/airflow/dags/06_multi_dag_step2_transform.py
[2026-04-14T13:55:33.757+0900] {processor.py:914} INFO - Processing file /opt/airflow/dags/06_multi_dag_step2_transform.py for tasks to queue
[2026-04-14T13:55:33.759+0900] {logging_mixin.py:190} INFO - [2026-04-14T13:55:33.759+0900] {dagbag.py:587} INFO - Filling up the DagBag from /opt/airflow/dags/06_multi_dag_step2_transform.py
[2026-04-14T13:55:33.990+0900] {processor.py:925} INFO - DAG(s) '06_multi_dag_step2_transform' retrieved from /opt/airflow/dags/06_multi_dag_step2_transform.py
[2026-04-14T13:55:34.006+0900] {logging_mixin.py:190} INFO - [2026-04-14T13:55:34.006+0900] {dag.py:3211} INFO - Sync 1 DAGs
[2026-04-14T13:55:34.026+0900] {logging_mixin.py:190} INFO - [2026-04-14T13:55:34.026+0900] {dag.py:4138} INFO - Setting next_dagrun for 06_multi_dag_step2_transform to None, run_after=None
[2026-04-14T13:55:34.049+0900] {processor.py:208} INFO - Processing /opt/airflow/dags/06_multi_dag_step2_transform.py took 0.298 seconds
[2026-04-14T13:56:04.193+0900] {processor.py:186} INFO - Started process (PID=393) to work on /opt/airflow/dags/06_multi_dag_step2_transform.py
[2026-04-14T13:56:04.194+0900] {processor.py:914} INFO - Processing file /opt/airflow/dags/06_multi_dag_step2_transform.py for tasks to queue
[2026-04-14T13:56:04.198+0900] {logging_mixin.py:190} INFO - [2026-04-14T13:56:04.198+0900] {dagbag.py:587} INFO - Filling up the DagBag from /opt/airflow/dags/06_multi_dag_step2_transform.py
[2026-04-14T13:56:04.444+0900] {processor.py:925} INFO - DAG(s) '06_multi_dag_step2_transform' retrieved from /opt/airflow/dags/06_multi_dag_step2_transform.py
[2026-04-14T13:56:04.463+0900] {logging_mixin.py:190} INFO - [2026-04-14T13:56:04.463+0900] {dag.py:3211} INFO - Sync 1 DAGs
[2026-04-14T13:56:04.479+0900] {logging_mixin.py:190} INFO - [2026-04-14T13:56:04.479+0900] {dag.py:4138} INFO - Setting next_dagrun for 06_multi_dag_step2_transform to None, run_after=None
[2026-04-14T13:56:04.501+0900] {processor.py:208} INFO - Processing /opt/airflow/dags/06_multi_dag_step2_transform.py took 0.314 seconds
[2026-04-14T13:56:34.655+0900] {processor.py:186} INFO - Started process (PID=412) to work on /opt/airflow/dags/06_multi_dag_step2_transform.py
[2026-04-14T13:56:34.656+0900] {processor.py:914} INFO - Processing file /opt/airflow/dags/06_multi_dag_step2_transform.py for tasks to queue
[2026-04-14T13:56:34.658+0900] {logging_mixin.py:190} INFO - [2026-04-14T13:56:34.658+0900] {dagbag.py:587} INFO - Filling up the DagBag from /opt/airflow/dags/06_multi_dag_step2_transform.py
[2026-04-14T13:56:34.884+0900] {processor.py:925} INFO - DAG(s) '06_multi_dag_step2_transform' retrieved from /opt/airflow/dags/06_multi_dag_step2_transform.py
[2026-04-14T13:56:34.902+0900] {logging_mixin.py:190} INFO - [2026-04-14T13:56:34.901+0900] {dag.py:3211} INFO - Sync 1 DAGs
[2026-04-14T13:56:34.917+0900] {logging_mixin.py:190} INFO - [2026-04-14T13:56:34.917+0900] {dag.py:4138} INFO - Setting next_dagrun for 06_multi_dag_step2_transform to None, run_after=None
[2026-04-14T13:56:34.935+0900] {processor.py:208} INFO - Processing /opt/airflow/dags/06_multi_dag_step2_transform.py took 0.284 seconds
[2026-04-14T13:57:04.991+0900] {processor.py:186} INFO - Started process (PID=431) to work on /opt/airflow/dags/06_multi_dag_step2_transform.py
[2026-04-14T13:57:04.992+0900] {processor.py:914} INFO - Processing file /opt/airflow/dags/06_multi_dag_step2_transform.py for tasks to queue
[2026-04-14T13:57:04.994+0900] {logging_mixin.py:190} INFO - [2026-04-14T13:57:04.994+0900] {dagbag.py:587} INFO - Filling up the DagBag from /opt/airflow/dags/06_multi_dag_step2_transform.py
[2026-04-14T13:57:05.228+0900] {processor.py:925} INFO - DAG(s) '06_multi_dag_step2_transform' retrieved from /opt/airflow/dags/06_multi_dag_step2_transform.py
[2026-04-14T13:57:05.246+0900] {logging_mixin.py:190} INFO - [2026-04-14T13:57:05.245+0900] {dag.py:3211} INFO - Sync 1 DAGs
[2026-04-14T13:57:05.267+0900] {logging_mixin.py:190} INFO - [2026-04-14T13:57:05.267+0900] {dag.py:4138} INFO - Setting next_dagrun for 06_multi_dag_step2_transform to None, run_after=None
[2026-04-14T13:57:05.287+0900] {processor.py:208} INFO - Processing /opt/airflow/dags/06_multi_dag_step2_transform.py took 0.301 seconds
[2026-04-14T13:57:35.427+0900] {processor.py:186} INFO - Started process (PID=450) to work on /opt/airflow/dags/06_multi_dag_step2_transform.py
[2026-04-14T13:57:35.428+0900] {processor.py:914} INFO - Processing file /opt/airflow/dags/06_multi_dag_step2_transform.py for tasks to queue
[2026-04-14T13:57:35.430+0900] {logging_mixin.py:190} INFO - [2026-04-14T13:57:35.429+0900] {dagbag.py:587} INFO - Filling up the DagBag from /opt/airflow/dags/06_multi_dag_step2_transform.py
[2026-04-14T13:57:35.658+0900] {processor.py:925} INFO - DAG(s) '06_multi_dag_step2_transform' retrieved from /opt/airflow/dags/06_multi_dag_step2_transform.py
[2026-04-14T13:57:35.678+0900] {logging_mixin.py:190} INFO - [2026-04-14T13:57:35.678+0900] {dag.py:3211} INFO - Sync 1 DAGs
[2026-04-14T13:57:35.696+0900] {logging_mixin.py:190} INFO - [2026-04-14T13:57:35.696+0900] {dag.py:4138} INFO - Setting next_dagrun for 06_multi_dag_step2_transform to None, run_after=None
[2026-04-14T13:57:35.715+0900] {processor.py:208} INFO - Processing /opt/airflow/dags/06_multi_dag_step2_transform.py took 0.296 seconds
[2026-04-14T13:58:05.862+0900] {processor.py:186} INFO - Started process (PID=471) to work on /opt/airflow/dags/06_multi_dag_step2_transform.py
[2026-04-14T13:58:05.864+0900] {processor.py:914} INFO - Processing file /opt/airflow/dags/06_multi_dag_step2_transform.py for tasks to queue
[2026-04-14T13:58:05.866+0900] {logging_mixin.py:190} INFO - [2026-04-14T13:58:05.866+0900] {dagbag.py:587} INFO - Filling up the DagBag from /opt/airflow/dags/06_multi_dag_step2_transform.py
[2026-04-14T13:58:06.076+0900] {processor.py:925} INFO - DAG(s) '06_multi_dag_step2_transform' retrieved from /opt/airflow/dags/06_multi_dag_step2_transform.py
[2026-04-14T13:58:06.093+0900] {logging_mixin.py:190} INFO - [2026-04-14T13:58:06.092+0900] {dag.py:3211} INFO - Sync 1 DAGs
[2026-04-14T13:58:06.107+0900] {logging_mixin.py:190} INFO - [2026-04-14T13:58:06.107+0900] {dag.py:4138} INFO - Setting next_dagrun for 06_multi_dag_step2_transform to None, run_after=None
[2026-04-14T13:58:06.122+0900] {processor.py:208} INFO - Processing /opt/airflow/dags/06_multi_dag_step2_transform.py took 0.265 seconds
[2026-04-14T13:58:37.151+0900] {processor.py:186} INFO - Started process (PID=490) to work on /opt/airflow/dags/06_multi_dag_step2_transform.py
[2026-04-14T13:58:37.152+0900] {processor.py:914} INFO - Processing file /opt/airflow/dags/06_multi_dag_step2_transform.py for tasks to queue
[2026-04-14T13:58:37.155+0900] {logging_mixin.py:190} INFO - [2026-04-14T13:58:37.154+0900] {dagbag.py:587} INFO - Filling up the DagBag from /opt/airflow/dags/06_multi_dag_step2_transform.py
[2026-04-14T13:58:37.380+0900] {processor.py:925} INFO - DAG(s) '06_multi_dag_step2_transform' retrieved from /opt/airflow/dags/06_multi_dag_step2_transform.py
[2026-04-14T13:58:37.400+0900] {logging_mixin.py:190} INFO - [2026-04-14T13:58:37.399+0900] {dag.py:3211} INFO - Sync 1 DAGs
[2026-04-14T13:58:37.416+0900] {logging_mixin.py:190} INFO - [2026-04-14T13:58:37.415+0900] {dag.py:4138} INFO - Setting next_dagrun for 06_multi_dag_step2_transform to None, run_after=None
[2026-04-14T13:58:37.433+0900] {processor.py:208} INFO - Processing /opt/airflow/dags/06_multi_dag_step2_transform.py took 0.287 seconds
[2026-04-14T13:59:07.599+0900] {processor.py:186} INFO - Started process (PID=509) to work on /opt/airflow/dags/06_multi_dag_step2_transform.py
[2026-04-14T13:59:07.600+0900] {processor.py:914} INFO - Processing file /opt/airflow/dags/06_multi_dag_step2_transform.py for tasks to queue
[2026-04-14T13:59:07.602+0900] {logging_mixin.py:190} INFO - [2026-04-14T13:59:07.602+0900] {dagbag.py:587} INFO - Filling up the DagBag from /opt/airflow/dags/06_multi_dag_step2_transform.py
[2026-04-14T13:59:07.827+0900] {processor.py:925} INFO - DAG(s) '06_multi_dag_step2_transform' retrieved from /opt/airflow/dags/06_multi_dag_step2_transform.py
[2026-04-14T13:59:07.844+0900] {logging_mixin.py:190} INFO - [2026-04-14T13:59:07.844+0900] {dag.py:3211} INFO - Sync 1 DAGs
[2026-04-14T13:59:07.859+0900] {logging_mixin.py:190} INFO - [2026-04-14T13:59:07.859+0900] {dag.py:4138} INFO - Setting next_dagrun for 06_multi_dag_step2_transform to None, run_after=None
[2026-04-14T13:59:07.875+0900] {processor.py:208} INFO - Processing /opt/airflow/dags/06_multi_dag_step2_transform.py took 0.282 seconds
[2026-04-14T13:59:37.915+0900] {processor.py:186} INFO - Started process (PID=529) to work on /opt/airflow/dags/06_multi_dag_step2_transform.py
[2026-04-14T13:59:37.916+0900] {processor.py:914} INFO - Processing file /opt/airflow/dags/06_multi_dag_step2_transform.py for tasks to queue
[2026-04-14T13:59:37.919+0900] {logging_mixin.py:190} INFO - [2026-04-14T13:59:37.918+0900] {dagbag.py:587} INFO - Filling up the DagBag from /opt/airflow/dags/06_multi_dag_step2_transform.py
[2026-04-14T13:59:38.130+0900] {processor.py:925} INFO - DAG(s) '06_multi_dag_step2_transform' retrieved from /opt/airflow/dags/06_multi_dag_step2_transform.py
[2026-04-14T13:59:38.147+0900] {logging_mixin.py:190} INFO - [2026-04-14T13:59:38.147+0900] {dag.py:3211} INFO - Sync 1 DAGs
[2026-04-14T13:59:38.163+0900] {logging_mixin.py:190} INFO - [2026-04-14T13:59:38.163+0900] {dag.py:4138} INFO - Setting next_dagrun for 06_multi_dag_step2_transform to None, run_after=None
[2026-04-14T13:59:38.182+0900] {processor.py:208} INFO - Processing /opt/airflow/dags/06_multi_dag_step2_transform.py took 0.271 seconds
[2026-04-14T14:00:09.094+0900] {processor.py:186} INFO - Started process (PID=548) to work on /opt/airflow/dags/06_multi_dag_step2_transform.py
[2026-04-14T14:00:09.095+0900] {processor.py:914} INFO - Processing file /opt/airflow/dags/06_multi_dag_step2_transform.py for tasks to queue
[2026-04-14T14:00:09.098+0900] {logging_mixin.py:190} INFO - [2026-04-14T14:00:09.097+0900] {dagbag.py:587} INFO - Filling up the DagBag from /opt/airflow/dags/06_multi_dag_step2_transform.py
[2026-04-14T14:00:09.337+0900] {processor.py:925} INFO - DAG(s) '06_multi_dag_step2_transform' retrieved from /opt/airflow/dags/06_multi_dag_step2_transform.py
[2026-04-14T14:00:09.356+0900] {logging_mixin.py:190} INFO - [2026-04-14T14:00:09.355+0900] {dag.py:3211} INFO - Sync 1 DAGs
[2026-04-14T14:00:09.372+0900] {logging_mixin.py:190} INFO - [2026-04-14T14:00:09.372+0900] {dag.py:4138} INFO - Setting next_dagrun for 06_multi_dag_step2_transform to None, run_after=None
[2026-04-14T14:00:09.394+0900] {processor.py:208} INFO - Processing /opt/airflow/dags/06_multi_dag_step2_transform.py took 0.306 seconds
[2026-04-14T14:00:40.313+0900] {processor.py:186} INFO - Started process (PID=567) to work on /opt/airflow/dags/06_multi_dag_step2_transform.py
[2026-04-14T14:00:40.314+0900] {processor.py:914} INFO - Processing file /opt/airflow/dags/06_multi_dag_step2_transform.py for tasks to queue
[2026-04-14T14:00:40.318+0900] {logging_mixin.py:190} INFO - [2026-04-14T14:00:40.317+0900] {dagbag.py:587} INFO - Filling up the DagBag from /opt/airflow/dags/06_multi_dag_step2_transform.py
[2026-04-14T14:00:40.577+0900] {processor.py:925} INFO - DAG(s) '06_multi_dag_step2_transform' retrieved from /opt/airflow/dags/06_multi_dag_step2_transform.py
[2026-04-14T14:00:40.598+0900] {logging_mixin.py:190} INFO - [2026-04-14T14:00:40.597+0900] {dag.py:3211} INFO - Sync 1 DAGs
[2026-04-14T14:00:40.616+0900] {logging_mixin.py:190} INFO - [2026-04-14T14:00:40.615+0900] {dag.py:4138} INFO - Setting next_dagrun for 06_multi_dag_step2_transform to None, run_after=None
[2026-04-14T14:00:40.638+0900] {processor.py:208} INFO - Processing /opt/airflow/dags/06_multi_dag_step2_transform.py took 0.331 seconds
[2026-04-14T14:01:10.749+0900] {processor.py:186} INFO - Started process (PID=586) to work on /opt/airflow/dags/06_multi_dag_step2_transform.py
[2026-04-14T14:01:10.750+0900] {processor.py:914} INFO - Processing file /opt/airflow/dags/06_multi_dag_step2_transform.py for tasks to queue
[2026-04-14T14:01:10.753+0900] {logging_mixin.py:190} INFO - [2026-04-14T14:01:10.752+0900] {dagbag.py:587} INFO - Filling up the DagBag from /opt/airflow/dags/06_multi_dag_step2_transform.py
[2026-04-14T14:01:10.976+0900] {processor.py:925} INFO - DAG(s) '06_multi_dag_step2_transform' retrieved from /opt/airflow/dags/06_multi_dag_step2_transform.py
[2026-04-14T14:01:10.995+0900] {logging_mixin.py:190} INFO - [2026-04-14T14:01:10.994+0900] {dag.py:3211} INFO - Sync 1 DAGs
[2026-04-14T14:01:11.013+0900] {logging_mixin.py:190} INFO - [2026-04-14T14:01:11.013+0900] {dag.py:4138} INFO - Setting next_dagrun for 06_multi_dag_step2_transform to None, run_after=None
[2026-04-14T14:01:11.030+0900] {processor.py:208} INFO - Processing /opt/airflow/dags/06_multi_dag_step2_transform.py took 0.286 seconds
[2026-04-14T14:01:41.123+0900] {processor.py:186} INFO - Started process (PID=605) to work on /opt/airflow/dags/06_multi_dag_step2_transform.py
[2026-04-14T14:01:41.124+0900] {processor.py:914} INFO - Processing file /opt/airflow/dags/06_multi_dag_step2_transform.py for tasks to queue
[2026-04-14T14:01:41.127+0900] {logging_mixin.py:190} INFO - [2026-04-14T14:01:41.126+0900] {dagbag.py:587} INFO - Filling up the DagBag from /opt/airflow/dags/06_multi_dag_step2_transform.py
[2026-04-14T14:01:41.347+0900] {processor.py:925} INFO - DAG(s) '06_multi_dag_step2_transform' retrieved from /opt/airflow/dags/06_multi_dag_step2_transform.py
[2026-04-14T14:01:41.367+0900] {logging_mixin.py:190} INFO - [2026-04-14T14:01:41.367+0900] {dag.py:3211} INFO - Sync 1 DAGs
[2026-04-14T14:01:41.383+0900] {logging_mixin.py:190} INFO - [2026-04-14T14:01:41.383+0900] {dag.py:4138} INFO - Setting next_dagrun for 06_multi_dag_step2_transform to None, run_after=None
[2026-04-14T14:01:41.400+0900] {processor.py:208} INFO - Processing /opt/airflow/dags/06_multi_dag_step2_transform.py took 0.282 seconds
[2026-04-14T14:02:11.553+0900] {processor.py:186} INFO - Started process (PID=624) to work on /opt/airflow/dags/06_multi_dag_step2_transform.py
[2026-04-14T14:02:11.554+0900] {processor.py:914} INFO - Processing file /opt/airflow/dags/06_multi_dag_step2_transform.py for tasks to queue
[2026-04-14T14:02:11.558+0900] {logging_mixin.py:190} INFO - [2026-04-14T14:02:11.557+0900] {dagbag.py:587} INFO - Filling up the DagBag from /opt/airflow/dags/06_multi_dag_step2_transform.py
[2026-04-14T14:02:11.792+0900] {processor.py:925} INFO - DAG(s) '06_multi_dag_step2_transform' retrieved from /opt/airflow/dags/06_multi_dag_step2_transform.py
[2026-04-14T14:02:11.810+0900] {logging_mixin.py:190} INFO - [2026-04-14T14:02:11.810+0900] {dag.py:3211} INFO - Sync 1 DAGs
[2026-04-14T14:02:11.827+0900] {logging_mixin.py:190} INFO - [2026-04-14T14:02:11.826+0900] {dag.py:4138} INFO - Setting next_dagrun for 06_multi_dag_step2_transform to None, run_after=None
[2026-04-14T14:02:11.847+0900] {processor.py:208} INFO - Processing /opt/airflow/dags/06_multi_dag_step2_transform.py took 0.300 seconds
[2026-04-14T14:02:42.708+0900] {processor.py:186} INFO - Started process (PID=643) to work on /opt/airflow/dags/06_multi_dag_step2_transform.py
[2026-04-14T14:02:42.709+0900] {processor.py:914} INFO - Processing file /opt/airflow/dags/06_multi_dag_step2_transform.py for tasks to queue
[2026-04-14T14:02:42.712+0900] {logging_mixin.py:190} INFO - [2026-04-14T14:02:42.711+0900] {dagbag.py:587} INFO - Filling up the DagBag from /opt/airflow/dags/06_multi_dag_step2_transform.py
[2026-04-14T14:02:42.955+0900] {processor.py:925} INFO - DAG(s) '06_multi_dag_step2_transform' retrieved from /opt/airflow/dags/06_multi_dag_step2_transform.py
[2026-04-14T14:02:42.977+0900] {logging_mixin.py:190} INFO - [2026-04-14T14:02:42.977+0900] {dag.py:3211} INFO - Sync 1 DAGs
[2026-04-14T14:02:42.994+0900] {logging_mixin.py:190} INFO - [2026-04-14T14:02:42.994+0900] {dag.py:4138} INFO - Setting next_dagrun for 06_multi_dag_step2_transform to None, run_after=None
[2026-04-14T14:02:43.014+0900] {processor.py:208} INFO - Processing /opt/airflow/dags/06_multi_dag_step2_transform.py took 0.311 seconds
[2026-04-14T14:03:13.335+0900] {processor.py:186} INFO - Started process (PID=662) to work on /opt/airflow/dags/06_multi_dag_step2_transform.py
[2026-04-14T14:03:13.335+0900] {processor.py:914} INFO - Processing file /opt/airflow/dags/06_multi_dag_step2_transform.py for tasks to queue
[2026-04-14T14:03:13.338+0900] {logging_mixin.py:190} INFO - [2026-04-14T14:03:13.338+0900] {dagbag.py:587} INFO - Filling up the DagBag from /opt/airflow/dags/06_multi_dag_step2_transform.py
[2026-04-14T14:03:13.562+0900] {processor.py:925} INFO - DAG(s) '06_multi_dag_step2_transform' retrieved from /opt/airflow/dags/06_multi_dag_step2_transform.py
[2026-04-14T14:03:13.582+0900] {logging_mixin.py:190} INFO - [2026-04-14T14:03:13.581+0900] {dag.py:3211} INFO - Sync 1 DAGs
[2026-04-14T14:03:13.598+0900] {logging_mixin.py:190} INFO - [2026-04-14T14:03:13.598+0900] {dag.py:4138} INFO - Setting next_dagrun for 06_multi_dag_step2_transform to None, run_after=None
[2026-04-14T14:03:13.617+0900] {processor.py:208} INFO - Processing /opt/airflow/dags/06_multi_dag_step2_transform.py took 0.287 seconds
[2026-04-14T14:03:43.714+0900] {processor.py:186} INFO - Started process (PID=681) to work on /opt/airflow/dags/06_multi_dag_step2_transform.py
[2026-04-14T14:03:43.715+0900] {processor.py:914} INFO - Processing file /opt/airflow/dags/06_multi_dag_step2_transform.py for tasks to queue
[2026-04-14T14:03:43.718+0900] {logging_mixin.py:190} INFO - [2026-04-14T14:03:43.717+0900] {dagbag.py:587} INFO - Filling up the DagBag from /opt/airflow/dags/06_multi_dag_step2_transform.py
[2026-04-14T14:03:43.939+0900] {processor.py:925} INFO - DAG(s) '06_multi_dag_step2_transform' retrieved from /opt/airflow/dags/06_multi_dag_step2_transform.py
[2026-04-14T14:03:43.963+0900] {logging_mixin.py:190} INFO - [2026-04-14T14:03:43.962+0900] {dag.py:3211} INFO - Sync 1 DAGs
[2026-04-14T14:03:43.981+0900] {logging_mixin.py:190} INFO - [2026-04-14T14:03:43.980+0900] {dag.py:4138} INFO - Setting next_dagrun for 06_multi_dag_step2_transform to None, run_after=None
[2026-04-14T14:03:43.998+0900] {processor.py:208} INFO - Processing /opt/airflow/dags/06_multi_dag_step2_transform.py took 0.289 seconds
[2026-04-14T14:04:14.751+0900] {processor.py:186} INFO - Started process (PID=700) to work on /opt/airflow/dags/06_multi_dag_step2_transform.py
[2026-04-14T14:04:14.752+0900] {processor.py:914} INFO - Processing file /opt/airflow/dags/06_multi_dag_step2_transform.py for tasks to queue
[2026-04-14T14:04:14.755+0900] {logging_mixin.py:190} INFO - [2026-04-14T14:04:14.755+0900] {dagbag.py:587} INFO - Filling up the DagBag from /opt/airflow/dags/06_multi_dag_step2_transform.py
[2026-04-14T14:04:15.026+0900] {processor.py:925} INFO - DAG(s) '06_multi_dag_step2_transform' retrieved from /opt/airflow/dags/06_multi_dag_step2_transform.py
[2026-04-14T14:04:15.050+0900] {logging_mixin.py:190} INFO - [2026-04-14T14:04:15.050+0900] {dag.py:3211} INFO - Sync 1 DAGs
[2026-04-14T14:04:15.070+0900] {logging_mixin.py:190} INFO - [2026-04-14T14:04:15.070+0900] {dag.py:4138} INFO - Setting next_dagrun for 06_multi_dag_step2_transform to None, run_after=None
[2026-04-14T14:04:15.104+0900] {processor.py:208} INFO - Processing /opt/airflow/dags/06_multi_dag_step2_transform.py took 0.359 seconds
[2026-04-14T14:04:45.877+0900] {processor.py:186} INFO - Started process (PID=719) to work on /opt/airflow/dags/06_multi_dag_step2_transform.py
[2026-04-14T14:04:45.878+0900] {processor.py:914} INFO - Processing file /opt/airflow/dags/06_multi_dag_step2_transform.py for tasks to queue
[2026-04-14T14:04:45.880+0900] {logging_mixin.py:190} INFO - [2026-04-14T14:04:45.880+0900] {dagbag.py:587} INFO - Filling up the DagBag from /opt/airflow/dags/06_multi_dag_step2_transform.py
[2026-04-14T14:04:46.104+0900] {processor.py:925} INFO - DAG(s) '06_multi_dag_step2_transform' retrieved from /opt/airflow/dags/06_multi_dag_step2_transform.py
[2026-04-14T14:04:46.124+0900] {logging_mixin.py:190} INFO - [2026-04-14T14:04:46.124+0900] {dag.py:3211} INFO - Sync 1 DAGs
[2026-04-14T14:04:46.142+0900] {logging_mixin.py:190} INFO - [2026-04-14T14:04:46.142+0900] {dag.py:4138} INFO - Setting next_dagrun for 06_multi_dag_step2_transform to None, run_after=None
[2026-04-14T14:04:46.163+0900] {processor.py:208} INFO - Processing /opt/airflow/dags/06_multi_dag_step2_transform.py took 0.291 seconds
[2026-04-14T14:05:16.250+0900] {processor.py:186} INFO - Started process (PID=737) to work on /opt/airflow/dags/06_multi_dag_step2_transform.py
[2026-04-14T14:05:16.251+0900] {processor.py:914} INFO - Processing file /opt/airflow/dags/06_multi_dag_step2_transform.py for tasks to queue
[2026-04-14T14:05:16.253+0900] {logging_mixin.py:190} INFO - [2026-04-14T14:05:16.253+0900] {dagbag.py:587} INFO - Filling up the DagBag from /opt/airflow/dags/06_multi_dag_step2_transform.py
[2026-04-14T14:05:16.474+0900] {processor.py:925} INFO - DAG(s) '06_multi_dag_step2_transform' retrieved from /opt/airflow/dags/06_multi_dag_step2_transform.py
[2026-04-14T14:05:16.497+0900] {logging_mixin.py:190} INFO - [2026-04-14T14:05:16.496+0900] {dag.py:3211} INFO - Sync 1 DAGs
[2026-04-14T14:05:16.516+0900] {logging_mixin.py:190} INFO - [2026-04-14T14:05:16.516+0900] {dag.py:4138} INFO - Setting next_dagrun for 06_multi_dag_step2_transform to None, run_after=None
[2026-04-14T14:05:16.536+0900] {processor.py:208} INFO - Processing /opt/airflow/dags/06_multi_dag_step2_transform.py took 0.290 seconds
[2026-04-14T14:05:46.577+0900] {processor.py:186} INFO - Started process (PID=756) to work on /opt/airflow/dags/06_multi_dag_step2_transform.py
[2026-04-14T14:05:46.578+0900] {processor.py:914} INFO - Processing file /opt/airflow/dags/06_multi_dag_step2_transform.py for tasks to queue
[2026-04-14T14:05:46.581+0900] {logging_mixin.py:190} INFO - [2026-04-14T14:05:46.581+0900] {dagbag.py:587} INFO - Filling up the DagBag from /opt/airflow/dags/06_multi_dag_step2_transform.py
[2026-04-14T14:05:46.803+0900] {processor.py:925} INFO - DAG(s) '06_multi_dag_step2_transform' retrieved from /opt/airflow/dags/06_multi_dag_step2_transform.py
[2026-04-14T14:05:46.821+0900] {logging_mixin.py:190} INFO - [2026-04-14T14:05:46.820+0900] {dag.py:3211} INFO - Sync 1 DAGs
[2026-04-14T14:05:46.839+0900] {logging_mixin.py:190} INFO - [2026-04-14T14:05:46.838+0900] {dag.py:4138} INFO - Setting next_dagrun for 06_multi_dag_step2_transform to None, run_after=None
[2026-04-14T14:05:46.855+0900] {processor.py:208} INFO - Processing /opt/airflow/dags/06_multi_dag_step2_transform.py took 0.283 seconds
[2026-04-14T14:06:17.565+0900] {processor.py:186} INFO - Started process (PID=775) to work on /opt/airflow/dags/06_multi_dag_step2_transform.py
[2026-04-14T14:06:17.566+0900] {processor.py:914} INFO - Processing file /opt/airflow/dags/06_multi_dag_step2_transform.py for tasks to queue
[2026-04-14T14:06:17.568+0900] {logging_mixin.py:190} INFO - [2026-04-14T14:06:17.568+0900] {dagbag.py:587} INFO - Filling up the DagBag from /opt/airflow/dags/06_multi_dag_step2_transform.py
[2026-04-14T14:06:17.792+0900] {processor.py:925} INFO - DAG(s) '06_multi_dag_step2_transform' retrieved from /opt/airflow/dags/06_multi_dag_step2_transform.py
[2026-04-14T14:06:17.814+0900] {logging_mixin.py:190} INFO - [2026-04-14T14:06:17.814+0900] {dag.py:3211} INFO - Sync 1 DAGs
[2026-04-14T14:06:17.829+0900] {logging_mixin.py:190} INFO - [2026-04-14T14:06:17.829+0900] {dag.py:4138} INFO - Setting next_dagrun for 06_multi_dag_step2_transform to None, run_after=None
[2026-04-14T14:06:17.847+0900] {processor.py:208} INFO - Processing /opt/airflow/dags/06_multi_dag_step2_transform.py took 0.287 seconds
[2026-04-14T14:06:48.509+0900] {processor.py:186} INFO - Started process (PID=794) to work on /opt/airflow/dags/06_multi_dag_step2_transform.py
[2026-04-14T14:06:48.510+0900] {processor.py:914} INFO - Processing file /opt/airflow/dags/06_multi_dag_step2_transform.py for tasks to queue
[2026-04-14T14:06:48.512+0900] {logging_mixin.py:190} INFO - [2026-04-14T14:06:48.512+0900] {dagbag.py:587} INFO - Filling up the DagBag from /opt/airflow/dags/06_multi_dag_step2_transform.py
[2026-04-14T14:06:48.755+0900] {processor.py:925} INFO - DAG(s) '06_multi_dag_step2_transform' retrieved from /opt/airflow/dags/06_multi_dag_step2_transform.py
[2026-04-14T14:06:48.778+0900] {logging_mixin.py:190} INFO - [2026-04-14T14:06:48.778+0900] {dag.py:3211} INFO - Sync 1 DAGs
[2026-04-14T14:06:48.796+0900] {logging_mixin.py:190} INFO - [2026-04-14T14:06:48.796+0900] {dag.py:4138} INFO - Setting next_dagrun for 06_multi_dag_step2_transform to None, run_after=None
[2026-04-14T14:06:48.816+0900] {processor.py:208} INFO - Processing /opt/airflow/dags/06_multi_dag_step2_transform.py took 0.313 seconds
[2026-04-14T14:07:19.472+0900] {processor.py:186} INFO - Started process (PID=813) to work on /opt/airflow/dags/06_multi_dag_step2_transform.py
[2026-04-14T14:07:19.473+0900] {processor.py:914} INFO - Processing file /opt/airflow/dags/06_multi_dag_step2_transform.py for tasks to queue
[2026-04-14T14:07:19.475+0900] {logging_mixin.py:190} INFO - [2026-04-14T14:07:19.475+0900] {dagbag.py:587} INFO - Filling up the DagBag from /opt/airflow/dags/06_multi_dag_step2_transform.py
[2026-04-14T14:07:19.710+0900] {processor.py:925} INFO - DAG(s) '06_multi_dag_step2_transform' retrieved from /opt/airflow/dags/06_multi_dag_step2_transform.py
[2026-04-14T14:07:19.730+0900] {logging_mixin.py:190} INFO - [2026-04-14T14:07:19.730+0900] {dag.py:3211} INFO - Sync 1 DAGs
[2026-04-14T14:07:19.749+0900] {logging_mixin.py:190} INFO - [2026-04-14T14:07:19.749+0900] {dag.py:4138} INFO - Setting next_dagrun for 06_multi_dag_step2_transform to None, run_after=None
[2026-04-14T14:07:19.768+0900] {processor.py:208} INFO - Processing /opt/airflow/dags/06_multi_dag_step2_transform.py took 0.302 seconds
[2026-04-14T14:07:50.519+0900] {processor.py:186} INFO - Started process (PID=832) to work on /opt/airflow/dags/06_multi_dag_step2_transform.py
[2026-04-14T14:07:50.521+0900] {processor.py:914} INFO - Processing file /opt/airflow/dags/06_multi_dag_step2_transform.py for tasks to queue
[2026-04-14T14:07:50.523+0900] {logging_mixin.py:190} INFO - [2026-04-14T14:07:50.523+0900] {dagbag.py:587} INFO - Filling up the DagBag from /opt/airflow/dags/06_multi_dag_step2_transform.py
[2026-04-14T14:07:50.745+0900] {processor.py:925} INFO - DAG(s) '06_multi_dag_step2_transform' retrieved from /opt/airflow/dags/06_multi_dag_step2_transform.py
[2026-04-14T14:07:50.765+0900] {logging_mixin.py:190} INFO - [2026-04-14T14:07:50.764+0900] {dag.py:3211} INFO - Sync 1 DAGs
[2026-04-14T14:07:50.782+0900] {logging_mixin.py:190} INFO - [2026-04-14T14:07:50.782+0900] {dag.py:4138} INFO - Setting next_dagrun for 06_multi_dag_step2_transform to None, run_after=None
[2026-04-14T14:07:50.799+0900] {processor.py:208} INFO - Processing /opt/airflow/dags/06_multi_dag_step2_transform.py took 0.284 seconds
[2026-04-14T14:08:20.955+0900] {processor.py:186} INFO - Started process (PID=851) to work on /opt/airflow/dags/06_multi_dag_step2_transform.py
[2026-04-14T14:08:20.956+0900] {processor.py:914} INFO - Processing file /opt/airflow/dags/06_multi_dag_step2_transform.py for tasks to queue
[2026-04-14T14:08:20.958+0900] {logging_mixin.py:190} INFO - [2026-04-14T14:08:20.958+0900] {dagbag.py:587} INFO - Filling up the DagBag from /opt/airflow/dags/06_multi_dag_step2_transform.py
[2026-04-14T14:08:21.173+0900] {processor.py:925} INFO - DAG(s) '06_multi_dag_step2_transform' retrieved from /opt/airflow/dags/06_multi_dag_step2_transform.py
[2026-04-14T14:08:21.195+0900] {logging_mixin.py:190} INFO - [2026-04-14T14:08:21.195+0900] {dag.py:3211} INFO - Sync 1 DAGs
[2026-04-14T14:08:21.212+0900] {logging_mixin.py:190} INFO - [2026-04-14T14:08:21.211+0900] {dag.py:4138} INFO - Setting next_dagrun for 06_multi_dag_step2_transform to None, run_after=None
[2026-04-14T14:08:21.233+0900] {processor.py:208} INFO - Processing /opt/airflow/dags/06_multi_dag_step2_transform.py took 0.282 seconds
[2026-04-14T14:08:51.927+0900] {processor.py:186} INFO - Started process (PID=870) to work on /opt/airflow/dags/06_multi_dag_step2_transform.py
[2026-04-14T14:08:51.928+0900] {processor.py:914} INFO - Processing file /opt/airflow/dags/06_multi_dag_step2_transform.py for tasks to queue
[2026-04-14T14:08:51.930+0900] {logging_mixin.py:190} INFO - [2026-04-14T14:08:51.930+0900] {dagbag.py:587} INFO - Filling up the DagBag from /opt/airflow/dags/06_multi_dag_step2_transform.py
[2026-04-14T14:08:52.161+0900] {processor.py:925} INFO - DAG(s) '06_multi_dag_step2_transform' retrieved from /opt/airflow/dags/06_multi_dag_step2_transform.py
[2026-04-14T14:08:52.183+0900] {logging_mixin.py:190} INFO - [2026-04-14T14:08:52.182+0900] {dag.py:3211} INFO - Sync 1 DAGs
[2026-04-14T14:08:52.199+0900] {logging_mixin.py:190} INFO - [2026-04-14T14:08:52.199+0900] {dag.py:4138} INFO - Setting next_dagrun for 06_multi_dag_step2_transform to None, run_after=None
[2026-04-14T14:08:52.220+0900] {processor.py:208} INFO - Processing /opt/airflow/dags/06_multi_dag_step2_transform.py took 0.299 seconds
[2026-04-14T14:09:22.340+0900] {processor.py:186} INFO - Started process (PID=889) to work on /opt/airflow/dags/06_multi_dag_step2_transform.py
[2026-04-14T14:09:22.341+0900] {processor.py:914} INFO - Processing file /opt/airflow/dags/06_multi_dag_step2_transform.py for tasks to queue
[2026-04-14T14:09:22.343+0900] {logging_mixin.py:190} INFO - [2026-04-14T14:09:22.343+0900] {dagbag.py:587} INFO - Filling up the DagBag from /opt/airflow/dags/06_multi_dag_step2_transform.py
[2026-04-14T14:09:22.570+0900] {processor.py:925} INFO - DAG(s) '06_multi_dag_step2_transform' retrieved from /opt/airflow/dags/06_multi_dag_step2_transform.py
[2026-04-14T14:09:22.591+0900] {logging_mixin.py:190} INFO - [2026-04-14T14:09:22.591+0900] {dag.py:3211} INFO - Sync 1 DAGs
[2026-04-14T14:09:22.608+0900] {logging_mixin.py:190} INFO - [2026-04-14T14:09:22.608+0900] {dag.py:4138} INFO - Setting next_dagrun for 06_multi_dag_step2_transform to None, run_after=None
[2026-04-14T14:09:22.632+0900] {processor.py:208} INFO - Processing /opt/airflow/dags/06_multi_dag_step2_transform.py took 0.297 seconds
[2026-04-14T14:09:52.766+0900] {processor.py:186} INFO - Started process (PID=908) to work on /opt/airflow/dags/06_multi_dag_step2_transform.py
[2026-04-14T14:09:52.767+0900] {processor.py:914} INFO - Processing file /opt/airflow/dags/06_multi_dag_step2_transform.py for tasks to queue
[2026-04-14T14:09:52.769+0900] {logging_mixin.py:190} INFO - [2026-04-14T14:09:52.769+0900] {dagbag.py:587} INFO - Filling up the DagBag from /opt/airflow/dags/06_multi_dag_step2_transform.py
[2026-04-14T14:09:53.015+0900] {processor.py:925} INFO - DAG(s) '06_multi_dag_step2_transform' retrieved from /opt/airflow/dags/06_multi_dag_step2_transform.py
[2026-04-14T14:09:53.038+0900] {logging_mixin.py:190} INFO - [2026-04-14T14:09:53.038+0900] {dag.py:3211} INFO - Sync 1 DAGs
[2026-04-14T14:09:53.056+0900] {logging_mixin.py:190} INFO - [2026-04-14T14:09:53.056+0900] {dag.py:4138} INFO - Setting next_dagrun for 06_multi_dag_step2_transform to None, run_after=None
[2026-04-14T14:09:53.075+0900] {processor.py:208} INFO - Processing /opt/airflow/dags/06_multi_dag_step2_transform.py took 0.314 seconds
[2026-04-14T14:10:23.203+0900] {processor.py:186} INFO - Started process (PID=927) to work on /opt/airflow/dags/06_multi_dag_step2_transform.py
[2026-04-14T14:10:23.204+0900] {processor.py:914} INFO - Processing file /opt/airflow/dags/06_multi_dag_step2_transform.py for tasks to queue
[2026-04-14T14:10:23.206+0900] {logging_mixin.py:190} INFO - [2026-04-14T14:10:23.206+0900] {dagbag.py:587} INFO - Filling up the DagBag from /opt/airflow/dags/06_multi_dag_step2_transform.py
[2026-04-14T14:10:23.458+0900] {processor.py:925} INFO - DAG(s) '06_multi_dag_step2_transform' retrieved from /opt/airflow/dags/06_multi_dag_step2_transform.py
[2026-04-14T14:10:23.481+0900] {logging_mixin.py:190} INFO - [2026-04-14T14:10:23.480+0900] {dag.py:3211} INFO - Sync 1 DAGs
[2026-04-14T14:10:23.499+0900] {logging_mixin.py:190} INFO - [2026-04-14T14:10:23.499+0900] {dag.py:4138} INFO - Setting next_dagrun for 06_multi_dag_step2_transform to None, run_after=None
[2026-04-14T14:10:23.520+0900] {processor.py:208} INFO - Processing /opt/airflow/dags/06_multi_dag_step2_transform.py took 0.322 seconds
[2026-04-14T14:10:53.620+0900] {processor.py:186} INFO - Started process (PID=945) to work on /opt/airflow/dags/06_multi_dag_step2_transform.py
[2026-04-14T14:10:53.621+0900] {processor.py:914} INFO - Processing file /opt/airflow/dags/06_multi_dag_step2_transform.py for tasks to queue
[2026-04-14T14:10:53.623+0900] {logging_mixin.py:190} INFO - [2026-04-14T14:10:53.623+0900] {dagbag.py:587} INFO - Filling up the DagBag from /opt/airflow/dags/06_multi_dag_step2_transform.py
[2026-04-14T14:10:53.856+0900] {processor.py:925} INFO - DAG(s) '06_multi_dag_step2_transform' retrieved from /opt/airflow/dags/06_multi_dag_step2_transform.py
[2026-04-14T14:10:53.877+0900] {logging_mixin.py:190} INFO - [2026-04-14T14:10:53.877+0900] {dag.py:3211} INFO - Sync 1 DAGs
[2026-04-14T14:10:53.894+0900] {logging_mixin.py:190} INFO - [2026-04-14T14:10:53.894+0900] {dag.py:4138} INFO - Setting next_dagrun for 06_multi_dag_step2_transform to None, run_after=None
[2026-04-14T14:10:53.920+0900] {processor.py:208} INFO - Processing /opt/airflow/dags/06_multi_dag_step2_transform.py took 0.305 seconds
[2026-04-14T14:11:24.114+0900] {processor.py:186} INFO - Started process (PID=964) to work on /opt/airflow/dags/06_multi_dag_step2_transform.py
[2026-04-14T14:11:24.115+0900] {processor.py:914} INFO - Processing file /opt/airflow/dags/06_multi_dag_step2_transform.py for tasks to queue
[2026-04-14T14:11:24.117+0900] {logging_mixin.py:190} INFO - [2026-04-14T14:11:24.116+0900] {dagbag.py:587} INFO - Filling up the DagBag from /opt/airflow/dags/06_multi_dag_step2_transform.py
[2026-04-14T14:11:24.340+0900] {processor.py:925} INFO - DAG(s) '06_multi_dag_step2_transform' retrieved from /opt/airflow/dags/06_multi_dag_step2_transform.py
[2026-04-14T14:11:24.362+0900] {logging_mixin.py:190} INFO - [2026-04-14T14:11:24.361+0900] {dag.py:3211} INFO - Sync 1 DAGs
[2026-04-14T14:11:24.379+0900] {logging_mixin.py:190} INFO - [2026-04-14T14:11:24.379+0900] {dag.py:4138} INFO - Setting next_dagrun for 06_multi_dag_step2_transform to None, run_after=None
[2026-04-14T14:11:24.396+0900] {processor.py:208} INFO - Processing /opt/airflow/dags/06_multi_dag_step2_transform.py took 0.288 seconds
[2026-04-14T14:11:55.006+0900] {processor.py:186} INFO - Started process (PID=983) to work on /opt/airflow/dags/06_multi_dag_step2_transform.py
[2026-04-14T14:11:55.007+0900] {processor.py:914} INFO - Processing file /opt/airflow/dags/06_multi_dag_step2_transform.py for tasks to queue
[2026-04-14T14:11:55.009+0900] {logging_mixin.py:190} INFO - [2026-04-14T14:11:55.009+0900] {dagbag.py:587} INFO - Filling up the DagBag from /opt/airflow/dags/06_multi_dag_step2_transform.py
[2026-04-14T14:11:55.230+0900] {processor.py:925} INFO - DAG(s) '06_multi_dag_step2_transform' retrieved from /opt/airflow/dags/06_multi_dag_step2_transform.py
[2026-04-14T14:11:55.252+0900] {logging_mixin.py:190} INFO - [2026-04-14T14:11:55.252+0900] {dag.py:3211} INFO - Sync 1 DAGs
[2026-04-14T14:11:55.269+0900] {logging_mixin.py:190} INFO - [2026-04-14T14:11:55.269+0900] {dag.py:4138} INFO - Setting next_dagrun for 06_multi_dag_step2_transform to None, run_after=None
[2026-04-14T14:11:55.287+0900] {processor.py:208} INFO - Processing /opt/airflow/dags/06_multi_dag_step2_transform.py took 0.286 seconds
[2026-04-14T14:12:25.409+0900] {processor.py:186} INFO - Started process (PID=1002) to work on /opt/airflow/dags/06_multi_dag_step2_transform.py
[2026-04-14T14:12:25.410+0900] {processor.py:914} INFO - Processing file /opt/airflow/dags/06_multi_dag_step2_transform.py for tasks to queue
[2026-04-14T14:12:25.412+0900] {logging_mixin.py:190} INFO - [2026-04-14T14:12:25.412+0900] {dagbag.py:587} INFO - Filling up the DagBag from /opt/airflow/dags/06_multi_dag_step2_transform.py
[2026-04-14T14:12:25.622+0900] {processor.py:925} INFO - DAG(s) '06_multi_dag_step2_transform' retrieved from /opt/airflow/dags/06_multi_dag_step2_transform.py
[2026-04-14T14:12:25.643+0900] {logging_mixin.py:190} INFO - [2026-04-14T14:12:25.643+0900] {dag.py:3211} INFO - Sync 1 DAGs
[2026-04-14T14:12:25.660+0900] {logging_mixin.py:190} INFO - [2026-04-14T14:12:25.660+0900] {dag.py:4138} INFO - Setting next_dagrun for 06_multi_dag_step2_transform to None, run_after=None
[2026-04-14T14:12:25.680+0900] {processor.py:208} INFO - Processing /opt/airflow/dags/06_multi_dag_step2_transform.py took 0.275 seconds
[2026-04-14T14:12:55.946+0900] {processor.py:186} INFO - Started process (PID=1021) to work on /opt/airflow/dags/06_multi_dag_step2_transform.py
[2026-04-14T14:12:55.947+0900] {processor.py:914} INFO - Processing file /opt/airflow/dags/06_multi_dag_step2_transform.py for tasks to queue
[2026-04-14T14:12:55.950+0900] {logging_mixin.py:190} INFO - [2026-04-14T14:12:55.949+0900] {dagbag.py:587} INFO - Filling up the DagBag from /opt/airflow/dags/06_multi_dag_step2_transform.py
[2026-04-14T14:12:56.182+0900] {processor.py:925} INFO - DAG(s) '06_multi_dag_step2_transform' retrieved from /opt/airflow/dags/06_multi_dag_step2_transform.py
[2026-04-14T14:12:56.201+0900] {logging_mixin.py:190} INFO - [2026-04-14T14:12:56.200+0900] {dag.py:3211} INFO - Sync 1 DAGs
[2026-04-14T14:12:56.218+0900] {logging_mixin.py:190} INFO - [2026-04-14T14:12:56.217+0900] {dag.py:4138} INFO - Setting next_dagrun for 06_multi_dag_step2_transform to None, run_after=None
[2026-04-14T14:12:56.236+0900] {processor.py:208} INFO - Processing /opt/airflow/dags/06_multi_dag_step2_transform.py took 0.294 seconds
[2026-04-14T14:13:26.861+0900] {processor.py:186} INFO - Started process (PID=1039) to work on /opt/airflow/dags/06_multi_dag_step2_transform.py
[2026-04-14T14:13:26.862+0900] {processor.py:914} INFO - Processing file /opt/airflow/dags/06_multi_dag_step2_transform.py for tasks to queue
[2026-04-14T14:13:26.864+0900] {logging_mixin.py:190} INFO - [2026-04-14T14:13:26.864+0900] {dagbag.py:587} INFO - Filling up the DagBag from /opt/airflow/dags/06_multi_dag_step2_transform.py
[2026-04-14T14:13:27.079+0900] {processor.py:925} INFO - DAG(s) '06_multi_dag_step2_transform' retrieved from /opt/airflow/dags/06_multi_dag_step2_transform.py
[2026-04-14T14:13:27.098+0900] {logging_mixin.py:190} INFO - [2026-04-14T14:13:27.098+0900] {dag.py:3211} INFO - Sync 1 DAGs
[2026-04-14T14:13:27.114+0900] {logging_mixin.py:190} INFO - [2026-04-14T14:13:27.114+0900] {dag.py:4138} INFO - Setting next_dagrun for 06_multi_dag_step2_transform to None, run_after=None
[2026-04-14T14:13:27.135+0900] {processor.py:208} INFO - Processing /opt/airflow/dags/06_multi_dag_step2_transform.py took 0.279 seconds
[2026-04-14T14:13:58.020+0900] {processor.py:186} INFO - Started process (PID=1058) to work on /opt/airflow/dags/06_multi_dag_step2_transform.py
[2026-04-14T14:13:58.021+0900] {processor.py:914} INFO - Processing file /opt/airflow/dags/06_multi_dag_step2_transform.py for tasks to queue
[2026-04-14T14:13:58.023+0900] {logging_mixin.py:190} INFO - [2026-04-14T14:13:58.023+0900] {dagbag.py:587} INFO - Filling up the DagBag from /opt/airflow/dags/06_multi_dag_step2_transform.py
[2026-04-14T14:13:58.238+0900] {processor.py:925} INFO - DAG(s) '06_multi_dag_step2_transform' retrieved from /opt/airflow/dags/06_multi_dag_step2_transform.py
[2026-04-14T14:13:58.256+0900] {logging_mixin.py:190} INFO - [2026-04-14T14:13:58.256+0900] {dag.py:3211} INFO - Sync 1 DAGs
[2026-04-14T14:13:58.270+0900] {logging_mixin.py:190} INFO - [2026-04-14T14:13:58.270+0900] {dag.py:4138} INFO - Setting next_dagrun for 06_multi_dag_step2_transform to None, run_after=None
[2026-04-14T14:13:58.292+0900] {processor.py:208} INFO - Processing /opt/airflow/dags/06_multi_dag_step2_transform.py took 0.277 seconds
[2026-04-14T14:14:29.219+0900] {processor.py:186} INFO - Started process (PID=1083) to work on /opt/airflow/dags/06_multi_dag_step2_transform.py
[2026-04-14T14:14:29.220+0900] {processor.py:914} INFO - Processing file /opt/airflow/dags/06_multi_dag_step2_transform.py for tasks to queue
[2026-04-14T14:14:29.222+0900] {logging_mixin.py:190} INFO - [2026-04-14T14:14:29.222+0900] {dagbag.py:587} INFO - Filling up the DagBag from /opt/airflow/dags/06_multi_dag_step2_transform.py
[2026-04-14T14:14:29.445+0900] {processor.py:925} INFO - DAG(s) '06_multi_dag_step2_transform' retrieved from /opt/airflow/dags/06_multi_dag_step2_transform.py
[2026-04-14T14:14:29.463+0900] {logging_mixin.py:190} INFO - [2026-04-14T14:14:29.463+0900] {dag.py:3211} INFO - Sync 1 DAGs
[2026-04-14T14:14:29.479+0900] {logging_mixin.py:190} INFO - [2026-04-14T14:14:29.479+0900] {dag.py:4138} INFO - Setting next_dagrun for 06_multi_dag_step2_transform to None, run_after=None
[2026-04-14T14:14:29.502+0900] {processor.py:208} INFO - Processing /opt/airflow/dags/06_multi_dag_step2_transform.py took 0.288 seconds
[2026-04-14T14:15:00.396+0900] {processor.py:186} INFO - Started process (PID=1102) to work on /opt/airflow/dags/06_multi_dag_step2_transform.py
[2026-04-14T14:15:00.397+0900] {processor.py:914} INFO - Processing file /opt/airflow/dags/06_multi_dag_step2_transform.py for tasks to queue
[2026-04-14T14:15:00.399+0900] {logging_mixin.py:190} INFO - [2026-04-14T14:15:00.399+0900] {dagbag.py:587} INFO - Filling up the DagBag from /opt/airflow/dags/06_multi_dag_step2_transform.py
[2026-04-14T14:15:00.621+0900] {processor.py:925} INFO - DAG(s) '06_multi_dag_step2_transform' retrieved from /opt/airflow/dags/06_multi_dag_step2_transform.py
[2026-04-14T14:15:00.639+0900] {logging_mixin.py:190} INFO - [2026-04-14T14:15:00.639+0900] {dag.py:3211} INFO - Sync 1 DAGs
[2026-04-14T14:15:00.656+0900] {logging_mixin.py:190} INFO - [2026-04-14T14:15:00.656+0900] {dag.py:4138} INFO - Setting next_dagrun for 06_multi_dag_step2_transform to None, run_after=None
[2026-04-14T14:15:00.672+0900] {processor.py:208} INFO - Processing /opt/airflow/dags/06_multi_dag_step2_transform.py took 0.281 seconds
[2026-04-14T14:15:31.567+0900] {processor.py:186} INFO - Started process (PID=1121) to work on /opt/airflow/dags/06_multi_dag_step2_transform.py
[2026-04-14T14:15:31.568+0900] {processor.py:914} INFO - Processing file /opt/airflow/dags/06_multi_dag_step2_transform.py for tasks to queue
[2026-04-14T14:15:31.570+0900] {logging_mixin.py:190} INFO - [2026-04-14T14:15:31.570+0900] {dagbag.py:587} INFO - Filling up the DagBag from /opt/airflow/dags/06_multi_dag_step2_transform.py
[2026-04-14T14:15:31.822+0900] {processor.py:925} INFO - DAG(s) '06_multi_dag_step2_transform' retrieved from /opt/airflow/dags/06_multi_dag_step2_transform.py
[2026-04-14T14:15:31.842+0900] {logging_mixin.py:190} INFO - [2026-04-14T14:15:31.842+0900] {dag.py:3211} INFO - Sync 1 DAGs
[2026-04-14T14:15:31.862+0900] {logging_mixin.py:190} INFO - [2026-04-14T14:15:31.861+0900] {dag.py:4138} INFO - Setting next_dagrun for 06_multi_dag_step2_transform to None, run_after=None
[2026-04-14T14:15:31.883+0900] {processor.py:208} INFO - Processing /opt/airflow/dags/06_multi_dag_step2_transform.py took 0.320 seconds
[2026-04-14T14:16:02.773+0900] {processor.py:186} INFO - Started process (PID=1140) to work on /opt/airflow/dags/06_multi_dag_step2_transform.py
[2026-04-14T14:16:02.774+0900] {processor.py:914} INFO - Processing file /opt/airflow/dags/06_multi_dag_step2_transform.py for tasks to queue
[2026-04-14T14:16:02.776+0900] {logging_mixin.py:190} INFO - [2026-04-14T14:16:02.776+0900] {dagbag.py:587} INFO - Filling up the DagBag from /opt/airflow/dags/06_multi_dag_step2_transform.py
[2026-04-14T14:16:02.995+0900] {processor.py:925} INFO - DAG(s) '06_multi_dag_step2_transform' retrieved from /opt/airflow/dags/06_multi_dag_step2_transform.py
[2026-04-14T14:16:03.014+0900] {logging_mixin.py:190} INFO - [2026-04-14T14:16:03.013+0900] {dag.py:3211} INFO - Sync 1 DAGs
[2026-04-14T14:16:03.030+0900] {logging_mixin.py:190} INFO - [2026-04-14T14:16:03.030+0900] {dag.py:4138} INFO - Setting next_dagrun for 06_multi_dag_step2_transform to None, run_after=None
[2026-04-14T14:16:03.049+0900] {processor.py:208} INFO - Processing /opt/airflow/dags/06_multi_dag_step2_transform.py took 0.280 seconds
[2026-04-14T14:16:33.994+0900] {processor.py:186} INFO - Started process (PID=1159) to work on /opt/airflow/dags/06_multi_dag_step2_transform.py
[2026-04-14T14:16:33.995+0900] {processor.py:914} INFO - Processing file /opt/airflow/dags/06_multi_dag_step2_transform.py for tasks to queue
[2026-04-14T14:16:33.997+0900] {logging_mixin.py:190} INFO - [2026-04-14T14:16:33.996+0900] {dagbag.py:587} INFO - Filling up the DagBag from /opt/airflow/dags/06_multi_dag_step2_transform.py
[2026-04-14T14:16:34.205+0900] {processor.py:925} INFO - DAG(s) '06_multi_dag_step2_transform' retrieved from /opt/airflow/dags/06_multi_dag_step2_transform.py
[2026-04-14T14:16:34.232+0900] {logging_mixin.py:190} INFO - [2026-04-14T14:16:34.232+0900] {dag.py:3211} INFO - Sync 1 DAGs
[2026-04-14T14:16:34.254+0900] {logging_mixin.py:190} INFO - [2026-04-14T14:16:34.253+0900] {dag.py:4138} INFO - Setting next_dagrun for 06_multi_dag_step2_transform to None, run_after=None
[2026-04-14T14:16:34.279+0900] {processor.py:208} INFO - Processing /opt/airflow/dags/06_multi_dag_step2_transform.py took 0.290 seconds
[2026-04-14T14:17:04.325+0900] {processor.py:186} INFO - Started process (PID=1177) to work on /opt/airflow/dags/06_multi_dag_step2_transform.py
[2026-04-14T14:17:04.326+0900] {processor.py:914} INFO - Processing file /opt/airflow/dags/06_multi_dag_step2_transform.py for tasks to queue
[2026-04-14T14:17:04.328+0900] {logging_mixin.py:190} INFO - [2026-04-14T14:17:04.328+0900] {dagbag.py:587} INFO - Filling up the DagBag from /opt/airflow/dags/06_multi_dag_step2_transform.py
[2026-04-14T14:17:04.622+0900] {processor.py:925} INFO - DAG(s) '06_multi_dag_step2_transform' retrieved from /opt/airflow/dags/06_multi_dag_step2_transform.py
[2026-04-14T14:17:04.644+0900] {logging_mixin.py:190} INFO - [2026-04-14T14:17:04.644+0900] {dag.py:3211} INFO - Sync 1 DAGs
[2026-04-14T14:17:04.661+0900] {logging_mixin.py:190} INFO - [2026-04-14T14:17:04.661+0900] {dag.py:4138} INFO - Setting next_dagrun for 06_multi_dag_step2_transform to None, run_after=None
[2026-04-14T14:17:04.681+0900] {processor.py:208} INFO - Processing /opt/airflow/dags/06_multi_dag_step2_transform.py took 0.361 seconds
[2026-04-14T14:17:34.794+0900] {processor.py:186} INFO - Started process (PID=1196) to work on /opt/airflow/dags/06_multi_dag_step2_transform.py
[2026-04-14T14:17:34.795+0900] {processor.py:914} INFO - Processing file /opt/airflow/dags/06_multi_dag_step2_transform.py for tasks to queue
[2026-04-14T14:17:34.797+0900] {logging_mixin.py:190} INFO - [2026-04-14T14:17:34.797+0900] {dagbag.py:587} INFO - Filling up the DagBag from /opt/airflow/dags/06_multi_dag_step2_transform.py
[2026-04-14T14:17:35.004+0900] {processor.py:925} INFO - DAG(s) '06_multi_dag_step2_transform' retrieved from /opt/airflow/dags/06_multi_dag_step2_transform.py
[2026-04-14T14:17:35.021+0900] {logging_mixin.py:190} INFO - [2026-04-14T14:17:35.021+0900] {dag.py:3211} INFO - Sync 1 DAGs
[2026-04-14T14:17:35.035+0900] {logging_mixin.py:190} INFO - [2026-04-14T14:17:35.035+0900] {dag.py:4138} INFO - Setting next_dagrun for 06_multi_dag_step2_transform to None, run_after=None
[2026-04-14T14:17:35.057+0900] {processor.py:208} INFO - Processing /opt/airflow/dags/06_multi_dag_step2_transform.py took 0.268 seconds
[2026-04-14T14:18:06.089+0900] {processor.py:186} INFO - Started process (PID=1216) to work on /opt/airflow/dags/06_multi_dag_step2_transform.py
[2026-04-14T14:18:06.090+0900] {processor.py:914} INFO - Processing file /opt/airflow/dags/06_multi_dag_step2_transform.py for tasks to queue
[2026-04-14T14:18:06.093+0900] {logging_mixin.py:190} INFO - [2026-04-14T14:18:06.092+0900] {dagbag.py:587} INFO - Filling up the DagBag from /opt/airflow/dags/06_multi_dag_step2_transform.py
[2026-04-14T14:18:06.315+0900] {processor.py:925} INFO - DAG(s) '06_multi_dag_step2_transform' retrieved from /opt/airflow/dags/06_multi_dag_step2_transform.py
[2026-04-14T14:18:06.333+0900] {logging_mixin.py:190} INFO - [2026-04-14T14:18:06.333+0900] {dag.py:3211} INFO - Sync 1 DAGs
[2026-04-14T14:18:06.350+0900] {logging_mixin.py:190} INFO - [2026-04-14T14:18:06.350+0900] {dag.py:4138} INFO - Setting next_dagrun for 06_multi_dag_step2_transform to None, run_after=None
[2026-04-14T14:18:06.373+0900] {processor.py:208} INFO - Processing /opt/airflow/dags/06_multi_dag_step2_transform.py took 0.290 seconds
[2026-04-14T14:18:36.417+0900] {processor.py:186} INFO - Started process (PID=1234) to work on /opt/airflow/dags/06_multi_dag_step2_transform.py
[2026-04-14T14:18:36.418+0900] {processor.py:914} INFO - Processing file /opt/airflow/dags/06_multi_dag_step2_transform.py for tasks to queue
[2026-04-14T14:18:36.420+0900] {logging_mixin.py:190} INFO - [2026-04-14T14:18:36.420+0900] {dagbag.py:587} INFO - Filling up the DagBag from /opt/airflow/dags/06_multi_dag_step2_transform.py
[2026-04-14T14:18:36.639+0900] {processor.py:925} INFO - DAG(s) '06_multi_dag_step2_transform' retrieved from /opt/airflow/dags/06_multi_dag_step2_transform.py
[2026-04-14T14:18:36.657+0900] {logging_mixin.py:190} INFO - [2026-04-14T14:18:36.656+0900] {dag.py:3211} INFO - Sync 1 DAGs
[2026-04-14T14:18:36.671+0900] {logging_mixin.py:190} INFO - [2026-04-14T14:18:36.670+0900] {dag.py:4138} INFO - Setting next_dagrun for 06_multi_dag_step2_transform to None, run_after=None
[2026-04-14T14:18:36.691+0900] {processor.py:208} INFO - Processing /opt/airflow/dags/06_multi_dag_step2_transform.py took 0.279 seconds
[2026-04-14T14:19:07.607+0900] {processor.py:186} INFO - Started process (PID=1254) to work on /opt/airflow/dags/06_multi_dag_step2_transform.py
[2026-04-14T14:19:07.608+0900] {processor.py:914} INFO - Processing file /opt/airflow/dags/06_multi_dag_step2_transform.py for tasks to queue
[2026-04-14T14:19:07.610+0900] {logging_mixin.py:190} INFO - [2026-04-14T14:19:07.610+0900] {dagbag.py:587} INFO - Filling up the DagBag from /opt/airflow/dags/06_multi_dag_step2_transform.py
[2026-04-14T14:19:07.858+0900] {processor.py:925} INFO - DAG(s) '06_multi_dag_step2_transform' retrieved from /opt/airflow/dags/06_multi_dag_step2_transform.py
[2026-04-14T14:19:07.879+0900] {logging_mixin.py:190} INFO - [2026-04-14T14:19:07.879+0900] {dag.py:3211} INFO - Sync 1 DAGs
[2026-04-14T14:19:07.896+0900] {logging_mixin.py:190} INFO - [2026-04-14T14:19:07.896+0900] {dag.py:4138} INFO - Setting next_dagrun for 06_multi_dag_step2_transform to None, run_after=None
[2026-04-14T14:19:07.916+0900] {processor.py:208} INFO - Processing /opt/airflow/dags/06_multi_dag_step2_transform.py took 0.314 seconds
[2026-04-14T14:19:37.984+0900] {processor.py:186} INFO - Started process (PID=1273) to work on /opt/airflow/dags/06_multi_dag_step2_transform.py
[2026-04-14T14:19:37.985+0900] {processor.py:914} INFO - Processing file /opt/airflow/dags/06_multi_dag_step2_transform.py for tasks to queue
[2026-04-14T14:19:37.988+0900] {logging_mixin.py:190} INFO - [2026-04-14T14:19:37.987+0900] {dagbag.py:587} INFO - Filling up the DagBag from /opt/airflow/dags/06_multi_dag_step2_transform.py
[2026-04-14T14:19:38.212+0900] {processor.py:925} INFO - DAG(s) '06_multi_dag_step2_transform' retrieved from /opt/airflow/dags/06_multi_dag_step2_transform.py
[2026-04-14T14:19:38.233+0900] {logging_mixin.py:190} INFO - [2026-04-14T14:19:38.233+0900] {dag.py:3211} INFO - Sync 1 DAGs
[2026-04-14T14:19:38.250+0900] {logging_mixin.py:190} INFO - [2026-04-14T14:19:38.250+0900] {dag.py:4138} INFO - Setting next_dagrun for 06_multi_dag_step2_transform to None, run_after=None
[2026-04-14T14:19:38.269+0900] {processor.py:208} INFO - Processing /opt/airflow/dags/06_multi_dag_step2_transform.py took 0.290 seconds
[2026-04-14T14:20:08.414+0900] {processor.py:186} INFO - Started process (PID=1292) to work on /opt/airflow/dags/06_multi_dag_step2_transform.py
[2026-04-14T14:20:08.415+0900] {processor.py:914} INFO - Processing file /opt/airflow/dags/06_multi_dag_step2_transform.py for tasks to queue
[2026-04-14T14:20:08.418+0900] {logging_mixin.py:190} INFO - [2026-04-14T14:20:08.417+0900] {dagbag.py:587} INFO - Filling up the DagBag from /opt/airflow/dags/06_multi_dag_step2_transform.py
[2026-04-14T14:20:08.665+0900] {processor.py:925} INFO - DAG(s) '06_multi_dag_step2_transform' retrieved from /opt/airflow/dags/06_multi_dag_step2_transform.py
[2026-04-14T14:20:08.684+0900] {logging_mixin.py:190} INFO - [2026-04-14T14:20:08.684+0900] {dag.py:3211} INFO - Sync 1 DAGs
[2026-04-14T14:20:08.702+0900] {logging_mixin.py:190} INFO - [2026-04-14T14:20:08.702+0900] {dag.py:4138} INFO - Setting next_dagrun for 06_multi_dag_step2_transform to None, run_after=None
[2026-04-14T14:20:08.722+0900] {processor.py:208} INFO - Processing /opt/airflow/dags/06_multi_dag_step2_transform.py took 0.313 seconds
[2026-04-14T14:20:39.693+0900] {processor.py:186} INFO - Started process (PID=1311) to work on /opt/airflow/dags/06_multi_dag_step2_transform.py
[2026-04-14T14:20:39.694+0900] {processor.py:914} INFO - Processing file /opt/airflow/dags/06_multi_dag_step2_transform.py for tasks to queue
[2026-04-14T14:20:39.696+0900] {logging_mixin.py:190} INFO - [2026-04-14T14:20:39.696+0900] {dagbag.py:587} INFO - Filling up the DagBag from /opt/airflow/dags/06_multi_dag_step2_transform.py
[2026-04-14T14:20:39.922+0900] {processor.py:925} INFO - DAG(s) '06_multi_dag_step2_transform' retrieved from /opt/airflow/dags/06_multi_dag_step2_transform.py
[2026-04-14T14:20:39.941+0900] {logging_mixin.py:190} INFO - [2026-04-14T14:20:39.941+0900] {dag.py:3211} INFO - Sync 1 DAGs
[2026-04-14T14:20:39.959+0900] {logging_mixin.py:190} INFO - [2026-04-14T14:20:39.959+0900] {dag.py:4138} INFO - Setting next_dagrun for 06_multi_dag_step2_transform to None, run_after=None
[2026-04-14T14:20:39.982+0900] {processor.py:208} INFO - Processing /opt/airflow/dags/06_multi_dag_step2_transform.py took 0.294 seconds
[2026-04-14T14:21:10.045+0900] {processor.py:186} INFO - Started process (PID=1330) to work on /opt/airflow/dags/06_multi_dag_step2_transform.py
[2026-04-14T14:21:10.046+0900] {processor.py:914} INFO - Processing file /opt/airflow/dags/06_multi_dag_step2_transform.py for tasks to queue
[2026-04-14T14:21:10.049+0900] {logging_mixin.py:190} INFO - [2026-04-14T14:21:10.049+0900] {dagbag.py:587} INFO - Filling up the DagBag from /opt/airflow/dags/06_multi_dag_step2_transform.py
[2026-04-14T14:21:10.289+0900] {processor.py:925} INFO - DAG(s) '06_multi_dag_step2_transform' retrieved from /opt/airflow/dags/06_multi_dag_step2_transform.py
[2026-04-14T14:21:10.311+0900] {logging_mixin.py:190} INFO - [2026-04-14T14:21:10.311+0900] {dag.py:3211} INFO - Sync 1 DAGs
[2026-04-14T14:21:10.327+0900] {logging_mixin.py:190} INFO - [2026-04-14T14:21:10.327+0900] {dag.py:4138} INFO - Setting next_dagrun for 06_multi_dag_step2_transform to None, run_after=None
[2026-04-14T14:21:10.352+0900] {processor.py:208} INFO - Processing /opt/airflow/dags/06_multi_dag_step2_transform.py took 0.312 seconds
[2026-04-14T14:21:40.439+0900] {processor.py:186} INFO - Started process (PID=1349) to work on /opt/airflow/dags/06_multi_dag_step2_transform.py
[2026-04-14T14:21:40.440+0900] {processor.py:914} INFO - Processing file /opt/airflow/dags/06_multi_dag_step2_transform.py for tasks to queue
[2026-04-14T14:21:40.442+0900] {logging_mixin.py:190} INFO - [2026-04-14T14:21:40.442+0900] {dagbag.py:587} INFO - Filling up the DagBag from /opt/airflow/dags/06_multi_dag_step2_transform.py
[2026-04-14T14:21:40.670+0900] {processor.py:925} INFO - DAG(s) '06_multi_dag_step2_transform' retrieved from /opt/airflow/dags/06_multi_dag_step2_transform.py
[2026-04-14T14:21:40.688+0900] {logging_mixin.py:190} INFO - [2026-04-14T14:21:40.688+0900] {dag.py:3211} INFO - Sync 1 DAGs
[2026-04-14T14:21:40.704+0900] {logging_mixin.py:190} INFO - [2026-04-14T14:21:40.704+0900] {dag.py:4138} INFO - Setting next_dagrun for 06_multi_dag_step2_transform to None, run_after=None
[2026-04-14T14:21:40.723+0900] {processor.py:208} INFO - Processing /opt/airflow/dags/06_multi_dag_step2_transform.py took 0.289 seconds
[2026-04-14T14:22:10.828+0900] {processor.py:186} INFO - Started process (PID=1368) to work on /opt/airflow/dags/06_multi_dag_step2_transform.py
[2026-04-14T14:22:10.829+0900] {processor.py:914} INFO - Processing file /opt/airflow/dags/06_multi_dag_step2_transform.py for tasks to queue
[2026-04-14T14:22:10.832+0900] {logging_mixin.py:190} INFO - [2026-04-14T14:22:10.832+0900] {dagbag.py:587} INFO - Filling up the DagBag from /opt/airflow/dags/06_multi_dag_step2_transform.py
[2026-04-14T14:22:11.058+0900] {processor.py:925} INFO - DAG(s) '06_multi_dag_step2_transform' retrieved from /opt/airflow/dags/06_multi_dag_step2_transform.py
[2026-04-14T14:22:11.078+0900] {logging_mixin.py:190} INFO - [2026-04-14T14:22:11.078+0900] {dag.py:3211} INFO - Sync 1 DAGs
[2026-04-14T14:22:11.096+0900] {logging_mixin.py:190} INFO - [2026-04-14T14:22:11.096+0900] {dag.py:4138} INFO - Setting next_dagrun for 06_multi_dag_step2_transform to None, run_after=None
[2026-04-14T14:22:11.116+0900] {processor.py:208} INFO - Processing /opt/airflow/dags/06_multi_dag_step2_transform.py took 0.292 seconds
[2026-04-14T14:22:41.228+0900] {processor.py:186} INFO - Started process (PID=1387) to work on /opt/airflow/dags/06_multi_dag_step2_transform.py
[2026-04-14T14:22:41.229+0900] {processor.py:914} INFO - Processing file /opt/airflow/dags/06_multi_dag_step2_transform.py for tasks to queue
[2026-04-14T14:22:41.231+0900] {logging_mixin.py:190} INFO - [2026-04-14T14:22:41.231+0900] {dagbag.py:587} INFO - Filling up the DagBag from /opt/airflow/dags/06_multi_dag_step2_transform.py
[2026-04-14T14:22:41.458+0900] {processor.py:925} INFO - DAG(s) '06_multi_dag_step2_transform' retrieved from /opt/airflow/dags/06_multi_dag_step2_transform.py
[2026-04-14T14:22:41.480+0900] {logging_mixin.py:190} INFO - [2026-04-14T14:22:41.480+0900] {dag.py:3211} INFO - Sync 1 DAGs
[2026-04-14T14:22:41.500+0900] {logging_mixin.py:190} INFO - [2026-04-14T14:22:41.500+0900] {dag.py:4138} INFO - Setting next_dagrun for 06_multi_dag_step2_transform to None, run_after=None
[2026-04-14T14:22:41.520+0900] {processor.py:208} INFO - Processing /opt/airflow/dags/06_multi_dag_step2_transform.py took 0.297 seconds
[2026-04-14T14:23:11.880+0900] {processor.py:186} INFO - Started process (PID=1406) to work on /opt/airflow/dags/06_multi_dag_step2_transform.py
[2026-04-14T14:23:11.881+0900] {processor.py:914} INFO - Processing file /opt/airflow/dags/06_multi_dag_step2_transform.py for tasks to queue
[2026-04-14T14:23:11.883+0900] {logging_mixin.py:190} INFO - [2026-04-14T14:23:11.883+0900] {dagbag.py:587} INFO - Filling up the DagBag from /opt/airflow/dags/06_multi_dag_step2_transform.py
[2026-04-14T14:23:12.099+0900] {processor.py:925} INFO - DAG(s) '06_multi_dag_step2_transform' retrieved from /opt/airflow/dags/06_multi_dag_step2_transform.py
[2026-04-14T14:23:12.120+0900] {logging_mixin.py:190} INFO - [2026-04-14T14:23:12.120+0900] {dag.py:3211} INFO - Sync 1 DAGs
[2026-04-14T14:23:12.137+0900] {logging_mixin.py:190} INFO - [2026-04-14T14:23:12.137+0900] {dag.py:4138} INFO - Setting next_dagrun for 06_multi_dag_step2_transform to None, run_after=None
[2026-04-14T14:23:12.155+0900] {processor.py:208} INFO - Processing /opt/airflow/dags/06_multi_dag_step2_transform.py took 0.279 seconds
[2026-04-14T14:23:43.095+0900] {processor.py:186} INFO - Started process (PID=1425) to work on /opt/airflow/dags/06_multi_dag_step2_transform.py
[2026-04-14T14:23:43.096+0900] {processor.py:914} INFO - Processing file /opt/airflow/dags/06_multi_dag_step2_transform.py for tasks to queue
[2026-04-14T14:23:43.098+0900] {logging_mixin.py:190} INFO - [2026-04-14T14:23:43.098+0900] {dagbag.py:587} INFO - Filling up the DagBag from /opt/airflow/dags/06_multi_dag_step2_transform.py
[2026-04-14T14:23:43.328+0900] {processor.py:925} INFO - DAG(s) '06_multi_dag_step2_transform' retrieved from /opt/airflow/dags/06_multi_dag_step2_transform.py
[2026-04-14T14:23:43.350+0900] {logging_mixin.py:190} INFO - [2026-04-14T14:23:43.350+0900] {dag.py:3211} INFO - Sync 1 DAGs
[2026-04-14T14:23:43.366+0900] {logging_mixin.py:190} INFO - [2026-04-14T14:23:43.366+0900] {dag.py:4138} INFO - Setting next_dagrun for 06_multi_dag_step2_transform to None, run_after=None
[2026-04-14T14:23:43.393+0900] {processor.py:208} INFO - Processing /opt/airflow/dags/06_multi_dag_step2_transform.py took 0.303 seconds
[2026-04-14T14:24:13.480+0900] {processor.py:186} INFO - Started process (PID=1444) to work on /opt/airflow/dags/06_multi_dag_step2_transform.py
[2026-04-14T14:24:13.481+0900] {processor.py:914} INFO - Processing file /opt/airflow/dags/06_multi_dag_step2_transform.py for tasks to queue
[2026-04-14T14:24:13.483+0900] {logging_mixin.py:190} INFO - [2026-04-14T14:24:13.483+0900] {dagbag.py:587} INFO - Filling up the DagBag from /opt/airflow/dags/06_multi_dag_step2_transform.py
[2026-04-14T14:24:13.705+0900] {processor.py:925} INFO - DAG(s) '06_multi_dag_step2_transform' retrieved from /opt/airflow/dags/06_multi_dag_step2_transform.py
[2026-04-14T14:24:13.730+0900] {logging_mixin.py:190} INFO - [2026-04-14T14:24:13.730+0900] {dag.py:3211} INFO - Sync 1 DAGs
[2026-04-14T14:24:13.749+0900] {logging_mixin.py:190} INFO - [2026-04-14T14:24:13.749+0900] {dag.py:4138} INFO - Setting next_dagrun for 06_multi_dag_step2_transform to None, run_after=None
[2026-04-14T14:24:13.775+0900] {processor.py:208} INFO - Processing /opt/airflow/dags/06_multi_dag_step2_transform.py took 0.300 seconds
[2026-04-14T14:24:44.680+0900] {processor.py:186} INFO - Started process (PID=1462) to work on /opt/airflow/dags/06_multi_dag_step2_transform.py
[2026-04-14T14:24:44.681+0900] {processor.py:914} INFO - Processing file /opt/airflow/dags/06_multi_dag_step2_transform.py for tasks to queue
[2026-04-14T14:24:44.683+0900] {logging_mixin.py:190} INFO - [2026-04-14T14:24:44.683+0900] {dagbag.py:587} INFO - Filling up the DagBag from /opt/airflow/dags/06_multi_dag_step2_transform.py
[2026-04-14T14:24:44.896+0900] {processor.py:925} INFO - DAG(s) '06_multi_dag_step2_transform' retrieved from /opt/airflow/dags/06_multi_dag_step2_transform.py
[2026-04-14T14:24:44.916+0900] {logging_mixin.py:190} INFO - [2026-04-14T14:24:44.915+0900] {dag.py:3211} INFO - Sync 1 DAGs
[2026-04-14T14:24:44.932+0900] {logging_mixin.py:190} INFO - [2026-04-14T14:24:44.932+0900] {dag.py:4138} INFO - Setting next_dagrun for 06_multi_dag_step2_transform to None, run_after=None
[2026-04-14T14:24:44.951+0900] {processor.py:208} INFO - Processing /opt/airflow/dags/06_multi_dag_step2_transform.py took 0.276 seconds
[2026-04-14T14:25:15.052+0900] {processor.py:186} INFO - Started process (PID=1481) to work on /opt/airflow/dags/06_multi_dag_step2_transform.py
[2026-04-14T14:25:15.053+0900] {processor.py:914} INFO - Processing file /opt/airflow/dags/06_multi_dag_step2_transform.py for tasks to queue
[2026-04-14T14:25:15.056+0900] {logging_mixin.py:190} INFO - [2026-04-14T14:25:15.056+0900] {dagbag.py:587} INFO - Filling up the DagBag from /opt/airflow/dags/06_multi_dag_step2_transform.py
[2026-04-14T14:25:15.277+0900] {processor.py:925} INFO - DAG(s) '06_multi_dag_step2_transform' retrieved from /opt/airflow/dags/06_multi_dag_step2_transform.py
[2026-04-14T14:25:15.297+0900] {logging_mixin.py:190} INFO - [2026-04-14T14:25:15.297+0900] {dag.py:3211} INFO - Sync 1 DAGs
[2026-04-14T14:25:15.313+0900] {logging_mixin.py:190} INFO - [2026-04-14T14:25:15.313+0900] {dag.py:4138} INFO - Setting next_dagrun for 06_multi_dag_step2_transform to None, run_after=None
[2026-04-14T14:25:15.335+0900] {processor.py:208} INFO - Processing /opt/airflow/dags/06_multi_dag_step2_transform.py took 0.287 seconds
[2026-04-14T14:25:45.494+0900] {processor.py:186} INFO - Started process (PID=1501) to work on /opt/airflow/dags/06_multi_dag_step2_transform.py
[2026-04-14T14:25:45.495+0900] {processor.py:914} INFO - Processing file /opt/airflow/dags/06_multi_dag_step2_transform.py for tasks to queue
[2026-04-14T14:25:45.498+0900] {logging_mixin.py:190} INFO - [2026-04-14T14:25:45.498+0900] {dagbag.py:587} INFO - Filling up the DagBag from /opt/airflow/dags/06_multi_dag_step2_transform.py
[2026-04-14T14:25:45.738+0900] {processor.py:925} INFO - DAG(s) '06_multi_dag_step2_transform' retrieved from /opt/airflow/dags/06_multi_dag_step2_transform.py
[2026-04-14T14:25:45.757+0900] {logging_mixin.py:190} INFO - [2026-04-14T14:25:45.756+0900] {dag.py:3211} INFO - Sync 1 DAGs
[2026-04-14T14:25:45.772+0900] {logging_mixin.py:190} INFO - [2026-04-14T14:25:45.772+0900] {dag.py:4138} INFO - Setting next_dagrun for 06_multi_dag_step2_transform to None, run_after=None
[2026-04-14T14:25:45.792+0900] {processor.py:208} INFO - Processing /opt/airflow/dags/06_multi_dag_step2_transform.py took 0.302 seconds
[2026-04-14T14:26:15.882+0900] {processor.py:186} INFO - Started process (PID=1520) to work on /opt/airflow/dags/06_multi_dag_step2_transform.py
[2026-04-14T14:26:15.884+0900] {processor.py:914} INFO - Processing file /opt/airflow/dags/06_multi_dag_step2_transform.py for tasks to queue
[2026-04-14T14:26:15.887+0900] {logging_mixin.py:190} INFO - [2026-04-14T14:26:15.886+0900] {dagbag.py:587} INFO - Filling up the DagBag from /opt/airflow/dags/06_multi_dag_step2_transform.py
[2026-04-14T14:26:16.146+0900] {processor.py:925} INFO - DAG(s) '06_multi_dag_step2_transform' retrieved from /opt/airflow/dags/06_multi_dag_step2_transform.py
[2026-04-14T14:26:16.163+0900] {logging_mixin.py:190} INFO - [2026-04-14T14:26:16.163+0900] {dag.py:3211} INFO - Sync 1 DAGs
[2026-04-14T14:26:16.179+0900] {logging_mixin.py:190} INFO - [2026-04-14T14:26:16.179+0900] {dag.py:4138} INFO - Setting next_dagrun for 06_multi_dag_step2_transform to None, run_after=None
[2026-04-14T14:26:16.197+0900] {processor.py:208} INFO - Processing /opt/airflow/dags/06_multi_dag_step2_transform.py took 0.321 seconds
[2026-04-14T14:26:46.546+0900] {processor.py:186} INFO - Started process (PID=1539) to work on /opt/airflow/dags/06_multi_dag_step2_transform.py
[2026-04-14T14:26:46.547+0900] {processor.py:914} INFO - Processing file /opt/airflow/dags/06_multi_dag_step2_transform.py for tasks to queue
[2026-04-14T14:26:46.550+0900] {logging_mixin.py:190} INFO - [2026-04-14T14:26:46.549+0900] {dagbag.py:587} INFO - Filling up the DagBag from /opt/airflow/dags/06_multi_dag_step2_transform.py
[2026-04-14T14:26:46.760+0900] {processor.py:925} INFO - DAG(s) '06_multi_dag_step2_transform' retrieved from /opt/airflow/dags/06_multi_dag_step2_transform.py
[2026-04-14T14:26:46.780+0900] {logging_mixin.py:190} INFO - [2026-04-14T14:26:46.780+0900] {dag.py:3211} INFO - Sync 1 DAGs
[2026-04-14T14:26:46.797+0900] {logging_mixin.py:190} INFO - [2026-04-14T14:26:46.797+0900] {dag.py:4138} INFO - Setting next_dagrun for 06_multi_dag_step2_transform to None, run_after=None
[2026-04-14T14:26:46.817+0900] {processor.py:208} INFO - Processing /opt/airflow/dags/06_multi_dag_step2_transform.py took 0.276 seconds
[2026-04-14T14:27:17.378+0900] {processor.py:186} INFO - Started process (PID=1557) to work on /opt/airflow/dags/06_multi_dag_step2_transform.py
[2026-04-14T14:27:17.379+0900] {processor.py:914} INFO - Processing file /opt/airflow/dags/06_multi_dag_step2_transform.py for tasks to queue
[2026-04-14T14:27:17.382+0900] {logging_mixin.py:190} INFO - [2026-04-14T14:27:17.381+0900] {dagbag.py:587} INFO - Filling up the DagBag from /opt/airflow/dags/06_multi_dag_step2_transform.py
[2026-04-14T14:27:17.623+0900] {processor.py:925} INFO - DAG(s) '06_multi_dag_step2_transform' retrieved from /opt/airflow/dags/06_multi_dag_step2_transform.py
[2026-04-14T14:27:17.643+0900] {logging_mixin.py:190} INFO - [2026-04-14T14:27:17.642+0900] {dag.py:3211} INFO - Sync 1 DAGs
[2026-04-14T14:27:17.658+0900] {logging_mixin.py:190} INFO - [2026-04-14T14:27:17.658+0900] {dag.py:4138} INFO - Setting next_dagrun for 06_multi_dag_step2_transform to None, run_after=None
[2026-04-14T14:27:17.676+0900] {processor.py:208} INFO - Processing /opt/airflow/dags/06_multi_dag_step2_transform.py took 0.302 seconds
[2026-04-14T14:27:48.607+0900] {processor.py:186} INFO - Started process (PID=1576) to work on /opt/airflow/dags/06_multi_dag_step2_transform.py
[2026-04-14T14:27:48.608+0900] {processor.py:914} INFO - Processing file /opt/airflow/dags/06_multi_dag_step2_transform.py for tasks to queue
[2026-04-14T14:27:48.610+0900] {logging_mixin.py:190} INFO - [2026-04-14T14:27:48.610+0900] {dagbag.py:587} INFO - Filling up the DagBag from /opt/airflow/dags/06_multi_dag_step2_transform.py
[2026-04-14T14:27:48.824+0900] {processor.py:925} INFO - DAG(s) '06_multi_dag_step2_transform' retrieved from /opt/airflow/dags/06_multi_dag_step2_transform.py
[2026-04-14T14:27:48.843+0900] {logging_mixin.py:190} INFO - [2026-04-14T14:27:48.842+0900] {dag.py:3211} INFO - Sync 1 DAGs
[2026-04-14T14:27:48.860+0900] {logging_mixin.py:190} INFO - [2026-04-14T14:27:48.860+0900] {dag.py:4138} INFO - Setting next_dagrun for 06_multi_dag_step2_transform to None, run_after=None
[2026-04-14T14:27:48.880+0900] {processor.py:208} INFO - Processing /opt/airflow/dags/06_multi_dag_step2_transform.py took 0.278 seconds
[2026-04-14T14:28:19.276+0900] {processor.py:186} INFO - Started process (PID=1596) to work on /opt/airflow/dags/06_multi_dag_step2_transform.py
[2026-04-14T14:28:19.277+0900] {processor.py:914} INFO - Processing file /opt/airflow/dags/06_multi_dag_step2_transform.py for tasks to queue
[2026-04-14T14:28:19.279+0900] {logging_mixin.py:190} INFO - [2026-04-14T14:28:19.279+0900] {dagbag.py:587} INFO - Filling up the DagBag from /opt/airflow/dags/06_multi_dag_step2_transform.py
[2026-04-14T14:28:19.501+0900] {processor.py:925} INFO - DAG(s) '06_multi_dag_step2_transform' retrieved from /opt/airflow/dags/06_multi_dag_step2_transform.py
[2026-04-14T14:28:19.522+0900] {logging_mixin.py:190} INFO - [2026-04-14T14:28:19.522+0900] {dag.py:3211} INFO - Sync 1 DAGs
[2026-04-14T14:28:19.539+0900] {logging_mixin.py:190} INFO - [2026-04-14T14:28:19.539+0900] {dag.py:4138} INFO - Setting next_dagrun for 06_multi_dag_step2_transform to None, run_after=None
[2026-04-14T14:28:19.560+0900] {processor.py:208} INFO - Processing /opt/airflow/dags/06_multi_dag_step2_transform.py took 0.289 seconds
[2026-04-14T14:28:49.665+0900] {processor.py:186} INFO - Started process (PID=1615) to work on /opt/airflow/dags/06_multi_dag_step2_transform.py
[2026-04-14T14:28:49.666+0900] {processor.py:914} INFO - Processing file /opt/airflow/dags/06_multi_dag_step2_transform.py for tasks to queue
[2026-04-14T14:28:49.668+0900] {logging_mixin.py:190} INFO - [2026-04-14T14:28:49.667+0900] {dagbag.py:587} INFO - Filling up the DagBag from /opt/airflow/dags/06_multi_dag_step2_transform.py
[2026-04-14T14:28:49.904+0900] {processor.py:925} INFO - DAG(s) '06_multi_dag_step2_transform' retrieved from /opt/airflow/dags/06_multi_dag_step2_transform.py
[2026-04-14T14:28:49.926+0900] {logging_mixin.py:190} INFO - [2026-04-14T14:28:49.926+0900] {dag.py:3211} INFO - Sync 1 DAGs
[2026-04-14T14:28:49.942+0900] {logging_mixin.py:190} INFO - [2026-04-14T14:28:49.941+0900] {dag.py:4138} INFO - Setting next_dagrun for 06_multi_dag_step2_transform to None, run_after=None
[2026-04-14T14:28:49.959+0900] {processor.py:208} INFO - Processing /opt/airflow/dags/06_multi_dag_step2_transform.py took 0.300 seconds
[2026-04-14T14:29:20.692+0900] {processor.py:186} INFO - Started process (PID=1634) to work on /opt/airflow/dags/06_multi_dag_step2_transform.py
[2026-04-14T14:29:20.693+0900] {processor.py:914} INFO - Processing file /opt/airflow/dags/06_multi_dag_step2_transform.py for tasks to queue
[2026-04-14T14:29:20.696+0900] {logging_mixin.py:190} INFO - [2026-04-14T14:29:20.696+0900] {dagbag.py:587} INFO - Filling up the DagBag from /opt/airflow/dags/06_multi_dag_step2_transform.py
[2026-04-14T14:29:20.967+0900] {processor.py:925} INFO - DAG(s) '06_multi_dag_step2_transform' retrieved from /opt/airflow/dags/06_multi_dag_step2_transform.py
[2026-04-14T14:29:20.994+0900] {logging_mixin.py:190} INFO - [2026-04-14T14:29:20.993+0900] {dag.py:3211} INFO - Sync 1 DAGs
[2026-04-14T14:29:21.013+0900] {logging_mixin.py:190} INFO - [2026-04-14T14:29:21.013+0900] {dag.py:4138} INFO - Setting next_dagrun for 06_multi_dag_step2_transform to None, run_after=None
[2026-04-14T14:29:21.031+0900] {processor.py:208} INFO - Processing /opt/airflow/dags/06_multi_dag_step2_transform.py took 0.344 seconds
[2026-04-14T14:29:51.415+0900] {processor.py:186} INFO - Started process (PID=1654) to work on /opt/airflow/dags/06_multi_dag_step2_transform.py
[2026-04-14T14:29:51.416+0900] {processor.py:914} INFO - Processing file /opt/airflow/dags/06_multi_dag_step2_transform.py for tasks to queue
[2026-04-14T14:29:51.418+0900] {logging_mixin.py:190} INFO - [2026-04-14T14:29:51.418+0900] {dagbag.py:587} INFO - Filling up the DagBag from /opt/airflow/dags/06_multi_dag_step2_transform.py
[2026-04-14T14:29:51.656+0900] {processor.py:925} INFO - DAG(s) '06_multi_dag_step2_transform' retrieved from /opt/airflow/dags/06_multi_dag_step2_transform.py
[2026-04-14T14:29:51.676+0900] {logging_mixin.py:190} INFO - [2026-04-14T14:29:51.675+0900] {dag.py:3211} INFO - Sync 1 DAGs
[2026-04-14T14:29:51.693+0900] {logging_mixin.py:190} INFO - [2026-04-14T14:29:51.693+0900] {dag.py:4138} INFO - Setting next_dagrun for 06_multi_dag_step2_transform to None, run_after=None
[2026-04-14T14:29:51.714+0900] {processor.py:208} INFO - Processing /opt/airflow/dags/06_multi_dag_step2_transform.py took 0.305 seconds
[2026-04-14T14:30:22.447+0900] {processor.py:186} INFO - Started process (PID=1673) to work on /opt/airflow/dags/06_multi_dag_step2_transform.py
[2026-04-14T14:30:22.448+0900] {processor.py:914} INFO - Processing file /opt/airflow/dags/06_multi_dag_step2_transform.py for tasks to queue
[2026-04-14T14:30:22.451+0900] {logging_mixin.py:190} INFO - [2026-04-14T14:30:22.451+0900] {dagbag.py:587} INFO - Filling up the DagBag from /opt/airflow/dags/06_multi_dag_step2_transform.py
[2026-04-14T14:30:22.719+0900] {processor.py:925} INFO - DAG(s) '06_multi_dag_step2_transform' retrieved from /opt/airflow/dags/06_multi_dag_step2_transform.py
[2026-04-14T14:30:22.738+0900] {logging_mixin.py:190} INFO - [2026-04-14T14:30:22.738+0900] {dag.py:3211} INFO - Sync 1 DAGs
[2026-04-14T14:30:22.755+0900] {logging_mixin.py:190} INFO - [2026-04-14T14:30:22.755+0900] {dag.py:4138} INFO - Setting next_dagrun for 06_multi_dag_step2_transform to None, run_after=None
[2026-04-14T14:30:22.773+0900] {processor.py:208} INFO - Processing /opt/airflow/dags/06_multi_dag_step2_transform.py took 0.333 seconds
[2026-04-14T14:30:52.964+0900] {processor.py:186} INFO - Started process (PID=1692) to work on /opt/airflow/dags/06_multi_dag_step2_transform.py
[2026-04-14T14:30:52.965+0900] {processor.py:914} INFO - Processing file /opt/airflow/dags/06_multi_dag_step2_transform.py for tasks to queue
[2026-04-14T14:30:52.967+0900] {logging_mixin.py:190} INFO - [2026-04-14T14:30:52.967+0900] {dagbag.py:587} INFO - Filling up the DagBag from /opt/airflow/dags/06_multi_dag_step2_transform.py
[2026-04-14T14:30:53.215+0900] {processor.py:925} INFO - DAG(s) '06_multi_dag_step2_transform' retrieved from /opt/airflow/dags/06_multi_dag_step2_transform.py
[2026-04-14T14:30:53.239+0900] {logging_mixin.py:190} INFO - [2026-04-14T14:30:53.238+0900] {dag.py:3211} INFO - Sync 1 DAGs
[2026-04-14T14:30:53.257+0900] {logging_mixin.py:190} INFO - [2026-04-14T14:30:53.257+0900] {dag.py:4138} INFO - Setting next_dagrun for 06_multi_dag_step2_transform to None, run_after=None
[2026-04-14T14:30:53.277+0900] {processor.py:208} INFO - Processing /opt/airflow/dags/06_multi_dag_step2_transform.py took 0.318 seconds
[2026-04-14T14:31:23.427+0900] {processor.py:186} INFO - Started process (PID=1710) to work on /opt/airflow/dags/06_multi_dag_step2_transform.py
[2026-04-14T14:31:23.428+0900] {processor.py:914} INFO - Processing file /opt/airflow/dags/06_multi_dag_step2_transform.py for tasks to queue
[2026-04-14T14:31:23.430+0900] {logging_mixin.py:190} INFO - [2026-04-14T14:31:23.430+0900] {dagbag.py:587} INFO - Filling up the DagBag from /opt/airflow/dags/06_multi_dag_step2_transform.py
[2026-04-14T14:31:23.651+0900] {processor.py:925} INFO - DAG(s) '06_multi_dag_step2_transform' retrieved from /opt/airflow/dags/06_multi_dag_step2_transform.py
[2026-04-14T14:31:23.672+0900] {logging_mixin.py:190} INFO - [2026-04-14T14:31:23.671+0900] {dag.py:3211} INFO - Sync 1 DAGs
[2026-04-14T14:31:23.689+0900] {logging_mixin.py:190} INFO - [2026-04-14T14:31:23.688+0900] {dag.py:4138} INFO - Setting next_dagrun for 06_multi_dag_step2_transform to None, run_after=None
[2026-04-14T14:31:23.710+0900] {processor.py:208} INFO - Processing /opt/airflow/dags/06_multi_dag_step2_transform.py took 0.287 seconds
[2026-04-14T14:31:53.908+0900] {processor.py:186} INFO - Started process (PID=1729) to work on /opt/airflow/dags/06_multi_dag_step2_transform.py
[2026-04-14T14:31:53.909+0900] {processor.py:914} INFO - Processing file /opt/airflow/dags/06_multi_dag_step2_transform.py for tasks to queue
[2026-04-14T14:31:53.911+0900] {logging_mixin.py:190} INFO - [2026-04-14T14:31:53.911+0900] {dagbag.py:587} INFO - Filling up the DagBag from /opt/airflow/dags/06_multi_dag_step2_transform.py
[2026-04-14T14:31:54.151+0900] {processor.py:925} INFO - DAG(s) '06_multi_dag_step2_transform' retrieved from /opt/airflow/dags/06_multi_dag_step2_transform.py
[2026-04-14T14:31:54.172+0900] {logging_mixin.py:190} INFO - [2026-04-14T14:31:54.172+0900] {dag.py:3211} INFO - Sync 1 DAGs
[2026-04-14T14:31:54.191+0900] {logging_mixin.py:190} INFO - [2026-04-14T14:31:54.191+0900] {dag.py:4138} INFO - Setting next_dagrun for 06_multi_dag_step2_transform to None, run_after=None
[2026-04-14T14:31:54.210+0900] {processor.py:208} INFO - Processing /opt/airflow/dags/06_multi_dag_step2_transform.py took 0.307 seconds
[2026-04-14T14:32:24.763+0900] {processor.py:186} INFO - Started process (PID=1747) to work on /opt/airflow/dags/06_multi_dag_step2_transform.py
[2026-04-14T14:32:24.764+0900] {processor.py:914} INFO - Processing file /opt/airflow/dags/06_multi_dag_step2_transform.py for tasks to queue
[2026-04-14T14:32:24.766+0900] {logging_mixin.py:190} INFO - [2026-04-14T14:32:24.766+0900] {dagbag.py:587} INFO - Filling up the DagBag from /opt/airflow/dags/06_multi_dag_step2_transform.py
[2026-04-14T14:32:24.995+0900] {processor.py:925} INFO - DAG(s) '06_multi_dag_step2_transform' retrieved from /opt/airflow/dags/06_multi_dag_step2_transform.py
[2026-04-14T14:32:25.016+0900] {logging_mixin.py:190} INFO - [2026-04-14T14:32:25.016+0900] {dag.py:3211} INFO - Sync 1 DAGs
[2026-04-14T14:32:25.034+0900] {logging_mixin.py:190} INFO - [2026-04-14T14:32:25.034+0900] {dag.py:4138} INFO - Setting next_dagrun for 06_multi_dag_step2_transform to None, run_after=None
[2026-04-14T14:32:25.061+0900] {processor.py:208} INFO - Processing /opt/airflow/dags/06_multi_dag_step2_transform.py took 0.303 seconds
[2026-04-14T14:32:55.955+0900] {processor.py:186} INFO - Started process (PID=1766) to work on /opt/airflow/dags/06_multi_dag_step2_transform.py
[2026-04-14T14:32:55.957+0900] {processor.py:914} INFO - Processing file /opt/airflow/dags/06_multi_dag_step2_transform.py for tasks to queue
[2026-04-14T14:32:55.960+0900] {logging_mixin.py:190} INFO - [2026-04-14T14:32:55.960+0900] {dagbag.py:587} INFO - Filling up the DagBag from /opt/airflow/dags/06_multi_dag_step2_transform.py
[2026-04-14T14:32:56.209+0900] {processor.py:925} INFO - DAG(s) '06_multi_dag_step2_transform' retrieved from /opt/airflow/dags/06_multi_dag_step2_transform.py
[2026-04-14T14:32:56.231+0900] {logging_mixin.py:190} INFO - [2026-04-14T14:32:56.230+0900] {dag.py:3211} INFO - Sync 1 DAGs
[2026-04-14T14:32:56.248+0900] {logging_mixin.py:190} INFO - [2026-04-14T14:32:56.248+0900] {dag.py:4138} INFO - Setting next_dagrun for 06_multi_dag_step2_transform to None, run_after=None
[2026-04-14T14:32:56.275+0900] {processor.py:208} INFO - Processing /opt/airflow/dags/06_multi_dag_step2_transform.py took 0.325 seconds
[2026-04-14T14:33:27.111+0900] {processor.py:186} INFO - Started process (PID=1785) to work on /opt/airflow/dags/06_multi_dag_step2_transform.py
[2026-04-14T14:33:27.112+0900] {processor.py:914} INFO - Processing file /opt/airflow/dags/06_multi_dag_step2_transform.py for tasks to queue
[2026-04-14T14:33:27.114+0900] {logging_mixin.py:190} INFO - [2026-04-14T14:33:27.114+0900] {dagbag.py:587} INFO - Filling up the DagBag from /opt/airflow/dags/06_multi_dag_step2_transform.py
[2026-04-14T14:33:27.337+0900] {processor.py:925} INFO - DAG(s) '06_multi_dag_step2_transform' retrieved from /opt/airflow/dags/06_multi_dag_step2_transform.py
[2026-04-14T14:33:27.360+0900] {logging_mixin.py:190} INFO - [2026-04-14T14:33:27.360+0900] {dag.py:3211} INFO - Sync 1 DAGs
[2026-04-14T14:33:27.377+0900] {logging_mixin.py:190} INFO - [2026-04-14T14:33:27.377+0900] {dag.py:4138} INFO - Setting next_dagrun for 06_multi_dag_step2_transform to None, run_after=None
[2026-04-14T14:33:27.395+0900] {processor.py:208} INFO - Processing /opt/airflow/dags/06_multi_dag_step2_transform.py took 0.288 seconds
[2026-04-14T14:33:58.255+0900] {processor.py:186} INFO - Started process (PID=1804) to work on /opt/airflow/dags/06_multi_dag_step2_transform.py
[2026-04-14T14:33:58.256+0900] {processor.py:914} INFO - Processing file /opt/airflow/dags/06_multi_dag_step2_transform.py for tasks to queue
[2026-04-14T14:33:58.258+0900] {logging_mixin.py:190} INFO - [2026-04-14T14:33:58.258+0900] {dagbag.py:587} INFO - Filling up the DagBag from /opt/airflow/dags/06_multi_dag_step2_transform.py
[2026-04-14T14:33:58.486+0900] {processor.py:925} INFO - DAG(s) '06_multi_dag_step2_transform' retrieved from /opt/airflow/dags/06_multi_dag_step2_transform.py
[2026-04-14T14:33:58.506+0900] {logging_mixin.py:190} INFO - [2026-04-14T14:33:58.506+0900] {dag.py:3211} INFO - Sync 1 DAGs
[2026-04-14T14:33:58.522+0900] {logging_mixin.py:190} INFO - [2026-04-14T14:33:58.522+0900] {dag.py:4138} INFO - Setting next_dagrun for 06_multi_dag_step2_transform to None, run_after=None
[2026-04-14T14:33:58.540+0900] {processor.py:208} INFO - Processing /opt/airflow/dags/06_multi_dag_step2_transform.py took 0.290 seconds
