[2026-04-14T11:22:46.940+0900] {processor.py:186} INFO - Started process (PID=42407) to work on /opt/airflow/dags/07_msa_api_server_used_adv.py
[2026-04-14T11:22:46.941+0900] {processor.py:914} INFO - Processing file /opt/airflow/dags/07_msa_api_server_used_adv.py for tasks to queue
[2026-04-14T11:22:46.944+0900] {logging_mixin.py:190} INFO - [2026-04-14T11:22:46.943+0900] {dagbag.py:587} INFO - Filling up the DagBag from /opt/airflow/dags/07_msa_api_server_used_adv.py
[2026-04-14T11:22:46.968+0900] {processor.py:925} INFO - DAG(s) '07_msa_api_server_used_adv' retrieved from /opt/airflow/dags/07_msa_api_server_used_adv.py
[2026-04-14T11:22:47.163+0900] {logging_mixin.py:190} INFO - [2026-04-14T11:22:47.162+0900] {override.py:1858} INFO - Created Permission View: can delete on DAG:07_msa_api_server_used_adv
[2026-04-14T11:22:47.169+0900] {logging_mixin.py:190} INFO - [2026-04-14T11:22:47.169+0900] {override.py:1858} INFO - Created Permission View: can edit on DAG:07_msa_api_server_used_adv
[2026-04-14T11:22:47.174+0900] {logging_mixin.py:190} INFO - [2026-04-14T11:22:47.174+0900] {override.py:1858} INFO - Created Permission View: can read on DAG:07_msa_api_server_used_adv
[2026-04-14T11:22:47.175+0900] {logging_mixin.py:190} INFO - [2026-04-14T11:22:47.174+0900] {dag.py:3211} INFO - Sync 1 DAGs
[2026-04-14T11:22:47.182+0900] {logging_mixin.py:190} INFO - [2026-04-14T11:22:47.182+0900] {dag.py:3234} INFO - Creating ORM DAG for 07_msa_api_server_used_adv
[2026-04-14T11:22:47.189+0900] {logging_mixin.py:190} INFO - [2026-04-14T11:22:47.189+0900] {dag.py:4138} INFO - Setting next_dagrun for 07_msa_api_server_used_adv to 2026-04-13 00:00:00+00:00, run_after=2026-04-14 00:00:00+00:00
[2026-04-14T11:22:47.204+0900] {processor.py:208} INFO - Processing /opt/airflow/dags/07_msa_api_server_used_adv.py took 0.268 seconds
[2026-04-14T11:23:17.472+0900] {processor.py:186} INFO - Started process (PID=42432) to work on /opt/airflow/dags/07_msa_api_server_used_adv.py
[2026-04-14T11:23:17.473+0900] {processor.py:914} INFO - Processing file /opt/airflow/dags/07_msa_api_server_used_adv.py for tasks to queue
[2026-04-14T11:23:17.476+0900] {logging_mixin.py:190} INFO - [2026-04-14T11:23:17.476+0900] {dagbag.py:587} INFO - Filling up the DagBag from /opt/airflow/dags/07_msa_api_server_used_adv.py
[2026-04-14T11:23:17.494+0900] {processor.py:925} INFO - DAG(s) '07_msa_api_server_used_adv' retrieved from /opt/airflow/dags/07_msa_api_server_used_adv.py
[2026-04-14T11:23:17.516+0900] {logging_mixin.py:190} INFO - [2026-04-14T11:23:17.516+0900] {dag.py:3211} INFO - Sync 1 DAGs
[2026-04-14T11:23:17.535+0900] {logging_mixin.py:190} INFO - [2026-04-14T11:23:17.535+0900] {dag.py:4138} INFO - Setting next_dagrun for 07_msa_api_server_used_adv to 2026-04-14 00:00:00+00:00, run_after=2026-04-15 00:00:00+00:00
[2026-04-14T11:23:17.550+0900] {processor.py:208} INFO - Processing /opt/airflow/dags/07_msa_api_server_used_adv.py took 0.083 seconds
[2026-04-14T11:23:48.236+0900] {processor.py:186} INFO - Started process (PID=42451) to work on /opt/airflow/dags/07_msa_api_server_used_adv.py
[2026-04-14T11:23:48.237+0900] {processor.py:914} INFO - Processing file /opt/airflow/dags/07_msa_api_server_used_adv.py for tasks to queue
[2026-04-14T11:23:48.240+0900] {logging_mixin.py:190} INFO - [2026-04-14T11:23:48.239+0900] {dagbag.py:587} INFO - Filling up the DagBag from /opt/airflow/dags/07_msa_api_server_used_adv.py
[2026-04-14T11:23:48.283+0900] {processor.py:925} INFO - DAG(s) '07_msa_api_server_used_adv' retrieved from /opt/airflow/dags/07_msa_api_server_used_adv.py
[2026-04-14T11:23:48.304+0900] {logging_mixin.py:190} INFO - [2026-04-14T11:23:48.304+0900] {dag.py:3211} INFO - Sync 1 DAGs
[2026-04-14T11:23:48.323+0900] {logging_mixin.py:190} INFO - [2026-04-14T11:23:48.322+0900] {dag.py:4138} INFO - Setting next_dagrun for 07_msa_api_server_used_adv to 2026-04-14 00:00:00+00:00, run_after=2026-04-15 00:00:00+00:00
[2026-04-14T11:23:48.446+0900] {processor.py:208} INFO - Processing /opt/airflow/dags/07_msa_api_server_used_adv.py took 0.215 seconds
[2026-04-14T11:24:18.795+0900] {processor.py:186} INFO - Started process (PID=42470) to work on /opt/airflow/dags/07_msa_api_server_used_adv.py
[2026-04-14T11:24:18.796+0900] {processor.py:914} INFO - Processing file /opt/airflow/dags/07_msa_api_server_used_adv.py for tasks to queue
[2026-04-14T11:24:18.799+0900] {logging_mixin.py:190} INFO - [2026-04-14T11:24:18.798+0900] {dagbag.py:587} INFO - Filling up the DagBag from /opt/airflow/dags/07_msa_api_server_used_adv.py
[2026-04-14T11:24:18.815+0900] {processor.py:925} INFO - DAG(s) '07_msa_api_server_used_adv' retrieved from /opt/airflow/dags/07_msa_api_server_used_adv.py
[2026-04-14T11:24:18.837+0900] {logging_mixin.py:190} INFO - [2026-04-14T11:24:18.837+0900] {dag.py:3211} INFO - Sync 1 DAGs
[2026-04-14T11:24:18.953+0900] {logging_mixin.py:190} INFO - [2026-04-14T11:24:18.952+0900] {dag.py:4138} INFO - Setting next_dagrun for 07_msa_api_server_used_adv to 2026-04-14 00:00:00+00:00, run_after=2026-04-15 00:00:00+00:00
[2026-04-14T11:24:18.965+0900] {processor.py:208} INFO - Processing /opt/airflow/dags/07_msa_api_server_used_adv.py took 0.176 seconds
[2026-04-14T11:24:49.525+0900] {processor.py:186} INFO - Started process (PID=42489) to work on /opt/airflow/dags/07_msa_api_server_used_adv.py
[2026-04-14T11:24:49.526+0900] {processor.py:914} INFO - Processing file /opt/airflow/dags/07_msa_api_server_used_adv.py for tasks to queue
[2026-04-14T11:24:49.528+0900] {logging_mixin.py:190} INFO - [2026-04-14T11:24:49.527+0900] {dagbag.py:587} INFO - Filling up the DagBag from /opt/airflow/dags/07_msa_api_server_used_adv.py
[2026-04-14T11:24:49.554+0900] {processor.py:925} INFO - DAG(s) '07_msa_api_server_used_adv' retrieved from /opt/airflow/dags/07_msa_api_server_used_adv.py
[2026-04-14T11:24:49.580+0900] {logging_mixin.py:190} INFO - [2026-04-14T11:24:49.580+0900] {dag.py:3211} INFO - Sync 1 DAGs
[2026-04-14T11:24:49.600+0900] {logging_mixin.py:190} INFO - [2026-04-14T11:24:49.600+0900] {dag.py:4138} INFO - Setting next_dagrun for 07_msa_api_server_used_adv to 2026-04-14 00:00:00+00:00, run_after=2026-04-15 00:00:00+00:00
[2026-04-14T11:24:49.615+0900] {processor.py:208} INFO - Processing /opt/airflow/dags/07_msa_api_server_used_adv.py took 0.095 seconds
[2026-04-14T11:25:20.099+0900] {processor.py:186} INFO - Started process (PID=42508) to work on /opt/airflow/dags/07_msa_api_server_used_adv.py
[2026-04-14T11:25:20.100+0900] {processor.py:914} INFO - Processing file /opt/airflow/dags/07_msa_api_server_used_adv.py for tasks to queue
[2026-04-14T11:25:20.102+0900] {logging_mixin.py:190} INFO - [2026-04-14T11:25:20.102+0900] {dagbag.py:587} INFO - Filling up the DagBag from /opt/airflow/dags/07_msa_api_server_used_adv.py
[2026-04-14T11:25:20.119+0900] {processor.py:925} INFO - DAG(s) '07_msa_api_server_used_adv' retrieved from /opt/airflow/dags/07_msa_api_server_used_adv.py
[2026-04-14T11:25:20.139+0900] {logging_mixin.py:190} INFO - [2026-04-14T11:25:20.139+0900] {dag.py:3211} INFO - Sync 1 DAGs
[2026-04-14T11:25:20.157+0900] {logging_mixin.py:190} INFO - [2026-04-14T11:25:20.157+0900] {dag.py:4138} INFO - Setting next_dagrun for 07_msa_api_server_used_adv to 2026-04-14 00:00:00+00:00, run_after=2026-04-15 00:00:00+00:00
[2026-04-14T11:25:20.268+0900] {processor.py:208} INFO - Processing /opt/airflow/dags/07_msa_api_server_used_adv.py took 0.174 seconds
[2026-04-14T11:25:50.891+0900] {processor.py:186} INFO - Started process (PID=42527) to work on /opt/airflow/dags/07_msa_api_server_used_adv.py
[2026-04-14T11:25:50.892+0900] {processor.py:914} INFO - Processing file /opt/airflow/dags/07_msa_api_server_used_adv.py for tasks to queue
[2026-04-14T11:25:50.895+0900] {logging_mixin.py:190} INFO - [2026-04-14T11:25:50.894+0900] {dagbag.py:587} INFO - Filling up the DagBag from /opt/airflow/dags/07_msa_api_server_used_adv.py
[2026-04-14T11:25:50.924+0900] {processor.py:925} INFO - DAG(s) '07_msa_api_server_used_adv' retrieved from /opt/airflow/dags/07_msa_api_server_used_adv.py
[2026-04-14T11:25:50.945+0900] {logging_mixin.py:190} INFO - [2026-04-14T11:25:50.945+0900] {dag.py:3211} INFO - Sync 1 DAGs
[2026-04-14T11:25:51.058+0900] {logging_mixin.py:190} INFO - [2026-04-14T11:25:51.058+0900] {dag.py:4138} INFO - Setting next_dagrun for 07_msa_api_server_used_adv to 2026-04-14 00:00:00+00:00, run_after=2026-04-15 00:00:00+00:00
[2026-04-14T11:25:51.077+0900] {processor.py:208} INFO - Processing /opt/airflow/dags/07_msa_api_server_used_adv.py took 0.192 seconds
[2026-04-14T11:26:21.709+0900] {processor.py:186} INFO - Started process (PID=42546) to work on /opt/airflow/dags/07_msa_api_server_used_adv.py
[2026-04-14T11:26:21.710+0900] {processor.py:914} INFO - Processing file /opt/airflow/dags/07_msa_api_server_used_adv.py for tasks to queue
[2026-04-14T11:26:21.712+0900] {logging_mixin.py:190} INFO - [2026-04-14T11:26:21.712+0900] {dagbag.py:587} INFO - Filling up the DagBag from /opt/airflow/dags/07_msa_api_server_used_adv.py
[2026-04-14T11:26:21.835+0900] {processor.py:925} INFO - DAG(s) '07_msa_api_server_used_adv' retrieved from /opt/airflow/dags/07_msa_api_server_used_adv.py
[2026-04-14T11:26:21.852+0900] {logging_mixin.py:190} INFO - [2026-04-14T11:26:21.851+0900] {dag.py:3211} INFO - Sync 1 DAGs
[2026-04-14T11:26:21.872+0900] {logging_mixin.py:190} INFO - [2026-04-14T11:26:21.872+0900] {dag.py:4138} INFO - Setting next_dagrun for 07_msa_api_server_used_adv to 2026-04-14 00:00:00+00:00, run_after=2026-04-15 00:00:00+00:00
[2026-04-14T11:26:21.891+0900] {processor.py:208} INFO - Processing /opt/airflow/dags/07_msa_api_server_used_adv.py took 0.187 seconds
[2026-04-14T11:26:52.290+0900] {processor.py:186} INFO - Started process (PID=42565) to work on /opt/airflow/dags/07_msa_api_server_used_adv.py
[2026-04-14T11:26:52.291+0900] {processor.py:914} INFO - Processing file /opt/airflow/dags/07_msa_api_server_used_adv.py for tasks to queue
[2026-04-14T11:26:52.293+0900] {logging_mixin.py:190} INFO - [2026-04-14T11:26:52.293+0900] {dagbag.py:587} INFO - Filling up the DagBag from /opt/airflow/dags/07_msa_api_server_used_adv.py
[2026-04-14T11:26:52.309+0900] {processor.py:925} INFO - DAG(s) '07_msa_api_server_used_adv' retrieved from /opt/airflow/dags/07_msa_api_server_used_adv.py
[2026-04-14T11:26:52.328+0900] {logging_mixin.py:190} INFO - [2026-04-14T11:26:52.328+0900] {dag.py:3211} INFO - Sync 1 DAGs
[2026-04-14T11:26:52.345+0900] {logging_mixin.py:190} INFO - [2026-04-14T11:26:52.345+0900] {dag.py:4138} INFO - Setting next_dagrun for 07_msa_api_server_used_adv to 2026-04-14 00:00:00+00:00, run_after=2026-04-15 00:00:00+00:00
[2026-04-14T11:26:52.360+0900] {processor.py:208} INFO - Processing /opt/airflow/dags/07_msa_api_server_used_adv.py took 0.074 seconds
[2026-04-14T11:27:22.615+0900] {processor.py:186} INFO - Started process (PID=42584) to work on /opt/airflow/dags/07_msa_api_server_used_adv.py
[2026-04-14T11:27:22.616+0900] {processor.py:914} INFO - Processing file /opt/airflow/dags/07_msa_api_server_used_adv.py for tasks to queue
[2026-04-14T11:27:22.618+0900] {logging_mixin.py:190} INFO - [2026-04-14T11:27:22.617+0900] {dagbag.py:587} INFO - Filling up the DagBag from /opt/airflow/dags/07_msa_api_server_used_adv.py
[2026-04-14T11:27:22.633+0900] {processor.py:925} INFO - DAG(s) '07_msa_api_server_used_adv' retrieved from /opt/airflow/dags/07_msa_api_server_used_adv.py
[2026-04-14T11:27:22.654+0900] {logging_mixin.py:190} INFO - [2026-04-14T11:27:22.654+0900] {dag.py:3211} INFO - Sync 1 DAGs
[2026-04-14T11:27:22.671+0900] {logging_mixin.py:190} INFO - [2026-04-14T11:27:22.670+0900] {dag.py:4138} INFO - Setting next_dagrun for 07_msa_api_server_used_adv to 2026-04-14 00:00:00+00:00, run_after=2026-04-15 00:00:00+00:00
[2026-04-14T11:27:22.689+0900] {processor.py:208} INFO - Processing /opt/airflow/dags/07_msa_api_server_used_adv.py took 0.079 seconds
[2026-04-14T11:27:53.155+0900] {processor.py:186} INFO - Started process (PID=42603) to work on /opt/airflow/dags/07_msa_api_server_used_adv.py
[2026-04-14T11:27:53.157+0900] {processor.py:914} INFO - Processing file /opt/airflow/dags/07_msa_api_server_used_adv.py for tasks to queue
[2026-04-14T11:27:53.159+0900] {logging_mixin.py:190} INFO - [2026-04-14T11:27:53.159+0900] {dagbag.py:587} INFO - Filling up the DagBag from /opt/airflow/dags/07_msa_api_server_used_adv.py
[2026-04-14T11:27:53.193+0900] {processor.py:925} INFO - DAG(s) '07_msa_api_server_used_adv' retrieved from /opt/airflow/dags/07_msa_api_server_used_adv.py
[2026-04-14T11:27:53.215+0900] {logging_mixin.py:190} INFO - [2026-04-14T11:27:53.215+0900] {dag.py:3211} INFO - Sync 1 DAGs
[2026-04-14T11:27:53.234+0900] {logging_mixin.py:190} INFO - [2026-04-14T11:27:53.234+0900] {dag.py:4138} INFO - Setting next_dagrun for 07_msa_api_server_used_adv to 2026-04-14 00:00:00+00:00, run_after=2026-04-15 00:00:00+00:00
[2026-04-14T11:27:53.251+0900] {processor.py:208} INFO - Processing /opt/airflow/dags/07_msa_api_server_used_adv.py took 0.100 seconds
[2026-04-14T11:28:23.418+0900] {processor.py:186} INFO - Started process (PID=42622) to work on /opt/airflow/dags/07_msa_api_server_used_adv.py
[2026-04-14T11:28:23.419+0900] {processor.py:914} INFO - Processing file /opt/airflow/dags/07_msa_api_server_used_adv.py for tasks to queue
[2026-04-14T11:28:23.421+0900] {logging_mixin.py:190} INFO - [2026-04-14T11:28:23.421+0900] {dagbag.py:587} INFO - Filling up the DagBag from /opt/airflow/dags/07_msa_api_server_used_adv.py
[2026-04-14T11:28:23.436+0900] {processor.py:925} INFO - DAG(s) '07_msa_api_server_used_adv' retrieved from /opt/airflow/dags/07_msa_api_server_used_adv.py
[2026-04-14T11:28:23.457+0900] {logging_mixin.py:190} INFO - [2026-04-14T11:28:23.456+0900] {dag.py:3211} INFO - Sync 1 DAGs
[2026-04-14T11:28:23.476+0900] {logging_mixin.py:190} INFO - [2026-04-14T11:28:23.476+0900] {dag.py:4138} INFO - Setting next_dagrun for 07_msa_api_server_used_adv to 2026-04-14 00:00:00+00:00, run_after=2026-04-15 00:00:00+00:00
[2026-04-14T11:28:23.495+0900] {processor.py:208} INFO - Processing /opt/airflow/dags/07_msa_api_server_used_adv.py took 0.082 seconds
[2026-04-14T11:28:53.615+0900] {processor.py:186} INFO - Started process (PID=42641) to work on /opt/airflow/dags/07_msa_api_server_used_adv.py
[2026-04-14T11:28:53.616+0900] {processor.py:914} INFO - Processing file /opt/airflow/dags/07_msa_api_server_used_adv.py for tasks to queue
[2026-04-14T11:28:53.618+0900] {logging_mixin.py:190} INFO - [2026-04-14T11:28:53.618+0900] {dagbag.py:587} INFO - Filling up the DagBag from /opt/airflow/dags/07_msa_api_server_used_adv.py
[2026-04-14T11:28:53.638+0900] {processor.py:925} INFO - DAG(s) '07_msa_api_server_used_adv' retrieved from /opt/airflow/dags/07_msa_api_server_used_adv.py
[2026-04-14T11:28:53.659+0900] {logging_mixin.py:190} INFO - [2026-04-14T11:28:53.659+0900] {dag.py:3211} INFO - Sync 1 DAGs
[2026-04-14T11:28:53.675+0900] {logging_mixin.py:190} INFO - [2026-04-14T11:28:53.675+0900] {dag.py:4138} INFO - Setting next_dagrun for 07_msa_api_server_used_adv to 2026-04-14 00:00:00+00:00, run_after=2026-04-15 00:00:00+00:00
[2026-04-14T11:28:53.690+0900] {processor.py:208} INFO - Processing /opt/airflow/dags/07_msa_api_server_used_adv.py took 0.080 seconds
[2026-04-14T11:29:23.909+0900] {processor.py:186} INFO - Started process (PID=42660) to work on /opt/airflow/dags/07_msa_api_server_used_adv.py
[2026-04-14T11:29:23.910+0900] {processor.py:914} INFO - Processing file /opt/airflow/dags/07_msa_api_server_used_adv.py for tasks to queue
[2026-04-14T11:29:23.913+0900] {logging_mixin.py:190} INFO - [2026-04-14T11:29:23.913+0900] {dagbag.py:587} INFO - Filling up the DagBag from /opt/airflow/dags/07_msa_api_server_used_adv.py
[2026-04-14T11:29:23.936+0900] {processor.py:925} INFO - DAG(s) '07_msa_api_server_used_adv' retrieved from /opt/airflow/dags/07_msa_api_server_used_adv.py
[2026-04-14T11:29:23.959+0900] {logging_mixin.py:190} INFO - [2026-04-14T11:29:23.958+0900] {dag.py:3211} INFO - Sync 1 DAGs
[2026-04-14T11:29:23.978+0900] {logging_mixin.py:190} INFO - [2026-04-14T11:29:23.978+0900] {dag.py:4138} INFO - Setting next_dagrun for 07_msa_api_server_used_adv to 2026-04-14 00:00:00+00:00, run_after=2026-04-15 00:00:00+00:00
[2026-04-14T11:29:23.994+0900] {processor.py:208} INFO - Processing /opt/airflow/dags/07_msa_api_server_used_adv.py took 0.091 seconds
[2026-04-14T11:29:54.839+0900] {processor.py:186} INFO - Started process (PID=42679) to work on /opt/airflow/dags/07_msa_api_server_used_adv.py
[2026-04-14T11:29:54.841+0900] {processor.py:914} INFO - Processing file /opt/airflow/dags/07_msa_api_server_used_adv.py for tasks to queue
[2026-04-14T11:29:54.843+0900] {logging_mixin.py:190} INFO - [2026-04-14T11:29:54.843+0900] {dagbag.py:587} INFO - Filling up the DagBag from /opt/airflow/dags/07_msa_api_server_used_adv.py
[2026-04-14T11:29:54.868+0900] {processor.py:925} INFO - DAG(s) '07_msa_api_server_used_adv' retrieved from /opt/airflow/dags/07_msa_api_server_used_adv.py
[2026-04-14T11:29:54.889+0900] {logging_mixin.py:190} INFO - [2026-04-14T11:29:54.889+0900] {dag.py:3211} INFO - Sync 1 DAGs
[2026-04-14T11:29:54.907+0900] {logging_mixin.py:190} INFO - [2026-04-14T11:29:54.907+0900] {dag.py:4138} INFO - Setting next_dagrun for 07_msa_api_server_used_adv to 2026-04-14 00:00:00+00:00, run_after=2026-04-15 00:00:00+00:00
[2026-04-14T11:29:54.949+0900] {processor.py:208} INFO - Processing /opt/airflow/dags/07_msa_api_server_used_adv.py took 0.114 seconds
[2026-04-14T11:30:25.536+0900] {processor.py:186} INFO - Started process (PID=42698) to work on /opt/airflow/dags/07_msa_api_server_used_adv.py
[2026-04-14T11:30:25.537+0900] {processor.py:914} INFO - Processing file /opt/airflow/dags/07_msa_api_server_used_adv.py for tasks to queue
[2026-04-14T11:30:25.539+0900] {logging_mixin.py:190} INFO - [2026-04-14T11:30:25.539+0900] {dagbag.py:587} INFO - Filling up the DagBag from /opt/airflow/dags/07_msa_api_server_used_adv.py
[2026-04-14T11:30:25.567+0900] {processor.py:925} INFO - DAG(s) '07_msa_api_server_used_adv' retrieved from /opt/airflow/dags/07_msa_api_server_used_adv.py
[2026-04-14T11:30:25.587+0900] {logging_mixin.py:190} INFO - [2026-04-14T11:30:25.586+0900] {dag.py:3211} INFO - Sync 1 DAGs
[2026-04-14T11:30:25.604+0900] {logging_mixin.py:190} INFO - [2026-04-14T11:30:25.604+0900] {dag.py:4138} INFO - Setting next_dagrun for 07_msa_api_server_used_adv to 2026-04-14 00:00:00+00:00, run_after=2026-04-15 00:00:00+00:00
[2026-04-14T11:30:25.622+0900] {processor.py:208} INFO - Processing /opt/airflow/dags/07_msa_api_server_used_adv.py took 0.091 seconds
[2026-04-14T11:30:56.370+0900] {processor.py:186} INFO - Started process (PID=42717) to work on /opt/airflow/dags/07_msa_api_server_used_adv.py
[2026-04-14T11:30:56.371+0900] {processor.py:914} INFO - Processing file /opt/airflow/dags/07_msa_api_server_used_adv.py for tasks to queue
[2026-04-14T11:30:56.374+0900] {logging_mixin.py:190} INFO - [2026-04-14T11:30:56.374+0900] {dagbag.py:587} INFO - Filling up the DagBag from /opt/airflow/dags/07_msa_api_server_used_adv.py
[2026-04-14T11:30:56.409+0900] {processor.py:925} INFO - DAG(s) '07_msa_api_server_used_adv' retrieved from /opt/airflow/dags/07_msa_api_server_used_adv.py
[2026-04-14T11:30:56.430+0900] {logging_mixin.py:190} INFO - [2026-04-14T11:30:56.430+0900] {dag.py:3211} INFO - Sync 1 DAGs
[2026-04-14T11:30:56.447+0900] {logging_mixin.py:190} INFO - [2026-04-14T11:30:56.447+0900] {dag.py:4138} INFO - Setting next_dagrun for 07_msa_api_server_used_adv to 2026-04-14 00:00:00+00:00, run_after=2026-04-15 00:00:00+00:00
[2026-04-14T11:30:56.493+0900] {processor.py:208} INFO - Processing /opt/airflow/dags/07_msa_api_server_used_adv.py took 0.127 seconds
[2026-04-14T11:31:27.106+0900] {processor.py:186} INFO - Started process (PID=42735) to work on /opt/airflow/dags/07_msa_api_server_used_adv.py
[2026-04-14T11:31:27.107+0900] {processor.py:914} INFO - Processing file /opt/airflow/dags/07_msa_api_server_used_adv.py for tasks to queue
[2026-04-14T11:31:27.109+0900] {logging_mixin.py:190} INFO - [2026-04-14T11:31:27.109+0900] {dagbag.py:587} INFO - Filling up the DagBag from /opt/airflow/dags/07_msa_api_server_used_adv.py
[2026-04-14T11:31:27.131+0900] {processor.py:925} INFO - DAG(s) '07_msa_api_server_used_adv' retrieved from /opt/airflow/dags/07_msa_api_server_used_adv.py
[2026-04-14T11:31:27.155+0900] {logging_mixin.py:190} INFO - [2026-04-14T11:31:27.154+0900] {dag.py:3211} INFO - Sync 1 DAGs
[2026-04-14T11:31:27.175+0900] {logging_mixin.py:190} INFO - [2026-04-14T11:31:27.175+0900] {dag.py:4138} INFO - Setting next_dagrun for 07_msa_api_server_used_adv to 2026-04-14 00:00:00+00:00, run_after=2026-04-15 00:00:00+00:00
[2026-04-14T11:31:27.221+0900] {processor.py:208} INFO - Processing /opt/airflow/dags/07_msa_api_server_used_adv.py took 0.120 seconds
[2026-04-14T11:31:57.841+0900] {processor.py:186} INFO - Started process (PID=42754) to work on /opt/airflow/dags/07_msa_api_server_used_adv.py
[2026-04-14T11:31:57.842+0900] {processor.py:914} INFO - Processing file /opt/airflow/dags/07_msa_api_server_used_adv.py for tasks to queue
[2026-04-14T11:31:57.844+0900] {logging_mixin.py:190} INFO - [2026-04-14T11:31:57.844+0900] {dagbag.py:587} INFO - Filling up the DagBag from /opt/airflow/dags/07_msa_api_server_used_adv.py
[2026-04-14T11:31:57.861+0900] {processor.py:925} INFO - DAG(s) '07_msa_api_server_used_adv' retrieved from /opt/airflow/dags/07_msa_api_server_used_adv.py
[2026-04-14T11:31:57.884+0900] {logging_mixin.py:190} INFO - [2026-04-14T11:31:57.884+0900] {dag.py:3211} INFO - Sync 1 DAGs
[2026-04-14T11:31:57.903+0900] {logging_mixin.py:190} INFO - [2026-04-14T11:31:57.903+0900] {dag.py:4138} INFO - Setting next_dagrun for 07_msa_api_server_used_adv to 2026-04-14 00:00:00+00:00, run_after=2026-04-15 00:00:00+00:00
[2026-04-14T11:31:57.947+0900] {processor.py:208} INFO - Processing /opt/airflow/dags/07_msa_api_server_used_adv.py took 0.110 seconds
[2026-04-14T11:32:28.413+0900] {processor.py:186} INFO - Started process (PID=42773) to work on /opt/airflow/dags/07_msa_api_server_used_adv.py
[2026-04-14T11:32:28.414+0900] {processor.py:914} INFO - Processing file /opt/airflow/dags/07_msa_api_server_used_adv.py for tasks to queue
[2026-04-14T11:32:28.416+0900] {logging_mixin.py:190} INFO - [2026-04-14T11:32:28.416+0900] {dagbag.py:587} INFO - Filling up the DagBag from /opt/airflow/dags/07_msa_api_server_used_adv.py
[2026-04-14T11:32:28.433+0900] {processor.py:925} INFO - DAG(s) '07_msa_api_server_used_adv' retrieved from /opt/airflow/dags/07_msa_api_server_used_adv.py
[2026-04-14T11:32:28.452+0900] {logging_mixin.py:190} INFO - [2026-04-14T11:32:28.452+0900] {dag.py:3211} INFO - Sync 1 DAGs
[2026-04-14T11:32:28.470+0900] {logging_mixin.py:190} INFO - [2026-04-14T11:32:28.470+0900] {dag.py:4138} INFO - Setting next_dagrun for 07_msa_api_server_used_adv to 2026-04-14 00:00:00+00:00, run_after=2026-04-15 00:00:00+00:00
[2026-04-14T11:32:28.487+0900] {processor.py:208} INFO - Processing /opt/airflow/dags/07_msa_api_server_used_adv.py took 0.078 seconds
[2026-04-14T11:32:59.055+0900] {processor.py:186} INFO - Started process (PID=42792) to work on /opt/airflow/dags/07_msa_api_server_used_adv.py
[2026-04-14T11:32:59.056+0900] {processor.py:914} INFO - Processing file /opt/airflow/dags/07_msa_api_server_used_adv.py for tasks to queue
[2026-04-14T11:32:59.058+0900] {logging_mixin.py:190} INFO - [2026-04-14T11:32:59.058+0900] {dagbag.py:587} INFO - Filling up the DagBag from /opt/airflow/dags/07_msa_api_server_used_adv.py
[2026-04-14T11:32:59.097+0900] {processor.py:925} INFO - DAG(s) '07_msa_api_server_used_adv' retrieved from /opt/airflow/dags/07_msa_api_server_used_adv.py
[2026-04-14T11:32:59.122+0900] {logging_mixin.py:190} INFO - [2026-04-14T11:32:59.121+0900] {dag.py:3211} INFO - Sync 1 DAGs
[2026-04-14T11:32:59.140+0900] {logging_mixin.py:190} INFO - [2026-04-14T11:32:59.139+0900] {dag.py:4138} INFO - Setting next_dagrun for 07_msa_api_server_used_adv to 2026-04-14 00:00:00+00:00, run_after=2026-04-15 00:00:00+00:00
[2026-04-14T11:32:59.186+0900] {processor.py:208} INFO - Processing /opt/airflow/dags/07_msa_api_server_used_adv.py took 0.136 seconds
[2026-04-14T11:33:29.887+0900] {processor.py:186} INFO - Started process (PID=42817) to work on /opt/airflow/dags/07_msa_api_server_used_adv.py
[2026-04-14T11:33:29.889+0900] {processor.py:914} INFO - Processing file /opt/airflow/dags/07_msa_api_server_used_adv.py for tasks to queue
[2026-04-14T11:33:29.891+0900] {logging_mixin.py:190} INFO - [2026-04-14T11:33:29.890+0900] {dagbag.py:587} INFO - Filling up the DagBag from /opt/airflow/dags/07_msa_api_server_used_adv.py
[2026-04-14T11:33:29.908+0900] {processor.py:925} INFO - DAG(s) '07_msa_api_server_used_adv' retrieved from /opt/airflow/dags/07_msa_api_server_used_adv.py
[2026-04-14T11:33:29.929+0900] {logging_mixin.py:190} INFO - [2026-04-14T11:33:29.928+0900] {dag.py:3211} INFO - Sync 1 DAGs
[2026-04-14T11:33:29.947+0900] {logging_mixin.py:190} INFO - [2026-04-14T11:33:29.947+0900] {dag.py:4138} INFO - Setting next_dagrun for 07_msa_api_server_used_adv to 2026-04-14 00:00:00+00:00, run_after=2026-04-15 00:00:00+00:00
[2026-04-14T11:33:29.989+0900] {processor.py:208} INFO - Processing /opt/airflow/dags/07_msa_api_server_used_adv.py took 0.106 seconds
[2026-04-14T11:34:00.729+0900] {processor.py:186} INFO - Started process (PID=42836) to work on /opt/airflow/dags/07_msa_api_server_used_adv.py
[2026-04-14T11:34:00.730+0900] {processor.py:914} INFO - Processing file /opt/airflow/dags/07_msa_api_server_used_adv.py for tasks to queue
[2026-04-14T11:34:00.732+0900] {logging_mixin.py:190} INFO - [2026-04-14T11:34:00.732+0900] {dagbag.py:587} INFO - Filling up the DagBag from /opt/airflow/dags/07_msa_api_server_used_adv.py
[2026-04-14T11:34:00.767+0900] {processor.py:925} INFO - DAG(s) '07_msa_api_server_used_adv' retrieved from /opt/airflow/dags/07_msa_api_server_used_adv.py
[2026-04-14T11:34:00.788+0900] {logging_mixin.py:190} INFO - [2026-04-14T11:34:00.788+0900] {dag.py:3211} INFO - Sync 1 DAGs
[2026-04-14T11:34:00.805+0900] {logging_mixin.py:190} INFO - [2026-04-14T11:34:00.805+0900] {dag.py:4138} INFO - Setting next_dagrun for 07_msa_api_server_used_adv to 2026-04-14 00:00:00+00:00, run_after=2026-04-15 00:00:00+00:00
[2026-04-14T11:34:00.829+0900] {processor.py:208} INFO - Processing /opt/airflow/dags/07_msa_api_server_used_adv.py took 0.105 seconds
[2026-04-14T11:34:31.418+0900] {processor.py:186} INFO - Started process (PID=42855) to work on /opt/airflow/dags/07_msa_api_server_used_adv.py
[2026-04-14T11:34:31.419+0900] {processor.py:914} INFO - Processing file /opt/airflow/dags/07_msa_api_server_used_adv.py for tasks to queue
[2026-04-14T11:34:31.422+0900] {logging_mixin.py:190} INFO - [2026-04-14T11:34:31.422+0900] {dagbag.py:587} INFO - Filling up the DagBag from /opt/airflow/dags/07_msa_api_server_used_adv.py
[2026-04-14T11:34:31.438+0900] {processor.py:925} INFO - DAG(s) '07_msa_api_server_used_adv' retrieved from /opt/airflow/dags/07_msa_api_server_used_adv.py
[2026-04-14T11:34:31.459+0900] {logging_mixin.py:190} INFO - [2026-04-14T11:34:31.459+0900] {dag.py:3211} INFO - Sync 1 DAGs
[2026-04-14T11:34:31.477+0900] {logging_mixin.py:190} INFO - [2026-04-14T11:34:31.477+0900] {dag.py:4138} INFO - Setting next_dagrun for 07_msa_api_server_used_adv to 2026-04-14 00:00:00+00:00, run_after=2026-04-15 00:00:00+00:00
[2026-04-14T11:34:31.494+0900] {processor.py:208} INFO - Processing /opt/airflow/dags/07_msa_api_server_used_adv.py took 0.081 seconds
[2026-04-14T11:35:00.216+0900] {processor.py:186} INFO - Started process (PID=42874) to work on /opt/airflow/dags/07_msa_api_server_used_adv.py
[2026-04-14T11:35:00.217+0900] {processor.py:914} INFO - Processing file /opt/airflow/dags/07_msa_api_server_used_adv.py for tasks to queue
[2026-04-14T11:35:00.220+0900] {logging_mixin.py:190} INFO - [2026-04-14T11:35:00.220+0900] {dagbag.py:587} INFO - Filling up the DagBag from /opt/airflow/dags/07_msa_api_server_used_adv.py
[2026-04-14T11:35:00.273+0900] {processor.py:925} INFO - DAG(s) '07_msa_api_server_used_adv' retrieved from /opt/airflow/dags/07_msa_api_server_used_adv.py
[2026-04-14T11:35:00.294+0900] {logging_mixin.py:190} INFO - [2026-04-14T11:35:00.294+0900] {dag.py:3211} INFO - Sync 1 DAGs
[2026-04-14T11:35:00.314+0900] {logging_mixin.py:190} INFO - [2026-04-14T11:35:00.314+0900] {dag.py:4138} INFO - Setting next_dagrun for 07_msa_api_server_used_adv to 2026-04-14 00:00:00+00:00, run_after=2026-04-15 00:00:00+00:00
[2026-04-14T11:35:00.345+0900] {processor.py:208} INFO - Processing /opt/airflow/dags/07_msa_api_server_used_adv.py took 0.134 seconds
[2026-04-14T11:35:02.301+0900] {processor.py:186} INFO - Started process (PID=42875) to work on /opt/airflow/dags/07_msa_api_server_used_adv.py
[2026-04-14T11:35:02.302+0900] {processor.py:914} INFO - Processing file /opt/airflow/dags/07_msa_api_server_used_adv.py for tasks to queue
[2026-04-14T11:35:02.305+0900] {logging_mixin.py:190} INFO - [2026-04-14T11:35:02.304+0900] {dagbag.py:587} INFO - Filling up the DagBag from /opt/airflow/dags/07_msa_api_server_used_adv.py
[2026-04-14T11:35:02.338+0900] {processor.py:925} INFO - DAG(s) '07_msa_api_server_used_adv' retrieved from /opt/airflow/dags/07_msa_api_server_used_adv.py
[2026-04-14T11:35:02.361+0900] {logging_mixin.py:190} INFO - [2026-04-14T11:35:02.361+0900] {dag.py:3211} INFO - Sync 1 DAGs
[2026-04-14T11:35:02.379+0900] {logging_mixin.py:190} INFO - [2026-04-14T11:35:02.379+0900] {dag.py:4138} INFO - Setting next_dagrun for 07_msa_api_server_used_adv to 2026-04-14 00:00:00+00:00, run_after=2026-04-15 00:00:00+00:00
[2026-04-14T11:35:02.405+0900] {processor.py:208} INFO - Processing /opt/airflow/dags/07_msa_api_server_used_adv.py took 0.109 seconds
[2026-04-14T11:35:07.397+0900] {processor.py:186} INFO - Started process (PID=42876) to work on /opt/airflow/dags/07_msa_api_server_used_adv.py
[2026-04-14T11:35:07.398+0900] {processor.py:914} INFO - Processing file /opt/airflow/dags/07_msa_api_server_used_adv.py for tasks to queue
[2026-04-14T11:35:07.400+0900] {logging_mixin.py:190} INFO - [2026-04-14T11:35:07.400+0900] {dagbag.py:587} INFO - Filling up the DagBag from /opt/airflow/dags/07_msa_api_server_used_adv.py
[2026-04-14T11:35:07.424+0900] {processor.py:925} INFO - DAG(s) '07_msa_api_server_used_adv' retrieved from /opt/airflow/dags/07_msa_api_server_used_adv.py
[2026-04-14T11:35:07.445+0900] {logging_mixin.py:190} INFO - [2026-04-14T11:35:07.444+0900] {dag.py:3211} INFO - Sync 1 DAGs
[2026-04-14T11:35:07.462+0900] {logging_mixin.py:190} INFO - [2026-04-14T11:35:07.462+0900] {dag.py:4138} INFO - Setting next_dagrun for 07_msa_api_server_used_adv to 2026-04-14 00:00:00+00:00, run_after=2026-04-15 00:00:00+00:00
[2026-04-14T11:35:07.489+0900] {processor.py:208} INFO - Processing /opt/airflow/dags/07_msa_api_server_used_adv.py took 0.098 seconds
[2026-04-14T11:35:38.286+0900] {processor.py:186} INFO - Started process (PID=42901) to work on /opt/airflow/dags/07_msa_api_server_used_adv.py
[2026-04-14T11:35:38.287+0900] {processor.py:914} INFO - Processing file /opt/airflow/dags/07_msa_api_server_used_adv.py for tasks to queue
[2026-04-14T11:35:38.291+0900] {logging_mixin.py:190} INFO - [2026-04-14T11:35:38.291+0900] {dagbag.py:587} INFO - Filling up the DagBag from /opt/airflow/dags/07_msa_api_server_used_adv.py
[2026-04-14T11:35:38.329+0900] {processor.py:925} INFO - DAG(s) '07_msa_api_server_used_adv' retrieved from /opt/airflow/dags/07_msa_api_server_used_adv.py
[2026-04-14T11:35:38.365+0900] {logging_mixin.py:190} INFO - [2026-04-14T11:35:38.365+0900] {dag.py:3211} INFO - Sync 1 DAGs
[2026-04-14T11:35:38.394+0900] {logging_mixin.py:190} INFO - [2026-04-14T11:35:38.393+0900] {dag.py:4138} INFO - Setting next_dagrun for 07_msa_api_server_used_adv to 2026-04-14 00:00:00+00:00, run_after=2026-04-15 00:00:00+00:00
[2026-04-14T11:35:38.442+0900] {processor.py:208} INFO - Processing /opt/airflow/dags/07_msa_api_server_used_adv.py took 0.161 seconds
[2026-04-14T11:36:09.070+0900] {processor.py:186} INFO - Started process (PID=42920) to work on /opt/airflow/dags/07_msa_api_server_used_adv.py
[2026-04-14T11:36:09.071+0900] {processor.py:914} INFO - Processing file /opt/airflow/dags/07_msa_api_server_used_adv.py for tasks to queue
[2026-04-14T11:36:09.074+0900] {logging_mixin.py:190} INFO - [2026-04-14T11:36:09.073+0900] {dagbag.py:587} INFO - Filling up the DagBag from /opt/airflow/dags/07_msa_api_server_used_adv.py
[2026-04-14T11:36:09.105+0900] {processor.py:925} INFO - DAG(s) '07_msa_api_server_used_adv' retrieved from /opt/airflow/dags/07_msa_api_server_used_adv.py
[2026-04-14T11:36:09.127+0900] {logging_mixin.py:190} INFO - [2026-04-14T11:36:09.126+0900] {dag.py:3211} INFO - Sync 1 DAGs
[2026-04-14T11:36:09.145+0900] {logging_mixin.py:190} INFO - [2026-04-14T11:36:09.144+0900] {dag.py:4138} INFO - Setting next_dagrun for 07_msa_api_server_used_adv to 2026-04-14 00:00:00+00:00, run_after=2026-04-15 00:00:00+00:00
[2026-04-14T11:36:09.162+0900] {processor.py:208} INFO - Processing /opt/airflow/dags/07_msa_api_server_used_adv.py took 0.096 seconds
[2026-04-14T11:36:39.733+0900] {processor.py:186} INFO - Started process (PID=42939) to work on /opt/airflow/dags/07_msa_api_server_used_adv.py
[2026-04-14T11:36:39.734+0900] {processor.py:914} INFO - Processing file /opt/airflow/dags/07_msa_api_server_used_adv.py for tasks to queue
[2026-04-14T11:36:39.736+0900] {logging_mixin.py:190} INFO - [2026-04-14T11:36:39.736+0900] {dagbag.py:587} INFO - Filling up the DagBag from /opt/airflow/dags/07_msa_api_server_used_adv.py
[2026-04-14T11:36:39.760+0900] {processor.py:925} INFO - DAG(s) '07_msa_api_server_used_adv' retrieved from /opt/airflow/dags/07_msa_api_server_used_adv.py
[2026-04-14T11:36:39.784+0900] {logging_mixin.py:190} INFO - [2026-04-14T11:36:39.784+0900] {dag.py:3211} INFO - Sync 1 DAGs
[2026-04-14T11:36:39.802+0900] {logging_mixin.py:190} INFO - [2026-04-14T11:36:39.802+0900] {dag.py:4138} INFO - Setting next_dagrun for 07_msa_api_server_used_adv to 2026-04-14 00:00:00+00:00, run_after=2026-04-15 00:00:00+00:00
[2026-04-14T11:36:39.848+0900] {processor.py:208} INFO - Processing /opt/airflow/dags/07_msa_api_server_used_adv.py took 0.120 seconds
[2026-04-14T11:37:04.346+0900] {processor.py:186} INFO - Started process (PID=42958) to work on /opt/airflow/dags/07_msa_api_server_used_adv.py
[2026-04-14T11:37:04.348+0900] {processor.py:914} INFO - Processing file /opt/airflow/dags/07_msa_api_server_used_adv.py for tasks to queue
[2026-04-14T11:37:04.350+0900] {logging_mixin.py:190} INFO - [2026-04-14T11:37:04.350+0900] {dagbag.py:587} INFO - Filling up the DagBag from /opt/airflow/dags/07_msa_api_server_used_adv.py
[2026-04-14T11:37:04.379+0900] {processor.py:925} INFO - DAG(s) '07_msa_api_server_used_adv' retrieved from /opt/airflow/dags/07_msa_api_server_used_adv.py
[2026-04-14T11:37:04.402+0900] {logging_mixin.py:190} INFO - [2026-04-14T11:37:04.402+0900] {dag.py:3211} INFO - Sync 1 DAGs
[2026-04-14T11:37:04.423+0900] {logging_mixin.py:190} INFO - [2026-04-14T11:37:04.422+0900] {dag.py:4138} INFO - Setting next_dagrun for 07_msa_api_server_used_adv to 2026-04-14 00:00:00+00:00, run_after=2026-04-15 00:00:00+00:00
[2026-04-14T11:37:04.472+0900] {processor.py:208} INFO - Processing /opt/airflow/dags/07_msa_api_server_used_adv.py took 0.131 seconds
[2026-04-14T11:37:19.656+0900] {processor.py:186} INFO - Started process (PID=42969) to work on /opt/airflow/dags/07_msa_api_server_used_adv.py
[2026-04-14T11:37:19.657+0900] {processor.py:914} INFO - Processing file /opt/airflow/dags/07_msa_api_server_used_adv.py for tasks to queue
[2026-04-14T11:37:19.660+0900] {logging_mixin.py:190} INFO - [2026-04-14T11:37:19.659+0900] {dagbag.py:587} INFO - Filling up the DagBag from /opt/airflow/dags/07_msa_api_server_used_adv.py
[2026-04-14T11:37:19.722+0900] {processor.py:925} INFO - DAG(s) '07_msa_api_server_used_adv' retrieved from /opt/airflow/dags/07_msa_api_server_used_adv.py
[2026-04-14T11:37:19.812+0900] {logging_mixin.py:190} INFO - [2026-04-14T11:37:19.812+0900] {dag.py:3211} INFO - Sync 1 DAGs
[2026-04-14T11:37:19.827+0900] {logging_mixin.py:190} INFO - [2026-04-14T11:37:19.827+0900] {dag.py:4138} INFO - Setting next_dagrun for 07_msa_api_server_used_adv to 2026-04-14 00:00:00+00:00, run_after=2026-04-15 00:00:00+00:00
[2026-04-14T11:37:19.852+0900] {processor.py:208} INFO - Processing /opt/airflow/dags/07_msa_api_server_used_adv.py took 0.201 seconds
[2026-04-14T11:37:43.416+0900] {processor.py:186} INFO - Started process (PID=42978) to work on /opt/airflow/dags/07_msa_api_server_used_adv.py
[2026-04-14T11:37:43.417+0900] {processor.py:914} INFO - Processing file /opt/airflow/dags/07_msa_api_server_used_adv.py for tasks to queue
[2026-04-14T11:37:43.420+0900] {logging_mixin.py:190} INFO - [2026-04-14T11:37:43.420+0900] {dagbag.py:587} INFO - Filling up the DagBag from /opt/airflow/dags/07_msa_api_server_used_adv.py
[2026-04-14T11:37:43.505+0900] {processor.py:925} INFO - DAG(s) '07_msa_api_server_used_adv' retrieved from /opt/airflow/dags/07_msa_api_server_used_adv.py
[2026-04-14T11:37:43.515+0900] {logging_mixin.py:190} INFO - [2026-04-14T11:37:43.514+0900] {dag.py:3211} INFO - Sync 1 DAGs
[2026-04-14T11:37:43.534+0900] {logging_mixin.py:190} INFO - [2026-04-14T11:37:43.533+0900] {dag.py:4138} INFO - Setting next_dagrun for 07_msa_api_server_used_adv to 2026-04-14 00:00:00+00:00, run_after=2026-04-15 00:00:00+00:00
[2026-04-14T11:37:43.560+0900] {processor.py:208} INFO - Processing /opt/airflow/dags/07_msa_api_server_used_adv.py took 0.150 seconds
[2026-04-14T11:37:44.436+0900] {processor.py:186} INFO - Started process (PID=42979) to work on /opt/airflow/dags/07_msa_api_server_used_adv.py
[2026-04-14T11:37:44.438+0900] {processor.py:914} INFO - Processing file /opt/airflow/dags/07_msa_api_server_used_adv.py for tasks to queue
[2026-04-14T11:37:44.442+0900] {logging_mixin.py:190} INFO - [2026-04-14T11:37:44.442+0900] {dagbag.py:587} INFO - Filling up the DagBag from /opt/airflow/dags/07_msa_api_server_used_adv.py
[2026-04-14T11:37:44.464+0900] {processor.py:925} INFO - DAG(s) '07_msa_api_server_used_adv' retrieved from /opt/airflow/dags/07_msa_api_server_used_adv.py
[2026-04-14T11:37:44.475+0900] {logging_mixin.py:190} INFO - [2026-04-14T11:37:44.475+0900] {dag.py:3211} INFO - Sync 1 DAGs
[2026-04-14T11:37:44.499+0900] {logging_mixin.py:190} INFO - [2026-04-14T11:37:44.498+0900] {dag.py:4138} INFO - Setting next_dagrun for 07_msa_api_server_used_adv to 2026-04-14 00:00:00+00:00, run_after=2026-04-15 00:00:00+00:00
[2026-04-14T11:37:44.522+0900] {processor.py:208} INFO - Processing /opt/airflow/dags/07_msa_api_server_used_adv.py took 0.093 seconds
[2026-04-14T11:38:15.075+0900] {processor.py:186} INFO - Started process (PID=42998) to work on /opt/airflow/dags/07_msa_api_server_used_adv.py
[2026-04-14T11:38:15.076+0900] {processor.py:914} INFO - Processing file /opt/airflow/dags/07_msa_api_server_used_adv.py for tasks to queue
[2026-04-14T11:38:15.079+0900] {logging_mixin.py:190} INFO - [2026-04-14T11:38:15.078+0900] {dagbag.py:587} INFO - Filling up the DagBag from /opt/airflow/dags/07_msa_api_server_used_adv.py
[2026-04-14T11:38:15.105+0900] {processor.py:925} INFO - DAG(s) '07_msa_api_server_used_adv' retrieved from /opt/airflow/dags/07_msa_api_server_used_adv.py
[2026-04-14T11:38:15.128+0900] {logging_mixin.py:190} INFO - [2026-04-14T11:38:15.128+0900] {dag.py:3211} INFO - Sync 1 DAGs
[2026-04-14T11:38:15.146+0900] {logging_mixin.py:190} INFO - [2026-04-14T11:38:15.146+0900] {dag.py:4138} INFO - Setting next_dagrun for 07_msa_api_server_used_adv to 2026-04-14 00:00:00+00:00, run_after=2026-04-15 00:00:00+00:00
[2026-04-14T11:38:15.192+0900] {processor.py:208} INFO - Processing /opt/airflow/dags/07_msa_api_server_used_adv.py took 0.121 seconds
[2026-04-14T11:38:45.619+0900] {processor.py:186} INFO - Started process (PID=43016) to work on /opt/airflow/dags/07_msa_api_server_used_adv.py
[2026-04-14T11:38:45.620+0900] {processor.py:914} INFO - Processing file /opt/airflow/dags/07_msa_api_server_used_adv.py for tasks to queue
[2026-04-14T11:38:45.623+0900] {logging_mixin.py:190} INFO - [2026-04-14T11:38:45.622+0900] {dagbag.py:587} INFO - Filling up the DagBag from /opt/airflow/dags/07_msa_api_server_used_adv.py
[2026-04-14T11:38:45.649+0900] {processor.py:925} INFO - DAG(s) '07_msa_api_server_used_adv' retrieved from /opt/airflow/dags/07_msa_api_server_used_adv.py
[2026-04-14T11:38:45.670+0900] {logging_mixin.py:190} INFO - [2026-04-14T11:38:45.670+0900] {dag.py:3211} INFO - Sync 1 DAGs
[2026-04-14T11:38:45.687+0900] {logging_mixin.py:190} INFO - [2026-04-14T11:38:45.687+0900] {dag.py:4138} INFO - Setting next_dagrun for 07_msa_api_server_used_adv to 2026-04-14 00:00:00+00:00, run_after=2026-04-15 00:00:00+00:00
[2026-04-14T11:38:45.733+0900] {processor.py:208} INFO - Processing /opt/airflow/dags/07_msa_api_server_used_adv.py took 0.119 seconds
[2026-04-14T11:39:16.247+0900] {processor.py:186} INFO - Started process (PID=43035) to work on /opt/airflow/dags/07_msa_api_server_used_adv.py
[2026-04-14T11:39:16.248+0900] {processor.py:914} INFO - Processing file /opt/airflow/dags/07_msa_api_server_used_adv.py for tasks to queue
[2026-04-14T11:39:16.251+0900] {logging_mixin.py:190} INFO - [2026-04-14T11:39:16.250+0900] {dagbag.py:587} INFO - Filling up the DagBag from /opt/airflow/dags/07_msa_api_server_used_adv.py
[2026-04-14T11:39:16.279+0900] {processor.py:925} INFO - DAG(s) '07_msa_api_server_used_adv' retrieved from /opt/airflow/dags/07_msa_api_server_used_adv.py
[2026-04-14T11:39:16.301+0900] {logging_mixin.py:190} INFO - [2026-04-14T11:39:16.301+0900] {dag.py:3211} INFO - Sync 1 DAGs
[2026-04-14T11:39:16.320+0900] {logging_mixin.py:190} INFO - [2026-04-14T11:39:16.320+0900] {dag.py:4138} INFO - Setting next_dagrun for 07_msa_api_server_used_adv to 2026-04-14 00:00:00+00:00, run_after=2026-04-15 00:00:00+00:00
[2026-04-14T11:39:16.337+0900] {processor.py:208} INFO - Processing /opt/airflow/dags/07_msa_api_server_used_adv.py took 0.095 seconds
[2026-04-14T11:39:46.697+0900] {processor.py:186} INFO - Started process (PID=43054) to work on /opt/airflow/dags/07_msa_api_server_used_adv.py
[2026-04-14T11:39:46.699+0900] {processor.py:914} INFO - Processing file /opt/airflow/dags/07_msa_api_server_used_adv.py for tasks to queue
[2026-04-14T11:39:46.701+0900] {logging_mixin.py:190} INFO - [2026-04-14T11:39:46.701+0900] {dagbag.py:587} INFO - Filling up the DagBag from /opt/airflow/dags/07_msa_api_server_used_adv.py
[2026-04-14T11:39:46.719+0900] {processor.py:925} INFO - DAG(s) '07_msa_api_server_used_adv' retrieved from /opt/airflow/dags/07_msa_api_server_used_adv.py
[2026-04-14T11:39:46.744+0900] {logging_mixin.py:190} INFO - [2026-04-14T11:39:46.744+0900] {dag.py:3211} INFO - Sync 1 DAGs
[2026-04-14T11:39:46.763+0900] {logging_mixin.py:190} INFO - [2026-04-14T11:39:46.763+0900] {dag.py:4138} INFO - Setting next_dagrun for 07_msa_api_server_used_adv to 2026-04-14 00:00:00+00:00, run_after=2026-04-15 00:00:00+00:00
[2026-04-14T11:39:46.807+0900] {processor.py:208} INFO - Processing /opt/airflow/dags/07_msa_api_server_used_adv.py took 0.116 seconds
[2026-04-14T11:40:17.107+0900] {processor.py:186} INFO - Started process (PID=43073) to work on /opt/airflow/dags/07_msa_api_server_used_adv.py
[2026-04-14T11:40:17.108+0900] {processor.py:914} INFO - Processing file /opt/airflow/dags/07_msa_api_server_used_adv.py for tasks to queue
[2026-04-14T11:40:17.110+0900] {logging_mixin.py:190} INFO - [2026-04-14T11:40:17.110+0900] {dagbag.py:587} INFO - Filling up the DagBag from /opt/airflow/dags/07_msa_api_server_used_adv.py
[2026-04-14T11:40:17.136+0900] {processor.py:925} INFO - DAG(s) '07_msa_api_server_used_adv' retrieved from /opt/airflow/dags/07_msa_api_server_used_adv.py
[2026-04-14T11:40:17.164+0900] {logging_mixin.py:190} INFO - [2026-04-14T11:40:17.164+0900] {dag.py:3211} INFO - Sync 1 DAGs
[2026-04-14T11:40:17.186+0900] {logging_mixin.py:190} INFO - [2026-04-14T11:40:17.186+0900] {dag.py:4138} INFO - Setting next_dagrun for 07_msa_api_server_used_adv to 2026-04-14 00:00:00+00:00, run_after=2026-04-15 00:00:00+00:00
[2026-04-14T11:40:17.204+0900] {processor.py:208} INFO - Processing /opt/airflow/dags/07_msa_api_server_used_adv.py took 0.103 seconds
[2026-04-14T11:40:47.563+0900] {processor.py:186} INFO - Started process (PID=43092) to work on /opt/airflow/dags/07_msa_api_server_used_adv.py
[2026-04-14T11:40:47.564+0900] {processor.py:914} INFO - Processing file /opt/airflow/dags/07_msa_api_server_used_adv.py for tasks to queue
[2026-04-14T11:40:47.566+0900] {logging_mixin.py:190} INFO - [2026-04-14T11:40:47.566+0900] {dagbag.py:587} INFO - Filling up the DagBag from /opt/airflow/dags/07_msa_api_server_used_adv.py
[2026-04-14T11:40:47.584+0900] {processor.py:925} INFO - DAG(s) '07_msa_api_server_used_adv' retrieved from /opt/airflow/dags/07_msa_api_server_used_adv.py
[2026-04-14T11:40:47.606+0900] {logging_mixin.py:190} INFO - [2026-04-14T11:40:47.606+0900] {dag.py:3211} INFO - Sync 1 DAGs
[2026-04-14T11:40:47.625+0900] {logging_mixin.py:190} INFO - [2026-04-14T11:40:47.624+0900] {dag.py:4138} INFO - Setting next_dagrun for 07_msa_api_server_used_adv to 2026-04-14 00:00:00+00:00, run_after=2026-04-15 00:00:00+00:00
[2026-04-14T11:40:47.640+0900] {processor.py:208} INFO - Processing /opt/airflow/dags/07_msa_api_server_used_adv.py took 0.083 seconds
[2026-04-14T11:41:18.239+0900] {processor.py:186} INFO - Started process (PID=43111) to work on /opt/airflow/dags/07_msa_api_server_used_adv.py
[2026-04-14T11:41:18.240+0900] {processor.py:914} INFO - Processing file /opt/airflow/dags/07_msa_api_server_used_adv.py for tasks to queue
[2026-04-14T11:41:18.243+0900] {logging_mixin.py:190} INFO - [2026-04-14T11:41:18.243+0900] {dagbag.py:587} INFO - Filling up the DagBag from /opt/airflow/dags/07_msa_api_server_used_adv.py
[2026-04-14T11:41:18.264+0900] {processor.py:925} INFO - DAG(s) '07_msa_api_server_used_adv' retrieved from /opt/airflow/dags/07_msa_api_server_used_adv.py
[2026-04-14T11:41:18.285+0900] {logging_mixin.py:190} INFO - [2026-04-14T11:41:18.285+0900] {dag.py:3211} INFO - Sync 1 DAGs
[2026-04-14T11:41:18.302+0900] {logging_mixin.py:190} INFO - [2026-04-14T11:41:18.302+0900] {dag.py:4138} INFO - Setting next_dagrun for 07_msa_api_server_used_adv to 2026-04-14 00:00:00+00:00, run_after=2026-04-15 00:00:00+00:00
[2026-04-14T11:41:18.316+0900] {processor.py:208} INFO - Processing /opt/airflow/dags/07_msa_api_server_used_adv.py took 0.082 seconds
[2026-04-14T11:41:48.776+0900] {processor.py:186} INFO - Started process (PID=43130) to work on /opt/airflow/dags/07_msa_api_server_used_adv.py
[2026-04-14T11:41:48.777+0900] {processor.py:914} INFO - Processing file /opt/airflow/dags/07_msa_api_server_used_adv.py for tasks to queue
[2026-04-14T11:41:48.779+0900] {logging_mixin.py:190} INFO - [2026-04-14T11:41:48.779+0900] {dagbag.py:587} INFO - Filling up the DagBag from /opt/airflow/dags/07_msa_api_server_used_adv.py
[2026-04-14T11:41:48.803+0900] {processor.py:925} INFO - DAG(s) '07_msa_api_server_used_adv' retrieved from /opt/airflow/dags/07_msa_api_server_used_adv.py
[2026-04-14T11:41:48.824+0900] {logging_mixin.py:190} INFO - [2026-04-14T11:41:48.824+0900] {dag.py:3211} INFO - Sync 1 DAGs
[2026-04-14T11:41:48.842+0900] {logging_mixin.py:190} INFO - [2026-04-14T11:41:48.841+0900] {dag.py:4138} INFO - Setting next_dagrun for 07_msa_api_server_used_adv to 2026-04-14 00:00:00+00:00, run_after=2026-04-15 00:00:00+00:00
[2026-04-14T11:41:48.877+0900] {processor.py:208} INFO - Processing /opt/airflow/dags/07_msa_api_server_used_adv.py took 0.106 seconds
[2026-04-14T11:42:19.379+0900] {processor.py:186} INFO - Started process (PID=43149) to work on /opt/airflow/dags/07_msa_api_server_used_adv.py
[2026-04-14T11:42:19.380+0900] {processor.py:914} INFO - Processing file /opt/airflow/dags/07_msa_api_server_used_adv.py for tasks to queue
[2026-04-14T11:42:19.382+0900] {logging_mixin.py:190} INFO - [2026-04-14T11:42:19.381+0900] {dagbag.py:587} INFO - Filling up the DagBag from /opt/airflow/dags/07_msa_api_server_used_adv.py
[2026-04-14T11:42:19.398+0900] {processor.py:925} INFO - DAG(s) '07_msa_api_server_used_adv' retrieved from /opt/airflow/dags/07_msa_api_server_used_adv.py
[2026-04-14T11:42:19.418+0900] {logging_mixin.py:190} INFO - [2026-04-14T11:42:19.418+0900] {dag.py:3211} INFO - Sync 1 DAGs
[2026-04-14T11:42:19.435+0900] {logging_mixin.py:190} INFO - [2026-04-14T11:42:19.435+0900] {dag.py:4138} INFO - Setting next_dagrun for 07_msa_api_server_used_adv to 2026-04-14 00:00:00+00:00, run_after=2026-04-15 00:00:00+00:00
[2026-04-14T11:42:19.479+0900] {processor.py:208} INFO - Processing /opt/airflow/dags/07_msa_api_server_used_adv.py took 0.105 seconds
[2026-04-14T11:42:50.129+0900] {processor.py:186} INFO - Started process (PID=43168) to work on /opt/airflow/dags/07_msa_api_server_used_adv.py
[2026-04-14T11:42:50.131+0900] {processor.py:914} INFO - Processing file /opt/airflow/dags/07_msa_api_server_used_adv.py for tasks to queue
[2026-04-14T11:42:50.133+0900] {logging_mixin.py:190} INFO - [2026-04-14T11:42:50.133+0900] {dagbag.py:587} INFO - Filling up the DagBag from /opt/airflow/dags/07_msa_api_server_used_adv.py
[2026-04-14T11:42:50.163+0900] {processor.py:925} INFO - DAG(s) '07_msa_api_server_used_adv' retrieved from /opt/airflow/dags/07_msa_api_server_used_adv.py
[2026-04-14T11:42:50.183+0900] {logging_mixin.py:190} INFO - [2026-04-14T11:42:50.183+0900] {dag.py:3211} INFO - Sync 1 DAGs
[2026-04-14T11:42:50.200+0900] {logging_mixin.py:190} INFO - [2026-04-14T11:42:50.200+0900] {dag.py:4138} INFO - Setting next_dagrun for 07_msa_api_server_used_adv to 2026-04-14 00:00:00+00:00, run_after=2026-04-15 00:00:00+00:00
[2026-04-14T11:42:50.244+0900] {processor.py:208} INFO - Processing /opt/airflow/dags/07_msa_api_server_used_adv.py took 0.119 seconds
[2026-04-14T11:43:20.728+0900] {processor.py:186} INFO - Started process (PID=43187) to work on /opt/airflow/dags/07_msa_api_server_used_adv.py
[2026-04-14T11:43:20.729+0900] {processor.py:914} INFO - Processing file /opt/airflow/dags/07_msa_api_server_used_adv.py for tasks to queue
[2026-04-14T11:43:20.731+0900] {logging_mixin.py:190} INFO - [2026-04-14T11:43:20.731+0900] {dagbag.py:587} INFO - Filling up the DagBag from /opt/airflow/dags/07_msa_api_server_used_adv.py
[2026-04-14T11:43:20.752+0900] {processor.py:925} INFO - DAG(s) '07_msa_api_server_used_adv' retrieved from /opt/airflow/dags/07_msa_api_server_used_adv.py
[2026-04-14T11:43:20.772+0900] {logging_mixin.py:190} INFO - [2026-04-14T11:43:20.772+0900] {dag.py:3211} INFO - Sync 1 DAGs
[2026-04-14T11:43:20.790+0900] {logging_mixin.py:190} INFO - [2026-04-14T11:43:20.790+0900] {dag.py:4138} INFO - Setting next_dagrun for 07_msa_api_server_used_adv to 2026-04-14 00:00:00+00:00, run_after=2026-04-15 00:00:00+00:00
[2026-04-14T11:43:20.833+0900] {processor.py:208} INFO - Processing /opt/airflow/dags/07_msa_api_server_used_adv.py took 0.110 seconds
[2026-04-14T11:43:51.340+0900] {processor.py:186} INFO - Started process (PID=43206) to work on /opt/airflow/dags/07_msa_api_server_used_adv.py
[2026-04-14T11:43:51.341+0900] {processor.py:914} INFO - Processing file /opt/airflow/dags/07_msa_api_server_used_adv.py for tasks to queue
[2026-04-14T11:43:51.343+0900] {logging_mixin.py:190} INFO - [2026-04-14T11:43:51.343+0900] {dagbag.py:587} INFO - Filling up the DagBag from /opt/airflow/dags/07_msa_api_server_used_adv.py
[2026-04-14T11:43:51.376+0900] {processor.py:925} INFO - DAG(s) '07_msa_api_server_used_adv' retrieved from /opt/airflow/dags/07_msa_api_server_used_adv.py
[2026-04-14T11:43:51.398+0900] {logging_mixin.py:190} INFO - [2026-04-14T11:43:51.397+0900] {dag.py:3211} INFO - Sync 1 DAGs
[2026-04-14T11:43:51.414+0900] {logging_mixin.py:190} INFO - [2026-04-14T11:43:51.414+0900] {dag.py:4138} INFO - Setting next_dagrun for 07_msa_api_server_used_adv to 2026-04-14 00:00:00+00:00, run_after=2026-04-15 00:00:00+00:00
[2026-04-14T11:43:51.459+0900] {processor.py:208} INFO - Processing /opt/airflow/dags/07_msa_api_server_used_adv.py took 0.125 seconds
[2026-04-14T11:44:21.840+0900] {processor.py:186} INFO - Started process (PID=43225) to work on /opt/airflow/dags/07_msa_api_server_used_adv.py
[2026-04-14T11:44:21.841+0900] {processor.py:914} INFO - Processing file /opt/airflow/dags/07_msa_api_server_used_adv.py for tasks to queue
[2026-04-14T11:44:21.844+0900] {logging_mixin.py:190} INFO - [2026-04-14T11:44:21.843+0900] {dagbag.py:587} INFO - Filling up the DagBag from /opt/airflow/dags/07_msa_api_server_used_adv.py
[2026-04-14T11:44:21.863+0900] {processor.py:925} INFO - DAG(s) '07_msa_api_server_used_adv' retrieved from /opt/airflow/dags/07_msa_api_server_used_adv.py
[2026-04-14T11:44:21.882+0900] {logging_mixin.py:190} INFO - [2026-04-14T11:44:21.882+0900] {dag.py:3211} INFO - Sync 1 DAGs
[2026-04-14T11:44:21.899+0900] {logging_mixin.py:190} INFO - [2026-04-14T11:44:21.899+0900] {dag.py:4138} INFO - Setting next_dagrun for 07_msa_api_server_used_adv to 2026-04-14 00:00:00+00:00, run_after=2026-04-15 00:00:00+00:00
[2026-04-14T11:44:21.944+0900] {processor.py:208} INFO - Processing /opt/airflow/dags/07_msa_api_server_used_adv.py took 0.109 seconds
[2026-04-14T11:44:52.292+0900] {processor.py:186} INFO - Started process (PID=43244) to work on /opt/airflow/dags/07_msa_api_server_used_adv.py
[2026-04-14T11:44:52.294+0900] {processor.py:914} INFO - Processing file /opt/airflow/dags/07_msa_api_server_used_adv.py for tasks to queue
[2026-04-14T11:44:52.296+0900] {logging_mixin.py:190} INFO - [2026-04-14T11:44:52.296+0900] {dagbag.py:587} INFO - Filling up the DagBag from /opt/airflow/dags/07_msa_api_server_used_adv.py
[2026-04-14T11:44:52.324+0900] {processor.py:925} INFO - DAG(s) '07_msa_api_server_used_adv' retrieved from /opt/airflow/dags/07_msa_api_server_used_adv.py
[2026-04-14T11:44:52.347+0900] {logging_mixin.py:190} INFO - [2026-04-14T11:44:52.347+0900] {dag.py:3211} INFO - Sync 1 DAGs
[2026-04-14T11:44:52.365+0900] {logging_mixin.py:190} INFO - [2026-04-14T11:44:52.365+0900] {dag.py:4138} INFO - Setting next_dagrun for 07_msa_api_server_used_adv to 2026-04-14 00:00:00+00:00, run_after=2026-04-15 00:00:00+00:00
[2026-04-14T11:44:52.382+0900] {processor.py:208} INFO - Processing /opt/airflow/dags/07_msa_api_server_used_adv.py took 0.095 seconds
[2026-04-14T11:45:23.115+0900] {processor.py:186} INFO - Started process (PID=43263) to work on /opt/airflow/dags/07_msa_api_server_used_adv.py
[2026-04-14T11:45:23.116+0900] {processor.py:914} INFO - Processing file /opt/airflow/dags/07_msa_api_server_used_adv.py for tasks to queue
[2026-04-14T11:45:23.118+0900] {logging_mixin.py:190} INFO - [2026-04-14T11:45:23.118+0900] {dagbag.py:587} INFO - Filling up the DagBag from /opt/airflow/dags/07_msa_api_server_used_adv.py
[2026-04-14T11:45:23.165+0900] {processor.py:925} INFO - DAG(s) '07_msa_api_server_used_adv' retrieved from /opt/airflow/dags/07_msa_api_server_used_adv.py
[2026-04-14T11:45:23.187+0900] {logging_mixin.py:190} INFO - [2026-04-14T11:45:23.187+0900] {dag.py:3211} INFO - Sync 1 DAGs
[2026-04-14T11:45:23.205+0900] {logging_mixin.py:190} INFO - [2026-04-14T11:45:23.205+0900] {dag.py:4138} INFO - Setting next_dagrun for 07_msa_api_server_used_adv to 2026-04-14 00:00:00+00:00, run_after=2026-04-15 00:00:00+00:00
[2026-04-14T11:45:23.219+0900] {processor.py:208} INFO - Processing /opt/airflow/dags/07_msa_api_server_used_adv.py took 0.110 seconds
[2026-04-14T11:45:53.924+0900] {processor.py:186} INFO - Started process (PID=43282) to work on /opt/airflow/dags/07_msa_api_server_used_adv.py
[2026-04-14T11:45:53.926+0900] {processor.py:914} INFO - Processing file /opt/airflow/dags/07_msa_api_server_used_adv.py for tasks to queue
[2026-04-14T11:45:53.928+0900] {logging_mixin.py:190} INFO - [2026-04-14T11:45:53.928+0900] {dagbag.py:587} INFO - Filling up the DagBag from /opt/airflow/dags/07_msa_api_server_used_adv.py
[2026-04-14T11:45:53.965+0900] {processor.py:925} INFO - DAG(s) '07_msa_api_server_used_adv' retrieved from /opt/airflow/dags/07_msa_api_server_used_adv.py
[2026-04-14T11:45:53.988+0900] {logging_mixin.py:190} INFO - [2026-04-14T11:45:53.988+0900] {dag.py:3211} INFO - Sync 1 DAGs
[2026-04-14T11:45:54.006+0900] {logging_mixin.py:190} INFO - [2026-04-14T11:45:54.006+0900] {dag.py:4138} INFO - Setting next_dagrun for 07_msa_api_server_used_adv to 2026-04-14 00:00:00+00:00, run_after=2026-04-15 00:00:00+00:00
[2026-04-14T11:45:54.051+0900] {processor.py:208} INFO - Processing /opt/airflow/dags/07_msa_api_server_used_adv.py took 0.131 seconds
[2026-04-14T11:46:24.852+0900] {processor.py:186} INFO - Started process (PID=43301) to work on /opt/airflow/dags/07_msa_api_server_used_adv.py
[2026-04-14T11:46:24.853+0900] {processor.py:914} INFO - Processing file /opt/airflow/dags/07_msa_api_server_used_adv.py for tasks to queue
[2026-04-14T11:46:24.855+0900] {logging_mixin.py:190} INFO - [2026-04-14T11:46:24.855+0900] {dagbag.py:587} INFO - Filling up the DagBag from /opt/airflow/dags/07_msa_api_server_used_adv.py
[2026-04-14T11:46:24.878+0900] {processor.py:925} INFO - DAG(s) '07_msa_api_server_used_adv' retrieved from /opt/airflow/dags/07_msa_api_server_used_adv.py
[2026-04-14T11:46:24.903+0900] {logging_mixin.py:190} INFO - [2026-04-14T11:46:24.903+0900] {dag.py:3211} INFO - Sync 1 DAGs
[2026-04-14T11:46:24.926+0900] {logging_mixin.py:190} INFO - [2026-04-14T11:46:24.926+0900] {dag.py:4138} INFO - Setting next_dagrun for 07_msa_api_server_used_adv to 2026-04-14 00:00:00+00:00, run_after=2026-04-15 00:00:00+00:00
[2026-04-14T11:46:24.944+0900] {processor.py:208} INFO - Processing /opt/airflow/dags/07_msa_api_server_used_adv.py took 0.097 seconds
[2026-04-14T11:46:55.724+0900] {processor.py:186} INFO - Started process (PID=43319) to work on /opt/airflow/dags/07_msa_api_server_used_adv.py
[2026-04-14T11:46:55.725+0900] {processor.py:914} INFO - Processing file /opt/airflow/dags/07_msa_api_server_used_adv.py for tasks to queue
[2026-04-14T11:46:55.727+0900] {logging_mixin.py:190} INFO - [2026-04-14T11:46:55.727+0900] {dagbag.py:587} INFO - Filling up the DagBag from /opt/airflow/dags/07_msa_api_server_used_adv.py
[2026-04-14T11:46:55.749+0900] {processor.py:925} INFO - DAG(s) '07_msa_api_server_used_adv' retrieved from /opt/airflow/dags/07_msa_api_server_used_adv.py
[2026-04-14T11:46:55.773+0900] {logging_mixin.py:190} INFO - [2026-04-14T11:46:55.773+0900] {dag.py:3211} INFO - Sync 1 DAGs
[2026-04-14T11:46:55.793+0900] {logging_mixin.py:190} INFO - [2026-04-14T11:46:55.793+0900] {dag.py:4138} INFO - Setting next_dagrun for 07_msa_api_server_used_adv to 2026-04-14 00:00:00+00:00, run_after=2026-04-15 00:00:00+00:00
[2026-04-14T11:46:55.810+0900] {processor.py:208} INFO - Processing /opt/airflow/dags/07_msa_api_server_used_adv.py took 0.091 seconds
[2026-04-14T11:47:26.508+0900] {processor.py:186} INFO - Started process (PID=43338) to work on /opt/airflow/dags/07_msa_api_server_used_adv.py
[2026-04-14T11:47:26.509+0900] {processor.py:914} INFO - Processing file /opt/airflow/dags/07_msa_api_server_used_adv.py for tasks to queue
[2026-04-14T11:47:26.512+0900] {logging_mixin.py:190} INFO - [2026-04-14T11:47:26.511+0900] {dagbag.py:587} INFO - Filling up the DagBag from /opt/airflow/dags/07_msa_api_server_used_adv.py
[2026-04-14T11:47:26.550+0900] {processor.py:925} INFO - DAG(s) '07_msa_api_server_used_adv' retrieved from /opt/airflow/dags/07_msa_api_server_used_adv.py
[2026-04-14T11:47:26.571+0900] {logging_mixin.py:190} INFO - [2026-04-14T11:47:26.571+0900] {dag.py:3211} INFO - Sync 1 DAGs
[2026-04-14T11:47:26.588+0900] {logging_mixin.py:190} INFO - [2026-04-14T11:47:26.588+0900] {dag.py:4138} INFO - Setting next_dagrun for 07_msa_api_server_used_adv to 2026-04-14 00:00:00+00:00, run_after=2026-04-15 00:00:00+00:00
[2026-04-14T11:47:26.611+0900] {processor.py:208} INFO - Processing /opt/airflow/dags/07_msa_api_server_used_adv.py took 0.108 seconds
[2026-04-14T11:47:57.684+0900] {processor.py:186} INFO - Started process (PID=43357) to work on /opt/airflow/dags/07_msa_api_server_used_adv.py
[2026-04-14T11:47:57.686+0900] {processor.py:914} INFO - Processing file /opt/airflow/dags/07_msa_api_server_used_adv.py for tasks to queue
[2026-04-14T11:47:57.688+0900] {logging_mixin.py:190} INFO - [2026-04-14T11:47:57.688+0900] {dagbag.py:587} INFO - Filling up the DagBag from /opt/airflow/dags/07_msa_api_server_used_adv.py
[2026-04-14T11:47:57.723+0900] {processor.py:925} INFO - DAG(s) '07_msa_api_server_used_adv' retrieved from /opt/airflow/dags/07_msa_api_server_used_adv.py
[2026-04-14T11:47:57.744+0900] {logging_mixin.py:190} INFO - [2026-04-14T11:47:57.744+0900] {dag.py:3211} INFO - Sync 1 DAGs
[2026-04-14T11:47:57.761+0900] {logging_mixin.py:190} INFO - [2026-04-14T11:47:57.761+0900] {dag.py:4138} INFO - Setting next_dagrun for 07_msa_api_server_used_adv to 2026-04-14 00:00:00+00:00, run_after=2026-04-15 00:00:00+00:00
[2026-04-14T11:47:57.776+0900] {processor.py:208} INFO - Processing /opt/airflow/dags/07_msa_api_server_used_adv.py took 0.098 seconds
[2026-04-14T11:48:28.411+0900] {processor.py:186} INFO - Started process (PID=43376) to work on /opt/airflow/dags/07_msa_api_server_used_adv.py
[2026-04-14T11:48:28.412+0900] {processor.py:914} INFO - Processing file /opt/airflow/dags/07_msa_api_server_used_adv.py for tasks to queue
[2026-04-14T11:48:28.415+0900] {logging_mixin.py:190} INFO - [2026-04-14T11:48:28.415+0900] {dagbag.py:587} INFO - Filling up the DagBag from /opt/airflow/dags/07_msa_api_server_used_adv.py
[2026-04-14T11:48:28.453+0900] {processor.py:925} INFO - DAG(s) '07_msa_api_server_used_adv' retrieved from /opt/airflow/dags/07_msa_api_server_used_adv.py
[2026-04-14T11:48:28.473+0900] {logging_mixin.py:190} INFO - [2026-04-14T11:48:28.472+0900] {dag.py:3211} INFO - Sync 1 DAGs
[2026-04-14T11:48:28.489+0900] {logging_mixin.py:190} INFO - [2026-04-14T11:48:28.489+0900] {dag.py:4138} INFO - Setting next_dagrun for 07_msa_api_server_used_adv to 2026-04-14 00:00:00+00:00, run_after=2026-04-15 00:00:00+00:00
[2026-04-14T11:48:28.535+0900] {processor.py:208} INFO - Processing /opt/airflow/dags/07_msa_api_server_used_adv.py took 0.127 seconds
[2026-04-14T11:48:59.406+0900] {processor.py:186} INFO - Started process (PID=43395) to work on /opt/airflow/dags/07_msa_api_server_used_adv.py
[2026-04-14T11:48:59.407+0900] {processor.py:914} INFO - Processing file /opt/airflow/dags/07_msa_api_server_used_adv.py for tasks to queue
[2026-04-14T11:48:59.411+0900] {logging_mixin.py:190} INFO - [2026-04-14T11:48:59.410+0900] {dagbag.py:587} INFO - Filling up the DagBag from /opt/airflow/dags/07_msa_api_server_used_adv.py
[2026-04-14T11:48:59.454+0900] {processor.py:925} INFO - DAG(s) '07_msa_api_server_used_adv' retrieved from /opt/airflow/dags/07_msa_api_server_used_adv.py
[2026-04-14T11:48:59.477+0900] {logging_mixin.py:190} INFO - [2026-04-14T11:48:59.477+0900] {dag.py:3211} INFO - Sync 1 DAGs
[2026-04-14T11:48:59.495+0900] {logging_mixin.py:190} INFO - [2026-04-14T11:48:59.494+0900] {dag.py:4138} INFO - Setting next_dagrun for 07_msa_api_server_used_adv to 2026-04-14 00:00:00+00:00, run_after=2026-04-15 00:00:00+00:00
[2026-04-14T11:48:59.544+0900] {processor.py:208} INFO - Processing /opt/airflow/dags/07_msa_api_server_used_adv.py took 0.143 seconds
[2026-04-14T11:49:30.317+0900] {processor.py:186} INFO - Started process (PID=43414) to work on /opt/airflow/dags/07_msa_api_server_used_adv.py
[2026-04-14T11:49:30.318+0900] {processor.py:914} INFO - Processing file /opt/airflow/dags/07_msa_api_server_used_adv.py for tasks to queue
[2026-04-14T11:49:30.321+0900] {logging_mixin.py:190} INFO - [2026-04-14T11:49:30.320+0900] {dagbag.py:587} INFO - Filling up the DagBag from /opt/airflow/dags/07_msa_api_server_used_adv.py
[2026-04-14T11:49:30.361+0900] {processor.py:925} INFO - DAG(s) '07_msa_api_server_used_adv' retrieved from /opt/airflow/dags/07_msa_api_server_used_adv.py
[2026-04-14T11:49:30.383+0900] {logging_mixin.py:190} INFO - [2026-04-14T11:49:30.383+0900] {dag.py:3211} INFO - Sync 1 DAGs
[2026-04-14T11:49:30.401+0900] {logging_mixin.py:190} INFO - [2026-04-14T11:49:30.401+0900] {dag.py:4138} INFO - Setting next_dagrun for 07_msa_api_server_used_adv to 2026-04-14 00:00:00+00:00, run_after=2026-04-15 00:00:00+00:00
[2026-04-14T11:49:30.446+0900] {processor.py:208} INFO - Processing /opt/airflow/dags/07_msa_api_server_used_adv.py took 0.135 seconds
[2026-04-14T11:50:01.011+0900] {processor.py:186} INFO - Started process (PID=43433) to work on /opt/airflow/dags/07_msa_api_server_used_adv.py
[2026-04-14T11:50:01.013+0900] {processor.py:914} INFO - Processing file /opt/airflow/dags/07_msa_api_server_used_adv.py for tasks to queue
[2026-04-14T11:50:01.015+0900] {logging_mixin.py:190} INFO - [2026-04-14T11:50:01.015+0900] {dagbag.py:587} INFO - Filling up the DagBag from /opt/airflow/dags/07_msa_api_server_used_adv.py
[2026-04-14T11:50:01.052+0900] {processor.py:925} INFO - DAG(s) '07_msa_api_server_used_adv' retrieved from /opt/airflow/dags/07_msa_api_server_used_adv.py
[2026-04-14T11:50:01.075+0900] {logging_mixin.py:190} INFO - [2026-04-14T11:50:01.075+0900] {dag.py:3211} INFO - Sync 1 DAGs
[2026-04-14T11:50:01.092+0900] {logging_mixin.py:190} INFO - [2026-04-14T11:50:01.092+0900] {dag.py:4138} INFO - Setting next_dagrun for 07_msa_api_server_used_adv to 2026-04-14 00:00:00+00:00, run_after=2026-04-15 00:00:00+00:00
[2026-04-14T11:50:01.138+0900] {processor.py:208} INFO - Processing /opt/airflow/dags/07_msa_api_server_used_adv.py took 0.132 seconds
[2026-04-14T11:50:31.974+0900] {processor.py:186} INFO - Started process (PID=43458) to work on /opt/airflow/dags/07_msa_api_server_used_adv.py
[2026-04-14T11:50:31.976+0900] {processor.py:914} INFO - Processing file /opt/airflow/dags/07_msa_api_server_used_adv.py for tasks to queue
[2026-04-14T11:50:31.979+0900] {logging_mixin.py:190} INFO - [2026-04-14T11:50:31.979+0900] {dagbag.py:587} INFO - Filling up the DagBag from /opt/airflow/dags/07_msa_api_server_used_adv.py
[2026-04-14T11:50:32.012+0900] {processor.py:925} INFO - DAG(s) '07_msa_api_server_used_adv' retrieved from /opt/airflow/dags/07_msa_api_server_used_adv.py
[2026-04-14T11:50:32.031+0900] {logging_mixin.py:190} INFO - [2026-04-14T11:50:32.031+0900] {dag.py:3211} INFO - Sync 1 DAGs
[2026-04-14T11:50:32.048+0900] {logging_mixin.py:190} INFO - [2026-04-14T11:50:32.048+0900] {dag.py:4138} INFO - Setting next_dagrun for 07_msa_api_server_used_adv to 2026-04-14 00:00:00+00:00, run_after=2026-04-15 00:00:00+00:00
[2026-04-14T11:50:32.089+0900] {processor.py:208} INFO - Processing /opt/airflow/dags/07_msa_api_server_used_adv.py took 0.120 seconds
[2026-04-14T11:51:02.957+0900] {processor.py:186} INFO - Started process (PID=43477) to work on /opt/airflow/dags/07_msa_api_server_used_adv.py
[2026-04-14T11:51:02.958+0900] {processor.py:914} INFO - Processing file /opt/airflow/dags/07_msa_api_server_used_adv.py for tasks to queue
[2026-04-14T11:51:02.961+0900] {logging_mixin.py:190} INFO - [2026-04-14T11:51:02.960+0900] {dagbag.py:587} INFO - Filling up the DagBag from /opt/airflow/dags/07_msa_api_server_used_adv.py
[2026-04-14T11:51:02.993+0900] {processor.py:925} INFO - DAG(s) '07_msa_api_server_used_adv' retrieved from /opt/airflow/dags/07_msa_api_server_used_adv.py
[2026-04-14T11:51:03.018+0900] {logging_mixin.py:190} INFO - [2026-04-14T11:51:03.018+0900] {dag.py:3211} INFO - Sync 1 DAGs
[2026-04-14T11:51:03.039+0900] {logging_mixin.py:190} INFO - [2026-04-14T11:51:03.039+0900] {dag.py:4138} INFO - Setting next_dagrun for 07_msa_api_server_used_adv to 2026-04-14 00:00:00+00:00, run_after=2026-04-15 00:00:00+00:00
[2026-04-14T11:51:03.078+0900] {processor.py:208} INFO - Processing /opt/airflow/dags/07_msa_api_server_used_adv.py took 0.127 seconds
[2026-04-14T11:51:33.715+0900] {processor.py:186} INFO - Started process (PID=43496) to work on /opt/airflow/dags/07_msa_api_server_used_adv.py
[2026-04-14T11:51:33.716+0900] {processor.py:914} INFO - Processing file /opt/airflow/dags/07_msa_api_server_used_adv.py for tasks to queue
[2026-04-14T11:51:33.718+0900] {logging_mixin.py:190} INFO - [2026-04-14T11:51:33.718+0900] {dagbag.py:587} INFO - Filling up the DagBag from /opt/airflow/dags/07_msa_api_server_used_adv.py
[2026-04-14T11:51:33.748+0900] {processor.py:925} INFO - DAG(s) '07_msa_api_server_used_adv' retrieved from /opt/airflow/dags/07_msa_api_server_used_adv.py
[2026-04-14T11:51:33.772+0900] {logging_mixin.py:190} INFO - [2026-04-14T11:51:33.772+0900] {dag.py:3211} INFO - Sync 1 DAGs
[2026-04-14T11:51:33.791+0900] {logging_mixin.py:190} INFO - [2026-04-14T11:51:33.791+0900] {dag.py:4138} INFO - Setting next_dagrun for 07_msa_api_server_used_adv to 2026-04-14 00:00:00+00:00, run_after=2026-04-15 00:00:00+00:00
[2026-04-14T11:51:33.834+0900] {processor.py:208} INFO - Processing /opt/airflow/dags/07_msa_api_server_used_adv.py took 0.124 seconds
[2026-04-14T11:52:04.726+0900] {processor.py:186} INFO - Started process (PID=43515) to work on /opt/airflow/dags/07_msa_api_server_used_adv.py
[2026-04-14T11:52:04.727+0900] {processor.py:914} INFO - Processing file /opt/airflow/dags/07_msa_api_server_used_adv.py for tasks to queue
[2026-04-14T11:52:04.730+0900] {logging_mixin.py:190} INFO - [2026-04-14T11:52:04.729+0900] {dagbag.py:587} INFO - Filling up the DagBag from /opt/airflow/dags/07_msa_api_server_used_adv.py
[2026-04-14T11:52:04.753+0900] {processor.py:925} INFO - DAG(s) '07_msa_api_server_used_adv' retrieved from /opt/airflow/dags/07_msa_api_server_used_adv.py
[2026-04-14T11:52:04.775+0900] {logging_mixin.py:190} INFO - [2026-04-14T11:52:04.774+0900] {dag.py:3211} INFO - Sync 1 DAGs
[2026-04-14T11:52:04.793+0900] {logging_mixin.py:190} INFO - [2026-04-14T11:52:04.793+0900] {dag.py:4138} INFO - Setting next_dagrun for 07_msa_api_server_used_adv to 2026-04-14 00:00:00+00:00, run_after=2026-04-15 00:00:00+00:00
[2026-04-14T11:52:04.846+0900] {processor.py:208} INFO - Processing /opt/airflow/dags/07_msa_api_server_used_adv.py took 0.124 seconds
[2026-04-14T11:52:35.450+0900] {processor.py:186} INFO - Started process (PID=43533) to work on /opt/airflow/dags/07_msa_api_server_used_adv.py
[2026-04-14T11:52:35.451+0900] {processor.py:914} INFO - Processing file /opt/airflow/dags/07_msa_api_server_used_adv.py for tasks to queue
[2026-04-14T11:52:35.453+0900] {logging_mixin.py:190} INFO - [2026-04-14T11:52:35.453+0900] {dagbag.py:587} INFO - Filling up the DagBag from /opt/airflow/dags/07_msa_api_server_used_adv.py
[2026-04-14T11:52:35.474+0900] {processor.py:925} INFO - DAG(s) '07_msa_api_server_used_adv' retrieved from /opt/airflow/dags/07_msa_api_server_used_adv.py
[2026-04-14T11:52:35.494+0900] {logging_mixin.py:190} INFO - [2026-04-14T11:52:35.493+0900] {dag.py:3211} INFO - Sync 1 DAGs
[2026-04-14T11:52:35.511+0900] {logging_mixin.py:190} INFO - [2026-04-14T11:52:35.511+0900] {dag.py:4138} INFO - Setting next_dagrun for 07_msa_api_server_used_adv to 2026-04-14 00:00:00+00:00, run_after=2026-04-15 00:00:00+00:00
[2026-04-14T11:52:35.526+0900] {processor.py:208} INFO - Processing /opt/airflow/dags/07_msa_api_server_used_adv.py took 0.081 seconds
[2026-04-14T11:53:06.459+0900] {processor.py:186} INFO - Started process (PID=43552) to work on /opt/airflow/dags/07_msa_api_server_used_adv.py
[2026-04-14T11:53:06.460+0900] {processor.py:914} INFO - Processing file /opt/airflow/dags/07_msa_api_server_used_adv.py for tasks to queue
[2026-04-14T11:53:06.463+0900] {logging_mixin.py:190} INFO - [2026-04-14T11:53:06.462+0900] {dagbag.py:587} INFO - Filling up the DagBag from /opt/airflow/dags/07_msa_api_server_used_adv.py
[2026-04-14T11:53:06.503+0900] {processor.py:925} INFO - DAG(s) '07_msa_api_server_used_adv' retrieved from /opt/airflow/dags/07_msa_api_server_used_adv.py
[2026-04-14T11:53:06.524+0900] {logging_mixin.py:190} INFO - [2026-04-14T11:53:06.524+0900] {dag.py:3211} INFO - Sync 1 DAGs
[2026-04-14T11:53:06.541+0900] {logging_mixin.py:190} INFO - [2026-04-14T11:53:06.541+0900] {dag.py:4138} INFO - Setting next_dagrun for 07_msa_api_server_used_adv to 2026-04-14 00:00:00+00:00, run_after=2026-04-15 00:00:00+00:00
[2026-04-14T11:53:06.585+0900] {processor.py:208} INFO - Processing /opt/airflow/dags/07_msa_api_server_used_adv.py took 0.130 seconds
[2026-04-14T11:53:37.556+0900] {processor.py:186} INFO - Started process (PID=43571) to work on /opt/airflow/dags/07_msa_api_server_used_adv.py
[2026-04-14T11:53:37.557+0900] {processor.py:914} INFO - Processing file /opt/airflow/dags/07_msa_api_server_used_adv.py for tasks to queue
[2026-04-14T11:53:37.559+0900] {logging_mixin.py:190} INFO - [2026-04-14T11:53:37.559+0900] {dagbag.py:587} INFO - Filling up the DagBag from /opt/airflow/dags/07_msa_api_server_used_adv.py
[2026-04-14T11:53:37.627+0900] {processor.py:925} INFO - DAG(s) '07_msa_api_server_used_adv' retrieved from /opt/airflow/dags/07_msa_api_server_used_adv.py
[2026-04-14T11:53:37.651+0900] {logging_mixin.py:190} INFO - [2026-04-14T11:53:37.651+0900] {dag.py:3211} INFO - Sync 1 DAGs
[2026-04-14T11:53:37.671+0900] {logging_mixin.py:190} INFO - [2026-04-14T11:53:37.671+0900] {dag.py:4138} INFO - Setting next_dagrun for 07_msa_api_server_used_adv to 2026-04-14 00:00:00+00:00, run_after=2026-04-15 00:00:00+00:00
[2026-04-14T11:53:37.687+0900] {processor.py:208} INFO - Processing /opt/airflow/dags/07_msa_api_server_used_adv.py took 0.136 seconds
[2026-04-14T11:54:08.436+0900] {processor.py:186} INFO - Started process (PID=43589) to work on /opt/airflow/dags/07_msa_api_server_used_adv.py
[2026-04-14T11:54:08.437+0900] {processor.py:914} INFO - Processing file /opt/airflow/dags/07_msa_api_server_used_adv.py for tasks to queue
[2026-04-14T11:54:08.439+0900] {logging_mixin.py:190} INFO - [2026-04-14T11:54:08.439+0900] {dagbag.py:587} INFO - Filling up the DagBag from /opt/airflow/dags/07_msa_api_server_used_adv.py
[2026-04-14T11:54:08.472+0900] {processor.py:925} INFO - DAG(s) '07_msa_api_server_used_adv' retrieved from /opt/airflow/dags/07_msa_api_server_used_adv.py
[2026-04-14T11:54:08.493+0900] {logging_mixin.py:190} INFO - [2026-04-14T11:54:08.493+0900] {dag.py:3211} INFO - Sync 1 DAGs
[2026-04-14T11:54:08.511+0900] {logging_mixin.py:190} INFO - [2026-04-14T11:54:08.511+0900] {dag.py:4138} INFO - Setting next_dagrun for 07_msa_api_server_used_adv to 2026-04-14 00:00:00+00:00, run_after=2026-04-15 00:00:00+00:00
[2026-04-14T11:54:08.532+0900] {processor.py:208} INFO - Processing /opt/airflow/dags/07_msa_api_server_used_adv.py took 0.101 seconds
[2026-04-14T11:54:39.318+0900] {processor.py:186} INFO - Started process (PID=43608) to work on /opt/airflow/dags/07_msa_api_server_used_adv.py
[2026-04-14T11:54:39.319+0900] {processor.py:914} INFO - Processing file /opt/airflow/dags/07_msa_api_server_used_adv.py for tasks to queue
[2026-04-14T11:54:39.322+0900] {logging_mixin.py:190} INFO - [2026-04-14T11:54:39.321+0900] {dagbag.py:587} INFO - Filling up the DagBag from /opt/airflow/dags/07_msa_api_server_used_adv.py
[2026-04-14T11:54:39.345+0900] {processor.py:925} INFO - DAG(s) '07_msa_api_server_used_adv' retrieved from /opt/airflow/dags/07_msa_api_server_used_adv.py
[2026-04-14T11:54:39.368+0900] {logging_mixin.py:190} INFO - [2026-04-14T11:54:39.368+0900] {dag.py:3211} INFO - Sync 1 DAGs
[2026-04-14T11:54:39.387+0900] {logging_mixin.py:190} INFO - [2026-04-14T11:54:39.387+0900] {dag.py:4138} INFO - Setting next_dagrun for 07_msa_api_server_used_adv to 2026-04-14 00:00:00+00:00, run_after=2026-04-15 00:00:00+00:00
[2026-04-14T11:54:39.433+0900] {processor.py:208} INFO - Processing /opt/airflow/dags/07_msa_api_server_used_adv.py took 0.119 seconds
[2026-04-14T11:55:10.277+0900] {processor.py:186} INFO - Started process (PID=43627) to work on /opt/airflow/dags/07_msa_api_server_used_adv.py
[2026-04-14T11:55:10.278+0900] {processor.py:914} INFO - Processing file /opt/airflow/dags/07_msa_api_server_used_adv.py for tasks to queue
[2026-04-14T11:55:10.280+0900] {logging_mixin.py:190} INFO - [2026-04-14T11:55:10.280+0900] {dagbag.py:587} INFO - Filling up the DagBag from /opt/airflow/dags/07_msa_api_server_used_adv.py
[2026-04-14T11:55:10.312+0900] {processor.py:925} INFO - DAG(s) '07_msa_api_server_used_adv' retrieved from /opt/airflow/dags/07_msa_api_server_used_adv.py
[2026-04-14T11:55:10.332+0900] {logging_mixin.py:190} INFO - [2026-04-14T11:55:10.332+0900] {dag.py:3211} INFO - Sync 1 DAGs
[2026-04-14T11:55:10.350+0900] {logging_mixin.py:190} INFO - [2026-04-14T11:55:10.350+0900] {dag.py:4138} INFO - Setting next_dagrun for 07_msa_api_server_used_adv to 2026-04-14 00:00:00+00:00, run_after=2026-04-15 00:00:00+00:00
[2026-04-14T11:55:10.367+0900] {processor.py:208} INFO - Processing /opt/airflow/dags/07_msa_api_server_used_adv.py took 0.094 seconds
[2026-04-14T11:55:41.044+0900] {processor.py:186} INFO - Started process (PID=43646) to work on /opt/airflow/dags/07_msa_api_server_used_adv.py
[2026-04-14T11:55:41.045+0900] {processor.py:914} INFO - Processing file /opt/airflow/dags/07_msa_api_server_used_adv.py for tasks to queue
[2026-04-14T11:55:41.047+0900] {logging_mixin.py:190} INFO - [2026-04-14T11:55:41.047+0900] {dagbag.py:587} INFO - Filling up the DagBag from /opt/airflow/dags/07_msa_api_server_used_adv.py
[2026-04-14T11:55:41.074+0900] {processor.py:925} INFO - DAG(s) '07_msa_api_server_used_adv' retrieved from /opt/airflow/dags/07_msa_api_server_used_adv.py
[2026-04-14T11:55:41.106+0900] {logging_mixin.py:190} INFO - [2026-04-14T11:55:41.106+0900] {dag.py:3211} INFO - Sync 1 DAGs
[2026-04-14T11:55:41.136+0900] {logging_mixin.py:190} INFO - [2026-04-14T11:55:41.135+0900] {dag.py:4138} INFO - Setting next_dagrun for 07_msa_api_server_used_adv to 2026-04-14 00:00:00+00:00, run_after=2026-04-15 00:00:00+00:00
[2026-04-14T11:55:41.155+0900] {processor.py:208} INFO - Processing /opt/airflow/dags/07_msa_api_server_used_adv.py took 0.116 seconds
[2026-04-14T11:56:11.888+0900] {processor.py:186} INFO - Started process (PID=43664) to work on /opt/airflow/dags/07_msa_api_server_used_adv.py
[2026-04-14T11:56:11.890+0900] {processor.py:914} INFO - Processing file /opt/airflow/dags/07_msa_api_server_used_adv.py for tasks to queue
[2026-04-14T11:56:11.892+0900] {logging_mixin.py:190} INFO - [2026-04-14T11:56:11.891+0900] {dagbag.py:587} INFO - Filling up the DagBag from /opt/airflow/dags/07_msa_api_server_used_adv.py
[2026-04-14T11:56:11.911+0900] {processor.py:925} INFO - DAG(s) '07_msa_api_server_used_adv' retrieved from /opt/airflow/dags/07_msa_api_server_used_adv.py
[2026-04-14T11:56:11.934+0900] {logging_mixin.py:190} INFO - [2026-04-14T11:56:11.933+0900] {dag.py:3211} INFO - Sync 1 DAGs
[2026-04-14T11:56:11.963+0900] {logging_mixin.py:190} INFO - [2026-04-14T11:56:11.963+0900] {dag.py:4138} INFO - Setting next_dagrun for 07_msa_api_server_used_adv to 2026-04-14 00:00:00+00:00, run_after=2026-04-15 00:00:00+00:00
[2026-04-14T11:56:11.979+0900] {processor.py:208} INFO - Processing /opt/airflow/dags/07_msa_api_server_used_adv.py took 0.095 seconds
[2026-04-14T11:56:42.697+0900] {processor.py:186} INFO - Started process (PID=43683) to work on /opt/airflow/dags/07_msa_api_server_used_adv.py
[2026-04-14T11:56:42.698+0900] {processor.py:914} INFO - Processing file /opt/airflow/dags/07_msa_api_server_used_adv.py for tasks to queue
[2026-04-14T11:56:42.701+0900] {logging_mixin.py:190} INFO - [2026-04-14T11:56:42.700+0900] {dagbag.py:587} INFO - Filling up the DagBag from /opt/airflow/dags/07_msa_api_server_used_adv.py
[2026-04-14T11:56:42.737+0900] {processor.py:925} INFO - DAG(s) '07_msa_api_server_used_adv' retrieved from /opt/airflow/dags/07_msa_api_server_used_adv.py
[2026-04-14T11:56:42.758+0900] {logging_mixin.py:190} INFO - [2026-04-14T11:56:42.758+0900] {dag.py:3211} INFO - Sync 1 DAGs
[2026-04-14T11:56:42.776+0900] {logging_mixin.py:190} INFO - [2026-04-14T11:56:42.776+0900] {dag.py:4138} INFO - Setting next_dagrun for 07_msa_api_server_used_adv to 2026-04-14 00:00:00+00:00, run_after=2026-04-15 00:00:00+00:00
[2026-04-14T11:56:42.794+0900] {processor.py:208} INFO - Processing /opt/airflow/dags/07_msa_api_server_used_adv.py took 0.102 seconds
[2026-04-14T11:57:13.765+0900] {processor.py:186} INFO - Started process (PID=43702) to work on /opt/airflow/dags/07_msa_api_server_used_adv.py
[2026-04-14T11:57:13.765+0900] {processor.py:914} INFO - Processing file /opt/airflow/dags/07_msa_api_server_used_adv.py for tasks to queue
[2026-04-14T11:57:13.768+0900] {logging_mixin.py:190} INFO - [2026-04-14T11:57:13.768+0900] {dagbag.py:587} INFO - Filling up the DagBag from /opt/airflow/dags/07_msa_api_server_used_adv.py
[2026-04-14T11:57:13.789+0900] {processor.py:925} INFO - DAG(s) '07_msa_api_server_used_adv' retrieved from /opt/airflow/dags/07_msa_api_server_used_adv.py
[2026-04-14T11:57:13.810+0900] {logging_mixin.py:190} INFO - [2026-04-14T11:57:13.810+0900] {dag.py:3211} INFO - Sync 1 DAGs
[2026-04-14T11:57:13.828+0900] {logging_mixin.py:190} INFO - [2026-04-14T11:57:13.828+0900] {dag.py:4138} INFO - Setting next_dagrun for 07_msa_api_server_used_adv to 2026-04-14 00:00:00+00:00, run_after=2026-04-15 00:00:00+00:00
[2026-04-14T11:57:13.871+0900] {processor.py:208} INFO - Processing /opt/airflow/dags/07_msa_api_server_used_adv.py took 0.111 seconds
[2026-04-14T11:57:44.663+0900] {processor.py:186} INFO - Started process (PID=43721) to work on /opt/airflow/dags/07_msa_api_server_used_adv.py
[2026-04-14T11:57:44.664+0900] {processor.py:914} INFO - Processing file /opt/airflow/dags/07_msa_api_server_used_adv.py for tasks to queue
[2026-04-14T11:57:44.667+0900] {logging_mixin.py:190} INFO - [2026-04-14T11:57:44.667+0900] {dagbag.py:587} INFO - Filling up the DagBag from /opt/airflow/dags/07_msa_api_server_used_adv.py
[2026-04-14T11:57:44.705+0900] {processor.py:925} INFO - DAG(s) '07_msa_api_server_used_adv' retrieved from /opt/airflow/dags/07_msa_api_server_used_adv.py
[2026-04-14T11:57:44.725+0900] {logging_mixin.py:190} INFO - [2026-04-14T11:57:44.725+0900] {dag.py:3211} INFO - Sync 1 DAGs
[2026-04-14T11:57:44.749+0900] {logging_mixin.py:190} INFO - [2026-04-14T11:57:44.749+0900] {dag.py:4138} INFO - Setting next_dagrun for 07_msa_api_server_used_adv to 2026-04-14 00:00:00+00:00, run_after=2026-04-15 00:00:00+00:00
[2026-04-14T11:57:44.799+0900] {processor.py:208} INFO - Processing /opt/airflow/dags/07_msa_api_server_used_adv.py took 0.140 seconds
[2026-04-14T11:58:15.433+0900] {processor.py:186} INFO - Started process (PID=43741) to work on /opt/airflow/dags/07_msa_api_server_used_adv.py
[2026-04-14T11:58:15.434+0900] {processor.py:914} INFO - Processing file /opt/airflow/dags/07_msa_api_server_used_adv.py for tasks to queue
[2026-04-14T11:58:15.438+0900] {logging_mixin.py:190} INFO - [2026-04-14T11:58:15.437+0900] {dagbag.py:587} INFO - Filling up the DagBag from /opt/airflow/dags/07_msa_api_server_used_adv.py
[2026-04-14T11:58:15.477+0900] {processor.py:925} INFO - DAG(s) '07_msa_api_server_used_adv' retrieved from /opt/airflow/dags/07_msa_api_server_used_adv.py
[2026-04-14T11:58:15.515+0900] {logging_mixin.py:190} INFO - [2026-04-14T11:58:15.515+0900] {dag.py:3211} INFO - Sync 1 DAGs
[2026-04-14T11:58:15.539+0900] {logging_mixin.py:190} INFO - [2026-04-14T11:58:15.539+0900] {dag.py:4138} INFO - Setting next_dagrun for 07_msa_api_server_used_adv to 2026-04-14 00:00:00+00:00, run_after=2026-04-15 00:00:00+00:00
[2026-04-14T11:58:15.587+0900] {processor.py:208} INFO - Processing /opt/airflow/dags/07_msa_api_server_used_adv.py took 0.159 seconds
[2026-04-14T11:58:46.344+0900] {processor.py:186} INFO - Started process (PID=43760) to work on /opt/airflow/dags/07_msa_api_server_used_adv.py
[2026-04-14T11:58:46.345+0900] {processor.py:914} INFO - Processing file /opt/airflow/dags/07_msa_api_server_used_adv.py for tasks to queue
[2026-04-14T11:58:46.348+0900] {logging_mixin.py:190} INFO - [2026-04-14T11:58:46.348+0900] {dagbag.py:587} INFO - Filling up the DagBag from /opt/airflow/dags/07_msa_api_server_used_adv.py
[2026-04-14T11:58:46.378+0900] {processor.py:925} INFO - DAG(s) '07_msa_api_server_used_adv' retrieved from /opt/airflow/dags/07_msa_api_server_used_adv.py
[2026-04-14T11:58:46.398+0900] {logging_mixin.py:190} INFO - [2026-04-14T11:58:46.398+0900] {dag.py:3211} INFO - Sync 1 DAGs
[2026-04-14T11:58:46.416+0900] {logging_mixin.py:190} INFO - [2026-04-14T11:58:46.416+0900] {dag.py:4138} INFO - Setting next_dagrun for 07_msa_api_server_used_adv to 2026-04-14 00:00:00+00:00, run_after=2026-04-15 00:00:00+00:00
[2026-04-14T11:58:46.435+0900] {processor.py:208} INFO - Processing /opt/airflow/dags/07_msa_api_server_used_adv.py took 0.097 seconds
[2026-04-14T11:59:17.014+0900] {processor.py:186} INFO - Started process (PID=43779) to work on /opt/airflow/dags/07_msa_api_server_used_adv.py
[2026-04-14T11:59:17.016+0900] {processor.py:914} INFO - Processing file /opt/airflow/dags/07_msa_api_server_used_adv.py for tasks to queue
[2026-04-14T11:59:17.018+0900] {logging_mixin.py:190} INFO - [2026-04-14T11:59:17.017+0900] {dagbag.py:587} INFO - Filling up the DagBag from /opt/airflow/dags/07_msa_api_server_used_adv.py
[2026-04-14T11:59:17.048+0900] {processor.py:925} INFO - DAG(s) '07_msa_api_server_used_adv' retrieved from /opt/airflow/dags/07_msa_api_server_used_adv.py
[2026-04-14T11:59:17.075+0900] {logging_mixin.py:190} INFO - [2026-04-14T11:59:17.075+0900] {dag.py:3211} INFO - Sync 1 DAGs
[2026-04-14T11:59:17.097+0900] {logging_mixin.py:190} INFO - [2026-04-14T11:59:17.097+0900] {dag.py:4138} INFO - Setting next_dagrun for 07_msa_api_server_used_adv to 2026-04-14 00:00:00+00:00, run_after=2026-04-15 00:00:00+00:00
[2026-04-14T11:59:17.116+0900] {processor.py:208} INFO - Processing /opt/airflow/dags/07_msa_api_server_used_adv.py took 0.106 seconds
[2026-04-14T11:59:47.858+0900] {processor.py:186} INFO - Started process (PID=43798) to work on /opt/airflow/dags/07_msa_api_server_used_adv.py
[2026-04-14T11:59:47.858+0900] {processor.py:914} INFO - Processing file /opt/airflow/dags/07_msa_api_server_used_adv.py for tasks to queue
[2026-04-14T11:59:47.861+0900] {logging_mixin.py:190} INFO - [2026-04-14T11:59:47.860+0900] {dagbag.py:587} INFO - Filling up the DagBag from /opt/airflow/dags/07_msa_api_server_used_adv.py
[2026-04-14T11:59:47.894+0900] {processor.py:925} INFO - DAG(s) '07_msa_api_server_used_adv' retrieved from /opt/airflow/dags/07_msa_api_server_used_adv.py
[2026-04-14T11:59:47.927+0900] {logging_mixin.py:190} INFO - [2026-04-14T11:59:47.927+0900] {dag.py:3211} INFO - Sync 1 DAGs
[2026-04-14T11:59:47.944+0900] {logging_mixin.py:190} INFO - [2026-04-14T11:59:47.944+0900] {dag.py:4138} INFO - Setting next_dagrun for 07_msa_api_server_used_adv to 2026-04-14 00:00:00+00:00, run_after=2026-04-15 00:00:00+00:00
[2026-04-14T11:59:47.959+0900] {processor.py:208} INFO - Processing /opt/airflow/dags/07_msa_api_server_used_adv.py took 0.106 seconds
[2026-04-14T12:00:18.462+0900] {processor.py:186} INFO - Started process (PID=43817) to work on /opt/airflow/dags/07_msa_api_server_used_adv.py
[2026-04-14T12:00:18.463+0900] {processor.py:914} INFO - Processing file /opt/airflow/dags/07_msa_api_server_used_adv.py for tasks to queue
[2026-04-14T12:00:18.466+0900] {logging_mixin.py:190} INFO - [2026-04-14T12:00:18.465+0900] {dagbag.py:587} INFO - Filling up the DagBag from /opt/airflow/dags/07_msa_api_server_used_adv.py
[2026-04-14T12:00:18.494+0900] {processor.py:925} INFO - DAG(s) '07_msa_api_server_used_adv' retrieved from /opt/airflow/dags/07_msa_api_server_used_adv.py
[2026-04-14T12:00:18.518+0900] {logging_mixin.py:190} INFO - [2026-04-14T12:00:18.518+0900] {dag.py:3211} INFO - Sync 1 DAGs
[2026-04-14T12:00:18.536+0900] {logging_mixin.py:190} INFO - [2026-04-14T12:00:18.536+0900] {dag.py:4138} INFO - Setting next_dagrun for 07_msa_api_server_used_adv to 2026-04-14 00:00:00+00:00, run_after=2026-04-15 00:00:00+00:00
[2026-04-14T12:00:18.582+0900] {processor.py:208} INFO - Processing /opt/airflow/dags/07_msa_api_server_used_adv.py took 0.124 seconds
[2026-04-14T12:00:49.033+0900] {processor.py:186} INFO - Started process (PID=43836) to work on /opt/airflow/dags/07_msa_api_server_used_adv.py
[2026-04-14T12:00:49.034+0900] {processor.py:914} INFO - Processing file /opt/airflow/dags/07_msa_api_server_used_adv.py for tasks to queue
[2026-04-14T12:00:49.037+0900] {logging_mixin.py:190} INFO - [2026-04-14T12:00:49.037+0900] {dagbag.py:587} INFO - Filling up the DagBag from /opt/airflow/dags/07_msa_api_server_used_adv.py
[2026-04-14T12:00:49.074+0900] {processor.py:925} INFO - DAG(s) '07_msa_api_server_used_adv' retrieved from /opt/airflow/dags/07_msa_api_server_used_adv.py
[2026-04-14T12:00:49.095+0900] {logging_mixin.py:190} INFO - [2026-04-14T12:00:49.094+0900] {dag.py:3211} INFO - Sync 1 DAGs
[2026-04-14T12:00:49.111+0900] {logging_mixin.py:190} INFO - [2026-04-14T12:00:49.111+0900] {dag.py:4138} INFO - Setting next_dagrun for 07_msa_api_server_used_adv to 2026-04-14 00:00:00+00:00, run_after=2026-04-15 00:00:00+00:00
[2026-04-14T12:00:49.129+0900] {processor.py:208} INFO - Processing /opt/airflow/dags/07_msa_api_server_used_adv.py took 0.101 seconds
[2026-04-14T12:01:19.740+0900] {processor.py:186} INFO - Started process (PID=43855) to work on /opt/airflow/dags/07_msa_api_server_used_adv.py
[2026-04-14T12:01:19.741+0900] {processor.py:914} INFO - Processing file /opt/airflow/dags/07_msa_api_server_used_adv.py for tasks to queue
[2026-04-14T12:01:19.743+0900] {logging_mixin.py:190} INFO - [2026-04-14T12:01:19.743+0900] {dagbag.py:587} INFO - Filling up the DagBag from /opt/airflow/dags/07_msa_api_server_used_adv.py
[2026-04-14T12:01:19.763+0900] {processor.py:925} INFO - DAG(s) '07_msa_api_server_used_adv' retrieved from /opt/airflow/dags/07_msa_api_server_used_adv.py
[2026-04-14T12:01:19.782+0900] {logging_mixin.py:190} INFO - [2026-04-14T12:01:19.781+0900] {dag.py:3211} INFO - Sync 1 DAGs
[2026-04-14T12:01:19.802+0900] {logging_mixin.py:190} INFO - [2026-04-14T12:01:19.801+0900] {dag.py:4138} INFO - Setting next_dagrun for 07_msa_api_server_used_adv to 2026-04-14 00:00:00+00:00, run_after=2026-04-15 00:00:00+00:00
[2026-04-14T12:01:19.848+0900] {processor.py:208} INFO - Processing /opt/airflow/dags/07_msa_api_server_used_adv.py took 0.113 seconds
[2026-04-14T12:01:50.455+0900] {processor.py:186} INFO - Started process (PID=43874) to work on /opt/airflow/dags/07_msa_api_server_used_adv.py
[2026-04-14T12:01:50.456+0900] {processor.py:914} INFO - Processing file /opt/airflow/dags/07_msa_api_server_used_adv.py for tasks to queue
[2026-04-14T12:01:50.458+0900] {logging_mixin.py:190} INFO - [2026-04-14T12:01:50.458+0900] {dagbag.py:587} INFO - Filling up the DagBag from /opt/airflow/dags/07_msa_api_server_used_adv.py
[2026-04-14T12:01:50.480+0900] {processor.py:925} INFO - DAG(s) '07_msa_api_server_used_adv' retrieved from /opt/airflow/dags/07_msa_api_server_used_adv.py
[2026-04-14T12:01:50.501+0900] {logging_mixin.py:190} INFO - [2026-04-14T12:01:50.501+0900] {dag.py:3211} INFO - Sync 1 DAGs
[2026-04-14T12:01:50.519+0900] {logging_mixin.py:190} INFO - [2026-04-14T12:01:50.518+0900] {dag.py:4138} INFO - Setting next_dagrun for 07_msa_api_server_used_adv to 2026-04-14 00:00:00+00:00, run_after=2026-04-15 00:00:00+00:00
[2026-04-14T12:01:50.563+0900] {processor.py:208} INFO - Processing /opt/airflow/dags/07_msa_api_server_used_adv.py took 0.112 seconds
[2026-04-14T12:02:21.167+0900] {processor.py:186} INFO - Started process (PID=43893) to work on /opt/airflow/dags/07_msa_api_server_used_adv.py
[2026-04-14T12:02:21.167+0900] {processor.py:914} INFO - Processing file /opt/airflow/dags/07_msa_api_server_used_adv.py for tasks to queue
[2026-04-14T12:02:21.170+0900] {logging_mixin.py:190} INFO - [2026-04-14T12:02:21.169+0900] {dagbag.py:587} INFO - Filling up the DagBag from /opt/airflow/dags/07_msa_api_server_used_adv.py
[2026-04-14T12:02:21.187+0900] {processor.py:925} INFO - DAG(s) '07_msa_api_server_used_adv' retrieved from /opt/airflow/dags/07_msa_api_server_used_adv.py
[2026-04-14T12:02:21.207+0900] {logging_mixin.py:190} INFO - [2026-04-14T12:02:21.207+0900] {dag.py:3211} INFO - Sync 1 DAGs
[2026-04-14T12:02:21.224+0900] {logging_mixin.py:190} INFO - [2026-04-14T12:02:21.224+0900] {dag.py:4138} INFO - Setting next_dagrun for 07_msa_api_server_used_adv to 2026-04-14 00:00:00+00:00, run_after=2026-04-15 00:00:00+00:00
[2026-04-14T12:02:21.243+0900] {processor.py:208} INFO - Processing /opt/airflow/dags/07_msa_api_server_used_adv.py took 0.081 seconds
[2026-04-14T12:02:52.194+0900] {processor.py:186} INFO - Started process (PID=43912) to work on /opt/airflow/dags/07_msa_api_server_used_adv.py
[2026-04-14T12:02:52.196+0900] {processor.py:914} INFO - Processing file /opt/airflow/dags/07_msa_api_server_used_adv.py for tasks to queue
[2026-04-14T12:02:52.199+0900] {logging_mixin.py:190} INFO - [2026-04-14T12:02:52.198+0900] {dagbag.py:587} INFO - Filling up the DagBag from /opt/airflow/dags/07_msa_api_server_used_adv.py
[2026-04-14T12:02:52.246+0900] {processor.py:925} INFO - DAG(s) '07_msa_api_server_used_adv' retrieved from /opt/airflow/dags/07_msa_api_server_used_adv.py
[2026-04-14T12:02:52.266+0900] {logging_mixin.py:190} INFO - [2026-04-14T12:02:52.266+0900] {dag.py:3211} INFO - Sync 1 DAGs
[2026-04-14T12:02:52.284+0900] {logging_mixin.py:190} INFO - [2026-04-14T12:02:52.283+0900] {dag.py:4138} INFO - Setting next_dagrun for 07_msa_api_server_used_adv to 2026-04-14 00:00:00+00:00, run_after=2026-04-15 00:00:00+00:00
[2026-04-14T12:02:52.326+0900] {processor.py:208} INFO - Processing /opt/airflow/dags/07_msa_api_server_used_adv.py took 0.137 seconds
[2026-04-14T12:03:22.863+0900] {processor.py:186} INFO - Started process (PID=43931) to work on /opt/airflow/dags/07_msa_api_server_used_adv.py
[2026-04-14T12:03:22.864+0900] {processor.py:914} INFO - Processing file /opt/airflow/dags/07_msa_api_server_used_adv.py for tasks to queue
[2026-04-14T12:03:22.866+0900] {logging_mixin.py:190} INFO - [2026-04-14T12:03:22.866+0900] {dagbag.py:587} INFO - Filling up the DagBag from /opt/airflow/dags/07_msa_api_server_used_adv.py
[2026-04-14T12:03:22.894+0900] {processor.py:925} INFO - DAG(s) '07_msa_api_server_used_adv' retrieved from /opt/airflow/dags/07_msa_api_server_used_adv.py
[2026-04-14T12:03:22.914+0900] {logging_mixin.py:190} INFO - [2026-04-14T12:03:22.914+0900] {dag.py:3211} INFO - Sync 1 DAGs
[2026-04-14T12:03:22.931+0900] {logging_mixin.py:190} INFO - [2026-04-14T12:03:22.931+0900] {dag.py:4138} INFO - Setting next_dagrun for 07_msa_api_server_used_adv to 2026-04-14 00:00:00+00:00, run_after=2026-04-15 00:00:00+00:00
[2026-04-14T12:03:22.975+0900] {processor.py:208} INFO - Processing /opt/airflow/dags/07_msa_api_server_used_adv.py took 0.116 seconds
[2026-04-14T12:03:53.542+0900] {processor.py:186} INFO - Started process (PID=43950) to work on /opt/airflow/dags/07_msa_api_server_used_adv.py
[2026-04-14T12:03:53.544+0900] {processor.py:914} INFO - Processing file /opt/airflow/dags/07_msa_api_server_used_adv.py for tasks to queue
[2026-04-14T12:03:53.546+0900] {logging_mixin.py:190} INFO - [2026-04-14T12:03:53.546+0900] {dagbag.py:587} INFO - Filling up the DagBag from /opt/airflow/dags/07_msa_api_server_used_adv.py
[2026-04-14T12:03:53.585+0900] {processor.py:925} INFO - DAG(s) '07_msa_api_server_used_adv' retrieved from /opt/airflow/dags/07_msa_api_server_used_adv.py
[2026-04-14T12:03:53.609+0900] {logging_mixin.py:190} INFO - [2026-04-14T12:03:53.609+0900] {dag.py:3211} INFO - Sync 1 DAGs
[2026-04-14T12:03:53.627+0900] {logging_mixin.py:190} INFO - [2026-04-14T12:03:53.627+0900] {dag.py:4138} INFO - Setting next_dagrun for 07_msa_api_server_used_adv to 2026-04-14 00:00:00+00:00, run_after=2026-04-15 00:00:00+00:00
[2026-04-14T12:03:53.672+0900] {processor.py:208} INFO - Processing /opt/airflow/dags/07_msa_api_server_used_adv.py took 0.135 seconds
[2026-04-14T12:04:24.263+0900] {processor.py:186} INFO - Started process (PID=43969) to work on /opt/airflow/dags/07_msa_api_server_used_adv.py
[2026-04-14T12:04:24.263+0900] {processor.py:914} INFO - Processing file /opt/airflow/dags/07_msa_api_server_used_adv.py for tasks to queue
[2026-04-14T12:04:24.266+0900] {logging_mixin.py:190} INFO - [2026-04-14T12:04:24.265+0900] {dagbag.py:587} INFO - Filling up the DagBag from /opt/airflow/dags/07_msa_api_server_used_adv.py
[2026-04-14T12:04:24.283+0900] {processor.py:925} INFO - DAG(s) '07_msa_api_server_used_adv' retrieved from /opt/airflow/dags/07_msa_api_server_used_adv.py
[2026-04-14T12:04:24.307+0900] {logging_mixin.py:190} INFO - [2026-04-14T12:04:24.307+0900] {dag.py:3211} INFO - Sync 1 DAGs
[2026-04-14T12:04:24.329+0900] {logging_mixin.py:190} INFO - [2026-04-14T12:04:24.328+0900] {dag.py:4138} INFO - Setting next_dagrun for 07_msa_api_server_used_adv to 2026-04-14 00:00:00+00:00, run_after=2026-04-15 00:00:00+00:00
[2026-04-14T12:04:24.345+0900] {processor.py:208} INFO - Processing /opt/airflow/dags/07_msa_api_server_used_adv.py took 0.087 seconds
[2026-04-14T12:04:55.063+0900] {processor.py:186} INFO - Started process (PID=43988) to work on /opt/airflow/dags/07_msa_api_server_used_adv.py
[2026-04-14T12:04:55.064+0900] {processor.py:914} INFO - Processing file /opt/airflow/dags/07_msa_api_server_used_adv.py for tasks to queue
[2026-04-14T12:04:55.066+0900] {logging_mixin.py:190} INFO - [2026-04-14T12:04:55.066+0900] {dagbag.py:587} INFO - Filling up the DagBag from /opt/airflow/dags/07_msa_api_server_used_adv.py
[2026-04-14T12:04:55.094+0900] {processor.py:925} INFO - DAG(s) '07_msa_api_server_used_adv' retrieved from /opt/airflow/dags/07_msa_api_server_used_adv.py
[2026-04-14T12:04:55.114+0900] {logging_mixin.py:190} INFO - [2026-04-14T12:04:55.114+0900] {dag.py:3211} INFO - Sync 1 DAGs
[2026-04-14T12:04:55.131+0900] {logging_mixin.py:190} INFO - [2026-04-14T12:04:55.131+0900] {dag.py:4138} INFO - Setting next_dagrun for 07_msa_api_server_used_adv to 2026-04-14 00:00:00+00:00, run_after=2026-04-15 00:00:00+00:00
[2026-04-14T12:04:55.177+0900] {processor.py:208} INFO - Processing /opt/airflow/dags/07_msa_api_server_used_adv.py took 0.119 seconds
[2026-04-14T12:05:25.925+0900] {processor.py:186} INFO - Started process (PID=44007) to work on /opt/airflow/dags/07_msa_api_server_used_adv.py
[2026-04-14T12:05:25.926+0900] {processor.py:914} INFO - Processing file /opt/airflow/dags/07_msa_api_server_used_adv.py for tasks to queue
[2026-04-14T12:05:25.930+0900] {logging_mixin.py:190} INFO - [2026-04-14T12:05:25.930+0900] {dagbag.py:587} INFO - Filling up the DagBag from /opt/airflow/dags/07_msa_api_server_used_adv.py
[2026-04-14T12:05:25.958+0900] {processor.py:925} INFO - DAG(s) '07_msa_api_server_used_adv' retrieved from /opt/airflow/dags/07_msa_api_server_used_adv.py
[2026-04-14T12:05:25.982+0900] {logging_mixin.py:190} INFO - [2026-04-14T12:05:25.982+0900] {dag.py:3211} INFO - Sync 1 DAGs
[2026-04-14T12:05:26.005+0900] {logging_mixin.py:190} INFO - [2026-04-14T12:05:26.005+0900] {dag.py:4138} INFO - Setting next_dagrun for 07_msa_api_server_used_adv to 2026-04-14 00:00:00+00:00, run_after=2026-04-15 00:00:00+00:00
[2026-04-14T12:05:26.025+0900] {processor.py:208} INFO - Processing /opt/airflow/dags/07_msa_api_server_used_adv.py took 0.105 seconds
[2026-04-14T12:05:56.791+0900] {processor.py:186} INFO - Started process (PID=44026) to work on /opt/airflow/dags/07_msa_api_server_used_adv.py
[2026-04-14T12:05:56.792+0900] {processor.py:914} INFO - Processing file /opt/airflow/dags/07_msa_api_server_used_adv.py for tasks to queue
[2026-04-14T12:05:56.795+0900] {logging_mixin.py:190} INFO - [2026-04-14T12:05:56.795+0900] {dagbag.py:587} INFO - Filling up the DagBag from /opt/airflow/dags/07_msa_api_server_used_adv.py
[2026-04-14T12:05:56.814+0900] {processor.py:925} INFO - DAG(s) '07_msa_api_server_used_adv' retrieved from /opt/airflow/dags/07_msa_api_server_used_adv.py
[2026-04-14T12:05:56.836+0900] {logging_mixin.py:190} INFO - [2026-04-14T12:05:56.836+0900] {dag.py:3211} INFO - Sync 1 DAGs
[2026-04-14T12:05:56.857+0900] {logging_mixin.py:190} INFO - [2026-04-14T12:05:56.856+0900] {dag.py:4138} INFO - Setting next_dagrun for 07_msa_api_server_used_adv to 2026-04-14 00:00:00+00:00, run_after=2026-04-15 00:00:00+00:00
[2026-04-14T12:05:56.898+0900] {processor.py:208} INFO - Processing /opt/airflow/dags/07_msa_api_server_used_adv.py took 0.113 seconds
[2026-04-14T12:06:27.496+0900] {processor.py:186} INFO - Started process (PID=44045) to work on /opt/airflow/dags/07_msa_api_server_used_adv.py
[2026-04-14T12:06:27.497+0900] {processor.py:914} INFO - Processing file /opt/airflow/dags/07_msa_api_server_used_adv.py for tasks to queue
[2026-04-14T12:06:27.499+0900] {logging_mixin.py:190} INFO - [2026-04-14T12:06:27.499+0900] {dagbag.py:587} INFO - Filling up the DagBag from /opt/airflow/dags/07_msa_api_server_used_adv.py
[2026-04-14T12:06:27.515+0900] {processor.py:925} INFO - DAG(s) '07_msa_api_server_used_adv' retrieved from /opt/airflow/dags/07_msa_api_server_used_adv.py
[2026-04-14T12:06:27.536+0900] {logging_mixin.py:190} INFO - [2026-04-14T12:06:27.536+0900] {dag.py:3211} INFO - Sync 1 DAGs
[2026-04-14T12:06:27.553+0900] {logging_mixin.py:190} INFO - [2026-04-14T12:06:27.553+0900] {dag.py:4138} INFO - Setting next_dagrun for 07_msa_api_server_used_adv to 2026-04-14 00:00:00+00:00, run_after=2026-04-15 00:00:00+00:00
[2026-04-14T12:06:27.572+0900] {processor.py:208} INFO - Processing /opt/airflow/dags/07_msa_api_server_used_adv.py took 0.080 seconds
[2026-04-14T12:06:58.218+0900] {processor.py:186} INFO - Started process (PID=44064) to work on /opt/airflow/dags/07_msa_api_server_used_adv.py
[2026-04-14T12:06:58.219+0900] {processor.py:914} INFO - Processing file /opt/airflow/dags/07_msa_api_server_used_adv.py for tasks to queue
[2026-04-14T12:06:58.221+0900] {logging_mixin.py:190} INFO - [2026-04-14T12:06:58.221+0900] {dagbag.py:587} INFO - Filling up the DagBag from /opt/airflow/dags/07_msa_api_server_used_adv.py
[2026-04-14T12:06:58.242+0900] {processor.py:925} INFO - DAG(s) '07_msa_api_server_used_adv' retrieved from /opt/airflow/dags/07_msa_api_server_used_adv.py
[2026-04-14T12:06:58.269+0900] {logging_mixin.py:190} INFO - [2026-04-14T12:06:58.268+0900] {dag.py:3211} INFO - Sync 1 DAGs
[2026-04-14T12:06:58.289+0900] {logging_mixin.py:190} INFO - [2026-04-14T12:06:58.288+0900] {dag.py:4138} INFO - Setting next_dagrun for 07_msa_api_server_used_adv to 2026-04-14 00:00:00+00:00, run_after=2026-04-15 00:00:00+00:00
[2026-04-14T12:06:58.329+0900] {processor.py:208} INFO - Processing /opt/airflow/dags/07_msa_api_server_used_adv.py took 0.117 seconds
[2026-04-14T12:07:29.054+0900] {processor.py:186} INFO - Started process (PID=44083) to work on /opt/airflow/dags/07_msa_api_server_used_adv.py
[2026-04-14T12:07:29.056+0900] {processor.py:914} INFO - Processing file /opt/airflow/dags/07_msa_api_server_used_adv.py for tasks to queue
[2026-04-14T12:07:29.058+0900] {logging_mixin.py:190} INFO - [2026-04-14T12:07:29.058+0900] {dagbag.py:587} INFO - Filling up the DagBag from /opt/airflow/dags/07_msa_api_server_used_adv.py
[2026-04-14T12:07:29.089+0900] {processor.py:925} INFO - DAG(s) '07_msa_api_server_used_adv' retrieved from /opt/airflow/dags/07_msa_api_server_used_adv.py
[2026-04-14T12:07:29.109+0900] {logging_mixin.py:190} INFO - [2026-04-14T12:07:29.108+0900] {dag.py:3211} INFO - Sync 1 DAGs
[2026-04-14T12:07:29.127+0900] {logging_mixin.py:190} INFO - [2026-04-14T12:07:29.127+0900] {dag.py:4138} INFO - Setting next_dagrun for 07_msa_api_server_used_adv to 2026-04-14 00:00:00+00:00, run_after=2026-04-15 00:00:00+00:00
[2026-04-14T12:07:29.171+0900] {processor.py:208} INFO - Processing /opt/airflow/dags/07_msa_api_server_used_adv.py took 0.121 seconds
[2026-04-14T12:07:59.833+0900] {processor.py:186} INFO - Started process (PID=44102) to work on /opt/airflow/dags/07_msa_api_server_used_adv.py
[2026-04-14T12:07:59.834+0900] {processor.py:914} INFO - Processing file /opt/airflow/dags/07_msa_api_server_used_adv.py for tasks to queue
[2026-04-14T12:07:59.837+0900] {logging_mixin.py:190} INFO - [2026-04-14T12:07:59.837+0900] {dagbag.py:587} INFO - Filling up the DagBag from /opt/airflow/dags/07_msa_api_server_used_adv.py
[2026-04-14T12:07:59.862+0900] {processor.py:925} INFO - DAG(s) '07_msa_api_server_used_adv' retrieved from /opt/airflow/dags/07_msa_api_server_used_adv.py
[2026-04-14T12:07:59.884+0900] {logging_mixin.py:190} INFO - [2026-04-14T12:07:59.884+0900] {dag.py:3211} INFO - Sync 1 DAGs
[2026-04-14T12:07:59.902+0900] {logging_mixin.py:190} INFO - [2026-04-14T12:07:59.902+0900] {dag.py:4138} INFO - Setting next_dagrun for 07_msa_api_server_used_adv to 2026-04-14 00:00:00+00:00, run_after=2026-04-15 00:00:00+00:00
[2026-04-14T12:07:59.938+0900] {processor.py:208} INFO - Processing /opt/airflow/dags/07_msa_api_server_used_adv.py took 0.109 seconds
[2026-04-14T12:08:30.388+0900] {processor.py:186} INFO - Started process (PID=44121) to work on /opt/airflow/dags/07_msa_api_server_used_adv.py
[2026-04-14T12:08:30.389+0900] {processor.py:914} INFO - Processing file /opt/airflow/dags/07_msa_api_server_used_adv.py for tasks to queue
[2026-04-14T12:08:30.391+0900] {logging_mixin.py:190} INFO - [2026-04-14T12:08:30.391+0900] {dagbag.py:587} INFO - Filling up the DagBag from /opt/airflow/dags/07_msa_api_server_used_adv.py
[2026-04-14T12:08:30.410+0900] {processor.py:925} INFO - DAG(s) '07_msa_api_server_used_adv' retrieved from /opt/airflow/dags/07_msa_api_server_used_adv.py
[2026-04-14T12:08:30.433+0900] {logging_mixin.py:190} INFO - [2026-04-14T12:08:30.433+0900] {dag.py:3211} INFO - Sync 1 DAGs
[2026-04-14T12:08:30.452+0900] {logging_mixin.py:190} INFO - [2026-04-14T12:08:30.451+0900] {dag.py:4138} INFO - Setting next_dagrun for 07_msa_api_server_used_adv to 2026-04-14 00:00:00+00:00, run_after=2026-04-15 00:00:00+00:00
[2026-04-14T12:08:30.498+0900] {processor.py:208} INFO - Processing /opt/airflow/dags/07_msa_api_server_used_adv.py took 0.114 seconds
[2026-04-14T12:09:01.179+0900] {processor.py:186} INFO - Started process (PID=44140) to work on /opt/airflow/dags/07_msa_api_server_used_adv.py
[2026-04-14T12:09:01.180+0900] {processor.py:914} INFO - Processing file /opt/airflow/dags/07_msa_api_server_used_adv.py for tasks to queue
[2026-04-14T12:09:01.182+0900] {logging_mixin.py:190} INFO - [2026-04-14T12:09:01.182+0900] {dagbag.py:587} INFO - Filling up the DagBag from /opt/airflow/dags/07_msa_api_server_used_adv.py
[2026-04-14T12:09:01.215+0900] {processor.py:925} INFO - DAG(s) '07_msa_api_server_used_adv' retrieved from /opt/airflow/dags/07_msa_api_server_used_adv.py
[2026-04-14T12:09:01.242+0900] {logging_mixin.py:190} INFO - [2026-04-14T12:09:01.241+0900] {dag.py:3211} INFO - Sync 1 DAGs
[2026-04-14T12:09:01.263+0900] {logging_mixin.py:190} INFO - [2026-04-14T12:09:01.263+0900] {dag.py:4138} INFO - Setting next_dagrun for 07_msa_api_server_used_adv to 2026-04-14 00:00:00+00:00, run_after=2026-04-15 00:00:00+00:00
[2026-04-14T12:09:01.281+0900] {processor.py:208} INFO - Processing /opt/airflow/dags/07_msa_api_server_used_adv.py took 0.107 seconds
[2026-04-14T12:09:31.897+0900] {processor.py:186} INFO - Started process (PID=44159) to work on /opt/airflow/dags/07_msa_api_server_used_adv.py
[2026-04-14T12:09:31.898+0900] {processor.py:914} INFO - Processing file /opt/airflow/dags/07_msa_api_server_used_adv.py for tasks to queue
[2026-04-14T12:09:31.900+0900] {logging_mixin.py:190} INFO - [2026-04-14T12:09:31.900+0900] {dagbag.py:587} INFO - Filling up the DagBag from /opt/airflow/dags/07_msa_api_server_used_adv.py
[2026-04-14T12:09:31.932+0900] {processor.py:925} INFO - DAG(s) '07_msa_api_server_used_adv' retrieved from /opt/airflow/dags/07_msa_api_server_used_adv.py
[2026-04-14T12:09:31.955+0900] {logging_mixin.py:190} INFO - [2026-04-14T12:09:31.955+0900] {dag.py:3211} INFO - Sync 1 DAGs
[2026-04-14T12:09:31.973+0900] {logging_mixin.py:190} INFO - [2026-04-14T12:09:31.973+0900] {dag.py:4138} INFO - Setting next_dagrun for 07_msa_api_server_used_adv to 2026-04-14 00:00:00+00:00, run_after=2026-04-15 00:00:00+00:00
[2026-04-14T12:09:32.017+0900] {processor.py:208} INFO - Processing /opt/airflow/dags/07_msa_api_server_used_adv.py took 0.125 seconds
[2026-04-14T12:10:02.660+0900] {processor.py:186} INFO - Started process (PID=44178) to work on /opt/airflow/dags/07_msa_api_server_used_adv.py
[2026-04-14T12:10:02.661+0900] {processor.py:914} INFO - Processing file /opt/airflow/dags/07_msa_api_server_used_adv.py for tasks to queue
[2026-04-14T12:10:02.663+0900] {logging_mixin.py:190} INFO - [2026-04-14T12:10:02.663+0900] {dagbag.py:587} INFO - Filling up the DagBag from /opt/airflow/dags/07_msa_api_server_used_adv.py
[2026-04-14T12:10:02.680+0900] {processor.py:925} INFO - DAG(s) '07_msa_api_server_used_adv' retrieved from /opt/airflow/dags/07_msa_api_server_used_adv.py
[2026-04-14T12:10:02.700+0900] {logging_mixin.py:190} INFO - [2026-04-14T12:10:02.700+0900] {dag.py:3211} INFO - Sync 1 DAGs
[2026-04-14T12:10:02.718+0900] {logging_mixin.py:190} INFO - [2026-04-14T12:10:02.718+0900] {dag.py:4138} INFO - Setting next_dagrun for 07_msa_api_server_used_adv to 2026-04-14 00:00:00+00:00, run_after=2026-04-15 00:00:00+00:00
[2026-04-14T12:10:02.764+0900] {processor.py:208} INFO - Processing /opt/airflow/dags/07_msa_api_server_used_adv.py took 0.108 seconds
[2026-04-14T12:10:33.365+0900] {processor.py:186} INFO - Started process (PID=44197) to work on /opt/airflow/dags/07_msa_api_server_used_adv.py
[2026-04-14T12:10:33.366+0900] {processor.py:914} INFO - Processing file /opt/airflow/dags/07_msa_api_server_used_adv.py for tasks to queue
[2026-04-14T12:10:33.369+0900] {logging_mixin.py:190} INFO - [2026-04-14T12:10:33.368+0900] {dagbag.py:587} INFO - Filling up the DagBag from /opt/airflow/dags/07_msa_api_server_used_adv.py
[2026-04-14T12:10:33.401+0900] {processor.py:925} INFO - DAG(s) '07_msa_api_server_used_adv' retrieved from /opt/airflow/dags/07_msa_api_server_used_adv.py
[2026-04-14T12:10:33.422+0900] {logging_mixin.py:190} INFO - [2026-04-14T12:10:33.422+0900] {dag.py:3211} INFO - Sync 1 DAGs
[2026-04-14T12:10:33.440+0900] {logging_mixin.py:190} INFO - [2026-04-14T12:10:33.439+0900] {dag.py:4138} INFO - Setting next_dagrun for 07_msa_api_server_used_adv to 2026-04-14 00:00:00+00:00, run_after=2026-04-15 00:00:00+00:00
[2026-04-14T12:10:33.485+0900] {processor.py:208} INFO - Processing /opt/airflow/dags/07_msa_api_server_used_adv.py took 0.125 seconds
[2026-04-14T12:11:04.051+0900] {processor.py:186} INFO - Started process (PID=44222) to work on /opt/airflow/dags/07_msa_api_server_used_adv.py
[2026-04-14T12:11:04.052+0900] {processor.py:914} INFO - Processing file /opt/airflow/dags/07_msa_api_server_used_adv.py for tasks to queue
[2026-04-14T12:11:04.055+0900] {logging_mixin.py:190} INFO - [2026-04-14T12:11:04.054+0900] {dagbag.py:587} INFO - Filling up the DagBag from /opt/airflow/dags/07_msa_api_server_used_adv.py
[2026-04-14T12:11:04.088+0900] {processor.py:925} INFO - DAG(s) '07_msa_api_server_used_adv' retrieved from /opt/airflow/dags/07_msa_api_server_used_adv.py
[2026-04-14T12:11:04.110+0900] {logging_mixin.py:190} INFO - [2026-04-14T12:11:04.110+0900] {dag.py:3211} INFO - Sync 1 DAGs
[2026-04-14T12:11:04.127+0900] {logging_mixin.py:190} INFO - [2026-04-14T12:11:04.127+0900] {dag.py:4138} INFO - Setting next_dagrun for 07_msa_api_server_used_adv to 2026-04-14 00:00:00+00:00, run_after=2026-04-15 00:00:00+00:00
[2026-04-14T12:11:04.169+0900] {processor.py:208} INFO - Processing /opt/airflow/dags/07_msa_api_server_used_adv.py took 0.123 seconds
[2026-04-14T12:11:34.858+0900] {processor.py:186} INFO - Started process (PID=44241) to work on /opt/airflow/dags/07_msa_api_server_used_adv.py
[2026-04-14T12:11:34.859+0900] {processor.py:914} INFO - Processing file /opt/airflow/dags/07_msa_api_server_used_adv.py for tasks to queue
[2026-04-14T12:11:34.861+0900] {logging_mixin.py:190} INFO - [2026-04-14T12:11:34.860+0900] {dagbag.py:587} INFO - Filling up the DagBag from /opt/airflow/dags/07_msa_api_server_used_adv.py
[2026-04-14T12:11:34.877+0900] {processor.py:925} INFO - DAG(s) '07_msa_api_server_used_adv' retrieved from /opt/airflow/dags/07_msa_api_server_used_adv.py
[2026-04-14T12:11:34.898+0900] {logging_mixin.py:190} INFO - [2026-04-14T12:11:34.898+0900] {dag.py:3211} INFO - Sync 1 DAGs
[2026-04-14T12:11:34.915+0900] {logging_mixin.py:190} INFO - [2026-04-14T12:11:34.915+0900] {dag.py:4138} INFO - Setting next_dagrun for 07_msa_api_server_used_adv to 2026-04-14 00:00:00+00:00, run_after=2026-04-15 00:00:00+00:00
[2026-04-14T12:11:34.962+0900] {processor.py:208} INFO - Processing /opt/airflow/dags/07_msa_api_server_used_adv.py took 0.109 seconds
[2026-04-14T12:12:05.779+0900] {processor.py:186} INFO - Started process (PID=44260) to work on /opt/airflow/dags/07_msa_api_server_used_adv.py
[2026-04-14T12:12:05.779+0900] {processor.py:914} INFO - Processing file /opt/airflow/dags/07_msa_api_server_used_adv.py for tasks to queue
[2026-04-14T12:12:05.782+0900] {logging_mixin.py:190} INFO - [2026-04-14T12:12:05.781+0900] {dagbag.py:587} INFO - Filling up the DagBag from /opt/airflow/dags/07_msa_api_server_used_adv.py
[2026-04-14T12:12:05.804+0900] {processor.py:925} INFO - DAG(s) '07_msa_api_server_used_adv' retrieved from /opt/airflow/dags/07_msa_api_server_used_adv.py
[2026-04-14T12:12:05.824+0900] {logging_mixin.py:190} INFO - [2026-04-14T12:12:05.823+0900] {dag.py:3211} INFO - Sync 1 DAGs
[2026-04-14T12:12:05.841+0900] {logging_mixin.py:190} INFO - [2026-04-14T12:12:05.841+0900] {dag.py:4138} INFO - Setting next_dagrun for 07_msa_api_server_used_adv to 2026-04-14 00:00:00+00:00, run_after=2026-04-15 00:00:00+00:00
[2026-04-14T12:12:05.884+0900] {processor.py:208} INFO - Processing /opt/airflow/dags/07_msa_api_server_used_adv.py took 0.110 seconds
[2026-04-14T12:12:36.211+0900] {processor.py:186} INFO - Started process (PID=44279) to work on /opt/airflow/dags/07_msa_api_server_used_adv.py
[2026-04-14T12:12:36.212+0900] {processor.py:914} INFO - Processing file /opt/airflow/dags/07_msa_api_server_used_adv.py for tasks to queue
[2026-04-14T12:12:36.214+0900] {logging_mixin.py:190} INFO - [2026-04-14T12:12:36.214+0900] {dagbag.py:587} INFO - Filling up the DagBag from /opt/airflow/dags/07_msa_api_server_used_adv.py
[2026-04-14T12:12:36.263+0900] {processor.py:925} INFO - DAG(s) '07_msa_api_server_used_adv' retrieved from /opt/airflow/dags/07_msa_api_server_used_adv.py
[2026-04-14T12:12:36.292+0900] {logging_mixin.py:190} INFO - [2026-04-14T12:12:36.291+0900] {dag.py:3211} INFO - Sync 1 DAGs
[2026-04-14T12:12:36.316+0900] {logging_mixin.py:190} INFO - [2026-04-14T12:12:36.315+0900] {dag.py:4138} INFO - Setting next_dagrun for 07_msa_api_server_used_adv to 2026-04-14 00:00:00+00:00, run_after=2026-04-15 00:00:00+00:00
[2026-04-14T12:12:36.333+0900] {processor.py:208} INFO - Processing /opt/airflow/dags/07_msa_api_server_used_adv.py took 0.126 seconds
[2026-04-14T12:13:07.236+0900] {processor.py:186} INFO - Started process (PID=44298) to work on /opt/airflow/dags/07_msa_api_server_used_adv.py
[2026-04-14T12:13:07.237+0900] {processor.py:914} INFO - Processing file /opt/airflow/dags/07_msa_api_server_used_adv.py for tasks to queue
[2026-04-14T12:13:07.240+0900] {logging_mixin.py:190} INFO - [2026-04-14T12:13:07.239+0900] {dagbag.py:587} INFO - Filling up the DagBag from /opt/airflow/dags/07_msa_api_server_used_adv.py
[2026-04-14T12:13:07.274+0900] {processor.py:925} INFO - DAG(s) '07_msa_api_server_used_adv' retrieved from /opt/airflow/dags/07_msa_api_server_used_adv.py
[2026-04-14T12:13:07.301+0900] {logging_mixin.py:190} INFO - [2026-04-14T12:13:07.301+0900] {dag.py:3211} INFO - Sync 1 DAGs
[2026-04-14T12:13:07.325+0900] {logging_mixin.py:190} INFO - [2026-04-14T12:13:07.325+0900] {dag.py:4138} INFO - Setting next_dagrun for 07_msa_api_server_used_adv to 2026-04-14 00:00:00+00:00, run_after=2026-04-15 00:00:00+00:00
[2026-04-14T12:13:07.373+0900] {processor.py:208} INFO - Processing /opt/airflow/dags/07_msa_api_server_used_adv.py took 0.141 seconds
[2026-04-14T12:13:37.997+0900] {processor.py:186} INFO - Started process (PID=44317) to work on /opt/airflow/dags/07_msa_api_server_used_adv.py
[2026-04-14T12:13:37.998+0900] {processor.py:914} INFO - Processing file /opt/airflow/dags/07_msa_api_server_used_adv.py for tasks to queue
[2026-04-14T12:13:38.000+0900] {logging_mixin.py:190} INFO - [2026-04-14T12:13:38.000+0900] {dagbag.py:587} INFO - Filling up the DagBag from /opt/airflow/dags/07_msa_api_server_used_adv.py
[2026-04-14T12:13:38.018+0900] {processor.py:925} INFO - DAG(s) '07_msa_api_server_used_adv' retrieved from /opt/airflow/dags/07_msa_api_server_used_adv.py
[2026-04-14T12:13:38.038+0900] {logging_mixin.py:190} INFO - [2026-04-14T12:13:38.038+0900] {dag.py:3211} INFO - Sync 1 DAGs
[2026-04-14T12:13:38.056+0900] {logging_mixin.py:190} INFO - [2026-04-14T12:13:38.056+0900] {dag.py:4138} INFO - Setting next_dagrun for 07_msa_api_server_used_adv to 2026-04-14 00:00:00+00:00, run_after=2026-04-15 00:00:00+00:00
[2026-04-14T12:13:38.101+0900] {processor.py:208} INFO - Processing /opt/airflow/dags/07_msa_api_server_used_adv.py took 0.109 seconds
[2026-04-14T12:14:08.802+0900] {processor.py:186} INFO - Started process (PID=44336) to work on /opt/airflow/dags/07_msa_api_server_used_adv.py
[2026-04-14T12:14:08.803+0900] {processor.py:914} INFO - Processing file /opt/airflow/dags/07_msa_api_server_used_adv.py for tasks to queue
[2026-04-14T12:14:08.806+0900] {logging_mixin.py:190} INFO - [2026-04-14T12:14:08.805+0900] {dagbag.py:587} INFO - Filling up the DagBag from /opt/airflow/dags/07_msa_api_server_used_adv.py
[2026-04-14T12:14:08.830+0900] {processor.py:925} INFO - DAG(s) '07_msa_api_server_used_adv' retrieved from /opt/airflow/dags/07_msa_api_server_used_adv.py
[2026-04-14T12:14:08.852+0900] {logging_mixin.py:190} INFO - [2026-04-14T12:14:08.852+0900] {dag.py:3211} INFO - Sync 1 DAGs
[2026-04-14T12:14:08.869+0900] {logging_mixin.py:190} INFO - [2026-04-14T12:14:08.869+0900] {dag.py:4138} INFO - Setting next_dagrun for 07_msa_api_server_used_adv to 2026-04-14 00:00:00+00:00, run_after=2026-04-15 00:00:00+00:00
[2026-04-14T12:14:08.885+0900] {processor.py:208} INFO - Processing /opt/airflow/dags/07_msa_api_server_used_adv.py took 0.088 seconds
[2026-04-14T12:14:39.565+0900] {processor.py:186} INFO - Started process (PID=44355) to work on /opt/airflow/dags/07_msa_api_server_used_adv.py
[2026-04-14T12:14:39.566+0900] {processor.py:914} INFO - Processing file /opt/airflow/dags/07_msa_api_server_used_adv.py for tasks to queue
[2026-04-14T12:14:39.569+0900] {logging_mixin.py:190} INFO - [2026-04-14T12:14:39.568+0900] {dagbag.py:587} INFO - Filling up the DagBag from /opt/airflow/dags/07_msa_api_server_used_adv.py
[2026-04-14T12:14:39.594+0900] {processor.py:925} INFO - DAG(s) '07_msa_api_server_used_adv' retrieved from /opt/airflow/dags/07_msa_api_server_used_adv.py
[2026-04-14T12:14:39.641+0900] {logging_mixin.py:190} INFO - [2026-04-14T12:14:39.641+0900] {dag.py:3211} INFO - Sync 1 DAGs
[2026-04-14T12:14:39.658+0900] {logging_mixin.py:190} INFO - [2026-04-14T12:14:39.658+0900] {dag.py:4138} INFO - Setting next_dagrun for 07_msa_api_server_used_adv to 2026-04-14 00:00:00+00:00, run_after=2026-04-15 00:00:00+00:00
[2026-04-14T12:14:39.674+0900] {processor.py:208} INFO - Processing /opt/airflow/dags/07_msa_api_server_used_adv.py took 0.114 seconds
[2026-04-14T12:15:10.235+0900] {processor.py:186} INFO - Started process (PID=44373) to work on /opt/airflow/dags/07_msa_api_server_used_adv.py
[2026-04-14T12:15:10.236+0900] {processor.py:914} INFO - Processing file /opt/airflow/dags/07_msa_api_server_used_adv.py for tasks to queue
[2026-04-14T12:15:10.239+0900] {logging_mixin.py:190} INFO - [2026-04-14T12:15:10.238+0900] {dagbag.py:587} INFO - Filling up the DagBag from /opt/airflow/dags/07_msa_api_server_used_adv.py
[2026-04-14T12:15:10.262+0900] {processor.py:925} INFO - DAG(s) '07_msa_api_server_used_adv' retrieved from /opt/airflow/dags/07_msa_api_server_used_adv.py
[2026-04-14T12:15:10.284+0900] {logging_mixin.py:190} INFO - [2026-04-14T12:15:10.283+0900] {dag.py:3211} INFO - Sync 1 DAGs
[2026-04-14T12:15:10.304+0900] {logging_mixin.py:190} INFO - [2026-04-14T12:15:10.303+0900] {dag.py:4138} INFO - Setting next_dagrun for 07_msa_api_server_used_adv to 2026-04-14 00:00:00+00:00, run_after=2026-04-15 00:00:00+00:00
[2026-04-14T12:15:10.347+0900] {processor.py:208} INFO - Processing /opt/airflow/dags/07_msa_api_server_used_adv.py took 0.117 seconds
[2026-04-14T12:15:40.879+0900] {processor.py:186} INFO - Started process (PID=44391) to work on /opt/airflow/dags/07_msa_api_server_used_adv.py
[2026-04-14T12:15:40.880+0900] {processor.py:914} INFO - Processing file /opt/airflow/dags/07_msa_api_server_used_adv.py for tasks to queue
[2026-04-14T12:15:40.882+0900] {logging_mixin.py:190} INFO - [2026-04-14T12:15:40.882+0900] {dagbag.py:587} INFO - Filling up the DagBag from /opt/airflow/dags/07_msa_api_server_used_adv.py
[2026-04-14T12:15:40.905+0900] {processor.py:925} INFO - DAG(s) '07_msa_api_server_used_adv' retrieved from /opt/airflow/dags/07_msa_api_server_used_adv.py
[2026-04-14T12:15:40.926+0900] {logging_mixin.py:190} INFO - [2026-04-14T12:15:40.926+0900] {dag.py:3211} INFO - Sync 1 DAGs
[2026-04-14T12:15:40.946+0900] {logging_mixin.py:190} INFO - [2026-04-14T12:15:40.946+0900] {dag.py:4138} INFO - Setting next_dagrun for 07_msa_api_server_used_adv to 2026-04-14 00:00:00+00:00, run_after=2026-04-15 00:00:00+00:00
[2026-04-14T12:15:40.964+0900] {processor.py:208} INFO - Processing /opt/airflow/dags/07_msa_api_server_used_adv.py took 0.089 seconds
[2026-04-14T12:16:11.479+0900] {processor.py:186} INFO - Started process (PID=44410) to work on /opt/airflow/dags/07_msa_api_server_used_adv.py
[2026-04-14T12:16:11.481+0900] {processor.py:914} INFO - Processing file /opt/airflow/dags/07_msa_api_server_used_adv.py for tasks to queue
[2026-04-14T12:16:11.483+0900] {logging_mixin.py:190} INFO - [2026-04-14T12:16:11.483+0900] {dagbag.py:587} INFO - Filling up the DagBag from /opt/airflow/dags/07_msa_api_server_used_adv.py
[2026-04-14T12:16:11.520+0900] {processor.py:925} INFO - DAG(s) '07_msa_api_server_used_adv' retrieved from /opt/airflow/dags/07_msa_api_server_used_adv.py
[2026-04-14T12:16:11.547+0900] {logging_mixin.py:190} INFO - [2026-04-14T12:16:11.547+0900] {dag.py:3211} INFO - Sync 1 DAGs
[2026-04-14T12:16:11.566+0900] {logging_mixin.py:190} INFO - [2026-04-14T12:16:11.565+0900] {dag.py:4138} INFO - Setting next_dagrun for 07_msa_api_server_used_adv to 2026-04-14 00:00:00+00:00, run_after=2026-04-15 00:00:00+00:00
[2026-04-14T12:16:11.586+0900] {processor.py:208} INFO - Processing /opt/airflow/dags/07_msa_api_server_used_adv.py took 0.112 seconds
[2026-04-14T12:16:42.265+0900] {processor.py:186} INFO - Started process (PID=44429) to work on /opt/airflow/dags/07_msa_api_server_used_adv.py
[2026-04-14T12:16:42.267+0900] {processor.py:914} INFO - Processing file /opt/airflow/dags/07_msa_api_server_used_adv.py for tasks to queue
[2026-04-14T12:16:42.269+0900] {logging_mixin.py:190} INFO - [2026-04-14T12:16:42.269+0900] {dagbag.py:587} INFO - Filling up the DagBag from /opt/airflow/dags/07_msa_api_server_used_adv.py
[2026-04-14T12:16:42.291+0900] {processor.py:925} INFO - DAG(s) '07_msa_api_server_used_adv' retrieved from /opt/airflow/dags/07_msa_api_server_used_adv.py
[2026-04-14T12:16:42.316+0900] {logging_mixin.py:190} INFO - [2026-04-14T12:16:42.315+0900] {dag.py:3211} INFO - Sync 1 DAGs
[2026-04-14T12:16:42.334+0900] {logging_mixin.py:190} INFO - [2026-04-14T12:16:42.334+0900] {dag.py:4138} INFO - Setting next_dagrun for 07_msa_api_server_used_adv to 2026-04-14 00:00:00+00:00, run_after=2026-04-15 00:00:00+00:00
[2026-04-14T12:16:42.353+0900] {processor.py:208} INFO - Processing /opt/airflow/dags/07_msa_api_server_used_adv.py took 0.093 seconds
[2026-04-14T12:17:13.081+0900] {processor.py:186} INFO - Started process (PID=44448) to work on /opt/airflow/dags/07_msa_api_server_used_adv.py
[2026-04-14T12:17:13.082+0900] {processor.py:914} INFO - Processing file /opt/airflow/dags/07_msa_api_server_used_adv.py for tasks to queue
[2026-04-14T12:17:13.084+0900] {logging_mixin.py:190} INFO - [2026-04-14T12:17:13.084+0900] {dagbag.py:587} INFO - Filling up the DagBag from /opt/airflow/dags/07_msa_api_server_used_adv.py
[2026-04-14T12:17:13.108+0900] {processor.py:925} INFO - DAG(s) '07_msa_api_server_used_adv' retrieved from /opt/airflow/dags/07_msa_api_server_used_adv.py
[2026-04-14T12:17:13.130+0900] {logging_mixin.py:190} INFO - [2026-04-14T12:17:13.129+0900] {dag.py:3211} INFO - Sync 1 DAGs
[2026-04-14T12:17:13.146+0900] {logging_mixin.py:190} INFO - [2026-04-14T12:17:13.146+0900] {dag.py:4138} INFO - Setting next_dagrun for 07_msa_api_server_used_adv to 2026-04-14 00:00:00+00:00, run_after=2026-04-15 00:00:00+00:00
[2026-04-14T12:17:13.191+0900] {processor.py:208} INFO - Processing /opt/airflow/dags/07_msa_api_server_used_adv.py took 0.115 seconds
[2026-04-14T12:17:43.807+0900] {processor.py:186} INFO - Started process (PID=44467) to work on /opt/airflow/dags/07_msa_api_server_used_adv.py
[2026-04-14T12:17:43.808+0900] {processor.py:914} INFO - Processing file /opt/airflow/dags/07_msa_api_server_used_adv.py for tasks to queue
[2026-04-14T12:17:43.811+0900] {logging_mixin.py:190} INFO - [2026-04-14T12:17:43.811+0900] {dagbag.py:587} INFO - Filling up the DagBag from /opt/airflow/dags/07_msa_api_server_used_adv.py
[2026-04-14T12:17:43.832+0900] {processor.py:925} INFO - DAG(s) '07_msa_api_server_used_adv' retrieved from /opt/airflow/dags/07_msa_api_server_used_adv.py
[2026-04-14T12:17:43.852+0900] {logging_mixin.py:190} INFO - [2026-04-14T12:17:43.852+0900] {dag.py:3211} INFO - Sync 1 DAGs
[2026-04-14T12:17:43.869+0900] {logging_mixin.py:190} INFO - [2026-04-14T12:17:43.869+0900] {dag.py:4138} INFO - Setting next_dagrun for 07_msa_api_server_used_adv to 2026-04-14 00:00:00+00:00, run_after=2026-04-15 00:00:00+00:00
[2026-04-14T12:17:43.886+0900] {processor.py:208} INFO - Processing /opt/airflow/dags/07_msa_api_server_used_adv.py took 0.084 seconds
[2026-04-14T12:18:14.641+0900] {processor.py:186} INFO - Started process (PID=44486) to work on /opt/airflow/dags/07_msa_api_server_used_adv.py
[2026-04-14T12:18:14.642+0900] {processor.py:914} INFO - Processing file /opt/airflow/dags/07_msa_api_server_used_adv.py for tasks to queue
[2026-04-14T12:18:14.645+0900] {logging_mixin.py:190} INFO - [2026-04-14T12:18:14.644+0900] {dagbag.py:587} INFO - Filling up the DagBag from /opt/airflow/dags/07_msa_api_server_used_adv.py
[2026-04-14T12:18:14.680+0900] {processor.py:925} INFO - DAG(s) '07_msa_api_server_used_adv' retrieved from /opt/airflow/dags/07_msa_api_server_used_adv.py
[2026-04-14T12:18:14.703+0900] {logging_mixin.py:190} INFO - [2026-04-14T12:18:14.703+0900] {dag.py:3211} INFO - Sync 1 DAGs
[2026-04-14T12:18:14.721+0900] {logging_mixin.py:190} INFO - [2026-04-14T12:18:14.721+0900] {dag.py:4138} INFO - Setting next_dagrun for 07_msa_api_server_used_adv to 2026-04-14 00:00:00+00:00, run_after=2026-04-15 00:00:00+00:00
[2026-04-14T12:18:14.766+0900] {processor.py:208} INFO - Processing /opt/airflow/dags/07_msa_api_server_used_adv.py took 0.130 seconds
[2026-04-14T12:18:45.441+0900] {processor.py:186} INFO - Started process (PID=44505) to work on /opt/airflow/dags/07_msa_api_server_used_adv.py
[2026-04-14T12:18:45.442+0900] {processor.py:914} INFO - Processing file /opt/airflow/dags/07_msa_api_server_used_adv.py for tasks to queue
[2026-04-14T12:18:45.444+0900] {logging_mixin.py:190} INFO - [2026-04-14T12:18:45.444+0900] {dagbag.py:587} INFO - Filling up the DagBag from /opt/airflow/dags/07_msa_api_server_used_adv.py
[2026-04-14T12:18:45.467+0900] {processor.py:925} INFO - DAG(s) '07_msa_api_server_used_adv' retrieved from /opt/airflow/dags/07_msa_api_server_used_adv.py
[2026-04-14T12:18:45.488+0900] {logging_mixin.py:190} INFO - [2026-04-14T12:18:45.488+0900] {dag.py:3211} INFO - Sync 1 DAGs
[2026-04-14T12:18:45.505+0900] {logging_mixin.py:190} INFO - [2026-04-14T12:18:45.505+0900] {dag.py:4138} INFO - Setting next_dagrun for 07_msa_api_server_used_adv to 2026-04-14 00:00:00+00:00, run_after=2026-04-15 00:00:00+00:00
[2026-04-14T12:18:45.548+0900] {processor.py:208} INFO - Processing /opt/airflow/dags/07_msa_api_server_used_adv.py took 0.112 seconds
[2026-04-14T12:19:16.032+0900] {processor.py:186} INFO - Started process (PID=44524) to work on /opt/airflow/dags/07_msa_api_server_used_adv.py
[2026-04-14T12:19:16.033+0900] {processor.py:914} INFO - Processing file /opt/airflow/dags/07_msa_api_server_used_adv.py for tasks to queue
[2026-04-14T12:19:16.035+0900] {logging_mixin.py:190} INFO - [2026-04-14T12:19:16.034+0900] {dagbag.py:587} INFO - Filling up the DagBag from /opt/airflow/dags/07_msa_api_server_used_adv.py
[2026-04-14T12:19:16.051+0900] {processor.py:925} INFO - DAG(s) '07_msa_api_server_used_adv' retrieved from /opt/airflow/dags/07_msa_api_server_used_adv.py
[2026-04-14T12:19:16.070+0900] {logging_mixin.py:190} INFO - [2026-04-14T12:19:16.069+0900] {dag.py:3211} INFO - Sync 1 DAGs
[2026-04-14T12:19:16.087+0900] {logging_mixin.py:190} INFO - [2026-04-14T12:19:16.086+0900] {dag.py:4138} INFO - Setting next_dagrun for 07_msa_api_server_used_adv to 2026-04-14 00:00:00+00:00, run_after=2026-04-15 00:00:00+00:00
[2026-04-14T12:19:16.102+0900] {processor.py:208} INFO - Processing /opt/airflow/dags/07_msa_api_server_used_adv.py took 0.076 seconds
[2026-04-14T12:19:46.720+0900] {processor.py:186} INFO - Started process (PID=44543) to work on /opt/airflow/dags/07_msa_api_server_used_adv.py
[2026-04-14T12:19:46.721+0900] {processor.py:914} INFO - Processing file /opt/airflow/dags/07_msa_api_server_used_adv.py for tasks to queue
[2026-04-14T12:19:46.723+0900] {logging_mixin.py:190} INFO - [2026-04-14T12:19:46.723+0900] {dagbag.py:587} INFO - Filling up the DagBag from /opt/airflow/dags/07_msa_api_server_used_adv.py
[2026-04-14T12:19:46.744+0900] {processor.py:925} INFO - DAG(s) '07_msa_api_server_used_adv' retrieved from /opt/airflow/dags/07_msa_api_server_used_adv.py
[2026-04-14T12:19:46.770+0900] {logging_mixin.py:190} INFO - [2026-04-14T12:19:46.770+0900] {dag.py:3211} INFO - Sync 1 DAGs
[2026-04-14T12:19:46.795+0900] {logging_mixin.py:190} INFO - [2026-04-14T12:19:46.794+0900] {dag.py:4138} INFO - Setting next_dagrun for 07_msa_api_server_used_adv to 2026-04-14 00:00:00+00:00, run_after=2026-04-15 00:00:00+00:00
[2026-04-14T12:19:46.838+0900] {processor.py:208} INFO - Processing /opt/airflow/dags/07_msa_api_server_used_adv.py took 0.125 seconds
[2026-04-14T12:20:17.474+0900] {processor.py:186} INFO - Started process (PID=44562) to work on /opt/airflow/dags/07_msa_api_server_used_adv.py
[2026-04-14T12:20:17.475+0900] {processor.py:914} INFO - Processing file /opt/airflow/dags/07_msa_api_server_used_adv.py for tasks to queue
[2026-04-14T12:20:17.478+0900] {logging_mixin.py:190} INFO - [2026-04-14T12:20:17.477+0900] {dagbag.py:587} INFO - Filling up the DagBag from /opt/airflow/dags/07_msa_api_server_used_adv.py
[2026-04-14T12:20:17.508+0900] {processor.py:925} INFO - DAG(s) '07_msa_api_server_used_adv' retrieved from /opt/airflow/dags/07_msa_api_server_used_adv.py
[2026-04-14T12:20:17.530+0900] {logging_mixin.py:190} INFO - [2026-04-14T12:20:17.530+0900] {dag.py:3211} INFO - Sync 1 DAGs
[2026-04-14T12:20:17.548+0900] {logging_mixin.py:190} INFO - [2026-04-14T12:20:17.547+0900] {dag.py:4138} INFO - Setting next_dagrun for 07_msa_api_server_used_adv to 2026-04-14 00:00:00+00:00, run_after=2026-04-15 00:00:00+00:00
[2026-04-14T12:20:17.593+0900] {processor.py:208} INFO - Processing /opt/airflow/dags/07_msa_api_server_used_adv.py took 0.124 seconds
[2026-04-14T12:20:48.158+0900] {processor.py:186} INFO - Started process (PID=44581) to work on /opt/airflow/dags/07_msa_api_server_used_adv.py
[2026-04-14T12:20:48.159+0900] {processor.py:914} INFO - Processing file /opt/airflow/dags/07_msa_api_server_used_adv.py for tasks to queue
[2026-04-14T12:20:48.164+0900] {logging_mixin.py:190} INFO - [2026-04-14T12:20:48.161+0900] {dagbag.py:587} INFO - Filling up the DagBag from /opt/airflow/dags/07_msa_api_server_used_adv.py
[2026-04-14T12:20:48.191+0900] {processor.py:925} INFO - DAG(s) '07_msa_api_server_used_adv' retrieved from /opt/airflow/dags/07_msa_api_server_used_adv.py
[2026-04-14T12:20:48.219+0900] {logging_mixin.py:190} INFO - [2026-04-14T12:20:48.218+0900] {dag.py:3211} INFO - Sync 1 DAGs
[2026-04-14T12:20:48.241+0900] {logging_mixin.py:190} INFO - [2026-04-14T12:20:48.240+0900] {dag.py:4138} INFO - Setting next_dagrun for 07_msa_api_server_used_adv to 2026-04-14 00:00:00+00:00, run_after=2026-04-15 00:00:00+00:00
[2026-04-14T12:20:48.262+0900] {processor.py:208} INFO - Processing /opt/airflow/dags/07_msa_api_server_used_adv.py took 0.109 seconds
[2026-04-14T12:21:18.708+0900] {processor.py:186} INFO - Started process (PID=44600) to work on /opt/airflow/dags/07_msa_api_server_used_adv.py
[2026-04-14T12:21:18.709+0900] {processor.py:914} INFO - Processing file /opt/airflow/dags/07_msa_api_server_used_adv.py for tasks to queue
[2026-04-14T12:21:18.712+0900] {logging_mixin.py:190} INFO - [2026-04-14T12:21:18.712+0900] {dagbag.py:587} INFO - Filling up the DagBag from /opt/airflow/dags/07_msa_api_server_used_adv.py
[2026-04-14T12:21:18.734+0900] {processor.py:925} INFO - DAG(s) '07_msa_api_server_used_adv' retrieved from /opt/airflow/dags/07_msa_api_server_used_adv.py
[2026-04-14T12:21:18.765+0900] {logging_mixin.py:190} INFO - [2026-04-14T12:21:18.764+0900] {dag.py:3211} INFO - Sync 1 DAGs
[2026-04-14T12:21:18.797+0900] {logging_mixin.py:190} INFO - [2026-04-14T12:21:18.796+0900] {dag.py:4138} INFO - Setting next_dagrun for 07_msa_api_server_used_adv to 2026-04-14 00:00:00+00:00, run_after=2026-04-15 00:00:00+00:00
[2026-04-14T12:21:18.825+0900] {processor.py:208} INFO - Processing /opt/airflow/dags/07_msa_api_server_used_adv.py took 0.124 seconds
[2026-04-14T12:21:49.584+0900] {processor.py:186} INFO - Started process (PID=44619) to work on /opt/airflow/dags/07_msa_api_server_used_adv.py
[2026-04-14T12:21:49.585+0900] {processor.py:914} INFO - Processing file /opt/airflow/dags/07_msa_api_server_used_adv.py for tasks to queue
[2026-04-14T12:21:49.587+0900] {logging_mixin.py:190} INFO - [2026-04-14T12:21:49.587+0900] {dagbag.py:587} INFO - Filling up the DagBag from /opt/airflow/dags/07_msa_api_server_used_adv.py
[2026-04-14T12:21:49.604+0900] {processor.py:925} INFO - DAG(s) '07_msa_api_server_used_adv' retrieved from /opt/airflow/dags/07_msa_api_server_used_adv.py
[2026-04-14T12:21:49.626+0900] {logging_mixin.py:190} INFO - [2026-04-14T12:21:49.626+0900] {dag.py:3211} INFO - Sync 1 DAGs
[2026-04-14T12:21:49.644+0900] {logging_mixin.py:190} INFO - [2026-04-14T12:21:49.644+0900] {dag.py:4138} INFO - Setting next_dagrun for 07_msa_api_server_used_adv to 2026-04-14 00:00:00+00:00, run_after=2026-04-15 00:00:00+00:00
[2026-04-14T12:21:49.672+0900] {processor.py:208} INFO - Processing /opt/airflow/dags/07_msa_api_server_used_adv.py took 0.093 seconds
[2026-04-14T12:22:20.150+0900] {processor.py:186} INFO - Started process (PID=44638) to work on /opt/airflow/dags/07_msa_api_server_used_adv.py
[2026-04-14T12:22:20.151+0900] {processor.py:914} INFO - Processing file /opt/airflow/dags/07_msa_api_server_used_adv.py for tasks to queue
[2026-04-14T12:22:20.153+0900] {logging_mixin.py:190} INFO - [2026-04-14T12:22:20.153+0900] {dagbag.py:587} INFO - Filling up the DagBag from /opt/airflow/dags/07_msa_api_server_used_adv.py
[2026-04-14T12:22:20.173+0900] {processor.py:925} INFO - DAG(s) '07_msa_api_server_used_adv' retrieved from /opt/airflow/dags/07_msa_api_server_used_adv.py
[2026-04-14T12:22:20.194+0900] {logging_mixin.py:190} INFO - [2026-04-14T12:22:20.194+0900] {dag.py:3211} INFO - Sync 1 DAGs
[2026-04-14T12:22:20.213+0900] {logging_mixin.py:190} INFO - [2026-04-14T12:22:20.213+0900] {dag.py:4138} INFO - Setting next_dagrun for 07_msa_api_server_used_adv to 2026-04-14 00:00:00+00:00, run_after=2026-04-15 00:00:00+00:00
[2026-04-14T12:22:20.260+0900] {processor.py:208} INFO - Processing /opt/airflow/dags/07_msa_api_server_used_adv.py took 0.116 seconds
[2026-04-14T12:22:51.149+0900] {processor.py:186} INFO - Started process (PID=44657) to work on /opt/airflow/dags/07_msa_api_server_used_adv.py
[2026-04-14T12:22:51.151+0900] {processor.py:914} INFO - Processing file /opt/airflow/dags/07_msa_api_server_used_adv.py for tasks to queue
[2026-04-14T12:22:51.154+0900] {logging_mixin.py:190} INFO - [2026-04-14T12:22:51.153+0900] {dagbag.py:587} INFO - Filling up the DagBag from /opt/airflow/dags/07_msa_api_server_used_adv.py
[2026-04-14T12:22:51.175+0900] {processor.py:925} INFO - DAG(s) '07_msa_api_server_used_adv' retrieved from /opt/airflow/dags/07_msa_api_server_used_adv.py
[2026-04-14T12:22:51.204+0900] {logging_mixin.py:190} INFO - [2026-04-14T12:22:51.203+0900] {dag.py:3211} INFO - Sync 1 DAGs
[2026-04-14T12:22:51.225+0900] {logging_mixin.py:190} INFO - [2026-04-14T12:22:51.225+0900] {dag.py:4138} INFO - Setting next_dagrun for 07_msa_api_server_used_adv to 2026-04-14 00:00:00+00:00, run_after=2026-04-15 00:00:00+00:00
[2026-04-14T12:22:51.244+0900] {processor.py:208} INFO - Processing /opt/airflow/dags/07_msa_api_server_used_adv.py took 0.103 seconds
[2026-04-14T12:23:21.371+0900] {processor.py:186} INFO - Started process (PID=44676) to work on /opt/airflow/dags/07_msa_api_server_used_adv.py
[2026-04-14T12:23:21.372+0900] {processor.py:914} INFO - Processing file /opt/airflow/dags/07_msa_api_server_used_adv.py for tasks to queue
[2026-04-14T12:23:21.375+0900] {logging_mixin.py:190} INFO - [2026-04-14T12:23:21.374+0900] {dagbag.py:587} INFO - Filling up the DagBag from /opt/airflow/dags/07_msa_api_server_used_adv.py
[2026-04-14T12:23:21.409+0900] {processor.py:925} INFO - DAG(s) '07_msa_api_server_used_adv' retrieved from /opt/airflow/dags/07_msa_api_server_used_adv.py
[2026-04-14T12:23:21.432+0900] {logging_mixin.py:190} INFO - [2026-04-14T12:23:21.431+0900] {dag.py:3211} INFO - Sync 1 DAGs
[2026-04-14T12:23:21.470+0900] {logging_mixin.py:190} INFO - [2026-04-14T12:23:21.470+0900] {dag.py:4138} INFO - Setting next_dagrun for 07_msa_api_server_used_adv to 2026-04-14 00:00:00+00:00, run_after=2026-04-15 00:00:00+00:00
[2026-04-14T12:23:21.516+0900] {processor.py:208} INFO - Processing /opt/airflow/dags/07_msa_api_server_used_adv.py took 0.151 seconds
[2026-04-14T12:23:52.040+0900] {processor.py:186} INFO - Started process (PID=44695) to work on /opt/airflow/dags/07_msa_api_server_used_adv.py
[2026-04-14T12:23:52.042+0900] {processor.py:914} INFO - Processing file /opt/airflow/dags/07_msa_api_server_used_adv.py for tasks to queue
[2026-04-14T12:23:52.044+0900] {logging_mixin.py:190} INFO - [2026-04-14T12:23:52.043+0900] {dagbag.py:587} INFO - Filling up the DagBag from /opt/airflow/dags/07_msa_api_server_used_adv.py
[2026-04-14T12:23:52.062+0900] {processor.py:925} INFO - DAG(s) '07_msa_api_server_used_adv' retrieved from /opt/airflow/dags/07_msa_api_server_used_adv.py
[2026-04-14T12:23:52.081+0900] {logging_mixin.py:190} INFO - [2026-04-14T12:23:52.081+0900] {dag.py:3211} INFO - Sync 1 DAGs
[2026-04-14T12:23:52.099+0900] {logging_mixin.py:190} INFO - [2026-04-14T12:23:52.098+0900] {dag.py:4138} INFO - Setting next_dagrun for 07_msa_api_server_used_adv to 2026-04-14 00:00:00+00:00, run_after=2026-04-15 00:00:00+00:00
[2026-04-14T12:23:52.115+0900] {processor.py:208} INFO - Processing /opt/airflow/dags/07_msa_api_server_used_adv.py took 0.079 seconds
[2026-04-14T12:24:22.545+0900] {processor.py:186} INFO - Started process (PID=44714) to work on /opt/airflow/dags/07_msa_api_server_used_adv.py
[2026-04-14T12:24:22.545+0900] {processor.py:914} INFO - Processing file /opt/airflow/dags/07_msa_api_server_used_adv.py for tasks to queue
[2026-04-14T12:24:22.548+0900] {logging_mixin.py:190} INFO - [2026-04-14T12:24:22.547+0900] {dagbag.py:587} INFO - Filling up the DagBag from /opt/airflow/dags/07_msa_api_server_used_adv.py
[2026-04-14T12:24:22.570+0900] {processor.py:925} INFO - DAG(s) '07_msa_api_server_used_adv' retrieved from /opt/airflow/dags/07_msa_api_server_used_adv.py
[2026-04-14T12:24:22.592+0900] {logging_mixin.py:190} INFO - [2026-04-14T12:24:22.592+0900] {dag.py:3211} INFO - Sync 1 DAGs
[2026-04-14T12:24:22.611+0900] {logging_mixin.py:190} INFO - [2026-04-14T12:24:22.611+0900] {dag.py:4138} INFO - Setting next_dagrun for 07_msa_api_server_used_adv to 2026-04-14 00:00:00+00:00, run_after=2026-04-15 00:00:00+00:00
[2026-04-14T12:24:22.628+0900] {processor.py:208} INFO - Processing /opt/airflow/dags/07_msa_api_server_used_adv.py took 0.088 seconds
[2026-04-14T12:24:53.578+0900] {processor.py:186} INFO - Started process (PID=44733) to work on /opt/airflow/dags/07_msa_api_server_used_adv.py
[2026-04-14T12:24:53.582+0900] {processor.py:914} INFO - Processing file /opt/airflow/dags/07_msa_api_server_used_adv.py for tasks to queue
[2026-04-14T12:24:53.588+0900] {logging_mixin.py:190} INFO - [2026-04-14T12:24:53.587+0900] {dagbag.py:587} INFO - Filling up the DagBag from /opt/airflow/dags/07_msa_api_server_used_adv.py
[2026-04-14T12:24:53.619+0900] {processor.py:925} INFO - DAG(s) '07_msa_api_server_used_adv' retrieved from /opt/airflow/dags/07_msa_api_server_used_adv.py
[2026-04-14T12:24:53.641+0900] {logging_mixin.py:190} INFO - [2026-04-14T12:24:53.641+0900] {dag.py:3211} INFO - Sync 1 DAGs
[2026-04-14T12:24:53.662+0900] {logging_mixin.py:190} INFO - [2026-04-14T12:24:53.662+0900] {dag.py:4138} INFO - Setting next_dagrun for 07_msa_api_server_used_adv to 2026-04-14 00:00:00+00:00, run_after=2026-04-15 00:00:00+00:00
[2026-04-14T12:24:53.682+0900] {processor.py:208} INFO - Processing /opt/airflow/dags/07_msa_api_server_used_adv.py took 0.109 seconds
[2026-04-14T12:25:24.465+0900] {processor.py:186} INFO - Started process (PID=44752) to work on /opt/airflow/dags/07_msa_api_server_used_adv.py
[2026-04-14T12:25:24.466+0900] {processor.py:914} INFO - Processing file /opt/airflow/dags/07_msa_api_server_used_adv.py for tasks to queue
[2026-04-14T12:25:24.468+0900] {logging_mixin.py:190} INFO - [2026-04-14T12:25:24.468+0900] {dagbag.py:587} INFO - Filling up the DagBag from /opt/airflow/dags/07_msa_api_server_used_adv.py
[2026-04-14T12:25:24.486+0900] {processor.py:925} INFO - DAG(s) '07_msa_api_server_used_adv' retrieved from /opt/airflow/dags/07_msa_api_server_used_adv.py
[2026-04-14T12:25:24.506+0900] {logging_mixin.py:190} INFO - [2026-04-14T12:25:24.506+0900] {dag.py:3211} INFO - Sync 1 DAGs
[2026-04-14T12:25:24.524+0900] {logging_mixin.py:190} INFO - [2026-04-14T12:25:24.523+0900] {dag.py:4138} INFO - Setting next_dagrun for 07_msa_api_server_used_adv to 2026-04-14 00:00:00+00:00, run_after=2026-04-15 00:00:00+00:00
[2026-04-14T12:25:24.568+0900] {processor.py:208} INFO - Processing /opt/airflow/dags/07_msa_api_server_used_adv.py took 0.108 seconds
[2026-04-14T12:25:55.060+0900] {processor.py:186} INFO - Started process (PID=44771) to work on /opt/airflow/dags/07_msa_api_server_used_adv.py
[2026-04-14T12:25:55.061+0900] {processor.py:914} INFO - Processing file /opt/airflow/dags/07_msa_api_server_used_adv.py for tasks to queue
[2026-04-14T12:25:55.064+0900] {logging_mixin.py:190} INFO - [2026-04-14T12:25:55.063+0900] {dagbag.py:587} INFO - Filling up the DagBag from /opt/airflow/dags/07_msa_api_server_used_adv.py
[2026-04-14T12:25:55.097+0900] {processor.py:925} INFO - DAG(s) '07_msa_api_server_used_adv' retrieved from /opt/airflow/dags/07_msa_api_server_used_adv.py
[2026-04-14T12:25:55.119+0900] {logging_mixin.py:190} INFO - [2026-04-14T12:25:55.119+0900] {dag.py:3211} INFO - Sync 1 DAGs
[2026-04-14T12:25:55.137+0900] {logging_mixin.py:190} INFO - [2026-04-14T12:25:55.137+0900] {dag.py:4138} INFO - Setting next_dagrun for 07_msa_api_server_used_adv to 2026-04-14 00:00:00+00:00, run_after=2026-04-15 00:00:00+00:00
[2026-04-14T12:25:55.154+0900] {processor.py:208} INFO - Processing /opt/airflow/dags/07_msa_api_server_used_adv.py took 0.099 seconds
[2026-04-14T12:26:25.998+0900] {processor.py:186} INFO - Started process (PID=44790) to work on /opt/airflow/dags/07_msa_api_server_used_adv.py
[2026-04-14T12:26:25.999+0900] {processor.py:914} INFO - Processing file /opt/airflow/dags/07_msa_api_server_used_adv.py for tasks to queue
[2026-04-14T12:26:26.001+0900] {logging_mixin.py:190} INFO - [2026-04-14T12:26:26.001+0900] {dagbag.py:587} INFO - Filling up the DagBag from /opt/airflow/dags/07_msa_api_server_used_adv.py
[2026-04-14T12:26:26.034+0900] {processor.py:925} INFO - DAG(s) '07_msa_api_server_used_adv' retrieved from /opt/airflow/dags/07_msa_api_server_used_adv.py
[2026-04-14T12:26:26.056+0900] {logging_mixin.py:190} INFO - [2026-04-14T12:26:26.055+0900] {dag.py:3211} INFO - Sync 1 DAGs
[2026-04-14T12:26:26.073+0900] {logging_mixin.py:190} INFO - [2026-04-14T12:26:26.073+0900] {dag.py:4138} INFO - Setting next_dagrun for 07_msa_api_server_used_adv to 2026-04-14 00:00:00+00:00, run_after=2026-04-15 00:00:00+00:00
[2026-04-14T12:26:26.089+0900] {processor.py:208} INFO - Processing /opt/airflow/dags/07_msa_api_server_used_adv.py took 0.095 seconds
[2026-04-14T12:26:56.491+0900] {processor.py:186} INFO - Started process (PID=44809) to work on /opt/airflow/dags/07_msa_api_server_used_adv.py
[2026-04-14T12:26:56.492+0900] {processor.py:914} INFO - Processing file /opt/airflow/dags/07_msa_api_server_used_adv.py for tasks to queue
[2026-04-14T12:26:56.495+0900] {logging_mixin.py:190} INFO - [2026-04-14T12:26:56.494+0900] {dagbag.py:587} INFO - Filling up the DagBag from /opt/airflow/dags/07_msa_api_server_used_adv.py
[2026-04-14T12:26:56.526+0900] {processor.py:925} INFO - DAG(s) '07_msa_api_server_used_adv' retrieved from /opt/airflow/dags/07_msa_api_server_used_adv.py
[2026-04-14T12:26:56.552+0900] {logging_mixin.py:190} INFO - [2026-04-14T12:26:56.552+0900] {dag.py:3211} INFO - Sync 1 DAGs
[2026-04-14T12:26:56.574+0900] {logging_mixin.py:190} INFO - [2026-04-14T12:26:56.574+0900] {dag.py:4138} INFO - Setting next_dagrun for 07_msa_api_server_used_adv to 2026-04-14 00:00:00+00:00, run_after=2026-04-15 00:00:00+00:00
[2026-04-14T12:26:56.622+0900] {processor.py:208} INFO - Processing /opt/airflow/dags/07_msa_api_server_used_adv.py took 0.137 seconds
[2026-04-14T12:27:26.986+0900] {processor.py:186} INFO - Started process (PID=44827) to work on /opt/airflow/dags/07_msa_api_server_used_adv.py
[2026-04-14T12:27:26.987+0900] {processor.py:914} INFO - Processing file /opt/airflow/dags/07_msa_api_server_used_adv.py for tasks to queue
[2026-04-14T12:27:26.989+0900] {logging_mixin.py:190} INFO - [2026-04-14T12:27:26.989+0900] {dagbag.py:587} INFO - Filling up the DagBag from /opt/airflow/dags/07_msa_api_server_used_adv.py
[2026-04-14T12:27:27.010+0900] {processor.py:925} INFO - DAG(s) '07_msa_api_server_used_adv' retrieved from /opt/airflow/dags/07_msa_api_server_used_adv.py
[2026-04-14T12:27:27.034+0900] {logging_mixin.py:190} INFO - [2026-04-14T12:27:27.034+0900] {dag.py:3211} INFO - Sync 1 DAGs
[2026-04-14T12:27:27.062+0900] {logging_mixin.py:190} INFO - [2026-04-14T12:27:27.062+0900] {dag.py:4138} INFO - Setting next_dagrun for 07_msa_api_server_used_adv to 2026-04-14 00:00:00+00:00, run_after=2026-04-15 00:00:00+00:00
[2026-04-14T12:27:27.078+0900] {processor.py:208} INFO - Processing /opt/airflow/dags/07_msa_api_server_used_adv.py took 0.097 seconds
[2026-04-14T12:27:57.222+0900] {processor.py:186} INFO - Started process (PID=44845) to work on /opt/airflow/dags/07_msa_api_server_used_adv.py
[2026-04-14T12:27:57.223+0900] {processor.py:914} INFO - Processing file /opt/airflow/dags/07_msa_api_server_used_adv.py for tasks to queue
[2026-04-14T12:27:57.225+0900] {logging_mixin.py:190} INFO - [2026-04-14T12:27:57.225+0900] {dagbag.py:587} INFO - Filling up the DagBag from /opt/airflow/dags/07_msa_api_server_used_adv.py
[2026-04-14T12:27:57.246+0900] {processor.py:925} INFO - DAG(s) '07_msa_api_server_used_adv' retrieved from /opt/airflow/dags/07_msa_api_server_used_adv.py
[2026-04-14T12:27:57.268+0900] {logging_mixin.py:190} INFO - [2026-04-14T12:27:57.268+0900] {dag.py:3211} INFO - Sync 1 DAGs
[2026-04-14T12:27:57.285+0900] {logging_mixin.py:190} INFO - [2026-04-14T12:27:57.285+0900] {dag.py:4138} INFO - Setting next_dagrun for 07_msa_api_server_used_adv to 2026-04-14 00:00:00+00:00, run_after=2026-04-15 00:00:00+00:00
[2026-04-14T12:27:57.299+0900] {processor.py:208} INFO - Processing /opt/airflow/dags/07_msa_api_server_used_adv.py took 0.083 seconds
[2026-04-14T12:28:28.114+0900] {processor.py:186} INFO - Started process (PID=44864) to work on /opt/airflow/dags/07_msa_api_server_used_adv.py
[2026-04-14T12:28:28.115+0900] {processor.py:914} INFO - Processing file /opt/airflow/dags/07_msa_api_server_used_adv.py for tasks to queue
[2026-04-14T12:28:28.118+0900] {logging_mixin.py:190} INFO - [2026-04-14T12:28:28.117+0900] {dagbag.py:587} INFO - Filling up the DagBag from /opt/airflow/dags/07_msa_api_server_used_adv.py
[2026-04-14T12:28:28.150+0900] {processor.py:925} INFO - DAG(s) '07_msa_api_server_used_adv' retrieved from /opt/airflow/dags/07_msa_api_server_used_adv.py
[2026-04-14T12:28:28.172+0900] {logging_mixin.py:190} INFO - [2026-04-14T12:28:28.172+0900] {dag.py:3211} INFO - Sync 1 DAGs
[2026-04-14T12:28:28.189+0900] {logging_mixin.py:190} INFO - [2026-04-14T12:28:28.189+0900] {dag.py:4138} INFO - Setting next_dagrun for 07_msa_api_server_used_adv to 2026-04-14 00:00:00+00:00, run_after=2026-04-15 00:00:00+00:00
[2026-04-14T12:28:28.235+0900] {processor.py:208} INFO - Processing /opt/airflow/dags/07_msa_api_server_used_adv.py took 0.126 seconds
[2026-04-14T12:28:58.897+0900] {processor.py:186} INFO - Started process (PID=44883) to work on /opt/airflow/dags/07_msa_api_server_used_adv.py
[2026-04-14T12:28:58.899+0900] {processor.py:914} INFO - Processing file /opt/airflow/dags/07_msa_api_server_used_adv.py for tasks to queue
[2026-04-14T12:28:58.903+0900] {logging_mixin.py:190} INFO - [2026-04-14T12:28:58.902+0900] {dagbag.py:587} INFO - Filling up the DagBag from /opt/airflow/dags/07_msa_api_server_used_adv.py
[2026-04-14T12:28:58.928+0900] {processor.py:925} INFO - DAG(s) '07_msa_api_server_used_adv' retrieved from /opt/airflow/dags/07_msa_api_server_used_adv.py
[2026-04-14T12:28:58.952+0900] {logging_mixin.py:190} INFO - [2026-04-14T12:28:58.951+0900] {dag.py:3211} INFO - Sync 1 DAGs
[2026-04-14T12:28:58.972+0900] {logging_mixin.py:190} INFO - [2026-04-14T12:28:58.972+0900] {dag.py:4138} INFO - Setting next_dagrun for 07_msa_api_server_used_adv to 2026-04-14 00:00:00+00:00, run_after=2026-04-15 00:00:00+00:00
[2026-04-14T12:28:58.993+0900] {processor.py:208} INFO - Processing /opt/airflow/dags/07_msa_api_server_used_adv.py took 0.103 seconds
[2026-04-14T12:29:29.157+0900] {processor.py:186} INFO - Started process (PID=44902) to work on /opt/airflow/dags/07_msa_api_server_used_adv.py
[2026-04-14T12:29:29.158+0900] {processor.py:914} INFO - Processing file /opt/airflow/dags/07_msa_api_server_used_adv.py for tasks to queue
[2026-04-14T12:29:29.162+0900] {logging_mixin.py:190} INFO - [2026-04-14T12:29:29.161+0900] {dagbag.py:587} INFO - Filling up the DagBag from /opt/airflow/dags/07_msa_api_server_used_adv.py
[2026-04-14T12:29:29.197+0900] {processor.py:925} INFO - DAG(s) '07_msa_api_server_used_adv' retrieved from /opt/airflow/dags/07_msa_api_server_used_adv.py
[2026-04-14T12:29:29.222+0900] {logging_mixin.py:190} INFO - [2026-04-14T12:29:29.222+0900] {dag.py:3211} INFO - Sync 1 DAGs
[2026-04-14T12:29:29.240+0900] {logging_mixin.py:190} INFO - [2026-04-14T12:29:29.240+0900] {dag.py:4138} INFO - Setting next_dagrun for 07_msa_api_server_used_adv to 2026-04-14 00:00:00+00:00, run_after=2026-04-15 00:00:00+00:00
[2026-04-14T12:29:29.260+0900] {processor.py:208} INFO - Processing /opt/airflow/dags/07_msa_api_server_used_adv.py took 0.108 seconds
[2026-04-14T12:29:59.410+0900] {processor.py:186} INFO - Started process (PID=44920) to work on /opt/airflow/dags/07_msa_api_server_used_adv.py
[2026-04-14T12:29:59.411+0900] {processor.py:914} INFO - Processing file /opt/airflow/dags/07_msa_api_server_used_adv.py for tasks to queue
[2026-04-14T12:29:59.413+0900] {logging_mixin.py:190} INFO - [2026-04-14T12:29:59.413+0900] {dagbag.py:587} INFO - Filling up the DagBag from /opt/airflow/dags/07_msa_api_server_used_adv.py
[2026-04-14T12:29:59.448+0900] {processor.py:925} INFO - DAG(s) '07_msa_api_server_used_adv' retrieved from /opt/airflow/dags/07_msa_api_server_used_adv.py
[2026-04-14T12:29:59.469+0900] {logging_mixin.py:190} INFO - [2026-04-14T12:29:59.469+0900] {dag.py:3211} INFO - Sync 1 DAGs
[2026-04-14T12:29:59.487+0900] {logging_mixin.py:190} INFO - [2026-04-14T12:29:59.487+0900] {dag.py:4138} INFO - Setting next_dagrun for 07_msa_api_server_used_adv to 2026-04-14 00:00:00+00:00, run_after=2026-04-15 00:00:00+00:00
[2026-04-14T12:29:59.503+0900] {processor.py:208} INFO - Processing /opt/airflow/dags/07_msa_api_server_used_adv.py took 0.098 seconds
[2026-04-14T12:30:29.626+0900] {processor.py:186} INFO - Started process (PID=44939) to work on /opt/airflow/dags/07_msa_api_server_used_adv.py
[2026-04-14T12:30:29.628+0900] {processor.py:914} INFO - Processing file /opt/airflow/dags/07_msa_api_server_used_adv.py for tasks to queue
[2026-04-14T12:30:29.630+0900] {logging_mixin.py:190} INFO - [2026-04-14T12:30:29.629+0900] {dagbag.py:587} INFO - Filling up the DagBag from /opt/airflow/dags/07_msa_api_server_used_adv.py
[2026-04-14T12:30:29.667+0900] {processor.py:925} INFO - DAG(s) '07_msa_api_server_used_adv' retrieved from /opt/airflow/dags/07_msa_api_server_used_adv.py
[2026-04-14T12:30:29.687+0900] {logging_mixin.py:190} INFO - [2026-04-14T12:30:29.687+0900] {dag.py:3211} INFO - Sync 1 DAGs
[2026-04-14T12:30:29.705+0900] {logging_mixin.py:190} INFO - [2026-04-14T12:30:29.705+0900] {dag.py:4138} INFO - Setting next_dagrun for 07_msa_api_server_used_adv to 2026-04-14 00:00:00+00:00, run_after=2026-04-15 00:00:00+00:00
[2026-04-14T12:30:29.721+0900] {processor.py:208} INFO - Processing /opt/airflow/dags/07_msa_api_server_used_adv.py took 0.100 seconds
[2026-04-14T12:30:59.800+0900] {processor.py:186} INFO - Started process (PID=44958) to work on /opt/airflow/dags/07_msa_api_server_used_adv.py
[2026-04-14T12:30:59.801+0900] {processor.py:914} INFO - Processing file /opt/airflow/dags/07_msa_api_server_used_adv.py for tasks to queue
[2026-04-14T12:30:59.803+0900] {logging_mixin.py:190} INFO - [2026-04-14T12:30:59.803+0900] {dagbag.py:587} INFO - Filling up the DagBag from /opt/airflow/dags/07_msa_api_server_used_adv.py
[2026-04-14T12:30:59.840+0900] {processor.py:925} INFO - DAG(s) '07_msa_api_server_used_adv' retrieved from /opt/airflow/dags/07_msa_api_server_used_adv.py
[2026-04-14T12:30:59.864+0900] {logging_mixin.py:190} INFO - [2026-04-14T12:30:59.864+0900] {dag.py:3211} INFO - Sync 1 DAGs
[2026-04-14T12:30:59.881+0900] {logging_mixin.py:190} INFO - [2026-04-14T12:30:59.880+0900] {dag.py:4138} INFO - Setting next_dagrun for 07_msa_api_server_used_adv to 2026-04-14 00:00:00+00:00, run_after=2026-04-15 00:00:00+00:00
[2026-04-14T12:30:59.925+0900] {processor.py:208} INFO - Processing /opt/airflow/dags/07_msa_api_server_used_adv.py took 0.130 seconds
[2026-04-14T12:31:30.902+0900] {processor.py:186} INFO - Started process (PID=44977) to work on /opt/airflow/dags/07_msa_api_server_used_adv.py
[2026-04-14T12:31:30.904+0900] {processor.py:914} INFO - Processing file /opt/airflow/dags/07_msa_api_server_used_adv.py for tasks to queue
[2026-04-14T12:31:30.906+0900] {logging_mixin.py:190} INFO - [2026-04-14T12:31:30.906+0900] {dagbag.py:587} INFO - Filling up the DagBag from /opt/airflow/dags/07_msa_api_server_used_adv.py
[2026-04-14T12:31:30.947+0900] {processor.py:925} INFO - DAG(s) '07_msa_api_server_used_adv' retrieved from /opt/airflow/dags/07_msa_api_server_used_adv.py
[2026-04-14T12:31:30.970+0900] {logging_mixin.py:190} INFO - [2026-04-14T12:31:30.970+0900] {dag.py:3211} INFO - Sync 1 DAGs
[2026-04-14T12:31:30.989+0900] {logging_mixin.py:190} INFO - [2026-04-14T12:31:30.988+0900] {dag.py:4138} INFO - Setting next_dagrun for 07_msa_api_server_used_adv to 2026-04-14 00:00:00+00:00, run_after=2026-04-15 00:00:00+00:00
[2026-04-14T12:31:31.035+0900] {processor.py:208} INFO - Processing /opt/airflow/dags/07_msa_api_server_used_adv.py took 0.138 seconds
[2026-04-14T12:32:01.879+0900] {processor.py:186} INFO - Started process (PID=44996) to work on /opt/airflow/dags/07_msa_api_server_used_adv.py
[2026-04-14T12:32:01.880+0900] {processor.py:914} INFO - Processing file /opt/airflow/dags/07_msa_api_server_used_adv.py for tasks to queue
[2026-04-14T12:32:01.883+0900] {logging_mixin.py:190} INFO - [2026-04-14T12:32:01.882+0900] {dagbag.py:587} INFO - Filling up the DagBag from /opt/airflow/dags/07_msa_api_server_used_adv.py
[2026-04-14T12:32:01.903+0900] {processor.py:925} INFO - DAG(s) '07_msa_api_server_used_adv' retrieved from /opt/airflow/dags/07_msa_api_server_used_adv.py
[2026-04-14T12:32:01.922+0900] {logging_mixin.py:190} INFO - [2026-04-14T12:32:01.921+0900] {dag.py:3211} INFO - Sync 1 DAGs
[2026-04-14T12:32:01.939+0900] {logging_mixin.py:190} INFO - [2026-04-14T12:32:01.939+0900] {dag.py:4138} INFO - Setting next_dagrun for 07_msa_api_server_used_adv to 2026-04-14 00:00:00+00:00, run_after=2026-04-15 00:00:00+00:00
[2026-04-14T12:32:01.957+0900] {processor.py:208} INFO - Processing /opt/airflow/dags/07_msa_api_server_used_adv.py took 0.083 seconds
[2026-04-14T12:32:32.860+0900] {processor.py:186} INFO - Started process (PID=45015) to work on /opt/airflow/dags/07_msa_api_server_used_adv.py
[2026-04-14T12:32:32.861+0900] {processor.py:914} INFO - Processing file /opt/airflow/dags/07_msa_api_server_used_adv.py for tasks to queue
[2026-04-14T12:32:32.863+0900] {logging_mixin.py:190} INFO - [2026-04-14T12:32:32.863+0900] {dagbag.py:587} INFO - Filling up the DagBag from /opt/airflow/dags/07_msa_api_server_used_adv.py
[2026-04-14T12:32:32.908+0900] {processor.py:925} INFO - DAG(s) '07_msa_api_server_used_adv' retrieved from /opt/airflow/dags/07_msa_api_server_used_adv.py
[2026-04-14T12:32:32.928+0900] {logging_mixin.py:190} INFO - [2026-04-14T12:32:32.928+0900] {dag.py:3211} INFO - Sync 1 DAGs
[2026-04-14T12:32:32.946+0900] {logging_mixin.py:190} INFO - [2026-04-14T12:32:32.945+0900] {dag.py:4138} INFO - Setting next_dagrun for 07_msa_api_server_used_adv to 2026-04-14 00:00:00+00:00, run_after=2026-04-15 00:00:00+00:00
[2026-04-14T12:32:32.989+0900] {processor.py:208} INFO - Processing /opt/airflow/dags/07_msa_api_server_used_adv.py took 0.134 seconds
[2026-04-14T12:33:03.254+0900] {processor.py:186} INFO - Started process (PID=45034) to work on /opt/airflow/dags/07_msa_api_server_used_adv.py
[2026-04-14T12:33:03.256+0900] {processor.py:914} INFO - Processing file /opt/airflow/dags/07_msa_api_server_used_adv.py for tasks to queue
[2026-04-14T12:33:03.258+0900] {logging_mixin.py:190} INFO - [2026-04-14T12:33:03.258+0900] {dagbag.py:587} INFO - Filling up the DagBag from /opt/airflow/dags/07_msa_api_server_used_adv.py
[2026-04-14T12:33:03.299+0900] {processor.py:925} INFO - DAG(s) '07_msa_api_server_used_adv' retrieved from /opt/airflow/dags/07_msa_api_server_used_adv.py
[2026-04-14T12:33:03.324+0900] {logging_mixin.py:190} INFO - [2026-04-14T12:33:03.323+0900] {dag.py:3211} INFO - Sync 1 DAGs
[2026-04-14T12:33:03.345+0900] {logging_mixin.py:190} INFO - [2026-04-14T12:33:03.344+0900] {dag.py:4138} INFO - Setting next_dagrun for 07_msa_api_server_used_adv to 2026-04-14 00:00:00+00:00, run_after=2026-04-15 00:00:00+00:00
[2026-04-14T12:33:03.392+0900] {processor.py:208} INFO - Processing /opt/airflow/dags/07_msa_api_server_used_adv.py took 0.142 seconds
[2026-04-14T12:33:33.538+0900] {processor.py:186} INFO - Started process (PID=45053) to work on /opt/airflow/dags/07_msa_api_server_used_adv.py
[2026-04-14T12:33:33.540+0900] {processor.py:914} INFO - Processing file /opt/airflow/dags/07_msa_api_server_used_adv.py for tasks to queue
[2026-04-14T12:33:33.542+0900] {logging_mixin.py:190} INFO - [2026-04-14T12:33:33.542+0900] {dagbag.py:587} INFO - Filling up the DagBag from /opt/airflow/dags/07_msa_api_server_used_adv.py
[2026-04-14T12:33:33.576+0900] {processor.py:925} INFO - DAG(s) '07_msa_api_server_used_adv' retrieved from /opt/airflow/dags/07_msa_api_server_used_adv.py
[2026-04-14T12:33:33.604+0900] {logging_mixin.py:190} INFO - [2026-04-14T12:33:33.604+0900] {dag.py:3211} INFO - Sync 1 DAGs
[2026-04-14T12:33:33.631+0900] {logging_mixin.py:190} INFO - [2026-04-14T12:33:33.630+0900] {dag.py:4138} INFO - Setting next_dagrun for 07_msa_api_server_used_adv to 2026-04-14 00:00:00+00:00, run_after=2026-04-15 00:00:00+00:00
[2026-04-14T12:33:33.675+0900] {processor.py:208} INFO - Processing /opt/airflow/dags/07_msa_api_server_used_adv.py took 0.142 seconds
[2026-04-14T12:34:03.922+0900] {processor.py:186} INFO - Started process (PID=45072) to work on /opt/airflow/dags/07_msa_api_server_used_adv.py
[2026-04-14T12:34:03.924+0900] {processor.py:914} INFO - Processing file /opt/airflow/dags/07_msa_api_server_used_adv.py for tasks to queue
[2026-04-14T12:34:03.927+0900] {logging_mixin.py:190} INFO - [2026-04-14T12:34:03.927+0900] {dagbag.py:587} INFO - Filling up the DagBag from /opt/airflow/dags/07_msa_api_server_used_adv.py
[2026-04-14T12:34:03.974+0900] {processor.py:925} INFO - DAG(s) '07_msa_api_server_used_adv' retrieved from /opt/airflow/dags/07_msa_api_server_used_adv.py
[2026-04-14T12:34:04.002+0900] {logging_mixin.py:190} INFO - [2026-04-14T12:34:04.001+0900] {dag.py:3211} INFO - Sync 1 DAGs
[2026-04-14T12:34:04.023+0900] {logging_mixin.py:190} INFO - [2026-04-14T12:34:04.023+0900] {dag.py:4138} INFO - Setting next_dagrun for 07_msa_api_server_used_adv to 2026-04-14 00:00:00+00:00, run_after=2026-04-15 00:00:00+00:00
[2026-04-14T12:34:04.042+0900] {processor.py:208} INFO - Processing /opt/airflow/dags/07_msa_api_server_used_adv.py took 0.127 seconds
[2026-04-14T12:34:34.693+0900] {processor.py:186} INFO - Started process (PID=45090) to work on /opt/airflow/dags/07_msa_api_server_used_adv.py
[2026-04-14T12:34:34.694+0900] {processor.py:914} INFO - Processing file /opt/airflow/dags/07_msa_api_server_used_adv.py for tasks to queue
[2026-04-14T12:34:34.697+0900] {logging_mixin.py:190} INFO - [2026-04-14T12:34:34.696+0900] {dagbag.py:587} INFO - Filling up the DagBag from /opt/airflow/dags/07_msa_api_server_used_adv.py
[2026-04-14T12:34:34.726+0900] {processor.py:925} INFO - DAG(s) '07_msa_api_server_used_adv' retrieved from /opt/airflow/dags/07_msa_api_server_used_adv.py
[2026-04-14T12:34:34.751+0900] {logging_mixin.py:190} INFO - [2026-04-14T12:34:34.751+0900] {dag.py:3211} INFO - Sync 1 DAGs
[2026-04-14T12:34:34.772+0900] {logging_mixin.py:190} INFO - [2026-04-14T12:34:34.772+0900] {dag.py:4138} INFO - Setting next_dagrun for 07_msa_api_server_used_adv to 2026-04-14 00:00:00+00:00, run_after=2026-04-15 00:00:00+00:00
[2026-04-14T12:34:34.790+0900] {processor.py:208} INFO - Processing /opt/airflow/dags/07_msa_api_server_used_adv.py took 0.103 seconds
[2026-04-14T12:35:05.615+0900] {processor.py:186} INFO - Started process (PID=45109) to work on /opt/airflow/dags/07_msa_api_server_used_adv.py
[2026-04-14T12:35:05.616+0900] {processor.py:914} INFO - Processing file /opt/airflow/dags/07_msa_api_server_used_adv.py for tasks to queue
[2026-04-14T12:35:05.618+0900] {logging_mixin.py:190} INFO - [2026-04-14T12:35:05.618+0900] {dagbag.py:587} INFO - Filling up the DagBag from /opt/airflow/dags/07_msa_api_server_used_adv.py
[2026-04-14T12:35:05.641+0900] {processor.py:925} INFO - DAG(s) '07_msa_api_server_used_adv' retrieved from /opt/airflow/dags/07_msa_api_server_used_adv.py
[2026-04-14T12:35:05.664+0900] {logging_mixin.py:190} INFO - [2026-04-14T12:35:05.664+0900] {dag.py:3211} INFO - Sync 1 DAGs
[2026-04-14T12:35:05.682+0900] {logging_mixin.py:190} INFO - [2026-04-14T12:35:05.681+0900] {dag.py:4138} INFO - Setting next_dagrun for 07_msa_api_server_used_adv to 2026-04-14 00:00:00+00:00, run_after=2026-04-15 00:00:00+00:00
[2026-04-14T12:35:05.728+0900] {processor.py:208} INFO - Processing /opt/airflow/dags/07_msa_api_server_used_adv.py took 0.118 seconds
[2026-04-14T12:35:35.792+0900] {processor.py:186} INFO - Started process (PID=45128) to work on /opt/airflow/dags/07_msa_api_server_used_adv.py
[2026-04-14T12:35:35.794+0900] {processor.py:914} INFO - Processing file /opt/airflow/dags/07_msa_api_server_used_adv.py for tasks to queue
[2026-04-14T12:35:35.796+0900] {logging_mixin.py:190} INFO - [2026-04-14T12:35:35.796+0900] {dagbag.py:587} INFO - Filling up the DagBag from /opt/airflow/dags/07_msa_api_server_used_adv.py
[2026-04-14T12:35:35.827+0900] {processor.py:925} INFO - DAG(s) '07_msa_api_server_used_adv' retrieved from /opt/airflow/dags/07_msa_api_server_used_adv.py
[2026-04-14T12:35:35.850+0900] {logging_mixin.py:190} INFO - [2026-04-14T12:35:35.850+0900] {dag.py:3211} INFO - Sync 1 DAGs
[2026-04-14T12:35:35.869+0900] {logging_mixin.py:190} INFO - [2026-04-14T12:35:35.869+0900] {dag.py:4138} INFO - Setting next_dagrun for 07_msa_api_server_used_adv to 2026-04-14 00:00:00+00:00, run_after=2026-04-15 00:00:00+00:00
[2026-04-14T12:35:35.915+0900] {processor.py:208} INFO - Processing /opt/airflow/dags/07_msa_api_server_used_adv.py took 0.128 seconds
[2026-04-14T12:36:06.603+0900] {processor.py:186} INFO - Started process (PID=45147) to work on /opt/airflow/dags/07_msa_api_server_used_adv.py
[2026-04-14T12:36:06.605+0900] {processor.py:914} INFO - Processing file /opt/airflow/dags/07_msa_api_server_used_adv.py for tasks to queue
[2026-04-14T12:36:06.607+0900] {logging_mixin.py:190} INFO - [2026-04-14T12:36:06.607+0900] {dagbag.py:587} INFO - Filling up the DagBag from /opt/airflow/dags/07_msa_api_server_used_adv.py
[2026-04-14T12:36:06.648+0900] {processor.py:925} INFO - DAG(s) '07_msa_api_server_used_adv' retrieved from /opt/airflow/dags/07_msa_api_server_used_adv.py
[2026-04-14T12:36:06.676+0900] {logging_mixin.py:190} INFO - [2026-04-14T12:36:06.676+0900] {dag.py:3211} INFO - Sync 1 DAGs
[2026-04-14T12:36:06.698+0900] {logging_mixin.py:190} INFO - [2026-04-14T12:36:06.697+0900] {dag.py:4138} INFO - Setting next_dagrun for 07_msa_api_server_used_adv to 2026-04-14 00:00:00+00:00, run_after=2026-04-15 00:00:00+00:00
[2026-04-14T12:36:06.719+0900] {processor.py:208} INFO - Processing /opt/airflow/dags/07_msa_api_server_used_adv.py took 0.121 seconds
[2026-04-14T12:36:37.745+0900] {processor.py:186} INFO - Started process (PID=45172) to work on /opt/airflow/dags/07_msa_api_server_used_adv.py
[2026-04-14T12:36:37.746+0900] {processor.py:914} INFO - Processing file /opt/airflow/dags/07_msa_api_server_used_adv.py for tasks to queue
[2026-04-14T12:36:37.748+0900] {logging_mixin.py:190} INFO - [2026-04-14T12:36:37.748+0900] {dagbag.py:587} INFO - Filling up the DagBag from /opt/airflow/dags/07_msa_api_server_used_adv.py
[2026-04-14T12:36:37.771+0900] {processor.py:925} INFO - DAG(s) '07_msa_api_server_used_adv' retrieved from /opt/airflow/dags/07_msa_api_server_used_adv.py
[2026-04-14T12:36:37.792+0900] {logging_mixin.py:190} INFO - [2026-04-14T12:36:37.792+0900] {dag.py:3211} INFO - Sync 1 DAGs
[2026-04-14T12:36:37.811+0900] {logging_mixin.py:190} INFO - [2026-04-14T12:36:37.810+0900] {dag.py:4138} INFO - Setting next_dagrun for 07_msa_api_server_used_adv to 2026-04-14 00:00:00+00:00, run_after=2026-04-15 00:00:00+00:00
[2026-04-14T12:36:37.855+0900] {processor.py:208} INFO - Processing /opt/airflow/dags/07_msa_api_server_used_adv.py took 0.115 seconds
[2026-04-14T12:37:08.059+0900] {processor.py:186} INFO - Started process (PID=45191) to work on /opt/airflow/dags/07_msa_api_server_used_adv.py
[2026-04-14T12:37:08.061+0900] {processor.py:914} INFO - Processing file /opt/airflow/dags/07_msa_api_server_used_adv.py for tasks to queue
[2026-04-14T12:37:08.064+0900] {logging_mixin.py:190} INFO - [2026-04-14T12:37:08.064+0900] {dagbag.py:587} INFO - Filling up the DagBag from /opt/airflow/dags/07_msa_api_server_used_adv.py
[2026-04-14T12:37:08.107+0900] {processor.py:925} INFO - DAG(s) '07_msa_api_server_used_adv' retrieved from /opt/airflow/dags/07_msa_api_server_used_adv.py
[2026-04-14T12:37:08.132+0900] {logging_mixin.py:190} INFO - [2026-04-14T12:37:08.132+0900] {dag.py:3211} INFO - Sync 1 DAGs
[2026-04-14T12:37:08.151+0900] {logging_mixin.py:190} INFO - [2026-04-14T12:37:08.151+0900] {dag.py:4138} INFO - Setting next_dagrun for 07_msa_api_server_used_adv to 2026-04-14 00:00:00+00:00, run_after=2026-04-15 00:00:00+00:00
[2026-04-14T12:37:08.198+0900] {processor.py:208} INFO - Processing /opt/airflow/dags/07_msa_api_server_used_adv.py took 0.144 seconds
[2026-04-14T12:37:38.475+0900] {processor.py:186} INFO - Started process (PID=45210) to work on /opt/airflow/dags/07_msa_api_server_used_adv.py
[2026-04-14T12:37:38.476+0900] {processor.py:914} INFO - Processing file /opt/airflow/dags/07_msa_api_server_used_adv.py for tasks to queue
[2026-04-14T12:37:38.478+0900] {logging_mixin.py:190} INFO - [2026-04-14T12:37:38.478+0900] {dagbag.py:587} INFO - Filling up the DagBag from /opt/airflow/dags/07_msa_api_server_used_adv.py
[2026-04-14T12:37:38.528+0900] {processor.py:925} INFO - DAG(s) '07_msa_api_server_used_adv' retrieved from /opt/airflow/dags/07_msa_api_server_used_adv.py
[2026-04-14T12:37:38.564+0900] {logging_mixin.py:190} INFO - [2026-04-14T12:37:38.563+0900] {dag.py:3211} INFO - Sync 1 DAGs
[2026-04-14T12:37:38.603+0900] {logging_mixin.py:190} INFO - [2026-04-14T12:37:38.603+0900] {dag.py:4138} INFO - Setting next_dagrun for 07_msa_api_server_used_adv to 2026-04-14 00:00:00+00:00, run_after=2026-04-15 00:00:00+00:00
[2026-04-14T12:37:38.633+0900] {processor.py:208} INFO - Processing /opt/airflow/dags/07_msa_api_server_used_adv.py took 0.163 seconds
[2026-04-14T12:38:09.110+0900] {processor.py:186} INFO - Started process (PID=45229) to work on /opt/airflow/dags/07_msa_api_server_used_adv.py
[2026-04-14T12:38:09.111+0900] {processor.py:914} INFO - Processing file /opt/airflow/dags/07_msa_api_server_used_adv.py for tasks to queue
[2026-04-14T12:38:09.114+0900] {logging_mixin.py:190} INFO - [2026-04-14T12:38:09.113+0900] {dagbag.py:587} INFO - Filling up the DagBag from /opt/airflow/dags/07_msa_api_server_used_adv.py
[2026-04-14T12:38:09.155+0900] {processor.py:925} INFO - DAG(s) '07_msa_api_server_used_adv' retrieved from /opt/airflow/dags/07_msa_api_server_used_adv.py
[2026-04-14T12:38:09.176+0900] {logging_mixin.py:190} INFO - [2026-04-14T12:38:09.176+0900] {dag.py:3211} INFO - Sync 1 DAGs
[2026-04-14T12:38:09.194+0900] {logging_mixin.py:190} INFO - [2026-04-14T12:38:09.194+0900] {dag.py:4138} INFO - Setting next_dagrun for 07_msa_api_server_used_adv to 2026-04-14 00:00:00+00:00, run_after=2026-04-15 00:00:00+00:00
[2026-04-14T12:38:09.212+0900] {processor.py:208} INFO - Processing /opt/airflow/dags/07_msa_api_server_used_adv.py took 0.106 seconds
[2026-04-14T12:38:39.312+0900] {processor.py:186} INFO - Started process (PID=45248) to work on /opt/airflow/dags/07_msa_api_server_used_adv.py
[2026-04-14T12:38:39.313+0900] {processor.py:914} INFO - Processing file /opt/airflow/dags/07_msa_api_server_used_adv.py for tasks to queue
[2026-04-14T12:38:39.316+0900] {logging_mixin.py:190} INFO - [2026-04-14T12:38:39.316+0900] {dagbag.py:587} INFO - Filling up the DagBag from /opt/airflow/dags/07_msa_api_server_used_adv.py
[2026-04-14T12:38:39.353+0900] {processor.py:925} INFO - DAG(s) '07_msa_api_server_used_adv' retrieved from /opt/airflow/dags/07_msa_api_server_used_adv.py
[2026-04-14T12:38:39.373+0900] {logging_mixin.py:190} INFO - [2026-04-14T12:38:39.373+0900] {dag.py:3211} INFO - Sync 1 DAGs
[2026-04-14T12:38:39.391+0900] {logging_mixin.py:190} INFO - [2026-04-14T12:38:39.391+0900] {dag.py:4138} INFO - Setting next_dagrun for 07_msa_api_server_used_adv to 2026-04-14 00:00:00+00:00, run_after=2026-04-15 00:00:00+00:00
[2026-04-14T12:38:39.409+0900] {processor.py:208} INFO - Processing /opt/airflow/dags/07_msa_api_server_used_adv.py took 0.102 seconds
[2026-04-14T12:39:09.574+0900] {processor.py:186} INFO - Started process (PID=45267) to work on /opt/airflow/dags/07_msa_api_server_used_adv.py
[2026-04-14T12:39:09.576+0900] {processor.py:914} INFO - Processing file /opt/airflow/dags/07_msa_api_server_used_adv.py for tasks to queue
[2026-04-14T12:39:09.578+0900] {logging_mixin.py:190} INFO - [2026-04-14T12:39:09.578+0900] {dagbag.py:587} INFO - Filling up the DagBag from /opt/airflow/dags/07_msa_api_server_used_adv.py
[2026-04-14T12:39:09.617+0900] {processor.py:925} INFO - DAG(s) '07_msa_api_server_used_adv' retrieved from /opt/airflow/dags/07_msa_api_server_used_adv.py
[2026-04-14T12:39:09.640+0900] {logging_mixin.py:190} INFO - [2026-04-14T12:39:09.640+0900] {dag.py:3211} INFO - Sync 1 DAGs
[2026-04-14T12:39:09.658+0900] {logging_mixin.py:190} INFO - [2026-04-14T12:39:09.658+0900] {dag.py:4138} INFO - Setting next_dagrun for 07_msa_api_server_used_adv to 2026-04-14 00:00:00+00:00, run_after=2026-04-15 00:00:00+00:00
[2026-04-14T12:39:09.675+0900] {processor.py:208} INFO - Processing /opt/airflow/dags/07_msa_api_server_used_adv.py took 0.105 seconds
[2026-04-14T12:39:40.269+0900] {processor.py:186} INFO - Started process (PID=45286) to work on /opt/airflow/dags/07_msa_api_server_used_adv.py
[2026-04-14T12:39:40.270+0900] {processor.py:914} INFO - Processing file /opt/airflow/dags/07_msa_api_server_used_adv.py for tasks to queue
[2026-04-14T12:39:40.273+0900] {logging_mixin.py:190} INFO - [2026-04-14T12:39:40.272+0900] {dagbag.py:587} INFO - Filling up the DagBag from /opt/airflow/dags/07_msa_api_server_used_adv.py
[2026-04-14T12:39:40.308+0900] {processor.py:925} INFO - DAG(s) '07_msa_api_server_used_adv' retrieved from /opt/airflow/dags/07_msa_api_server_used_adv.py
[2026-04-14T12:39:40.332+0900] {logging_mixin.py:190} INFO - [2026-04-14T12:39:40.332+0900] {dag.py:3211} INFO - Sync 1 DAGs
[2026-04-14T12:39:40.352+0900] {logging_mixin.py:190} INFO - [2026-04-14T12:39:40.351+0900] {dag.py:4138} INFO - Setting next_dagrun for 07_msa_api_server_used_adv to 2026-04-14 00:00:00+00:00, run_after=2026-04-15 00:00:00+00:00
[2026-04-14T12:39:40.371+0900] {processor.py:208} INFO - Processing /opt/airflow/dags/07_msa_api_server_used_adv.py took 0.107 seconds
[2026-04-14T12:40:10.962+0900] {processor.py:186} INFO - Started process (PID=45305) to work on /opt/airflow/dags/07_msa_api_server_used_adv.py
[2026-04-14T12:40:10.963+0900] {processor.py:914} INFO - Processing file /opt/airflow/dags/07_msa_api_server_used_adv.py for tasks to queue
[2026-04-14T12:40:10.965+0900] {logging_mixin.py:190} INFO - [2026-04-14T12:40:10.965+0900] {dagbag.py:587} INFO - Filling up the DagBag from /opt/airflow/dags/07_msa_api_server_used_adv.py
[2026-04-14T12:40:10.994+0900] {processor.py:925} INFO - DAG(s) '07_msa_api_server_used_adv' retrieved from /opt/airflow/dags/07_msa_api_server_used_adv.py
[2026-04-14T12:40:11.018+0900] {logging_mixin.py:190} INFO - [2026-04-14T12:40:11.018+0900] {dag.py:3211} INFO - Sync 1 DAGs
[2026-04-14T12:40:11.036+0900] {logging_mixin.py:190} INFO - [2026-04-14T12:40:11.035+0900] {dag.py:4138} INFO - Setting next_dagrun for 07_msa_api_server_used_adv to 2026-04-14 00:00:00+00:00, run_after=2026-04-15 00:00:00+00:00
[2026-04-14T12:40:11.055+0900] {processor.py:208} INFO - Processing /opt/airflow/dags/07_msa_api_server_used_adv.py took 0.098 seconds
[2026-04-14T12:40:41.367+0900] {processor.py:186} INFO - Started process (PID=45323) to work on /opt/airflow/dags/07_msa_api_server_used_adv.py
[2026-04-14T12:40:41.369+0900] {processor.py:914} INFO - Processing file /opt/airflow/dags/07_msa_api_server_used_adv.py for tasks to queue
[2026-04-14T12:40:41.371+0900] {logging_mixin.py:190} INFO - [2026-04-14T12:40:41.371+0900] {dagbag.py:587} INFO - Filling up the DagBag from /opt/airflow/dags/07_msa_api_server_used_adv.py
[2026-04-14T12:40:41.406+0900] {processor.py:925} INFO - DAG(s) '07_msa_api_server_used_adv' retrieved from /opt/airflow/dags/07_msa_api_server_used_adv.py
[2026-04-14T12:40:41.428+0900] {logging_mixin.py:190} INFO - [2026-04-14T12:40:41.428+0900] {dag.py:3211} INFO - Sync 1 DAGs
[2026-04-14T12:40:41.445+0900] {logging_mixin.py:190} INFO - [2026-04-14T12:40:41.444+0900] {dag.py:4138} INFO - Setting next_dagrun for 07_msa_api_server_used_adv to 2026-04-14 00:00:00+00:00, run_after=2026-04-15 00:00:00+00:00
[2026-04-14T12:40:41.491+0900] {processor.py:208} INFO - Processing /opt/airflow/dags/07_msa_api_server_used_adv.py took 0.128 seconds
[2026-04-14T12:41:12.150+0900] {processor.py:186} INFO - Started process (PID=45342) to work on /opt/airflow/dags/07_msa_api_server_used_adv.py
[2026-04-14T12:41:12.151+0900] {processor.py:914} INFO - Processing file /opt/airflow/dags/07_msa_api_server_used_adv.py for tasks to queue
[2026-04-14T12:41:12.154+0900] {logging_mixin.py:190} INFO - [2026-04-14T12:41:12.154+0900] {dagbag.py:587} INFO - Filling up the DagBag from /opt/airflow/dags/07_msa_api_server_used_adv.py
[2026-04-14T12:41:12.193+0900] {processor.py:925} INFO - DAG(s) '07_msa_api_server_used_adv' retrieved from /opt/airflow/dags/07_msa_api_server_used_adv.py
[2026-04-14T12:41:12.214+0900] {logging_mixin.py:190} INFO - [2026-04-14T12:41:12.214+0900] {dag.py:3211} INFO - Sync 1 DAGs
[2026-04-14T12:41:12.232+0900] {logging_mixin.py:190} INFO - [2026-04-14T12:41:12.232+0900] {dag.py:4138} INFO - Setting next_dagrun for 07_msa_api_server_used_adv to 2026-04-14 00:00:00+00:00, run_after=2026-04-15 00:00:00+00:00
[2026-04-14T12:41:12.281+0900] {processor.py:208} INFO - Processing /opt/airflow/dags/07_msa_api_server_used_adv.py took 0.135 seconds
[2026-04-14T12:41:42.505+0900] {processor.py:186} INFO - Started process (PID=45361) to work on /opt/airflow/dags/07_msa_api_server_used_adv.py
[2026-04-14T12:41:42.506+0900] {processor.py:914} INFO - Processing file /opt/airflow/dags/07_msa_api_server_used_adv.py for tasks to queue
[2026-04-14T12:41:42.510+0900] {logging_mixin.py:190} INFO - [2026-04-14T12:41:42.509+0900] {dagbag.py:587} INFO - Filling up the DagBag from /opt/airflow/dags/07_msa_api_server_used_adv.py
[2026-04-14T12:41:42.544+0900] {processor.py:925} INFO - DAG(s) '07_msa_api_server_used_adv' retrieved from /opt/airflow/dags/07_msa_api_server_used_adv.py
[2026-04-14T12:41:42.567+0900] {logging_mixin.py:190} INFO - [2026-04-14T12:41:42.567+0900] {dag.py:3211} INFO - Sync 1 DAGs
[2026-04-14T12:41:42.586+0900] {logging_mixin.py:190} INFO - [2026-04-14T12:41:42.586+0900] {dag.py:4138} INFO - Setting next_dagrun for 07_msa_api_server_used_adv to 2026-04-14 00:00:00+00:00, run_after=2026-04-15 00:00:00+00:00
[2026-04-14T12:41:42.604+0900] {processor.py:208} INFO - Processing /opt/airflow/dags/07_msa_api_server_used_adv.py took 0.104 seconds
[2026-04-14T12:42:12.682+0900] {processor.py:186} INFO - Started process (PID=45380) to work on /opt/airflow/dags/07_msa_api_server_used_adv.py
[2026-04-14T12:42:12.683+0900] {processor.py:914} INFO - Processing file /opt/airflow/dags/07_msa_api_server_used_adv.py for tasks to queue
[2026-04-14T12:42:12.686+0900] {logging_mixin.py:190} INFO - [2026-04-14T12:42:12.685+0900] {dagbag.py:587} INFO - Filling up the DagBag from /opt/airflow/dags/07_msa_api_server_used_adv.py
[2026-04-14T12:42:12.732+0900] {processor.py:925} INFO - DAG(s) '07_msa_api_server_used_adv' retrieved from /opt/airflow/dags/07_msa_api_server_used_adv.py
[2026-04-14T12:42:12.764+0900] {logging_mixin.py:190} INFO - [2026-04-14T12:42:12.764+0900] {dag.py:3211} INFO - Sync 1 DAGs
[2026-04-14T12:42:12.786+0900] {logging_mixin.py:190} INFO - [2026-04-14T12:42:12.786+0900] {dag.py:4138} INFO - Setting next_dagrun for 07_msa_api_server_used_adv to 2026-04-14 00:00:00+00:00, run_after=2026-04-15 00:00:00+00:00
[2026-04-14T12:42:12.807+0900] {processor.py:208} INFO - Processing /opt/airflow/dags/07_msa_api_server_used_adv.py took 0.130 seconds
[2026-04-14T12:42:42.942+0900] {processor.py:186} INFO - Started process (PID=45399) to work on /opt/airflow/dags/07_msa_api_server_used_adv.py
[2026-04-14T12:42:42.943+0900] {processor.py:914} INFO - Processing file /opt/airflow/dags/07_msa_api_server_used_adv.py for tasks to queue
[2026-04-14T12:42:42.946+0900] {logging_mixin.py:190} INFO - [2026-04-14T12:42:42.946+0900] {dagbag.py:587} INFO - Filling up the DagBag from /opt/airflow/dags/07_msa_api_server_used_adv.py
[2026-04-14T12:42:42.990+0900] {processor.py:925} INFO - DAG(s) '07_msa_api_server_used_adv' retrieved from /opt/airflow/dags/07_msa_api_server_used_adv.py
[2026-04-14T12:42:43.018+0900] {logging_mixin.py:190} INFO - [2026-04-14T12:42:43.018+0900] {dag.py:3211} INFO - Sync 1 DAGs
[2026-04-14T12:42:43.037+0900] {logging_mixin.py:190} INFO - [2026-04-14T12:42:43.036+0900] {dag.py:4138} INFO - Setting next_dagrun for 07_msa_api_server_used_adv to 2026-04-14 00:00:00+00:00, run_after=2026-04-15 00:00:00+00:00
[2026-04-14T12:42:43.053+0900] {processor.py:208} INFO - Processing /opt/airflow/dags/07_msa_api_server_used_adv.py took 0.115 seconds
[2026-04-14T12:43:13.133+0900] {processor.py:186} INFO - Started process (PID=45418) to work on /opt/airflow/dags/07_msa_api_server_used_adv.py
[2026-04-14T12:43:13.134+0900] {processor.py:914} INFO - Processing file /opt/airflow/dags/07_msa_api_server_used_adv.py for tasks to queue
[2026-04-14T12:43:13.136+0900] {logging_mixin.py:190} INFO - [2026-04-14T12:43:13.136+0900] {dagbag.py:587} INFO - Filling up the DagBag from /opt/airflow/dags/07_msa_api_server_used_adv.py
[2026-04-14T12:43:13.172+0900] {processor.py:925} INFO - DAG(s) '07_msa_api_server_used_adv' retrieved from /opt/airflow/dags/07_msa_api_server_used_adv.py
[2026-04-14T12:43:13.198+0900] {logging_mixin.py:190} INFO - [2026-04-14T12:43:13.198+0900] {dag.py:3211} INFO - Sync 1 DAGs
[2026-04-14T12:43:13.217+0900] {logging_mixin.py:190} INFO - [2026-04-14T12:43:13.216+0900] {dag.py:4138} INFO - Setting next_dagrun for 07_msa_api_server_used_adv to 2026-04-14 00:00:00+00:00, run_after=2026-04-15 00:00:00+00:00
[2026-04-14T12:43:13.247+0900] {processor.py:208} INFO - Processing /opt/airflow/dags/07_msa_api_server_used_adv.py took 0.119 seconds
[2026-04-14T12:43:43.454+0900] {processor.py:186} INFO - Started process (PID=45437) to work on /opt/airflow/dags/07_msa_api_server_used_adv.py
[2026-04-14T12:43:43.456+0900] {processor.py:914} INFO - Processing file /opt/airflow/dags/07_msa_api_server_used_adv.py for tasks to queue
[2026-04-14T12:43:43.458+0900] {logging_mixin.py:190} INFO - [2026-04-14T12:43:43.458+0900] {dagbag.py:587} INFO - Filling up the DagBag from /opt/airflow/dags/07_msa_api_server_used_adv.py
[2026-04-14T12:43:43.479+0900] {processor.py:925} INFO - DAG(s) '07_msa_api_server_used_adv' retrieved from /opt/airflow/dags/07_msa_api_server_used_adv.py
[2026-04-14T12:43:43.502+0900] {logging_mixin.py:190} INFO - [2026-04-14T12:43:43.502+0900] {dag.py:3211} INFO - Sync 1 DAGs
[2026-04-14T12:43:43.521+0900] {logging_mixin.py:190} INFO - [2026-04-14T12:43:43.521+0900] {dag.py:4138} INFO - Setting next_dagrun for 07_msa_api_server_used_adv to 2026-04-14 00:00:00+00:00, run_after=2026-04-15 00:00:00+00:00
[2026-04-14T12:43:43.539+0900] {processor.py:208} INFO - Processing /opt/airflow/dags/07_msa_api_server_used_adv.py took 0.090 seconds
[2026-04-14T12:44:13.726+0900] {processor.py:186} INFO - Started process (PID=45456) to work on /opt/airflow/dags/07_msa_api_server_used_adv.py
[2026-04-14T12:44:13.727+0900] {processor.py:914} INFO - Processing file /opt/airflow/dags/07_msa_api_server_used_adv.py for tasks to queue
[2026-04-14T12:44:13.730+0900] {logging_mixin.py:190} INFO - [2026-04-14T12:44:13.729+0900] {dagbag.py:587} INFO - Filling up the DagBag from /opt/airflow/dags/07_msa_api_server_used_adv.py
[2026-04-14T12:44:13.752+0900] {processor.py:925} INFO - DAG(s) '07_msa_api_server_used_adv' retrieved from /opt/airflow/dags/07_msa_api_server_used_adv.py
[2026-04-14T12:44:13.772+0900] {logging_mixin.py:190} INFO - [2026-04-14T12:44:13.772+0900] {dag.py:3211} INFO - Sync 1 DAGs
[2026-04-14T12:44:13.790+0900] {logging_mixin.py:190} INFO - [2026-04-14T12:44:13.790+0900] {dag.py:4138} INFO - Setting next_dagrun for 07_msa_api_server_used_adv to 2026-04-14 00:00:00+00:00, run_after=2026-04-15 00:00:00+00:00
[2026-04-14T12:44:13.836+0900] {processor.py:208} INFO - Processing /opt/airflow/dags/07_msa_api_server_used_adv.py took 0.115 seconds
[2026-04-14T12:44:44.098+0900] {processor.py:186} INFO - Started process (PID=45475) to work on /opt/airflow/dags/07_msa_api_server_used_adv.py
[2026-04-14T12:44:44.099+0900] {processor.py:914} INFO - Processing file /opt/airflow/dags/07_msa_api_server_used_adv.py for tasks to queue
[2026-04-14T12:44:44.102+0900] {logging_mixin.py:190} INFO - [2026-04-14T12:44:44.101+0900] {dagbag.py:587} INFO - Filling up the DagBag from /opt/airflow/dags/07_msa_api_server_used_adv.py
[2026-04-14T12:44:44.142+0900] {processor.py:925} INFO - DAG(s) '07_msa_api_server_used_adv' retrieved from /opt/airflow/dags/07_msa_api_server_used_adv.py
[2026-04-14T12:44:44.165+0900] {logging_mixin.py:190} INFO - [2026-04-14T12:44:44.165+0900] {dag.py:3211} INFO - Sync 1 DAGs
[2026-04-14T12:44:44.183+0900] {logging_mixin.py:190} INFO - [2026-04-14T12:44:44.183+0900] {dag.py:4138} INFO - Setting next_dagrun for 07_msa_api_server_used_adv to 2026-04-14 00:00:00+00:00, run_after=2026-04-15 00:00:00+00:00
[2026-04-14T12:44:44.203+0900] {processor.py:208} INFO - Processing /opt/airflow/dags/07_msa_api_server_used_adv.py took 0.110 seconds
[2026-04-14T12:45:14.388+0900] {processor.py:186} INFO - Started process (PID=45494) to work on /opt/airflow/dags/07_msa_api_server_used_adv.py
[2026-04-14T12:45:14.389+0900] {processor.py:914} INFO - Processing file /opt/airflow/dags/07_msa_api_server_used_adv.py for tasks to queue
[2026-04-14T12:45:14.392+0900] {logging_mixin.py:190} INFO - [2026-04-14T12:45:14.391+0900] {dagbag.py:587} INFO - Filling up the DagBag from /opt/airflow/dags/07_msa_api_server_used_adv.py
[2026-04-14T12:45:14.435+0900] {processor.py:925} INFO - DAG(s) '07_msa_api_server_used_adv' retrieved from /opt/airflow/dags/07_msa_api_server_used_adv.py
[2026-04-14T12:45:14.458+0900] {logging_mixin.py:190} INFO - [2026-04-14T12:45:14.458+0900] {dag.py:3211} INFO - Sync 1 DAGs
[2026-04-14T12:45:14.477+0900] {logging_mixin.py:190} INFO - [2026-04-14T12:45:14.477+0900] {dag.py:4138} INFO - Setting next_dagrun for 07_msa_api_server_used_adv to 2026-04-14 00:00:00+00:00, run_after=2026-04-15 00:00:00+00:00
[2026-04-14T12:45:14.501+0900] {processor.py:208} INFO - Processing /opt/airflow/dags/07_msa_api_server_used_adv.py took 0.118 seconds
[2026-04-14T12:45:44.830+0900] {processor.py:186} INFO - Started process (PID=45513) to work on /opt/airflow/dags/07_msa_api_server_used_adv.py
[2026-04-14T12:45:44.832+0900] {processor.py:914} INFO - Processing file /opt/airflow/dags/07_msa_api_server_used_adv.py for tasks to queue
[2026-04-14T12:45:44.834+0900] {logging_mixin.py:190} INFO - [2026-04-14T12:45:44.834+0900] {dagbag.py:587} INFO - Filling up the DagBag from /opt/airflow/dags/07_msa_api_server_used_adv.py
[2026-04-14T12:45:44.875+0900] {processor.py:925} INFO - DAG(s) '07_msa_api_server_used_adv' retrieved from /opt/airflow/dags/07_msa_api_server_used_adv.py
[2026-04-14T12:45:44.898+0900] {logging_mixin.py:190} INFO - [2026-04-14T12:45:44.897+0900] {dag.py:3211} INFO - Sync 1 DAGs
[2026-04-14T12:45:44.917+0900] {logging_mixin.py:190} INFO - [2026-04-14T12:45:44.917+0900] {dag.py:4138} INFO - Setting next_dagrun for 07_msa_api_server_used_adv to 2026-04-14 00:00:00+00:00, run_after=2026-04-15 00:00:00+00:00
[2026-04-14T12:45:44.961+0900] {processor.py:208} INFO - Processing /opt/airflow/dags/07_msa_api_server_used_adv.py took 0.138 seconds
[2026-04-14T12:46:15.093+0900] {processor.py:186} INFO - Started process (PID=45533) to work on /opt/airflow/dags/07_msa_api_server_used_adv.py
[2026-04-14T12:46:15.094+0900] {processor.py:914} INFO - Processing file /opt/airflow/dags/07_msa_api_server_used_adv.py for tasks to queue
[2026-04-14T12:46:15.097+0900] {logging_mixin.py:190} INFO - [2026-04-14T12:46:15.097+0900] {dagbag.py:587} INFO - Filling up the DagBag from /opt/airflow/dags/07_msa_api_server_used_adv.py
[2026-04-14T12:46:15.137+0900] {processor.py:925} INFO - DAG(s) '07_msa_api_server_used_adv' retrieved from /opt/airflow/dags/07_msa_api_server_used_adv.py
[2026-04-14T12:46:15.160+0900] {logging_mixin.py:190} INFO - [2026-04-14T12:46:15.160+0900] {dag.py:3211} INFO - Sync 1 DAGs
[2026-04-14T12:46:15.178+0900] {logging_mixin.py:190} INFO - [2026-04-14T12:46:15.178+0900] {dag.py:4138} INFO - Setting next_dagrun for 07_msa_api_server_used_adv to 2026-04-14 00:00:00+00:00, run_after=2026-04-15 00:00:00+00:00
[2026-04-14T12:46:15.223+0900] {processor.py:208} INFO - Processing /opt/airflow/dags/07_msa_api_server_used_adv.py took 0.135 seconds
[2026-04-14T12:46:46.043+0900] {processor.py:186} INFO - Started process (PID=45552) to work on /opt/airflow/dags/07_msa_api_server_used_adv.py
[2026-04-14T12:46:46.044+0900] {processor.py:914} INFO - Processing file /opt/airflow/dags/07_msa_api_server_used_adv.py for tasks to queue
[2026-04-14T12:46:46.046+0900] {logging_mixin.py:190} INFO - [2026-04-14T12:46:46.046+0900] {dagbag.py:587} INFO - Filling up the DagBag from /opt/airflow/dags/07_msa_api_server_used_adv.py
[2026-04-14T12:46:46.070+0900] {processor.py:925} INFO - DAG(s) '07_msa_api_server_used_adv' retrieved from /opt/airflow/dags/07_msa_api_server_used_adv.py
[2026-04-14T12:46:46.095+0900] {logging_mixin.py:190} INFO - [2026-04-14T12:46:46.094+0900] {dag.py:3211} INFO - Sync 1 DAGs
[2026-04-14T12:46:46.111+0900] {logging_mixin.py:190} INFO - [2026-04-14T12:46:46.111+0900] {dag.py:4138} INFO - Setting next_dagrun for 07_msa_api_server_used_adv to 2026-04-14 00:00:00+00:00, run_after=2026-04-15 00:00:00+00:00
[2026-04-14T12:46:46.156+0900] {processor.py:208} INFO - Processing /opt/airflow/dags/07_msa_api_server_used_adv.py took 0.118 seconds
[2026-04-14T12:47:16.963+0900] {processor.py:186} INFO - Started process (PID=45571) to work on /opt/airflow/dags/07_msa_api_server_used_adv.py
[2026-04-14T12:47:16.964+0900] {processor.py:914} INFO - Processing file /opt/airflow/dags/07_msa_api_server_used_adv.py for tasks to queue
[2026-04-14T12:47:16.967+0900] {logging_mixin.py:190} INFO - [2026-04-14T12:47:16.966+0900] {dagbag.py:587} INFO - Filling up the DagBag from /opt/airflow/dags/07_msa_api_server_used_adv.py
[2026-04-14T12:47:16.989+0900] {processor.py:925} INFO - DAG(s) '07_msa_api_server_used_adv' retrieved from /opt/airflow/dags/07_msa_api_server_used_adv.py
[2026-04-14T12:47:17.016+0900] {logging_mixin.py:190} INFO - [2026-04-14T12:47:17.015+0900] {dag.py:3211} INFO - Sync 1 DAGs
[2026-04-14T12:47:17.038+0900] {logging_mixin.py:190} INFO - [2026-04-14T12:47:17.037+0900] {dag.py:4138} INFO - Setting next_dagrun for 07_msa_api_server_used_adv to 2026-04-14 00:00:00+00:00, run_after=2026-04-15 00:00:00+00:00
[2026-04-14T12:47:17.071+0900] {processor.py:208} INFO - Processing /opt/airflow/dags/07_msa_api_server_used_adv.py took 0.114 seconds
[2026-04-14T12:47:47.768+0900] {processor.py:186} INFO - Started process (PID=45590) to work on /opt/airflow/dags/07_msa_api_server_used_adv.py
[2026-04-14T12:47:47.770+0900] {processor.py:914} INFO - Processing file /opt/airflow/dags/07_msa_api_server_used_adv.py for tasks to queue
[2026-04-14T12:47:47.772+0900] {logging_mixin.py:190} INFO - [2026-04-14T12:47:47.772+0900] {dagbag.py:587} INFO - Filling up the DagBag from /opt/airflow/dags/07_msa_api_server_used_adv.py
[2026-04-14T12:47:47.790+0900] {processor.py:925} INFO - DAG(s) '07_msa_api_server_used_adv' retrieved from /opt/airflow/dags/07_msa_api_server_used_adv.py
[2026-04-14T12:47:47.811+0900] {logging_mixin.py:190} INFO - [2026-04-14T12:47:47.811+0900] {dag.py:3211} INFO - Sync 1 DAGs
[2026-04-14T12:47:47.829+0900] {logging_mixin.py:190} INFO - [2026-04-14T12:47:47.829+0900] {dag.py:4138} INFO - Setting next_dagrun for 07_msa_api_server_used_adv to 2026-04-14 00:00:00+00:00, run_after=2026-04-15 00:00:00+00:00
[2026-04-14T12:47:47.844+0900] {processor.py:208} INFO - Processing /opt/airflow/dags/07_msa_api_server_used_adv.py took 0.080 seconds
[2026-04-14T12:48:17.911+0900] {processor.py:186} INFO - Started process (PID=45609) to work on /opt/airflow/dags/07_msa_api_server_used_adv.py
[2026-04-14T12:48:17.913+0900] {processor.py:914} INFO - Processing file /opt/airflow/dags/07_msa_api_server_used_adv.py for tasks to queue
[2026-04-14T12:48:17.920+0900] {logging_mixin.py:190} INFO - [2026-04-14T12:48:17.919+0900] {dagbag.py:587} INFO - Filling up the DagBag from /opt/airflow/dags/07_msa_api_server_used_adv.py
[2026-04-14T12:48:17.965+0900] {processor.py:925} INFO - DAG(s) '07_msa_api_server_used_adv' retrieved from /opt/airflow/dags/07_msa_api_server_used_adv.py
[2026-04-14T12:48:17.987+0900] {logging_mixin.py:190} INFO - [2026-04-14T12:48:17.987+0900] {dag.py:3211} INFO - Sync 1 DAGs
[2026-04-14T12:48:18.010+0900] {logging_mixin.py:190} INFO - [2026-04-14T12:48:18.010+0900] {dag.py:4138} INFO - Setting next_dagrun for 07_msa_api_server_used_adv to 2026-04-14 00:00:00+00:00, run_after=2026-04-15 00:00:00+00:00
[2026-04-14T12:48:18.058+0900] {processor.py:208} INFO - Processing /opt/airflow/dags/07_msa_api_server_used_adv.py took 0.156 seconds
[2026-04-14T12:48:48.960+0900] {processor.py:186} INFO - Started process (PID=45628) to work on /opt/airflow/dags/07_msa_api_server_used_adv.py
[2026-04-14T12:48:48.961+0900] {processor.py:914} INFO - Processing file /opt/airflow/dags/07_msa_api_server_used_adv.py for tasks to queue
[2026-04-14T12:48:48.964+0900] {logging_mixin.py:190} INFO - [2026-04-14T12:48:48.963+0900] {dagbag.py:587} INFO - Filling up the DagBag from /opt/airflow/dags/07_msa_api_server_used_adv.py
[2026-04-14T12:48:48.999+0900] {processor.py:925} INFO - DAG(s) '07_msa_api_server_used_adv' retrieved from /opt/airflow/dags/07_msa_api_server_used_adv.py
[2026-04-14T12:48:49.026+0900] {logging_mixin.py:190} INFO - [2026-04-14T12:48:49.025+0900] {dag.py:3211} INFO - Sync 1 DAGs
[2026-04-14T12:48:49.047+0900] {logging_mixin.py:190} INFO - [2026-04-14T12:48:49.047+0900] {dag.py:4138} INFO - Setting next_dagrun for 07_msa_api_server_used_adv to 2026-04-14 00:00:00+00:00, run_after=2026-04-15 00:00:00+00:00
[2026-04-14T12:48:49.096+0900] {processor.py:208} INFO - Processing /opt/airflow/dags/07_msa_api_server_used_adv.py took 0.142 seconds
[2026-04-14T12:49:19.167+0900] {processor.py:186} INFO - Started process (PID=45647) to work on /opt/airflow/dags/07_msa_api_server_used_adv.py
[2026-04-14T12:49:19.168+0900] {processor.py:914} INFO - Processing file /opt/airflow/dags/07_msa_api_server_used_adv.py for tasks to queue
[2026-04-14T12:49:19.171+0900] {logging_mixin.py:190} INFO - [2026-04-14T12:49:19.170+0900] {dagbag.py:587} INFO - Filling up the DagBag from /opt/airflow/dags/07_msa_api_server_used_adv.py
[2026-04-14T12:49:19.204+0900] {processor.py:925} INFO - DAG(s) '07_msa_api_server_used_adv' retrieved from /opt/airflow/dags/07_msa_api_server_used_adv.py
[2026-04-14T12:49:19.227+0900] {logging_mixin.py:190} INFO - [2026-04-14T12:49:19.227+0900] {dag.py:3211} INFO - Sync 1 DAGs
[2026-04-14T12:49:19.245+0900] {logging_mixin.py:190} INFO - [2026-04-14T12:49:19.245+0900] {dag.py:4138} INFO - Setting next_dagrun for 07_msa_api_server_used_adv to 2026-04-14 00:00:00+00:00, run_after=2026-04-15 00:00:00+00:00
[2026-04-14T12:49:19.290+0900] {processor.py:208} INFO - Processing /opt/airflow/dags/07_msa_api_server_used_adv.py took 0.128 seconds
[2026-04-14T12:49:49.519+0900] {processor.py:186} INFO - Started process (PID=45666) to work on /opt/airflow/dags/07_msa_api_server_used_adv.py
[2026-04-14T12:49:49.521+0900] {processor.py:914} INFO - Processing file /opt/airflow/dags/07_msa_api_server_used_adv.py for tasks to queue
[2026-04-14T12:49:49.523+0900] {logging_mixin.py:190} INFO - [2026-04-14T12:49:49.523+0900] {dagbag.py:587} INFO - Filling up the DagBag from /opt/airflow/dags/07_msa_api_server_used_adv.py
[2026-04-14T12:49:49.547+0900] {processor.py:925} INFO - DAG(s) '07_msa_api_server_used_adv' retrieved from /opt/airflow/dags/07_msa_api_server_used_adv.py
[2026-04-14T12:49:49.567+0900] {logging_mixin.py:190} INFO - [2026-04-14T12:49:49.567+0900] {dag.py:3211} INFO - Sync 1 DAGs
[2026-04-14T12:49:49.585+0900] {logging_mixin.py:190} INFO - [2026-04-14T12:49:49.584+0900] {dag.py:4138} INFO - Setting next_dagrun for 07_msa_api_server_used_adv to 2026-04-14 00:00:00+00:00, run_after=2026-04-15 00:00:00+00:00
[2026-04-14T12:49:49.628+0900] {processor.py:208} INFO - Processing /opt/airflow/dags/07_msa_api_server_used_adv.py took 0.113 seconds
[2026-04-14T12:50:20.313+0900] {processor.py:186} INFO - Started process (PID=45683) to work on /opt/airflow/dags/07_msa_api_server_used_adv.py
[2026-04-14T12:50:20.314+0900] {processor.py:914} INFO - Processing file /opt/airflow/dags/07_msa_api_server_used_adv.py for tasks to queue
[2026-04-14T12:50:20.317+0900] {logging_mixin.py:190} INFO - [2026-04-14T12:50:20.316+0900] {dagbag.py:587} INFO - Filling up the DagBag from /opt/airflow/dags/07_msa_api_server_used_adv.py
[2026-04-14T12:50:20.349+0900] {processor.py:925} INFO - DAG(s) '07_msa_api_server_used_adv' retrieved from /opt/airflow/dags/07_msa_api_server_used_adv.py
[2026-04-14T12:50:20.371+0900] {logging_mixin.py:190} INFO - [2026-04-14T12:50:20.371+0900] {dag.py:3211} INFO - Sync 1 DAGs
[2026-04-14T12:50:20.389+0900] {logging_mixin.py:190} INFO - [2026-04-14T12:50:20.389+0900] {dag.py:4138} INFO - Setting next_dagrun for 07_msa_api_server_used_adv to 2026-04-14 00:00:00+00:00, run_after=2026-04-15 00:00:00+00:00
[2026-04-14T12:50:20.437+0900] {processor.py:208} INFO - Processing /opt/airflow/dags/07_msa_api_server_used_adv.py took 0.128 seconds
[2026-04-14T12:50:51.306+0900] {processor.py:186} INFO - Started process (PID=45700) to work on /opt/airflow/dags/07_msa_api_server_used_adv.py
[2026-04-14T12:50:51.307+0900] {processor.py:914} INFO - Processing file /opt/airflow/dags/07_msa_api_server_used_adv.py for tasks to queue
[2026-04-14T12:50:51.309+0900] {logging_mixin.py:190} INFO - [2026-04-14T12:50:51.309+0900] {dagbag.py:587} INFO - Filling up the DagBag from /opt/airflow/dags/07_msa_api_server_used_adv.py
[2026-04-14T12:50:51.329+0900] {processor.py:925} INFO - DAG(s) '07_msa_api_server_used_adv' retrieved from /opt/airflow/dags/07_msa_api_server_used_adv.py
[2026-04-14T12:50:51.350+0900] {logging_mixin.py:190} INFO - [2026-04-14T12:50:51.350+0900] {dag.py:3211} INFO - Sync 1 DAGs
[2026-04-14T12:50:51.369+0900] {logging_mixin.py:190} INFO - [2026-04-14T12:50:51.368+0900] {dag.py:4138} INFO - Setting next_dagrun for 07_msa_api_server_used_adv to 2026-04-14 00:00:00+00:00, run_after=2026-04-15 00:00:00+00:00
[2026-04-14T12:50:51.385+0900] {processor.py:208} INFO - Processing /opt/airflow/dags/07_msa_api_server_used_adv.py took 0.084 seconds
[2026-04-14T12:51:22.314+0900] {processor.py:186} INFO - Started process (PID=45719) to work on /opt/airflow/dags/07_msa_api_server_used_adv.py
[2026-04-14T12:51:22.315+0900] {processor.py:914} INFO - Processing file /opt/airflow/dags/07_msa_api_server_used_adv.py for tasks to queue
[2026-04-14T12:51:22.317+0900] {logging_mixin.py:190} INFO - [2026-04-14T12:51:22.317+0900] {dagbag.py:587} INFO - Filling up the DagBag from /opt/airflow/dags/07_msa_api_server_used_adv.py
[2026-04-14T12:51:22.347+0900] {processor.py:925} INFO - DAG(s) '07_msa_api_server_used_adv' retrieved from /opt/airflow/dags/07_msa_api_server_used_adv.py
[2026-04-14T12:51:22.371+0900] {logging_mixin.py:190} INFO - [2026-04-14T12:51:22.370+0900] {dag.py:3211} INFO - Sync 1 DAGs
[2026-04-14T12:51:22.389+0900] {logging_mixin.py:190} INFO - [2026-04-14T12:51:22.389+0900] {dag.py:4138} INFO - Setting next_dagrun for 07_msa_api_server_used_adv to 2026-04-14 00:00:00+00:00, run_after=2026-04-15 00:00:00+00:00
[2026-04-14T12:51:22.404+0900] {processor.py:208} INFO - Processing /opt/airflow/dags/07_msa_api_server_used_adv.py took 0.095 seconds
[2026-04-14T12:51:53.189+0900] {processor.py:186} INFO - Started process (PID=45738) to work on /opt/airflow/dags/07_msa_api_server_used_adv.py
[2026-04-14T12:51:53.190+0900] {processor.py:914} INFO - Processing file /opt/airflow/dags/07_msa_api_server_used_adv.py for tasks to queue
[2026-04-14T12:51:53.192+0900] {logging_mixin.py:190} INFO - [2026-04-14T12:51:53.192+0900] {dagbag.py:587} INFO - Filling up the DagBag from /opt/airflow/dags/07_msa_api_server_used_adv.py
[2026-04-14T12:51:53.210+0900] {processor.py:925} INFO - DAG(s) '07_msa_api_server_used_adv' retrieved from /opt/airflow/dags/07_msa_api_server_used_adv.py
[2026-04-14T12:51:53.231+0900] {logging_mixin.py:190} INFO - [2026-04-14T12:51:53.231+0900] {dag.py:3211} INFO - Sync 1 DAGs
[2026-04-14T12:51:53.250+0900] {logging_mixin.py:190} INFO - [2026-04-14T12:51:53.250+0900] {dag.py:4138} INFO - Setting next_dagrun for 07_msa_api_server_used_adv to 2026-04-14 00:00:00+00:00, run_after=2026-04-15 00:00:00+00:00
[2026-04-14T12:51:53.266+0900] {processor.py:208} INFO - Processing /opt/airflow/dags/07_msa_api_server_used_adv.py took 0.083 seconds
[2026-04-14T12:52:24.041+0900] {processor.py:186} INFO - Started process (PID=45757) to work on /opt/airflow/dags/07_msa_api_server_used_adv.py
[2026-04-14T12:52:24.041+0900] {processor.py:914} INFO - Processing file /opt/airflow/dags/07_msa_api_server_used_adv.py for tasks to queue
[2026-04-14T12:52:24.044+0900] {logging_mixin.py:190} INFO - [2026-04-14T12:52:24.043+0900] {dagbag.py:587} INFO - Filling up the DagBag from /opt/airflow/dags/07_msa_api_server_used_adv.py
[2026-04-14T12:52:24.060+0900] {processor.py:925} INFO - DAG(s) '07_msa_api_server_used_adv' retrieved from /opt/airflow/dags/07_msa_api_server_used_adv.py
[2026-04-14T12:52:24.080+0900] {logging_mixin.py:190} INFO - [2026-04-14T12:52:24.080+0900] {dag.py:3211} INFO - Sync 1 DAGs
[2026-04-14T12:52:24.098+0900] {logging_mixin.py:190} INFO - [2026-04-14T12:52:24.098+0900] {dag.py:4138} INFO - Setting next_dagrun for 07_msa_api_server_used_adv to 2026-04-14 00:00:00+00:00, run_after=2026-04-15 00:00:00+00:00
[2026-04-14T12:52:24.114+0900] {processor.py:208} INFO - Processing /opt/airflow/dags/07_msa_api_server_used_adv.py took 0.079 seconds
[2026-04-14T12:52:54.829+0900] {processor.py:186} INFO - Started process (PID=45776) to work on /opt/airflow/dags/07_msa_api_server_used_adv.py
[2026-04-14T12:52:54.830+0900] {processor.py:914} INFO - Processing file /opt/airflow/dags/07_msa_api_server_used_adv.py for tasks to queue
[2026-04-14T12:52:54.832+0900] {logging_mixin.py:190} INFO - [2026-04-14T12:52:54.832+0900] {dagbag.py:587} INFO - Filling up the DagBag from /opt/airflow/dags/07_msa_api_server_used_adv.py
[2026-04-14T12:52:54.860+0900] {processor.py:925} INFO - DAG(s) '07_msa_api_server_used_adv' retrieved from /opt/airflow/dags/07_msa_api_server_used_adv.py
[2026-04-14T12:52:54.882+0900] {logging_mixin.py:190} INFO - [2026-04-14T12:52:54.881+0900] {dag.py:3211} INFO - Sync 1 DAGs
[2026-04-14T12:52:54.899+0900] {logging_mixin.py:190} INFO - [2026-04-14T12:52:54.899+0900] {dag.py:4138} INFO - Setting next_dagrun for 07_msa_api_server_used_adv to 2026-04-14 00:00:00+00:00, run_after=2026-04-15 00:00:00+00:00
[2026-04-14T12:52:54.941+0900] {processor.py:208} INFO - Processing /opt/airflow/dags/07_msa_api_server_used_adv.py took 0.118 seconds
[2026-04-14T12:53:25.812+0900] {processor.py:186} INFO - Started process (PID=45795) to work on /opt/airflow/dags/07_msa_api_server_used_adv.py
[2026-04-14T12:53:25.813+0900] {processor.py:914} INFO - Processing file /opt/airflow/dags/07_msa_api_server_used_adv.py for tasks to queue
[2026-04-14T12:53:25.815+0900] {logging_mixin.py:190} INFO - [2026-04-14T12:53:25.815+0900] {dagbag.py:587} INFO - Filling up the DagBag from /opt/airflow/dags/07_msa_api_server_used_adv.py
[2026-04-14T12:53:25.843+0900] {processor.py:925} INFO - DAG(s) '07_msa_api_server_used_adv' retrieved from /opt/airflow/dags/07_msa_api_server_used_adv.py
[2026-04-14T12:53:25.867+0900] {logging_mixin.py:190} INFO - [2026-04-14T12:53:25.867+0900] {dag.py:3211} INFO - Sync 1 DAGs
[2026-04-14T12:53:25.884+0900] {logging_mixin.py:190} INFO - [2026-04-14T12:53:25.884+0900] {dag.py:4138} INFO - Setting next_dagrun for 07_msa_api_server_used_adv to 2026-04-14 00:00:00+00:00, run_after=2026-04-15 00:00:00+00:00
[2026-04-14T12:53:25.904+0900] {processor.py:208} INFO - Processing /opt/airflow/dags/07_msa_api_server_used_adv.py took 0.097 seconds
[2026-04-14T12:53:56.939+0900] {processor.py:186} INFO - Started process (PID=45814) to work on /opt/airflow/dags/07_msa_api_server_used_adv.py
[2026-04-14T12:53:56.940+0900] {processor.py:914} INFO - Processing file /opt/airflow/dags/07_msa_api_server_used_adv.py for tasks to queue
[2026-04-14T12:53:56.942+0900] {logging_mixin.py:190} INFO - [2026-04-14T12:53:56.942+0900] {dagbag.py:587} INFO - Filling up the DagBag from /opt/airflow/dags/07_msa_api_server_used_adv.py
[2026-04-14T12:53:56.968+0900] {processor.py:925} INFO - DAG(s) '07_msa_api_server_used_adv' retrieved from /opt/airflow/dags/07_msa_api_server_used_adv.py
[2026-04-14T12:53:56.991+0900] {logging_mixin.py:190} INFO - [2026-04-14T12:53:56.990+0900] {dag.py:3211} INFO - Sync 1 DAGs
[2026-04-14T12:53:57.008+0900] {logging_mixin.py:190} INFO - [2026-04-14T12:53:57.008+0900] {dag.py:4138} INFO - Setting next_dagrun for 07_msa_api_server_used_adv to 2026-04-14 00:00:00+00:00, run_after=2026-04-15 00:00:00+00:00
[2026-04-14T12:53:57.051+0900] {processor.py:208} INFO - Processing /opt/airflow/dags/07_msa_api_server_used_adv.py took 0.117 seconds
[2026-04-14T12:54:27.335+0900] {processor.py:186} INFO - Started process (PID=45831) to work on /opt/airflow/dags/07_msa_api_server_used_adv.py
[2026-04-14T12:54:27.336+0900] {processor.py:914} INFO - Processing file /opt/airflow/dags/07_msa_api_server_used_adv.py for tasks to queue
[2026-04-14T12:54:27.338+0900] {logging_mixin.py:190} INFO - [2026-04-14T12:54:27.338+0900] {dagbag.py:587} INFO - Filling up the DagBag from /opt/airflow/dags/07_msa_api_server_used_adv.py
[2026-04-14T12:54:27.371+0900] {processor.py:925} INFO - DAG(s) '07_msa_api_server_used_adv' retrieved from /opt/airflow/dags/07_msa_api_server_used_adv.py
[2026-04-14T12:54:27.399+0900] {logging_mixin.py:190} INFO - [2026-04-14T12:54:27.399+0900] {dag.py:3211} INFO - Sync 1 DAGs
[2026-04-14T12:54:27.422+0900] {logging_mixin.py:190} INFO - [2026-04-14T12:54:27.422+0900] {dag.py:4138} INFO - Setting next_dagrun for 07_msa_api_server_used_adv to 2026-04-14 00:00:00+00:00, run_after=2026-04-15 00:00:00+00:00
[2026-04-14T12:54:27.472+0900] {processor.py:208} INFO - Processing /opt/airflow/dags/07_msa_api_server_used_adv.py took 0.142 seconds
[2026-04-14T12:54:57.692+0900] {processor.py:186} INFO - Started process (PID=45846) to work on /opt/airflow/dags/07_msa_api_server_used_adv.py
[2026-04-14T12:54:57.693+0900] {processor.py:914} INFO - Processing file /opt/airflow/dags/07_msa_api_server_used_adv.py for tasks to queue
[2026-04-14T12:54:57.695+0900] {logging_mixin.py:190} INFO - [2026-04-14T12:54:57.695+0900] {dagbag.py:587} INFO - Filling up the DagBag from /opt/airflow/dags/07_msa_api_server_used_adv.py
[2026-04-14T12:54:57.715+0900] {processor.py:925} INFO - DAG(s) '07_msa_api_server_used_adv' retrieved from /opt/airflow/dags/07_msa_api_server_used_adv.py
[2026-04-14T12:54:57.737+0900] {logging_mixin.py:190} INFO - [2026-04-14T12:54:57.736+0900] {dag.py:3211} INFO - Sync 1 DAGs
[2026-04-14T12:54:57.754+0900] {logging_mixin.py:190} INFO - [2026-04-14T12:54:57.754+0900] {dag.py:4138} INFO - Setting next_dagrun for 07_msa_api_server_used_adv to 2026-04-14 00:00:00+00:00, run_after=2026-04-15 00:00:00+00:00
[2026-04-14T12:54:57.772+0900] {processor.py:208} INFO - Processing /opt/airflow/dags/07_msa_api_server_used_adv.py took 0.085 seconds
[2026-04-14T12:55:28.806+0900] {processor.py:186} INFO - Started process (PID=45865) to work on /opt/airflow/dags/07_msa_api_server_used_adv.py
[2026-04-14T12:55:28.807+0900] {processor.py:914} INFO - Processing file /opt/airflow/dags/07_msa_api_server_used_adv.py for tasks to queue
[2026-04-14T12:55:28.809+0900] {logging_mixin.py:190} INFO - [2026-04-14T12:55:28.809+0900] {dagbag.py:587} INFO - Filling up the DagBag from /opt/airflow/dags/07_msa_api_server_used_adv.py
[2026-04-14T12:55:28.830+0900] {processor.py:925} INFO - DAG(s) '07_msa_api_server_used_adv' retrieved from /opt/airflow/dags/07_msa_api_server_used_adv.py
[2026-04-14T12:55:28.852+0900] {logging_mixin.py:190} INFO - [2026-04-14T12:55:28.852+0900] {dag.py:3211} INFO - Sync 1 DAGs
[2026-04-14T12:55:28.871+0900] {logging_mixin.py:190} INFO - [2026-04-14T12:55:28.871+0900] {dag.py:4138} INFO - Setting next_dagrun for 07_msa_api_server_used_adv to 2026-04-14 00:00:00+00:00, run_after=2026-04-15 00:00:00+00:00
[2026-04-14T12:55:28.918+0900] {processor.py:208} INFO - Processing /opt/airflow/dags/07_msa_api_server_used_adv.py took 0.117 seconds
[2026-04-14T12:55:59.018+0900] {processor.py:186} INFO - Started process (PID=45884) to work on /opt/airflow/dags/07_msa_api_server_used_adv.py
[2026-04-14T12:55:59.019+0900] {processor.py:914} INFO - Processing file /opt/airflow/dags/07_msa_api_server_used_adv.py for tasks to queue
[2026-04-14T12:55:59.022+0900] {logging_mixin.py:190} INFO - [2026-04-14T12:55:59.021+0900] {dagbag.py:587} INFO - Filling up the DagBag from /opt/airflow/dags/07_msa_api_server_used_adv.py
[2026-04-14T12:55:59.081+0900] {processor.py:925} INFO - DAG(s) '07_msa_api_server_used_adv' retrieved from /opt/airflow/dags/07_msa_api_server_used_adv.py
[2026-04-14T12:55:59.103+0900] {logging_mixin.py:190} INFO - [2026-04-14T12:55:59.103+0900] {dag.py:3211} INFO - Sync 1 DAGs
[2026-04-14T12:55:59.120+0900] {logging_mixin.py:190} INFO - [2026-04-14T12:55:59.120+0900] {dag.py:4138} INFO - Setting next_dagrun for 07_msa_api_server_used_adv to 2026-04-14 00:00:00+00:00, run_after=2026-04-15 00:00:00+00:00
[2026-04-14T12:55:59.134+0900] {processor.py:208} INFO - Processing /opt/airflow/dags/07_msa_api_server_used_adv.py took 0.120 seconds
[2026-04-14T12:56:29.234+0900] {processor.py:186} INFO - Started process (PID=45903) to work on /opt/airflow/dags/07_msa_api_server_used_adv.py
[2026-04-14T12:56:29.235+0900] {processor.py:914} INFO - Processing file /opt/airflow/dags/07_msa_api_server_used_adv.py for tasks to queue
[2026-04-14T12:56:29.237+0900] {logging_mixin.py:190} INFO - [2026-04-14T12:56:29.237+0900] {dagbag.py:587} INFO - Filling up the DagBag from /opt/airflow/dags/07_msa_api_server_used_adv.py
[2026-04-14T12:56:29.253+0900] {processor.py:925} INFO - DAG(s) '07_msa_api_server_used_adv' retrieved from /opt/airflow/dags/07_msa_api_server_used_adv.py
[2026-04-14T12:56:29.274+0900] {logging_mixin.py:190} INFO - [2026-04-14T12:56:29.273+0900] {dag.py:3211} INFO - Sync 1 DAGs
[2026-04-14T12:56:29.292+0900] {logging_mixin.py:190} INFO - [2026-04-14T12:56:29.292+0900] {dag.py:4138} INFO - Setting next_dagrun for 07_msa_api_server_used_adv to 2026-04-14 00:00:00+00:00, run_after=2026-04-15 00:00:00+00:00
[2026-04-14T12:56:29.343+0900] {processor.py:208} INFO - Processing /opt/airflow/dags/07_msa_api_server_used_adv.py took 0.114 seconds
[2026-04-14T12:56:59.499+0900] {processor.py:186} INFO - Started process (PID=45922) to work on /opt/airflow/dags/07_msa_api_server_used_adv.py
[2026-04-14T12:56:59.501+0900] {processor.py:914} INFO - Processing file /opt/airflow/dags/07_msa_api_server_used_adv.py for tasks to queue
[2026-04-14T12:56:59.503+0900] {logging_mixin.py:190} INFO - [2026-04-14T12:56:59.503+0900] {dagbag.py:587} INFO - Filling up the DagBag from /opt/airflow/dags/07_msa_api_server_used_adv.py
[2026-04-14T12:56:59.532+0900] {processor.py:925} INFO - DAG(s) '07_msa_api_server_used_adv' retrieved from /opt/airflow/dags/07_msa_api_server_used_adv.py
[2026-04-14T12:56:59.555+0900] {logging_mixin.py:190} INFO - [2026-04-14T12:56:59.555+0900] {dag.py:3211} INFO - Sync 1 DAGs
[2026-04-14T12:56:59.573+0900] {logging_mixin.py:190} INFO - [2026-04-14T12:56:59.573+0900] {dag.py:4138} INFO - Setting next_dagrun for 07_msa_api_server_used_adv to 2026-04-14 00:00:00+00:00, run_after=2026-04-15 00:00:00+00:00
[2026-04-14T12:56:59.620+0900] {processor.py:208} INFO - Processing /opt/airflow/dags/07_msa_api_server_used_adv.py took 0.126 seconds
[2026-04-14T12:57:29.796+0900] {processor.py:186} INFO - Started process (PID=45941) to work on /opt/airflow/dags/07_msa_api_server_used_adv.py
[2026-04-14T12:57:29.797+0900] {processor.py:914} INFO - Processing file /opt/airflow/dags/07_msa_api_server_used_adv.py for tasks to queue
[2026-04-14T12:57:29.799+0900] {logging_mixin.py:190} INFO - [2026-04-14T12:57:29.799+0900] {dagbag.py:587} INFO - Filling up the DagBag from /opt/airflow/dags/07_msa_api_server_used_adv.py
[2026-04-14T12:57:29.842+0900] {processor.py:925} INFO - DAG(s) '07_msa_api_server_used_adv' retrieved from /opt/airflow/dags/07_msa_api_server_used_adv.py
[2026-04-14T12:57:29.865+0900] {logging_mixin.py:190} INFO - [2026-04-14T12:57:29.865+0900] {dag.py:3211} INFO - Sync 1 DAGs
[2026-04-14T12:57:29.887+0900] {logging_mixin.py:190} INFO - [2026-04-14T12:57:29.887+0900] {dag.py:4138} INFO - Setting next_dagrun for 07_msa_api_server_used_adv to 2026-04-14 00:00:00+00:00, run_after=2026-04-15 00:00:00+00:00
[2026-04-14T12:57:29.937+0900] {processor.py:208} INFO - Processing /opt/airflow/dags/07_msa_api_server_used_adv.py took 0.146 seconds
[2026-04-14T12:58:00.753+0900] {processor.py:186} INFO - Started process (PID=45960) to work on /opt/airflow/dags/07_msa_api_server_used_adv.py
[2026-04-14T12:58:00.754+0900] {processor.py:914} INFO - Processing file /opt/airflow/dags/07_msa_api_server_used_adv.py for tasks to queue
[2026-04-14T12:58:00.757+0900] {logging_mixin.py:190} INFO - [2026-04-14T12:58:00.757+0900] {dagbag.py:587} INFO - Filling up the DagBag from /opt/airflow/dags/07_msa_api_server_used_adv.py
[2026-04-14T12:58:00.788+0900] {processor.py:925} INFO - DAG(s) '07_msa_api_server_used_adv' retrieved from /opt/airflow/dags/07_msa_api_server_used_adv.py
[2026-04-14T12:58:00.810+0900] {logging_mixin.py:190} INFO - [2026-04-14T12:58:00.810+0900] {dag.py:3211} INFO - Sync 1 DAGs
[2026-04-14T12:58:00.829+0900] {logging_mixin.py:190} INFO - [2026-04-14T12:58:00.829+0900] {dag.py:4138} INFO - Setting next_dagrun for 07_msa_api_server_used_adv to 2026-04-14 00:00:00+00:00, run_after=2026-04-15 00:00:00+00:00
[2026-04-14T12:58:00.847+0900] {processor.py:208} INFO - Processing /opt/airflow/dags/07_msa_api_server_used_adv.py took 0.099 seconds
[2026-04-14T12:58:30.966+0900] {processor.py:186} INFO - Started process (PID=45979) to work on /opt/airflow/dags/07_msa_api_server_used_adv.py
[2026-04-14T12:58:30.967+0900] {processor.py:914} INFO - Processing file /opt/airflow/dags/07_msa_api_server_used_adv.py for tasks to queue
[2026-04-14T12:58:30.969+0900] {logging_mixin.py:190} INFO - [2026-04-14T12:58:30.969+0900] {dagbag.py:587} INFO - Filling up the DagBag from /opt/airflow/dags/07_msa_api_server_used_adv.py
[2026-04-14T12:58:30.990+0900] {processor.py:925} INFO - DAG(s) '07_msa_api_server_used_adv' retrieved from /opt/airflow/dags/07_msa_api_server_used_adv.py
[2026-04-14T12:58:31.011+0900] {logging_mixin.py:190} INFO - [2026-04-14T12:58:31.011+0900] {dag.py:3211} INFO - Sync 1 DAGs
[2026-04-14T12:58:31.030+0900] {logging_mixin.py:190} INFO - [2026-04-14T12:58:31.030+0900] {dag.py:4138} INFO - Setting next_dagrun for 07_msa_api_server_used_adv to 2026-04-14 00:00:00+00:00, run_after=2026-04-15 00:00:00+00:00
[2026-04-14T12:58:31.064+0900] {processor.py:208} INFO - Processing /opt/airflow/dags/07_msa_api_server_used_adv.py took 0.104 seconds
[2026-04-14T12:59:01.961+0900] {processor.py:186} INFO - Started process (PID=45998) to work on /opt/airflow/dags/07_msa_api_server_used_adv.py
[2026-04-14T12:59:01.962+0900] {processor.py:914} INFO - Processing file /opt/airflow/dags/07_msa_api_server_used_adv.py for tasks to queue
[2026-04-14T12:59:01.964+0900] {logging_mixin.py:190} INFO - [2026-04-14T12:59:01.964+0900] {dagbag.py:587} INFO - Filling up the DagBag from /opt/airflow/dags/07_msa_api_server_used_adv.py
[2026-04-14T12:59:01.989+0900] {processor.py:925} INFO - DAG(s) '07_msa_api_server_used_adv' retrieved from /opt/airflow/dags/07_msa_api_server_used_adv.py
[2026-04-14T12:59:02.010+0900] {logging_mixin.py:190} INFO - [2026-04-14T12:59:02.010+0900] {dag.py:3211} INFO - Sync 1 DAGs
[2026-04-14T12:59:02.028+0900] {logging_mixin.py:190} INFO - [2026-04-14T12:59:02.028+0900] {dag.py:4138} INFO - Setting next_dagrun for 07_msa_api_server_used_adv to 2026-04-14 00:00:00+00:00, run_after=2026-04-15 00:00:00+00:00
[2026-04-14T12:59:02.045+0900] {processor.py:208} INFO - Processing /opt/airflow/dags/07_msa_api_server_used_adv.py took 0.089 seconds
[2026-04-14T12:59:32.145+0900] {processor.py:186} INFO - Started process (PID=46017) to work on /opt/airflow/dags/07_msa_api_server_used_adv.py
[2026-04-14T12:59:32.146+0900] {processor.py:914} INFO - Processing file /opt/airflow/dags/07_msa_api_server_used_adv.py for tasks to queue
[2026-04-14T12:59:32.148+0900] {logging_mixin.py:190} INFO - [2026-04-14T12:59:32.148+0900] {dagbag.py:587} INFO - Filling up the DagBag from /opt/airflow/dags/07_msa_api_server_used_adv.py
[2026-04-14T12:59:32.175+0900] {processor.py:925} INFO - DAG(s) '07_msa_api_server_used_adv' retrieved from /opt/airflow/dags/07_msa_api_server_used_adv.py
[2026-04-14T12:59:32.196+0900] {logging_mixin.py:190} INFO - [2026-04-14T12:59:32.196+0900] {dag.py:3211} INFO - Sync 1 DAGs
[2026-04-14T12:59:32.212+0900] {logging_mixin.py:190} INFO - [2026-04-14T12:59:32.212+0900] {dag.py:4138} INFO - Setting next_dagrun for 07_msa_api_server_used_adv to 2026-04-14 00:00:00+00:00, run_after=2026-04-15 00:00:00+00:00
[2026-04-14T12:59:32.257+0900] {processor.py:208} INFO - Processing /opt/airflow/dags/07_msa_api_server_used_adv.py took 0.118 seconds
[2026-04-14T13:00:02.428+0900] {processor.py:186} INFO - Started process (PID=46036) to work on /opt/airflow/dags/07_msa_api_server_used_adv.py
[2026-04-14T13:00:02.429+0900] {processor.py:914} INFO - Processing file /opt/airflow/dags/07_msa_api_server_used_adv.py for tasks to queue
[2026-04-14T13:00:02.431+0900] {logging_mixin.py:190} INFO - [2026-04-14T13:00:02.431+0900] {dagbag.py:587} INFO - Filling up the DagBag from /opt/airflow/dags/07_msa_api_server_used_adv.py
[2026-04-14T13:00:02.449+0900] {processor.py:925} INFO - DAG(s) '07_msa_api_server_used_adv' retrieved from /opt/airflow/dags/07_msa_api_server_used_adv.py
[2026-04-14T13:00:02.471+0900] {logging_mixin.py:190} INFO - [2026-04-14T13:00:02.471+0900] {dag.py:3211} INFO - Sync 1 DAGs
[2026-04-14T13:00:02.489+0900] {logging_mixin.py:190} INFO - [2026-04-14T13:00:02.489+0900] {dag.py:4138} INFO - Setting next_dagrun for 07_msa_api_server_used_adv to 2026-04-14 00:00:00+00:00, run_after=2026-04-15 00:00:00+00:00
[2026-04-14T13:00:02.534+0900] {processor.py:208} INFO - Processing /opt/airflow/dags/07_msa_api_server_used_adv.py took 0.111 seconds
[2026-04-14T13:00:32.589+0900] {processor.py:186} INFO - Started process (PID=46055) to work on /opt/airflow/dags/07_msa_api_server_used_adv.py
[2026-04-14T13:00:32.590+0900] {processor.py:914} INFO - Processing file /opt/airflow/dags/07_msa_api_server_used_adv.py for tasks to queue
[2026-04-14T13:00:32.592+0900] {logging_mixin.py:190} INFO - [2026-04-14T13:00:32.592+0900] {dagbag.py:587} INFO - Filling up the DagBag from /opt/airflow/dags/07_msa_api_server_used_adv.py
[2026-04-14T13:00:32.613+0900] {processor.py:925} INFO - DAG(s) '07_msa_api_server_used_adv' retrieved from /opt/airflow/dags/07_msa_api_server_used_adv.py
[2026-04-14T13:00:32.646+0900] {logging_mixin.py:190} INFO - [2026-04-14T13:00:32.646+0900] {dag.py:3211} INFO - Sync 1 DAGs
[2026-04-14T13:00:32.674+0900] {logging_mixin.py:190} INFO - [2026-04-14T13:00:32.673+0900] {dag.py:4138} INFO - Setting next_dagrun for 07_msa_api_server_used_adv to 2026-04-14 00:00:00+00:00, run_after=2026-04-15 00:00:00+00:00
[2026-04-14T13:00:32.719+0900] {processor.py:208} INFO - Processing /opt/airflow/dags/07_msa_api_server_used_adv.py took 0.136 seconds
[2026-04-14T13:01:03.251+0900] {processor.py:186} INFO - Started process (PID=46074) to work on /opt/airflow/dags/07_msa_api_server_used_adv.py
[2026-04-14T13:01:03.253+0900] {processor.py:914} INFO - Processing file /opt/airflow/dags/07_msa_api_server_used_adv.py for tasks to queue
[2026-04-14T13:01:03.255+0900] {logging_mixin.py:190} INFO - [2026-04-14T13:01:03.255+0900] {dagbag.py:587} INFO - Filling up the DagBag from /opt/airflow/dags/07_msa_api_server_used_adv.py
[2026-04-14T13:01:03.291+0900] {processor.py:925} INFO - DAG(s) '07_msa_api_server_used_adv' retrieved from /opt/airflow/dags/07_msa_api_server_used_adv.py
[2026-04-14T13:01:03.313+0900] {logging_mixin.py:190} INFO - [2026-04-14T13:01:03.313+0900] {dag.py:3211} INFO - Sync 1 DAGs
[2026-04-14T13:01:03.331+0900] {logging_mixin.py:190} INFO - [2026-04-14T13:01:03.331+0900] {dag.py:4138} INFO - Setting next_dagrun for 07_msa_api_server_used_adv to 2026-04-14 00:00:00+00:00, run_after=2026-04-15 00:00:00+00:00
[2026-04-14T13:01:03.378+0900] {processor.py:208} INFO - Processing /opt/airflow/dags/07_msa_api_server_used_adv.py took 0.131 seconds
[2026-04-14T13:01:34.277+0900] {processor.py:186} INFO - Started process (PID=46093) to work on /opt/airflow/dags/07_msa_api_server_used_adv.py
[2026-04-14T13:01:34.279+0900] {processor.py:914} INFO - Processing file /opt/airflow/dags/07_msa_api_server_used_adv.py for tasks to queue
[2026-04-14T13:01:34.281+0900] {logging_mixin.py:190} INFO - [2026-04-14T13:01:34.281+0900] {dagbag.py:587} INFO - Filling up the DagBag from /opt/airflow/dags/07_msa_api_server_used_adv.py
[2026-04-14T13:01:34.310+0900] {processor.py:925} INFO - DAG(s) '07_msa_api_server_used_adv' retrieved from /opt/airflow/dags/07_msa_api_server_used_adv.py
[2026-04-14T13:01:34.334+0900] {logging_mixin.py:190} INFO - [2026-04-14T13:01:34.334+0900] {dag.py:3211} INFO - Sync 1 DAGs
[2026-04-14T13:01:34.353+0900] {logging_mixin.py:190} INFO - [2026-04-14T13:01:34.352+0900] {dag.py:4138} INFO - Setting next_dagrun for 07_msa_api_server_used_adv to 2026-04-14 00:00:00+00:00, run_after=2026-04-15 00:00:00+00:00
[2026-04-14T13:01:34.399+0900] {processor.py:208} INFO - Processing /opt/airflow/dags/07_msa_api_server_used_adv.py took 0.127 seconds
[2026-04-14T13:02:05.303+0900] {processor.py:186} INFO - Started process (PID=46112) to work on /opt/airflow/dags/07_msa_api_server_used_adv.py
[2026-04-14T13:02:05.304+0900] {processor.py:914} INFO - Processing file /opt/airflow/dags/07_msa_api_server_used_adv.py for tasks to queue
[2026-04-14T13:02:05.306+0900] {logging_mixin.py:190} INFO - [2026-04-14T13:02:05.306+0900] {dagbag.py:587} INFO - Filling up the DagBag from /opt/airflow/dags/07_msa_api_server_used_adv.py
[2026-04-14T13:02:05.324+0900] {processor.py:925} INFO - DAG(s) '07_msa_api_server_used_adv' retrieved from /opt/airflow/dags/07_msa_api_server_used_adv.py
[2026-04-14T13:02:05.345+0900] {logging_mixin.py:190} INFO - [2026-04-14T13:02:05.345+0900] {dag.py:3211} INFO - Sync 1 DAGs
[2026-04-14T13:02:05.363+0900] {logging_mixin.py:190} INFO - [2026-04-14T13:02:05.363+0900] {dag.py:4138} INFO - Setting next_dagrun for 07_msa_api_server_used_adv to 2026-04-14 00:00:00+00:00, run_after=2026-04-15 00:00:00+00:00
[2026-04-14T13:02:05.382+0900] {processor.py:208} INFO - Processing /opt/airflow/dags/07_msa_api_server_used_adv.py took 0.085 seconds
[2026-04-14T13:02:35.999+0900] {processor.py:186} INFO - Started process (PID=46131) to work on /opt/airflow/dags/07_msa_api_server_used_adv.py
[2026-04-14T13:02:36.000+0900] {processor.py:914} INFO - Processing file /opt/airflow/dags/07_msa_api_server_used_adv.py for tasks to queue
[2026-04-14T13:02:36.002+0900] {logging_mixin.py:190} INFO - [2026-04-14T13:02:36.002+0900] {dagbag.py:587} INFO - Filling up the DagBag from /opt/airflow/dags/07_msa_api_server_used_adv.py
[2026-04-14T13:02:36.019+0900] {processor.py:925} INFO - DAG(s) '07_msa_api_server_used_adv' retrieved from /opt/airflow/dags/07_msa_api_server_used_adv.py
[2026-04-14T13:02:36.040+0900] {logging_mixin.py:190} INFO - [2026-04-14T13:02:36.040+0900] {dag.py:3211} INFO - Sync 1 DAGs
[2026-04-14T13:02:36.059+0900] {logging_mixin.py:190} INFO - [2026-04-14T13:02:36.059+0900] {dag.py:4138} INFO - Setting next_dagrun for 07_msa_api_server_used_adv to 2026-04-14 00:00:00+00:00, run_after=2026-04-15 00:00:00+00:00
[2026-04-14T13:02:36.103+0900] {processor.py:208} INFO - Processing /opt/airflow/dags/07_msa_api_server_used_adv.py took 0.109 seconds
[2026-04-14T13:03:06.196+0900] {processor.py:186} INFO - Started process (PID=46150) to work on /opt/airflow/dags/07_msa_api_server_used_adv.py
[2026-04-14T13:03:06.197+0900] {processor.py:914} INFO - Processing file /opt/airflow/dags/07_msa_api_server_used_adv.py for tasks to queue
[2026-04-14T13:03:06.199+0900] {logging_mixin.py:190} INFO - [2026-04-14T13:03:06.199+0900] {dagbag.py:587} INFO - Filling up the DagBag from /opt/airflow/dags/07_msa_api_server_used_adv.py
[2026-04-14T13:03:06.230+0900] {processor.py:925} INFO - DAG(s) '07_msa_api_server_used_adv' retrieved from /opt/airflow/dags/07_msa_api_server_used_adv.py
[2026-04-14T13:03:06.254+0900] {logging_mixin.py:190} INFO - [2026-04-14T13:03:06.253+0900] {dag.py:3211} INFO - Sync 1 DAGs
[2026-04-14T13:03:06.272+0900] {logging_mixin.py:190} INFO - [2026-04-14T13:03:06.272+0900] {dag.py:4138} INFO - Setting next_dagrun for 07_msa_api_server_used_adv to 2026-04-14 00:00:00+00:00, run_after=2026-04-15 00:00:00+00:00
[2026-04-14T13:03:06.317+0900] {processor.py:208} INFO - Processing /opt/airflow/dags/07_msa_api_server_used_adv.py took 0.126 seconds
[2026-04-14T13:03:37.128+0900] {processor.py:186} INFO - Started process (PID=46169) to work on /opt/airflow/dags/07_msa_api_server_used_adv.py
[2026-04-14T13:03:37.129+0900] {processor.py:914} INFO - Processing file /opt/airflow/dags/07_msa_api_server_used_adv.py for tasks to queue
[2026-04-14T13:03:37.132+0900] {logging_mixin.py:190} INFO - [2026-04-14T13:03:37.132+0900] {dagbag.py:587} INFO - Filling up the DagBag from /opt/airflow/dags/07_msa_api_server_used_adv.py
[2026-04-14T13:03:37.177+0900] {processor.py:925} INFO - DAG(s) '07_msa_api_server_used_adv' retrieved from /opt/airflow/dags/07_msa_api_server_used_adv.py
[2026-04-14T13:03:37.203+0900] {logging_mixin.py:190} INFO - [2026-04-14T13:03:37.203+0900] {dag.py:3211} INFO - Sync 1 DAGs
[2026-04-14T13:03:37.223+0900] {logging_mixin.py:190} INFO - [2026-04-14T13:03:37.222+0900] {dag.py:4138} INFO - Setting next_dagrun for 07_msa_api_server_used_adv to 2026-04-14 00:00:00+00:00, run_after=2026-04-15 00:00:00+00:00
[2026-04-14T13:03:37.247+0900] {processor.py:208} INFO - Processing /opt/airflow/dags/07_msa_api_server_used_adv.py took 0.125 seconds
[2026-04-14T13:04:08.192+0900] {processor.py:186} INFO - Started process (PID=46188) to work on /opt/airflow/dags/07_msa_api_server_used_adv.py
[2026-04-14T13:04:08.193+0900] {processor.py:914} INFO - Processing file /opt/airflow/dags/07_msa_api_server_used_adv.py for tasks to queue
[2026-04-14T13:04:08.196+0900] {logging_mixin.py:190} INFO - [2026-04-14T13:04:08.195+0900] {dagbag.py:587} INFO - Filling up the DagBag from /opt/airflow/dags/07_msa_api_server_used_adv.py
[2026-04-14T13:04:08.220+0900] {processor.py:925} INFO - DAG(s) '07_msa_api_server_used_adv' retrieved from /opt/airflow/dags/07_msa_api_server_used_adv.py
[2026-04-14T13:04:08.244+0900] {logging_mixin.py:190} INFO - [2026-04-14T13:04:08.244+0900] {dag.py:3211} INFO - Sync 1 DAGs
[2026-04-14T13:04:08.264+0900] {logging_mixin.py:190} INFO - [2026-04-14T13:04:08.264+0900] {dag.py:4138} INFO - Setting next_dagrun for 07_msa_api_server_used_adv to 2026-04-14 00:00:00+00:00, run_after=2026-04-15 00:00:00+00:00
[2026-04-14T13:04:08.284+0900] {processor.py:208} INFO - Processing /opt/airflow/dags/07_msa_api_server_used_adv.py took 0.098 seconds
[2026-04-14T13:04:38.911+0900] {processor.py:186} INFO - Started process (PID=46206) to work on /opt/airflow/dags/07_msa_api_server_used_adv.py
[2026-04-14T13:04:38.913+0900] {processor.py:914} INFO - Processing file /opt/airflow/dags/07_msa_api_server_used_adv.py for tasks to queue
[2026-04-14T13:04:38.915+0900] {logging_mixin.py:190} INFO - [2026-04-14T13:04:38.915+0900] {dagbag.py:587} INFO - Filling up the DagBag from /opt/airflow/dags/07_msa_api_server_used_adv.py
[2026-04-14T13:04:38.945+0900] {processor.py:925} INFO - DAG(s) '07_msa_api_server_used_adv' retrieved from /opt/airflow/dags/07_msa_api_server_used_adv.py
[2026-04-14T13:04:38.967+0900] {logging_mixin.py:190} INFO - [2026-04-14T13:04:38.967+0900] {dag.py:3211} INFO - Sync 1 DAGs
[2026-04-14T13:04:38.993+0900] {logging_mixin.py:190} INFO - [2026-04-14T13:04:38.993+0900] {dag.py:4138} INFO - Setting next_dagrun for 07_msa_api_server_used_adv to 2026-04-14 00:00:00+00:00, run_after=2026-04-15 00:00:00+00:00
[2026-04-14T13:04:39.038+0900] {processor.py:208} INFO - Processing /opt/airflow/dags/07_msa_api_server_used_adv.py took 0.131 seconds
[2026-04-14T13:05:09.744+0900] {processor.py:186} INFO - Started process (PID=46225) to work on /opt/airflow/dags/07_msa_api_server_used_adv.py
[2026-04-14T13:05:09.745+0900] {processor.py:914} INFO - Processing file /opt/airflow/dags/07_msa_api_server_used_adv.py for tasks to queue
[2026-04-14T13:05:09.748+0900] {logging_mixin.py:190} INFO - [2026-04-14T13:05:09.747+0900] {dagbag.py:587} INFO - Filling up the DagBag from /opt/airflow/dags/07_msa_api_server_used_adv.py
[2026-04-14T13:05:09.775+0900] {processor.py:925} INFO - DAG(s) '07_msa_api_server_used_adv' retrieved from /opt/airflow/dags/07_msa_api_server_used_adv.py
[2026-04-14T13:05:09.816+0900] {logging_mixin.py:190} INFO - [2026-04-14T13:05:09.816+0900] {dag.py:3211} INFO - Sync 1 DAGs
[2026-04-14T13:05:09.833+0900] {logging_mixin.py:190} INFO - [2026-04-14T13:05:09.833+0900] {dag.py:4138} INFO - Setting next_dagrun for 07_msa_api_server_used_adv to 2026-04-14 00:00:00+00:00, run_after=2026-04-15 00:00:00+00:00
[2026-04-14T13:05:09.850+0900] {processor.py:208} INFO - Processing /opt/airflow/dags/07_msa_api_server_used_adv.py took 0.111 seconds
[2026-04-14T13:05:39.945+0900] {processor.py:186} INFO - Started process (PID=46244) to work on /opt/airflow/dags/07_msa_api_server_used_adv.py
[2026-04-14T13:05:39.946+0900] {processor.py:914} INFO - Processing file /opt/airflow/dags/07_msa_api_server_used_adv.py for tasks to queue
[2026-04-14T13:05:39.949+0900] {logging_mixin.py:190} INFO - [2026-04-14T13:05:39.948+0900] {dagbag.py:587} INFO - Filling up the DagBag from /opt/airflow/dags/07_msa_api_server_used_adv.py
[2026-04-14T13:05:39.980+0900] {processor.py:925} INFO - DAG(s) '07_msa_api_server_used_adv' retrieved from /opt/airflow/dags/07_msa_api_server_used_adv.py
[2026-04-14T13:05:40.001+0900] {logging_mixin.py:190} INFO - [2026-04-14T13:05:40.001+0900] {dag.py:3211} INFO - Sync 1 DAGs
[2026-04-14T13:05:40.020+0900] {logging_mixin.py:190} INFO - [2026-04-14T13:05:40.019+0900] {dag.py:4138} INFO - Setting next_dagrun for 07_msa_api_server_used_adv to 2026-04-14 00:00:00+00:00, run_after=2026-04-15 00:00:00+00:00
[2026-04-14T13:05:40.036+0900] {processor.py:208} INFO - Processing /opt/airflow/dags/07_msa_api_server_used_adv.py took 0.095 seconds
[2026-04-14T13:06:10.301+0900] {processor.py:186} INFO - Started process (PID=46269) to work on /opt/airflow/dags/07_msa_api_server_used_adv.py
[2026-04-14T13:06:10.302+0900] {processor.py:914} INFO - Processing file /opt/airflow/dags/07_msa_api_server_used_adv.py for tasks to queue
[2026-04-14T13:06:10.305+0900] {logging_mixin.py:190} INFO - [2026-04-14T13:06:10.305+0900] {dagbag.py:587} INFO - Filling up the DagBag from /opt/airflow/dags/07_msa_api_server_used_adv.py
[2026-04-14T13:06:10.338+0900] {processor.py:925} INFO - DAG(s) '07_msa_api_server_used_adv' retrieved from /opt/airflow/dags/07_msa_api_server_used_adv.py
[2026-04-14T13:06:10.363+0900] {logging_mixin.py:190} INFO - [2026-04-14T13:06:10.363+0900] {dag.py:3211} INFO - Sync 1 DAGs
[2026-04-14T13:06:10.382+0900] {logging_mixin.py:190} INFO - [2026-04-14T13:06:10.382+0900] {dag.py:4138} INFO - Setting next_dagrun for 07_msa_api_server_used_adv to 2026-04-14 00:00:00+00:00, run_after=2026-04-15 00:00:00+00:00
[2026-04-14T13:06:10.404+0900] {processor.py:208} INFO - Processing /opt/airflow/dags/07_msa_api_server_used_adv.py took 0.109 seconds
[2026-04-14T13:06:40.509+0900] {processor.py:186} INFO - Started process (PID=46288) to work on /opt/airflow/dags/07_msa_api_server_used_adv.py
[2026-04-14T13:06:40.511+0900] {processor.py:914} INFO - Processing file /opt/airflow/dags/07_msa_api_server_used_adv.py for tasks to queue
[2026-04-14T13:06:40.513+0900] {logging_mixin.py:190} INFO - [2026-04-14T13:06:40.513+0900] {dagbag.py:587} INFO - Filling up the DagBag from /opt/airflow/dags/07_msa_api_server_used_adv.py
[2026-04-14T13:06:40.558+0900] {processor.py:925} INFO - DAG(s) '07_msa_api_server_used_adv' retrieved from /opt/airflow/dags/07_msa_api_server_used_adv.py
[2026-04-14T13:06:40.582+0900] {logging_mixin.py:190} INFO - [2026-04-14T13:06:40.582+0900] {dag.py:3211} INFO - Sync 1 DAGs
[2026-04-14T13:06:40.601+0900] {logging_mixin.py:190} INFO - [2026-04-14T13:06:40.600+0900] {dag.py:4138} INFO - Setting next_dagrun for 07_msa_api_server_used_adv to 2026-04-14 00:00:00+00:00, run_after=2026-04-15 00:00:00+00:00
[2026-04-14T13:06:40.647+0900] {processor.py:208} INFO - Processing /opt/airflow/dags/07_msa_api_server_used_adv.py took 0.143 seconds
[2026-04-14T13:07:11.542+0900] {processor.py:186} INFO - Started process (PID=46307) to work on /opt/airflow/dags/07_msa_api_server_used_adv.py
[2026-04-14T13:07:11.543+0900] {processor.py:914} INFO - Processing file /opt/airflow/dags/07_msa_api_server_used_adv.py for tasks to queue
[2026-04-14T13:07:11.546+0900] {logging_mixin.py:190} INFO - [2026-04-14T13:07:11.545+0900] {dagbag.py:587} INFO - Filling up the DagBag from /opt/airflow/dags/07_msa_api_server_used_adv.py
[2026-04-14T13:07:11.578+0900] {processor.py:925} INFO - DAG(s) '07_msa_api_server_used_adv' retrieved from /opt/airflow/dags/07_msa_api_server_used_adv.py
[2026-04-14T13:07:11.600+0900] {logging_mixin.py:190} INFO - [2026-04-14T13:07:11.600+0900] {dag.py:3211} INFO - Sync 1 DAGs
[2026-04-14T13:07:11.618+0900] {logging_mixin.py:190} INFO - [2026-04-14T13:07:11.618+0900] {dag.py:4138} INFO - Setting next_dagrun for 07_msa_api_server_used_adv to 2026-04-14 00:00:00+00:00, run_after=2026-04-15 00:00:00+00:00
[2026-04-14T13:07:11.663+0900] {processor.py:208} INFO - Processing /opt/airflow/dags/07_msa_api_server_used_adv.py took 0.127 seconds
[2026-04-14T13:07:41.780+0900] {processor.py:186} INFO - Started process (PID=46326) to work on /opt/airflow/dags/07_msa_api_server_used_adv.py
[2026-04-14T13:07:41.782+0900] {processor.py:914} INFO - Processing file /opt/airflow/dags/07_msa_api_server_used_adv.py for tasks to queue
[2026-04-14T13:07:41.784+0900] {logging_mixin.py:190} INFO - [2026-04-14T13:07:41.784+0900] {dagbag.py:587} INFO - Filling up the DagBag from /opt/airflow/dags/07_msa_api_server_used_adv.py
[2026-04-14T13:07:41.832+0900] {processor.py:925} INFO - DAG(s) '07_msa_api_server_used_adv' retrieved from /opt/airflow/dags/07_msa_api_server_used_adv.py
[2026-04-14T13:07:41.862+0900] {logging_mixin.py:190} INFO - [2026-04-14T13:07:41.862+0900] {dag.py:3211} INFO - Sync 1 DAGs
[2026-04-14T13:07:41.886+0900] {logging_mixin.py:190} INFO - [2026-04-14T13:07:41.886+0900] {dag.py:4138} INFO - Setting next_dagrun for 07_msa_api_server_used_adv to 2026-04-14 00:00:00+00:00, run_after=2026-04-15 00:00:00+00:00
[2026-04-14T13:07:41.928+0900] {processor.py:208} INFO - Processing /opt/airflow/dags/07_msa_api_server_used_adv.py took 0.153 seconds
[2026-04-14T13:08:12.000+0900] {processor.py:186} INFO - Started process (PID=46345) to work on /opt/airflow/dags/07_msa_api_server_used_adv.py
[2026-04-14T13:08:12.002+0900] {processor.py:914} INFO - Processing file /opt/airflow/dags/07_msa_api_server_used_adv.py for tasks to queue
[2026-04-14T13:08:12.004+0900] {logging_mixin.py:190} INFO - [2026-04-14T13:08:12.004+0900] {dagbag.py:587} INFO - Filling up the DagBag from /opt/airflow/dags/07_msa_api_server_used_adv.py
[2026-04-14T13:08:12.026+0900] {processor.py:925} INFO - DAG(s) '07_msa_api_server_used_adv' retrieved from /opt/airflow/dags/07_msa_api_server_used_adv.py
[2026-04-14T13:08:12.070+0900] {logging_mixin.py:190} INFO - [2026-04-14T13:08:12.070+0900] {dag.py:3211} INFO - Sync 1 DAGs
[2026-04-14T13:08:12.097+0900] {logging_mixin.py:190} INFO - [2026-04-14T13:08:12.097+0900] {dag.py:4138} INFO - Setting next_dagrun for 07_msa_api_server_used_adv to 2026-04-14 00:00:00+00:00, run_after=2026-04-15 00:00:00+00:00
[2026-04-14T13:08:12.144+0900] {processor.py:208} INFO - Processing /opt/airflow/dags/07_msa_api_server_used_adv.py took 0.149 seconds
[2026-04-14T13:08:43.128+0900] {processor.py:186} INFO - Started process (PID=46364) to work on /opt/airflow/dags/07_msa_api_server_used_adv.py
[2026-04-14T13:08:43.129+0900] {processor.py:914} INFO - Processing file /opt/airflow/dags/07_msa_api_server_used_adv.py for tasks to queue
[2026-04-14T13:08:43.131+0900] {logging_mixin.py:190} INFO - [2026-04-14T13:08:43.131+0900] {dagbag.py:587} INFO - Filling up the DagBag from /opt/airflow/dags/07_msa_api_server_used_adv.py
[2026-04-14T13:08:43.155+0900] {processor.py:925} INFO - DAG(s) '07_msa_api_server_used_adv' retrieved from /opt/airflow/dags/07_msa_api_server_used_adv.py
[2026-04-14T13:08:43.175+0900] {logging_mixin.py:190} INFO - [2026-04-14T13:08:43.175+0900] {dag.py:3211} INFO - Sync 1 DAGs
[2026-04-14T13:08:43.193+0900] {logging_mixin.py:190} INFO - [2026-04-14T13:08:43.193+0900] {dag.py:4138} INFO - Setting next_dagrun for 07_msa_api_server_used_adv to 2026-04-14 00:00:00+00:00, run_after=2026-04-15 00:00:00+00:00
[2026-04-14T13:08:43.236+0900] {processor.py:208} INFO - Processing /opt/airflow/dags/07_msa_api_server_used_adv.py took 0.113 seconds
[2026-04-14T13:09:13.336+0900] {processor.py:186} INFO - Started process (PID=46383) to work on /opt/airflow/dags/07_msa_api_server_used_adv.py
[2026-04-14T13:09:13.338+0900] {processor.py:914} INFO - Processing file /opt/airflow/dags/07_msa_api_server_used_adv.py for tasks to queue
[2026-04-14T13:09:13.342+0900] {logging_mixin.py:190} INFO - [2026-04-14T13:09:13.342+0900] {dagbag.py:587} INFO - Filling up the DagBag from /opt/airflow/dags/07_msa_api_server_used_adv.py
[2026-04-14T13:09:13.388+0900] {processor.py:925} INFO - DAG(s) '07_msa_api_server_used_adv' retrieved from /opt/airflow/dags/07_msa_api_server_used_adv.py
[2026-04-14T13:09:13.412+0900] {logging_mixin.py:190} INFO - [2026-04-14T13:09:13.412+0900] {dag.py:3211} INFO - Sync 1 DAGs
[2026-04-14T13:09:13.430+0900] {logging_mixin.py:190} INFO - [2026-04-14T13:09:13.430+0900] {dag.py:4138} INFO - Setting next_dagrun for 07_msa_api_server_used_adv to 2026-04-14 00:00:00+00:00, run_after=2026-04-15 00:00:00+00:00
[2026-04-14T13:09:13.478+0900] {processor.py:208} INFO - Processing /opt/airflow/dags/07_msa_api_server_used_adv.py took 0.149 seconds
[2026-04-14T13:09:43.597+0900] {processor.py:186} INFO - Started process (PID=46402) to work on /opt/airflow/dags/07_msa_api_server_used_adv.py
[2026-04-14T13:09:43.598+0900] {processor.py:914} INFO - Processing file /opt/airflow/dags/07_msa_api_server_used_adv.py for tasks to queue
[2026-04-14T13:09:43.602+0900] {logging_mixin.py:190} INFO - [2026-04-14T13:09:43.601+0900] {dagbag.py:587} INFO - Filling up the DagBag from /opt/airflow/dags/07_msa_api_server_used_adv.py
[2026-04-14T13:09:43.636+0900] {processor.py:925} INFO - DAG(s) '07_msa_api_server_used_adv' retrieved from /opt/airflow/dags/07_msa_api_server_used_adv.py
[2026-04-14T13:09:43.658+0900] {logging_mixin.py:190} INFO - [2026-04-14T13:09:43.658+0900] {dag.py:3211} INFO - Sync 1 DAGs
[2026-04-14T13:09:43.677+0900] {logging_mixin.py:190} INFO - [2026-04-14T13:09:43.676+0900] {dag.py:4138} INFO - Setting next_dagrun for 07_msa_api_server_used_adv to 2026-04-14 00:00:00+00:00, run_after=2026-04-15 00:00:00+00:00
[2026-04-14T13:09:43.694+0900] {processor.py:208} INFO - Processing /opt/airflow/dags/07_msa_api_server_used_adv.py took 0.103 seconds
[2026-04-14T13:10:13.867+0900] {processor.py:186} INFO - Started process (PID=46421) to work on /opt/airflow/dags/07_msa_api_server_used_adv.py
[2026-04-14T13:10:13.868+0900] {processor.py:914} INFO - Processing file /opt/airflow/dags/07_msa_api_server_used_adv.py for tasks to queue
[2026-04-14T13:10:13.870+0900] {logging_mixin.py:190} INFO - [2026-04-14T13:10:13.870+0900] {dagbag.py:587} INFO - Filling up the DagBag from /opt/airflow/dags/07_msa_api_server_used_adv.py
[2026-04-14T13:10:13.905+0900] {processor.py:925} INFO - DAG(s) '07_msa_api_server_used_adv' retrieved from /opt/airflow/dags/07_msa_api_server_used_adv.py
[2026-04-14T13:10:13.926+0900] {logging_mixin.py:190} INFO - [2026-04-14T13:10:13.926+0900] {dag.py:3211} INFO - Sync 1 DAGs
[2026-04-14T13:10:13.943+0900] {logging_mixin.py:190} INFO - [2026-04-14T13:10:13.943+0900] {dag.py:4138} INFO - Setting next_dagrun for 07_msa_api_server_used_adv to 2026-04-14 00:00:00+00:00, run_after=2026-04-15 00:00:00+00:00
[2026-04-14T13:10:13.988+0900] {processor.py:208} INFO - Processing /opt/airflow/dags/07_msa_api_server_used_adv.py took 0.126 seconds
[2026-04-14T13:10:44.941+0900] {processor.py:186} INFO - Started process (PID=46440) to work on /opt/airflow/dags/07_msa_api_server_used_adv.py
[2026-04-14T13:10:44.942+0900] {processor.py:914} INFO - Processing file /opt/airflow/dags/07_msa_api_server_used_adv.py for tasks to queue
[2026-04-14T13:10:44.944+0900] {logging_mixin.py:190} INFO - [2026-04-14T13:10:44.944+0900] {dagbag.py:587} INFO - Filling up the DagBag from /opt/airflow/dags/07_msa_api_server_used_adv.py
[2026-04-14T13:10:44.967+0900] {processor.py:925} INFO - DAG(s) '07_msa_api_server_used_adv' retrieved from /opt/airflow/dags/07_msa_api_server_used_adv.py
[2026-04-14T13:10:44.990+0900] {logging_mixin.py:190} INFO - [2026-04-14T13:10:44.990+0900] {dag.py:3211} INFO - Sync 1 DAGs
[2026-04-14T13:10:45.007+0900] {logging_mixin.py:190} INFO - [2026-04-14T13:10:45.007+0900] {dag.py:4138} INFO - Setting next_dagrun for 07_msa_api_server_used_adv to 2026-04-14 00:00:00+00:00, run_after=2026-04-15 00:00:00+00:00
[2026-04-14T13:10:45.023+0900] {processor.py:208} INFO - Processing /opt/airflow/dags/07_msa_api_server_used_adv.py took 0.087 seconds
[2026-04-14T13:11:15.194+0900] {processor.py:186} INFO - Started process (PID=46459) to work on /opt/airflow/dags/07_msa_api_server_used_adv.py
[2026-04-14T13:11:15.195+0900] {processor.py:914} INFO - Processing file /opt/airflow/dags/07_msa_api_server_used_adv.py for tasks to queue
[2026-04-14T13:11:15.198+0900] {logging_mixin.py:190} INFO - [2026-04-14T13:11:15.197+0900] {dagbag.py:587} INFO - Filling up the DagBag from /opt/airflow/dags/07_msa_api_server_used_adv.py
[2026-04-14T13:11:15.231+0900] {processor.py:925} INFO - DAG(s) '07_msa_api_server_used_adv' retrieved from /opt/airflow/dags/07_msa_api_server_used_adv.py
[2026-04-14T13:11:15.255+0900] {logging_mixin.py:190} INFO - [2026-04-14T13:11:15.255+0900] {dag.py:3211} INFO - Sync 1 DAGs
[2026-04-14T13:11:15.273+0900] {logging_mixin.py:190} INFO - [2026-04-14T13:11:15.273+0900] {dag.py:4138} INFO - Setting next_dagrun for 07_msa_api_server_used_adv to 2026-04-14 00:00:00+00:00, run_after=2026-04-15 00:00:00+00:00
[2026-04-14T13:11:15.319+0900] {processor.py:208} INFO - Processing /opt/airflow/dags/07_msa_api_server_used_adv.py took 0.131 seconds
[2026-04-14T13:11:45.961+0900] {processor.py:186} INFO - Started process (PID=46478) to work on /opt/airflow/dags/07_msa_api_server_used_adv.py
[2026-04-14T13:11:45.963+0900] {processor.py:914} INFO - Processing file /opt/airflow/dags/07_msa_api_server_used_adv.py for tasks to queue
[2026-04-14T13:11:45.965+0900] {logging_mixin.py:190} INFO - [2026-04-14T13:11:45.964+0900] {dagbag.py:587} INFO - Filling up the DagBag from /opt/airflow/dags/07_msa_api_server_used_adv.py
[2026-04-14T13:11:45.990+0900] {processor.py:925} INFO - DAG(s) '07_msa_api_server_used_adv' retrieved from /opt/airflow/dags/07_msa_api_server_used_adv.py
[2026-04-14T13:11:46.012+0900] {logging_mixin.py:190} INFO - [2026-04-14T13:11:46.011+0900] {dag.py:3211} INFO - Sync 1 DAGs
[2026-04-14T13:11:46.029+0900] {logging_mixin.py:190} INFO - [2026-04-14T13:11:46.029+0900] {dag.py:4138} INFO - Setting next_dagrun for 07_msa_api_server_used_adv to 2026-04-14 00:00:00+00:00, run_after=2026-04-15 00:00:00+00:00
[2026-04-14T13:11:46.075+0900] {processor.py:208} INFO - Processing /opt/airflow/dags/07_msa_api_server_used_adv.py took 0.118 seconds
[2026-04-14T13:12:16.949+0900] {processor.py:186} INFO - Started process (PID=46497) to work on /opt/airflow/dags/07_msa_api_server_used_adv.py
[2026-04-14T13:12:16.951+0900] {processor.py:914} INFO - Processing file /opt/airflow/dags/07_msa_api_server_used_adv.py for tasks to queue
[2026-04-14T13:12:16.953+0900] {logging_mixin.py:190} INFO - [2026-04-14T13:12:16.952+0900] {dagbag.py:587} INFO - Filling up the DagBag from /opt/airflow/dags/07_msa_api_server_used_adv.py
[2026-04-14T13:12:16.969+0900] {processor.py:925} INFO - DAG(s) '07_msa_api_server_used_adv' retrieved from /opt/airflow/dags/07_msa_api_server_used_adv.py
[2026-04-14T13:12:16.989+0900] {logging_mixin.py:190} INFO - [2026-04-14T13:12:16.989+0900] {dag.py:3211} INFO - Sync 1 DAGs
[2026-04-14T13:12:17.007+0900] {logging_mixin.py:190} INFO - [2026-04-14T13:12:17.007+0900] {dag.py:4138} INFO - Setting next_dagrun for 07_msa_api_server_used_adv to 2026-04-14 00:00:00+00:00, run_after=2026-04-15 00:00:00+00:00
[2026-04-14T13:12:17.024+0900] {processor.py:208} INFO - Processing /opt/airflow/dags/07_msa_api_server_used_adv.py took 0.079 seconds
[2026-04-14T13:12:47.947+0900] {processor.py:186} INFO - Started process (PID=46516) to work on /opt/airflow/dags/07_msa_api_server_used_adv.py
[2026-04-14T13:12:47.948+0900] {processor.py:914} INFO - Processing file /opt/airflow/dags/07_msa_api_server_used_adv.py for tasks to queue
[2026-04-14T13:12:47.951+0900] {logging_mixin.py:190} INFO - [2026-04-14T13:12:47.951+0900] {dagbag.py:587} INFO - Filling up the DagBag from /opt/airflow/dags/07_msa_api_server_used_adv.py
[2026-04-14T13:12:47.982+0900] {processor.py:925} INFO - DAG(s) '07_msa_api_server_used_adv' retrieved from /opt/airflow/dags/07_msa_api_server_used_adv.py
[2026-04-14T13:12:48.015+0900] {logging_mixin.py:190} INFO - [2026-04-14T13:12:48.015+0900] {dag.py:3211} INFO - Sync 1 DAGs
[2026-04-14T13:12:48.038+0900] {logging_mixin.py:190} INFO - [2026-04-14T13:12:48.038+0900] {dag.py:4138} INFO - Setting next_dagrun for 07_msa_api_server_used_adv to 2026-04-14 00:00:00+00:00, run_after=2026-04-15 00:00:00+00:00
[2026-04-14T13:12:48.080+0900] {processor.py:208} INFO - Processing /opt/airflow/dags/07_msa_api_server_used_adv.py took 0.139 seconds
[2026-04-14T13:13:18.460+0900] {processor.py:186} INFO - Started process (PID=46535) to work on /opt/airflow/dags/07_msa_api_server_used_adv.py
[2026-04-14T13:13:18.462+0900] {processor.py:914} INFO - Processing file /opt/airflow/dags/07_msa_api_server_used_adv.py for tasks to queue
[2026-04-14T13:13:18.465+0900] {logging_mixin.py:190} INFO - [2026-04-14T13:13:18.464+0900] {dagbag.py:587} INFO - Filling up the DagBag from /opt/airflow/dags/07_msa_api_server_used_adv.py
[2026-04-14T13:13:18.503+0900] {processor.py:925} INFO - DAG(s) '07_msa_api_server_used_adv' retrieved from /opt/airflow/dags/07_msa_api_server_used_adv.py
[2026-04-14T13:13:18.529+0900] {logging_mixin.py:190} INFO - [2026-04-14T13:13:18.529+0900] {dag.py:3211} INFO - Sync 1 DAGs
[2026-04-14T13:13:18.548+0900] {logging_mixin.py:190} INFO - [2026-04-14T13:13:18.548+0900] {dag.py:4138} INFO - Setting next_dagrun for 07_msa_api_server_used_adv to 2026-04-14 00:00:00+00:00, run_after=2026-04-15 00:00:00+00:00
[2026-04-14T13:13:18.593+0900] {processor.py:208} INFO - Processing /opt/airflow/dags/07_msa_api_server_used_adv.py took 0.138 seconds
[2026-04-14T13:13:49.498+0900] {processor.py:186} INFO - Started process (PID=46554) to work on /opt/airflow/dags/07_msa_api_server_used_adv.py
[2026-04-14T13:13:49.499+0900] {processor.py:914} INFO - Processing file /opt/airflow/dags/07_msa_api_server_used_adv.py for tasks to queue
[2026-04-14T13:13:49.502+0900] {logging_mixin.py:190} INFO - [2026-04-14T13:13:49.501+0900] {dagbag.py:587} INFO - Filling up the DagBag from /opt/airflow/dags/07_msa_api_server_used_adv.py
[2026-04-14T13:13:49.536+0900] {processor.py:925} INFO - DAG(s) '07_msa_api_server_used_adv' retrieved from /opt/airflow/dags/07_msa_api_server_used_adv.py
[2026-04-14T13:13:49.567+0900] {logging_mixin.py:190} INFO - [2026-04-14T13:13:49.567+0900] {dag.py:3211} INFO - Sync 1 DAGs
[2026-04-14T13:13:49.595+0900] {logging_mixin.py:190} INFO - [2026-04-14T13:13:49.594+0900] {dag.py:4138} INFO - Setting next_dagrun for 07_msa_api_server_used_adv to 2026-04-14 00:00:00+00:00, run_after=2026-04-15 00:00:00+00:00
[2026-04-14T13:13:49.648+0900] {processor.py:208} INFO - Processing /opt/airflow/dags/07_msa_api_server_used_adv.py took 0.156 seconds
[2026-04-14T13:14:19.748+0900] {processor.py:186} INFO - Started process (PID=46573) to work on /opt/airflow/dags/07_msa_api_server_used_adv.py
[2026-04-14T13:14:19.749+0900] {processor.py:914} INFO - Processing file /opt/airflow/dags/07_msa_api_server_used_adv.py for tasks to queue
[2026-04-14T13:14:19.752+0900] {logging_mixin.py:190} INFO - [2026-04-14T13:14:19.752+0900] {dagbag.py:587} INFO - Filling up the DagBag from /opt/airflow/dags/07_msa_api_server_used_adv.py
[2026-04-14T13:14:19.772+0900] {processor.py:925} INFO - DAG(s) '07_msa_api_server_used_adv' retrieved from /opt/airflow/dags/07_msa_api_server_used_adv.py
[2026-04-14T13:14:19.799+0900] {logging_mixin.py:190} INFO - [2026-04-14T13:14:19.798+0900] {dag.py:3211} INFO - Sync 1 DAGs
[2026-04-14T13:14:19.820+0900] {logging_mixin.py:190} INFO - [2026-04-14T13:14:19.819+0900] {dag.py:4138} INFO - Setting next_dagrun for 07_msa_api_server_used_adv to 2026-04-14 00:00:00+00:00, run_after=2026-04-15 00:00:00+00:00
[2026-04-14T13:14:19.862+0900] {processor.py:208} INFO - Processing /opt/airflow/dags/07_msa_api_server_used_adv.py took 0.121 seconds
[2026-04-14T13:14:49.913+0900] {processor.py:186} INFO - Started process (PID=46592) to work on /opt/airflow/dags/07_msa_api_server_used_adv.py
[2026-04-14T13:14:49.915+0900] {processor.py:914} INFO - Processing file /opt/airflow/dags/07_msa_api_server_used_adv.py for tasks to queue
[2026-04-14T13:14:49.917+0900] {logging_mixin.py:190} INFO - [2026-04-14T13:14:49.917+0900] {dagbag.py:587} INFO - Filling up the DagBag from /opt/airflow/dags/07_msa_api_server_used_adv.py
[2026-04-14T13:14:49.944+0900] {processor.py:925} INFO - DAG(s) '07_msa_api_server_used_adv' retrieved from /opt/airflow/dags/07_msa_api_server_used_adv.py
[2026-04-14T13:14:49.964+0900] {logging_mixin.py:190} INFO - [2026-04-14T13:14:49.964+0900] {dag.py:3211} INFO - Sync 1 DAGs
[2026-04-14T13:14:49.981+0900] {logging_mixin.py:190} INFO - [2026-04-14T13:14:49.981+0900] {dag.py:4138} INFO - Setting next_dagrun for 07_msa_api_server_used_adv to 2026-04-14 00:00:00+00:00, run_after=2026-04-15 00:00:00+00:00
[2026-04-14T13:14:50.023+0900] {processor.py:208} INFO - Processing /opt/airflow/dags/07_msa_api_server_used_adv.py took 0.115 seconds
[2026-04-14T13:15:20.221+0900] {processor.py:186} INFO - Started process (PID=46611) to work on /opt/airflow/dags/07_msa_api_server_used_adv.py
[2026-04-14T13:15:20.222+0900] {processor.py:914} INFO - Processing file /opt/airflow/dags/07_msa_api_server_used_adv.py for tasks to queue
[2026-04-14T13:15:20.225+0900] {logging_mixin.py:190} INFO - [2026-04-14T13:15:20.224+0900] {dagbag.py:587} INFO - Filling up the DagBag from /opt/airflow/dags/07_msa_api_server_used_adv.py
[2026-04-14T13:15:20.246+0900] {processor.py:925} INFO - DAG(s) '07_msa_api_server_used_adv' retrieved from /opt/airflow/dags/07_msa_api_server_used_adv.py
[2026-04-14T13:15:20.267+0900] {logging_mixin.py:190} INFO - [2026-04-14T13:15:20.267+0900] {dag.py:3211} INFO - Sync 1 DAGs
[2026-04-14T13:15:20.285+0900] {logging_mixin.py:190} INFO - [2026-04-14T13:15:20.285+0900] {dag.py:4138} INFO - Setting next_dagrun for 07_msa_api_server_used_adv to 2026-04-14 00:00:00+00:00, run_after=2026-04-15 00:00:00+00:00
[2026-04-14T13:15:20.331+0900] {processor.py:208} INFO - Processing /opt/airflow/dags/07_msa_api_server_used_adv.py took 0.114 seconds
[2026-04-14T13:15:51.210+0900] {processor.py:186} INFO - Started process (PID=46630) to work on /opt/airflow/dags/07_msa_api_server_used_adv.py
[2026-04-14T13:15:51.211+0900] {processor.py:914} INFO - Processing file /opt/airflow/dags/07_msa_api_server_used_adv.py for tasks to queue
[2026-04-14T13:15:51.213+0900] {logging_mixin.py:190} INFO - [2026-04-14T13:15:51.213+0900] {dagbag.py:587} INFO - Filling up the DagBag from /opt/airflow/dags/07_msa_api_server_used_adv.py
[2026-04-14T13:15:51.238+0900] {processor.py:925} INFO - DAG(s) '07_msa_api_server_used_adv' retrieved from /opt/airflow/dags/07_msa_api_server_used_adv.py
[2026-04-14T13:15:51.271+0900] {logging_mixin.py:190} INFO - [2026-04-14T13:15:51.271+0900] {dag.py:3211} INFO - Sync 1 DAGs
[2026-04-14T13:15:51.291+0900] {logging_mixin.py:190} INFO - [2026-04-14T13:15:51.291+0900] {dag.py:4138} INFO - Setting next_dagrun for 07_msa_api_server_used_adv to 2026-04-14 00:00:00+00:00, run_after=2026-04-15 00:00:00+00:00
[2026-04-14T13:15:51.337+0900] {processor.py:208} INFO - Processing /opt/airflow/dags/07_msa_api_server_used_adv.py took 0.132 seconds
[2026-04-14T13:16:22.144+0900] {processor.py:186} INFO - Started process (PID=46649) to work on /opt/airflow/dags/07_msa_api_server_used_adv.py
[2026-04-14T13:16:22.145+0900] {processor.py:914} INFO - Processing file /opt/airflow/dags/07_msa_api_server_used_adv.py for tasks to queue
[2026-04-14T13:16:22.147+0900] {logging_mixin.py:190} INFO - [2026-04-14T13:16:22.147+0900] {dagbag.py:587} INFO - Filling up the DagBag from /opt/airflow/dags/07_msa_api_server_used_adv.py
[2026-04-14T13:16:22.163+0900] {processor.py:925} INFO - DAG(s) '07_msa_api_server_used_adv' retrieved from /opt/airflow/dags/07_msa_api_server_used_adv.py
[2026-04-14T13:16:22.183+0900] {logging_mixin.py:190} INFO - [2026-04-14T13:16:22.183+0900] {dag.py:3211} INFO - Sync 1 DAGs
[2026-04-14T13:16:22.201+0900] {logging_mixin.py:190} INFO - [2026-04-14T13:16:22.200+0900] {dag.py:4138} INFO - Setting next_dagrun for 07_msa_api_server_used_adv to 2026-04-14 00:00:00+00:00, run_after=2026-04-15 00:00:00+00:00
[2026-04-14T13:16:22.218+0900] {processor.py:208} INFO - Processing /opt/airflow/dags/07_msa_api_server_used_adv.py took 0.080 seconds
[2026-04-14T13:16:52.333+0900] {processor.py:186} INFO - Started process (PID=46668) to work on /opt/airflow/dags/07_msa_api_server_used_adv.py
[2026-04-14T13:16:52.334+0900] {processor.py:914} INFO - Processing file /opt/airflow/dags/07_msa_api_server_used_adv.py for tasks to queue
[2026-04-14T13:16:52.337+0900] {logging_mixin.py:190} INFO - [2026-04-14T13:16:52.337+0900] {dagbag.py:587} INFO - Filling up the DagBag from /opt/airflow/dags/07_msa_api_server_used_adv.py
[2026-04-14T13:16:52.363+0900] {processor.py:925} INFO - DAG(s) '07_msa_api_server_used_adv' retrieved from /opt/airflow/dags/07_msa_api_server_used_adv.py
[2026-04-14T13:16:52.384+0900] {logging_mixin.py:190} INFO - [2026-04-14T13:16:52.384+0900] {dag.py:3211} INFO - Sync 1 DAGs
[2026-04-14T13:16:52.403+0900] {logging_mixin.py:190} INFO - [2026-04-14T13:16:52.402+0900] {dag.py:4138} INFO - Setting next_dagrun for 07_msa_api_server_used_adv to 2026-04-14 00:00:00+00:00, run_after=2026-04-15 00:00:00+00:00
[2026-04-14T13:16:52.418+0900] {processor.py:208} INFO - Processing /opt/airflow/dags/07_msa_api_server_used_adv.py took 0.090 seconds
[2026-04-14T13:17:22.550+0900] {processor.py:186} INFO - Started process (PID=46686) to work on /opt/airflow/dags/07_msa_api_server_used_adv.py
[2026-04-14T13:17:22.552+0900] {processor.py:914} INFO - Processing file /opt/airflow/dags/07_msa_api_server_used_adv.py for tasks to queue
[2026-04-14T13:17:22.554+0900] {logging_mixin.py:190} INFO - [2026-04-14T13:17:22.554+0900] {dagbag.py:587} INFO - Filling up the DagBag from /opt/airflow/dags/07_msa_api_server_used_adv.py
[2026-04-14T13:17:22.603+0900] {processor.py:925} INFO - DAG(s) '07_msa_api_server_used_adv' retrieved from /opt/airflow/dags/07_msa_api_server_used_adv.py
[2026-04-14T13:17:22.627+0900] {logging_mixin.py:190} INFO - [2026-04-14T13:17:22.627+0900] {dag.py:3211} INFO - Sync 1 DAGs
[2026-04-14T13:17:22.646+0900] {logging_mixin.py:190} INFO - [2026-04-14T13:17:22.646+0900] {dag.py:4138} INFO - Setting next_dagrun for 07_msa_api_server_used_adv to 2026-04-14 00:00:00+00:00, run_after=2026-04-15 00:00:00+00:00
[2026-04-14T13:17:22.666+0900] {processor.py:208} INFO - Processing /opt/airflow/dags/07_msa_api_server_used_adv.py took 0.121 seconds
[2026-04-14T13:17:52.803+0900] {processor.py:186} INFO - Started process (PID=46705) to work on /opt/airflow/dags/07_msa_api_server_used_adv.py
[2026-04-14T13:17:52.804+0900] {processor.py:914} INFO - Processing file /opt/airflow/dags/07_msa_api_server_used_adv.py for tasks to queue
[2026-04-14T13:17:52.807+0900] {logging_mixin.py:190} INFO - [2026-04-14T13:17:52.807+0900] {dagbag.py:587} INFO - Filling up the DagBag from /opt/airflow/dags/07_msa_api_server_used_adv.py
[2026-04-14T13:17:52.831+0900] {processor.py:925} INFO - DAG(s) '07_msa_api_server_used_adv' retrieved from /opt/airflow/dags/07_msa_api_server_used_adv.py
[2026-04-14T13:17:52.855+0900] {logging_mixin.py:190} INFO - [2026-04-14T13:17:52.855+0900] {dag.py:3211} INFO - Sync 1 DAGs
[2026-04-14T13:17:52.875+0900] {logging_mixin.py:190} INFO - [2026-04-14T13:17:52.875+0900] {dag.py:4138} INFO - Setting next_dagrun for 07_msa_api_server_used_adv to 2026-04-14 00:00:00+00:00, run_after=2026-04-15 00:00:00+00:00
[2026-04-14T13:17:52.923+0900] {processor.py:208} INFO - Processing /opt/airflow/dags/07_msa_api_server_used_adv.py took 0.127 seconds
[2026-04-14T13:18:23.457+0900] {processor.py:186} INFO - Started process (PID=46724) to work on /opt/airflow/dags/07_msa_api_server_used_adv.py
[2026-04-14T13:18:23.458+0900] {processor.py:914} INFO - Processing file /opt/airflow/dags/07_msa_api_server_used_adv.py for tasks to queue
[2026-04-14T13:18:23.460+0900] {logging_mixin.py:190} INFO - [2026-04-14T13:18:23.460+0900] {dagbag.py:587} INFO - Filling up the DagBag from /opt/airflow/dags/07_msa_api_server_used_adv.py
[2026-04-14T13:18:23.490+0900] {processor.py:925} INFO - DAG(s) '07_msa_api_server_used_adv' retrieved from /opt/airflow/dags/07_msa_api_server_used_adv.py
[2026-04-14T13:18:23.513+0900] {logging_mixin.py:190} INFO - [2026-04-14T13:18:23.512+0900] {dag.py:3211} INFO - Sync 1 DAGs
[2026-04-14T13:18:23.530+0900] {logging_mixin.py:190} INFO - [2026-04-14T13:18:23.530+0900] {dag.py:4138} INFO - Setting next_dagrun for 07_msa_api_server_used_adv to 2026-04-14 00:00:00+00:00, run_after=2026-04-15 00:00:00+00:00
[2026-04-14T13:18:23.576+0900] {processor.py:208} INFO - Processing /opt/airflow/dags/07_msa_api_server_used_adv.py took 0.125 seconds
[2026-04-14T13:18:53.722+0900] {processor.py:186} INFO - Started process (PID=46743) to work on /opt/airflow/dags/07_msa_api_server_used_adv.py
[2026-04-14T13:18:53.723+0900] {processor.py:914} INFO - Processing file /opt/airflow/dags/07_msa_api_server_used_adv.py for tasks to queue
[2026-04-14T13:18:53.725+0900] {logging_mixin.py:190} INFO - [2026-04-14T13:18:53.725+0900] {dagbag.py:587} INFO - Filling up the DagBag from /opt/airflow/dags/07_msa_api_server_used_adv.py
[2026-04-14T13:18:53.751+0900] {processor.py:925} INFO - DAG(s) '07_msa_api_server_used_adv' retrieved from /opt/airflow/dags/07_msa_api_server_used_adv.py
[2026-04-14T13:18:53.773+0900] {logging_mixin.py:190} INFO - [2026-04-14T13:18:53.772+0900] {dag.py:3211} INFO - Sync 1 DAGs
[2026-04-14T13:18:53.791+0900] {logging_mixin.py:190} INFO - [2026-04-14T13:18:53.791+0900] {dag.py:4138} INFO - Setting next_dagrun for 07_msa_api_server_used_adv to 2026-04-14 00:00:00+00:00, run_after=2026-04-15 00:00:00+00:00
[2026-04-14T13:18:53.836+0900] {processor.py:208} INFO - Processing /opt/airflow/dags/07_msa_api_server_used_adv.py took 0.119 seconds
[2026-04-14T13:19:24.725+0900] {processor.py:186} INFO - Started process (PID=46762) to work on /opt/airflow/dags/07_msa_api_server_used_adv.py
[2026-04-14T13:19:24.726+0900] {processor.py:914} INFO - Processing file /opt/airflow/dags/07_msa_api_server_used_adv.py for tasks to queue
[2026-04-14T13:19:24.729+0900] {logging_mixin.py:190} INFO - [2026-04-14T13:19:24.729+0900] {dagbag.py:587} INFO - Filling up the DagBag from /opt/airflow/dags/07_msa_api_server_used_adv.py
[2026-04-14T13:19:24.760+0900] {processor.py:925} INFO - DAG(s) '07_msa_api_server_used_adv' retrieved from /opt/airflow/dags/07_msa_api_server_used_adv.py
[2026-04-14T13:19:24.788+0900] {logging_mixin.py:190} INFO - [2026-04-14T13:19:24.788+0900] {dag.py:3211} INFO - Sync 1 DAGs
[2026-04-14T13:19:24.809+0900] {logging_mixin.py:190} INFO - [2026-04-14T13:19:24.809+0900] {dag.py:4138} INFO - Setting next_dagrun for 07_msa_api_server_used_adv to 2026-04-14 00:00:00+00:00, run_after=2026-04-15 00:00:00+00:00
[2026-04-14T13:19:24.862+0900] {processor.py:208} INFO - Processing /opt/airflow/dags/07_msa_api_server_used_adv.py took 0.144 seconds
[2026-04-14T13:19:55.593+0900] {processor.py:186} INFO - Started process (PID=46781) to work on /opt/airflow/dags/07_msa_api_server_used_adv.py
[2026-04-14T13:19:55.594+0900] {processor.py:914} INFO - Processing file /opt/airflow/dags/07_msa_api_server_used_adv.py for tasks to queue
[2026-04-14T13:19:55.596+0900] {logging_mixin.py:190} INFO - [2026-04-14T13:19:55.596+0900] {dagbag.py:587} INFO - Filling up the DagBag from /opt/airflow/dags/07_msa_api_server_used_adv.py
[2026-04-14T13:19:55.612+0900] {processor.py:925} INFO - DAG(s) '07_msa_api_server_used_adv' retrieved from /opt/airflow/dags/07_msa_api_server_used_adv.py
[2026-04-14T13:19:55.633+0900] {logging_mixin.py:190} INFO - [2026-04-14T13:19:55.632+0900] {dag.py:3211} INFO - Sync 1 DAGs
[2026-04-14T13:19:55.651+0900] {logging_mixin.py:190} INFO - [2026-04-14T13:19:55.651+0900] {dag.py:4138} INFO - Setting next_dagrun for 07_msa_api_server_used_adv to 2026-04-14 00:00:00+00:00, run_after=2026-04-15 00:00:00+00:00
[2026-04-14T13:19:55.694+0900] {processor.py:208} INFO - Processing /opt/airflow/dags/07_msa_api_server_used_adv.py took 0.106 seconds
[2026-04-14T13:20:26.652+0900] {processor.py:186} INFO - Started process (PID=46800) to work on /opt/airflow/dags/07_msa_api_server_used_adv.py
[2026-04-14T13:20:26.653+0900] {processor.py:914} INFO - Processing file /opt/airflow/dags/07_msa_api_server_used_adv.py for tasks to queue
[2026-04-14T13:20:26.656+0900] {logging_mixin.py:190} INFO - [2026-04-14T13:20:26.656+0900] {dagbag.py:587} INFO - Filling up the DagBag from /opt/airflow/dags/07_msa_api_server_used_adv.py
[2026-04-14T13:20:26.689+0900] {processor.py:925} INFO - DAG(s) '07_msa_api_server_used_adv' retrieved from /opt/airflow/dags/07_msa_api_server_used_adv.py
[2026-04-14T13:20:26.715+0900] {logging_mixin.py:190} INFO - [2026-04-14T13:20:26.715+0900] {dag.py:3211} INFO - Sync 1 DAGs
[2026-04-14T13:20:26.734+0900] {logging_mixin.py:190} INFO - [2026-04-14T13:20:26.733+0900] {dag.py:4138} INFO - Setting next_dagrun for 07_msa_api_server_used_adv to 2026-04-14 00:00:00+00:00, run_after=2026-04-15 00:00:00+00:00
[2026-04-14T13:20:26.753+0900] {processor.py:208} INFO - Processing /opt/airflow/dags/07_msa_api_server_used_adv.py took 0.106 seconds
[2026-04-14T13:20:56.916+0900] {processor.py:186} INFO - Started process (PID=46819) to work on /opt/airflow/dags/07_msa_api_server_used_adv.py
[2026-04-14T13:20:56.917+0900] {processor.py:914} INFO - Processing file /opt/airflow/dags/07_msa_api_server_used_adv.py for tasks to queue
[2026-04-14T13:20:56.920+0900] {logging_mixin.py:190} INFO - [2026-04-14T13:20:56.920+0900] {dagbag.py:587} INFO - Filling up the DagBag from /opt/airflow/dags/07_msa_api_server_used_adv.py
[2026-04-14T13:20:56.964+0900] {processor.py:925} INFO - DAG(s) '07_msa_api_server_used_adv' retrieved from /opt/airflow/dags/07_msa_api_server_used_adv.py
[2026-04-14T13:20:56.986+0900] {logging_mixin.py:190} INFO - [2026-04-14T13:20:56.986+0900] {dag.py:3211} INFO - Sync 1 DAGs
[2026-04-14T13:20:57.003+0900] {logging_mixin.py:190} INFO - [2026-04-14T13:20:57.003+0900] {dag.py:4138} INFO - Setting next_dagrun for 07_msa_api_server_used_adv to 2026-04-14 00:00:00+00:00, run_after=2026-04-15 00:00:00+00:00
[2026-04-14T13:20:57.022+0900] {processor.py:208} INFO - Processing /opt/airflow/dags/07_msa_api_server_used_adv.py took 0.111 seconds
[2026-04-14T13:21:27.267+0900] {processor.py:186} INFO - Started process (PID=46838) to work on /opt/airflow/dags/07_msa_api_server_used_adv.py
[2026-04-14T13:21:27.269+0900] {processor.py:914} INFO - Processing file /opt/airflow/dags/07_msa_api_server_used_adv.py for tasks to queue
[2026-04-14T13:21:27.271+0900] {logging_mixin.py:190} INFO - [2026-04-14T13:21:27.271+0900] {dagbag.py:587} INFO - Filling up the DagBag from /opt/airflow/dags/07_msa_api_server_used_adv.py
[2026-04-14T13:21:27.318+0900] {processor.py:925} INFO - DAG(s) '07_msa_api_server_used_adv' retrieved from /opt/airflow/dags/07_msa_api_server_used_adv.py
[2026-04-14T13:21:27.343+0900] {logging_mixin.py:190} INFO - [2026-04-14T13:21:27.343+0900] {dag.py:3211} INFO - Sync 1 DAGs
[2026-04-14T13:21:27.365+0900] {logging_mixin.py:190} INFO - [2026-04-14T13:21:27.365+0900] {dag.py:4138} INFO - Setting next_dagrun for 07_msa_api_server_used_adv to 2026-04-14 00:00:00+00:00, run_after=2026-04-15 00:00:00+00:00
[2026-04-14T13:21:27.384+0900] {processor.py:208} INFO - Processing /opt/airflow/dags/07_msa_api_server_used_adv.py took 0.124 seconds
[2026-04-14T13:21:58.441+0900] {processor.py:186} INFO - Started process (PID=46857) to work on /opt/airflow/dags/07_msa_api_server_used_adv.py
[2026-04-14T13:21:58.443+0900] {processor.py:914} INFO - Processing file /opt/airflow/dags/07_msa_api_server_used_adv.py for tasks to queue
[2026-04-14T13:21:58.446+0900] {logging_mixin.py:190} INFO - [2026-04-14T13:21:58.446+0900] {dagbag.py:587} INFO - Filling up the DagBag from /opt/airflow/dags/07_msa_api_server_used_adv.py
[2026-04-14T13:21:58.474+0900] {processor.py:925} INFO - DAG(s) '07_msa_api_server_used_adv' retrieved from /opt/airflow/dags/07_msa_api_server_used_adv.py
[2026-04-14T13:21:58.500+0900] {logging_mixin.py:190} INFO - [2026-04-14T13:21:58.500+0900] {dag.py:3211} INFO - Sync 1 DAGs
[2026-04-14T13:21:58.519+0900] {logging_mixin.py:190} INFO - [2026-04-14T13:21:58.518+0900] {dag.py:4138} INFO - Setting next_dagrun for 07_msa_api_server_used_adv to 2026-04-14 00:00:00+00:00, run_after=2026-04-15 00:00:00+00:00
[2026-04-14T13:21:58.560+0900] {processor.py:208} INFO - Processing /opt/airflow/dags/07_msa_api_server_used_adv.py took 0.128 seconds
[2026-04-14T13:22:28.761+0900] {processor.py:186} INFO - Started process (PID=46876) to work on /opt/airflow/dags/07_msa_api_server_used_adv.py
[2026-04-14T13:22:28.763+0900] {processor.py:914} INFO - Processing file /opt/airflow/dags/07_msa_api_server_used_adv.py for tasks to queue
[2026-04-14T13:22:28.766+0900] {logging_mixin.py:190} INFO - [2026-04-14T13:22:28.766+0900] {dagbag.py:587} INFO - Filling up the DagBag from /opt/airflow/dags/07_msa_api_server_used_adv.py
[2026-04-14T13:22:28.802+0900] {processor.py:925} INFO - DAG(s) '07_msa_api_server_used_adv' retrieved from /opt/airflow/dags/07_msa_api_server_used_adv.py
[2026-04-14T13:22:28.829+0900] {logging_mixin.py:190} INFO - [2026-04-14T13:22:28.829+0900] {dag.py:3211} INFO - Sync 1 DAGs
[2026-04-14T13:22:28.851+0900] {logging_mixin.py:190} INFO - [2026-04-14T13:22:28.850+0900] {dag.py:4138} INFO - Setting next_dagrun for 07_msa_api_server_used_adv to 2026-04-14 00:00:00+00:00, run_after=2026-04-15 00:00:00+00:00
[2026-04-14T13:22:28.900+0900] {processor.py:208} INFO - Processing /opt/airflow/dags/07_msa_api_server_used_adv.py took 0.144 seconds
[2026-04-14T13:22:59.176+0900] {processor.py:186} INFO - Started process (PID=46894) to work on /opt/airflow/dags/07_msa_api_server_used_adv.py
[2026-04-14T13:22:59.178+0900] {processor.py:914} INFO - Processing file /opt/airflow/dags/07_msa_api_server_used_adv.py for tasks to queue
[2026-04-14T13:22:59.180+0900] {logging_mixin.py:190} INFO - [2026-04-14T13:22:59.180+0900] {dagbag.py:587} INFO - Filling up the DagBag from /opt/airflow/dags/07_msa_api_server_used_adv.py
[2026-04-14T13:22:59.217+0900] {processor.py:925} INFO - DAG(s) '07_msa_api_server_used_adv' retrieved from /opt/airflow/dags/07_msa_api_server_used_adv.py
[2026-04-14T13:22:59.245+0900] {logging_mixin.py:190} INFO - [2026-04-14T13:22:59.245+0900] {dag.py:3211} INFO - Sync 1 DAGs
[2026-04-14T13:22:59.282+0900] {logging_mixin.py:190} INFO - [2026-04-14T13:22:59.281+0900] {dag.py:4138} INFO - Setting next_dagrun for 07_msa_api_server_used_adv to 2026-04-14 00:00:00+00:00, run_after=2026-04-15 00:00:00+00:00
[2026-04-14T13:22:59.300+0900] {processor.py:208} INFO - Processing /opt/airflow/dags/07_msa_api_server_used_adv.py took 0.129 seconds
[2026-04-14T13:23:30.027+0900] {processor.py:186} INFO - Started process (PID=46912) to work on /opt/airflow/dags/07_msa_api_server_used_adv.py
[2026-04-14T13:23:30.028+0900] {processor.py:914} INFO - Processing file /opt/airflow/dags/07_msa_api_server_used_adv.py for tasks to queue
[2026-04-14T13:23:30.030+0900] {logging_mixin.py:190} INFO - [2026-04-14T13:23:30.030+0900] {dagbag.py:587} INFO - Filling up the DagBag from /opt/airflow/dags/07_msa_api_server_used_adv.py
[2026-04-14T13:23:30.059+0900] {processor.py:925} INFO - DAG(s) '07_msa_api_server_used_adv' retrieved from /opt/airflow/dags/07_msa_api_server_used_adv.py
[2026-04-14T13:23:30.085+0900] {logging_mixin.py:190} INFO - [2026-04-14T13:23:30.085+0900] {dag.py:3211} INFO - Sync 1 DAGs
[2026-04-14T13:23:30.106+0900] {logging_mixin.py:190} INFO - [2026-04-14T13:23:30.105+0900] {dag.py:4138} INFO - Setting next_dagrun for 07_msa_api_server_used_adv to 2026-04-14 00:00:00+00:00, run_after=2026-04-15 00:00:00+00:00
[2026-04-14T13:23:30.153+0900] {processor.py:208} INFO - Processing /opt/airflow/dags/07_msa_api_server_used_adv.py took 0.133 seconds
[2026-04-14T13:24:00.955+0900] {processor.py:186} INFO - Started process (PID=46931) to work on /opt/airflow/dags/07_msa_api_server_used_adv.py
[2026-04-14T13:24:00.956+0900] {processor.py:914} INFO - Processing file /opt/airflow/dags/07_msa_api_server_used_adv.py for tasks to queue
[2026-04-14T13:24:00.959+0900] {logging_mixin.py:190} INFO - [2026-04-14T13:24:00.958+0900] {dagbag.py:587} INFO - Filling up the DagBag from /opt/airflow/dags/07_msa_api_server_used_adv.py
[2026-04-14T13:24:00.984+0900] {processor.py:925} INFO - DAG(s) '07_msa_api_server_used_adv' retrieved from /opt/airflow/dags/07_msa_api_server_used_adv.py
[2026-04-14T13:24:01.009+0900] {logging_mixin.py:190} INFO - [2026-04-14T13:24:01.009+0900] {dag.py:3211} INFO - Sync 1 DAGs
[2026-04-14T13:24:01.029+0900] {logging_mixin.py:190} INFO - [2026-04-14T13:24:01.029+0900] {dag.py:4138} INFO - Setting next_dagrun for 07_msa_api_server_used_adv to 2026-04-14 00:00:00+00:00, run_after=2026-04-15 00:00:00+00:00
[2026-04-14T13:24:01.073+0900] {processor.py:208} INFO - Processing /opt/airflow/dags/07_msa_api_server_used_adv.py took 0.123 seconds
[2026-04-14T13:24:31.405+0900] {processor.py:186} INFO - Started process (PID=46948) to work on /opt/airflow/dags/07_msa_api_server_used_adv.py
[2026-04-14T13:24:31.406+0900] {processor.py:914} INFO - Processing file /opt/airflow/dags/07_msa_api_server_used_adv.py for tasks to queue
[2026-04-14T13:24:31.408+0900] {logging_mixin.py:190} INFO - [2026-04-14T13:24:31.408+0900] {dagbag.py:587} INFO - Filling up the DagBag from /opt/airflow/dags/07_msa_api_server_used_adv.py
[2026-04-14T13:24:31.433+0900] {processor.py:925} INFO - DAG(s) '07_msa_api_server_used_adv' retrieved from /opt/airflow/dags/07_msa_api_server_used_adv.py
[2026-04-14T13:24:31.455+0900] {logging_mixin.py:190} INFO - [2026-04-14T13:24:31.455+0900] {dag.py:3211} INFO - Sync 1 DAGs
[2026-04-14T13:24:31.473+0900] {logging_mixin.py:190} INFO - [2026-04-14T13:24:31.473+0900] {dag.py:4138} INFO - Setting next_dagrun for 07_msa_api_server_used_adv to 2026-04-14 00:00:00+00:00, run_after=2026-04-15 00:00:00+00:00
[2026-04-14T13:24:31.518+0900] {processor.py:208} INFO - Processing /opt/airflow/dags/07_msa_api_server_used_adv.py took 0.118 seconds
[2026-04-14T13:25:01.680+0900] {processor.py:186} INFO - Started process (PID=46963) to work on /opt/airflow/dags/07_msa_api_server_used_adv.py
[2026-04-14T13:25:01.681+0900] {processor.py:914} INFO - Processing file /opt/airflow/dags/07_msa_api_server_used_adv.py for tasks to queue
[2026-04-14T13:25:01.684+0900] {logging_mixin.py:190} INFO - [2026-04-14T13:25:01.683+0900] {dagbag.py:587} INFO - Filling up the DagBag from /opt/airflow/dags/07_msa_api_server_used_adv.py
[2026-04-14T13:25:01.712+0900] {processor.py:925} INFO - DAG(s) '07_msa_api_server_used_adv' retrieved from /opt/airflow/dags/07_msa_api_server_used_adv.py
[2026-04-14T13:25:01.737+0900] {logging_mixin.py:190} INFO - [2026-04-14T13:25:01.736+0900] {dag.py:3211} INFO - Sync 1 DAGs
[2026-04-14T13:25:01.755+0900] {logging_mixin.py:190} INFO - [2026-04-14T13:25:01.754+0900] {dag.py:4138} INFO - Setting next_dagrun for 07_msa_api_server_used_adv to 2026-04-14 00:00:00+00:00, run_after=2026-04-15 00:00:00+00:00
[2026-04-14T13:25:01.802+0900] {processor.py:208} INFO - Processing /opt/airflow/dags/07_msa_api_server_used_adv.py took 0.127 seconds
[2026-04-14T13:25:32.210+0900] {processor.py:186} INFO - Started process (PID=46982) to work on /opt/airflow/dags/07_msa_api_server_used_adv.py
[2026-04-14T13:25:32.211+0900] {processor.py:914} INFO - Processing file /opt/airflow/dags/07_msa_api_server_used_adv.py for tasks to queue
[2026-04-14T13:25:32.214+0900] {logging_mixin.py:190} INFO - [2026-04-14T13:25:32.214+0900] {dagbag.py:587} INFO - Filling up the DagBag from /opt/airflow/dags/07_msa_api_server_used_adv.py
[2026-04-14T13:25:32.254+0900] {processor.py:925} INFO - DAG(s) '07_msa_api_server_used_adv' retrieved from /opt/airflow/dags/07_msa_api_server_used_adv.py
[2026-04-14T13:25:32.283+0900] {logging_mixin.py:190} INFO - [2026-04-14T13:25:32.283+0900] {dag.py:3211} INFO - Sync 1 DAGs
[2026-04-14T13:25:32.305+0900] {logging_mixin.py:190} INFO - [2026-04-14T13:25:32.305+0900] {dag.py:4138} INFO - Setting next_dagrun for 07_msa_api_server_used_adv to 2026-04-14 00:00:00+00:00, run_after=2026-04-15 00:00:00+00:00
[2026-04-14T13:25:32.353+0900] {processor.py:208} INFO - Processing /opt/airflow/dags/07_msa_api_server_used_adv.py took 0.148 seconds
[2026-04-14T13:26:02.860+0900] {processor.py:186} INFO - Started process (PID=47001) to work on /opt/airflow/dags/07_msa_api_server_used_adv.py
[2026-04-14T13:26:02.861+0900] {processor.py:914} INFO - Processing file /opt/airflow/dags/07_msa_api_server_used_adv.py for tasks to queue
[2026-04-14T13:26:02.864+0900] {logging_mixin.py:190} INFO - [2026-04-14T13:26:02.864+0900] {dagbag.py:587} INFO - Filling up the DagBag from /opt/airflow/dags/07_msa_api_server_used_adv.py
[2026-04-14T13:26:02.889+0900] {processor.py:925} INFO - DAG(s) '07_msa_api_server_used_adv' retrieved from /opt/airflow/dags/07_msa_api_server_used_adv.py
[2026-04-14T13:26:02.911+0900] {logging_mixin.py:190} INFO - [2026-04-14T13:26:02.911+0900] {dag.py:3211} INFO - Sync 1 DAGs
[2026-04-14T13:26:02.928+0900] {logging_mixin.py:190} INFO - [2026-04-14T13:26:02.928+0900] {dag.py:4138} INFO - Setting next_dagrun for 07_msa_api_server_used_adv to 2026-04-14 00:00:00+00:00, run_after=2026-04-15 00:00:00+00:00
[2026-04-14T13:26:02.974+0900] {processor.py:208} INFO - Processing /opt/airflow/dags/07_msa_api_server_used_adv.py took 0.120 seconds
[2026-04-14T13:26:33.560+0900] {processor.py:186} INFO - Started process (PID=47017) to work on /opt/airflow/dags/07_msa_api_server_used_adv.py
[2026-04-14T13:26:33.561+0900] {processor.py:914} INFO - Processing file /opt/airflow/dags/07_msa_api_server_used_adv.py for tasks to queue
[2026-04-14T13:26:33.564+0900] {logging_mixin.py:190} INFO - [2026-04-14T13:26:33.564+0900] {dagbag.py:587} INFO - Filling up the DagBag from /opt/airflow/dags/07_msa_api_server_used_adv.py
[2026-04-14T13:26:33.601+0900] {processor.py:925} INFO - DAG(s) '07_msa_api_server_used_adv' retrieved from /opt/airflow/dags/07_msa_api_server_used_adv.py
[2026-04-14T13:26:33.625+0900] {logging_mixin.py:190} INFO - [2026-04-14T13:26:33.625+0900] {dag.py:3211} INFO - Sync 1 DAGs
[2026-04-14T13:26:33.769+0900] {logging_mixin.py:190} INFO - [2026-04-14T13:26:33.768+0900] {dag.py:4138} INFO - Setting next_dagrun for 07_msa_api_server_used_adv to 2026-04-14 00:00:00+00:00, run_after=2026-04-15 00:00:00+00:00
[2026-04-14T13:26:33.813+0900] {processor.py:208} INFO - Processing /opt/airflow/dags/07_msa_api_server_used_adv.py took 0.259 seconds
[2026-04-14T13:27:03.890+0900] {processor.py:186} INFO - Started process (PID=47036) to work on /opt/airflow/dags/07_msa_api_server_used_adv.py
[2026-04-14T13:27:03.891+0900] {processor.py:914} INFO - Processing file /opt/airflow/dags/07_msa_api_server_used_adv.py for tasks to queue
[2026-04-14T13:27:03.894+0900] {logging_mixin.py:190} INFO - [2026-04-14T13:27:03.893+0900] {dagbag.py:587} INFO - Filling up the DagBag from /opt/airflow/dags/07_msa_api_server_used_adv.py
[2026-04-14T13:27:03.920+0900] {processor.py:925} INFO - DAG(s) '07_msa_api_server_used_adv' retrieved from /opt/airflow/dags/07_msa_api_server_used_adv.py
[2026-04-14T13:27:03.945+0900] {logging_mixin.py:190} INFO - [2026-04-14T13:27:03.944+0900] {dag.py:3211} INFO - Sync 1 DAGs
[2026-04-14T13:27:03.963+0900] {logging_mixin.py:190} INFO - [2026-04-14T13:27:03.963+0900] {dag.py:4138} INFO - Setting next_dagrun for 07_msa_api_server_used_adv to 2026-04-14 00:00:00+00:00, run_after=2026-04-15 00:00:00+00:00
[2026-04-14T13:27:03.979+0900] {processor.py:208} INFO - Processing /opt/airflow/dags/07_msa_api_server_used_adv.py took 0.095 seconds
[2026-04-14T13:27:34.133+0900] {processor.py:186} INFO - Started process (PID=47055) to work on /opt/airflow/dags/07_msa_api_server_used_adv.py
[2026-04-14T13:27:34.134+0900] {processor.py:914} INFO - Processing file /opt/airflow/dags/07_msa_api_server_used_adv.py for tasks to queue
[2026-04-14T13:27:34.137+0900] {logging_mixin.py:190} INFO - [2026-04-14T13:27:34.136+0900] {dagbag.py:587} INFO - Filling up the DagBag from /opt/airflow/dags/07_msa_api_server_used_adv.py
[2026-04-14T13:27:34.167+0900] {processor.py:925} INFO - DAG(s) '07_msa_api_server_used_adv' retrieved from /opt/airflow/dags/07_msa_api_server_used_adv.py
[2026-04-14T13:27:34.191+0900] {logging_mixin.py:190} INFO - [2026-04-14T13:27:34.190+0900] {dag.py:3211} INFO - Sync 1 DAGs
[2026-04-14T13:27:34.209+0900] {logging_mixin.py:190} INFO - [2026-04-14T13:27:34.208+0900] {dag.py:4138} INFO - Setting next_dagrun for 07_msa_api_server_used_adv to 2026-04-14 00:00:00+00:00, run_after=2026-04-15 00:00:00+00:00
[2026-04-14T13:27:34.228+0900] {processor.py:208} INFO - Processing /opt/airflow/dags/07_msa_api_server_used_adv.py took 0.101 seconds
[2026-04-14T13:28:04.452+0900] {processor.py:186} INFO - Started process (PID=47074) to work on /opt/airflow/dags/07_msa_api_server_used_adv.py
[2026-04-14T13:28:04.455+0900] {processor.py:914} INFO - Processing file /opt/airflow/dags/07_msa_api_server_used_adv.py for tasks to queue
[2026-04-14T13:28:04.460+0900] {logging_mixin.py:190} INFO - [2026-04-14T13:28:04.459+0900] {dagbag.py:587} INFO - Filling up the DagBag from /opt/airflow/dags/07_msa_api_server_used_adv.py
[2026-04-14T13:28:04.499+0900] {processor.py:925} INFO - DAG(s) '07_msa_api_server_used_adv' retrieved from /opt/airflow/dags/07_msa_api_server_used_adv.py
[2026-04-14T13:28:04.528+0900] {logging_mixin.py:190} INFO - [2026-04-14T13:28:04.528+0900] {dag.py:3211} INFO - Sync 1 DAGs
[2026-04-14T13:28:04.675+0900] {logging_mixin.py:190} INFO - [2026-04-14T13:28:04.675+0900] {dag.py:4138} INFO - Setting next_dagrun for 07_msa_api_server_used_adv to 2026-04-14 00:00:00+00:00, run_after=2026-04-15 00:00:00+00:00
[2026-04-14T13:28:04.724+0900] {processor.py:208} INFO - Processing /opt/airflow/dags/07_msa_api_server_used_adv.py took 0.280 seconds
[2026-04-14T13:28:35.072+0900] {processor.py:186} INFO - Started process (PID=47093) to work on /opt/airflow/dags/07_msa_api_server_used_adv.py
[2026-04-14T13:28:35.073+0900] {processor.py:914} INFO - Processing file /opt/airflow/dags/07_msa_api_server_used_adv.py for tasks to queue
[2026-04-14T13:28:35.076+0900] {logging_mixin.py:190} INFO - [2026-04-14T13:28:35.075+0900] {dagbag.py:587} INFO - Filling up the DagBag from /opt/airflow/dags/07_msa_api_server_used_adv.py
[2026-04-14T13:28:35.109+0900] {processor.py:925} INFO - DAG(s) '07_msa_api_server_used_adv' retrieved from /opt/airflow/dags/07_msa_api_server_used_adv.py
[2026-04-14T13:28:35.130+0900] {logging_mixin.py:190} INFO - [2026-04-14T13:28:35.130+0900] {dag.py:3211} INFO - Sync 1 DAGs
[2026-04-14T13:28:35.148+0900] {logging_mixin.py:190} INFO - [2026-04-14T13:28:35.147+0900] {dag.py:4138} INFO - Setting next_dagrun for 07_msa_api_server_used_adv to 2026-04-14 00:00:00+00:00, run_after=2026-04-15 00:00:00+00:00
[2026-04-14T13:28:35.191+0900] {processor.py:208} INFO - Processing /opt/airflow/dags/07_msa_api_server_used_adv.py took 0.124 seconds
[2026-04-14T13:29:05.413+0900] {processor.py:186} INFO - Started process (PID=47112) to work on /opt/airflow/dags/07_msa_api_server_used_adv.py
[2026-04-14T13:29:05.414+0900] {processor.py:914} INFO - Processing file /opt/airflow/dags/07_msa_api_server_used_adv.py for tasks to queue
[2026-04-14T13:29:05.417+0900] {logging_mixin.py:190} INFO - [2026-04-14T13:29:05.416+0900] {dagbag.py:587} INFO - Filling up the DagBag from /opt/airflow/dags/07_msa_api_server_used_adv.py
[2026-04-14T13:29:05.452+0900] {processor.py:925} INFO - DAG(s) '07_msa_api_server_used_adv' retrieved from /opt/airflow/dags/07_msa_api_server_used_adv.py
[2026-04-14T13:29:05.473+0900] {logging_mixin.py:190} INFO - [2026-04-14T13:29:05.473+0900] {dag.py:3211} INFO - Sync 1 DAGs
[2026-04-14T13:29:05.491+0900] {logging_mixin.py:190} INFO - [2026-04-14T13:29:05.491+0900] {dag.py:4138} INFO - Setting next_dagrun for 07_msa_api_server_used_adv to 2026-04-14 00:00:00+00:00, run_after=2026-04-15 00:00:00+00:00
[2026-04-14T13:29:05.545+0900] {processor.py:208} INFO - Processing /opt/airflow/dags/07_msa_api_server_used_adv.py took 0.139 seconds
[2026-04-14T13:29:35.646+0900] {processor.py:186} INFO - Started process (PID=47131) to work on /opt/airflow/dags/07_msa_api_server_used_adv.py
[2026-04-14T13:29:35.648+0900] {processor.py:914} INFO - Processing file /opt/airflow/dags/07_msa_api_server_used_adv.py for tasks to queue
[2026-04-14T13:29:35.650+0900] {logging_mixin.py:190} INFO - [2026-04-14T13:29:35.650+0900] {dagbag.py:587} INFO - Filling up the DagBag from /opt/airflow/dags/07_msa_api_server_used_adv.py
[2026-04-14T13:29:35.672+0900] {processor.py:925} INFO - DAG(s) '07_msa_api_server_used_adv' retrieved from /opt/airflow/dags/07_msa_api_server_used_adv.py
[2026-04-14T13:29:35.694+0900] {logging_mixin.py:190} INFO - [2026-04-14T13:29:35.694+0900] {dag.py:3211} INFO - Sync 1 DAGs
[2026-04-14T13:29:35.820+0900] {logging_mixin.py:190} INFO - [2026-04-14T13:29:35.820+0900] {dag.py:4138} INFO - Setting next_dagrun for 07_msa_api_server_used_adv to 2026-04-14 00:00:00+00:00, run_after=2026-04-15 00:00:00+00:00
[2026-04-14T13:29:35.836+0900] {processor.py:208} INFO - Processing /opt/airflow/dags/07_msa_api_server_used_adv.py took 0.194 seconds
[2026-04-14T13:30:05.993+0900] {processor.py:186} INFO - Started process (PID=47150) to work on /opt/airflow/dags/07_msa_api_server_used_adv.py
[2026-04-14T13:30:05.994+0900] {processor.py:914} INFO - Processing file /opt/airflow/dags/07_msa_api_server_used_adv.py for tasks to queue
[2026-04-14T13:30:05.997+0900] {logging_mixin.py:190} INFO - [2026-04-14T13:30:05.997+0900] {dagbag.py:587} INFO - Filling up the DagBag from /opt/airflow/dags/07_msa_api_server_used_adv.py
[2026-04-14T13:30:06.035+0900] {processor.py:925} INFO - DAG(s) '07_msa_api_server_used_adv' retrieved from /opt/airflow/dags/07_msa_api_server_used_adv.py
[2026-04-14T13:30:06.060+0900] {logging_mixin.py:190} INFO - [2026-04-14T13:30:06.059+0900] {dag.py:3211} INFO - Sync 1 DAGs
[2026-04-14T13:30:06.079+0900] {logging_mixin.py:190} INFO - [2026-04-14T13:30:06.079+0900] {dag.py:4138} INFO - Setting next_dagrun for 07_msa_api_server_used_adv to 2026-04-14 00:00:00+00:00, run_after=2026-04-15 00:00:00+00:00
[2026-04-14T13:30:06.098+0900] {processor.py:208} INFO - Processing /opt/airflow/dags/07_msa_api_server_used_adv.py took 0.111 seconds
[2026-04-14T13:30:36.284+0900] {processor.py:186} INFO - Started process (PID=47169) to work on /opt/airflow/dags/07_msa_api_server_used_adv.py
[2026-04-14T13:30:36.285+0900] {processor.py:914} INFO - Processing file /opt/airflow/dags/07_msa_api_server_used_adv.py for tasks to queue
[2026-04-14T13:30:36.288+0900] {logging_mixin.py:190} INFO - [2026-04-14T13:30:36.287+0900] {dagbag.py:587} INFO - Filling up the DagBag from /opt/airflow/dags/07_msa_api_server_used_adv.py
[2026-04-14T13:30:36.312+0900] {processor.py:925} INFO - DAG(s) '07_msa_api_server_used_adv' retrieved from /opt/airflow/dags/07_msa_api_server_used_adv.py
[2026-04-14T13:30:36.336+0900] {logging_mixin.py:190} INFO - [2026-04-14T13:30:36.336+0900] {dag.py:3211} INFO - Sync 1 DAGs
[2026-04-14T13:30:36.354+0900] {logging_mixin.py:190} INFO - [2026-04-14T13:30:36.354+0900] {dag.py:4138} INFO - Setting next_dagrun for 07_msa_api_server_used_adv to 2026-04-14 00:00:00+00:00, run_after=2026-04-15 00:00:00+00:00
[2026-04-14T13:30:36.400+0900] {processor.py:208} INFO - Processing /opt/airflow/dags/07_msa_api_server_used_adv.py took 0.122 seconds
[2026-04-14T13:31:06.538+0900] {processor.py:186} INFO - Started process (PID=47188) to work on /opt/airflow/dags/07_msa_api_server_used_adv.py
[2026-04-14T13:31:06.539+0900] {processor.py:914} INFO - Processing file /opt/airflow/dags/07_msa_api_server_used_adv.py for tasks to queue
[2026-04-14T13:31:06.541+0900] {logging_mixin.py:190} INFO - [2026-04-14T13:31:06.541+0900] {dagbag.py:587} INFO - Filling up the DagBag from /opt/airflow/dags/07_msa_api_server_used_adv.py
[2026-04-14T13:31:06.579+0900] {processor.py:925} INFO - DAG(s) '07_msa_api_server_used_adv' retrieved from /opt/airflow/dags/07_msa_api_server_used_adv.py
[2026-04-14T13:31:06.609+0900] {logging_mixin.py:190} INFO - [2026-04-14T13:31:06.609+0900] {dag.py:3211} INFO - Sync 1 DAGs
[2026-04-14T13:31:06.627+0900] {logging_mixin.py:190} INFO - [2026-04-14T13:31:06.627+0900] {dag.py:4138} INFO - Setting next_dagrun for 07_msa_api_server_used_adv to 2026-04-14 00:00:00+00:00, run_after=2026-04-15 00:00:00+00:00
[2026-04-14T13:31:06.644+0900] {processor.py:208} INFO - Processing /opt/airflow/dags/07_msa_api_server_used_adv.py took 0.111 seconds
[2026-04-14T13:31:37.081+0900] {processor.py:186} INFO - Started process (PID=47207) to work on /opt/airflow/dags/07_msa_api_server_used_adv.py
[2026-04-14T13:31:37.083+0900] {processor.py:914} INFO - Processing file /opt/airflow/dags/07_msa_api_server_used_adv.py for tasks to queue
[2026-04-14T13:31:37.085+0900] {logging_mixin.py:190} INFO - [2026-04-14T13:31:37.085+0900] {dagbag.py:587} INFO - Filling up the DagBag from /opt/airflow/dags/07_msa_api_server_used_adv.py
[2026-04-14T13:31:37.111+0900] {processor.py:925} INFO - DAG(s) '07_msa_api_server_used_adv' retrieved from /opt/airflow/dags/07_msa_api_server_used_adv.py
[2026-04-14T13:31:37.134+0900] {logging_mixin.py:190} INFO - [2026-04-14T13:31:37.134+0900] {dag.py:3211} INFO - Sync 1 DAGs
[2026-04-14T13:31:37.270+0900] {logging_mixin.py:190} INFO - [2026-04-14T13:31:37.269+0900] {dag.py:4138} INFO - Setting next_dagrun for 07_msa_api_server_used_adv to 2026-04-14 00:00:00+00:00, run_after=2026-04-15 00:00:00+00:00
[2026-04-14T13:31:37.288+0900] {processor.py:208} INFO - Processing /opt/airflow/dags/07_msa_api_server_used_adv.py took 0.215 seconds
[2026-04-14T13:32:07.497+0900] {processor.py:186} INFO - Started process (PID=47226) to work on /opt/airflow/dags/07_msa_api_server_used_adv.py
[2026-04-14T13:32:07.498+0900] {processor.py:914} INFO - Processing file /opt/airflow/dags/07_msa_api_server_used_adv.py for tasks to queue
[2026-04-14T13:32:07.501+0900] {logging_mixin.py:190} INFO - [2026-04-14T13:32:07.501+0900] {dagbag.py:587} INFO - Filling up the DagBag from /opt/airflow/dags/07_msa_api_server_used_adv.py
[2026-04-14T13:32:07.527+0900] {processor.py:925} INFO - DAG(s) '07_msa_api_server_used_adv' retrieved from /opt/airflow/dags/07_msa_api_server_used_adv.py
[2026-04-14T13:32:07.549+0900] {logging_mixin.py:190} INFO - [2026-04-14T13:32:07.549+0900] {dag.py:3211} INFO - Sync 1 DAGs
[2026-04-14T13:32:07.567+0900] {logging_mixin.py:190} INFO - [2026-04-14T13:32:07.567+0900] {dag.py:4138} INFO - Setting next_dagrun for 07_msa_api_server_used_adv to 2026-04-14 00:00:00+00:00, run_after=2026-04-15 00:00:00+00:00
[2026-04-14T13:32:07.597+0900] {processor.py:208} INFO - Processing /opt/airflow/dags/07_msa_api_server_used_adv.py took 0.105 seconds
[2026-04-14T13:32:38.410+0900] {processor.py:186} INFO - Started process (PID=47245) to work on /opt/airflow/dags/07_msa_api_server_used_adv.py
[2026-04-14T13:32:38.411+0900] {processor.py:914} INFO - Processing file /opt/airflow/dags/07_msa_api_server_used_adv.py for tasks to queue
[2026-04-14T13:32:38.414+0900] {logging_mixin.py:190} INFO - [2026-04-14T13:32:38.413+0900] {dagbag.py:587} INFO - Filling up the DagBag from /opt/airflow/dags/07_msa_api_server_used_adv.py
[2026-04-14T13:32:38.433+0900] {processor.py:925} INFO - DAG(s) '07_msa_api_server_used_adv' retrieved from /opt/airflow/dags/07_msa_api_server_used_adv.py
[2026-04-14T13:32:38.454+0900] {logging_mixin.py:190} INFO - [2026-04-14T13:32:38.454+0900] {dag.py:3211} INFO - Sync 1 DAGs
[2026-04-14T13:32:38.472+0900] {logging_mixin.py:190} INFO - [2026-04-14T13:32:38.472+0900] {dag.py:4138} INFO - Setting next_dagrun for 07_msa_api_server_used_adv to 2026-04-14 00:00:00+00:00, run_after=2026-04-15 00:00:00+00:00
[2026-04-14T13:32:38.518+0900] {processor.py:208} INFO - Processing /opt/airflow/dags/07_msa_api_server_used_adv.py took 0.113 seconds
[2026-04-14T13:33:09.085+0900] {processor.py:186} INFO - Started process (PID=47264) to work on /opt/airflow/dags/07_msa_api_server_used_adv.py
[2026-04-14T13:33:09.087+0900] {processor.py:914} INFO - Processing file /opt/airflow/dags/07_msa_api_server_used_adv.py for tasks to queue
[2026-04-14T13:33:09.089+0900] {logging_mixin.py:190} INFO - [2026-04-14T13:33:09.089+0900] {dagbag.py:587} INFO - Filling up the DagBag from /opt/airflow/dags/07_msa_api_server_used_adv.py
[2026-04-14T13:33:09.132+0900] {processor.py:925} INFO - DAG(s) '07_msa_api_server_used_adv' retrieved from /opt/airflow/dags/07_msa_api_server_used_adv.py
[2026-04-14T13:33:09.154+0900] {logging_mixin.py:190} INFO - [2026-04-14T13:33:09.154+0900] {dag.py:3211} INFO - Sync 1 DAGs
[2026-04-14T13:33:09.172+0900] {logging_mixin.py:190} INFO - [2026-04-14T13:33:09.172+0900] {dag.py:4138} INFO - Setting next_dagrun for 07_msa_api_server_used_adv to 2026-04-14 00:00:00+00:00, run_after=2026-04-15 00:00:00+00:00
[2026-04-14T13:33:09.297+0900] {processor.py:208} INFO - Processing /opt/airflow/dags/07_msa_api_server_used_adv.py took 0.217 seconds
[2026-04-14T13:33:39.542+0900] {processor.py:186} INFO - Started process (PID=47283) to work on /opt/airflow/dags/07_msa_api_server_used_adv.py
[2026-04-14T13:33:39.543+0900] {processor.py:914} INFO - Processing file /opt/airflow/dags/07_msa_api_server_used_adv.py for tasks to queue
[2026-04-14T13:33:39.545+0900] {logging_mixin.py:190} INFO - [2026-04-14T13:33:39.545+0900] {dagbag.py:587} INFO - Filling up the DagBag from /opt/airflow/dags/07_msa_api_server_used_adv.py
[2026-04-14T13:33:39.576+0900] {processor.py:925} INFO - DAG(s) '07_msa_api_server_used_adv' retrieved from /opt/airflow/dags/07_msa_api_server_used_adv.py
[2026-04-14T13:33:39.597+0900] {logging_mixin.py:190} INFO - [2026-04-14T13:33:39.597+0900] {dag.py:3211} INFO - Sync 1 DAGs
[2026-04-14T13:33:39.726+0900] {logging_mixin.py:190} INFO - [2026-04-14T13:33:39.726+0900] {dag.py:4138} INFO - Setting next_dagrun for 07_msa_api_server_used_adv to 2026-04-14 00:00:00+00:00, run_after=2026-04-15 00:00:00+00:00
[2026-04-14T13:33:39.742+0900] {processor.py:208} INFO - Processing /opt/airflow/dags/07_msa_api_server_used_adv.py took 0.206 seconds
[2026-04-14T13:34:10.057+0900] {processor.py:186} INFO - Started process (PID=47302) to work on /opt/airflow/dags/07_msa_api_server_used_adv.py
[2026-04-14T13:34:10.058+0900] {processor.py:914} INFO - Processing file /opt/airflow/dags/07_msa_api_server_used_adv.py for tasks to queue
[2026-04-14T13:34:10.061+0900] {logging_mixin.py:190} INFO - [2026-04-14T13:34:10.061+0900] {dagbag.py:587} INFO - Filling up the DagBag from /opt/airflow/dags/07_msa_api_server_used_adv.py
[2026-04-14T13:34:10.101+0900] {processor.py:925} INFO - DAG(s) '07_msa_api_server_used_adv' retrieved from /opt/airflow/dags/07_msa_api_server_used_adv.py
[2026-04-14T13:34:10.223+0900] {logging_mixin.py:190} INFO - [2026-04-14T13:34:10.223+0900] {dag.py:3211} INFO - Sync 1 DAGs
[2026-04-14T13:34:10.238+0900] {logging_mixin.py:190} INFO - [2026-04-14T13:34:10.238+0900] {dag.py:4138} INFO - Setting next_dagrun for 07_msa_api_server_used_adv to 2026-04-14 00:00:00+00:00, run_after=2026-04-15 00:00:00+00:00
[2026-04-14T13:34:10.284+0900] {processor.py:208} INFO - Processing /opt/airflow/dags/07_msa_api_server_used_adv.py took 0.232 seconds
[2026-04-14T13:34:40.445+0900] {processor.py:186} INFO - Started process (PID=47321) to work on /opt/airflow/dags/07_msa_api_server_used_adv.py
[2026-04-14T13:34:40.446+0900] {processor.py:914} INFO - Processing file /opt/airflow/dags/07_msa_api_server_used_adv.py for tasks to queue
[2026-04-14T13:34:40.448+0900] {logging_mixin.py:190} INFO - [2026-04-14T13:34:40.448+0900] {dagbag.py:587} INFO - Filling up the DagBag from /opt/airflow/dags/07_msa_api_server_used_adv.py
[2026-04-14T13:34:40.497+0900] {processor.py:925} INFO - DAG(s) '07_msa_api_server_used_adv' retrieved from /opt/airflow/dags/07_msa_api_server_used_adv.py
[2026-04-14T13:34:40.516+0900] {logging_mixin.py:190} INFO - [2026-04-14T13:34:40.516+0900] {dag.py:3211} INFO - Sync 1 DAGs
[2026-04-14T13:34:40.534+0900] {logging_mixin.py:190} INFO - [2026-04-14T13:34:40.534+0900] {dag.py:4138} INFO - Setting next_dagrun for 07_msa_api_server_used_adv to 2026-04-14 00:00:00+00:00, run_after=2026-04-15 00:00:00+00:00
[2026-04-14T13:34:40.573+0900] {processor.py:208} INFO - Processing /opt/airflow/dags/07_msa_api_server_used_adv.py took 0.134 seconds
[2026-04-14T13:35:10.971+0900] {processor.py:186} INFO - Started process (PID=47340) to work on /opt/airflow/dags/07_msa_api_server_used_adv.py
[2026-04-14T13:35:10.973+0900] {processor.py:914} INFO - Processing file /opt/airflow/dags/07_msa_api_server_used_adv.py for tasks to queue
[2026-04-14T13:35:10.976+0900] {logging_mixin.py:190} INFO - [2026-04-14T13:35:10.976+0900] {dagbag.py:587} INFO - Filling up the DagBag from /opt/airflow/dags/07_msa_api_server_used_adv.py
[2026-04-14T13:35:11.003+0900] {processor.py:925} INFO - DAG(s) '07_msa_api_server_used_adv' retrieved from /opt/airflow/dags/07_msa_api_server_used_adv.py
[2026-04-14T13:35:11.031+0900] {logging_mixin.py:190} INFO - [2026-04-14T13:35:11.031+0900] {dag.py:3211} INFO - Sync 1 DAGs
[2026-04-14T13:35:11.058+0900] {logging_mixin.py:190} INFO - [2026-04-14T13:35:11.058+0900] {dag.py:4138} INFO - Setting next_dagrun for 07_msa_api_server_used_adv to 2026-04-14 00:00:00+00:00, run_after=2026-04-15 00:00:00+00:00
[2026-04-14T13:35:11.229+0900] {processor.py:208} INFO - Processing /opt/airflow/dags/07_msa_api_server_used_adv.py took 0.264 seconds
[2026-04-14T13:35:41.814+0900] {processor.py:186} INFO - Started process (PID=47359) to work on /opt/airflow/dags/07_msa_api_server_used_adv.py
[2026-04-14T13:35:41.815+0900] {processor.py:914} INFO - Processing file /opt/airflow/dags/07_msa_api_server_used_adv.py for tasks to queue
[2026-04-14T13:35:41.818+0900] {logging_mixin.py:190} INFO - [2026-04-14T13:35:41.818+0900] {dagbag.py:587} INFO - Filling up the DagBag from /opt/airflow/dags/07_msa_api_server_used_adv.py
[2026-04-14T13:35:41.846+0900] {processor.py:925} INFO - DAG(s) '07_msa_api_server_used_adv' retrieved from /opt/airflow/dags/07_msa_api_server_used_adv.py
[2026-04-14T13:35:41.870+0900] {logging_mixin.py:190} INFO - [2026-04-14T13:35:41.870+0900] {dag.py:3211} INFO - Sync 1 DAGs
[2026-04-14T13:35:41.999+0900] {logging_mixin.py:190} INFO - [2026-04-14T13:35:41.998+0900] {dag.py:4138} INFO - Setting next_dagrun for 07_msa_api_server_used_adv to 2026-04-14 00:00:00+00:00, run_after=2026-04-15 00:00:00+00:00
[2026-04-14T13:35:42.018+0900] {processor.py:208} INFO - Processing /opt/airflow/dags/07_msa_api_server_used_adv.py took 0.210 seconds
[2026-04-14T13:36:12.276+0900] {processor.py:186} INFO - Started process (PID=47378) to work on /opt/airflow/dags/07_msa_api_server_used_adv.py
[2026-04-14T13:36:12.277+0900] {processor.py:914} INFO - Processing file /opt/airflow/dags/07_msa_api_server_used_adv.py for tasks to queue
[2026-04-14T13:36:12.280+0900] {logging_mixin.py:190} INFO - [2026-04-14T13:36:12.279+0900] {dagbag.py:587} INFO - Filling up the DagBag from /opt/airflow/dags/07_msa_api_server_used_adv.py
[2026-04-14T13:36:12.304+0900] {processor.py:925} INFO - DAG(s) '07_msa_api_server_used_adv' retrieved from /opt/airflow/dags/07_msa_api_server_used_adv.py
[2026-04-14T13:36:12.426+0900] {logging_mixin.py:190} INFO - [2026-04-14T13:36:12.425+0900] {dag.py:3211} INFO - Sync 1 DAGs
[2026-04-14T13:36:12.441+0900] {logging_mixin.py:190} INFO - [2026-04-14T13:36:12.441+0900] {dag.py:4138} INFO - Setting next_dagrun for 07_msa_api_server_used_adv to 2026-04-14 00:00:00+00:00, run_after=2026-04-15 00:00:00+00:00
[2026-04-14T13:36:12.482+0900] {processor.py:208} INFO - Processing /opt/airflow/dags/07_msa_api_server_used_adv.py took 0.211 seconds
[2026-04-14T13:36:42.900+0900] {processor.py:186} INFO - Started process (PID=47397) to work on /opt/airflow/dags/07_msa_api_server_used_adv.py
[2026-04-14T13:36:42.901+0900] {processor.py:914} INFO - Processing file /opt/airflow/dags/07_msa_api_server_used_adv.py for tasks to queue
[2026-04-14T13:36:42.904+0900] {logging_mixin.py:190} INFO - [2026-04-14T13:36:42.903+0900] {dagbag.py:587} INFO - Filling up the DagBag from /opt/airflow/dags/07_msa_api_server_used_adv.py
[2026-04-14T13:36:42.939+0900] {processor.py:925} INFO - DAG(s) '07_msa_api_server_used_adv' retrieved from /opt/airflow/dags/07_msa_api_server_used_adv.py
[2026-04-14T13:36:42.968+0900] {logging_mixin.py:190} INFO - [2026-04-14T13:36:42.968+0900] {dag.py:3211} INFO - Sync 1 DAGs
[2026-04-14T13:36:42.995+0900] {logging_mixin.py:190} INFO - [2026-04-14T13:36:42.995+0900] {dag.py:4138} INFO - Setting next_dagrun for 07_msa_api_server_used_adv to 2026-04-14 00:00:00+00:00, run_after=2026-04-15 00:00:00+00:00
[2026-04-14T13:36:43.018+0900] {processor.py:208} INFO - Processing /opt/airflow/dags/07_msa_api_server_used_adv.py took 0.124 seconds
[2026-04-14T13:37:13.167+0900] {processor.py:186} INFO - Started process (PID=47416) to work on /opt/airflow/dags/07_msa_api_server_used_adv.py
[2026-04-14T13:37:13.169+0900] {processor.py:914} INFO - Processing file /opt/airflow/dags/07_msa_api_server_used_adv.py for tasks to queue
[2026-04-14T13:37:13.171+0900] {logging_mixin.py:190} INFO - [2026-04-14T13:37:13.171+0900] {dagbag.py:587} INFO - Filling up the DagBag from /opt/airflow/dags/07_msa_api_server_used_adv.py
[2026-04-14T13:37:13.208+0900] {processor.py:925} INFO - DAG(s) '07_msa_api_server_used_adv' retrieved from /opt/airflow/dags/07_msa_api_server_used_adv.py
[2026-04-14T13:37:13.229+0900] {logging_mixin.py:190} INFO - [2026-04-14T13:37:13.229+0900] {dag.py:3211} INFO - Sync 1 DAGs
[2026-04-14T13:37:13.356+0900] {logging_mixin.py:190} INFO - [2026-04-14T13:37:13.356+0900] {dag.py:4138} INFO - Setting next_dagrun for 07_msa_api_server_used_adv to 2026-04-14 00:00:00+00:00, run_after=2026-04-15 00:00:00+00:00
[2026-04-14T13:37:13.401+0900] {processor.py:208} INFO - Processing /opt/airflow/dags/07_msa_api_server_used_adv.py took 0.239 seconds
[2026-04-14T13:37:43.966+0900] {processor.py:186} INFO - Started process (PID=47435) to work on /opt/airflow/dags/07_msa_api_server_used_adv.py
[2026-04-14T13:37:43.967+0900] {processor.py:914} INFO - Processing file /opt/airflow/dags/07_msa_api_server_used_adv.py for tasks to queue
[2026-04-14T13:37:43.969+0900] {logging_mixin.py:190} INFO - [2026-04-14T13:37:43.969+0900] {dagbag.py:587} INFO - Filling up the DagBag from /opt/airflow/dags/07_msa_api_server_used_adv.py
[2026-04-14T13:37:43.994+0900] {processor.py:925} INFO - DAG(s) '07_msa_api_server_used_adv' retrieved from /opt/airflow/dags/07_msa_api_server_used_adv.py
[2026-04-14T13:37:44.129+0900] {logging_mixin.py:190} INFO - [2026-04-14T13:37:44.129+0900] {dag.py:3211} INFO - Sync 1 DAGs
[2026-04-14T13:37:44.147+0900] {logging_mixin.py:190} INFO - [2026-04-14T13:37:44.147+0900] {dag.py:4138} INFO - Setting next_dagrun for 07_msa_api_server_used_adv to 2026-04-14 00:00:00+00:00, run_after=2026-04-15 00:00:00+00:00
[2026-04-14T13:37:44.165+0900] {processor.py:208} INFO - Processing /opt/airflow/dags/07_msa_api_server_used_adv.py took 0.203 seconds
[2026-04-14T13:38:14.771+0900] {processor.py:186} INFO - Started process (PID=47460) to work on /opt/airflow/dags/07_msa_api_server_used_adv.py
[2026-04-14T13:38:14.772+0900] {processor.py:914} INFO - Processing file /opt/airflow/dags/07_msa_api_server_used_adv.py for tasks to queue
[2026-04-14T13:38:14.774+0900] {logging_mixin.py:190} INFO - [2026-04-14T13:38:14.774+0900] {dagbag.py:587} INFO - Filling up the DagBag from /opt/airflow/dags/07_msa_api_server_used_adv.py
[2026-04-14T13:38:14.800+0900] {processor.py:925} INFO - DAG(s) '07_msa_api_server_used_adv' retrieved from /opt/airflow/dags/07_msa_api_server_used_adv.py
[2026-04-14T13:38:14.820+0900] {logging_mixin.py:190} INFO - [2026-04-14T13:38:14.820+0900] {dag.py:3211} INFO - Sync 1 DAGs
[2026-04-14T13:38:14.839+0900] {logging_mixin.py:190} INFO - [2026-04-14T13:38:14.839+0900] {dag.py:4138} INFO - Setting next_dagrun for 07_msa_api_server_used_adv to 2026-04-14 00:00:00+00:00, run_after=2026-04-15 00:00:00+00:00
[2026-04-14T13:38:14.882+0900] {processor.py:208} INFO - Processing /opt/airflow/dags/07_msa_api_server_used_adv.py took 0.116 seconds
[2026-04-14T13:38:45.697+0900] {processor.py:186} INFO - Started process (PID=47479) to work on /opt/airflow/dags/07_msa_api_server_used_adv.py
[2026-04-14T13:38:45.699+0900] {processor.py:914} INFO - Processing file /opt/airflow/dags/07_msa_api_server_used_adv.py for tasks to queue
[2026-04-14T13:38:45.701+0900] {logging_mixin.py:190} INFO - [2026-04-14T13:38:45.700+0900] {dagbag.py:587} INFO - Filling up the DagBag from /opt/airflow/dags/07_msa_api_server_used_adv.py
[2026-04-14T13:38:45.727+0900] {processor.py:925} INFO - DAG(s) '07_msa_api_server_used_adv' retrieved from /opt/airflow/dags/07_msa_api_server_used_adv.py
[2026-04-14T13:38:45.748+0900] {logging_mixin.py:190} INFO - [2026-04-14T13:38:45.747+0900] {dag.py:3211} INFO - Sync 1 DAGs
[2026-04-14T13:38:45.765+0900] {logging_mixin.py:190} INFO - [2026-04-14T13:38:45.764+0900] {dag.py:4138} INFO - Setting next_dagrun for 07_msa_api_server_used_adv to 2026-04-14 00:00:00+00:00, run_after=2026-04-15 00:00:00+00:00
[2026-04-14T13:38:45.809+0900] {processor.py:208} INFO - Processing /opt/airflow/dags/07_msa_api_server_used_adv.py took 0.116 seconds
[2026-04-14T13:39:16.672+0900] {processor.py:186} INFO - Started process (PID=47498) to work on /opt/airflow/dags/07_msa_api_server_used_adv.py
[2026-04-14T13:39:16.674+0900] {processor.py:914} INFO - Processing file /opt/airflow/dags/07_msa_api_server_used_adv.py for tasks to queue
[2026-04-14T13:39:16.678+0900] {logging_mixin.py:190} INFO - [2026-04-14T13:39:16.678+0900] {dagbag.py:587} INFO - Filling up the DagBag from /opt/airflow/dags/07_msa_api_server_used_adv.py
[2026-04-14T13:39:16.739+0900] {processor.py:925} INFO - DAG(s) '07_msa_api_server_used_adv' retrieved from /opt/airflow/dags/07_msa_api_server_used_adv.py
[2026-04-14T13:39:16.780+0900] {logging_mixin.py:190} INFO - [2026-04-14T13:39:16.779+0900] {dag.py:3211} INFO - Sync 1 DAGs
[2026-04-14T13:39:16.813+0900] {logging_mixin.py:190} INFO - [2026-04-14T13:39:16.812+0900] {dag.py:4138} INFO - Setting next_dagrun for 07_msa_api_server_used_adv to 2026-04-14 00:00:00+00:00, run_after=2026-04-15 00:00:00+00:00
[2026-04-14T13:39:16.842+0900] {processor.py:208} INFO - Processing /opt/airflow/dags/07_msa_api_server_used_adv.py took 0.179 seconds
[2026-04-14T13:39:47.023+0900] {processor.py:186} INFO - Started process (PID=47517) to work on /opt/airflow/dags/07_msa_api_server_used_adv.py
[2026-04-14T13:39:47.024+0900] {processor.py:914} INFO - Processing file /opt/airflow/dags/07_msa_api_server_used_adv.py for tasks to queue
[2026-04-14T13:39:47.026+0900] {logging_mixin.py:190} INFO - [2026-04-14T13:39:47.026+0900] {dagbag.py:587} INFO - Filling up the DagBag from /opt/airflow/dags/07_msa_api_server_used_adv.py
[2026-04-14T13:39:47.042+0900] {processor.py:925} INFO - DAG(s) '07_msa_api_server_used_adv' retrieved from /opt/airflow/dags/07_msa_api_server_used_adv.py
[2026-04-14T13:39:47.062+0900] {logging_mixin.py:190} INFO - [2026-04-14T13:39:47.062+0900] {dag.py:3211} INFO - Sync 1 DAGs
[2026-04-14T13:39:47.079+0900] {logging_mixin.py:190} INFO - [2026-04-14T13:39:47.079+0900] {dag.py:4138} INFO - Setting next_dagrun for 07_msa_api_server_used_adv to 2026-04-14 00:00:00+00:00, run_after=2026-04-15 00:00:00+00:00
[2026-04-14T13:39:47.099+0900] {processor.py:208} INFO - Processing /opt/airflow/dags/07_msa_api_server_used_adv.py took 0.081 seconds
[2026-04-14T13:40:17.186+0900] {processor.py:186} INFO - Started process (PID=47536) to work on /opt/airflow/dags/07_msa_api_server_used_adv.py
[2026-04-14T13:40:17.188+0900] {processor.py:914} INFO - Processing file /opt/airflow/dags/07_msa_api_server_used_adv.py for tasks to queue
[2026-04-14T13:40:17.190+0900] {logging_mixin.py:190} INFO - [2026-04-14T13:40:17.190+0900] {dagbag.py:587} INFO - Filling up the DagBag from /opt/airflow/dags/07_msa_api_server_used_adv.py
[2026-04-14T13:40:17.211+0900] {processor.py:925} INFO - DAG(s) '07_msa_api_server_used_adv' retrieved from /opt/airflow/dags/07_msa_api_server_used_adv.py
[2026-04-14T13:40:17.231+0900] {logging_mixin.py:190} INFO - [2026-04-14T13:40:17.231+0900] {dag.py:3211} INFO - Sync 1 DAGs
[2026-04-14T13:40:17.248+0900] {logging_mixin.py:190} INFO - [2026-04-14T13:40:17.248+0900] {dag.py:4138} INFO - Setting next_dagrun for 07_msa_api_server_used_adv to 2026-04-14 00:00:00+00:00, run_after=2026-04-15 00:00:00+00:00
[2026-04-14T13:40:17.261+0900] {processor.py:208} INFO - Processing /opt/airflow/dags/07_msa_api_server_used_adv.py took 0.080 seconds
[2026-04-14T13:40:47.544+0900] {processor.py:186} INFO - Started process (PID=47555) to work on /opt/airflow/dags/07_msa_api_server_used_adv.py
[2026-04-14T13:40:47.545+0900] {processor.py:914} INFO - Processing file /opt/airflow/dags/07_msa_api_server_used_adv.py for tasks to queue
[2026-04-14T13:40:47.548+0900] {logging_mixin.py:190} INFO - [2026-04-14T13:40:47.547+0900] {dagbag.py:587} INFO - Filling up the DagBag from /opt/airflow/dags/07_msa_api_server_used_adv.py
[2026-04-14T13:40:47.568+0900] {processor.py:925} INFO - DAG(s) '07_msa_api_server_used_adv' retrieved from /opt/airflow/dags/07_msa_api_server_used_adv.py
[2026-04-14T13:40:47.589+0900] {logging_mixin.py:190} INFO - [2026-04-14T13:40:47.589+0900] {dag.py:3211} INFO - Sync 1 DAGs
[2026-04-14T13:40:47.609+0900] {logging_mixin.py:190} INFO - [2026-04-14T13:40:47.609+0900] {dag.py:4138} INFO - Setting next_dagrun for 07_msa_api_server_used_adv to 2026-04-14 00:00:00+00:00, run_after=2026-04-15 00:00:00+00:00
[2026-04-14T13:40:47.623+0900] {processor.py:208} INFO - Processing /opt/airflow/dags/07_msa_api_server_used_adv.py took 0.084 seconds
[2026-04-14T13:41:17.945+0900] {processor.py:186} INFO - Started process (PID=47574) to work on /opt/airflow/dags/07_msa_api_server_used_adv.py
[2026-04-14T13:41:17.946+0900] {processor.py:914} INFO - Processing file /opt/airflow/dags/07_msa_api_server_used_adv.py for tasks to queue
[2026-04-14T13:41:17.948+0900] {logging_mixin.py:190} INFO - [2026-04-14T13:41:17.948+0900] {dagbag.py:587} INFO - Filling up the DagBag from /opt/airflow/dags/07_msa_api_server_used_adv.py
[2026-04-14T13:41:17.969+0900] {processor.py:925} INFO - DAG(s) '07_msa_api_server_used_adv' retrieved from /opt/airflow/dags/07_msa_api_server_used_adv.py
[2026-04-14T13:41:17.990+0900] {logging_mixin.py:190} INFO - [2026-04-14T13:41:17.989+0900] {dag.py:3211} INFO - Sync 1 DAGs
[2026-04-14T13:41:18.007+0900] {logging_mixin.py:190} INFO - [2026-04-14T13:41:18.007+0900] {dag.py:4138} INFO - Setting next_dagrun for 07_msa_api_server_used_adv to 2026-04-14 00:00:00+00:00, run_after=2026-04-15 00:00:00+00:00
[2026-04-14T13:41:18.022+0900] {processor.py:208} INFO - Processing /opt/airflow/dags/07_msa_api_server_used_adv.py took 0.082 seconds
[2026-04-14T13:41:48.287+0900] {processor.py:186} INFO - Started process (PID=47593) to work on /opt/airflow/dags/07_msa_api_server_used_adv.py
[2026-04-14T13:41:48.288+0900] {processor.py:914} INFO - Processing file /opt/airflow/dags/07_msa_api_server_used_adv.py for tasks to queue
[2026-04-14T13:41:48.290+0900] {logging_mixin.py:190} INFO - [2026-04-14T13:41:48.290+0900] {dagbag.py:587} INFO - Filling up the DagBag from /opt/airflow/dags/07_msa_api_server_used_adv.py
[2026-04-14T13:41:48.305+0900] {processor.py:925} INFO - DAG(s) '07_msa_api_server_used_adv' retrieved from /opt/airflow/dags/07_msa_api_server_used_adv.py
[2026-04-14T13:41:48.325+0900] {logging_mixin.py:190} INFO - [2026-04-14T13:41:48.325+0900] {dag.py:3211} INFO - Sync 1 DAGs
[2026-04-14T13:41:48.345+0900] {logging_mixin.py:190} INFO - [2026-04-14T13:41:48.345+0900] {dag.py:4138} INFO - Setting next_dagrun for 07_msa_api_server_used_adv to 2026-04-14 00:00:00+00:00, run_after=2026-04-15 00:00:00+00:00
[2026-04-14T13:41:48.366+0900] {processor.py:208} INFO - Processing /opt/airflow/dags/07_msa_api_server_used_adv.py took 0.085 seconds
[2026-04-14T13:42:18.616+0900] {processor.py:186} INFO - Started process (PID=47612) to work on /opt/airflow/dags/07_msa_api_server_used_adv.py
[2026-04-14T13:42:18.617+0900] {processor.py:914} INFO - Processing file /opt/airflow/dags/07_msa_api_server_used_adv.py for tasks to queue
[2026-04-14T13:42:18.620+0900] {logging_mixin.py:190} INFO - [2026-04-14T13:42:18.619+0900] {dagbag.py:587} INFO - Filling up the DagBag from /opt/airflow/dags/07_msa_api_server_used_adv.py
[2026-04-14T13:42:18.643+0900] {processor.py:925} INFO - DAG(s) '07_msa_api_server_used_adv' retrieved from /opt/airflow/dags/07_msa_api_server_used_adv.py
[2026-04-14T13:42:18.666+0900] {logging_mixin.py:190} INFO - [2026-04-14T13:42:18.666+0900] {dag.py:3211} INFO - Sync 1 DAGs
[2026-04-14T13:42:18.688+0900] {logging_mixin.py:190} INFO - [2026-04-14T13:42:18.687+0900] {dag.py:4138} INFO - Setting next_dagrun for 07_msa_api_server_used_adv to 2026-04-14 00:00:00+00:00, run_after=2026-04-15 00:00:00+00:00
[2026-04-14T13:42:18.705+0900] {processor.py:208} INFO - Processing /opt/airflow/dags/07_msa_api_server_used_adv.py took 0.094 seconds
[2026-04-14T13:42:49.205+0900] {processor.py:186} INFO - Started process (PID=47631) to work on /opt/airflow/dags/07_msa_api_server_used_adv.py
[2026-04-14T13:42:49.206+0900] {processor.py:914} INFO - Processing file /opt/airflow/dags/07_msa_api_server_used_adv.py for tasks to queue
[2026-04-14T13:42:49.208+0900] {logging_mixin.py:190} INFO - [2026-04-14T13:42:49.208+0900] {dagbag.py:587} INFO - Filling up the DagBag from /opt/airflow/dags/07_msa_api_server_used_adv.py
[2026-04-14T13:42:49.228+0900] {processor.py:925} INFO - DAG(s) '07_msa_api_server_used_adv' retrieved from /opt/airflow/dags/07_msa_api_server_used_adv.py
[2026-04-14T13:42:49.249+0900] {logging_mixin.py:190} INFO - [2026-04-14T13:42:49.249+0900] {dag.py:3211} INFO - Sync 1 DAGs
[2026-04-14T13:42:49.268+0900] {logging_mixin.py:190} INFO - [2026-04-14T13:42:49.268+0900] {dag.py:4138} INFO - Setting next_dagrun for 07_msa_api_server_used_adv to 2026-04-14 00:00:00+00:00, run_after=2026-04-15 00:00:00+00:00
[2026-04-14T13:42:49.283+0900] {processor.py:208} INFO - Processing /opt/airflow/dags/07_msa_api_server_used_adv.py took 0.082 seconds
[2026-04-14T13:43:19.798+0900] {processor.py:186} INFO - Started process (PID=47650) to work on /opt/airflow/dags/07_msa_api_server_used_adv.py
[2026-04-14T13:43:19.799+0900] {processor.py:914} INFO - Processing file /opt/airflow/dags/07_msa_api_server_used_adv.py for tasks to queue
[2026-04-14T13:43:19.801+0900] {logging_mixin.py:190} INFO - [2026-04-14T13:43:19.800+0900] {dagbag.py:587} INFO - Filling up the DagBag from /opt/airflow/dags/07_msa_api_server_used_adv.py
[2026-04-14T13:43:19.818+0900] {processor.py:925} INFO - DAG(s) '07_msa_api_server_used_adv' retrieved from /opt/airflow/dags/07_msa_api_server_used_adv.py
[2026-04-14T13:43:19.840+0900] {logging_mixin.py:190} INFO - [2026-04-14T13:43:19.840+0900] {dag.py:3211} INFO - Sync 1 DAGs
[2026-04-14T13:43:19.858+0900] {logging_mixin.py:190} INFO - [2026-04-14T13:43:19.858+0900] {dag.py:4138} INFO - Setting next_dagrun for 07_msa_api_server_used_adv to 2026-04-14 00:00:00+00:00, run_after=2026-04-15 00:00:00+00:00
[2026-04-14T13:43:19.878+0900] {processor.py:208} INFO - Processing /opt/airflow/dags/07_msa_api_server_used_adv.py took 0.085 seconds
[2026-04-14T13:43:50.200+0900] {processor.py:186} INFO - Started process (PID=47669) to work on /opt/airflow/dags/07_msa_api_server_used_adv.py
[2026-04-14T13:43:50.201+0900] {processor.py:914} INFO - Processing file /opt/airflow/dags/07_msa_api_server_used_adv.py for tasks to queue
[2026-04-14T13:43:50.203+0900] {logging_mixin.py:190} INFO - [2026-04-14T13:43:50.203+0900] {dagbag.py:587} INFO - Filling up the DagBag from /opt/airflow/dags/07_msa_api_server_used_adv.py
[2026-04-14T13:43:50.220+0900] {processor.py:925} INFO - DAG(s) '07_msa_api_server_used_adv' retrieved from /opt/airflow/dags/07_msa_api_server_used_adv.py
[2026-04-14T13:43:50.241+0900] {logging_mixin.py:190} INFO - [2026-04-14T13:43:50.240+0900] {dag.py:3211} INFO - Sync 1 DAGs
[2026-04-14T13:43:50.259+0900] {logging_mixin.py:190} INFO - [2026-04-14T13:43:50.258+0900] {dag.py:4138} INFO - Setting next_dagrun for 07_msa_api_server_used_adv to 2026-04-14 00:00:00+00:00, run_after=2026-04-15 00:00:00+00:00
[2026-04-14T13:43:50.279+0900] {processor.py:208} INFO - Processing /opt/airflow/dags/07_msa_api_server_used_adv.py took 0.083 seconds
[2026-04-14T13:44:20.420+0900] {processor.py:186} INFO - Started process (PID=47688) to work on /opt/airflow/dags/07_msa_api_server_used_adv.py
[2026-04-14T13:44:20.421+0900] {processor.py:914} INFO - Processing file /opt/airflow/dags/07_msa_api_server_used_adv.py for tasks to queue
[2026-04-14T13:44:20.423+0900] {logging_mixin.py:190} INFO - [2026-04-14T13:44:20.423+0900] {dagbag.py:587} INFO - Filling up the DagBag from /opt/airflow/dags/07_msa_api_server_used_adv.py
[2026-04-14T13:44:20.440+0900] {processor.py:925} INFO - DAG(s) '07_msa_api_server_used_adv' retrieved from /opt/airflow/dags/07_msa_api_server_used_adv.py
[2026-04-14T13:44:20.460+0900] {logging_mixin.py:190} INFO - [2026-04-14T13:44:20.460+0900] {dag.py:3211} INFO - Sync 1 DAGs
[2026-04-14T13:44:20.479+0900] {logging_mixin.py:190} INFO - [2026-04-14T13:44:20.479+0900] {dag.py:4138} INFO - Setting next_dagrun for 07_msa_api_server_used_adv to 2026-04-14 00:00:00+00:00, run_after=2026-04-15 00:00:00+00:00
[2026-04-14T13:44:20.496+0900] {processor.py:208} INFO - Processing /opt/airflow/dags/07_msa_api_server_used_adv.py took 0.080 seconds
[2026-04-14T13:44:51.013+0900] {processor.py:186} INFO - Started process (PID=47707) to work on /opt/airflow/dags/07_msa_api_server_used_adv.py
[2026-04-14T13:44:51.014+0900] {processor.py:914} INFO - Processing file /opt/airflow/dags/07_msa_api_server_used_adv.py for tasks to queue
[2026-04-14T13:44:51.016+0900] {logging_mixin.py:190} INFO - [2026-04-14T13:44:51.016+0900] {dagbag.py:587} INFO - Filling up the DagBag from /opt/airflow/dags/07_msa_api_server_used_adv.py
[2026-04-14T13:44:51.046+0900] {processor.py:925} INFO - DAG(s) '07_msa_api_server_used_adv' retrieved from /opt/airflow/dags/07_msa_api_server_used_adv.py
[2026-04-14T13:44:51.067+0900] {logging_mixin.py:190} INFO - [2026-04-14T13:44:51.067+0900] {dag.py:3211} INFO - Sync 1 DAGs
[2026-04-14T13:44:51.084+0900] {logging_mixin.py:190} INFO - [2026-04-14T13:44:51.083+0900] {dag.py:4138} INFO - Setting next_dagrun for 07_msa_api_server_used_adv to 2026-04-14 00:00:00+00:00, run_after=2026-04-15 00:00:00+00:00
[2026-04-14T13:44:51.102+0900] {processor.py:208} INFO - Processing /opt/airflow/dags/07_msa_api_server_used_adv.py took 0.095 seconds
[2026-04-14T13:45:21.506+0900] {processor.py:186} INFO - Started process (PID=47726) to work on /opt/airflow/dags/07_msa_api_server_used_adv.py
[2026-04-14T13:45:21.507+0900] {processor.py:914} INFO - Processing file /opt/airflow/dags/07_msa_api_server_used_adv.py for tasks to queue
[2026-04-14T13:45:21.510+0900] {logging_mixin.py:190} INFO - [2026-04-14T13:45:21.509+0900] {dagbag.py:587} INFO - Filling up the DagBag from /opt/airflow/dags/07_msa_api_server_used_adv.py
[2026-04-14T13:45:21.529+0900] {processor.py:925} INFO - DAG(s) '07_msa_api_server_used_adv' retrieved from /opt/airflow/dags/07_msa_api_server_used_adv.py
[2026-04-14T13:45:21.550+0900] {logging_mixin.py:190} INFO - [2026-04-14T13:45:21.550+0900] {dag.py:3211} INFO - Sync 1 DAGs
[2026-04-14T13:45:21.572+0900] {logging_mixin.py:190} INFO - [2026-04-14T13:45:21.571+0900] {dag.py:4138} INFO - Setting next_dagrun for 07_msa_api_server_used_adv to 2026-04-14 00:00:00+00:00, run_after=2026-04-15 00:00:00+00:00
[2026-04-14T13:45:21.588+0900] {processor.py:208} INFO - Processing /opt/airflow/dags/07_msa_api_server_used_adv.py took 0.087 seconds
[2026-04-14T13:45:51.785+0900] {processor.py:186} INFO - Started process (PID=47745) to work on /opt/airflow/dags/07_msa_api_server_used_adv.py
[2026-04-14T13:45:51.787+0900] {processor.py:914} INFO - Processing file /opt/airflow/dags/07_msa_api_server_used_adv.py for tasks to queue
[2026-04-14T13:45:51.791+0900] {logging_mixin.py:190} INFO - [2026-04-14T13:45:51.790+0900] {dagbag.py:587} INFO - Filling up the DagBag from /opt/airflow/dags/07_msa_api_server_used_adv.py
[2026-04-14T13:45:51.826+0900] {processor.py:925} INFO - DAG(s) '07_msa_api_server_used_adv' retrieved from /opt/airflow/dags/07_msa_api_server_used_adv.py
[2026-04-14T13:45:51.848+0900] {logging_mixin.py:190} INFO - [2026-04-14T13:45:51.848+0900] {dag.py:3211} INFO - Sync 1 DAGs
[2026-04-14T13:45:51.868+0900] {logging_mixin.py:190} INFO - [2026-04-14T13:45:51.868+0900] {dag.py:4138} INFO - Setting next_dagrun for 07_msa_api_server_used_adv to 2026-04-14 00:00:00+00:00, run_after=2026-04-15 00:00:00+00:00
[2026-04-14T13:45:51.886+0900] {processor.py:208} INFO - Processing /opt/airflow/dags/07_msa_api_server_used_adv.py took 0.107 seconds
[2026-04-14T13:46:22.317+0900] {processor.py:186} INFO - Started process (PID=47764) to work on /opt/airflow/dags/07_msa_api_server_used_adv.py
[2026-04-14T13:46:22.318+0900] {processor.py:914} INFO - Processing file /opt/airflow/dags/07_msa_api_server_used_adv.py for tasks to queue
[2026-04-14T13:46:22.320+0900] {logging_mixin.py:190} INFO - [2026-04-14T13:46:22.320+0900] {dagbag.py:587} INFO - Filling up the DagBag from /opt/airflow/dags/07_msa_api_server_used_adv.py
[2026-04-14T13:46:22.336+0900] {processor.py:925} INFO - DAG(s) '07_msa_api_server_used_adv' retrieved from /opt/airflow/dags/07_msa_api_server_used_adv.py
[2026-04-14T13:46:22.356+0900] {logging_mixin.py:190} INFO - [2026-04-14T13:46:22.356+0900] {dag.py:3211} INFO - Sync 1 DAGs
[2026-04-14T13:46:22.373+0900] {logging_mixin.py:190} INFO - [2026-04-14T13:46:22.373+0900] {dag.py:4138} INFO - Setting next_dagrun for 07_msa_api_server_used_adv to 2026-04-14 00:00:00+00:00, run_after=2026-04-15 00:00:00+00:00
[2026-04-14T13:46:22.392+0900] {processor.py:208} INFO - Processing /opt/airflow/dags/07_msa_api_server_used_adv.py took 0.080 seconds
[2026-04-14T13:46:52.737+0900] {processor.py:186} INFO - Started process (PID=47783) to work on /opt/airflow/dags/07_msa_api_server_used_adv.py
[2026-04-14T13:46:52.739+0900] {processor.py:914} INFO - Processing file /opt/airflow/dags/07_msa_api_server_used_adv.py for tasks to queue
[2026-04-14T13:46:52.741+0900] {logging_mixin.py:190} INFO - [2026-04-14T13:46:52.741+0900] {dagbag.py:587} INFO - Filling up the DagBag from /opt/airflow/dags/07_msa_api_server_used_adv.py
[2026-04-14T13:46:52.771+0900] {processor.py:925} INFO - DAG(s) '07_msa_api_server_used_adv' retrieved from /opt/airflow/dags/07_msa_api_server_used_adv.py
[2026-04-14T13:46:52.791+0900] {logging_mixin.py:190} INFO - [2026-04-14T13:46:52.790+0900] {dag.py:3211} INFO - Sync 1 DAGs
[2026-04-14T13:46:52.808+0900] {logging_mixin.py:190} INFO - [2026-04-14T13:46:52.808+0900] {dag.py:4138} INFO - Setting next_dagrun for 07_msa_api_server_used_adv to 2026-04-14 00:00:00+00:00, run_after=2026-04-15 00:00:00+00:00
[2026-04-14T13:46:52.822+0900] {processor.py:208} INFO - Processing /opt/airflow/dags/07_msa_api_server_used_adv.py took 0.090 seconds
[2026-04-14T13:47:52.938+0900] {processor.py:186} INFO - Started process (PID=77) to work on /opt/airflow/dags/07_msa_api_server_used_adv.py
[2026-04-14T13:47:52.940+0900] {processor.py:914} INFO - Processing file /opt/airflow/dags/07_msa_api_server_used_adv.py for tasks to queue
[2026-04-14T13:47:52.946+0900] {logging_mixin.py:190} INFO - [2026-04-14T13:47:52.945+0900] {dagbag.py:587} INFO - Filling up the DagBag from /opt/airflow/dags/07_msa_api_server_used_adv.py
[2026-04-14T13:47:52.990+0900] {processor.py:925} INFO - DAG(s) '07_msa_api_server_used_adv' retrieved from /opt/airflow/dags/07_msa_api_server_used_adv.py
[2026-04-14T13:47:53.045+0900] {logging_mixin.py:190} INFO - [2026-04-14T13:47:53.044+0900] {dag.py:3211} INFO - Sync 1 DAGs
[2026-04-14T13:47:53.081+0900] {logging_mixin.py:190} INFO - [2026-04-14T13:47:53.081+0900] {dag.py:4138} INFO - Setting next_dagrun for 07_msa_api_server_used_adv to 2026-04-14 00:00:00+00:00, run_after=2026-04-15 00:00:00+00:00
[2026-04-14T13:47:53.108+0900] {processor.py:208} INFO - Processing /opt/airflow/dags/07_msa_api_server_used_adv.py took 0.181 seconds
[2026-04-14T13:48:24.081+0900] {processor.py:186} INFO - Started process (PID=96) to work on /opt/airflow/dags/07_msa_api_server_used_adv.py
[2026-04-14T13:48:24.082+0900] {processor.py:914} INFO - Processing file /opt/airflow/dags/07_msa_api_server_used_adv.py for tasks to queue
[2026-04-14T13:48:24.084+0900] {logging_mixin.py:190} INFO - [2026-04-14T13:48:24.084+0900] {dagbag.py:587} INFO - Filling up the DagBag from /opt/airflow/dags/07_msa_api_server_used_adv.py
[2026-04-14T13:48:24.115+0900] {processor.py:925} INFO - DAG(s) '07_msa_api_server_used_adv' retrieved from /opt/airflow/dags/07_msa_api_server_used_adv.py
[2026-04-14T13:48:24.136+0900] {logging_mixin.py:190} INFO - [2026-04-14T13:48:24.136+0900] {dag.py:3211} INFO - Sync 1 DAGs
[2026-04-14T13:48:24.158+0900] {logging_mixin.py:190} INFO - [2026-04-14T13:48:24.158+0900] {dag.py:4138} INFO - Setting next_dagrun for 07_msa_api_server_used_adv to 2026-04-14 00:00:00+00:00, run_after=2026-04-15 00:00:00+00:00
[2026-04-14T13:48:24.179+0900] {processor.py:208} INFO - Processing /opt/airflow/dags/07_msa_api_server_used_adv.py took 0.104 seconds
[2026-04-14T13:48:54.794+0900] {processor.py:186} INFO - Started process (PID=115) to work on /opt/airflow/dags/07_msa_api_server_used_adv.py
[2026-04-14T13:48:54.796+0900] {processor.py:914} INFO - Processing file /opt/airflow/dags/07_msa_api_server_used_adv.py for tasks to queue
[2026-04-14T13:48:54.798+0900] {logging_mixin.py:190} INFO - [2026-04-14T13:48:54.798+0900] {dagbag.py:587} INFO - Filling up the DagBag from /opt/airflow/dags/07_msa_api_server_used_adv.py
[2026-04-14T13:48:54.835+0900] {processor.py:925} INFO - DAG(s) '07_msa_api_server_used_adv' retrieved from /opt/airflow/dags/07_msa_api_server_used_adv.py
[2026-04-14T13:48:54.861+0900] {logging_mixin.py:190} INFO - [2026-04-14T13:48:54.860+0900] {dag.py:3211} INFO - Sync 1 DAGs
[2026-04-14T13:48:54.879+0900] {logging_mixin.py:190} INFO - [2026-04-14T13:48:54.879+0900] {dag.py:4138} INFO - Setting next_dagrun for 07_msa_api_server_used_adv to 2026-04-13 00:00:00+00:00, run_after=2026-04-14 00:00:00+00:00
[2026-04-14T13:48:54.897+0900] {processor.py:208} INFO - Processing /opt/airflow/dags/07_msa_api_server_used_adv.py took 0.108 seconds
[2026-04-14T13:49:25.484+0900] {processor.py:186} INFO - Started process (PID=134) to work on /opt/airflow/dags/07_msa_api_server_used_adv.py
[2026-04-14T13:49:25.485+0900] {processor.py:914} INFO - Processing file /opt/airflow/dags/07_msa_api_server_used_adv.py for tasks to queue
[2026-04-14T13:49:25.488+0900] {logging_mixin.py:190} INFO - [2026-04-14T13:49:25.487+0900] {dagbag.py:587} INFO - Filling up the DagBag from /opt/airflow/dags/07_msa_api_server_used_adv.py
[2026-04-14T13:49:25.515+0900] {processor.py:925} INFO - DAG(s) '07_msa_api_server_used_adv' retrieved from /opt/airflow/dags/07_msa_api_server_used_adv.py
[2026-04-14T13:49:25.545+0900] {logging_mixin.py:190} INFO - [2026-04-14T13:49:25.545+0900] {dag.py:3211} INFO - Sync 1 DAGs
[2026-04-14T13:49:25.566+0900] {logging_mixin.py:190} INFO - [2026-04-14T13:49:25.566+0900] {dag.py:4138} INFO - Setting next_dagrun for 07_msa_api_server_used_adv to 2026-04-14 00:00:00+00:00, run_after=2026-04-15 00:00:00+00:00
[2026-04-14T13:49:25.589+0900] {processor.py:208} INFO - Processing /opt/airflow/dags/07_msa_api_server_used_adv.py took 0.111 seconds
[2026-04-14T13:49:56.265+0900] {processor.py:186} INFO - Started process (PID=159) to work on /opt/airflow/dags/07_msa_api_server_used_adv.py
[2026-04-14T13:49:56.266+0900] {processor.py:914} INFO - Processing file /opt/airflow/dags/07_msa_api_server_used_adv.py for tasks to queue
[2026-04-14T13:49:56.269+0900] {logging_mixin.py:190} INFO - [2026-04-14T13:49:56.269+0900] {dagbag.py:587} INFO - Filling up the DagBag from /opt/airflow/dags/07_msa_api_server_used_adv.py
[2026-04-14T13:49:56.288+0900] {processor.py:925} INFO - DAG(s) '07_msa_api_server_used_adv' retrieved from /opt/airflow/dags/07_msa_api_server_used_adv.py
[2026-04-14T13:49:56.312+0900] {logging_mixin.py:190} INFO - [2026-04-14T13:49:56.311+0900] {dag.py:3211} INFO - Sync 1 DAGs
[2026-04-14T13:49:56.471+0900] {logging_mixin.py:190} INFO - [2026-04-14T13:49:56.471+0900] {dag.py:4138} INFO - Setting next_dagrun for 07_msa_api_server_used_adv to 2026-04-14 00:00:00+00:00, run_after=2026-04-15 00:00:00+00:00
[2026-04-14T13:49:56.493+0900] {processor.py:208} INFO - Processing /opt/airflow/dags/07_msa_api_server_used_adv.py took 0.233 seconds
[2026-04-14T13:50:26.561+0900] {processor.py:186} INFO - Started process (PID=178) to work on /opt/airflow/dags/07_msa_api_server_used_adv.py
[2026-04-14T13:50:26.562+0900] {processor.py:914} INFO - Processing file /opt/airflow/dags/07_msa_api_server_used_adv.py for tasks to queue
[2026-04-14T13:50:26.564+0900] {logging_mixin.py:190} INFO - [2026-04-14T13:50:26.564+0900] {dagbag.py:587} INFO - Filling up the DagBag from /opt/airflow/dags/07_msa_api_server_used_adv.py
[2026-04-14T13:50:26.585+0900] {processor.py:925} INFO - DAG(s) '07_msa_api_server_used_adv' retrieved from /opt/airflow/dags/07_msa_api_server_used_adv.py
[2026-04-14T13:50:26.741+0900] {logging_mixin.py:190} INFO - [2026-04-14T13:50:26.741+0900] {dag.py:3211} INFO - Sync 1 DAGs
[2026-04-14T13:50:26.758+0900] {logging_mixin.py:190} INFO - [2026-04-14T13:50:26.758+0900] {dag.py:4138} INFO - Setting next_dagrun for 07_msa_api_server_used_adv to 2026-04-14 00:00:00+00:00, run_after=2026-04-15 00:00:00+00:00
[2026-04-14T13:50:26.777+0900] {processor.py:208} INFO - Processing /opt/airflow/dags/07_msa_api_server_used_adv.py took 0.220 seconds
[2026-04-14T13:50:57.375+0900] {processor.py:186} INFO - Started process (PID=197) to work on /opt/airflow/dags/07_msa_api_server_used_adv.py
[2026-04-14T13:50:57.376+0900] {processor.py:914} INFO - Processing file /opt/airflow/dags/07_msa_api_server_used_adv.py for tasks to queue
[2026-04-14T13:50:57.378+0900] {logging_mixin.py:190} INFO - [2026-04-14T13:50:57.377+0900] {dagbag.py:587} INFO - Filling up the DagBag from /opt/airflow/dags/07_msa_api_server_used_adv.py
[2026-04-14T13:50:57.504+0900] {processor.py:925} INFO - DAG(s) '07_msa_api_server_used_adv' retrieved from /opt/airflow/dags/07_msa_api_server_used_adv.py
[2026-04-14T13:50:57.522+0900] {logging_mixin.py:190} INFO - [2026-04-14T13:50:57.521+0900] {dag.py:3211} INFO - Sync 1 DAGs
[2026-04-14T13:50:57.536+0900] {logging_mixin.py:190} INFO - [2026-04-14T13:50:57.536+0900] {dag.py:4138} INFO - Setting next_dagrun for 07_msa_api_server_used_adv to 2026-04-14 00:00:00+00:00, run_after=2026-04-15 00:00:00+00:00
[2026-04-14T13:50:57.551+0900] {processor.py:208} INFO - Processing /opt/airflow/dags/07_msa_api_server_used_adv.py took 0.181 seconds
[2026-04-14T13:51:28.061+0900] {processor.py:186} INFO - Started process (PID=216) to work on /opt/airflow/dags/07_msa_api_server_used_adv.py
[2026-04-14T13:51:28.062+0900] {processor.py:914} INFO - Processing file /opt/airflow/dags/07_msa_api_server_used_adv.py for tasks to queue
[2026-04-14T13:51:28.064+0900] {logging_mixin.py:190} INFO - [2026-04-14T13:51:28.063+0900] {dagbag.py:587} INFO - Filling up the DagBag from /opt/airflow/dags/07_msa_api_server_used_adv.py
[2026-04-14T13:51:28.078+0900] {processor.py:925} INFO - DAG(s) '07_msa_api_server_used_adv' retrieved from /opt/airflow/dags/07_msa_api_server_used_adv.py
[2026-04-14T13:51:28.099+0900] {logging_mixin.py:190} INFO - [2026-04-14T13:51:28.099+0900] {dag.py:3211} INFO - Sync 1 DAGs
[2026-04-14T13:51:28.121+0900] {logging_mixin.py:190} INFO - [2026-04-14T13:51:28.121+0900] {dag.py:4138} INFO - Setting next_dagrun for 07_msa_api_server_used_adv to 2026-04-14 00:00:00+00:00, run_after=2026-04-15 00:00:00+00:00
[2026-04-14T13:51:28.138+0900] {processor.py:208} INFO - Processing /opt/airflow/dags/07_msa_api_server_used_adv.py took 0.083 seconds
[2026-04-14T13:51:58.488+0900] {processor.py:186} INFO - Started process (PID=235) to work on /opt/airflow/dags/07_msa_api_server_used_adv.py
[2026-04-14T13:51:58.488+0900] {processor.py:914} INFO - Processing file /opt/airflow/dags/07_msa_api_server_used_adv.py for tasks to queue
[2026-04-14T13:51:58.491+0900] {logging_mixin.py:190} INFO - [2026-04-14T13:51:58.490+0900] {dagbag.py:587} INFO - Filling up the DagBag from /opt/airflow/dags/07_msa_api_server_used_adv.py
[2026-04-14T13:51:58.506+0900] {processor.py:925} INFO - DAG(s) '07_msa_api_server_used_adv' retrieved from /opt/airflow/dags/07_msa_api_server_used_adv.py
[2026-04-14T13:51:58.527+0900] {logging_mixin.py:190} INFO - [2026-04-14T13:51:58.527+0900] {dag.py:3211} INFO - Sync 1 DAGs
[2026-04-14T13:51:58.545+0900] {logging_mixin.py:190} INFO - [2026-04-14T13:51:58.545+0900] {dag.py:4138} INFO - Setting next_dagrun for 07_msa_api_server_used_adv to 2026-04-14 00:00:00+00:00, run_after=2026-04-15 00:00:00+00:00
[2026-04-14T13:51:58.567+0900] {processor.py:208} INFO - Processing /opt/airflow/dags/07_msa_api_server_used_adv.py took 0.084 seconds
[2026-04-14T13:52:28.864+0900] {processor.py:186} INFO - Started process (PID=254) to work on /opt/airflow/dags/07_msa_api_server_used_adv.py
[2026-04-14T13:52:28.865+0900] {processor.py:914} INFO - Processing file /opt/airflow/dags/07_msa_api_server_used_adv.py for tasks to queue
[2026-04-14T13:52:28.867+0900] {logging_mixin.py:190} INFO - [2026-04-14T13:52:28.867+0900] {dagbag.py:587} INFO - Filling up the DagBag from /opt/airflow/dags/07_msa_api_server_used_adv.py
[2026-04-14T13:52:28.899+0900] {processor.py:925} INFO - DAG(s) '07_msa_api_server_used_adv' retrieved from /opt/airflow/dags/07_msa_api_server_used_adv.py
[2026-04-14T13:52:28.921+0900] {logging_mixin.py:190} INFO - [2026-04-14T13:52:28.921+0900] {dag.py:3211} INFO - Sync 1 DAGs
[2026-04-14T13:52:28.939+0900] {logging_mixin.py:190} INFO - [2026-04-14T13:52:28.939+0900] {dag.py:4138} INFO - Setting next_dagrun for 07_msa_api_server_used_adv to 2026-04-14 00:00:00+00:00, run_after=2026-04-15 00:00:00+00:00
[2026-04-14T13:52:28.961+0900] {processor.py:208} INFO - Processing /opt/airflow/dags/07_msa_api_server_used_adv.py took 0.102 seconds
[2026-04-14T13:52:59.445+0900] {processor.py:186} INFO - Started process (PID=273) to work on /opt/airflow/dags/07_msa_api_server_used_adv.py
[2026-04-14T13:52:59.446+0900] {processor.py:914} INFO - Processing file /opt/airflow/dags/07_msa_api_server_used_adv.py for tasks to queue
[2026-04-14T13:52:59.449+0900] {logging_mixin.py:190} INFO - [2026-04-14T13:52:59.448+0900] {dagbag.py:587} INFO - Filling up the DagBag from /opt/airflow/dags/07_msa_api_server_used_adv.py
[2026-04-14T13:52:59.473+0900] {processor.py:925} INFO - DAG(s) '07_msa_api_server_used_adv' retrieved from /opt/airflow/dags/07_msa_api_server_used_adv.py
[2026-04-14T13:52:59.497+0900] {logging_mixin.py:190} INFO - [2026-04-14T13:52:59.497+0900] {dag.py:3211} INFO - Sync 1 DAGs
[2026-04-14T13:52:59.517+0900] {logging_mixin.py:190} INFO - [2026-04-14T13:52:59.516+0900] {dag.py:4138} INFO - Setting next_dagrun for 07_msa_api_server_used_adv to 2026-04-14 00:00:00+00:00, run_after=2026-04-15 00:00:00+00:00
[2026-04-14T13:52:59.534+0900] {processor.py:208} INFO - Processing /opt/airflow/dags/07_msa_api_server_used_adv.py took 0.094 seconds
[2026-04-14T13:53:29.890+0900] {processor.py:186} INFO - Started process (PID=292) to work on /opt/airflow/dags/07_msa_api_server_used_adv.py
[2026-04-14T13:53:29.891+0900] {processor.py:914} INFO - Processing file /opt/airflow/dags/07_msa_api_server_used_adv.py for tasks to queue
[2026-04-14T13:53:29.893+0900] {logging_mixin.py:190} INFO - [2026-04-14T13:53:29.893+0900] {dagbag.py:587} INFO - Filling up the DagBag from /opt/airflow/dags/07_msa_api_server_used_adv.py
[2026-04-14T13:53:29.910+0900] {processor.py:925} INFO - DAG(s) '07_msa_api_server_used_adv' retrieved from /opt/airflow/dags/07_msa_api_server_used_adv.py
[2026-04-14T13:53:29.930+0900] {logging_mixin.py:190} INFO - [2026-04-14T13:53:29.930+0900] {dag.py:3211} INFO - Sync 1 DAGs
[2026-04-14T13:53:29.949+0900] {logging_mixin.py:190} INFO - [2026-04-14T13:53:29.949+0900] {dag.py:4138} INFO - Setting next_dagrun for 07_msa_api_server_used_adv to 2026-04-14 00:00:00+00:00, run_after=2026-04-15 00:00:00+00:00
[2026-04-14T13:53:29.965+0900] {processor.py:208} INFO - Processing /opt/airflow/dags/07_msa_api_server_used_adv.py took 0.080 seconds
[2026-04-14T13:54:00.175+0900] {processor.py:186} INFO - Started process (PID=311) to work on /opt/airflow/dags/07_msa_api_server_used_adv.py
[2026-04-14T13:54:00.176+0900] {processor.py:914} INFO - Processing file /opt/airflow/dags/07_msa_api_server_used_adv.py for tasks to queue
[2026-04-14T13:54:00.178+0900] {logging_mixin.py:190} INFO - [2026-04-14T13:54:00.178+0900] {dagbag.py:587} INFO - Filling up the DagBag from /opt/airflow/dags/07_msa_api_server_used_adv.py
[2026-04-14T13:54:00.194+0900] {processor.py:925} INFO - DAG(s) '07_msa_api_server_used_adv' retrieved from /opt/airflow/dags/07_msa_api_server_used_adv.py
[2026-04-14T13:54:00.216+0900] {logging_mixin.py:190} INFO - [2026-04-14T13:54:00.216+0900] {dag.py:3211} INFO - Sync 1 DAGs
[2026-04-14T13:54:00.233+0900] {logging_mixin.py:190} INFO - [2026-04-14T13:54:00.233+0900] {dag.py:4138} INFO - Setting next_dagrun for 07_msa_api_server_used_adv to 2026-04-14 00:00:00+00:00, run_after=2026-04-15 00:00:00+00:00
[2026-04-14T13:54:00.248+0900] {processor.py:208} INFO - Processing /opt/airflow/dags/07_msa_api_server_used_adv.py took 0.078 seconds
[2026-04-14T13:54:30.750+0900] {processor.py:186} INFO - Started process (PID=330) to work on /opt/airflow/dags/07_msa_api_server_used_adv.py
[2026-04-14T13:54:30.752+0900] {processor.py:914} INFO - Processing file /opt/airflow/dags/07_msa_api_server_used_adv.py for tasks to queue
[2026-04-14T13:54:30.754+0900] {logging_mixin.py:190} INFO - [2026-04-14T13:54:30.753+0900] {dagbag.py:587} INFO - Filling up the DagBag from /opt/airflow/dags/07_msa_api_server_used_adv.py
[2026-04-14T13:54:30.773+0900] {processor.py:925} INFO - DAG(s) '07_msa_api_server_used_adv' retrieved from /opt/airflow/dags/07_msa_api_server_used_adv.py
[2026-04-14T13:54:30.794+0900] {logging_mixin.py:190} INFO - [2026-04-14T13:54:30.794+0900] {dag.py:3211} INFO - Sync 1 DAGs
[2026-04-14T13:54:30.813+0900] {logging_mixin.py:190} INFO - [2026-04-14T13:54:30.813+0900] {dag.py:4138} INFO - Setting next_dagrun for 07_msa_api_server_used_adv to 2026-04-14 00:00:00+00:00, run_after=2026-04-15 00:00:00+00:00
[2026-04-14T13:54:30.828+0900] {processor.py:208} INFO - Processing /opt/airflow/dags/07_msa_api_server_used_adv.py took 0.082 seconds
[2026-04-14T13:55:01.089+0900] {processor.py:186} INFO - Started process (PID=349) to work on /opt/airflow/dags/07_msa_api_server_used_adv.py
[2026-04-14T13:55:01.090+0900] {processor.py:914} INFO - Processing file /opt/airflow/dags/07_msa_api_server_used_adv.py for tasks to queue
[2026-04-14T13:55:01.092+0900] {logging_mixin.py:190} INFO - [2026-04-14T13:55:01.092+0900] {dagbag.py:587} INFO - Filling up the DagBag from /opt/airflow/dags/07_msa_api_server_used_adv.py
[2026-04-14T13:55:01.111+0900] {processor.py:925} INFO - DAG(s) '07_msa_api_server_used_adv' retrieved from /opt/airflow/dags/07_msa_api_server_used_adv.py
[2026-04-14T13:55:01.133+0900] {logging_mixin.py:190} INFO - [2026-04-14T13:55:01.132+0900] {dag.py:3211} INFO - Sync 1 DAGs
[2026-04-14T13:55:01.151+0900] {logging_mixin.py:190} INFO - [2026-04-14T13:55:01.151+0900] {dag.py:4138} INFO - Setting next_dagrun for 07_msa_api_server_used_adv to 2026-04-14 00:00:00+00:00, run_after=2026-04-15 00:00:00+00:00
[2026-04-14T13:55:01.171+0900] {processor.py:208} INFO - Processing /opt/airflow/dags/07_msa_api_server_used_adv.py took 0.087 seconds
[2026-04-14T13:55:31.411+0900] {processor.py:186} INFO - Started process (PID=368) to work on /opt/airflow/dags/07_msa_api_server_used_adv.py
[2026-04-14T13:55:31.412+0900] {processor.py:914} INFO - Processing file /opt/airflow/dags/07_msa_api_server_used_adv.py for tasks to queue
[2026-04-14T13:55:31.415+0900] {logging_mixin.py:190} INFO - [2026-04-14T13:55:31.414+0900] {dagbag.py:587} INFO - Filling up the DagBag from /opt/airflow/dags/07_msa_api_server_used_adv.py
[2026-04-14T13:55:31.439+0900] {processor.py:925} INFO - DAG(s) '07_msa_api_server_used_adv' retrieved from /opt/airflow/dags/07_msa_api_server_used_adv.py
[2026-04-14T13:55:31.460+0900] {logging_mixin.py:190} INFO - [2026-04-14T13:55:31.460+0900] {dag.py:3211} INFO - Sync 1 DAGs
[2026-04-14T13:55:31.480+0900] {logging_mixin.py:190} INFO - [2026-04-14T13:55:31.480+0900] {dag.py:4138} INFO - Setting next_dagrun for 07_msa_api_server_used_adv to 2026-04-14 00:00:00+00:00, run_after=2026-04-15 00:00:00+00:00
[2026-04-14T13:55:31.497+0900] {processor.py:208} INFO - Processing /opt/airflow/dags/07_msa_api_server_used_adv.py took 0.090 seconds
[2026-04-14T13:56:01.744+0900] {processor.py:186} INFO - Started process (PID=387) to work on /opt/airflow/dags/07_msa_api_server_used_adv.py
[2026-04-14T13:56:01.745+0900] {processor.py:914} INFO - Processing file /opt/airflow/dags/07_msa_api_server_used_adv.py for tasks to queue
[2026-04-14T13:56:01.748+0900] {logging_mixin.py:190} INFO - [2026-04-14T13:56:01.748+0900] {dagbag.py:587} INFO - Filling up the DagBag from /opt/airflow/dags/07_msa_api_server_used_adv.py
[2026-04-14T13:56:01.777+0900] {processor.py:925} INFO - DAG(s) '07_msa_api_server_used_adv' retrieved from /opt/airflow/dags/07_msa_api_server_used_adv.py
[2026-04-14T13:56:01.799+0900] {logging_mixin.py:190} INFO - [2026-04-14T13:56:01.799+0900] {dag.py:3211} INFO - Sync 1 DAGs
[2026-04-14T13:56:01.818+0900] {logging_mixin.py:190} INFO - [2026-04-14T13:56:01.818+0900] {dag.py:4138} INFO - Setting next_dagrun for 07_msa_api_server_used_adv to 2026-04-14 00:00:00+00:00, run_after=2026-04-15 00:00:00+00:00
[2026-04-14T13:56:01.842+0900] {processor.py:208} INFO - Processing /opt/airflow/dags/07_msa_api_server_used_adv.py took 0.103 seconds
[2026-04-14T13:56:31.972+0900] {processor.py:186} INFO - Started process (PID=406) to work on /opt/airflow/dags/07_msa_api_server_used_adv.py
[2026-04-14T13:56:31.973+0900] {processor.py:914} INFO - Processing file /opt/airflow/dags/07_msa_api_server_used_adv.py for tasks to queue
[2026-04-14T13:56:31.976+0900] {logging_mixin.py:190} INFO - [2026-04-14T13:56:31.975+0900] {dagbag.py:587} INFO - Filling up the DagBag from /opt/airflow/dags/07_msa_api_server_used_adv.py
[2026-04-14T13:56:31.992+0900] {processor.py:925} INFO - DAG(s) '07_msa_api_server_used_adv' retrieved from /opt/airflow/dags/07_msa_api_server_used_adv.py
[2026-04-14T13:56:32.012+0900] {logging_mixin.py:190} INFO - [2026-04-14T13:56:32.012+0900] {dag.py:3211} INFO - Sync 1 DAGs
[2026-04-14T13:56:32.029+0900] {logging_mixin.py:190} INFO - [2026-04-14T13:56:32.029+0900] {dag.py:4138} INFO - Setting next_dagrun for 07_msa_api_server_used_adv to 2026-04-14 00:00:00+00:00, run_after=2026-04-15 00:00:00+00:00
[2026-04-14T13:56:32.043+0900] {processor.py:208} INFO - Processing /opt/airflow/dags/07_msa_api_server_used_adv.py took 0.075 seconds
[2026-04-14T13:57:02.371+0900] {processor.py:186} INFO - Started process (PID=425) to work on /opt/airflow/dags/07_msa_api_server_used_adv.py
[2026-04-14T13:57:02.372+0900] {processor.py:914} INFO - Processing file /opt/airflow/dags/07_msa_api_server_used_adv.py for tasks to queue
[2026-04-14T13:57:02.374+0900] {logging_mixin.py:190} INFO - [2026-04-14T13:57:02.374+0900] {dagbag.py:587} INFO - Filling up the DagBag from /opt/airflow/dags/07_msa_api_server_used_adv.py
[2026-04-14T13:57:02.394+0900] {processor.py:925} INFO - DAG(s) '07_msa_api_server_used_adv' retrieved from /opt/airflow/dags/07_msa_api_server_used_adv.py
[2026-04-14T13:57:02.415+0900] {logging_mixin.py:190} INFO - [2026-04-14T13:57:02.414+0900] {dag.py:3211} INFO - Sync 1 DAGs
[2026-04-14T13:57:02.433+0900] {logging_mixin.py:190} INFO - [2026-04-14T13:57:02.433+0900] {dag.py:4138} INFO - Setting next_dagrun for 07_msa_api_server_used_adv to 2026-04-14 00:00:00+00:00, run_after=2026-04-15 00:00:00+00:00
[2026-04-14T13:57:02.455+0900] {processor.py:208} INFO - Processing /opt/airflow/dags/07_msa_api_server_used_adv.py took 0.089 seconds
[2026-04-14T13:57:32.805+0900] {processor.py:186} INFO - Started process (PID=444) to work on /opt/airflow/dags/07_msa_api_server_used_adv.py
[2026-04-14T13:57:32.806+0900] {processor.py:914} INFO - Processing file /opt/airflow/dags/07_msa_api_server_used_adv.py for tasks to queue
[2026-04-14T13:57:32.808+0900] {logging_mixin.py:190} INFO - [2026-04-14T13:57:32.808+0900] {dagbag.py:587} INFO - Filling up the DagBag from /opt/airflow/dags/07_msa_api_server_used_adv.py
[2026-04-14T13:57:32.824+0900] {processor.py:925} INFO - DAG(s) '07_msa_api_server_used_adv' retrieved from /opt/airflow/dags/07_msa_api_server_used_adv.py
[2026-04-14T13:57:32.845+0900] {logging_mixin.py:190} INFO - [2026-04-14T13:57:32.845+0900] {dag.py:3211} INFO - Sync 1 DAGs
[2026-04-14T13:57:32.863+0900] {logging_mixin.py:190} INFO - [2026-04-14T13:57:32.863+0900] {dag.py:4138} INFO - Setting next_dagrun for 07_msa_api_server_used_adv to 2026-04-14 00:00:00+00:00, run_after=2026-04-15 00:00:00+00:00
[2026-04-14T13:57:32.885+0900] {processor.py:208} INFO - Processing /opt/airflow/dags/07_msa_api_server_used_adv.py took 0.085 seconds
[2026-04-14T13:58:03.175+0900] {processor.py:186} INFO - Started process (PID=463) to work on /opt/airflow/dags/07_msa_api_server_used_adv.py
[2026-04-14T13:58:03.176+0900] {processor.py:914} INFO - Processing file /opt/airflow/dags/07_msa_api_server_used_adv.py for tasks to queue
[2026-04-14T13:58:03.178+0900] {logging_mixin.py:190} INFO - [2026-04-14T13:58:03.178+0900] {dagbag.py:587} INFO - Filling up the DagBag from /opt/airflow/dags/07_msa_api_server_used_adv.py
[2026-04-14T13:58:03.206+0900] {processor.py:925} INFO - DAG(s) '07_msa_api_server_used_adv' retrieved from /opt/airflow/dags/07_msa_api_server_used_adv.py
[2026-04-14T13:58:03.227+0900] {logging_mixin.py:190} INFO - [2026-04-14T13:58:03.227+0900] {dag.py:3211} INFO - Sync 1 DAGs
[2026-04-14T13:58:03.245+0900] {logging_mixin.py:190} INFO - [2026-04-14T13:58:03.245+0900] {dag.py:4138} INFO - Setting next_dagrun for 07_msa_api_server_used_adv to 2026-04-14 00:00:00+00:00, run_after=2026-04-15 00:00:00+00:00
[2026-04-14T13:58:03.263+0900] {processor.py:208} INFO - Processing /opt/airflow/dags/07_msa_api_server_used_adv.py took 0.093 seconds
[2026-04-14T13:58:33.650+0900] {processor.py:186} INFO - Started process (PID=482) to work on /opt/airflow/dags/07_msa_api_server_used_adv.py
[2026-04-14T13:58:33.651+0900] {processor.py:914} INFO - Processing file /opt/airflow/dags/07_msa_api_server_used_adv.py for tasks to queue
[2026-04-14T13:58:33.654+0900] {logging_mixin.py:190} INFO - [2026-04-14T13:58:33.654+0900] {dagbag.py:587} INFO - Filling up the DagBag from /opt/airflow/dags/07_msa_api_server_used_adv.py
[2026-04-14T13:58:33.674+0900] {processor.py:925} INFO - DAG(s) '07_msa_api_server_used_adv' retrieved from /opt/airflow/dags/07_msa_api_server_used_adv.py
[2026-04-14T13:58:33.699+0900] {logging_mixin.py:190} INFO - [2026-04-14T13:58:33.699+0900] {dag.py:3211} INFO - Sync 1 DAGs
[2026-04-14T13:58:33.718+0900] {logging_mixin.py:190} INFO - [2026-04-14T13:58:33.718+0900] {dag.py:4138} INFO - Setting next_dagrun for 07_msa_api_server_used_adv to 2026-04-14 00:00:00+00:00, run_after=2026-04-15 00:00:00+00:00
[2026-04-14T13:58:33.736+0900] {processor.py:208} INFO - Processing /opt/airflow/dags/07_msa_api_server_used_adv.py took 0.091 seconds
[2026-04-14T13:59:03.886+0900] {processor.py:186} INFO - Started process (PID=501) to work on /opt/airflow/dags/07_msa_api_server_used_adv.py
[2026-04-14T13:59:03.887+0900] {processor.py:914} INFO - Processing file /opt/airflow/dags/07_msa_api_server_used_adv.py for tasks to queue
[2026-04-14T13:59:03.889+0900] {logging_mixin.py:190} INFO - [2026-04-14T13:59:03.889+0900] {dagbag.py:587} INFO - Filling up the DagBag from /opt/airflow/dags/07_msa_api_server_used_adv.py
[2026-04-14T13:59:03.905+0900] {processor.py:925} INFO - DAG(s) '07_msa_api_server_used_adv' retrieved from /opt/airflow/dags/07_msa_api_server_used_adv.py
[2026-04-14T13:59:03.928+0900] {logging_mixin.py:190} INFO - [2026-04-14T13:59:03.928+0900] {dag.py:3211} INFO - Sync 1 DAGs
[2026-04-14T13:59:03.947+0900] {logging_mixin.py:190} INFO - [2026-04-14T13:59:03.947+0900] {dag.py:4138} INFO - Setting next_dagrun for 07_msa_api_server_used_adv to 2026-04-14 00:00:00+00:00, run_after=2026-04-15 00:00:00+00:00
[2026-04-14T13:59:03.961+0900] {processor.py:208} INFO - Processing /opt/airflow/dags/07_msa_api_server_used_adv.py took 0.079 seconds
[2026-04-14T13:59:34.298+0900] {processor.py:186} INFO - Started process (PID=520) to work on /opt/airflow/dags/07_msa_api_server_used_adv.py
[2026-04-14T13:59:34.299+0900] {processor.py:914} INFO - Processing file /opt/airflow/dags/07_msa_api_server_used_adv.py for tasks to queue
[2026-04-14T13:59:34.301+0900] {logging_mixin.py:190} INFO - [2026-04-14T13:59:34.301+0900] {dagbag.py:587} INFO - Filling up the DagBag from /opt/airflow/dags/07_msa_api_server_used_adv.py
[2026-04-14T13:59:34.319+0900] {processor.py:925} INFO - DAG(s) '07_msa_api_server_used_adv' retrieved from /opt/airflow/dags/07_msa_api_server_used_adv.py
[2026-04-14T13:59:34.341+0900] {logging_mixin.py:190} INFO - [2026-04-14T13:59:34.340+0900] {dag.py:3211} INFO - Sync 1 DAGs
[2026-04-14T13:59:34.360+0900] {logging_mixin.py:190} INFO - [2026-04-14T13:59:34.360+0900] {dag.py:4138} INFO - Setting next_dagrun for 07_msa_api_server_used_adv to 2026-04-14 00:00:00+00:00, run_after=2026-04-15 00:00:00+00:00
[2026-04-14T13:59:34.382+0900] {processor.py:208} INFO - Processing /opt/airflow/dags/07_msa_api_server_used_adv.py took 0.089 seconds
[2026-04-14T14:00:04.632+0900] {processor.py:186} INFO - Started process (PID=539) to work on /opt/airflow/dags/07_msa_api_server_used_adv.py
[2026-04-14T14:00:04.633+0900] {processor.py:914} INFO - Processing file /opt/airflow/dags/07_msa_api_server_used_adv.py for tasks to queue
[2026-04-14T14:00:04.636+0900] {logging_mixin.py:190} INFO - [2026-04-14T14:00:04.636+0900] {dagbag.py:587} INFO - Filling up the DagBag from /opt/airflow/dags/07_msa_api_server_used_adv.py
[2026-04-14T14:00:04.658+0900] {processor.py:925} INFO - DAG(s) '07_msa_api_server_used_adv' retrieved from /opt/airflow/dags/07_msa_api_server_used_adv.py
[2026-04-14T14:00:04.687+0900] {logging_mixin.py:190} INFO - [2026-04-14T14:00:04.687+0900] {dag.py:3211} INFO - Sync 1 DAGs
[2026-04-14T14:00:04.710+0900] {logging_mixin.py:190} INFO - [2026-04-14T14:00:04.710+0900] {dag.py:4138} INFO - Setting next_dagrun for 07_msa_api_server_used_adv to 2026-04-14 00:00:00+00:00, run_after=2026-04-15 00:00:00+00:00
[2026-04-14T14:00:04.726+0900] {processor.py:208} INFO - Processing /opt/airflow/dags/07_msa_api_server_used_adv.py took 0.100 seconds
[2026-04-14T14:00:34.794+0900] {processor.py:186} INFO - Started process (PID=558) to work on /opt/airflow/dags/07_msa_api_server_used_adv.py
[2026-04-14T14:00:34.795+0900] {processor.py:914} INFO - Processing file /opt/airflow/dags/07_msa_api_server_used_adv.py for tasks to queue
[2026-04-14T14:00:34.797+0900] {logging_mixin.py:190} INFO - [2026-04-14T14:00:34.797+0900] {dagbag.py:587} INFO - Filling up the DagBag from /opt/airflow/dags/07_msa_api_server_used_adv.py
[2026-04-14T14:00:34.816+0900] {processor.py:925} INFO - DAG(s) '07_msa_api_server_used_adv' retrieved from /opt/airflow/dags/07_msa_api_server_used_adv.py
[2026-04-14T14:00:34.841+0900] {logging_mixin.py:190} INFO - [2026-04-14T14:00:34.841+0900] {dag.py:3211} INFO - Sync 1 DAGs
[2026-04-14T14:00:34.863+0900] {logging_mixin.py:190} INFO - [2026-04-14T14:00:34.863+0900] {dag.py:4138} INFO - Setting next_dagrun for 07_msa_api_server_used_adv to 2026-04-14 00:00:00+00:00, run_after=2026-04-15 00:00:00+00:00
[2026-04-14T14:00:34.884+0900] {processor.py:208} INFO - Processing /opt/airflow/dags/07_msa_api_server_used_adv.py took 0.094 seconds
[2026-04-14T14:01:05.065+0900] {processor.py:186} INFO - Started process (PID=577) to work on /opt/airflow/dags/07_msa_api_server_used_adv.py
[2026-04-14T14:01:05.066+0900] {processor.py:914} INFO - Processing file /opt/airflow/dags/07_msa_api_server_used_adv.py for tasks to queue
[2026-04-14T14:01:05.068+0900] {logging_mixin.py:190} INFO - [2026-04-14T14:01:05.068+0900] {dagbag.py:587} INFO - Filling up the DagBag from /opt/airflow/dags/07_msa_api_server_used_adv.py
[2026-04-14T14:01:05.106+0900] {processor.py:925} INFO - DAG(s) '07_msa_api_server_used_adv' retrieved from /opt/airflow/dags/07_msa_api_server_used_adv.py
[2026-04-14T14:01:05.126+0900] {logging_mixin.py:190} INFO - [2026-04-14T14:01:05.126+0900] {dag.py:3211} INFO - Sync 1 DAGs
[2026-04-14T14:01:05.146+0900] {logging_mixin.py:190} INFO - [2026-04-14T14:01:05.145+0900] {dag.py:4138} INFO - Setting next_dagrun for 07_msa_api_server_used_adv to 2026-04-14 00:00:00+00:00, run_after=2026-04-15 00:00:00+00:00
[2026-04-14T14:01:05.168+0900] {processor.py:208} INFO - Processing /opt/airflow/dags/07_msa_api_server_used_adv.py took 0.108 seconds
[2026-04-14T14:01:35.389+0900] {processor.py:186} INFO - Started process (PID=596) to work on /opt/airflow/dags/07_msa_api_server_used_adv.py
[2026-04-14T14:01:35.390+0900] {processor.py:914} INFO - Processing file /opt/airflow/dags/07_msa_api_server_used_adv.py for tasks to queue
[2026-04-14T14:01:35.392+0900] {logging_mixin.py:190} INFO - [2026-04-14T14:01:35.392+0900] {dagbag.py:587} INFO - Filling up the DagBag from /opt/airflow/dags/07_msa_api_server_used_adv.py
[2026-04-14T14:01:35.411+0900] {processor.py:925} INFO - DAG(s) '07_msa_api_server_used_adv' retrieved from /opt/airflow/dags/07_msa_api_server_used_adv.py
[2026-04-14T14:01:35.433+0900] {logging_mixin.py:190} INFO - [2026-04-14T14:01:35.433+0900] {dag.py:3211} INFO - Sync 1 DAGs
[2026-04-14T14:01:35.451+0900] {logging_mixin.py:190} INFO - [2026-04-14T14:01:35.450+0900] {dag.py:4138} INFO - Setting next_dagrun for 07_msa_api_server_used_adv to 2026-04-14 00:00:00+00:00, run_after=2026-04-15 00:00:00+00:00
[2026-04-14T14:01:35.472+0900] {processor.py:208} INFO - Processing /opt/airflow/dags/07_msa_api_server_used_adv.py took 0.087 seconds
[2026-04-14T14:02:05.800+0900] {processor.py:186} INFO - Started process (PID=615) to work on /opt/airflow/dags/07_msa_api_server_used_adv.py
[2026-04-14T14:02:05.801+0900] {processor.py:914} INFO - Processing file /opt/airflow/dags/07_msa_api_server_used_adv.py for tasks to queue
[2026-04-14T14:02:05.803+0900] {logging_mixin.py:190} INFO - [2026-04-14T14:02:05.803+0900] {dagbag.py:587} INFO - Filling up the DagBag from /opt/airflow/dags/07_msa_api_server_used_adv.py
[2026-04-14T14:02:05.822+0900] {processor.py:925} INFO - DAG(s) '07_msa_api_server_used_adv' retrieved from /opt/airflow/dags/07_msa_api_server_used_adv.py
[2026-04-14T14:02:05.844+0900] {logging_mixin.py:190} INFO - [2026-04-14T14:02:05.844+0900] {dag.py:3211} INFO - Sync 1 DAGs
[2026-04-14T14:02:05.862+0900] {logging_mixin.py:190} INFO - [2026-04-14T14:02:05.862+0900] {dag.py:4138} INFO - Setting next_dagrun for 07_msa_api_server_used_adv to 2026-04-14 00:00:00+00:00, run_after=2026-04-15 00:00:00+00:00
[2026-04-14T14:02:05.877+0900] {processor.py:208} INFO - Processing /opt/airflow/dags/07_msa_api_server_used_adv.py took 0.082 seconds
[2026-04-14T14:02:36.238+0900] {processor.py:186} INFO - Started process (PID=634) to work on /opt/airflow/dags/07_msa_api_server_used_adv.py
[2026-04-14T14:02:36.239+0900] {processor.py:914} INFO - Processing file /opt/airflow/dags/07_msa_api_server_used_adv.py for tasks to queue
[2026-04-14T14:02:36.241+0900] {logging_mixin.py:190} INFO - [2026-04-14T14:02:36.241+0900] {dagbag.py:587} INFO - Filling up the DagBag from /opt/airflow/dags/07_msa_api_server_used_adv.py
[2026-04-14T14:02:36.259+0900] {processor.py:925} INFO - DAG(s) '07_msa_api_server_used_adv' retrieved from /opt/airflow/dags/07_msa_api_server_used_adv.py
[2026-04-14T14:02:36.280+0900] {logging_mixin.py:190} INFO - [2026-04-14T14:02:36.280+0900] {dag.py:3211} INFO - Sync 1 DAGs
[2026-04-14T14:02:36.298+0900] {logging_mixin.py:190} INFO - [2026-04-14T14:02:36.298+0900] {dag.py:4138} INFO - Setting next_dagrun for 07_msa_api_server_used_adv to 2026-04-14 00:00:00+00:00, run_after=2026-04-15 00:00:00+00:00
[2026-04-14T14:02:36.317+0900] {processor.py:208} INFO - Processing /opt/airflow/dags/07_msa_api_server_used_adv.py took 0.083 seconds
[2026-04-14T14:03:06.526+0900] {processor.py:186} INFO - Started process (PID=653) to work on /opt/airflow/dags/07_msa_api_server_used_adv.py
[2026-04-14T14:03:06.527+0900] {processor.py:914} INFO - Processing file /opt/airflow/dags/07_msa_api_server_used_adv.py for tasks to queue
[2026-04-14T14:03:06.529+0900] {logging_mixin.py:190} INFO - [2026-04-14T14:03:06.529+0900] {dagbag.py:587} INFO - Filling up the DagBag from /opt/airflow/dags/07_msa_api_server_used_adv.py
[2026-04-14T14:03:06.557+0900] {processor.py:925} INFO - DAG(s) '07_msa_api_server_used_adv' retrieved from /opt/airflow/dags/07_msa_api_server_used_adv.py
[2026-04-14T14:03:06.583+0900] {logging_mixin.py:190} INFO - [2026-04-14T14:03:06.582+0900] {dag.py:3211} INFO - Sync 1 DAGs
[2026-04-14T14:03:06.602+0900] {logging_mixin.py:190} INFO - [2026-04-14T14:03:06.602+0900] {dag.py:4138} INFO - Setting next_dagrun for 07_msa_api_server_used_adv to 2026-04-14 00:00:00+00:00, run_after=2026-04-15 00:00:00+00:00
[2026-04-14T14:03:06.618+0900] {processor.py:208} INFO - Processing /opt/airflow/dags/07_msa_api_server_used_adv.py took 0.097 seconds
[2026-04-14T14:03:36.933+0900] {processor.py:186} INFO - Started process (PID=672) to work on /opt/airflow/dags/07_msa_api_server_used_adv.py
[2026-04-14T14:03:36.934+0900] {processor.py:914} INFO - Processing file /opt/airflow/dags/07_msa_api_server_used_adv.py for tasks to queue
[2026-04-14T14:03:36.936+0900] {logging_mixin.py:190} INFO - [2026-04-14T14:03:36.936+0900] {dagbag.py:587} INFO - Filling up the DagBag from /opt/airflow/dags/07_msa_api_server_used_adv.py
[2026-04-14T14:03:36.951+0900] {processor.py:925} INFO - DAG(s) '07_msa_api_server_used_adv' retrieved from /opt/airflow/dags/07_msa_api_server_used_adv.py
[2026-04-14T14:03:36.971+0900] {logging_mixin.py:190} INFO - [2026-04-14T14:03:36.971+0900] {dag.py:3211} INFO - Sync 1 DAGs
[2026-04-14T14:03:36.988+0900] {logging_mixin.py:190} INFO - [2026-04-14T14:03:36.988+0900] {dag.py:4138} INFO - Setting next_dagrun for 07_msa_api_server_used_adv to 2026-04-14 00:00:00+00:00, run_after=2026-04-15 00:00:00+00:00
[2026-04-14T14:03:37.003+0900] {processor.py:208} INFO - Processing /opt/airflow/dags/07_msa_api_server_used_adv.py took 0.074 seconds
[2026-04-14T14:04:07.299+0900] {processor.py:186} INFO - Started process (PID=691) to work on /opt/airflow/dags/07_msa_api_server_used_adv.py
[2026-04-14T14:04:07.300+0900] {processor.py:914} INFO - Processing file /opt/airflow/dags/07_msa_api_server_used_adv.py for tasks to queue
[2026-04-14T14:04:07.302+0900] {logging_mixin.py:190} INFO - [2026-04-14T14:04:07.302+0900] {dagbag.py:587} INFO - Filling up the DagBag from /opt/airflow/dags/07_msa_api_server_used_adv.py
[2026-04-14T14:04:07.319+0900] {processor.py:925} INFO - DAG(s) '07_msa_api_server_used_adv' retrieved from /opt/airflow/dags/07_msa_api_server_used_adv.py
[2026-04-14T14:04:07.340+0900] {logging_mixin.py:190} INFO - [2026-04-14T14:04:07.340+0900] {dag.py:3211} INFO - Sync 1 DAGs
[2026-04-14T14:04:07.357+0900] {logging_mixin.py:190} INFO - [2026-04-14T14:04:07.357+0900] {dag.py:4138} INFO - Setting next_dagrun for 07_msa_api_server_used_adv to 2026-04-14 00:00:00+00:00, run_after=2026-04-15 00:00:00+00:00
[2026-04-14T14:04:07.372+0900] {processor.py:208} INFO - Processing /opt/airflow/dags/07_msa_api_server_used_adv.py took 0.078 seconds
[2026-04-14T14:04:37.444+0900] {processor.py:186} INFO - Started process (PID=710) to work on /opt/airflow/dags/07_msa_api_server_used_adv.py
[2026-04-14T14:04:37.444+0900] {processor.py:914} INFO - Processing file /opt/airflow/dags/07_msa_api_server_used_adv.py for tasks to queue
[2026-04-14T14:04:37.446+0900] {logging_mixin.py:190} INFO - [2026-04-14T14:04:37.446+0900] {dagbag.py:587} INFO - Filling up the DagBag from /opt/airflow/dags/07_msa_api_server_used_adv.py
[2026-04-14T14:04:37.462+0900] {processor.py:925} INFO - DAG(s) '07_msa_api_server_used_adv' retrieved from /opt/airflow/dags/07_msa_api_server_used_adv.py
[2026-04-14T14:04:37.483+0900] {logging_mixin.py:190} INFO - [2026-04-14T14:04:37.483+0900] {dag.py:3211} INFO - Sync 1 DAGs
[2026-04-14T14:04:37.500+0900] {logging_mixin.py:190} INFO - [2026-04-14T14:04:37.500+0900] {dag.py:4138} INFO - Setting next_dagrun for 07_msa_api_server_used_adv to 2026-04-14 00:00:00+00:00, run_after=2026-04-15 00:00:00+00:00
[2026-04-14T14:04:37.521+0900] {processor.py:208} INFO - Processing /opt/airflow/dags/07_msa_api_server_used_adv.py took 0.082 seconds
[2026-04-14T14:05:08.449+0900] {processor.py:186} INFO - Started process (PID=728) to work on /opt/airflow/dags/07_msa_api_server_used_adv.py
[2026-04-14T14:05:08.450+0900] {processor.py:914} INFO - Processing file /opt/airflow/dags/07_msa_api_server_used_adv.py for tasks to queue
[2026-04-14T14:05:08.452+0900] {logging_mixin.py:190} INFO - [2026-04-14T14:05:08.452+0900] {dagbag.py:587} INFO - Filling up the DagBag from /opt/airflow/dags/07_msa_api_server_used_adv.py
[2026-04-14T14:05:08.471+0900] {processor.py:925} INFO - DAG(s) '07_msa_api_server_used_adv' retrieved from /opt/airflow/dags/07_msa_api_server_used_adv.py
[2026-04-14T14:05:08.492+0900] {logging_mixin.py:190} INFO - [2026-04-14T14:05:08.492+0900] {dag.py:3211} INFO - Sync 1 DAGs
[2026-04-14T14:05:08.513+0900] {logging_mixin.py:190} INFO - [2026-04-14T14:05:08.513+0900] {dag.py:4138} INFO - Setting next_dagrun for 07_msa_api_server_used_adv to 2026-04-14 00:00:00+00:00, run_after=2026-04-15 00:00:00+00:00
[2026-04-14T14:05:08.528+0900] {processor.py:208} INFO - Processing /opt/airflow/dags/07_msa_api_server_used_adv.py took 0.084 seconds
[2026-04-14T14:05:38.942+0900] {processor.py:186} INFO - Started process (PID=747) to work on /opt/airflow/dags/07_msa_api_server_used_adv.py
[2026-04-14T14:05:38.943+0900] {processor.py:914} INFO - Processing file /opt/airflow/dags/07_msa_api_server_used_adv.py for tasks to queue
[2026-04-14T14:05:38.945+0900] {logging_mixin.py:190} INFO - [2026-04-14T14:05:38.945+0900] {dagbag.py:587} INFO - Filling up the DagBag from /opt/airflow/dags/07_msa_api_server_used_adv.py
[2026-04-14T14:05:38.961+0900] {processor.py:925} INFO - DAG(s) '07_msa_api_server_used_adv' retrieved from /opt/airflow/dags/07_msa_api_server_used_adv.py
[2026-04-14T14:05:38.982+0900] {logging_mixin.py:190} INFO - [2026-04-14T14:05:38.982+0900] {dag.py:3211} INFO - Sync 1 DAGs
[2026-04-14T14:05:38.999+0900] {logging_mixin.py:190} INFO - [2026-04-14T14:05:38.999+0900] {dag.py:4138} INFO - Setting next_dagrun for 07_msa_api_server_used_adv to 2026-04-14 00:00:00+00:00, run_after=2026-04-15 00:00:00+00:00
[2026-04-14T14:05:39.024+0900] {processor.py:208} INFO - Processing /opt/airflow/dags/07_msa_api_server_used_adv.py took 0.087 seconds
[2026-04-14T14:06:09.226+0900] {processor.py:186} INFO - Started process (PID=766) to work on /opt/airflow/dags/07_msa_api_server_used_adv.py
[2026-04-14T14:06:09.227+0900] {processor.py:914} INFO - Processing file /opt/airflow/dags/07_msa_api_server_used_adv.py for tasks to queue
[2026-04-14T14:06:09.229+0900] {logging_mixin.py:190} INFO - [2026-04-14T14:06:09.229+0900] {dagbag.py:587} INFO - Filling up the DagBag from /opt/airflow/dags/07_msa_api_server_used_adv.py
[2026-04-14T14:06:09.244+0900] {processor.py:925} INFO - DAG(s) '07_msa_api_server_used_adv' retrieved from /opt/airflow/dags/07_msa_api_server_used_adv.py
[2026-04-14T14:06:09.268+0900] {logging_mixin.py:190} INFO - [2026-04-14T14:06:09.268+0900] {dag.py:3211} INFO - Sync 1 DAGs
[2026-04-14T14:06:09.286+0900] {logging_mixin.py:190} INFO - [2026-04-14T14:06:09.286+0900] {dag.py:4138} INFO - Setting next_dagrun for 07_msa_api_server_used_adv to 2026-04-14 00:00:00+00:00, run_after=2026-04-15 00:00:00+00:00
[2026-04-14T14:06:09.303+0900] {processor.py:208} INFO - Processing /opt/airflow/dags/07_msa_api_server_used_adv.py took 0.081 seconds
[2026-04-14T14:06:40.150+0900] {processor.py:186} INFO - Started process (PID=785) to work on /opt/airflow/dags/07_msa_api_server_used_adv.py
[2026-04-14T14:06:40.151+0900] {processor.py:914} INFO - Processing file /opt/airflow/dags/07_msa_api_server_used_adv.py for tasks to queue
[2026-04-14T14:06:40.154+0900] {logging_mixin.py:190} INFO - [2026-04-14T14:06:40.153+0900] {dagbag.py:587} INFO - Filling up the DagBag from /opt/airflow/dags/07_msa_api_server_used_adv.py
[2026-04-14T14:06:40.172+0900] {processor.py:925} INFO - DAG(s) '07_msa_api_server_used_adv' retrieved from /opt/airflow/dags/07_msa_api_server_used_adv.py
[2026-04-14T14:06:40.193+0900] {logging_mixin.py:190} INFO - [2026-04-14T14:06:40.193+0900] {dag.py:3211} INFO - Sync 1 DAGs
[2026-04-14T14:06:40.212+0900] {logging_mixin.py:190} INFO - [2026-04-14T14:06:40.211+0900] {dag.py:4138} INFO - Setting next_dagrun for 07_msa_api_server_used_adv to 2026-04-14 00:00:00+00:00, run_after=2026-04-15 00:00:00+00:00
[2026-04-14T14:06:40.228+0900] {processor.py:208} INFO - Processing /opt/airflow/dags/07_msa_api_server_used_adv.py took 0.083 seconds
[2026-04-14T14:07:11.119+0900] {processor.py:186} INFO - Started process (PID=804) to work on /opt/airflow/dags/07_msa_api_server_used_adv.py
[2026-04-14T14:07:11.120+0900] {processor.py:914} INFO - Processing file /opt/airflow/dags/07_msa_api_server_used_adv.py for tasks to queue
[2026-04-14T14:07:11.122+0900] {logging_mixin.py:190} INFO - [2026-04-14T14:07:11.121+0900] {dagbag.py:587} INFO - Filling up the DagBag from /opt/airflow/dags/07_msa_api_server_used_adv.py
[2026-04-14T14:07:11.139+0900] {processor.py:925} INFO - DAG(s) '07_msa_api_server_used_adv' retrieved from /opt/airflow/dags/07_msa_api_server_used_adv.py
[2026-04-14T14:07:11.161+0900] {logging_mixin.py:190} INFO - [2026-04-14T14:07:11.161+0900] {dag.py:3211} INFO - Sync 1 DAGs
[2026-04-14T14:07:11.181+0900] {logging_mixin.py:190} INFO - [2026-04-14T14:07:11.181+0900] {dag.py:4138} INFO - Setting next_dagrun for 07_msa_api_server_used_adv to 2026-04-14 00:00:00+00:00, run_after=2026-04-15 00:00:00+00:00
[2026-04-14T14:07:11.197+0900] {processor.py:208} INFO - Processing /opt/airflow/dags/07_msa_api_server_used_adv.py took 0.084 seconds
[2026-04-14T14:07:42.066+0900] {processor.py:186} INFO - Started process (PID=823) to work on /opt/airflow/dags/07_msa_api_server_used_adv.py
[2026-04-14T14:07:42.068+0900] {processor.py:914} INFO - Processing file /opt/airflow/dags/07_msa_api_server_used_adv.py for tasks to queue
[2026-04-14T14:07:42.072+0900] {logging_mixin.py:190} INFO - [2026-04-14T14:07:42.072+0900] {dagbag.py:587} INFO - Filling up the DagBag from /opt/airflow/dags/07_msa_api_server_used_adv.py
[2026-04-14T14:07:42.097+0900] {processor.py:925} INFO - DAG(s) '07_msa_api_server_used_adv' retrieved from /opt/airflow/dags/07_msa_api_server_used_adv.py
[2026-04-14T14:07:42.119+0900] {logging_mixin.py:190} INFO - [2026-04-14T14:07:42.119+0900] {dag.py:3211} INFO - Sync 1 DAGs
[2026-04-14T14:07:42.137+0900] {logging_mixin.py:190} INFO - [2026-04-14T14:07:42.137+0900] {dag.py:4138} INFO - Setting next_dagrun for 07_msa_api_server_used_adv to 2026-04-14 00:00:00+00:00, run_after=2026-04-15 00:00:00+00:00
[2026-04-14T14:07:42.153+0900] {processor.py:208} INFO - Processing /opt/airflow/dags/07_msa_api_server_used_adv.py took 0.092 seconds
[2026-04-14T14:08:13.144+0900] {processor.py:186} INFO - Started process (PID=842) to work on /opt/airflow/dags/07_msa_api_server_used_adv.py
[2026-04-14T14:08:13.145+0900] {processor.py:914} INFO - Processing file /opt/airflow/dags/07_msa_api_server_used_adv.py for tasks to queue
[2026-04-14T14:08:13.147+0900] {logging_mixin.py:190} INFO - [2026-04-14T14:08:13.146+0900] {dagbag.py:587} INFO - Filling up the DagBag from /opt/airflow/dags/07_msa_api_server_used_adv.py
[2026-04-14T14:08:13.164+0900] {processor.py:925} INFO - DAG(s) '07_msa_api_server_used_adv' retrieved from /opt/airflow/dags/07_msa_api_server_used_adv.py
[2026-04-14T14:08:13.188+0900] {logging_mixin.py:190} INFO - [2026-04-14T14:08:13.188+0900] {dag.py:3211} INFO - Sync 1 DAGs
[2026-04-14T14:08:13.209+0900] {logging_mixin.py:190} INFO - [2026-04-14T14:08:13.208+0900] {dag.py:4138} INFO - Setting next_dagrun for 07_msa_api_server_used_adv to 2026-04-14 00:00:00+00:00, run_after=2026-04-15 00:00:00+00:00
[2026-04-14T14:08:13.225+0900] {processor.py:208} INFO - Processing /opt/airflow/dags/07_msa_api_server_used_adv.py took 0.086 seconds
[2026-04-14T14:08:43.303+0900] {processor.py:186} INFO - Started process (PID=861) to work on /opt/airflow/dags/07_msa_api_server_used_adv.py
[2026-04-14T14:08:43.304+0900] {processor.py:914} INFO - Processing file /opt/airflow/dags/07_msa_api_server_used_adv.py for tasks to queue
[2026-04-14T14:08:43.306+0900] {logging_mixin.py:190} INFO - [2026-04-14T14:08:43.306+0900] {dagbag.py:587} INFO - Filling up the DagBag from /opt/airflow/dags/07_msa_api_server_used_adv.py
[2026-04-14T14:08:43.325+0900] {processor.py:925} INFO - DAG(s) '07_msa_api_server_used_adv' retrieved from /opt/airflow/dags/07_msa_api_server_used_adv.py
[2026-04-14T14:08:43.346+0900] {logging_mixin.py:190} INFO - [2026-04-14T14:08:43.346+0900] {dag.py:3211} INFO - Sync 1 DAGs
[2026-04-14T14:08:43.365+0900] {logging_mixin.py:190} INFO - [2026-04-14T14:08:43.365+0900] {dag.py:4138} INFO - Setting next_dagrun for 07_msa_api_server_used_adv to 2026-04-14 00:00:00+00:00, run_after=2026-04-15 00:00:00+00:00
[2026-04-14T14:08:43.385+0900] {processor.py:208} INFO - Processing /opt/airflow/dags/07_msa_api_server_used_adv.py took 0.087 seconds
[2026-04-14T14:09:13.554+0900] {processor.py:186} INFO - Started process (PID=880) to work on /opt/airflow/dags/07_msa_api_server_used_adv.py
[2026-04-14T14:09:13.555+0900] {processor.py:914} INFO - Processing file /opt/airflow/dags/07_msa_api_server_used_adv.py for tasks to queue
[2026-04-14T14:09:13.557+0900] {logging_mixin.py:190} INFO - [2026-04-14T14:09:13.557+0900] {dagbag.py:587} INFO - Filling up the DagBag from /opt/airflow/dags/07_msa_api_server_used_adv.py
[2026-04-14T14:09:13.586+0900] {processor.py:925} INFO - DAG(s) '07_msa_api_server_used_adv' retrieved from /opt/airflow/dags/07_msa_api_server_used_adv.py
[2026-04-14T14:09:13.607+0900] {logging_mixin.py:190} INFO - [2026-04-14T14:09:13.607+0900] {dag.py:3211} INFO - Sync 1 DAGs
[2026-04-14T14:09:13.625+0900] {logging_mixin.py:190} INFO - [2026-04-14T14:09:13.625+0900] {dag.py:4138} INFO - Setting next_dagrun for 07_msa_api_server_used_adv to 2026-04-14 00:00:00+00:00, run_after=2026-04-15 00:00:00+00:00
[2026-04-14T14:09:13.641+0900] {processor.py:208} INFO - Processing /opt/airflow/dags/07_msa_api_server_used_adv.py took 0.092 seconds
[2026-04-14T14:09:43.972+0900] {processor.py:186} INFO - Started process (PID=899) to work on /opt/airflow/dags/07_msa_api_server_used_adv.py
[2026-04-14T14:09:43.973+0900] {processor.py:914} INFO - Processing file /opt/airflow/dags/07_msa_api_server_used_adv.py for tasks to queue
[2026-04-14T14:09:43.976+0900] {logging_mixin.py:190} INFO - [2026-04-14T14:09:43.976+0900] {dagbag.py:587} INFO - Filling up the DagBag from /opt/airflow/dags/07_msa_api_server_used_adv.py
[2026-04-14T14:09:43.994+0900] {processor.py:925} INFO - DAG(s) '07_msa_api_server_used_adv' retrieved from /opt/airflow/dags/07_msa_api_server_used_adv.py
[2026-04-14T14:09:44.015+0900] {logging_mixin.py:190} INFO - [2026-04-14T14:09:44.015+0900] {dag.py:3211} INFO - Sync 1 DAGs
[2026-04-14T14:09:44.033+0900] {logging_mixin.py:190} INFO - [2026-04-14T14:09:44.033+0900] {dag.py:4138} INFO - Setting next_dagrun for 07_msa_api_server_used_adv to 2026-04-14 00:00:00+00:00, run_after=2026-04-15 00:00:00+00:00
[2026-04-14T14:09:44.047+0900] {processor.py:208} INFO - Processing /opt/airflow/dags/07_msa_api_server_used_adv.py took 0.080 seconds
[2026-04-14T14:10:14.386+0900] {processor.py:186} INFO - Started process (PID=918) to work on /opt/airflow/dags/07_msa_api_server_used_adv.py
[2026-04-14T14:10:14.387+0900] {processor.py:914} INFO - Processing file /opt/airflow/dags/07_msa_api_server_used_adv.py for tasks to queue
[2026-04-14T14:10:14.389+0900] {logging_mixin.py:190} INFO - [2026-04-14T14:10:14.388+0900] {dagbag.py:587} INFO - Filling up the DagBag from /opt/airflow/dags/07_msa_api_server_used_adv.py
[2026-04-14T14:10:14.407+0900] {processor.py:925} INFO - DAG(s) '07_msa_api_server_used_adv' retrieved from /opt/airflow/dags/07_msa_api_server_used_adv.py
[2026-04-14T14:10:14.428+0900] {logging_mixin.py:190} INFO - [2026-04-14T14:10:14.428+0900] {dag.py:3211} INFO - Sync 1 DAGs
[2026-04-14T14:10:14.446+0900] {logging_mixin.py:190} INFO - [2026-04-14T14:10:14.446+0900] {dag.py:4138} INFO - Setting next_dagrun for 07_msa_api_server_used_adv to 2026-04-14 00:00:00+00:00, run_after=2026-04-15 00:00:00+00:00
[2026-04-14T14:10:14.461+0900] {processor.py:208} INFO - Processing /opt/airflow/dags/07_msa_api_server_used_adv.py took 0.081 seconds
[2026-04-14T14:10:44.883+0900] {processor.py:186} INFO - Started process (PID=936) to work on /opt/airflow/dags/07_msa_api_server_used_adv.py
[2026-04-14T14:10:44.884+0900] {processor.py:914} INFO - Processing file /opt/airflow/dags/07_msa_api_server_used_adv.py for tasks to queue
[2026-04-14T14:10:44.887+0900] {logging_mixin.py:190} INFO - [2026-04-14T14:10:44.887+0900] {dagbag.py:587} INFO - Filling up the DagBag from /opt/airflow/dags/07_msa_api_server_used_adv.py
[2026-04-14T14:10:44.907+0900] {processor.py:925} INFO - DAG(s) '07_msa_api_server_used_adv' retrieved from /opt/airflow/dags/07_msa_api_server_used_adv.py
[2026-04-14T14:10:44.931+0900] {logging_mixin.py:190} INFO - [2026-04-14T14:10:44.931+0900] {dag.py:3211} INFO - Sync 1 DAGs
[2026-04-14T14:10:44.953+0900] {logging_mixin.py:190} INFO - [2026-04-14T14:10:44.953+0900] {dag.py:4138} INFO - Setting next_dagrun for 07_msa_api_server_used_adv to 2026-04-14 00:00:00+00:00, run_after=2026-04-15 00:00:00+00:00
[2026-04-14T14:10:44.975+0900] {processor.py:208} INFO - Processing /opt/airflow/dags/07_msa_api_server_used_adv.py took 0.098 seconds
[2026-04-14T14:11:15.245+0900] {processor.py:186} INFO - Started process (PID=955) to work on /opt/airflow/dags/07_msa_api_server_used_adv.py
[2026-04-14T14:11:15.246+0900] {processor.py:914} INFO - Processing file /opt/airflow/dags/07_msa_api_server_used_adv.py for tasks to queue
[2026-04-14T14:11:15.249+0900] {logging_mixin.py:190} INFO - [2026-04-14T14:11:15.248+0900] {dagbag.py:587} INFO - Filling up the DagBag from /opt/airflow/dags/07_msa_api_server_used_adv.py
[2026-04-14T14:11:15.274+0900] {processor.py:925} INFO - DAG(s) '07_msa_api_server_used_adv' retrieved from /opt/airflow/dags/07_msa_api_server_used_adv.py
[2026-04-14T14:11:15.295+0900] {logging_mixin.py:190} INFO - [2026-04-14T14:11:15.295+0900] {dag.py:3211} INFO - Sync 1 DAGs
[2026-04-14T14:11:15.316+0900] {logging_mixin.py:190} INFO - [2026-04-14T14:11:15.315+0900] {dag.py:4138} INFO - Setting next_dagrun for 07_msa_api_server_used_adv to 2026-04-14 00:00:00+00:00, run_after=2026-04-15 00:00:00+00:00
[2026-04-14T14:11:15.333+0900] {processor.py:208} INFO - Processing /opt/airflow/dags/07_msa_api_server_used_adv.py took 0.093 seconds
[2026-04-14T14:11:45.462+0900] {processor.py:186} INFO - Started process (PID=974) to work on /opt/airflow/dags/07_msa_api_server_used_adv.py
[2026-04-14T14:11:45.464+0900] {processor.py:914} INFO - Processing file /opt/airflow/dags/07_msa_api_server_used_adv.py for tasks to queue
[2026-04-14T14:11:45.466+0900] {logging_mixin.py:190} INFO - [2026-04-14T14:11:45.466+0900] {dagbag.py:587} INFO - Filling up the DagBag from /opt/airflow/dags/07_msa_api_server_used_adv.py
[2026-04-14T14:11:45.484+0900] {processor.py:925} INFO - DAG(s) '07_msa_api_server_used_adv' retrieved from /opt/airflow/dags/07_msa_api_server_used_adv.py
[2026-04-14T14:11:45.507+0900] {logging_mixin.py:190} INFO - [2026-04-14T14:11:45.507+0900] {dag.py:3211} INFO - Sync 1 DAGs
[2026-04-14T14:11:45.526+0900] {logging_mixin.py:190} INFO - [2026-04-14T14:11:45.526+0900] {dag.py:4138} INFO - Setting next_dagrun for 07_msa_api_server_used_adv to 2026-04-14 00:00:00+00:00, run_after=2026-04-15 00:00:00+00:00
[2026-04-14T14:11:45.548+0900] {processor.py:208} INFO - Processing /opt/airflow/dags/07_msa_api_server_used_adv.py took 0.091 seconds
[2026-04-14T14:12:16.601+0900] {processor.py:186} INFO - Started process (PID=993) to work on /opt/airflow/dags/07_msa_api_server_used_adv.py
[2026-04-14T14:12:16.602+0900] {processor.py:914} INFO - Processing file /opt/airflow/dags/07_msa_api_server_used_adv.py for tasks to queue
[2026-04-14T14:12:16.604+0900] {logging_mixin.py:190} INFO - [2026-04-14T14:12:16.604+0900] {dagbag.py:587} INFO - Filling up the DagBag from /opt/airflow/dags/07_msa_api_server_used_adv.py
[2026-04-14T14:12:16.631+0900] {processor.py:925} INFO - DAG(s) '07_msa_api_server_used_adv' retrieved from /opt/airflow/dags/07_msa_api_server_used_adv.py
[2026-04-14T14:12:16.653+0900] {logging_mixin.py:190} INFO - [2026-04-14T14:12:16.653+0900] {dag.py:3211} INFO - Sync 1 DAGs
[2026-04-14T14:12:16.673+0900] {logging_mixin.py:190} INFO - [2026-04-14T14:12:16.673+0900] {dag.py:4138} INFO - Setting next_dagrun for 07_msa_api_server_used_adv to 2026-04-14 00:00:00+00:00, run_after=2026-04-15 00:00:00+00:00
[2026-04-14T14:12:16.689+0900] {processor.py:208} INFO - Processing /opt/airflow/dags/07_msa_api_server_used_adv.py took 0.093 seconds
[2026-04-14T14:12:46.954+0900] {processor.py:186} INFO - Started process (PID=1012) to work on /opt/airflow/dags/07_msa_api_server_used_adv.py
[2026-04-14T14:12:46.955+0900] {processor.py:914} INFO - Processing file /opt/airflow/dags/07_msa_api_server_used_adv.py for tasks to queue
[2026-04-14T14:12:46.957+0900] {logging_mixin.py:190} INFO - [2026-04-14T14:12:46.957+0900] {dagbag.py:587} INFO - Filling up the DagBag from /opt/airflow/dags/07_msa_api_server_used_adv.py
[2026-04-14T14:12:46.973+0900] {processor.py:925} INFO - DAG(s) '07_msa_api_server_used_adv' retrieved from /opt/airflow/dags/07_msa_api_server_used_adv.py
[2026-04-14T14:12:46.995+0900] {logging_mixin.py:190} INFO - [2026-04-14T14:12:46.995+0900] {dag.py:3211} INFO - Sync 1 DAGs
[2026-04-14T14:12:47.014+0900] {logging_mixin.py:190} INFO - [2026-04-14T14:12:47.014+0900] {dag.py:4138} INFO - Setting next_dagrun for 07_msa_api_server_used_adv to 2026-04-14 00:00:00+00:00, run_after=2026-04-15 00:00:00+00:00
[2026-04-14T14:12:47.031+0900] {processor.py:208} INFO - Processing /opt/airflow/dags/07_msa_api_server_used_adv.py took 0.081 seconds
[2026-04-14T14:13:17.281+0900] {processor.py:186} INFO - Started process (PID=1031) to work on /opt/airflow/dags/07_msa_api_server_used_adv.py
[2026-04-14T14:13:17.282+0900] {processor.py:914} INFO - Processing file /opt/airflow/dags/07_msa_api_server_used_adv.py for tasks to queue
[2026-04-14T14:13:17.284+0900] {logging_mixin.py:190} INFO - [2026-04-14T14:13:17.284+0900] {dagbag.py:587} INFO - Filling up the DagBag from /opt/airflow/dags/07_msa_api_server_used_adv.py
[2026-04-14T14:13:17.300+0900] {processor.py:925} INFO - DAG(s) '07_msa_api_server_used_adv' retrieved from /opt/airflow/dags/07_msa_api_server_used_adv.py
[2026-04-14T14:13:17.320+0900] {logging_mixin.py:190} INFO - [2026-04-14T14:13:17.320+0900] {dag.py:3211} INFO - Sync 1 DAGs
[2026-04-14T14:13:17.338+0900] {logging_mixin.py:190} INFO - [2026-04-14T14:13:17.338+0900] {dag.py:4138} INFO - Setting next_dagrun for 07_msa_api_server_used_adv to 2026-04-14 00:00:00+00:00, run_after=2026-04-15 00:00:00+00:00
[2026-04-14T14:13:17.359+0900] {processor.py:208} INFO - Processing /opt/airflow/dags/07_msa_api_server_used_adv.py took 0.082 seconds
[2026-04-14T14:13:47.425+0900] {processor.py:186} INFO - Started process (PID=1050) to work on /opt/airflow/dags/07_msa_api_server_used_adv.py
[2026-04-14T14:13:47.426+0900] {processor.py:914} INFO - Processing file /opt/airflow/dags/07_msa_api_server_used_adv.py for tasks to queue
[2026-04-14T14:13:47.429+0900] {logging_mixin.py:190} INFO - [2026-04-14T14:13:47.428+0900] {dagbag.py:587} INFO - Filling up the DagBag from /opt/airflow/dags/07_msa_api_server_used_adv.py
[2026-04-14T14:13:47.447+0900] {processor.py:925} INFO - DAG(s) '07_msa_api_server_used_adv' retrieved from /opt/airflow/dags/07_msa_api_server_used_adv.py
[2026-04-14T14:13:47.470+0900] {logging_mixin.py:190} INFO - [2026-04-14T14:13:47.470+0900] {dag.py:3211} INFO - Sync 1 DAGs
[2026-04-14T14:13:47.490+0900] {logging_mixin.py:190} INFO - [2026-04-14T14:13:47.489+0900] {dag.py:4138} INFO - Setting next_dagrun for 07_msa_api_server_used_adv to 2026-04-14 00:00:00+00:00, run_after=2026-04-15 00:00:00+00:00
[2026-04-14T14:13:47.509+0900] {processor.py:208} INFO - Processing /opt/airflow/dags/07_msa_api_server_used_adv.py took 0.088 seconds
[2026-04-14T14:14:17.615+0900] {processor.py:186} INFO - Started process (PID=1069) to work on /opt/airflow/dags/07_msa_api_server_used_adv.py
[2026-04-14T14:14:17.615+0900] {processor.py:914} INFO - Processing file /opt/airflow/dags/07_msa_api_server_used_adv.py for tasks to queue
[2026-04-14T14:14:17.617+0900] {logging_mixin.py:190} INFO - [2026-04-14T14:14:17.617+0900] {dagbag.py:587} INFO - Filling up the DagBag from /opt/airflow/dags/07_msa_api_server_used_adv.py
[2026-04-14T14:14:17.634+0900] {processor.py:925} INFO - DAG(s) '07_msa_api_server_used_adv' retrieved from /opt/airflow/dags/07_msa_api_server_used_adv.py
[2026-04-14T14:14:17.654+0900] {logging_mixin.py:190} INFO - [2026-04-14T14:14:17.654+0900] {dag.py:3211} INFO - Sync 1 DAGs
[2026-04-14T14:14:17.672+0900] {logging_mixin.py:190} INFO - [2026-04-14T14:14:17.672+0900] {dag.py:4138} INFO - Setting next_dagrun for 07_msa_api_server_used_adv to 2026-04-14 00:00:00+00:00, run_after=2026-04-15 00:00:00+00:00
[2026-04-14T14:14:17.688+0900] {processor.py:208} INFO - Processing /opt/airflow/dags/07_msa_api_server_used_adv.py took 0.078 seconds
[2026-04-14T14:14:47.778+0900] {processor.py:186} INFO - Started process (PID=1088) to work on /opt/airflow/dags/07_msa_api_server_used_adv.py
[2026-04-14T14:14:47.779+0900] {processor.py:914} INFO - Processing file /opt/airflow/dags/07_msa_api_server_used_adv.py for tasks to queue
[2026-04-14T14:14:47.781+0900] {logging_mixin.py:190} INFO - [2026-04-14T14:14:47.781+0900] {dagbag.py:587} INFO - Filling up the DagBag from /opt/airflow/dags/07_msa_api_server_used_adv.py
[2026-04-14T14:14:47.797+0900] {processor.py:925} INFO - DAG(s) '07_msa_api_server_used_adv' retrieved from /opt/airflow/dags/07_msa_api_server_used_adv.py
[2026-04-14T14:14:47.817+0900] {logging_mixin.py:190} INFO - [2026-04-14T14:14:47.817+0900] {dag.py:3211} INFO - Sync 1 DAGs
[2026-04-14T14:14:47.836+0900] {logging_mixin.py:190} INFO - [2026-04-14T14:14:47.835+0900] {dag.py:4138} INFO - Setting next_dagrun for 07_msa_api_server_used_adv to 2026-04-14 00:00:00+00:00, run_after=2026-04-15 00:00:00+00:00
[2026-04-14T14:14:47.851+0900] {processor.py:208} INFO - Processing /opt/airflow/dags/07_msa_api_server_used_adv.py took 0.078 seconds
[2026-04-14T14:15:17.922+0900] {processor.py:186} INFO - Started process (PID=1107) to work on /opt/airflow/dags/07_msa_api_server_used_adv.py
[2026-04-14T14:15:17.923+0900] {processor.py:914} INFO - Processing file /opt/airflow/dags/07_msa_api_server_used_adv.py for tasks to queue
[2026-04-14T14:15:17.926+0900] {logging_mixin.py:190} INFO - [2026-04-14T14:15:17.925+0900] {dagbag.py:587} INFO - Filling up the DagBag from /opt/airflow/dags/07_msa_api_server_used_adv.py
[2026-04-14T14:15:17.944+0900] {processor.py:925} INFO - DAG(s) '07_msa_api_server_used_adv' retrieved from /opt/airflow/dags/07_msa_api_server_used_adv.py
[2026-04-14T14:15:17.964+0900] {logging_mixin.py:190} INFO - [2026-04-14T14:15:17.963+0900] {dag.py:3211} INFO - Sync 1 DAGs
[2026-04-14T14:15:17.982+0900] {logging_mixin.py:190} INFO - [2026-04-14T14:15:17.981+0900] {dag.py:4138} INFO - Setting next_dagrun for 07_msa_api_server_used_adv to 2026-04-14 00:00:00+00:00, run_after=2026-04-15 00:00:00+00:00
[2026-04-14T14:15:17.998+0900] {processor.py:208} INFO - Processing /opt/airflow/dags/07_msa_api_server_used_adv.py took 0.080 seconds
[2026-04-14T14:15:48.132+0900] {processor.py:186} INFO - Started process (PID=1126) to work on /opt/airflow/dags/07_msa_api_server_used_adv.py
[2026-04-14T14:15:48.133+0900] {processor.py:914} INFO - Processing file /opt/airflow/dags/07_msa_api_server_used_adv.py for tasks to queue
[2026-04-14T14:15:48.135+0900] {logging_mixin.py:190} INFO - [2026-04-14T14:15:48.135+0900] {dagbag.py:587} INFO - Filling up the DagBag from /opt/airflow/dags/07_msa_api_server_used_adv.py
[2026-04-14T14:15:48.153+0900] {processor.py:925} INFO - DAG(s) '07_msa_api_server_used_adv' retrieved from /opt/airflow/dags/07_msa_api_server_used_adv.py
[2026-04-14T14:15:48.173+0900] {logging_mixin.py:190} INFO - [2026-04-14T14:15:48.172+0900] {dag.py:3211} INFO - Sync 1 DAGs
[2026-04-14T14:15:48.190+0900] {logging_mixin.py:190} INFO - [2026-04-14T14:15:48.190+0900] {dag.py:4138} INFO - Setting next_dagrun for 07_msa_api_server_used_adv to 2026-04-14 00:00:00+00:00, run_after=2026-04-15 00:00:00+00:00
[2026-04-14T14:15:48.205+0900] {processor.py:208} INFO - Processing /opt/airflow/dags/07_msa_api_server_used_adv.py took 0.078 seconds
[2026-04-14T14:16:18.281+0900] {processor.py:186} INFO - Started process (PID=1145) to work on /opt/airflow/dags/07_msa_api_server_used_adv.py
[2026-04-14T14:16:18.282+0900] {processor.py:914} INFO - Processing file /opt/airflow/dags/07_msa_api_server_used_adv.py for tasks to queue
[2026-04-14T14:16:18.285+0900] {logging_mixin.py:190} INFO - [2026-04-14T14:16:18.284+0900] {dagbag.py:587} INFO - Filling up the DagBag from /opt/airflow/dags/07_msa_api_server_used_adv.py
[2026-04-14T14:16:18.305+0900] {processor.py:925} INFO - DAG(s) '07_msa_api_server_used_adv' retrieved from /opt/airflow/dags/07_msa_api_server_used_adv.py
[2026-04-14T14:16:18.325+0900] {logging_mixin.py:190} INFO - [2026-04-14T14:16:18.324+0900] {dag.py:3211} INFO - Sync 1 DAGs
[2026-04-14T14:16:18.342+0900] {logging_mixin.py:190} INFO - [2026-04-14T14:16:18.342+0900] {dag.py:4138} INFO - Setting next_dagrun for 07_msa_api_server_used_adv to 2026-04-14 00:00:00+00:00, run_after=2026-04-15 00:00:00+00:00
[2026-04-14T14:16:18.357+0900] {processor.py:208} INFO - Processing /opt/airflow/dags/07_msa_api_server_used_adv.py took 0.080 seconds
[2026-04-14T14:16:48.501+0900] {processor.py:186} INFO - Started process (PID=1164) to work on /opt/airflow/dags/07_msa_api_server_used_adv.py
[2026-04-14T14:16:48.502+0900] {processor.py:914} INFO - Processing file /opt/airflow/dags/07_msa_api_server_used_adv.py for tasks to queue
[2026-04-14T14:16:48.504+0900] {logging_mixin.py:190} INFO - [2026-04-14T14:16:48.504+0900] {dagbag.py:587} INFO - Filling up the DagBag from /opt/airflow/dags/07_msa_api_server_used_adv.py
[2026-04-14T14:16:48.523+0900] {processor.py:925} INFO - DAG(s) '07_msa_api_server_used_adv' retrieved from /opt/airflow/dags/07_msa_api_server_used_adv.py
[2026-04-14T14:16:48.544+0900] {logging_mixin.py:190} INFO - [2026-04-14T14:16:48.544+0900] {dag.py:3211} INFO - Sync 1 DAGs
[2026-04-14T14:16:48.563+0900] {logging_mixin.py:190} INFO - [2026-04-14T14:16:48.563+0900] {dag.py:4138} INFO - Setting next_dagrun for 07_msa_api_server_used_adv to 2026-04-14 00:00:00+00:00, run_after=2026-04-15 00:00:00+00:00
[2026-04-14T14:16:48.583+0900] {processor.py:208} INFO - Processing /opt/airflow/dags/07_msa_api_server_used_adv.py took 0.087 seconds
[2026-04-14T14:17:18.980+0900] {processor.py:186} INFO - Started process (PID=1183) to work on /opt/airflow/dags/07_msa_api_server_used_adv.py
[2026-04-14T14:17:18.981+0900] {processor.py:914} INFO - Processing file /opt/airflow/dags/07_msa_api_server_used_adv.py for tasks to queue
[2026-04-14T14:17:18.983+0900] {logging_mixin.py:190} INFO - [2026-04-14T14:17:18.982+0900] {dagbag.py:587} INFO - Filling up the DagBag from /opt/airflow/dags/07_msa_api_server_used_adv.py
[2026-04-14T14:17:19.010+0900] {processor.py:925} INFO - DAG(s) '07_msa_api_server_used_adv' retrieved from /opt/airflow/dags/07_msa_api_server_used_adv.py
[2026-04-14T14:17:19.036+0900] {logging_mixin.py:190} INFO - [2026-04-14T14:17:19.035+0900] {dag.py:3211} INFO - Sync 1 DAGs
[2026-04-14T14:17:19.054+0900] {logging_mixin.py:190} INFO - [2026-04-14T14:17:19.054+0900] {dag.py:4138} INFO - Setting next_dagrun for 07_msa_api_server_used_adv to 2026-04-14 00:00:00+00:00, run_after=2026-04-15 00:00:00+00:00
[2026-04-14T14:17:19.077+0900] {processor.py:208} INFO - Processing /opt/airflow/dags/07_msa_api_server_used_adv.py took 0.102 seconds
[2026-04-14T14:17:49.290+0900] {processor.py:186} INFO - Started process (PID=1202) to work on /opt/airflow/dags/07_msa_api_server_used_adv.py
[2026-04-14T14:17:49.291+0900] {processor.py:914} INFO - Processing file /opt/airflow/dags/07_msa_api_server_used_adv.py for tasks to queue
[2026-04-14T14:17:49.293+0900] {logging_mixin.py:190} INFO - [2026-04-14T14:17:49.292+0900] {dagbag.py:587} INFO - Filling up the DagBag from /opt/airflow/dags/07_msa_api_server_used_adv.py
[2026-04-14T14:17:49.310+0900] {processor.py:925} INFO - DAG(s) '07_msa_api_server_used_adv' retrieved from /opt/airflow/dags/07_msa_api_server_used_adv.py
[2026-04-14T14:17:49.330+0900] {logging_mixin.py:190} INFO - [2026-04-14T14:17:49.330+0900] {dag.py:3211} INFO - Sync 1 DAGs
[2026-04-14T14:17:49.348+0900] {logging_mixin.py:190} INFO - [2026-04-14T14:17:49.348+0900] {dag.py:4138} INFO - Setting next_dagrun for 07_msa_api_server_used_adv to 2026-04-14 00:00:00+00:00, run_after=2026-04-15 00:00:00+00:00
[2026-04-14T14:17:49.370+0900] {processor.py:208} INFO - Processing /opt/airflow/dags/07_msa_api_server_used_adv.py took 0.085 seconds
[2026-04-14T14:18:19.617+0900] {processor.py:186} INFO - Started process (PID=1221) to work on /opt/airflow/dags/07_msa_api_server_used_adv.py
[2026-04-14T14:18:19.619+0900] {processor.py:914} INFO - Processing file /opt/airflow/dags/07_msa_api_server_used_adv.py for tasks to queue
[2026-04-14T14:18:19.621+0900] {logging_mixin.py:190} INFO - [2026-04-14T14:18:19.621+0900] {dagbag.py:587} INFO - Filling up the DagBag from /opt/airflow/dags/07_msa_api_server_used_adv.py
[2026-04-14T14:18:19.639+0900] {processor.py:925} INFO - DAG(s) '07_msa_api_server_used_adv' retrieved from /opt/airflow/dags/07_msa_api_server_used_adv.py
[2026-04-14T14:18:19.660+0900] {logging_mixin.py:190} INFO - [2026-04-14T14:18:19.660+0900] {dag.py:3211} INFO - Sync 1 DAGs
[2026-04-14T14:18:19.677+0900] {logging_mixin.py:190} INFO - [2026-04-14T14:18:19.677+0900] {dag.py:4138} INFO - Setting next_dagrun for 07_msa_api_server_used_adv to 2026-04-14 00:00:00+00:00, run_after=2026-04-15 00:00:00+00:00
[2026-04-14T14:18:19.699+0900] {processor.py:208} INFO - Processing /opt/airflow/dags/07_msa_api_server_used_adv.py took 0.086 seconds
[2026-04-14T14:18:49.915+0900] {processor.py:186} INFO - Started process (PID=1240) to work on /opt/airflow/dags/07_msa_api_server_used_adv.py
[2026-04-14T14:18:49.916+0900] {processor.py:914} INFO - Processing file /opt/airflow/dags/07_msa_api_server_used_adv.py for tasks to queue
[2026-04-14T14:18:49.918+0900] {logging_mixin.py:190} INFO - [2026-04-14T14:18:49.918+0900] {dagbag.py:587} INFO - Filling up the DagBag from /opt/airflow/dags/07_msa_api_server_used_adv.py
[2026-04-14T14:18:49.935+0900] {processor.py:925} INFO - DAG(s) '07_msa_api_server_used_adv' retrieved from /opt/airflow/dags/07_msa_api_server_used_adv.py
[2026-04-14T14:18:49.956+0900] {logging_mixin.py:190} INFO - [2026-04-14T14:18:49.956+0900] {dag.py:3211} INFO - Sync 1 DAGs
[2026-04-14T14:18:49.974+0900] {logging_mixin.py:190} INFO - [2026-04-14T14:18:49.974+0900] {dag.py:4138} INFO - Setting next_dagrun for 07_msa_api_server_used_adv to 2026-04-14 00:00:00+00:00, run_after=2026-04-15 00:00:00+00:00
[2026-04-14T14:18:49.990+0900] {processor.py:208} INFO - Processing /opt/airflow/dags/07_msa_api_server_used_adv.py took 0.081 seconds
[2026-04-14T14:19:20.103+0900] {processor.py:186} INFO - Started process (PID=1259) to work on /opt/airflow/dags/07_msa_api_server_used_adv.py
[2026-04-14T14:19:20.104+0900] {processor.py:914} INFO - Processing file /opt/airflow/dags/07_msa_api_server_used_adv.py for tasks to queue
[2026-04-14T14:19:20.106+0900] {logging_mixin.py:190} INFO - [2026-04-14T14:19:20.105+0900] {dagbag.py:587} INFO - Filling up the DagBag from /opt/airflow/dags/07_msa_api_server_used_adv.py
[2026-04-14T14:19:20.124+0900] {processor.py:925} INFO - DAG(s) '07_msa_api_server_used_adv' retrieved from /opt/airflow/dags/07_msa_api_server_used_adv.py
[2026-04-14T14:19:20.146+0900] {logging_mixin.py:190} INFO - [2026-04-14T14:19:20.145+0900] {dag.py:3211} INFO - Sync 1 DAGs
[2026-04-14T14:19:20.164+0900] {logging_mixin.py:190} INFO - [2026-04-14T14:19:20.164+0900] {dag.py:4138} INFO - Setting next_dagrun for 07_msa_api_server_used_adv to 2026-04-14 00:00:00+00:00, run_after=2026-04-15 00:00:00+00:00
[2026-04-14T14:19:20.181+0900] {processor.py:208} INFO - Processing /opt/airflow/dags/07_msa_api_server_used_adv.py took 0.083 seconds
[2026-04-14T14:19:50.487+0900] {processor.py:186} INFO - Started process (PID=1278) to work on /opt/airflow/dags/07_msa_api_server_used_adv.py
[2026-04-14T14:19:50.489+0900] {processor.py:914} INFO - Processing file /opt/airflow/dags/07_msa_api_server_used_adv.py for tasks to queue
[2026-04-14T14:19:50.491+0900] {logging_mixin.py:190} INFO - [2026-04-14T14:19:50.491+0900] {dagbag.py:587} INFO - Filling up the DagBag from /opt/airflow/dags/07_msa_api_server_used_adv.py
[2026-04-14T14:19:50.525+0900] {processor.py:925} INFO - DAG(s) '07_msa_api_server_used_adv' retrieved from /opt/airflow/dags/07_msa_api_server_used_adv.py
[2026-04-14T14:19:50.547+0900] {logging_mixin.py:190} INFO - [2026-04-14T14:19:50.547+0900] {dag.py:3211} INFO - Sync 1 DAGs
[2026-04-14T14:19:50.568+0900] {logging_mixin.py:190} INFO - [2026-04-14T14:19:50.568+0900] {dag.py:4138} INFO - Setting next_dagrun for 07_msa_api_server_used_adv to 2026-04-14 00:00:00+00:00, run_after=2026-04-15 00:00:00+00:00
[2026-04-14T14:19:50.587+0900] {processor.py:208} INFO - Processing /opt/airflow/dags/07_msa_api_server_used_adv.py took 0.105 seconds
[2026-04-14T14:20:20.956+0900] {processor.py:186} INFO - Started process (PID=1297) to work on /opt/airflow/dags/07_msa_api_server_used_adv.py
[2026-04-14T14:20:20.957+0900] {processor.py:914} INFO - Processing file /opt/airflow/dags/07_msa_api_server_used_adv.py for tasks to queue
[2026-04-14T14:20:20.960+0900] {logging_mixin.py:190} INFO - [2026-04-14T14:20:20.959+0900] {dagbag.py:587} INFO - Filling up the DagBag from /opt/airflow/dags/07_msa_api_server_used_adv.py
[2026-04-14T14:20:20.986+0900] {processor.py:925} INFO - DAG(s) '07_msa_api_server_used_adv' retrieved from /opt/airflow/dags/07_msa_api_server_used_adv.py
[2026-04-14T14:20:21.007+0900] {logging_mixin.py:190} INFO - [2026-04-14T14:20:21.007+0900] {dag.py:3211} INFO - Sync 1 DAGs
[2026-04-14T14:20:21.027+0900] {logging_mixin.py:190} INFO - [2026-04-14T14:20:21.026+0900] {dag.py:4138} INFO - Setting next_dagrun for 07_msa_api_server_used_adv to 2026-04-14 00:00:00+00:00, run_after=2026-04-15 00:00:00+00:00
[2026-04-14T14:20:21.048+0900] {processor.py:208} INFO - Processing /opt/airflow/dags/07_msa_api_server_used_adv.py took 0.097 seconds
[2026-04-14T14:20:51.205+0900] {processor.py:186} INFO - Started process (PID=1316) to work on /opt/airflow/dags/07_msa_api_server_used_adv.py
[2026-04-14T14:20:51.206+0900] {processor.py:914} INFO - Processing file /opt/airflow/dags/07_msa_api_server_used_adv.py for tasks to queue
[2026-04-14T14:20:51.208+0900] {logging_mixin.py:190} INFO - [2026-04-14T14:20:51.208+0900] {dagbag.py:587} INFO - Filling up the DagBag from /opt/airflow/dags/07_msa_api_server_used_adv.py
[2026-04-14T14:20:51.238+0900] {processor.py:925} INFO - DAG(s) '07_msa_api_server_used_adv' retrieved from /opt/airflow/dags/07_msa_api_server_used_adv.py
[2026-04-14T14:20:51.266+0900] {logging_mixin.py:190} INFO - [2026-04-14T14:20:51.265+0900] {dag.py:3211} INFO - Sync 1 DAGs
[2026-04-14T14:20:51.286+0900] {logging_mixin.py:190} INFO - [2026-04-14T14:20:51.286+0900] {dag.py:4138} INFO - Setting next_dagrun for 07_msa_api_server_used_adv to 2026-04-14 00:00:00+00:00, run_after=2026-04-15 00:00:00+00:00
[2026-04-14T14:20:51.305+0900] {processor.py:208} INFO - Processing /opt/airflow/dags/07_msa_api_server_used_adv.py took 0.106 seconds
[2026-04-14T14:21:21.558+0900] {processor.py:186} INFO - Started process (PID=1335) to work on /opt/airflow/dags/07_msa_api_server_used_adv.py
[2026-04-14T14:21:21.559+0900] {processor.py:914} INFO - Processing file /opt/airflow/dags/07_msa_api_server_used_adv.py for tasks to queue
[2026-04-14T14:21:21.561+0900] {logging_mixin.py:190} INFO - [2026-04-14T14:21:21.560+0900] {dagbag.py:587} INFO - Filling up the DagBag from /opt/airflow/dags/07_msa_api_server_used_adv.py
[2026-04-14T14:21:21.580+0900] {processor.py:925} INFO - DAG(s) '07_msa_api_server_used_adv' retrieved from /opt/airflow/dags/07_msa_api_server_used_adv.py
[2026-04-14T14:21:21.601+0900] {logging_mixin.py:190} INFO - [2026-04-14T14:21:21.601+0900] {dag.py:3211} INFO - Sync 1 DAGs
[2026-04-14T14:21:21.620+0900] {logging_mixin.py:190} INFO - [2026-04-14T14:21:21.619+0900] {dag.py:4138} INFO - Setting next_dagrun for 07_msa_api_server_used_adv to 2026-04-14 00:00:00+00:00, run_after=2026-04-15 00:00:00+00:00
[2026-04-14T14:21:21.635+0900] {processor.py:208} INFO - Processing /opt/airflow/dags/07_msa_api_server_used_adv.py took 0.082 seconds
[2026-04-14T14:21:51.928+0900] {processor.py:186} INFO - Started process (PID=1354) to work on /opt/airflow/dags/07_msa_api_server_used_adv.py
[2026-04-14T14:21:51.929+0900] {processor.py:914} INFO - Processing file /opt/airflow/dags/07_msa_api_server_used_adv.py for tasks to queue
[2026-04-14T14:21:51.931+0900] {logging_mixin.py:190} INFO - [2026-04-14T14:21:51.931+0900] {dagbag.py:587} INFO - Filling up the DagBag from /opt/airflow/dags/07_msa_api_server_used_adv.py
[2026-04-14T14:21:51.952+0900] {processor.py:925} INFO - DAG(s) '07_msa_api_server_used_adv' retrieved from /opt/airflow/dags/07_msa_api_server_used_adv.py
[2026-04-14T14:21:51.976+0900] {logging_mixin.py:190} INFO - [2026-04-14T14:21:51.975+0900] {dag.py:3211} INFO - Sync 1 DAGs
[2026-04-14T14:21:51.996+0900] {logging_mixin.py:190} INFO - [2026-04-14T14:21:51.996+0900] {dag.py:4138} INFO - Setting next_dagrun for 07_msa_api_server_used_adv to 2026-04-14 00:00:00+00:00, run_after=2026-04-15 00:00:00+00:00
[2026-04-14T14:21:52.017+0900] {processor.py:208} INFO - Processing /opt/airflow/dags/07_msa_api_server_used_adv.py took 0.094 seconds
[2026-04-14T14:22:22.344+0900] {processor.py:186} INFO - Started process (PID=1373) to work on /opt/airflow/dags/07_msa_api_server_used_adv.py
[2026-04-14T14:22:22.345+0900] {processor.py:914} INFO - Processing file /opt/airflow/dags/07_msa_api_server_used_adv.py for tasks to queue
[2026-04-14T14:22:22.347+0900] {logging_mixin.py:190} INFO - [2026-04-14T14:22:22.347+0900] {dagbag.py:587} INFO - Filling up the DagBag from /opt/airflow/dags/07_msa_api_server_used_adv.py
[2026-04-14T14:22:22.366+0900] {processor.py:925} INFO - DAG(s) '07_msa_api_server_used_adv' retrieved from /opt/airflow/dags/07_msa_api_server_used_adv.py
[2026-04-14T14:22:22.386+0900] {logging_mixin.py:190} INFO - [2026-04-14T14:22:22.386+0900] {dag.py:3211} INFO - Sync 1 DAGs
[2026-04-14T14:22:22.406+0900] {logging_mixin.py:190} INFO - [2026-04-14T14:22:22.406+0900] {dag.py:4138} INFO - Setting next_dagrun for 07_msa_api_server_used_adv to 2026-04-14 00:00:00+00:00, run_after=2026-04-15 00:00:00+00:00
[2026-04-14T14:22:22.422+0900] {processor.py:208} INFO - Processing /opt/airflow/dags/07_msa_api_server_used_adv.py took 0.083 seconds
[2026-04-14T14:22:52.752+0900] {processor.py:186} INFO - Started process (PID=1392) to work on /opt/airflow/dags/07_msa_api_server_used_adv.py
[2026-04-14T14:22:52.754+0900] {processor.py:914} INFO - Processing file /opt/airflow/dags/07_msa_api_server_used_adv.py for tasks to queue
[2026-04-14T14:22:52.756+0900] {logging_mixin.py:190} INFO - [2026-04-14T14:22:52.756+0900] {dagbag.py:587} INFO - Filling up the DagBag from /opt/airflow/dags/07_msa_api_server_used_adv.py
[2026-04-14T14:22:52.783+0900] {processor.py:925} INFO - DAG(s) '07_msa_api_server_used_adv' retrieved from /opt/airflow/dags/07_msa_api_server_used_adv.py
[2026-04-14T14:22:52.808+0900] {logging_mixin.py:190} INFO - [2026-04-14T14:22:52.808+0900] {dag.py:3211} INFO - Sync 1 DAGs
[2026-04-14T14:22:52.827+0900] {logging_mixin.py:190} INFO - [2026-04-14T14:22:52.827+0900] {dag.py:4138} INFO - Setting next_dagrun for 07_msa_api_server_used_adv to 2026-04-14 00:00:00+00:00, run_after=2026-04-15 00:00:00+00:00
[2026-04-14T14:22:52.845+0900] {processor.py:208} INFO - Processing /opt/airflow/dags/07_msa_api_server_used_adv.py took 0.098 seconds
[2026-04-14T14:23:23.378+0900] {processor.py:186} INFO - Started process (PID=1411) to work on /opt/airflow/dags/07_msa_api_server_used_adv.py
[2026-04-14T14:23:23.379+0900] {processor.py:914} INFO - Processing file /opt/airflow/dags/07_msa_api_server_used_adv.py for tasks to queue
[2026-04-14T14:23:23.380+0900] {logging_mixin.py:190} INFO - [2026-04-14T14:23:23.380+0900] {dagbag.py:587} INFO - Filling up the DagBag from /opt/airflow/dags/07_msa_api_server_used_adv.py
[2026-04-14T14:23:23.396+0900] {processor.py:925} INFO - DAG(s) '07_msa_api_server_used_adv' retrieved from /opt/airflow/dags/07_msa_api_server_used_adv.py
[2026-04-14T14:23:23.415+0900] {logging_mixin.py:190} INFO - [2026-04-14T14:23:23.415+0900] {dag.py:3211} INFO - Sync 1 DAGs
[2026-04-14T14:23:23.433+0900] {logging_mixin.py:190} INFO - [2026-04-14T14:23:23.432+0900] {dag.py:4138} INFO - Setting next_dagrun for 07_msa_api_server_used_adv to 2026-04-14 00:00:00+00:00, run_after=2026-04-15 00:00:00+00:00
[2026-04-14T14:23:23.446+0900] {processor.py:208} INFO - Processing /opt/airflow/dags/07_msa_api_server_used_adv.py took 0.073 seconds
[2026-04-14T14:23:53.604+0900] {processor.py:186} INFO - Started process (PID=1430) to work on /opt/airflow/dags/07_msa_api_server_used_adv.py
[2026-04-14T14:23:53.605+0900] {processor.py:914} INFO - Processing file /opt/airflow/dags/07_msa_api_server_used_adv.py for tasks to queue
[2026-04-14T14:23:53.607+0900] {logging_mixin.py:190} INFO - [2026-04-14T14:23:53.606+0900] {dagbag.py:587} INFO - Filling up the DagBag from /opt/airflow/dags/07_msa_api_server_used_adv.py
[2026-04-14T14:23:53.625+0900] {processor.py:925} INFO - DAG(s) '07_msa_api_server_used_adv' retrieved from /opt/airflow/dags/07_msa_api_server_used_adv.py
[2026-04-14T14:23:53.647+0900] {logging_mixin.py:190} INFO - [2026-04-14T14:23:53.647+0900] {dag.py:3211} INFO - Sync 1 DAGs
[2026-04-14T14:23:53.668+0900] {logging_mixin.py:190} INFO - [2026-04-14T14:23:53.667+0900] {dag.py:4138} INFO - Setting next_dagrun for 07_msa_api_server_used_adv to 2026-04-14 00:00:00+00:00, run_after=2026-04-15 00:00:00+00:00
[2026-04-14T14:23:53.689+0900] {processor.py:208} INFO - Processing /opt/airflow/dags/07_msa_api_server_used_adv.py took 0.091 seconds
[2026-04-14T14:24:23.958+0900] {processor.py:186} INFO - Started process (PID=1449) to work on /opt/airflow/dags/07_msa_api_server_used_adv.py
[2026-04-14T14:24:23.959+0900] {processor.py:914} INFO - Processing file /opt/airflow/dags/07_msa_api_server_used_adv.py for tasks to queue
[2026-04-14T14:24:23.961+0900] {logging_mixin.py:190} INFO - [2026-04-14T14:24:23.961+0900] {dagbag.py:587} INFO - Filling up the DagBag from /opt/airflow/dags/07_msa_api_server_used_adv.py
[2026-04-14T14:24:23.982+0900] {processor.py:925} INFO - DAG(s) '07_msa_api_server_used_adv' retrieved from /opt/airflow/dags/07_msa_api_server_used_adv.py
[2026-04-14T14:24:24.003+0900] {logging_mixin.py:190} INFO - [2026-04-14T14:24:24.003+0900] {dag.py:3211} INFO - Sync 1 DAGs
[2026-04-14T14:24:24.020+0900] {logging_mixin.py:190} INFO - [2026-04-14T14:24:24.020+0900] {dag.py:4138} INFO - Setting next_dagrun for 07_msa_api_server_used_adv to 2026-04-14 00:00:00+00:00, run_after=2026-04-15 00:00:00+00:00
[2026-04-14T14:24:24.039+0900] {processor.py:208} INFO - Processing /opt/airflow/dags/07_msa_api_server_used_adv.py took 0.087 seconds
[2026-04-14T14:24:54.134+0900] {processor.py:186} INFO - Started process (PID=1467) to work on /opt/airflow/dags/07_msa_api_server_used_adv.py
[2026-04-14T14:24:54.135+0900] {processor.py:914} INFO - Processing file /opt/airflow/dags/07_msa_api_server_used_adv.py for tasks to queue
[2026-04-14T14:24:54.137+0900] {logging_mixin.py:190} INFO - [2026-04-14T14:24:54.137+0900] {dagbag.py:587} INFO - Filling up the DagBag from /opt/airflow/dags/07_msa_api_server_used_adv.py
[2026-04-14T14:24:54.172+0900] {processor.py:925} INFO - DAG(s) '07_msa_api_server_used_adv' retrieved from /opt/airflow/dags/07_msa_api_server_used_adv.py
[2026-04-14T14:24:54.195+0900] {logging_mixin.py:190} INFO - [2026-04-14T14:24:54.195+0900] {dag.py:3211} INFO - Sync 1 DAGs
[2026-04-14T14:24:54.213+0900] {logging_mixin.py:190} INFO - [2026-04-14T14:24:54.213+0900] {dag.py:4138} INFO - Setting next_dagrun for 07_msa_api_server_used_adv to 2026-04-14 00:00:00+00:00, run_after=2026-04-15 00:00:00+00:00
[2026-04-14T14:24:54.230+0900] {processor.py:208} INFO - Processing /opt/airflow/dags/07_msa_api_server_used_adv.py took 0.102 seconds
[2026-04-14T14:25:24.550+0900] {processor.py:186} INFO - Started process (PID=1486) to work on /opt/airflow/dags/07_msa_api_server_used_adv.py
[2026-04-14T14:25:24.551+0900] {processor.py:914} INFO - Processing file /opt/airflow/dags/07_msa_api_server_used_adv.py for tasks to queue
[2026-04-14T14:25:24.553+0900] {logging_mixin.py:190} INFO - [2026-04-14T14:25:24.553+0900] {dagbag.py:587} INFO - Filling up the DagBag from /opt/airflow/dags/07_msa_api_server_used_adv.py
[2026-04-14T14:25:24.573+0900] {processor.py:925} INFO - DAG(s) '07_msa_api_server_used_adv' retrieved from /opt/airflow/dags/07_msa_api_server_used_adv.py
[2026-04-14T14:25:24.595+0900] {logging_mixin.py:190} INFO - [2026-04-14T14:25:24.595+0900] {dag.py:3211} INFO - Sync 1 DAGs
[2026-04-14T14:25:24.614+0900] {logging_mixin.py:190} INFO - [2026-04-14T14:25:24.614+0900] {dag.py:4138} INFO - Setting next_dagrun for 07_msa_api_server_used_adv to 2026-04-14 00:00:00+00:00, run_after=2026-04-15 00:00:00+00:00
[2026-04-14T14:25:24.634+0900] {processor.py:208} INFO - Processing /opt/airflow/dags/07_msa_api_server_used_adv.py took 0.090 seconds
[2026-04-14T14:25:54.994+0900] {processor.py:186} INFO - Started process (PID=1505) to work on /opt/airflow/dags/07_msa_api_server_used_adv.py
[2026-04-14T14:25:54.996+0900] {processor.py:914} INFO - Processing file /opt/airflow/dags/07_msa_api_server_used_adv.py for tasks to queue
[2026-04-14T14:25:54.998+0900] {logging_mixin.py:190} INFO - [2026-04-14T14:25:54.998+0900] {dagbag.py:587} INFO - Filling up the DagBag from /opt/airflow/dags/07_msa_api_server_used_adv.py
[2026-04-14T14:25:55.026+0900] {processor.py:925} INFO - DAG(s) '07_msa_api_server_used_adv' retrieved from /opt/airflow/dags/07_msa_api_server_used_adv.py
[2026-04-14T14:25:55.047+0900] {logging_mixin.py:190} INFO - [2026-04-14T14:25:55.047+0900] {dag.py:3211} INFO - Sync 1 DAGs
[2026-04-14T14:25:55.066+0900] {logging_mixin.py:190} INFO - [2026-04-14T14:25:55.066+0900] {dag.py:4138} INFO - Setting next_dagrun for 07_msa_api_server_used_adv to 2026-04-14 00:00:00+00:00, run_after=2026-04-15 00:00:00+00:00
[2026-04-14T14:25:55.081+0900] {processor.py:208} INFO - Processing /opt/airflow/dags/07_msa_api_server_used_adv.py took 0.093 seconds
[2026-04-14T14:26:25.371+0900] {processor.py:186} INFO - Started process (PID=1524) to work on /opt/airflow/dags/07_msa_api_server_used_adv.py
[2026-04-14T14:26:25.372+0900] {processor.py:914} INFO - Processing file /opt/airflow/dags/07_msa_api_server_used_adv.py for tasks to queue
[2026-04-14T14:26:25.374+0900] {logging_mixin.py:190} INFO - [2026-04-14T14:26:25.374+0900] {dagbag.py:587} INFO - Filling up the DagBag from /opt/airflow/dags/07_msa_api_server_used_adv.py
[2026-04-14T14:26:25.392+0900] {processor.py:925} INFO - DAG(s) '07_msa_api_server_used_adv' retrieved from /opt/airflow/dags/07_msa_api_server_used_adv.py
[2026-04-14T14:26:25.413+0900] {logging_mixin.py:190} INFO - [2026-04-14T14:26:25.413+0900] {dag.py:3211} INFO - Sync 1 DAGs
[2026-04-14T14:26:25.431+0900] {logging_mixin.py:190} INFO - [2026-04-14T14:26:25.431+0900] {dag.py:4138} INFO - Setting next_dagrun for 07_msa_api_server_used_adv to 2026-04-14 00:00:00+00:00, run_after=2026-04-15 00:00:00+00:00
[2026-04-14T14:26:25.451+0900] {processor.py:208} INFO - Processing /opt/airflow/dags/07_msa_api_server_used_adv.py took 0.085 seconds
[2026-04-14T14:26:55.665+0900] {processor.py:186} INFO - Started process (PID=1543) to work on /opt/airflow/dags/07_msa_api_server_used_adv.py
[2026-04-14T14:26:55.665+0900] {processor.py:914} INFO - Processing file /opt/airflow/dags/07_msa_api_server_used_adv.py for tasks to queue
[2026-04-14T14:26:55.668+0900] {logging_mixin.py:190} INFO - [2026-04-14T14:26:55.668+0900] {dagbag.py:587} INFO - Filling up the DagBag from /opt/airflow/dags/07_msa_api_server_used_adv.py
[2026-04-14T14:26:55.688+0900] {processor.py:925} INFO - DAG(s) '07_msa_api_server_used_adv' retrieved from /opt/airflow/dags/07_msa_api_server_used_adv.py
[2026-04-14T14:26:55.710+0900] {logging_mixin.py:190} INFO - [2026-04-14T14:26:55.710+0900] {dag.py:3211} INFO - Sync 1 DAGs
[2026-04-14T14:26:55.727+0900] {logging_mixin.py:190} INFO - [2026-04-14T14:26:55.727+0900] {dag.py:4138} INFO - Setting next_dagrun for 07_msa_api_server_used_adv to 2026-04-14 00:00:00+00:00, run_after=2026-04-15 00:00:00+00:00
[2026-04-14T14:26:55.742+0900] {processor.py:208} INFO - Processing /opt/airflow/dags/07_msa_api_server_used_adv.py took 0.082 seconds
[2026-04-14T14:27:25.838+0900] {processor.py:186} INFO - Started process (PID=1562) to work on /opt/airflow/dags/07_msa_api_server_used_adv.py
[2026-04-14T14:27:25.838+0900] {processor.py:914} INFO - Processing file /opt/airflow/dags/07_msa_api_server_used_adv.py for tasks to queue
[2026-04-14T14:27:25.841+0900] {logging_mixin.py:190} INFO - [2026-04-14T14:27:25.840+0900] {dagbag.py:587} INFO - Filling up the DagBag from /opt/airflow/dags/07_msa_api_server_used_adv.py
[2026-04-14T14:27:25.858+0900] {processor.py:925} INFO - DAG(s) '07_msa_api_server_used_adv' retrieved from /opt/airflow/dags/07_msa_api_server_used_adv.py
[2026-04-14T14:27:25.879+0900] {logging_mixin.py:190} INFO - [2026-04-14T14:27:25.879+0900] {dag.py:3211} INFO - Sync 1 DAGs
[2026-04-14T14:27:25.900+0900] {logging_mixin.py:190} INFO - [2026-04-14T14:27:25.899+0900] {dag.py:4138} INFO - Setting next_dagrun for 07_msa_api_server_used_adv to 2026-04-14 00:00:00+00:00, run_after=2026-04-15 00:00:00+00:00
[2026-04-14T14:27:25.918+0900] {processor.py:208} INFO - Processing /opt/airflow/dags/07_msa_api_server_used_adv.py took 0.086 seconds
[2026-04-14T14:27:56.003+0900] {processor.py:186} INFO - Started process (PID=1581) to work on /opt/airflow/dags/07_msa_api_server_used_adv.py
[2026-04-14T14:27:56.004+0900] {processor.py:914} INFO - Processing file /opt/airflow/dags/07_msa_api_server_used_adv.py for tasks to queue
[2026-04-14T14:27:56.007+0900] {logging_mixin.py:190} INFO - [2026-04-14T14:27:56.006+0900] {dagbag.py:587} INFO - Filling up the DagBag from /opt/airflow/dags/07_msa_api_server_used_adv.py
[2026-04-14T14:27:56.024+0900] {processor.py:925} INFO - DAG(s) '07_msa_api_server_used_adv' retrieved from /opt/airflow/dags/07_msa_api_server_used_adv.py
[2026-04-14T14:27:56.045+0900] {logging_mixin.py:190} INFO - [2026-04-14T14:27:56.045+0900] {dag.py:3211} INFO - Sync 1 DAGs
[2026-04-14T14:27:56.065+0900] {logging_mixin.py:190} INFO - [2026-04-14T14:27:56.065+0900] {dag.py:4138} INFO - Setting next_dagrun for 07_msa_api_server_used_adv to 2026-04-14 00:00:00+00:00, run_after=2026-04-15 00:00:00+00:00
[2026-04-14T14:27:56.081+0900] {processor.py:208} INFO - Processing /opt/airflow/dags/07_msa_api_server_used_adv.py took 0.082 seconds
[2026-04-14T14:28:26.386+0900] {processor.py:186} INFO - Started process (PID=1600) to work on /opt/airflow/dags/07_msa_api_server_used_adv.py
[2026-04-14T14:28:26.387+0900] {processor.py:914} INFO - Processing file /opt/airflow/dags/07_msa_api_server_used_adv.py for tasks to queue
[2026-04-14T14:28:26.389+0900] {logging_mixin.py:190} INFO - [2026-04-14T14:28:26.388+0900] {dagbag.py:587} INFO - Filling up the DagBag from /opt/airflow/dags/07_msa_api_server_used_adv.py
[2026-04-14T14:28:26.411+0900] {processor.py:925} INFO - DAG(s) '07_msa_api_server_used_adv' retrieved from /opt/airflow/dags/07_msa_api_server_used_adv.py
[2026-04-14T14:28:26.436+0900] {logging_mixin.py:190} INFO - [2026-04-14T14:28:26.435+0900] {dag.py:3211} INFO - Sync 1 DAGs
[2026-04-14T14:28:26.454+0900] {logging_mixin.py:190} INFO - [2026-04-14T14:28:26.454+0900] {dag.py:4138} INFO - Setting next_dagrun for 07_msa_api_server_used_adv to 2026-04-14 00:00:00+00:00, run_after=2026-04-15 00:00:00+00:00
[2026-04-14T14:28:26.477+0900] {processor.py:208} INFO - Processing /opt/airflow/dags/07_msa_api_server_used_adv.py took 0.097 seconds
[2026-04-14T14:28:56.768+0900] {processor.py:186} INFO - Started process (PID=1619) to work on /opt/airflow/dags/07_msa_api_server_used_adv.py
[2026-04-14T14:28:56.769+0900] {processor.py:914} INFO - Processing file /opt/airflow/dags/07_msa_api_server_used_adv.py for tasks to queue
[2026-04-14T14:28:56.772+0900] {logging_mixin.py:190} INFO - [2026-04-14T14:28:56.771+0900] {dagbag.py:587} INFO - Filling up the DagBag from /opt/airflow/dags/07_msa_api_server_used_adv.py
[2026-04-14T14:28:56.790+0900] {processor.py:925} INFO - DAG(s) '07_msa_api_server_used_adv' retrieved from /opt/airflow/dags/07_msa_api_server_used_adv.py
[2026-04-14T14:28:56.813+0900] {logging_mixin.py:190} INFO - [2026-04-14T14:28:56.813+0900] {dag.py:3211} INFO - Sync 1 DAGs
[2026-04-14T14:28:56.833+0900] {logging_mixin.py:190} INFO - [2026-04-14T14:28:56.833+0900] {dag.py:4138} INFO - Setting next_dagrun for 07_msa_api_server_used_adv to 2026-04-14 00:00:00+00:00, run_after=2026-04-15 00:00:00+00:00
[2026-04-14T14:28:56.854+0900] {processor.py:208} INFO - Processing /opt/airflow/dags/07_msa_api_server_used_adv.py took 0.090 seconds
[2026-04-14T14:29:27.095+0900] {processor.py:186} INFO - Started process (PID=1638) to work on /opt/airflow/dags/07_msa_api_server_used_adv.py
[2026-04-14T14:29:27.096+0900] {processor.py:914} INFO - Processing file /opt/airflow/dags/07_msa_api_server_used_adv.py for tasks to queue
[2026-04-14T14:29:27.098+0900] {logging_mixin.py:190} INFO - [2026-04-14T14:29:27.098+0900] {dagbag.py:587} INFO - Filling up the DagBag from /opt/airflow/dags/07_msa_api_server_used_adv.py
[2026-04-14T14:29:27.116+0900] {processor.py:925} INFO - DAG(s) '07_msa_api_server_used_adv' retrieved from /opt/airflow/dags/07_msa_api_server_used_adv.py
[2026-04-14T14:29:27.137+0900] {logging_mixin.py:190} INFO - [2026-04-14T14:29:27.137+0900] {dag.py:3211} INFO - Sync 1 DAGs
[2026-04-14T14:29:27.156+0900] {logging_mixin.py:190} INFO - [2026-04-14T14:29:27.155+0900] {dag.py:4138} INFO - Setting next_dagrun for 07_msa_api_server_used_adv to 2026-04-14 00:00:00+00:00, run_after=2026-04-15 00:00:00+00:00
[2026-04-14T14:29:27.173+0900] {processor.py:208} INFO - Processing /opt/airflow/dags/07_msa_api_server_used_adv.py took 0.083 seconds
[2026-04-14T14:29:57.554+0900] {processor.py:186} INFO - Started process (PID=1658) to work on /opt/airflow/dags/07_msa_api_server_used_adv.py
[2026-04-14T14:29:57.555+0900] {processor.py:914} INFO - Processing file /opt/airflow/dags/07_msa_api_server_used_adv.py for tasks to queue
[2026-04-14T14:29:57.558+0900] {logging_mixin.py:190} INFO - [2026-04-14T14:29:57.557+0900] {dagbag.py:587} INFO - Filling up the DagBag from /opt/airflow/dags/07_msa_api_server_used_adv.py
[2026-04-14T14:29:57.583+0900] {processor.py:925} INFO - DAG(s) '07_msa_api_server_used_adv' retrieved from /opt/airflow/dags/07_msa_api_server_used_adv.py
[2026-04-14T14:29:57.604+0900] {logging_mixin.py:190} INFO - [2026-04-14T14:29:57.604+0900] {dag.py:3211} INFO - Sync 1 DAGs
[2026-04-14T14:29:57.623+0900] {logging_mixin.py:190} INFO - [2026-04-14T14:29:57.623+0900] {dag.py:4138} INFO - Setting next_dagrun for 07_msa_api_server_used_adv to 2026-04-14 00:00:00+00:00, run_after=2026-04-15 00:00:00+00:00
[2026-04-14T14:29:57.638+0900] {processor.py:208} INFO - Processing /opt/airflow/dags/07_msa_api_server_used_adv.py took 0.088 seconds
[2026-04-14T14:30:27.889+0900] {processor.py:186} INFO - Started process (PID=1677) to work on /opt/airflow/dags/07_msa_api_server_used_adv.py
[2026-04-14T14:30:27.890+0900] {processor.py:914} INFO - Processing file /opt/airflow/dags/07_msa_api_server_used_adv.py for tasks to queue
[2026-04-14T14:30:27.892+0900] {logging_mixin.py:190} INFO - [2026-04-14T14:30:27.892+0900] {dagbag.py:587} INFO - Filling up the DagBag from /opt/airflow/dags/07_msa_api_server_used_adv.py
[2026-04-14T14:30:27.910+0900] {processor.py:925} INFO - DAG(s) '07_msa_api_server_used_adv' retrieved from /opt/airflow/dags/07_msa_api_server_used_adv.py
[2026-04-14T14:30:27.932+0900] {logging_mixin.py:190} INFO - [2026-04-14T14:30:27.932+0900] {dag.py:3211} INFO - Sync 1 DAGs
[2026-04-14T14:30:27.950+0900] {logging_mixin.py:190} INFO - [2026-04-14T14:30:27.949+0900] {dag.py:4138} INFO - Setting next_dagrun for 07_msa_api_server_used_adv to 2026-04-14 00:00:00+00:00, run_after=2026-04-15 00:00:00+00:00
[2026-04-14T14:30:27.970+0900] {processor.py:208} INFO - Processing /opt/airflow/dags/07_msa_api_server_used_adv.py took 0.085 seconds
[2026-04-14T14:30:58.381+0900] {processor.py:186} INFO - Started process (PID=1696) to work on /opt/airflow/dags/07_msa_api_server_used_adv.py
[2026-04-14T14:30:58.381+0900] {processor.py:914} INFO - Processing file /opt/airflow/dags/07_msa_api_server_used_adv.py for tasks to queue
[2026-04-14T14:30:58.383+0900] {logging_mixin.py:190} INFO - [2026-04-14T14:30:58.383+0900] {dagbag.py:587} INFO - Filling up the DagBag from /opt/airflow/dags/07_msa_api_server_used_adv.py
[2026-04-14T14:30:58.403+0900] {processor.py:925} INFO - DAG(s) '07_msa_api_server_used_adv' retrieved from /opt/airflow/dags/07_msa_api_server_used_adv.py
[2026-04-14T14:30:58.424+0900] {logging_mixin.py:190} INFO - [2026-04-14T14:30:58.424+0900] {dag.py:3211} INFO - Sync 1 DAGs
[2026-04-14T14:30:58.443+0900] {logging_mixin.py:190} INFO - [2026-04-14T14:30:58.443+0900] {dag.py:4138} INFO - Setting next_dagrun for 07_msa_api_server_used_adv to 2026-04-14 00:00:00+00:00, run_after=2026-04-15 00:00:00+00:00
[2026-04-14T14:30:58.459+0900] {processor.py:208} INFO - Processing /opt/airflow/dags/07_msa_api_server_used_adv.py took 0.083 seconds
[2026-04-14T14:31:28.526+0900] {processor.py:186} INFO - Started process (PID=1714) to work on /opt/airflow/dags/07_msa_api_server_used_adv.py
[2026-04-14T14:31:28.527+0900] {processor.py:914} INFO - Processing file /opt/airflow/dags/07_msa_api_server_used_adv.py for tasks to queue
[2026-04-14T14:31:28.530+0900] {logging_mixin.py:190} INFO - [2026-04-14T14:31:28.529+0900] {dagbag.py:587} INFO - Filling up the DagBag from /opt/airflow/dags/07_msa_api_server_used_adv.py
[2026-04-14T14:31:28.552+0900] {processor.py:925} INFO - DAG(s) '07_msa_api_server_used_adv' retrieved from /opt/airflow/dags/07_msa_api_server_used_adv.py
[2026-04-14T14:31:28.576+0900] {logging_mixin.py:190} INFO - [2026-04-14T14:31:28.576+0900] {dag.py:3211} INFO - Sync 1 DAGs
[2026-04-14T14:31:28.598+0900] {logging_mixin.py:190} INFO - [2026-04-14T14:31:28.598+0900] {dag.py:4138} INFO - Setting next_dagrun for 07_msa_api_server_used_adv to 2026-04-14 00:00:00+00:00, run_after=2026-04-15 00:00:00+00:00
[2026-04-14T14:31:28.616+0900] {processor.py:208} INFO - Processing /opt/airflow/dags/07_msa_api_server_used_adv.py took 0.096 seconds
[2026-04-14T14:31:58.986+0900] {processor.py:186} INFO - Started process (PID=1733) to work on /opt/airflow/dags/07_msa_api_server_used_adv.py
[2026-04-14T14:31:58.987+0900] {processor.py:914} INFO - Processing file /opt/airflow/dags/07_msa_api_server_used_adv.py for tasks to queue
[2026-04-14T14:31:58.989+0900] {logging_mixin.py:190} INFO - [2026-04-14T14:31:58.989+0900] {dagbag.py:587} INFO - Filling up the DagBag from /opt/airflow/dags/07_msa_api_server_used_adv.py
[2026-04-14T14:31:59.008+0900] {processor.py:925} INFO - DAG(s) '07_msa_api_server_used_adv' retrieved from /opt/airflow/dags/07_msa_api_server_used_adv.py
[2026-04-14T14:31:59.030+0900] {logging_mixin.py:190} INFO - [2026-04-14T14:31:59.030+0900] {dag.py:3211} INFO - Sync 1 DAGs
[2026-04-14T14:31:59.050+0900] {logging_mixin.py:190} INFO - [2026-04-14T14:31:59.049+0900] {dag.py:4138} INFO - Setting next_dagrun for 07_msa_api_server_used_adv to 2026-04-14 00:00:00+00:00, run_after=2026-04-15 00:00:00+00:00
[2026-04-14T14:31:59.066+0900] {processor.py:208} INFO - Processing /opt/airflow/dags/07_msa_api_server_used_adv.py took 0.086 seconds
[2026-04-14T14:32:29.166+0900] {processor.py:186} INFO - Started process (PID=1752) to work on /opt/airflow/dags/07_msa_api_server_used_adv.py
[2026-04-14T14:32:29.167+0900] {processor.py:914} INFO - Processing file /opt/airflow/dags/07_msa_api_server_used_adv.py for tasks to queue
[2026-04-14T14:32:29.169+0900] {logging_mixin.py:190} INFO - [2026-04-14T14:32:29.169+0900] {dagbag.py:587} INFO - Filling up the DagBag from /opt/airflow/dags/07_msa_api_server_used_adv.py
[2026-04-14T14:32:29.193+0900] {processor.py:925} INFO - DAG(s) '07_msa_api_server_used_adv' retrieved from /opt/airflow/dags/07_msa_api_server_used_adv.py
[2026-04-14T14:32:29.218+0900] {logging_mixin.py:190} INFO - [2026-04-14T14:32:29.217+0900] {dag.py:3211} INFO - Sync 1 DAGs
[2026-04-14T14:32:29.241+0900] {logging_mixin.py:190} INFO - [2026-04-14T14:32:29.241+0900] {dag.py:4138} INFO - Setting next_dagrun for 07_msa_api_server_used_adv to 2026-04-14 00:00:00+00:00, run_after=2026-04-15 00:00:00+00:00
[2026-04-14T14:32:29.262+0900] {processor.py:208} INFO - Processing /opt/airflow/dags/07_msa_api_server_used_adv.py took 0.102 seconds
[2026-04-14T14:32:59.370+0900] {processor.py:186} INFO - Started process (PID=1771) to work on /opt/airflow/dags/07_msa_api_server_used_adv.py
[2026-04-14T14:32:59.371+0900] {processor.py:914} INFO - Processing file /opt/airflow/dags/07_msa_api_server_used_adv.py for tasks to queue
[2026-04-14T14:32:59.373+0900] {logging_mixin.py:190} INFO - [2026-04-14T14:32:59.373+0900] {dagbag.py:587} INFO - Filling up the DagBag from /opt/airflow/dags/07_msa_api_server_used_adv.py
[2026-04-14T14:32:59.391+0900] {processor.py:925} INFO - DAG(s) '07_msa_api_server_used_adv' retrieved from /opt/airflow/dags/07_msa_api_server_used_adv.py
[2026-04-14T14:32:59.412+0900] {logging_mixin.py:190} INFO - [2026-04-14T14:32:59.412+0900] {dag.py:3211} INFO - Sync 1 DAGs
[2026-04-14T14:32:59.429+0900] {logging_mixin.py:190} INFO - [2026-04-14T14:32:59.429+0900] {dag.py:4138} INFO - Setting next_dagrun for 07_msa_api_server_used_adv to 2026-04-14 00:00:00+00:00, run_after=2026-04-15 00:00:00+00:00
[2026-04-14T14:32:59.444+0900] {processor.py:208} INFO - Processing /opt/airflow/dags/07_msa_api_server_used_adv.py took 0.079 seconds
[2026-04-14T14:33:29.765+0900] {processor.py:186} INFO - Started process (PID=1790) to work on /opt/airflow/dags/07_msa_api_server_used_adv.py
[2026-04-14T14:33:29.766+0900] {processor.py:914} INFO - Processing file /opt/airflow/dags/07_msa_api_server_used_adv.py for tasks to queue
[2026-04-14T14:33:29.768+0900] {logging_mixin.py:190} INFO - [2026-04-14T14:33:29.768+0900] {dagbag.py:587} INFO - Filling up the DagBag from /opt/airflow/dags/07_msa_api_server_used_adv.py
[2026-04-14T14:33:29.787+0900] {processor.py:925} INFO - DAG(s) '07_msa_api_server_used_adv' retrieved from /opt/airflow/dags/07_msa_api_server_used_adv.py
[2026-04-14T14:33:29.808+0900] {logging_mixin.py:190} INFO - [2026-04-14T14:33:29.807+0900] {dag.py:3211} INFO - Sync 1 DAGs
[2026-04-14T14:33:29.825+0900] {logging_mixin.py:190} INFO - [2026-04-14T14:33:29.825+0900] {dag.py:4138} INFO - Setting next_dagrun for 07_msa_api_server_used_adv to 2026-04-14 00:00:00+00:00, run_after=2026-04-15 00:00:00+00:00
[2026-04-14T14:33:29.842+0900] {processor.py:208} INFO - Processing /opt/airflow/dags/07_msa_api_server_used_adv.py took 0.082 seconds
[2026-04-14T14:33:59.888+0900] {processor.py:186} INFO - Started process (PID=1809) to work on /opt/airflow/dags/07_msa_api_server_used_adv.py
[2026-04-14T14:33:59.889+0900] {processor.py:914} INFO - Processing file /opt/airflow/dags/07_msa_api_server_used_adv.py for tasks to queue
[2026-04-14T14:33:59.891+0900] {logging_mixin.py:190} INFO - [2026-04-14T14:33:59.890+0900] {dagbag.py:587} INFO - Filling up the DagBag from /opt/airflow/dags/07_msa_api_server_used_adv.py
[2026-04-14T14:33:59.892+0900] {processor.py:927} WARNING - No viable dags retrieved from /opt/airflow/dags/07_msa_api_server_used_adv.py
[2026-04-14T14:33:59.901+0900] {processor.py:208} INFO - Processing /opt/airflow/dags/07_msa_api_server_used_adv.py took 0.018 seconds
