[2026-04-10T09:00:07.175+0900] {processor.py:186} INFO - Started process (PID=145448) to work on /home/airflow/.local/lib/python3.12/site-packages/airflow/example_dags/example_short_circuit_operator.py
[2026-04-10T09:00:07.176+0900] {processor.py:914} INFO - Processing file /home/airflow/.local/lib/python3.12/site-packages/airflow/example_dags/example_short_circuit_operator.py for tasks to queue
[2026-04-10T09:00:07.178+0900] {logging_mixin.py:190} INFO - [2026-04-10T09:00:07.177+0900] {dagbag.py:587} INFO - Filling up the DagBag from /home/airflow/.local/lib/python3.12/site-packages/airflow/example_dags/example_short_circuit_operator.py
[2026-04-10T09:00:07.184+0900] {processor.py:925} INFO - DAG(s) 'example_short_circuit_operator' retrieved from /home/airflow/.local/lib/python3.12/site-packages/airflow/example_dags/example_short_circuit_operator.py
[2026-04-10T09:00:07.202+0900] {logging_mixin.py:190} INFO - [2026-04-10T09:00:07.202+0900] {dag.py:3211} INFO - Sync 1 DAGs
[2026-04-10T09:00:07.219+0900] {logging_mixin.py:190} INFO - [2026-04-10T09:00:07.219+0900] {dag.py:4138} INFO - Setting next_dagrun for example_short_circuit_operator to 2026-04-09 00:00:00+00:00, run_after=2026-04-10 00:00:00+00:00
[2026-04-10T09:00:07.235+0900] {processor.py:208} INFO - Processing /home/airflow/.local/lib/python3.12/site-packages/airflow/example_dags/example_short_circuit_operator.py took 0.065 seconds
[2026-04-10T09:00:37.603+0900] {processor.py:186} INFO - Started process (PID=145511) to work on /home/airflow/.local/lib/python3.12/site-packages/airflow/example_dags/example_short_circuit_operator.py
[2026-04-10T09:00:37.604+0900] {processor.py:914} INFO - Processing file /home/airflow/.local/lib/python3.12/site-packages/airflow/example_dags/example_short_circuit_operator.py for tasks to queue
[2026-04-10T09:00:37.606+0900] {logging_mixin.py:190} INFO - [2026-04-10T09:00:37.606+0900] {dagbag.py:587} INFO - Filling up the DagBag from /home/airflow/.local/lib/python3.12/site-packages/airflow/example_dags/example_short_circuit_operator.py
[2026-04-10T09:00:37.615+0900] {processor.py:925} INFO - DAG(s) 'example_short_circuit_operator' retrieved from /home/airflow/.local/lib/python3.12/site-packages/airflow/example_dags/example_short_circuit_operator.py
[2026-04-10T09:00:37.642+0900] {logging_mixin.py:190} INFO - [2026-04-10T09:00:37.641+0900] {dag.py:3211} INFO - Sync 1 DAGs
[2026-04-10T09:00:37.664+0900] {logging_mixin.py:190} INFO - [2026-04-10T09:00:37.664+0900] {dag.py:4138} INFO - Setting next_dagrun for example_short_circuit_operator to 2026-04-09 00:00:00+00:00, run_after=2026-04-10 00:00:00+00:00
[2026-04-10T09:00:37.683+0900] {processor.py:208} INFO - Processing /home/airflow/.local/lib/python3.12/site-packages/airflow/example_dags/example_short_circuit_operator.py took 0.086 seconds
[2026-04-10T09:01:08.569+0900] {processor.py:186} INFO - Started process (PID=145574) to work on /home/airflow/.local/lib/python3.12/site-packages/airflow/example_dags/example_short_circuit_operator.py
[2026-04-10T09:01:08.570+0900] {processor.py:914} INFO - Processing file /home/airflow/.local/lib/python3.12/site-packages/airflow/example_dags/example_short_circuit_operator.py for tasks to queue
[2026-04-10T09:01:08.573+0900] {logging_mixin.py:190} INFO - [2026-04-10T09:01:08.572+0900] {dagbag.py:587} INFO - Filling up the DagBag from /home/airflow/.local/lib/python3.12/site-packages/airflow/example_dags/example_short_circuit_operator.py
[2026-04-10T09:01:08.581+0900] {processor.py:925} INFO - DAG(s) 'example_short_circuit_operator' retrieved from /home/airflow/.local/lib/python3.12/site-packages/airflow/example_dags/example_short_circuit_operator.py
[2026-04-10T09:01:08.599+0900] {logging_mixin.py:190} INFO - [2026-04-10T09:01:08.598+0900] {dag.py:3211} INFO - Sync 1 DAGs
[2026-04-10T09:01:08.617+0900] {logging_mixin.py:190} INFO - [2026-04-10T09:01:08.617+0900] {dag.py:4138} INFO - Setting next_dagrun for example_short_circuit_operator to 2026-04-09 00:00:00+00:00, run_after=2026-04-10 00:00:00+00:00
[2026-04-10T09:01:08.632+0900] {processor.py:208} INFO - Processing /home/airflow/.local/lib/python3.12/site-packages/airflow/example_dags/example_short_circuit_operator.py took 0.069 seconds
[2026-04-10T09:01:38.749+0900] {processor.py:186} INFO - Started process (PID=145637) to work on /home/airflow/.local/lib/python3.12/site-packages/airflow/example_dags/example_short_circuit_operator.py
[2026-04-10T09:01:38.751+0900] {processor.py:914} INFO - Processing file /home/airflow/.local/lib/python3.12/site-packages/airflow/example_dags/example_short_circuit_operator.py for tasks to queue
[2026-04-10T09:01:38.752+0900] {logging_mixin.py:190} INFO - [2026-04-10T09:01:38.752+0900] {dagbag.py:587} INFO - Filling up the DagBag from /home/airflow/.local/lib/python3.12/site-packages/airflow/example_dags/example_short_circuit_operator.py
[2026-04-10T09:01:38.759+0900] {processor.py:925} INFO - DAG(s) 'example_short_circuit_operator' retrieved from /home/airflow/.local/lib/python3.12/site-packages/airflow/example_dags/example_short_circuit_operator.py
[2026-04-10T09:01:38.777+0900] {logging_mixin.py:190} INFO - [2026-04-10T09:01:38.777+0900] {dag.py:3211} INFO - Sync 1 DAGs
[2026-04-10T09:01:38.793+0900] {logging_mixin.py:190} INFO - [2026-04-10T09:01:38.793+0900] {dag.py:4138} INFO - Setting next_dagrun for example_short_circuit_operator to 2026-04-09 00:00:00+00:00, run_after=2026-04-10 00:00:00+00:00
[2026-04-10T09:01:38.808+0900] {processor.py:208} INFO - Processing /home/airflow/.local/lib/python3.12/site-packages/airflow/example_dags/example_short_circuit_operator.py took 0.063 seconds
[2026-04-10T09:02:09.070+0900] {processor.py:186} INFO - Started process (PID=145699) to work on /home/airflow/.local/lib/python3.12/site-packages/airflow/example_dags/example_short_circuit_operator.py
[2026-04-10T09:02:09.071+0900] {processor.py:914} INFO - Processing file /home/airflow/.local/lib/python3.12/site-packages/airflow/example_dags/example_short_circuit_operator.py for tasks to queue
[2026-04-10T09:02:09.073+0900] {logging_mixin.py:190} INFO - [2026-04-10T09:02:09.073+0900] {dagbag.py:587} INFO - Filling up the DagBag from /home/airflow/.local/lib/python3.12/site-packages/airflow/example_dags/example_short_circuit_operator.py
[2026-04-10T09:02:09.081+0900] {processor.py:925} INFO - DAG(s) 'example_short_circuit_operator' retrieved from /home/airflow/.local/lib/python3.12/site-packages/airflow/example_dags/example_short_circuit_operator.py
[2026-04-10T09:02:09.097+0900] {logging_mixin.py:190} INFO - [2026-04-10T09:02:09.097+0900] {dag.py:3211} INFO - Sync 1 DAGs
[2026-04-10T09:02:09.113+0900] {logging_mixin.py:190} INFO - [2026-04-10T09:02:09.113+0900] {dag.py:4138} INFO - Setting next_dagrun for example_short_circuit_operator to 2026-04-09 00:00:00+00:00, run_after=2026-04-10 00:00:00+00:00
[2026-04-10T09:02:09.126+0900] {processor.py:208} INFO - Processing /home/airflow/.local/lib/python3.12/site-packages/airflow/example_dags/example_short_circuit_operator.py took 0.060 seconds
[2026-04-10T09:02:40.206+0900] {processor.py:186} INFO - Started process (PID=145763) to work on /home/airflow/.local/lib/python3.12/site-packages/airflow/example_dags/example_short_circuit_operator.py
[2026-04-10T09:02:40.207+0900] {processor.py:914} INFO - Processing file /home/airflow/.local/lib/python3.12/site-packages/airflow/example_dags/example_short_circuit_operator.py for tasks to queue
[2026-04-10T09:02:40.209+0900] {logging_mixin.py:190} INFO - [2026-04-10T09:02:40.209+0900] {dagbag.py:587} INFO - Filling up the DagBag from /home/airflow/.local/lib/python3.12/site-packages/airflow/example_dags/example_short_circuit_operator.py
[2026-04-10T09:02:40.216+0900] {processor.py:925} INFO - DAG(s) 'example_short_circuit_operator' retrieved from /home/airflow/.local/lib/python3.12/site-packages/airflow/example_dags/example_short_circuit_operator.py
[2026-04-10T09:02:40.234+0900] {logging_mixin.py:190} INFO - [2026-04-10T09:02:40.234+0900] {dag.py:3211} INFO - Sync 1 DAGs
[2026-04-10T09:02:40.252+0900] {logging_mixin.py:190} INFO - [2026-04-10T09:02:40.251+0900] {dag.py:4138} INFO - Setting next_dagrun for example_short_circuit_operator to 2026-04-09 00:00:00+00:00, run_after=2026-04-10 00:00:00+00:00
[2026-04-10T09:02:40.266+0900] {processor.py:208} INFO - Processing /home/airflow/.local/lib/python3.12/site-packages/airflow/example_dags/example_short_circuit_operator.py took 0.065 seconds
[2026-04-10T09:03:11.026+0900] {processor.py:186} INFO - Started process (PID=145826) to work on /home/airflow/.local/lib/python3.12/site-packages/airflow/example_dags/example_short_circuit_operator.py
[2026-04-10T09:03:11.027+0900] {processor.py:914} INFO - Processing file /home/airflow/.local/lib/python3.12/site-packages/airflow/example_dags/example_short_circuit_operator.py for tasks to queue
[2026-04-10T09:03:11.029+0900] {logging_mixin.py:190} INFO - [2026-04-10T09:03:11.029+0900] {dagbag.py:587} INFO - Filling up the DagBag from /home/airflow/.local/lib/python3.12/site-packages/airflow/example_dags/example_short_circuit_operator.py
[2026-04-10T09:03:11.036+0900] {processor.py:925} INFO - DAG(s) 'example_short_circuit_operator' retrieved from /home/airflow/.local/lib/python3.12/site-packages/airflow/example_dags/example_short_circuit_operator.py
[2026-04-10T09:03:11.053+0900] {logging_mixin.py:190} INFO - [2026-04-10T09:03:11.053+0900] {dag.py:3211} INFO - Sync 1 DAGs
[2026-04-10T09:03:11.071+0900] {logging_mixin.py:190} INFO - [2026-04-10T09:03:11.071+0900] {dag.py:4138} INFO - Setting next_dagrun for example_short_circuit_operator to 2026-04-09 00:00:00+00:00, run_after=2026-04-10 00:00:00+00:00
[2026-04-10T09:03:11.086+0900] {processor.py:208} INFO - Processing /home/airflow/.local/lib/python3.12/site-packages/airflow/example_dags/example_short_circuit_operator.py took 0.064 seconds
[2026-04-10T09:03:41.951+0900] {processor.py:186} INFO - Started process (PID=145889) to work on /home/airflow/.local/lib/python3.12/site-packages/airflow/example_dags/example_short_circuit_operator.py
[2026-04-10T09:03:41.952+0900] {processor.py:914} INFO - Processing file /home/airflow/.local/lib/python3.12/site-packages/airflow/example_dags/example_short_circuit_operator.py for tasks to queue
[2026-04-10T09:03:41.955+0900] {logging_mixin.py:190} INFO - [2026-04-10T09:03:41.954+0900] {dagbag.py:587} INFO - Filling up the DagBag from /home/airflow/.local/lib/python3.12/site-packages/airflow/example_dags/example_short_circuit_operator.py
[2026-04-10T09:03:41.962+0900] {processor.py:925} INFO - DAG(s) 'example_short_circuit_operator' retrieved from /home/airflow/.local/lib/python3.12/site-packages/airflow/example_dags/example_short_circuit_operator.py
[2026-04-10T09:03:41.981+0900] {logging_mixin.py:190} INFO - [2026-04-10T09:03:41.981+0900] {dag.py:3211} INFO - Sync 1 DAGs
[2026-04-10T09:03:41.997+0900] {logging_mixin.py:190} INFO - [2026-04-10T09:03:41.997+0900] {dag.py:4138} INFO - Setting next_dagrun for example_short_circuit_operator to 2026-04-09 00:00:00+00:00, run_after=2026-04-10 00:00:00+00:00
[2026-04-10T09:03:42.014+0900] {processor.py:208} INFO - Processing /home/airflow/.local/lib/python3.12/site-packages/airflow/example_dags/example_short_circuit_operator.py took 0.068 seconds
[2026-04-10T09:04:12.301+0900] {processor.py:186} INFO - Started process (PID=145952) to work on /home/airflow/.local/lib/python3.12/site-packages/airflow/example_dags/example_short_circuit_operator.py
[2026-04-10T09:04:12.302+0900] {processor.py:914} INFO - Processing file /home/airflow/.local/lib/python3.12/site-packages/airflow/example_dags/example_short_circuit_operator.py for tasks to queue
[2026-04-10T09:04:12.304+0900] {logging_mixin.py:190} INFO - [2026-04-10T09:04:12.303+0900] {dagbag.py:587} INFO - Filling up the DagBag from /home/airflow/.local/lib/python3.12/site-packages/airflow/example_dags/example_short_circuit_operator.py
[2026-04-10T09:04:12.311+0900] {processor.py:925} INFO - DAG(s) 'example_short_circuit_operator' retrieved from /home/airflow/.local/lib/python3.12/site-packages/airflow/example_dags/example_short_circuit_operator.py
[2026-04-10T09:04:12.328+0900] {logging_mixin.py:190} INFO - [2026-04-10T09:04:12.328+0900] {dag.py:3211} INFO - Sync 1 DAGs
[2026-04-10T09:04:12.346+0900] {logging_mixin.py:190} INFO - [2026-04-10T09:04:12.346+0900] {dag.py:4138} INFO - Setting next_dagrun for example_short_circuit_operator to 2026-04-09 00:00:00+00:00, run_after=2026-04-10 00:00:00+00:00
[2026-04-10T09:04:12.362+0900] {processor.py:208} INFO - Processing /home/airflow/.local/lib/python3.12/site-packages/airflow/example_dags/example_short_circuit_operator.py took 0.065 seconds
[2026-04-10T09:04:43.462+0900] {processor.py:186} INFO - Started process (PID=146016) to work on /home/airflow/.local/lib/python3.12/site-packages/airflow/example_dags/example_short_circuit_operator.py
[2026-04-10T09:04:43.463+0900] {processor.py:914} INFO - Processing file /home/airflow/.local/lib/python3.12/site-packages/airflow/example_dags/example_short_circuit_operator.py for tasks to queue
[2026-04-10T09:04:43.465+0900] {logging_mixin.py:190} INFO - [2026-04-10T09:04:43.465+0900] {dagbag.py:587} INFO - Filling up the DagBag from /home/airflow/.local/lib/python3.12/site-packages/airflow/example_dags/example_short_circuit_operator.py
[2026-04-10T09:04:43.473+0900] {processor.py:925} INFO - DAG(s) 'example_short_circuit_operator' retrieved from /home/airflow/.local/lib/python3.12/site-packages/airflow/example_dags/example_short_circuit_operator.py
[2026-04-10T09:04:43.491+0900] {logging_mixin.py:190} INFO - [2026-04-10T09:04:43.491+0900] {dag.py:3211} INFO - Sync 1 DAGs
[2026-04-10T09:04:43.508+0900] {logging_mixin.py:190} INFO - [2026-04-10T09:04:43.508+0900] {dag.py:4138} INFO - Setting next_dagrun for example_short_circuit_operator to 2026-04-09 00:00:00+00:00, run_after=2026-04-10 00:00:00+00:00
[2026-04-10T09:04:43.523+0900] {processor.py:208} INFO - Processing /home/airflow/.local/lib/python3.12/site-packages/airflow/example_dags/example_short_circuit_operator.py took 0.066 seconds
[2026-04-10T09:05:14.473+0900] {processor.py:186} INFO - Started process (PID=146079) to work on /home/airflow/.local/lib/python3.12/site-packages/airflow/example_dags/example_short_circuit_operator.py
[2026-04-10T09:05:14.474+0900] {processor.py:914} INFO - Processing file /home/airflow/.local/lib/python3.12/site-packages/airflow/example_dags/example_short_circuit_operator.py for tasks to queue
[2026-04-10T09:05:14.477+0900] {logging_mixin.py:190} INFO - [2026-04-10T09:05:14.476+0900] {dagbag.py:587} INFO - Filling up the DagBag from /home/airflow/.local/lib/python3.12/site-packages/airflow/example_dags/example_short_circuit_operator.py
[2026-04-10T09:05:14.485+0900] {processor.py:925} INFO - DAG(s) 'example_short_circuit_operator' retrieved from /home/airflow/.local/lib/python3.12/site-packages/airflow/example_dags/example_short_circuit_operator.py
[2026-04-10T09:05:14.505+0900] {logging_mixin.py:190} INFO - [2026-04-10T09:05:14.505+0900] {dag.py:3211} INFO - Sync 1 DAGs
[2026-04-10T09:05:14.526+0900] {logging_mixin.py:190} INFO - [2026-04-10T09:05:14.526+0900] {dag.py:4138} INFO - Setting next_dagrun for example_short_circuit_operator to 2026-04-09 00:00:00+00:00, run_after=2026-04-10 00:00:00+00:00
[2026-04-10T09:05:14.544+0900] {processor.py:208} INFO - Processing /home/airflow/.local/lib/python3.12/site-packages/airflow/example_dags/example_short_circuit_operator.py took 0.077 seconds
[2026-04-10T09:05:45.565+0900] {processor.py:186} INFO - Started process (PID=146143) to work on /home/airflow/.local/lib/python3.12/site-packages/airflow/example_dags/example_short_circuit_operator.py
[2026-04-10T09:05:45.566+0900] {processor.py:914} INFO - Processing file /home/airflow/.local/lib/python3.12/site-packages/airflow/example_dags/example_short_circuit_operator.py for tasks to queue
[2026-04-10T09:05:45.569+0900] {logging_mixin.py:190} INFO - [2026-04-10T09:05:45.568+0900] {dagbag.py:587} INFO - Filling up the DagBag from /home/airflow/.local/lib/python3.12/site-packages/airflow/example_dags/example_short_circuit_operator.py
[2026-04-10T09:05:45.576+0900] {processor.py:925} INFO - DAG(s) 'example_short_circuit_operator' retrieved from /home/airflow/.local/lib/python3.12/site-packages/airflow/example_dags/example_short_circuit_operator.py
[2026-04-10T09:05:45.596+0900] {logging_mixin.py:190} INFO - [2026-04-10T09:05:45.596+0900] {dag.py:3211} INFO - Sync 1 DAGs
[2026-04-10T09:05:45.623+0900] {logging_mixin.py:190} INFO - [2026-04-10T09:05:45.622+0900] {dag.py:4138} INFO - Setting next_dagrun for example_short_circuit_operator to 2026-04-09 00:00:00+00:00, run_after=2026-04-10 00:00:00+00:00
[2026-04-10T09:05:45.644+0900] {processor.py:208} INFO - Processing /home/airflow/.local/lib/python3.12/site-packages/airflow/example_dags/example_short_circuit_operator.py took 0.084 seconds
[2026-04-10T09:06:15.991+0900] {processor.py:186} INFO - Started process (PID=146206) to work on /home/airflow/.local/lib/python3.12/site-packages/airflow/example_dags/example_short_circuit_operator.py
[2026-04-10T09:06:15.992+0900] {processor.py:914} INFO - Processing file /home/airflow/.local/lib/python3.12/site-packages/airflow/example_dags/example_short_circuit_operator.py for tasks to queue
[2026-04-10T09:06:15.995+0900] {logging_mixin.py:190} INFO - [2026-04-10T09:06:15.994+0900] {dagbag.py:587} INFO - Filling up the DagBag from /home/airflow/.local/lib/python3.12/site-packages/airflow/example_dags/example_short_circuit_operator.py
[2026-04-10T09:06:16.003+0900] {processor.py:925} INFO - DAG(s) 'example_short_circuit_operator' retrieved from /home/airflow/.local/lib/python3.12/site-packages/airflow/example_dags/example_short_circuit_operator.py
[2026-04-10T09:06:16.020+0900] {logging_mixin.py:190} INFO - [2026-04-10T09:06:16.020+0900] {dag.py:3211} INFO - Sync 1 DAGs
[2026-04-10T09:06:16.037+0900] {logging_mixin.py:190} INFO - [2026-04-10T09:06:16.037+0900] {dag.py:4138} INFO - Setting next_dagrun for example_short_circuit_operator to 2026-04-09 00:00:00+00:00, run_after=2026-04-10 00:00:00+00:00
[2026-04-10T09:06:16.052+0900] {processor.py:208} INFO - Processing /home/airflow/.local/lib/python3.12/site-packages/airflow/example_dags/example_short_circuit_operator.py took 0.067 seconds
[2026-04-10T09:06:46.472+0900] {processor.py:186} INFO - Started process (PID=146270) to work on /home/airflow/.local/lib/python3.12/site-packages/airflow/example_dags/example_short_circuit_operator.py
[2026-04-10T09:06:46.474+0900] {processor.py:914} INFO - Processing file /home/airflow/.local/lib/python3.12/site-packages/airflow/example_dags/example_short_circuit_operator.py for tasks to queue
[2026-04-10T09:06:46.476+0900] {logging_mixin.py:190} INFO - [2026-04-10T09:06:46.476+0900] {dagbag.py:587} INFO - Filling up the DagBag from /home/airflow/.local/lib/python3.12/site-packages/airflow/example_dags/example_short_circuit_operator.py
[2026-04-10T09:06:46.485+0900] {processor.py:925} INFO - DAG(s) 'example_short_circuit_operator' retrieved from /home/airflow/.local/lib/python3.12/site-packages/airflow/example_dags/example_short_circuit_operator.py
[2026-04-10T09:06:46.508+0900] {logging_mixin.py:190} INFO - [2026-04-10T09:06:46.508+0900] {dag.py:3211} INFO - Sync 1 DAGs
[2026-04-10T09:06:46.525+0900] {logging_mixin.py:190} INFO - [2026-04-10T09:06:46.525+0900] {dag.py:4138} INFO - Setting next_dagrun for example_short_circuit_operator to 2026-04-09 00:00:00+00:00, run_after=2026-04-10 00:00:00+00:00
[2026-04-10T09:06:46.538+0900] {processor.py:208} INFO - Processing /home/airflow/.local/lib/python3.12/site-packages/airflow/example_dags/example_short_circuit_operator.py took 0.071 seconds
[2026-04-10T09:07:17.411+0900] {processor.py:186} INFO - Started process (PID=146333) to work on /home/airflow/.local/lib/python3.12/site-packages/airflow/example_dags/example_short_circuit_operator.py
[2026-04-10T09:07:17.412+0900] {processor.py:914} INFO - Processing file /home/airflow/.local/lib/python3.12/site-packages/airflow/example_dags/example_short_circuit_operator.py for tasks to queue
[2026-04-10T09:07:17.414+0900] {logging_mixin.py:190} INFO - [2026-04-10T09:07:17.414+0900] {dagbag.py:587} INFO - Filling up the DagBag from /home/airflow/.local/lib/python3.12/site-packages/airflow/example_dags/example_short_circuit_operator.py
[2026-04-10T09:07:17.421+0900] {processor.py:925} INFO - DAG(s) 'example_short_circuit_operator' retrieved from /home/airflow/.local/lib/python3.12/site-packages/airflow/example_dags/example_short_circuit_operator.py
[2026-04-10T09:07:17.440+0900] {logging_mixin.py:190} INFO - [2026-04-10T09:07:17.439+0900] {dag.py:3211} INFO - Sync 1 DAGs
[2026-04-10T09:07:17.457+0900] {logging_mixin.py:190} INFO - [2026-04-10T09:07:17.456+0900] {dag.py:4138} INFO - Setting next_dagrun for example_short_circuit_operator to 2026-04-09 00:00:00+00:00, run_after=2026-04-10 00:00:00+00:00
[2026-04-10T09:07:17.470+0900] {processor.py:208} INFO - Processing /home/airflow/.local/lib/python3.12/site-packages/airflow/example_dags/example_short_circuit_operator.py took 0.064 seconds
[2026-04-10T09:07:47.922+0900] {processor.py:186} INFO - Started process (PID=146396) to work on /home/airflow/.local/lib/python3.12/site-packages/airflow/example_dags/example_short_circuit_operator.py
[2026-04-10T09:07:47.923+0900] {processor.py:914} INFO - Processing file /home/airflow/.local/lib/python3.12/site-packages/airflow/example_dags/example_short_circuit_operator.py for tasks to queue
[2026-04-10T09:07:47.926+0900] {logging_mixin.py:190} INFO - [2026-04-10T09:07:47.926+0900] {dagbag.py:587} INFO - Filling up the DagBag from /home/airflow/.local/lib/python3.12/site-packages/airflow/example_dags/example_short_circuit_operator.py
[2026-04-10T09:07:47.933+0900] {processor.py:925} INFO - DAG(s) 'example_short_circuit_operator' retrieved from /home/airflow/.local/lib/python3.12/site-packages/airflow/example_dags/example_short_circuit_operator.py
[2026-04-10T09:07:47.953+0900] {logging_mixin.py:190} INFO - [2026-04-10T09:07:47.953+0900] {dag.py:3211} INFO - Sync 1 DAGs
[2026-04-10T09:07:47.971+0900] {logging_mixin.py:190} INFO - [2026-04-10T09:07:47.971+0900] {dag.py:4138} INFO - Setting next_dagrun for example_short_circuit_operator to 2026-04-09 00:00:00+00:00, run_after=2026-04-10 00:00:00+00:00
[2026-04-10T09:07:47.986+0900] {processor.py:208} INFO - Processing /home/airflow/.local/lib/python3.12/site-packages/airflow/example_dags/example_short_circuit_operator.py took 0.070 seconds
[2026-04-10T09:08:19.202+0900] {processor.py:186} INFO - Started process (PID=146459) to work on /home/airflow/.local/lib/python3.12/site-packages/airflow/example_dags/example_short_circuit_operator.py
[2026-04-10T09:08:19.203+0900] {processor.py:914} INFO - Processing file /home/airflow/.local/lib/python3.12/site-packages/airflow/example_dags/example_short_circuit_operator.py for tasks to queue
[2026-04-10T09:08:19.206+0900] {logging_mixin.py:190} INFO - [2026-04-10T09:08:19.205+0900] {dagbag.py:587} INFO - Filling up the DagBag from /home/airflow/.local/lib/python3.12/site-packages/airflow/example_dags/example_short_circuit_operator.py
[2026-04-10T09:08:19.213+0900] {processor.py:925} INFO - DAG(s) 'example_short_circuit_operator' retrieved from /home/airflow/.local/lib/python3.12/site-packages/airflow/example_dags/example_short_circuit_operator.py
[2026-04-10T09:08:19.232+0900] {logging_mixin.py:190} INFO - [2026-04-10T09:08:19.231+0900] {dag.py:3211} INFO - Sync 1 DAGs
[2026-04-10T09:08:19.248+0900] {logging_mixin.py:190} INFO - [2026-04-10T09:08:19.248+0900] {dag.py:4138} INFO - Setting next_dagrun for example_short_circuit_operator to 2026-04-09 00:00:00+00:00, run_after=2026-04-10 00:00:00+00:00
[2026-04-10T09:08:19.261+0900] {processor.py:208} INFO - Processing /home/airflow/.local/lib/python3.12/site-packages/airflow/example_dags/example_short_circuit_operator.py took 0.065 seconds
[2026-04-10T09:08:49.982+0900] {processor.py:186} INFO - Started process (PID=146522) to work on /home/airflow/.local/lib/python3.12/site-packages/airflow/example_dags/example_short_circuit_operator.py
[2026-04-10T09:08:49.984+0900] {processor.py:914} INFO - Processing file /home/airflow/.local/lib/python3.12/site-packages/airflow/example_dags/example_short_circuit_operator.py for tasks to queue
[2026-04-10T09:08:49.986+0900] {logging_mixin.py:190} INFO - [2026-04-10T09:08:49.986+0900] {dagbag.py:587} INFO - Filling up the DagBag from /home/airflow/.local/lib/python3.12/site-packages/airflow/example_dags/example_short_circuit_operator.py
[2026-04-10T09:08:49.993+0900] {processor.py:925} INFO - DAG(s) 'example_short_circuit_operator' retrieved from /home/airflow/.local/lib/python3.12/site-packages/airflow/example_dags/example_short_circuit_operator.py
[2026-04-10T09:08:50.011+0900] {logging_mixin.py:190} INFO - [2026-04-10T09:08:50.010+0900] {dag.py:3211} INFO - Sync 1 DAGs
[2026-04-10T09:08:50.026+0900] {logging_mixin.py:190} INFO - [2026-04-10T09:08:50.026+0900] {dag.py:4138} INFO - Setting next_dagrun for example_short_circuit_operator to 2026-04-09 00:00:00+00:00, run_after=2026-04-10 00:00:00+00:00
[2026-04-10T09:08:50.039+0900] {processor.py:208} INFO - Processing /home/airflow/.local/lib/python3.12/site-packages/airflow/example_dags/example_short_circuit_operator.py took 0.062 seconds
[2026-04-10T09:09:20.357+0900] {processor.py:186} INFO - Started process (PID=146585) to work on /home/airflow/.local/lib/python3.12/site-packages/airflow/example_dags/example_short_circuit_operator.py
[2026-04-10T09:09:20.358+0900] {processor.py:914} INFO - Processing file /home/airflow/.local/lib/python3.12/site-packages/airflow/example_dags/example_short_circuit_operator.py for tasks to queue
[2026-04-10T09:09:20.359+0900] {logging_mixin.py:190} INFO - [2026-04-10T09:09:20.359+0900] {dagbag.py:587} INFO - Filling up the DagBag from /home/airflow/.local/lib/python3.12/site-packages/airflow/example_dags/example_short_circuit_operator.py
[2026-04-10T09:09:20.366+0900] {processor.py:925} INFO - DAG(s) 'example_short_circuit_operator' retrieved from /home/airflow/.local/lib/python3.12/site-packages/airflow/example_dags/example_short_circuit_operator.py
[2026-04-10T09:09:20.385+0900] {logging_mixin.py:190} INFO - [2026-04-10T09:09:20.385+0900] {dag.py:3211} INFO - Sync 1 DAGs
[2026-04-10T09:09:20.537+0900] {logging_mixin.py:190} INFO - [2026-04-10T09:09:20.537+0900] {dag.py:4138} INFO - Setting next_dagrun for example_short_circuit_operator to 2026-04-09 00:00:00+00:00, run_after=2026-04-10 00:00:00+00:00
[2026-04-10T09:09:20.550+0900] {processor.py:208} INFO - Processing /home/airflow/.local/lib/python3.12/site-packages/airflow/example_dags/example_short_circuit_operator.py took 0.198 seconds
[2026-04-10T09:09:51.453+0900] {processor.py:186} INFO - Started process (PID=146648) to work on /home/airflow/.local/lib/python3.12/site-packages/airflow/example_dags/example_short_circuit_operator.py
[2026-04-10T09:09:51.454+0900] {processor.py:914} INFO - Processing file /home/airflow/.local/lib/python3.12/site-packages/airflow/example_dags/example_short_circuit_operator.py for tasks to queue
[2026-04-10T09:09:51.457+0900] {logging_mixin.py:190} INFO - [2026-04-10T09:09:51.456+0900] {dagbag.py:587} INFO - Filling up the DagBag from /home/airflow/.local/lib/python3.12/site-packages/airflow/example_dags/example_short_circuit_operator.py
[2026-04-10T09:09:51.464+0900] {processor.py:925} INFO - DAG(s) 'example_short_circuit_operator' retrieved from /home/airflow/.local/lib/python3.12/site-packages/airflow/example_dags/example_short_circuit_operator.py
[2026-04-10T09:09:51.483+0900] {logging_mixin.py:190} INFO - [2026-04-10T09:09:51.483+0900] {dag.py:3211} INFO - Sync 1 DAGs
[2026-04-10T09:09:51.501+0900] {logging_mixin.py:190} INFO - [2026-04-10T09:09:51.501+0900] {dag.py:4138} INFO - Setting next_dagrun for example_short_circuit_operator to 2026-04-09 00:00:00+00:00, run_after=2026-04-10 00:00:00+00:00
[2026-04-10T09:09:51.638+0900] {processor.py:208} INFO - Processing /home/airflow/.local/lib/python3.12/site-packages/airflow/example_dags/example_short_circuit_operator.py took 0.190 seconds
[2026-04-10T09:10:21.901+0900] {processor.py:186} INFO - Started process (PID=146711) to work on /home/airflow/.local/lib/python3.12/site-packages/airflow/example_dags/example_short_circuit_operator.py
[2026-04-10T09:10:21.903+0900] {processor.py:914} INFO - Processing file /home/airflow/.local/lib/python3.12/site-packages/airflow/example_dags/example_short_circuit_operator.py for tasks to queue
[2026-04-10T09:10:21.906+0900] {logging_mixin.py:190} INFO - [2026-04-10T09:10:21.906+0900] {dagbag.py:587} INFO - Filling up the DagBag from /home/airflow/.local/lib/python3.12/site-packages/airflow/example_dags/example_short_circuit_operator.py
[2026-04-10T09:10:21.914+0900] {processor.py:925} INFO - DAG(s) 'example_short_circuit_operator' retrieved from /home/airflow/.local/lib/python3.12/site-packages/airflow/example_dags/example_short_circuit_operator.py
[2026-04-10T09:10:21.932+0900] {logging_mixin.py:190} INFO - [2026-04-10T09:10:21.931+0900] {dag.py:3211} INFO - Sync 1 DAGs
[2026-04-10T09:10:21.949+0900] {logging_mixin.py:190} INFO - [2026-04-10T09:10:21.949+0900] {dag.py:4138} INFO - Setting next_dagrun for example_short_circuit_operator to 2026-04-09 00:00:00+00:00, run_after=2026-04-10 00:00:00+00:00
[2026-04-10T09:10:21.967+0900] {processor.py:208} INFO - Processing /home/airflow/.local/lib/python3.12/site-packages/airflow/example_dags/example_short_circuit_operator.py took 0.070 seconds
[2026-04-10T09:10:52.349+0900] {processor.py:186} INFO - Started process (PID=146774) to work on /home/airflow/.local/lib/python3.12/site-packages/airflow/example_dags/example_short_circuit_operator.py
[2026-04-10T09:10:52.350+0900] {processor.py:914} INFO - Processing file /home/airflow/.local/lib/python3.12/site-packages/airflow/example_dags/example_short_circuit_operator.py for tasks to queue
[2026-04-10T09:10:52.352+0900] {logging_mixin.py:190} INFO - [2026-04-10T09:10:52.352+0900] {dagbag.py:587} INFO - Filling up the DagBag from /home/airflow/.local/lib/python3.12/site-packages/airflow/example_dags/example_short_circuit_operator.py
[2026-04-10T09:10:52.361+0900] {processor.py:925} INFO - DAG(s) 'example_short_circuit_operator' retrieved from /home/airflow/.local/lib/python3.12/site-packages/airflow/example_dags/example_short_circuit_operator.py
[2026-04-10T09:10:52.378+0900] {logging_mixin.py:190} INFO - [2026-04-10T09:10:52.378+0900] {dag.py:3211} INFO - Sync 1 DAGs
[2026-04-10T09:10:52.395+0900] {logging_mixin.py:190} INFO - [2026-04-10T09:10:52.395+0900] {dag.py:4138} INFO - Setting next_dagrun for example_short_circuit_operator to 2026-04-09 00:00:00+00:00, run_after=2026-04-10 00:00:00+00:00
[2026-04-10T09:10:52.410+0900] {processor.py:208} INFO - Processing /home/airflow/.local/lib/python3.12/site-packages/airflow/example_dags/example_short_circuit_operator.py took 0.065 seconds
[2026-04-10T09:11:22.604+0900] {processor.py:186} INFO - Started process (PID=146837) to work on /home/airflow/.local/lib/python3.12/site-packages/airflow/example_dags/example_short_circuit_operator.py
[2026-04-10T09:11:22.605+0900] {processor.py:914} INFO - Processing file /home/airflow/.local/lib/python3.12/site-packages/airflow/example_dags/example_short_circuit_operator.py for tasks to queue
[2026-04-10T09:11:22.607+0900] {logging_mixin.py:190} INFO - [2026-04-10T09:11:22.607+0900] {dagbag.py:587} INFO - Filling up the DagBag from /home/airflow/.local/lib/python3.12/site-packages/airflow/example_dags/example_short_circuit_operator.py
[2026-04-10T09:11:22.614+0900] {processor.py:925} INFO - DAG(s) 'example_short_circuit_operator' retrieved from /home/airflow/.local/lib/python3.12/site-packages/airflow/example_dags/example_short_circuit_operator.py
[2026-04-10T09:11:22.632+0900] {logging_mixin.py:190} INFO - [2026-04-10T09:11:22.632+0900] {dag.py:3211} INFO - Sync 1 DAGs
[2026-04-10T09:11:22.649+0900] {logging_mixin.py:190} INFO - [2026-04-10T09:11:22.649+0900] {dag.py:4138} INFO - Setting next_dagrun for example_short_circuit_operator to 2026-04-09 00:00:00+00:00, run_after=2026-04-10 00:00:00+00:00
[2026-04-10T09:11:22.668+0900] {processor.py:208} INFO - Processing /home/airflow/.local/lib/python3.12/site-packages/airflow/example_dags/example_short_circuit_operator.py took 0.069 seconds
[2026-04-10T09:11:52.894+0900] {processor.py:186} INFO - Started process (PID=146900) to work on /home/airflow/.local/lib/python3.12/site-packages/airflow/example_dags/example_short_circuit_operator.py
[2026-04-10T09:11:52.895+0900] {processor.py:914} INFO - Processing file /home/airflow/.local/lib/python3.12/site-packages/airflow/example_dags/example_short_circuit_operator.py for tasks to queue
[2026-04-10T09:11:52.897+0900] {logging_mixin.py:190} INFO - [2026-04-10T09:11:52.897+0900] {dagbag.py:587} INFO - Filling up the DagBag from /home/airflow/.local/lib/python3.12/site-packages/airflow/example_dags/example_short_circuit_operator.py
[2026-04-10T09:11:52.904+0900] {processor.py:925} INFO - DAG(s) 'example_short_circuit_operator' retrieved from /home/airflow/.local/lib/python3.12/site-packages/airflow/example_dags/example_short_circuit_operator.py
[2026-04-10T09:11:52.923+0900] {logging_mixin.py:190} INFO - [2026-04-10T09:11:52.923+0900] {dag.py:3211} INFO - Sync 1 DAGs
[2026-04-10T09:11:52.941+0900] {logging_mixin.py:190} INFO - [2026-04-10T09:11:52.940+0900] {dag.py:4138} INFO - Setting next_dagrun for example_short_circuit_operator to 2026-04-09 00:00:00+00:00, run_after=2026-04-10 00:00:00+00:00
[2026-04-10T09:11:52.956+0900] {processor.py:208} INFO - Processing /home/airflow/.local/lib/python3.12/site-packages/airflow/example_dags/example_short_circuit_operator.py took 0.067 seconds
[2026-04-10T09:12:23.105+0900] {processor.py:186} INFO - Started process (PID=146963) to work on /home/airflow/.local/lib/python3.12/site-packages/airflow/example_dags/example_short_circuit_operator.py
[2026-04-10T09:12:23.107+0900] {processor.py:914} INFO - Processing file /home/airflow/.local/lib/python3.12/site-packages/airflow/example_dags/example_short_circuit_operator.py for tasks to queue
[2026-04-10T09:12:23.109+0900] {logging_mixin.py:190} INFO - [2026-04-10T09:12:23.108+0900] {dagbag.py:587} INFO - Filling up the DagBag from /home/airflow/.local/lib/python3.12/site-packages/airflow/example_dags/example_short_circuit_operator.py
[2026-04-10T09:12:23.116+0900] {processor.py:925} INFO - DAG(s) 'example_short_circuit_operator' retrieved from /home/airflow/.local/lib/python3.12/site-packages/airflow/example_dags/example_short_circuit_operator.py
[2026-04-10T09:12:23.134+0900] {logging_mixin.py:190} INFO - [2026-04-10T09:12:23.134+0900] {dag.py:3211} INFO - Sync 1 DAGs
[2026-04-10T09:12:23.151+0900] {logging_mixin.py:190} INFO - [2026-04-10T09:12:23.151+0900] {dag.py:4138} INFO - Setting next_dagrun for example_short_circuit_operator to 2026-04-09 00:00:00+00:00, run_after=2026-04-10 00:00:00+00:00
[2026-04-10T09:12:23.166+0900] {processor.py:208} INFO - Processing /home/airflow/.local/lib/python3.12/site-packages/airflow/example_dags/example_short_circuit_operator.py took 0.066 seconds
[2026-04-10T09:12:53.330+0900] {processor.py:186} INFO - Started process (PID=147026) to work on /home/airflow/.local/lib/python3.12/site-packages/airflow/example_dags/example_short_circuit_operator.py
[2026-04-10T09:12:53.331+0900] {processor.py:914} INFO - Processing file /home/airflow/.local/lib/python3.12/site-packages/airflow/example_dags/example_short_circuit_operator.py for tasks to queue
[2026-04-10T09:12:53.334+0900] {logging_mixin.py:190} INFO - [2026-04-10T09:12:53.333+0900] {dagbag.py:587} INFO - Filling up the DagBag from /home/airflow/.local/lib/python3.12/site-packages/airflow/example_dags/example_short_circuit_operator.py
[2026-04-10T09:12:53.341+0900] {processor.py:925} INFO - DAG(s) 'example_short_circuit_operator' retrieved from /home/airflow/.local/lib/python3.12/site-packages/airflow/example_dags/example_short_circuit_operator.py
[2026-04-10T09:12:53.362+0900] {logging_mixin.py:190} INFO - [2026-04-10T09:12:53.362+0900] {dag.py:3211} INFO - Sync 1 DAGs
[2026-04-10T09:12:53.380+0900] {logging_mixin.py:190} INFO - [2026-04-10T09:12:53.380+0900] {dag.py:4138} INFO - Setting next_dagrun for example_short_circuit_operator to 2026-04-09 00:00:00+00:00, run_after=2026-04-10 00:00:00+00:00
[2026-04-10T09:12:53.397+0900] {processor.py:208} INFO - Processing /home/airflow/.local/lib/python3.12/site-packages/airflow/example_dags/example_short_circuit_operator.py took 0.072 seconds
[2026-04-10T09:13:24.191+0900] {processor.py:186} INFO - Started process (PID=147089) to work on /home/airflow/.local/lib/python3.12/site-packages/airflow/example_dags/example_short_circuit_operator.py
[2026-04-10T09:13:24.192+0900] {processor.py:914} INFO - Processing file /home/airflow/.local/lib/python3.12/site-packages/airflow/example_dags/example_short_circuit_operator.py for tasks to queue
[2026-04-10T09:13:24.196+0900] {logging_mixin.py:190} INFO - [2026-04-10T09:13:24.195+0900] {dagbag.py:587} INFO - Filling up the DagBag from /home/airflow/.local/lib/python3.12/site-packages/airflow/example_dags/example_short_circuit_operator.py
[2026-04-10T09:13:24.204+0900] {processor.py:925} INFO - DAG(s) 'example_short_circuit_operator' retrieved from /home/airflow/.local/lib/python3.12/site-packages/airflow/example_dags/example_short_circuit_operator.py
[2026-04-10T09:13:24.222+0900] {logging_mixin.py:190} INFO - [2026-04-10T09:13:24.222+0900] {dag.py:3211} INFO - Sync 1 DAGs
[2026-04-10T09:13:24.239+0900] {logging_mixin.py:190} INFO - [2026-04-10T09:13:24.239+0900] {dag.py:4138} INFO - Setting next_dagrun for example_short_circuit_operator to 2026-04-09 00:00:00+00:00, run_after=2026-04-10 00:00:00+00:00
[2026-04-10T09:13:24.260+0900] {processor.py:208} INFO - Processing /home/airflow/.local/lib/python3.12/site-packages/airflow/example_dags/example_short_circuit_operator.py took 0.075 seconds
[2026-04-10T09:13:54.941+0900] {processor.py:186} INFO - Started process (PID=147152) to work on /home/airflow/.local/lib/python3.12/site-packages/airflow/example_dags/example_short_circuit_operator.py
[2026-04-10T09:13:54.942+0900] {processor.py:914} INFO - Processing file /home/airflow/.local/lib/python3.12/site-packages/airflow/example_dags/example_short_circuit_operator.py for tasks to queue
[2026-04-10T09:13:54.944+0900] {logging_mixin.py:190} INFO - [2026-04-10T09:13:54.944+0900] {dagbag.py:587} INFO - Filling up the DagBag from /home/airflow/.local/lib/python3.12/site-packages/airflow/example_dags/example_short_circuit_operator.py
[2026-04-10T09:13:54.951+0900] {processor.py:925} INFO - DAG(s) 'example_short_circuit_operator' retrieved from /home/airflow/.local/lib/python3.12/site-packages/airflow/example_dags/example_short_circuit_operator.py
[2026-04-10T09:13:54.969+0900] {logging_mixin.py:190} INFO - [2026-04-10T09:13:54.969+0900] {dag.py:3211} INFO - Sync 1 DAGs
[2026-04-10T09:13:54.987+0900] {logging_mixin.py:190} INFO - [2026-04-10T09:13:54.987+0900] {dag.py:4138} INFO - Setting next_dagrun for example_short_circuit_operator to 2026-04-09 00:00:00+00:00, run_after=2026-04-10 00:00:00+00:00
[2026-04-10T09:13:55.006+0900] {processor.py:208} INFO - Processing /home/airflow/.local/lib/python3.12/site-packages/airflow/example_dags/example_short_circuit_operator.py took 0.070 seconds
[2026-04-10T09:14:25.608+0900] {processor.py:186} INFO - Started process (PID=147215) to work on /home/airflow/.local/lib/python3.12/site-packages/airflow/example_dags/example_short_circuit_operator.py
[2026-04-10T09:14:25.609+0900] {processor.py:914} INFO - Processing file /home/airflow/.local/lib/python3.12/site-packages/airflow/example_dags/example_short_circuit_operator.py for tasks to queue
[2026-04-10T09:14:25.611+0900] {logging_mixin.py:190} INFO - [2026-04-10T09:14:25.611+0900] {dagbag.py:587} INFO - Filling up the DagBag from /home/airflow/.local/lib/python3.12/site-packages/airflow/example_dags/example_short_circuit_operator.py
[2026-04-10T09:14:25.618+0900] {processor.py:925} INFO - DAG(s) 'example_short_circuit_operator' retrieved from /home/airflow/.local/lib/python3.12/site-packages/airflow/example_dags/example_short_circuit_operator.py
[2026-04-10T09:14:25.636+0900] {logging_mixin.py:190} INFO - [2026-04-10T09:14:25.636+0900] {dag.py:3211} INFO - Sync 1 DAGs
[2026-04-10T09:14:25.652+0900] {logging_mixin.py:190} INFO - [2026-04-10T09:14:25.652+0900] {dag.py:4138} INFO - Setting next_dagrun for example_short_circuit_operator to 2026-04-09 00:00:00+00:00, run_after=2026-04-10 00:00:00+00:00
[2026-04-10T09:14:25.666+0900] {processor.py:208} INFO - Processing /home/airflow/.local/lib/python3.12/site-packages/airflow/example_dags/example_short_circuit_operator.py took 0.062 seconds
[2026-04-10T09:14:56.221+0900] {processor.py:186} INFO - Started process (PID=147278) to work on /home/airflow/.local/lib/python3.12/site-packages/airflow/example_dags/example_short_circuit_operator.py
[2026-04-10T09:14:56.222+0900] {processor.py:914} INFO - Processing file /home/airflow/.local/lib/python3.12/site-packages/airflow/example_dags/example_short_circuit_operator.py for tasks to queue
[2026-04-10T09:14:56.224+0900] {logging_mixin.py:190} INFO - [2026-04-10T09:14:56.224+0900] {dagbag.py:587} INFO - Filling up the DagBag from /home/airflow/.local/lib/python3.12/site-packages/airflow/example_dags/example_short_circuit_operator.py
[2026-04-10T09:14:56.231+0900] {processor.py:925} INFO - DAG(s) 'example_short_circuit_operator' retrieved from /home/airflow/.local/lib/python3.12/site-packages/airflow/example_dags/example_short_circuit_operator.py
[2026-04-10T09:14:56.250+0900] {logging_mixin.py:190} INFO - [2026-04-10T09:14:56.250+0900] {dag.py:3211} INFO - Sync 1 DAGs
[2026-04-10T09:14:56.270+0900] {logging_mixin.py:190} INFO - [2026-04-10T09:14:56.270+0900] {dag.py:4138} INFO - Setting next_dagrun for example_short_circuit_operator to 2026-04-09 00:00:00+00:00, run_after=2026-04-10 00:00:00+00:00
[2026-04-10T09:14:56.285+0900] {processor.py:208} INFO - Processing /home/airflow/.local/lib/python3.12/site-packages/airflow/example_dags/example_short_circuit_operator.py took 0.069 seconds
[2026-04-10T09:15:26.387+0900] {processor.py:186} INFO - Started process (PID=147341) to work on /home/airflow/.local/lib/python3.12/site-packages/airflow/example_dags/example_short_circuit_operator.py
[2026-04-10T09:15:26.388+0900] {processor.py:914} INFO - Processing file /home/airflow/.local/lib/python3.12/site-packages/airflow/example_dags/example_short_circuit_operator.py for tasks to queue
[2026-04-10T09:15:26.392+0900] {logging_mixin.py:190} INFO - [2026-04-10T09:15:26.391+0900] {dagbag.py:587} INFO - Filling up the DagBag from /home/airflow/.local/lib/python3.12/site-packages/airflow/example_dags/example_short_circuit_operator.py
[2026-04-10T09:15:26.398+0900] {processor.py:925} INFO - DAG(s) 'example_short_circuit_operator' retrieved from /home/airflow/.local/lib/python3.12/site-packages/airflow/example_dags/example_short_circuit_operator.py
[2026-04-10T09:15:26.417+0900] {logging_mixin.py:190} INFO - [2026-04-10T09:15:26.417+0900] {dag.py:3211} INFO - Sync 1 DAGs
[2026-04-10T09:15:26.435+0900] {logging_mixin.py:190} INFO - [2026-04-10T09:15:26.435+0900] {dag.py:4138} INFO - Setting next_dagrun for example_short_circuit_operator to 2026-04-09 00:00:00+00:00, run_after=2026-04-10 00:00:00+00:00
[2026-04-10T09:15:26.453+0900] {processor.py:208} INFO - Processing /home/airflow/.local/lib/python3.12/site-packages/airflow/example_dags/example_short_circuit_operator.py took 0.071 seconds
[2026-04-10T09:15:57.314+0900] {processor.py:186} INFO - Started process (PID=147404) to work on /home/airflow/.local/lib/python3.12/site-packages/airflow/example_dags/example_short_circuit_operator.py
[2026-04-10T09:15:57.315+0900] {processor.py:914} INFO - Processing file /home/airflow/.local/lib/python3.12/site-packages/airflow/example_dags/example_short_circuit_operator.py for tasks to queue
[2026-04-10T09:15:57.318+0900] {logging_mixin.py:190} INFO - [2026-04-10T09:15:57.318+0900] {dagbag.py:587} INFO - Filling up the DagBag from /home/airflow/.local/lib/python3.12/site-packages/airflow/example_dags/example_short_circuit_operator.py
[2026-04-10T09:15:57.326+0900] {processor.py:925} INFO - DAG(s) 'example_short_circuit_operator' retrieved from /home/airflow/.local/lib/python3.12/site-packages/airflow/example_dags/example_short_circuit_operator.py
[2026-04-10T09:15:57.345+0900] {logging_mixin.py:190} INFO - [2026-04-10T09:15:57.345+0900] {dag.py:3211} INFO - Sync 1 DAGs
[2026-04-10T09:15:57.361+0900] {logging_mixin.py:190} INFO - [2026-04-10T09:15:57.361+0900] {dag.py:4138} INFO - Setting next_dagrun for example_short_circuit_operator to 2026-04-09 00:00:00+00:00, run_after=2026-04-10 00:00:00+00:00
[2026-04-10T09:15:57.377+0900] {processor.py:208} INFO - Processing /home/airflow/.local/lib/python3.12/site-packages/airflow/example_dags/example_short_circuit_operator.py took 0.067 seconds
[2026-04-10T09:16:28.112+0900] {processor.py:186} INFO - Started process (PID=147467) to work on /home/airflow/.local/lib/python3.12/site-packages/airflow/example_dags/example_short_circuit_operator.py
[2026-04-10T09:16:28.113+0900] {processor.py:914} INFO - Processing file /home/airflow/.local/lib/python3.12/site-packages/airflow/example_dags/example_short_circuit_operator.py for tasks to queue
[2026-04-10T09:16:28.116+0900] {logging_mixin.py:190} INFO - [2026-04-10T09:16:28.116+0900] {dagbag.py:587} INFO - Filling up the DagBag from /home/airflow/.local/lib/python3.12/site-packages/airflow/example_dags/example_short_circuit_operator.py
[2026-04-10T09:16:28.127+0900] {processor.py:925} INFO - DAG(s) 'example_short_circuit_operator' retrieved from /home/airflow/.local/lib/python3.12/site-packages/airflow/example_dags/example_short_circuit_operator.py
[2026-04-10T09:16:28.150+0900] {logging_mixin.py:190} INFO - [2026-04-10T09:16:28.150+0900] {dag.py:3211} INFO - Sync 1 DAGs
[2026-04-10T09:16:28.170+0900] {logging_mixin.py:190} INFO - [2026-04-10T09:16:28.170+0900] {dag.py:4138} INFO - Setting next_dagrun for example_short_circuit_operator to 2026-04-09 00:00:00+00:00, run_after=2026-04-10 00:00:00+00:00
[2026-04-10T09:16:28.185+0900] {processor.py:208} INFO - Processing /home/airflow/.local/lib/python3.12/site-packages/airflow/example_dags/example_short_circuit_operator.py took 0.079 seconds
[2026-04-10T09:16:58.761+0900] {processor.py:186} INFO - Started process (PID=147530) to work on /home/airflow/.local/lib/python3.12/site-packages/airflow/example_dags/example_short_circuit_operator.py
[2026-04-10T09:16:58.762+0900] {processor.py:914} INFO - Processing file /home/airflow/.local/lib/python3.12/site-packages/airflow/example_dags/example_short_circuit_operator.py for tasks to queue
[2026-04-10T09:16:58.765+0900] {logging_mixin.py:190} INFO - [2026-04-10T09:16:58.764+0900] {dagbag.py:587} INFO - Filling up the DagBag from /home/airflow/.local/lib/python3.12/site-packages/airflow/example_dags/example_short_circuit_operator.py
[2026-04-10T09:16:58.772+0900] {processor.py:925} INFO - DAG(s) 'example_short_circuit_operator' retrieved from /home/airflow/.local/lib/python3.12/site-packages/airflow/example_dags/example_short_circuit_operator.py
[2026-04-10T09:16:58.791+0900] {logging_mixin.py:190} INFO - [2026-04-10T09:16:58.791+0900] {dag.py:3211} INFO - Sync 1 DAGs
[2026-04-10T09:16:58.809+0900] {logging_mixin.py:190} INFO - [2026-04-10T09:16:58.808+0900] {dag.py:4138} INFO - Setting next_dagrun for example_short_circuit_operator to 2026-04-09 00:00:00+00:00, run_after=2026-04-10 00:00:00+00:00
[2026-04-10T09:16:58.823+0900] {processor.py:208} INFO - Processing /home/airflow/.local/lib/python3.12/site-packages/airflow/example_dags/example_short_circuit_operator.py took 0.068 seconds
[2026-04-10T09:17:29.483+0900] {processor.py:186} INFO - Started process (PID=147593) to work on /home/airflow/.local/lib/python3.12/site-packages/airflow/example_dags/example_short_circuit_operator.py
[2026-04-10T09:17:29.484+0900] {processor.py:914} INFO - Processing file /home/airflow/.local/lib/python3.12/site-packages/airflow/example_dags/example_short_circuit_operator.py for tasks to queue
[2026-04-10T09:17:29.487+0900] {logging_mixin.py:190} INFO - [2026-04-10T09:17:29.486+0900] {dagbag.py:587} INFO - Filling up the DagBag from /home/airflow/.local/lib/python3.12/site-packages/airflow/example_dags/example_short_circuit_operator.py
[2026-04-10T09:17:29.493+0900] {processor.py:925} INFO - DAG(s) 'example_short_circuit_operator' retrieved from /home/airflow/.local/lib/python3.12/site-packages/airflow/example_dags/example_short_circuit_operator.py
[2026-04-10T09:17:29.511+0900] {logging_mixin.py:190} INFO - [2026-04-10T09:17:29.511+0900] {dag.py:3211} INFO - Sync 1 DAGs
[2026-04-10T09:17:29.529+0900] {logging_mixin.py:190} INFO - [2026-04-10T09:17:29.529+0900] {dag.py:4138} INFO - Setting next_dagrun for example_short_circuit_operator to 2026-04-09 00:00:00+00:00, run_after=2026-04-10 00:00:00+00:00
[2026-04-10T09:17:29.545+0900] {processor.py:208} INFO - Processing /home/airflow/.local/lib/python3.12/site-packages/airflow/example_dags/example_short_circuit_operator.py took 0.067 seconds
[2026-04-10T09:18:00.349+0900] {processor.py:186} INFO - Started process (PID=147656) to work on /home/airflow/.local/lib/python3.12/site-packages/airflow/example_dags/example_short_circuit_operator.py
[2026-04-10T09:18:00.350+0900] {processor.py:914} INFO - Processing file /home/airflow/.local/lib/python3.12/site-packages/airflow/example_dags/example_short_circuit_operator.py for tasks to queue
[2026-04-10T09:18:00.353+0900] {logging_mixin.py:190} INFO - [2026-04-10T09:18:00.353+0900] {dagbag.py:587} INFO - Filling up the DagBag from /home/airflow/.local/lib/python3.12/site-packages/airflow/example_dags/example_short_circuit_operator.py
[2026-04-10T09:18:00.361+0900] {processor.py:925} INFO - DAG(s) 'example_short_circuit_operator' retrieved from /home/airflow/.local/lib/python3.12/site-packages/airflow/example_dags/example_short_circuit_operator.py
[2026-04-10T09:18:00.381+0900] {logging_mixin.py:190} INFO - [2026-04-10T09:18:00.381+0900] {dag.py:3211} INFO - Sync 1 DAGs
[2026-04-10T09:18:00.405+0900] {logging_mixin.py:190} INFO - [2026-04-10T09:18:00.404+0900] {dag.py:4138} INFO - Setting next_dagrun for example_short_circuit_operator to 2026-04-09 00:00:00+00:00, run_after=2026-04-10 00:00:00+00:00
[2026-04-10T09:18:00.423+0900] {processor.py:208} INFO - Processing /home/airflow/.local/lib/python3.12/site-packages/airflow/example_dags/example_short_circuit_operator.py took 0.079 seconds
[2026-04-10T09:18:31.078+0900] {processor.py:186} INFO - Started process (PID=147719) to work on /home/airflow/.local/lib/python3.12/site-packages/airflow/example_dags/example_short_circuit_operator.py
[2026-04-10T09:18:31.079+0900] {processor.py:914} INFO - Processing file /home/airflow/.local/lib/python3.12/site-packages/airflow/example_dags/example_short_circuit_operator.py for tasks to queue
[2026-04-10T09:18:31.081+0900] {logging_mixin.py:190} INFO - [2026-04-10T09:18:31.081+0900] {dagbag.py:587} INFO - Filling up the DagBag from /home/airflow/.local/lib/python3.12/site-packages/airflow/example_dags/example_short_circuit_operator.py
[2026-04-10T09:18:31.088+0900] {processor.py:925} INFO - DAG(s) 'example_short_circuit_operator' retrieved from /home/airflow/.local/lib/python3.12/site-packages/airflow/example_dags/example_short_circuit_operator.py
[2026-04-10T09:18:31.107+0900] {logging_mixin.py:190} INFO - [2026-04-10T09:18:31.107+0900] {dag.py:3211} INFO - Sync 1 DAGs
[2026-04-10T09:18:31.124+0900] {logging_mixin.py:190} INFO - [2026-04-10T09:18:31.124+0900] {dag.py:4138} INFO - Setting next_dagrun for example_short_circuit_operator to 2026-04-09 00:00:00+00:00, run_after=2026-04-10 00:00:00+00:00
[2026-04-10T09:18:31.143+0900] {processor.py:208} INFO - Processing /home/airflow/.local/lib/python3.12/site-packages/airflow/example_dags/example_short_circuit_operator.py took 0.069 seconds
[2026-04-10T09:19:01.856+0900] {processor.py:186} INFO - Started process (PID=147782) to work on /home/airflow/.local/lib/python3.12/site-packages/airflow/example_dags/example_short_circuit_operator.py
[2026-04-10T09:19:01.857+0900] {processor.py:914} INFO - Processing file /home/airflow/.local/lib/python3.12/site-packages/airflow/example_dags/example_short_circuit_operator.py for tasks to queue
[2026-04-10T09:19:01.859+0900] {logging_mixin.py:190} INFO - [2026-04-10T09:19:01.859+0900] {dagbag.py:587} INFO - Filling up the DagBag from /home/airflow/.local/lib/python3.12/site-packages/airflow/example_dags/example_short_circuit_operator.py
[2026-04-10T09:19:01.867+0900] {processor.py:925} INFO - DAG(s) 'example_short_circuit_operator' retrieved from /home/airflow/.local/lib/python3.12/site-packages/airflow/example_dags/example_short_circuit_operator.py
[2026-04-10T09:19:01.887+0900] {logging_mixin.py:190} INFO - [2026-04-10T09:19:01.886+0900] {dag.py:3211} INFO - Sync 1 DAGs
[2026-04-10T09:19:01.905+0900] {logging_mixin.py:190} INFO - [2026-04-10T09:19:01.905+0900] {dag.py:4138} INFO - Setting next_dagrun for example_short_circuit_operator to 2026-04-09 00:00:00+00:00, run_after=2026-04-10 00:00:00+00:00
[2026-04-10T09:19:01.924+0900] {processor.py:208} INFO - Processing /home/airflow/.local/lib/python3.12/site-packages/airflow/example_dags/example_short_circuit_operator.py took 0.073 seconds
[2026-04-10T09:19:32.073+0900] {processor.py:186} INFO - Started process (PID=147845) to work on /home/airflow/.local/lib/python3.12/site-packages/airflow/example_dags/example_short_circuit_operator.py
[2026-04-10T09:19:32.074+0900] {processor.py:914} INFO - Processing file /home/airflow/.local/lib/python3.12/site-packages/airflow/example_dags/example_short_circuit_operator.py for tasks to queue
[2026-04-10T09:19:32.076+0900] {logging_mixin.py:190} INFO - [2026-04-10T09:19:32.076+0900] {dagbag.py:587} INFO - Filling up the DagBag from /home/airflow/.local/lib/python3.12/site-packages/airflow/example_dags/example_short_circuit_operator.py
[2026-04-10T09:19:32.083+0900] {processor.py:925} INFO - DAG(s) 'example_short_circuit_operator' retrieved from /home/airflow/.local/lib/python3.12/site-packages/airflow/example_dags/example_short_circuit_operator.py
[2026-04-10T09:19:32.102+0900] {logging_mixin.py:190} INFO - [2026-04-10T09:19:32.102+0900] {dag.py:3211} INFO - Sync 1 DAGs
[2026-04-10T09:19:32.118+0900] {logging_mixin.py:190} INFO - [2026-04-10T09:19:32.118+0900] {dag.py:4138} INFO - Setting next_dagrun for example_short_circuit_operator to 2026-04-09 00:00:00+00:00, run_after=2026-04-10 00:00:00+00:00
[2026-04-10T09:19:32.137+0900] {processor.py:208} INFO - Processing /home/airflow/.local/lib/python3.12/site-packages/airflow/example_dags/example_short_circuit_operator.py took 0.069 seconds
[2026-04-10T09:20:03.078+0900] {processor.py:186} INFO - Started process (PID=147908) to work on /home/airflow/.local/lib/python3.12/site-packages/airflow/example_dags/example_short_circuit_operator.py
[2026-04-10T09:20:03.079+0900] {processor.py:914} INFO - Processing file /home/airflow/.local/lib/python3.12/site-packages/airflow/example_dags/example_short_circuit_operator.py for tasks to queue
[2026-04-10T09:20:03.081+0900] {logging_mixin.py:190} INFO - [2026-04-10T09:20:03.081+0900] {dagbag.py:587} INFO - Filling up the DagBag from /home/airflow/.local/lib/python3.12/site-packages/airflow/example_dags/example_short_circuit_operator.py
[2026-04-10T09:20:03.089+0900] {processor.py:925} INFO - DAG(s) 'example_short_circuit_operator' retrieved from /home/airflow/.local/lib/python3.12/site-packages/airflow/example_dags/example_short_circuit_operator.py
[2026-04-10T09:20:03.106+0900] {logging_mixin.py:190} INFO - [2026-04-10T09:20:03.106+0900] {dag.py:3211} INFO - Sync 1 DAGs
[2026-04-10T09:20:03.122+0900] {logging_mixin.py:190} INFO - [2026-04-10T09:20:03.122+0900] {dag.py:4138} INFO - Setting next_dagrun for example_short_circuit_operator to 2026-04-09 00:00:00+00:00, run_after=2026-04-10 00:00:00+00:00
[2026-04-10T09:20:03.136+0900] {processor.py:208} INFO - Processing /home/airflow/.local/lib/python3.12/site-packages/airflow/example_dags/example_short_circuit_operator.py took 0.063 seconds
[2026-04-10T09:20:33.652+0900] {processor.py:186} INFO - Started process (PID=147977) to work on /home/airflow/.local/lib/python3.12/site-packages/airflow/example_dags/example_short_circuit_operator.py
[2026-04-10T09:20:33.653+0900] {processor.py:914} INFO - Processing file /home/airflow/.local/lib/python3.12/site-packages/airflow/example_dags/example_short_circuit_operator.py for tasks to queue
[2026-04-10T09:20:33.655+0900] {logging_mixin.py:190} INFO - [2026-04-10T09:20:33.655+0900] {dagbag.py:587} INFO - Filling up the DagBag from /home/airflow/.local/lib/python3.12/site-packages/airflow/example_dags/example_short_circuit_operator.py
[2026-04-10T09:20:33.662+0900] {processor.py:925} INFO - DAG(s) 'example_short_circuit_operator' retrieved from /home/airflow/.local/lib/python3.12/site-packages/airflow/example_dags/example_short_circuit_operator.py
[2026-04-10T09:20:33.681+0900] {logging_mixin.py:190} INFO - [2026-04-10T09:20:33.681+0900] {dag.py:3211} INFO - Sync 1 DAGs
[2026-04-10T09:20:33.699+0900] {logging_mixin.py:190} INFO - [2026-04-10T09:20:33.698+0900] {dag.py:4138} INFO - Setting next_dagrun for example_short_circuit_operator to 2026-04-09 00:00:00+00:00, run_after=2026-04-10 00:00:00+00:00
[2026-04-10T09:20:33.719+0900] {processor.py:208} INFO - Processing /home/airflow/.local/lib/python3.12/site-packages/airflow/example_dags/example_short_circuit_operator.py took 0.072 seconds
[2026-04-10T09:21:04.376+0900] {processor.py:186} INFO - Started process (PID=148040) to work on /home/airflow/.local/lib/python3.12/site-packages/airflow/example_dags/example_short_circuit_operator.py
[2026-04-10T09:21:04.377+0900] {processor.py:914} INFO - Processing file /home/airflow/.local/lib/python3.12/site-packages/airflow/example_dags/example_short_circuit_operator.py for tasks to queue
[2026-04-10T09:21:04.379+0900] {logging_mixin.py:190} INFO - [2026-04-10T09:21:04.378+0900] {dagbag.py:587} INFO - Filling up the DagBag from /home/airflow/.local/lib/python3.12/site-packages/airflow/example_dags/example_short_circuit_operator.py
[2026-04-10T09:21:04.386+0900] {processor.py:925} INFO - DAG(s) 'example_short_circuit_operator' retrieved from /home/airflow/.local/lib/python3.12/site-packages/airflow/example_dags/example_short_circuit_operator.py
[2026-04-10T09:21:04.404+0900] {logging_mixin.py:190} INFO - [2026-04-10T09:21:04.404+0900] {dag.py:3211} INFO - Sync 1 DAGs
[2026-04-10T09:21:04.421+0900] {logging_mixin.py:190} INFO - [2026-04-10T09:21:04.420+0900] {dag.py:4138} INFO - Setting next_dagrun for example_short_circuit_operator to 2026-04-09 00:00:00+00:00, run_after=2026-04-10 00:00:00+00:00
[2026-04-10T09:21:04.435+0900] {processor.py:208} INFO - Processing /home/airflow/.local/lib/python3.12/site-packages/airflow/example_dags/example_short_circuit_operator.py took 0.064 seconds
[2026-04-10T09:21:35.275+0900] {processor.py:186} INFO - Started process (PID=148103) to work on /home/airflow/.local/lib/python3.12/site-packages/airflow/example_dags/example_short_circuit_operator.py
[2026-04-10T09:21:35.276+0900] {processor.py:914} INFO - Processing file /home/airflow/.local/lib/python3.12/site-packages/airflow/example_dags/example_short_circuit_operator.py for tasks to queue
[2026-04-10T09:21:35.278+0900] {logging_mixin.py:190} INFO - [2026-04-10T09:21:35.278+0900] {dagbag.py:587} INFO - Filling up the DagBag from /home/airflow/.local/lib/python3.12/site-packages/airflow/example_dags/example_short_circuit_operator.py
[2026-04-10T09:21:35.285+0900] {processor.py:925} INFO - DAG(s) 'example_short_circuit_operator' retrieved from /home/airflow/.local/lib/python3.12/site-packages/airflow/example_dags/example_short_circuit_operator.py
[2026-04-10T09:21:35.304+0900] {logging_mixin.py:190} INFO - [2026-04-10T09:21:35.304+0900] {dag.py:3211} INFO - Sync 1 DAGs
[2026-04-10T09:21:35.320+0900] {logging_mixin.py:190} INFO - [2026-04-10T09:21:35.320+0900] {dag.py:4138} INFO - Setting next_dagrun for example_short_circuit_operator to 2026-04-09 00:00:00+00:00, run_after=2026-04-10 00:00:00+00:00
[2026-04-10T09:21:35.333+0900] {processor.py:208} INFO - Processing /home/airflow/.local/lib/python3.12/site-packages/airflow/example_dags/example_short_circuit_operator.py took 0.062 seconds
[2026-04-10T09:22:06.006+0900] {processor.py:186} INFO - Started process (PID=148166) to work on /home/airflow/.local/lib/python3.12/site-packages/airflow/example_dags/example_short_circuit_operator.py
[2026-04-10T09:22:06.008+0900] {processor.py:914} INFO - Processing file /home/airflow/.local/lib/python3.12/site-packages/airflow/example_dags/example_short_circuit_operator.py for tasks to queue
[2026-04-10T09:22:06.010+0900] {logging_mixin.py:190} INFO - [2026-04-10T09:22:06.009+0900] {dagbag.py:587} INFO - Filling up the DagBag from /home/airflow/.local/lib/python3.12/site-packages/airflow/example_dags/example_short_circuit_operator.py
[2026-04-10T09:22:06.017+0900] {processor.py:925} INFO - DAG(s) 'example_short_circuit_operator' retrieved from /home/airflow/.local/lib/python3.12/site-packages/airflow/example_dags/example_short_circuit_operator.py
[2026-04-10T09:22:06.035+0900] {logging_mixin.py:190} INFO - [2026-04-10T09:22:06.035+0900] {dag.py:3211} INFO - Sync 1 DAGs
[2026-04-10T09:22:06.052+0900] {logging_mixin.py:190} INFO - [2026-04-10T09:22:06.052+0900] {dag.py:4138} INFO - Setting next_dagrun for example_short_circuit_operator to 2026-04-09 00:00:00+00:00, run_after=2026-04-10 00:00:00+00:00
[2026-04-10T09:22:06.070+0900] {processor.py:208} INFO - Processing /home/airflow/.local/lib/python3.12/site-packages/airflow/example_dags/example_short_circuit_operator.py took 0.069 seconds
[2026-04-10T09:22:36.853+0900] {processor.py:186} INFO - Started process (PID=148229) to work on /home/airflow/.local/lib/python3.12/site-packages/airflow/example_dags/example_short_circuit_operator.py
[2026-04-10T09:22:36.854+0900] {processor.py:914} INFO - Processing file /home/airflow/.local/lib/python3.12/site-packages/airflow/example_dags/example_short_circuit_operator.py for tasks to queue
[2026-04-10T09:22:36.857+0900] {logging_mixin.py:190} INFO - [2026-04-10T09:22:36.856+0900] {dagbag.py:587} INFO - Filling up the DagBag from /home/airflow/.local/lib/python3.12/site-packages/airflow/example_dags/example_short_circuit_operator.py
[2026-04-10T09:22:36.863+0900] {processor.py:925} INFO - DAG(s) 'example_short_circuit_operator' retrieved from /home/airflow/.local/lib/python3.12/site-packages/airflow/example_dags/example_short_circuit_operator.py
[2026-04-10T09:22:36.883+0900] {logging_mixin.py:190} INFO - [2026-04-10T09:22:36.883+0900] {dag.py:3211} INFO - Sync 1 DAGs
[2026-04-10T09:22:36.900+0900] {logging_mixin.py:190} INFO - [2026-04-10T09:22:36.900+0900] {dag.py:4138} INFO - Setting next_dagrun for example_short_circuit_operator to 2026-04-09 00:00:00+00:00, run_after=2026-04-10 00:00:00+00:00
[2026-04-10T09:22:36.914+0900] {processor.py:208} INFO - Processing /home/airflow/.local/lib/python3.12/site-packages/airflow/example_dags/example_short_circuit_operator.py took 0.065 seconds
[2026-04-10T09:23:07.572+0900] {processor.py:186} INFO - Started process (PID=148292) to work on /home/airflow/.local/lib/python3.12/site-packages/airflow/example_dags/example_short_circuit_operator.py
[2026-04-10T09:23:07.573+0900] {processor.py:914} INFO - Processing file /home/airflow/.local/lib/python3.12/site-packages/airflow/example_dags/example_short_circuit_operator.py for tasks to queue
[2026-04-10T09:23:07.575+0900] {logging_mixin.py:190} INFO - [2026-04-10T09:23:07.575+0900] {dagbag.py:587} INFO - Filling up the DagBag from /home/airflow/.local/lib/python3.12/site-packages/airflow/example_dags/example_short_circuit_operator.py
[2026-04-10T09:23:07.583+0900] {processor.py:925} INFO - DAG(s) 'example_short_circuit_operator' retrieved from /home/airflow/.local/lib/python3.12/site-packages/airflow/example_dags/example_short_circuit_operator.py
[2026-04-10T09:23:07.603+0900] {logging_mixin.py:190} INFO - [2026-04-10T09:23:07.603+0900] {dag.py:3211} INFO - Sync 1 DAGs
[2026-04-10T09:23:07.621+0900] {logging_mixin.py:190} INFO - [2026-04-10T09:23:07.621+0900] {dag.py:4138} INFO - Setting next_dagrun for example_short_circuit_operator to 2026-04-09 00:00:00+00:00, run_after=2026-04-10 00:00:00+00:00
[2026-04-10T09:23:07.634+0900] {processor.py:208} INFO - Processing /home/airflow/.local/lib/python3.12/site-packages/airflow/example_dags/example_short_circuit_operator.py took 0.067 seconds
[2026-04-10T09:23:38.232+0900] {processor.py:186} INFO - Started process (PID=148355) to work on /home/airflow/.local/lib/python3.12/site-packages/airflow/example_dags/example_short_circuit_operator.py
[2026-04-10T09:23:38.233+0900] {processor.py:914} INFO - Processing file /home/airflow/.local/lib/python3.12/site-packages/airflow/example_dags/example_short_circuit_operator.py for tasks to queue
[2026-04-10T09:23:38.235+0900] {logging_mixin.py:190} INFO - [2026-04-10T09:23:38.234+0900] {dagbag.py:587} INFO - Filling up the DagBag from /home/airflow/.local/lib/python3.12/site-packages/airflow/example_dags/example_short_circuit_operator.py
[2026-04-10T09:23:38.242+0900] {processor.py:925} INFO - DAG(s) 'example_short_circuit_operator' retrieved from /home/airflow/.local/lib/python3.12/site-packages/airflow/example_dags/example_short_circuit_operator.py
[2026-04-10T09:23:38.262+0900] {logging_mixin.py:190} INFO - [2026-04-10T09:23:38.261+0900] {dag.py:3211} INFO - Sync 1 DAGs
[2026-04-10T09:23:38.280+0900] {logging_mixin.py:190} INFO - [2026-04-10T09:23:38.279+0900] {dag.py:4138} INFO - Setting next_dagrun for example_short_circuit_operator to 2026-04-09 00:00:00+00:00, run_after=2026-04-10 00:00:00+00:00
[2026-04-10T09:23:38.296+0900] {processor.py:208} INFO - Processing /home/airflow/.local/lib/python3.12/site-packages/airflow/example_dags/example_short_circuit_operator.py took 0.068 seconds
[2026-04-10T09:24:09.114+0900] {processor.py:186} INFO - Started process (PID=148418) to work on /home/airflow/.local/lib/python3.12/site-packages/airflow/example_dags/example_short_circuit_operator.py
[2026-04-10T09:24:09.115+0900] {processor.py:914} INFO - Processing file /home/airflow/.local/lib/python3.12/site-packages/airflow/example_dags/example_short_circuit_operator.py for tasks to queue
[2026-04-10T09:24:09.117+0900] {logging_mixin.py:190} INFO - [2026-04-10T09:24:09.117+0900] {dagbag.py:587} INFO - Filling up the DagBag from /home/airflow/.local/lib/python3.12/site-packages/airflow/example_dags/example_short_circuit_operator.py
[2026-04-10T09:24:09.123+0900] {processor.py:925} INFO - DAG(s) 'example_short_circuit_operator' retrieved from /home/airflow/.local/lib/python3.12/site-packages/airflow/example_dags/example_short_circuit_operator.py
[2026-04-10T09:24:09.141+0900] {logging_mixin.py:190} INFO - [2026-04-10T09:24:09.141+0900] {dag.py:3211} INFO - Sync 1 DAGs
[2026-04-10T09:24:09.157+0900] {logging_mixin.py:190} INFO - [2026-04-10T09:24:09.157+0900] {dag.py:4138} INFO - Setting next_dagrun for example_short_circuit_operator to 2026-04-09 00:00:00+00:00, run_after=2026-04-10 00:00:00+00:00
[2026-04-10T09:24:09.176+0900] {processor.py:208} INFO - Processing /home/airflow/.local/lib/python3.12/site-packages/airflow/example_dags/example_short_circuit_operator.py took 0.066 seconds
[2026-04-10T09:24:39.326+0900] {processor.py:186} INFO - Started process (PID=148481) to work on /home/airflow/.local/lib/python3.12/site-packages/airflow/example_dags/example_short_circuit_operator.py
[2026-04-10T09:24:39.327+0900] {processor.py:914} INFO - Processing file /home/airflow/.local/lib/python3.12/site-packages/airflow/example_dags/example_short_circuit_operator.py for tasks to queue
[2026-04-10T09:24:39.330+0900] {logging_mixin.py:190} INFO - [2026-04-10T09:24:39.329+0900] {dagbag.py:587} INFO - Filling up the DagBag from /home/airflow/.local/lib/python3.12/site-packages/airflow/example_dags/example_short_circuit_operator.py
[2026-04-10T09:24:39.336+0900] {processor.py:925} INFO - DAG(s) 'example_short_circuit_operator' retrieved from /home/airflow/.local/lib/python3.12/site-packages/airflow/example_dags/example_short_circuit_operator.py
[2026-04-10T09:24:39.356+0900] {logging_mixin.py:190} INFO - [2026-04-10T09:24:39.356+0900] {dag.py:3211} INFO - Sync 1 DAGs
[2026-04-10T09:24:39.374+0900] {logging_mixin.py:190} INFO - [2026-04-10T09:24:39.374+0900] {dag.py:4138} INFO - Setting next_dagrun for example_short_circuit_operator to 2026-04-09 00:00:00+00:00, run_after=2026-04-10 00:00:00+00:00
[2026-04-10T09:24:39.389+0900] {processor.py:208} INFO - Processing /home/airflow/.local/lib/python3.12/site-packages/airflow/example_dags/example_short_circuit_operator.py took 0.067 seconds
[2026-04-10T09:25:09.558+0900] {processor.py:186} INFO - Started process (PID=148544) to work on /home/airflow/.local/lib/python3.12/site-packages/airflow/example_dags/example_short_circuit_operator.py
[2026-04-10T09:25:09.560+0900] {processor.py:914} INFO - Processing file /home/airflow/.local/lib/python3.12/site-packages/airflow/example_dags/example_short_circuit_operator.py for tasks to queue
[2026-04-10T09:25:09.563+0900] {logging_mixin.py:190} INFO - [2026-04-10T09:25:09.563+0900] {dagbag.py:587} INFO - Filling up the DagBag from /home/airflow/.local/lib/python3.12/site-packages/airflow/example_dags/example_short_circuit_operator.py
[2026-04-10T09:25:09.571+0900] {processor.py:925} INFO - DAG(s) 'example_short_circuit_operator' retrieved from /home/airflow/.local/lib/python3.12/site-packages/airflow/example_dags/example_short_circuit_operator.py
[2026-04-10T09:25:09.592+0900] {logging_mixin.py:190} INFO - [2026-04-10T09:25:09.591+0900] {dag.py:3211} INFO - Sync 1 DAGs
[2026-04-10T09:25:09.611+0900] {logging_mixin.py:190} INFO - [2026-04-10T09:25:09.611+0900] {dag.py:4138} INFO - Setting next_dagrun for example_short_circuit_operator to 2026-04-09 00:00:00+00:00, run_after=2026-04-10 00:00:00+00:00
[2026-04-10T09:25:09.627+0900] {processor.py:208} INFO - Processing /home/airflow/.local/lib/python3.12/site-packages/airflow/example_dags/example_short_circuit_operator.py took 0.074 seconds
[2026-04-10T09:25:39.855+0900] {processor.py:186} INFO - Started process (PID=148607) to work on /home/airflow/.local/lib/python3.12/site-packages/airflow/example_dags/example_short_circuit_operator.py
[2026-04-10T09:25:39.856+0900] {processor.py:914} INFO - Processing file /home/airflow/.local/lib/python3.12/site-packages/airflow/example_dags/example_short_circuit_operator.py for tasks to queue
[2026-04-10T09:25:39.859+0900] {logging_mixin.py:190} INFO - [2026-04-10T09:25:39.858+0900] {dagbag.py:587} INFO - Filling up the DagBag from /home/airflow/.local/lib/python3.12/site-packages/airflow/example_dags/example_short_circuit_operator.py
[2026-04-10T09:25:39.866+0900] {processor.py:925} INFO - DAG(s) 'example_short_circuit_operator' retrieved from /home/airflow/.local/lib/python3.12/site-packages/airflow/example_dags/example_short_circuit_operator.py
[2026-04-10T09:25:39.886+0900] {logging_mixin.py:190} INFO - [2026-04-10T09:25:39.886+0900] {dag.py:3211} INFO - Sync 1 DAGs
[2026-04-10T09:25:39.903+0900] {logging_mixin.py:190} INFO - [2026-04-10T09:25:39.903+0900] {dag.py:4138} INFO - Setting next_dagrun for example_short_circuit_operator to 2026-04-09 00:00:00+00:00, run_after=2026-04-10 00:00:00+00:00
[2026-04-10T09:25:39.923+0900] {processor.py:208} INFO - Processing /home/airflow/.local/lib/python3.12/site-packages/airflow/example_dags/example_short_circuit_operator.py took 0.073 seconds
[2026-04-10T09:26:09.969+0900] {processor.py:186} INFO - Started process (PID=148669) to work on /home/airflow/.local/lib/python3.12/site-packages/airflow/example_dags/example_short_circuit_operator.py
[2026-04-10T09:26:09.970+0900] {processor.py:914} INFO - Processing file /home/airflow/.local/lib/python3.12/site-packages/airflow/example_dags/example_short_circuit_operator.py for tasks to queue
[2026-04-10T09:26:09.973+0900] {logging_mixin.py:190} INFO - [2026-04-10T09:26:09.972+0900] {dagbag.py:587} INFO - Filling up the DagBag from /home/airflow/.local/lib/python3.12/site-packages/airflow/example_dags/example_short_circuit_operator.py
[2026-04-10T09:26:09.980+0900] {processor.py:925} INFO - DAG(s) 'example_short_circuit_operator' retrieved from /home/airflow/.local/lib/python3.12/site-packages/airflow/example_dags/example_short_circuit_operator.py
[2026-04-10T09:26:09.997+0900] {logging_mixin.py:190} INFO - [2026-04-10T09:26:09.996+0900] {dag.py:3211} INFO - Sync 1 DAGs
[2026-04-10T09:26:10.012+0900] {logging_mixin.py:190} INFO - [2026-04-10T09:26:10.012+0900] {dag.py:4138} INFO - Setting next_dagrun for example_short_circuit_operator to 2026-04-09 00:00:00+00:00, run_after=2026-04-10 00:00:00+00:00
[2026-04-10T09:26:10.025+0900] {processor.py:208} INFO - Processing /home/airflow/.local/lib/python3.12/site-packages/airflow/example_dags/example_short_circuit_operator.py took 0.061 seconds
[2026-04-10T09:26:40.717+0900] {processor.py:186} INFO - Started process (PID=148733) to work on /home/airflow/.local/lib/python3.12/site-packages/airflow/example_dags/example_short_circuit_operator.py
[2026-04-10T09:26:40.718+0900] {processor.py:914} INFO - Processing file /home/airflow/.local/lib/python3.12/site-packages/airflow/example_dags/example_short_circuit_operator.py for tasks to queue
[2026-04-10T09:26:40.720+0900] {logging_mixin.py:190} INFO - [2026-04-10T09:26:40.720+0900] {dagbag.py:587} INFO - Filling up the DagBag from /home/airflow/.local/lib/python3.12/site-packages/airflow/example_dags/example_short_circuit_operator.py
[2026-04-10T09:26:40.727+0900] {processor.py:925} INFO - DAG(s) 'example_short_circuit_operator' retrieved from /home/airflow/.local/lib/python3.12/site-packages/airflow/example_dags/example_short_circuit_operator.py
[2026-04-10T09:26:40.744+0900] {logging_mixin.py:190} INFO - [2026-04-10T09:26:40.744+0900] {dag.py:3211} INFO - Sync 1 DAGs
[2026-04-10T09:26:40.759+0900] {logging_mixin.py:190} INFO - [2026-04-10T09:26:40.759+0900] {dag.py:4138} INFO - Setting next_dagrun for example_short_circuit_operator to 2026-04-09 00:00:00+00:00, run_after=2026-04-10 00:00:00+00:00
[2026-04-10T09:26:40.773+0900] {processor.py:208} INFO - Processing /home/airflow/.local/lib/python3.12/site-packages/airflow/example_dags/example_short_circuit_operator.py took 0.061 seconds
[2026-04-10T09:27:11.579+0900] {processor.py:186} INFO - Started process (PID=148796) to work on /home/airflow/.local/lib/python3.12/site-packages/airflow/example_dags/example_short_circuit_operator.py
[2026-04-10T09:27:11.581+0900] {processor.py:914} INFO - Processing file /home/airflow/.local/lib/python3.12/site-packages/airflow/example_dags/example_short_circuit_operator.py for tasks to queue
[2026-04-10T09:27:11.583+0900] {logging_mixin.py:190} INFO - [2026-04-10T09:27:11.583+0900] {dagbag.py:587} INFO - Filling up the DagBag from /home/airflow/.local/lib/python3.12/site-packages/airflow/example_dags/example_short_circuit_operator.py
[2026-04-10T09:27:11.590+0900] {processor.py:925} INFO - DAG(s) 'example_short_circuit_operator' retrieved from /home/airflow/.local/lib/python3.12/site-packages/airflow/example_dags/example_short_circuit_operator.py
[2026-04-10T09:27:11.607+0900] {logging_mixin.py:190} INFO - [2026-04-10T09:27:11.607+0900] {dag.py:3211} INFO - Sync 1 DAGs
[2026-04-10T09:27:11.622+0900] {logging_mixin.py:190} INFO - [2026-04-10T09:27:11.622+0900] {dag.py:4138} INFO - Setting next_dagrun for example_short_circuit_operator to 2026-04-09 00:00:00+00:00, run_after=2026-04-10 00:00:00+00:00
[2026-04-10T09:27:11.634+0900] {processor.py:208} INFO - Processing /home/airflow/.local/lib/python3.12/site-packages/airflow/example_dags/example_short_circuit_operator.py took 0.060 seconds
[2026-04-10T09:27:42.160+0900] {processor.py:186} INFO - Started process (PID=148859) to work on /home/airflow/.local/lib/python3.12/site-packages/airflow/example_dags/example_short_circuit_operator.py
[2026-04-10T09:27:42.161+0900] {processor.py:914} INFO - Processing file /home/airflow/.local/lib/python3.12/site-packages/airflow/example_dags/example_short_circuit_operator.py for tasks to queue
[2026-04-10T09:27:42.163+0900] {logging_mixin.py:190} INFO - [2026-04-10T09:27:42.163+0900] {dagbag.py:587} INFO - Filling up the DagBag from /home/airflow/.local/lib/python3.12/site-packages/airflow/example_dags/example_short_circuit_operator.py
[2026-04-10T09:27:42.170+0900] {processor.py:925} INFO - DAG(s) 'example_short_circuit_operator' retrieved from /home/airflow/.local/lib/python3.12/site-packages/airflow/example_dags/example_short_circuit_operator.py
[2026-04-10T09:27:42.188+0900] {logging_mixin.py:190} INFO - [2026-04-10T09:27:42.188+0900] {dag.py:3211} INFO - Sync 1 DAGs
[2026-04-10T09:27:42.204+0900] {logging_mixin.py:190} INFO - [2026-04-10T09:27:42.204+0900] {dag.py:4138} INFO - Setting next_dagrun for example_short_circuit_operator to 2026-04-09 00:00:00+00:00, run_after=2026-04-10 00:00:00+00:00
[2026-04-10T09:27:42.218+0900] {processor.py:208} INFO - Processing /home/airflow/.local/lib/python3.12/site-packages/airflow/example_dags/example_short_circuit_operator.py took 0.062 seconds
[2026-04-10T09:28:12.720+0900] {processor.py:186} INFO - Started process (PID=148922) to work on /home/airflow/.local/lib/python3.12/site-packages/airflow/example_dags/example_short_circuit_operator.py
[2026-04-10T09:28:12.721+0900] {processor.py:914} INFO - Processing file /home/airflow/.local/lib/python3.12/site-packages/airflow/example_dags/example_short_circuit_operator.py for tasks to queue
[2026-04-10T09:28:12.723+0900] {logging_mixin.py:190} INFO - [2026-04-10T09:28:12.723+0900] {dagbag.py:587} INFO - Filling up the DagBag from /home/airflow/.local/lib/python3.12/site-packages/airflow/example_dags/example_short_circuit_operator.py
[2026-04-10T09:28:12.730+0900] {processor.py:925} INFO - DAG(s) 'example_short_circuit_operator' retrieved from /home/airflow/.local/lib/python3.12/site-packages/airflow/example_dags/example_short_circuit_operator.py
[2026-04-10T09:28:12.747+0900] {logging_mixin.py:190} INFO - [2026-04-10T09:28:12.747+0900] {dag.py:3211} INFO - Sync 1 DAGs
[2026-04-10T09:28:12.763+0900] {logging_mixin.py:190} INFO - [2026-04-10T09:28:12.763+0900] {dag.py:4138} INFO - Setting next_dagrun for example_short_circuit_operator to 2026-04-09 00:00:00+00:00, run_after=2026-04-10 00:00:00+00:00
[2026-04-10T09:28:12.776+0900] {processor.py:208} INFO - Processing /home/airflow/.local/lib/python3.12/site-packages/airflow/example_dags/example_short_circuit_operator.py took 0.061 seconds
[2026-04-10T09:28:43.319+0900] {processor.py:186} INFO - Started process (PID=148986) to work on /home/airflow/.local/lib/python3.12/site-packages/airflow/example_dags/example_short_circuit_operator.py
[2026-04-10T09:28:43.320+0900] {processor.py:914} INFO - Processing file /home/airflow/.local/lib/python3.12/site-packages/airflow/example_dags/example_short_circuit_operator.py for tasks to queue
[2026-04-10T09:28:43.323+0900] {logging_mixin.py:190} INFO - [2026-04-10T09:28:43.322+0900] {dagbag.py:587} INFO - Filling up the DagBag from /home/airflow/.local/lib/python3.12/site-packages/airflow/example_dags/example_short_circuit_operator.py
[2026-04-10T09:28:43.330+0900] {processor.py:925} INFO - DAG(s) 'example_short_circuit_operator' retrieved from /home/airflow/.local/lib/python3.12/site-packages/airflow/example_dags/example_short_circuit_operator.py
[2026-04-10T09:28:43.346+0900] {logging_mixin.py:190} INFO - [2026-04-10T09:28:43.346+0900] {dag.py:3211} INFO - Sync 1 DAGs
[2026-04-10T09:28:43.361+0900] {logging_mixin.py:190} INFO - [2026-04-10T09:28:43.361+0900] {dag.py:4138} INFO - Setting next_dagrun for example_short_circuit_operator to 2026-04-09 00:00:00+00:00, run_after=2026-04-10 00:00:00+00:00
[2026-04-10T09:28:43.374+0900] {processor.py:208} INFO - Processing /home/airflow/.local/lib/python3.12/site-packages/airflow/example_dags/example_short_circuit_operator.py took 0.060 seconds
[2026-04-10T09:29:14.105+0900] {processor.py:186} INFO - Started process (PID=149049) to work on /home/airflow/.local/lib/python3.12/site-packages/airflow/example_dags/example_short_circuit_operator.py
[2026-04-10T09:29:14.106+0900] {processor.py:914} INFO - Processing file /home/airflow/.local/lib/python3.12/site-packages/airflow/example_dags/example_short_circuit_operator.py for tasks to queue
[2026-04-10T09:29:14.108+0900] {logging_mixin.py:190} INFO - [2026-04-10T09:29:14.108+0900] {dagbag.py:587} INFO - Filling up the DagBag from /home/airflow/.local/lib/python3.12/site-packages/airflow/example_dags/example_short_circuit_operator.py
[2026-04-10T09:29:14.115+0900] {processor.py:925} INFO - DAG(s) 'example_short_circuit_operator' retrieved from /home/airflow/.local/lib/python3.12/site-packages/airflow/example_dags/example_short_circuit_operator.py
[2026-04-10T09:29:14.133+0900] {logging_mixin.py:190} INFO - [2026-04-10T09:29:14.132+0900] {dag.py:3211} INFO - Sync 1 DAGs
[2026-04-10T09:29:14.149+0900] {logging_mixin.py:190} INFO - [2026-04-10T09:29:14.149+0900] {dag.py:4138} INFO - Setting next_dagrun for example_short_circuit_operator to 2026-04-09 00:00:00+00:00, run_after=2026-04-10 00:00:00+00:00
[2026-04-10T09:29:14.164+0900] {processor.py:208} INFO - Processing /home/airflow/.local/lib/python3.12/site-packages/airflow/example_dags/example_short_circuit_operator.py took 0.064 seconds
[2026-04-10T09:29:44.934+0900] {processor.py:186} INFO - Started process (PID=149112) to work on /home/airflow/.local/lib/python3.12/site-packages/airflow/example_dags/example_short_circuit_operator.py
[2026-04-10T09:29:44.935+0900] {processor.py:914} INFO - Processing file /home/airflow/.local/lib/python3.12/site-packages/airflow/example_dags/example_short_circuit_operator.py for tasks to queue
[2026-04-10T09:29:44.937+0900] {logging_mixin.py:190} INFO - [2026-04-10T09:29:44.937+0900] {dagbag.py:587} INFO - Filling up the DagBag from /home/airflow/.local/lib/python3.12/site-packages/airflow/example_dags/example_short_circuit_operator.py
[2026-04-10T09:29:44.944+0900] {processor.py:925} INFO - DAG(s) 'example_short_circuit_operator' retrieved from /home/airflow/.local/lib/python3.12/site-packages/airflow/example_dags/example_short_circuit_operator.py
[2026-04-10T09:29:44.960+0900] {logging_mixin.py:190} INFO - [2026-04-10T09:29:44.960+0900] {dag.py:3211} INFO - Sync 1 DAGs
[2026-04-10T09:29:44.975+0900] {logging_mixin.py:190} INFO - [2026-04-10T09:29:44.975+0900] {dag.py:4138} INFO - Setting next_dagrun for example_short_circuit_operator to 2026-04-09 00:00:00+00:00, run_after=2026-04-10 00:00:00+00:00
[2026-04-10T09:29:44.988+0900] {processor.py:208} INFO - Processing /home/airflow/.local/lib/python3.12/site-packages/airflow/example_dags/example_short_circuit_operator.py took 0.058 seconds
[2026-04-10T09:30:15.755+0900] {processor.py:186} INFO - Started process (PID=149174) to work on /home/airflow/.local/lib/python3.12/site-packages/airflow/example_dags/example_short_circuit_operator.py
[2026-04-10T09:30:15.756+0900] {processor.py:914} INFO - Processing file /home/airflow/.local/lib/python3.12/site-packages/airflow/example_dags/example_short_circuit_operator.py for tasks to queue
[2026-04-10T09:30:15.758+0900] {logging_mixin.py:190} INFO - [2026-04-10T09:30:15.758+0900] {dagbag.py:587} INFO - Filling up the DagBag from /home/airflow/.local/lib/python3.12/site-packages/airflow/example_dags/example_short_circuit_operator.py
[2026-04-10T09:30:15.765+0900] {processor.py:925} INFO - DAG(s) 'example_short_circuit_operator' retrieved from /home/airflow/.local/lib/python3.12/site-packages/airflow/example_dags/example_short_circuit_operator.py
[2026-04-10T09:30:15.783+0900] {logging_mixin.py:190} INFO - [2026-04-10T09:30:15.783+0900] {dag.py:3211} INFO - Sync 1 DAGs
[2026-04-10T09:30:15.799+0900] {logging_mixin.py:190} INFO - [2026-04-10T09:30:15.799+0900] {dag.py:4138} INFO - Setting next_dagrun for example_short_circuit_operator to 2026-04-09 00:00:00+00:00, run_after=2026-04-10 00:00:00+00:00
[2026-04-10T09:30:15.812+0900] {processor.py:208} INFO - Processing /home/airflow/.local/lib/python3.12/site-packages/airflow/example_dags/example_short_circuit_operator.py took 0.062 seconds
[2026-04-10T09:30:46.516+0900] {processor.py:186} INFO - Started process (PID=149237) to work on /home/airflow/.local/lib/python3.12/site-packages/airflow/example_dags/example_short_circuit_operator.py
[2026-04-10T09:30:46.518+0900] {processor.py:914} INFO - Processing file /home/airflow/.local/lib/python3.12/site-packages/airflow/example_dags/example_short_circuit_operator.py for tasks to queue
[2026-04-10T09:30:46.520+0900] {logging_mixin.py:190} INFO - [2026-04-10T09:30:46.520+0900] {dagbag.py:587} INFO - Filling up the DagBag from /home/airflow/.local/lib/python3.12/site-packages/airflow/example_dags/example_short_circuit_operator.py
[2026-04-10T09:30:46.527+0900] {processor.py:925} INFO - DAG(s) 'example_short_circuit_operator' retrieved from /home/airflow/.local/lib/python3.12/site-packages/airflow/example_dags/example_short_circuit_operator.py
[2026-04-10T09:30:46.546+0900] {logging_mixin.py:190} INFO - [2026-04-10T09:30:46.546+0900] {dag.py:3211} INFO - Sync 1 DAGs
[2026-04-10T09:30:46.562+0900] {logging_mixin.py:190} INFO - [2026-04-10T09:30:46.562+0900] {dag.py:4138} INFO - Setting next_dagrun for example_short_circuit_operator to 2026-04-09 00:00:00+00:00, run_after=2026-04-10 00:00:00+00:00
[2026-04-10T09:30:46.576+0900] {processor.py:208} INFO - Processing /home/airflow/.local/lib/python3.12/site-packages/airflow/example_dags/example_short_circuit_operator.py took 0.065 seconds
[2026-04-10T09:31:17.223+0900] {processor.py:186} INFO - Started process (PID=149300) to work on /home/airflow/.local/lib/python3.12/site-packages/airflow/example_dags/example_short_circuit_operator.py
[2026-04-10T09:31:17.224+0900] {processor.py:914} INFO - Processing file /home/airflow/.local/lib/python3.12/site-packages/airflow/example_dags/example_short_circuit_operator.py for tasks to queue
[2026-04-10T09:31:17.226+0900] {logging_mixin.py:190} INFO - [2026-04-10T09:31:17.226+0900] {dagbag.py:587} INFO - Filling up the DagBag from /home/airflow/.local/lib/python3.12/site-packages/airflow/example_dags/example_short_circuit_operator.py
[2026-04-10T09:31:17.233+0900] {processor.py:925} INFO - DAG(s) 'example_short_circuit_operator' retrieved from /home/airflow/.local/lib/python3.12/site-packages/airflow/example_dags/example_short_circuit_operator.py
[2026-04-10T09:31:17.250+0900] {logging_mixin.py:190} INFO - [2026-04-10T09:31:17.249+0900] {dag.py:3211} INFO - Sync 1 DAGs
[2026-04-10T09:31:17.266+0900] {logging_mixin.py:190} INFO - [2026-04-10T09:31:17.266+0900] {dag.py:4138} INFO - Setting next_dagrun for example_short_circuit_operator to 2026-04-09 00:00:00+00:00, run_after=2026-04-10 00:00:00+00:00
[2026-04-10T09:31:17.280+0900] {processor.py:208} INFO - Processing /home/airflow/.local/lib/python3.12/site-packages/airflow/example_dags/example_short_circuit_operator.py took 0.061 seconds
[2026-04-10T09:31:48.021+0900] {processor.py:186} INFO - Started process (PID=149363) to work on /home/airflow/.local/lib/python3.12/site-packages/airflow/example_dags/example_short_circuit_operator.py
[2026-04-10T09:31:48.022+0900] {processor.py:914} INFO - Processing file /home/airflow/.local/lib/python3.12/site-packages/airflow/example_dags/example_short_circuit_operator.py for tasks to queue
[2026-04-10T09:31:48.025+0900] {logging_mixin.py:190} INFO - [2026-04-10T09:31:48.024+0900] {dagbag.py:587} INFO - Filling up the DagBag from /home/airflow/.local/lib/python3.12/site-packages/airflow/example_dags/example_short_circuit_operator.py
[2026-04-10T09:31:48.032+0900] {processor.py:925} INFO - DAG(s) 'example_short_circuit_operator' retrieved from /home/airflow/.local/lib/python3.12/site-packages/airflow/example_dags/example_short_circuit_operator.py
[2026-04-10T09:31:48.050+0900] {logging_mixin.py:190} INFO - [2026-04-10T09:31:48.049+0900] {dag.py:3211} INFO - Sync 1 DAGs
[2026-04-10T09:31:48.066+0900] {logging_mixin.py:190} INFO - [2026-04-10T09:31:48.065+0900] {dag.py:4138} INFO - Setting next_dagrun for example_short_circuit_operator to 2026-04-09 00:00:00+00:00, run_after=2026-04-10 00:00:00+00:00
[2026-04-10T09:31:48.082+0900] {processor.py:208} INFO - Processing /home/airflow/.local/lib/python3.12/site-packages/airflow/example_dags/example_short_circuit_operator.py took 0.065 seconds
[2026-04-10T09:32:18.823+0900] {processor.py:186} INFO - Started process (PID=149426) to work on /home/airflow/.local/lib/python3.12/site-packages/airflow/example_dags/example_short_circuit_operator.py
[2026-04-10T09:32:18.825+0900] {processor.py:914} INFO - Processing file /home/airflow/.local/lib/python3.12/site-packages/airflow/example_dags/example_short_circuit_operator.py for tasks to queue
[2026-04-10T09:32:18.827+0900] {logging_mixin.py:190} INFO - [2026-04-10T09:32:18.827+0900] {dagbag.py:587} INFO - Filling up the DagBag from /home/airflow/.local/lib/python3.12/site-packages/airflow/example_dags/example_short_circuit_operator.py
[2026-04-10T09:32:18.835+0900] {processor.py:925} INFO - DAG(s) 'example_short_circuit_operator' retrieved from /home/airflow/.local/lib/python3.12/site-packages/airflow/example_dags/example_short_circuit_operator.py
[2026-04-10T09:32:18.852+0900] {logging_mixin.py:190} INFO - [2026-04-10T09:32:18.852+0900] {dag.py:3211} INFO - Sync 1 DAGs
[2026-04-10T09:32:18.869+0900] {logging_mixin.py:190} INFO - [2026-04-10T09:32:18.869+0900] {dag.py:4138} INFO - Setting next_dagrun for example_short_circuit_operator to 2026-04-09 00:00:00+00:00, run_after=2026-04-10 00:00:00+00:00
[2026-04-10T09:32:18.884+0900] {processor.py:208} INFO - Processing /home/airflow/.local/lib/python3.12/site-packages/airflow/example_dags/example_short_circuit_operator.py took 0.065 seconds
[2026-04-10T09:32:49.371+0900] {processor.py:186} INFO - Started process (PID=149489) to work on /home/airflow/.local/lib/python3.12/site-packages/airflow/example_dags/example_short_circuit_operator.py
[2026-04-10T09:32:49.373+0900] {processor.py:914} INFO - Processing file /home/airflow/.local/lib/python3.12/site-packages/airflow/example_dags/example_short_circuit_operator.py for tasks to queue
[2026-04-10T09:32:49.375+0900] {logging_mixin.py:190} INFO - [2026-04-10T09:32:49.375+0900] {dagbag.py:587} INFO - Filling up the DagBag from /home/airflow/.local/lib/python3.12/site-packages/airflow/example_dags/example_short_circuit_operator.py
[2026-04-10T09:32:49.382+0900] {processor.py:925} INFO - DAG(s) 'example_short_circuit_operator' retrieved from /home/airflow/.local/lib/python3.12/site-packages/airflow/example_dags/example_short_circuit_operator.py
[2026-04-10T09:32:49.399+0900] {logging_mixin.py:190} INFO - [2026-04-10T09:32:49.399+0900] {dag.py:3211} INFO - Sync 1 DAGs
[2026-04-10T09:32:49.415+0900] {logging_mixin.py:190} INFO - [2026-04-10T09:32:49.414+0900] {dag.py:4138} INFO - Setting next_dagrun for example_short_circuit_operator to 2026-04-09 00:00:00+00:00, run_after=2026-04-10 00:00:00+00:00
[2026-04-10T09:32:49.428+0900] {processor.py:208} INFO - Processing /home/airflow/.local/lib/python3.12/site-packages/airflow/example_dags/example_short_circuit_operator.py took 0.062 seconds
[2026-04-10T09:33:20.094+0900] {processor.py:186} INFO - Started process (PID=149552) to work on /home/airflow/.local/lib/python3.12/site-packages/airflow/example_dags/example_short_circuit_operator.py
[2026-04-10T09:33:20.095+0900] {processor.py:914} INFO - Processing file /home/airflow/.local/lib/python3.12/site-packages/airflow/example_dags/example_short_circuit_operator.py for tasks to queue
[2026-04-10T09:33:20.097+0900] {logging_mixin.py:190} INFO - [2026-04-10T09:33:20.097+0900] {dagbag.py:587} INFO - Filling up the DagBag from /home/airflow/.local/lib/python3.12/site-packages/airflow/example_dags/example_short_circuit_operator.py
[2026-04-10T09:33:20.103+0900] {processor.py:925} INFO - DAG(s) 'example_short_circuit_operator' retrieved from /home/airflow/.local/lib/python3.12/site-packages/airflow/example_dags/example_short_circuit_operator.py
[2026-04-10T09:33:20.120+0900] {logging_mixin.py:190} INFO - [2026-04-10T09:33:20.120+0900] {dag.py:3211} INFO - Sync 1 DAGs
[2026-04-10T09:33:20.135+0900] {logging_mixin.py:190} INFO - [2026-04-10T09:33:20.135+0900] {dag.py:4138} INFO - Setting next_dagrun for example_short_circuit_operator to 2026-04-09 00:00:00+00:00, run_after=2026-04-10 00:00:00+00:00
[2026-04-10T09:33:20.151+0900] {processor.py:208} INFO - Processing /home/airflow/.local/lib/python3.12/site-packages/airflow/example_dags/example_short_circuit_operator.py took 0.061 seconds
[2026-04-10T09:33:50.861+0900] {processor.py:186} INFO - Started process (PID=149615) to work on /home/airflow/.local/lib/python3.12/site-packages/airflow/example_dags/example_short_circuit_operator.py
[2026-04-10T09:33:50.862+0900] {processor.py:914} INFO - Processing file /home/airflow/.local/lib/python3.12/site-packages/airflow/example_dags/example_short_circuit_operator.py for tasks to queue
[2026-04-10T09:33:50.864+0900] {logging_mixin.py:190} INFO - [2026-04-10T09:33:50.864+0900] {dagbag.py:587} INFO - Filling up the DagBag from /home/airflow/.local/lib/python3.12/site-packages/airflow/example_dags/example_short_circuit_operator.py
[2026-04-10T09:33:50.872+0900] {processor.py:925} INFO - DAG(s) 'example_short_circuit_operator' retrieved from /home/airflow/.local/lib/python3.12/site-packages/airflow/example_dags/example_short_circuit_operator.py
[2026-04-10T09:33:50.893+0900] {logging_mixin.py:190} INFO - [2026-04-10T09:33:50.893+0900] {dag.py:3211} INFO - Sync 1 DAGs
[2026-04-10T09:33:50.910+0900] {logging_mixin.py:190} INFO - [2026-04-10T09:33:50.910+0900] {dag.py:4138} INFO - Setting next_dagrun for example_short_circuit_operator to 2026-04-09 00:00:00+00:00, run_after=2026-04-10 00:00:00+00:00
[2026-04-10T09:33:50.923+0900] {processor.py:208} INFO - Processing /home/airflow/.local/lib/python3.12/site-packages/airflow/example_dags/example_short_circuit_operator.py took 0.067 seconds
[2026-04-10T09:34:21.520+0900] {processor.py:186} INFO - Started process (PID=149678) to work on /home/airflow/.local/lib/python3.12/site-packages/airflow/example_dags/example_short_circuit_operator.py
[2026-04-10T09:34:21.521+0900] {processor.py:914} INFO - Processing file /home/airflow/.local/lib/python3.12/site-packages/airflow/example_dags/example_short_circuit_operator.py for tasks to queue
[2026-04-10T09:34:21.523+0900] {logging_mixin.py:190} INFO - [2026-04-10T09:34:21.523+0900] {dagbag.py:587} INFO - Filling up the DagBag from /home/airflow/.local/lib/python3.12/site-packages/airflow/example_dags/example_short_circuit_operator.py
[2026-04-10T09:34:21.530+0900] {processor.py:925} INFO - DAG(s) 'example_short_circuit_operator' retrieved from /home/airflow/.local/lib/python3.12/site-packages/airflow/example_dags/example_short_circuit_operator.py
[2026-04-10T09:34:21.546+0900] {logging_mixin.py:190} INFO - [2026-04-10T09:34:21.546+0900] {dag.py:3211} INFO - Sync 1 DAGs
[2026-04-10T09:34:21.562+0900] {logging_mixin.py:190} INFO - [2026-04-10T09:34:21.562+0900] {dag.py:4138} INFO - Setting next_dagrun for example_short_circuit_operator to 2026-04-09 00:00:00+00:00, run_after=2026-04-10 00:00:00+00:00
[2026-04-10T09:34:21.579+0900] {processor.py:208} INFO - Processing /home/airflow/.local/lib/python3.12/site-packages/airflow/example_dags/example_short_circuit_operator.py took 0.064 seconds
[2026-04-10T09:34:52.458+0900] {processor.py:186} INFO - Started process (PID=149741) to work on /home/airflow/.local/lib/python3.12/site-packages/airflow/example_dags/example_short_circuit_operator.py
[2026-04-10T09:34:52.459+0900] {processor.py:914} INFO - Processing file /home/airflow/.local/lib/python3.12/site-packages/airflow/example_dags/example_short_circuit_operator.py for tasks to queue
[2026-04-10T09:34:52.461+0900] {logging_mixin.py:190} INFO - [2026-04-10T09:34:52.461+0900] {dagbag.py:587} INFO - Filling up the DagBag from /home/airflow/.local/lib/python3.12/site-packages/airflow/example_dags/example_short_circuit_operator.py
[2026-04-10T09:34:52.468+0900] {processor.py:925} INFO - DAG(s) 'example_short_circuit_operator' retrieved from /home/airflow/.local/lib/python3.12/site-packages/airflow/example_dags/example_short_circuit_operator.py
[2026-04-10T09:34:52.485+0900] {logging_mixin.py:190} INFO - [2026-04-10T09:34:52.484+0900] {dag.py:3211} INFO - Sync 1 DAGs
[2026-04-10T09:34:52.501+0900] {logging_mixin.py:190} INFO - [2026-04-10T09:34:52.501+0900] {dag.py:4138} INFO - Setting next_dagrun for example_short_circuit_operator to 2026-04-09 00:00:00+00:00, run_after=2026-04-10 00:00:00+00:00
[2026-04-10T09:34:52.514+0900] {processor.py:208} INFO - Processing /home/airflow/.local/lib/python3.12/site-packages/airflow/example_dags/example_short_circuit_operator.py took 0.061 seconds
[2026-04-10T09:35:23.132+0900] {processor.py:186} INFO - Started process (PID=149804) to work on /home/airflow/.local/lib/python3.12/site-packages/airflow/example_dags/example_short_circuit_operator.py
[2026-04-10T09:35:23.133+0900] {processor.py:914} INFO - Processing file /home/airflow/.local/lib/python3.12/site-packages/airflow/example_dags/example_short_circuit_operator.py for tasks to queue
[2026-04-10T09:35:23.135+0900] {logging_mixin.py:190} INFO - [2026-04-10T09:35:23.135+0900] {dagbag.py:587} INFO - Filling up the DagBag from /home/airflow/.local/lib/python3.12/site-packages/airflow/example_dags/example_short_circuit_operator.py
[2026-04-10T09:35:23.142+0900] {processor.py:925} INFO - DAG(s) 'example_short_circuit_operator' retrieved from /home/airflow/.local/lib/python3.12/site-packages/airflow/example_dags/example_short_circuit_operator.py
[2026-04-10T09:35:23.159+0900] {logging_mixin.py:190} INFO - [2026-04-10T09:35:23.159+0900] {dag.py:3211} INFO - Sync 1 DAGs
[2026-04-10T09:35:23.174+0900] {logging_mixin.py:190} INFO - [2026-04-10T09:35:23.174+0900] {dag.py:4138} INFO - Setting next_dagrun for example_short_circuit_operator to 2026-04-09 00:00:00+00:00, run_after=2026-04-10 00:00:00+00:00
[2026-04-10T09:35:23.187+0900] {processor.py:208} INFO - Processing /home/airflow/.local/lib/python3.12/site-packages/airflow/example_dags/example_short_circuit_operator.py took 0.059 seconds
[2026-04-10T09:35:53.720+0900] {processor.py:186} INFO - Started process (PID=149867) to work on /home/airflow/.local/lib/python3.12/site-packages/airflow/example_dags/example_short_circuit_operator.py
[2026-04-10T09:35:53.721+0900] {processor.py:914} INFO - Processing file /home/airflow/.local/lib/python3.12/site-packages/airflow/example_dags/example_short_circuit_operator.py for tasks to queue
[2026-04-10T09:35:53.723+0900] {logging_mixin.py:190} INFO - [2026-04-10T09:35:53.723+0900] {dagbag.py:587} INFO - Filling up the DagBag from /home/airflow/.local/lib/python3.12/site-packages/airflow/example_dags/example_short_circuit_operator.py
[2026-04-10T09:35:53.730+0900] {processor.py:925} INFO - DAG(s) 'example_short_circuit_operator' retrieved from /home/airflow/.local/lib/python3.12/site-packages/airflow/example_dags/example_short_circuit_operator.py
[2026-04-10T09:35:53.751+0900] {logging_mixin.py:190} INFO - [2026-04-10T09:35:53.751+0900] {dag.py:3211} INFO - Sync 1 DAGs
[2026-04-10T09:35:53.770+0900] {logging_mixin.py:190} INFO - [2026-04-10T09:35:53.770+0900] {dag.py:4138} INFO - Setting next_dagrun for example_short_circuit_operator to 2026-04-09 00:00:00+00:00, run_after=2026-04-10 00:00:00+00:00
[2026-04-10T09:35:53.785+0900] {processor.py:208} INFO - Processing /home/airflow/.local/lib/python3.12/site-packages/airflow/example_dags/example_short_circuit_operator.py took 0.069 seconds
[2026-04-10T09:36:24.405+0900] {processor.py:186} INFO - Started process (PID=149930) to work on /home/airflow/.local/lib/python3.12/site-packages/airflow/example_dags/example_short_circuit_operator.py
[2026-04-10T09:36:24.406+0900] {processor.py:914} INFO - Processing file /home/airflow/.local/lib/python3.12/site-packages/airflow/example_dags/example_short_circuit_operator.py for tasks to queue
[2026-04-10T09:36:24.408+0900] {logging_mixin.py:190} INFO - [2026-04-10T09:36:24.408+0900] {dagbag.py:587} INFO - Filling up the DagBag from /home/airflow/.local/lib/python3.12/site-packages/airflow/example_dags/example_short_circuit_operator.py
[2026-04-10T09:36:24.415+0900] {processor.py:925} INFO - DAG(s) 'example_short_circuit_operator' retrieved from /home/airflow/.local/lib/python3.12/site-packages/airflow/example_dags/example_short_circuit_operator.py
[2026-04-10T09:36:24.432+0900] {logging_mixin.py:190} INFO - [2026-04-10T09:36:24.432+0900] {dag.py:3211} INFO - Sync 1 DAGs
[2026-04-10T09:36:24.447+0900] {logging_mixin.py:190} INFO - [2026-04-10T09:36:24.447+0900] {dag.py:4138} INFO - Setting next_dagrun for example_short_circuit_operator to 2026-04-09 00:00:00+00:00, run_after=2026-04-10 00:00:00+00:00
[2026-04-10T09:36:24.460+0900] {processor.py:208} INFO - Processing /home/airflow/.local/lib/python3.12/site-packages/airflow/example_dags/example_short_circuit_operator.py took 0.059 seconds
[2026-04-10T09:36:55.049+0900] {processor.py:186} INFO - Started process (PID=149993) to work on /home/airflow/.local/lib/python3.12/site-packages/airflow/example_dags/example_short_circuit_operator.py
[2026-04-10T09:36:55.051+0900] {processor.py:914} INFO - Processing file /home/airflow/.local/lib/python3.12/site-packages/airflow/example_dags/example_short_circuit_operator.py for tasks to queue
[2026-04-10T09:36:55.053+0900] {logging_mixin.py:190} INFO - [2026-04-10T09:36:55.052+0900] {dagbag.py:587} INFO - Filling up the DagBag from /home/airflow/.local/lib/python3.12/site-packages/airflow/example_dags/example_short_circuit_operator.py
[2026-04-10T09:36:55.059+0900] {processor.py:925} INFO - DAG(s) 'example_short_circuit_operator' retrieved from /home/airflow/.local/lib/python3.12/site-packages/airflow/example_dags/example_short_circuit_operator.py
[2026-04-10T09:36:55.075+0900] {logging_mixin.py:190} INFO - [2026-04-10T09:36:55.075+0900] {dag.py:3211} INFO - Sync 1 DAGs
[2026-04-10T09:36:55.090+0900] {logging_mixin.py:190} INFO - [2026-04-10T09:36:55.090+0900] {dag.py:4138} INFO - Setting next_dagrun for example_short_circuit_operator to 2026-04-09 00:00:00+00:00, run_after=2026-04-10 00:00:00+00:00
[2026-04-10T09:36:55.102+0900] {processor.py:208} INFO - Processing /home/airflow/.local/lib/python3.12/site-packages/airflow/example_dags/example_short_circuit_operator.py took 0.057 seconds
[2026-04-10T09:37:25.850+0900] {processor.py:186} INFO - Started process (PID=150056) to work on /home/airflow/.local/lib/python3.12/site-packages/airflow/example_dags/example_short_circuit_operator.py
[2026-04-10T09:37:25.851+0900] {processor.py:914} INFO - Processing file /home/airflow/.local/lib/python3.12/site-packages/airflow/example_dags/example_short_circuit_operator.py for tasks to queue
[2026-04-10T09:37:25.853+0900] {logging_mixin.py:190} INFO - [2026-04-10T09:37:25.853+0900] {dagbag.py:587} INFO - Filling up the DagBag from /home/airflow/.local/lib/python3.12/site-packages/airflow/example_dags/example_short_circuit_operator.py
[2026-04-10T09:37:25.860+0900] {processor.py:925} INFO - DAG(s) 'example_short_circuit_operator' retrieved from /home/airflow/.local/lib/python3.12/site-packages/airflow/example_dags/example_short_circuit_operator.py
[2026-04-10T09:37:25.880+0900] {logging_mixin.py:190} INFO - [2026-04-10T09:37:25.880+0900] {dag.py:3211} INFO - Sync 1 DAGs
[2026-04-10T09:37:25.897+0900] {logging_mixin.py:190} INFO - [2026-04-10T09:37:25.897+0900] {dag.py:4138} INFO - Setting next_dagrun for example_short_circuit_operator to 2026-04-09 00:00:00+00:00, run_after=2026-04-10 00:00:00+00:00
[2026-04-10T09:37:25.912+0900] {processor.py:208} INFO - Processing /home/airflow/.local/lib/python3.12/site-packages/airflow/example_dags/example_short_circuit_operator.py took 0.067 seconds
[2026-04-10T09:37:56.628+0900] {processor.py:186} INFO - Started process (PID=150119) to work on /home/airflow/.local/lib/python3.12/site-packages/airflow/example_dags/example_short_circuit_operator.py
[2026-04-10T09:37:56.629+0900] {processor.py:914} INFO - Processing file /home/airflow/.local/lib/python3.12/site-packages/airflow/example_dags/example_short_circuit_operator.py for tasks to queue
[2026-04-10T09:37:56.631+0900] {logging_mixin.py:190} INFO - [2026-04-10T09:37:56.631+0900] {dagbag.py:587} INFO - Filling up the DagBag from /home/airflow/.local/lib/python3.12/site-packages/airflow/example_dags/example_short_circuit_operator.py
[2026-04-10T09:37:56.638+0900] {processor.py:925} INFO - DAG(s) 'example_short_circuit_operator' retrieved from /home/airflow/.local/lib/python3.12/site-packages/airflow/example_dags/example_short_circuit_operator.py
[2026-04-10T09:37:56.656+0900] {logging_mixin.py:190} INFO - [2026-04-10T09:37:56.656+0900] {dag.py:3211} INFO - Sync 1 DAGs
[2026-04-10T09:37:56.673+0900] {logging_mixin.py:190} INFO - [2026-04-10T09:37:56.673+0900] {dag.py:4138} INFO - Setting next_dagrun for example_short_circuit_operator to 2026-04-09 00:00:00+00:00, run_after=2026-04-10 00:00:00+00:00
[2026-04-10T09:37:56.687+0900] {processor.py:208} INFO - Processing /home/airflow/.local/lib/python3.12/site-packages/airflow/example_dags/example_short_circuit_operator.py took 0.065 seconds
[2026-04-10T09:38:27.358+0900] {processor.py:186} INFO - Started process (PID=150182) to work on /home/airflow/.local/lib/python3.12/site-packages/airflow/example_dags/example_short_circuit_operator.py
[2026-04-10T09:38:27.359+0900] {processor.py:914} INFO - Processing file /home/airflow/.local/lib/python3.12/site-packages/airflow/example_dags/example_short_circuit_operator.py for tasks to queue
[2026-04-10T09:38:27.362+0900] {logging_mixin.py:190} INFO - [2026-04-10T09:38:27.361+0900] {dagbag.py:587} INFO - Filling up the DagBag from /home/airflow/.local/lib/python3.12/site-packages/airflow/example_dags/example_short_circuit_operator.py
[2026-04-10T09:38:27.370+0900] {processor.py:925} INFO - DAG(s) 'example_short_circuit_operator' retrieved from /home/airflow/.local/lib/python3.12/site-packages/airflow/example_dags/example_short_circuit_operator.py
[2026-04-10T09:38:27.390+0900] {logging_mixin.py:190} INFO - [2026-04-10T09:38:27.390+0900] {dag.py:3211} INFO - Sync 1 DAGs
[2026-04-10T09:38:27.406+0900] {logging_mixin.py:190} INFO - [2026-04-10T09:38:27.406+0900] {dag.py:4138} INFO - Setting next_dagrun for example_short_circuit_operator to 2026-04-09 00:00:00+00:00, run_after=2026-04-10 00:00:00+00:00
[2026-04-10T09:38:27.421+0900] {processor.py:208} INFO - Processing /home/airflow/.local/lib/python3.12/site-packages/airflow/example_dags/example_short_circuit_operator.py took 0.069 seconds
[2026-04-10T09:38:58.232+0900] {processor.py:186} INFO - Started process (PID=150245) to work on /home/airflow/.local/lib/python3.12/site-packages/airflow/example_dags/example_short_circuit_operator.py
[2026-04-10T09:38:58.233+0900] {processor.py:914} INFO - Processing file /home/airflow/.local/lib/python3.12/site-packages/airflow/example_dags/example_short_circuit_operator.py for tasks to queue
[2026-04-10T09:38:58.235+0900] {logging_mixin.py:190} INFO - [2026-04-10T09:38:58.235+0900] {dagbag.py:587} INFO - Filling up the DagBag from /home/airflow/.local/lib/python3.12/site-packages/airflow/example_dags/example_short_circuit_operator.py
[2026-04-10T09:38:58.242+0900] {processor.py:925} INFO - DAG(s) 'example_short_circuit_operator' retrieved from /home/airflow/.local/lib/python3.12/site-packages/airflow/example_dags/example_short_circuit_operator.py
[2026-04-10T09:38:58.262+0900] {logging_mixin.py:190} INFO - [2026-04-10T09:38:58.262+0900] {dag.py:3211} INFO - Sync 1 DAGs
[2026-04-10T09:38:58.279+0900] {logging_mixin.py:190} INFO - [2026-04-10T09:38:58.279+0900] {dag.py:4138} INFO - Setting next_dagrun for example_short_circuit_operator to 2026-04-09 00:00:00+00:00, run_after=2026-04-10 00:00:00+00:00
[2026-04-10T09:38:58.293+0900] {processor.py:208} INFO - Processing /home/airflow/.local/lib/python3.12/site-packages/airflow/example_dags/example_short_circuit_operator.py took 0.065 seconds
[2026-04-10T09:39:29.031+0900] {processor.py:186} INFO - Started process (PID=150308) to work on /home/airflow/.local/lib/python3.12/site-packages/airflow/example_dags/example_short_circuit_operator.py
[2026-04-10T09:39:29.032+0900] {processor.py:914} INFO - Processing file /home/airflow/.local/lib/python3.12/site-packages/airflow/example_dags/example_short_circuit_operator.py for tasks to queue
[2026-04-10T09:39:29.034+0900] {logging_mixin.py:190} INFO - [2026-04-10T09:39:29.034+0900] {dagbag.py:587} INFO - Filling up the DagBag from /home/airflow/.local/lib/python3.12/site-packages/airflow/example_dags/example_short_circuit_operator.py
[2026-04-10T09:39:29.041+0900] {processor.py:925} INFO - DAG(s) 'example_short_circuit_operator' retrieved from /home/airflow/.local/lib/python3.12/site-packages/airflow/example_dags/example_short_circuit_operator.py
[2026-04-10T09:39:29.056+0900] {logging_mixin.py:190} INFO - [2026-04-10T09:39:29.056+0900] {dag.py:3211} INFO - Sync 1 DAGs
[2026-04-10T09:39:29.070+0900] {logging_mixin.py:190} INFO - [2026-04-10T09:39:29.070+0900] {dag.py:4138} INFO - Setting next_dagrun for example_short_circuit_operator to 2026-04-09 00:00:00+00:00, run_after=2026-04-10 00:00:00+00:00
[2026-04-10T09:39:29.082+0900] {processor.py:208} INFO - Processing /home/airflow/.local/lib/python3.12/site-packages/airflow/example_dags/example_short_circuit_operator.py took 0.055 seconds
[2026-04-10T09:39:59.617+0900] {processor.py:186} INFO - Started process (PID=150371) to work on /home/airflow/.local/lib/python3.12/site-packages/airflow/example_dags/example_short_circuit_operator.py
[2026-04-10T09:39:59.618+0900] {processor.py:914} INFO - Processing file /home/airflow/.local/lib/python3.12/site-packages/airflow/example_dags/example_short_circuit_operator.py for tasks to queue
[2026-04-10T09:39:59.620+0900] {logging_mixin.py:190} INFO - [2026-04-10T09:39:59.620+0900] {dagbag.py:587} INFO - Filling up the DagBag from /home/airflow/.local/lib/python3.12/site-packages/airflow/example_dags/example_short_circuit_operator.py
[2026-04-10T09:39:59.627+0900] {processor.py:925} INFO - DAG(s) 'example_short_circuit_operator' retrieved from /home/airflow/.local/lib/python3.12/site-packages/airflow/example_dags/example_short_circuit_operator.py
[2026-04-10T09:39:59.644+0900] {logging_mixin.py:190} INFO - [2026-04-10T09:39:59.644+0900] {dag.py:3211} INFO - Sync 1 DAGs
[2026-04-10T09:39:59.659+0900] {logging_mixin.py:190} INFO - [2026-04-10T09:39:59.659+0900] {dag.py:4138} INFO - Setting next_dagrun for example_short_circuit_operator to 2026-04-09 00:00:00+00:00, run_after=2026-04-10 00:00:00+00:00
[2026-04-10T09:39:59.672+0900] {processor.py:208} INFO - Processing /home/airflow/.local/lib/python3.12/site-packages/airflow/example_dags/example_short_circuit_operator.py took 0.059 seconds
[2026-04-10T09:40:30.354+0900] {processor.py:186} INFO - Started process (PID=150434) to work on /home/airflow/.local/lib/python3.12/site-packages/airflow/example_dags/example_short_circuit_operator.py
[2026-04-10T09:40:30.356+0900] {processor.py:914} INFO - Processing file /home/airflow/.local/lib/python3.12/site-packages/airflow/example_dags/example_short_circuit_operator.py for tasks to queue
[2026-04-10T09:40:30.358+0900] {logging_mixin.py:190} INFO - [2026-04-10T09:40:30.358+0900] {dagbag.py:587} INFO - Filling up the DagBag from /home/airflow/.local/lib/python3.12/site-packages/airflow/example_dags/example_short_circuit_operator.py
[2026-04-10T09:40:30.366+0900] {processor.py:925} INFO - DAG(s) 'example_short_circuit_operator' retrieved from /home/airflow/.local/lib/python3.12/site-packages/airflow/example_dags/example_short_circuit_operator.py
[2026-04-10T09:40:30.383+0900] {logging_mixin.py:190} INFO - [2026-04-10T09:40:30.383+0900] {dag.py:3211} INFO - Sync 1 DAGs
[2026-04-10T09:40:30.400+0900] {logging_mixin.py:190} INFO - [2026-04-10T09:40:30.400+0900] {dag.py:4138} INFO - Setting next_dagrun for example_short_circuit_operator to 2026-04-09 00:00:00+00:00, run_after=2026-04-10 00:00:00+00:00
[2026-04-10T09:40:30.413+0900] {processor.py:208} INFO - Processing /home/airflow/.local/lib/python3.12/site-packages/airflow/example_dags/example_short_circuit_operator.py took 0.063 seconds
[2026-04-10T09:41:01.030+0900] {processor.py:186} INFO - Started process (PID=150497) to work on /home/airflow/.local/lib/python3.12/site-packages/airflow/example_dags/example_short_circuit_operator.py
[2026-04-10T09:41:01.031+0900] {processor.py:914} INFO - Processing file /home/airflow/.local/lib/python3.12/site-packages/airflow/example_dags/example_short_circuit_operator.py for tasks to queue
[2026-04-10T09:41:01.033+0900] {logging_mixin.py:190} INFO - [2026-04-10T09:41:01.032+0900] {dagbag.py:587} INFO - Filling up the DagBag from /home/airflow/.local/lib/python3.12/site-packages/airflow/example_dags/example_short_circuit_operator.py
[2026-04-10T09:41:01.040+0900] {processor.py:925} INFO - DAG(s) 'example_short_circuit_operator' retrieved from /home/airflow/.local/lib/python3.12/site-packages/airflow/example_dags/example_short_circuit_operator.py
[2026-04-10T09:41:01.066+0900] {logging_mixin.py:190} INFO - [2026-04-10T09:41:01.066+0900] {dag.py:3211} INFO - Sync 1 DAGs
[2026-04-10T09:41:01.090+0900] {logging_mixin.py:190} INFO - [2026-04-10T09:41:01.090+0900] {dag.py:4138} INFO - Setting next_dagrun for example_short_circuit_operator to 2026-04-09 00:00:00+00:00, run_after=2026-04-10 00:00:00+00:00
[2026-04-10T09:41:01.112+0900] {processor.py:208} INFO - Processing /home/airflow/.local/lib/python3.12/site-packages/airflow/example_dags/example_short_circuit_operator.py took 0.088 seconds
[2026-04-10T09:41:31.713+0900] {processor.py:186} INFO - Started process (PID=150560) to work on /home/airflow/.local/lib/python3.12/site-packages/airflow/example_dags/example_short_circuit_operator.py
[2026-04-10T09:41:31.714+0900] {processor.py:914} INFO - Processing file /home/airflow/.local/lib/python3.12/site-packages/airflow/example_dags/example_short_circuit_operator.py for tasks to queue
[2026-04-10T09:41:31.716+0900] {logging_mixin.py:190} INFO - [2026-04-10T09:41:31.716+0900] {dagbag.py:587} INFO - Filling up the DagBag from /home/airflow/.local/lib/python3.12/site-packages/airflow/example_dags/example_short_circuit_operator.py
[2026-04-10T09:41:31.723+0900] {processor.py:925} INFO - DAG(s) 'example_short_circuit_operator' retrieved from /home/airflow/.local/lib/python3.12/site-packages/airflow/example_dags/example_short_circuit_operator.py
[2026-04-10T09:41:31.742+0900] {logging_mixin.py:190} INFO - [2026-04-10T09:41:31.742+0900] {dag.py:3211} INFO - Sync 1 DAGs
[2026-04-10T09:41:31.761+0900] {logging_mixin.py:190} INFO - [2026-04-10T09:41:31.761+0900] {dag.py:4138} INFO - Setting next_dagrun for example_short_circuit_operator to 2026-04-09 00:00:00+00:00, run_after=2026-04-10 00:00:00+00:00
[2026-04-10T09:41:31.777+0900] {processor.py:208} INFO - Processing /home/airflow/.local/lib/python3.12/site-packages/airflow/example_dags/example_short_circuit_operator.py took 0.069 seconds
[2026-04-10T09:42:02.438+0900] {processor.py:186} INFO - Started process (PID=150623) to work on /home/airflow/.local/lib/python3.12/site-packages/airflow/example_dags/example_short_circuit_operator.py
[2026-04-10T09:42:02.439+0900] {processor.py:914} INFO - Processing file /home/airflow/.local/lib/python3.12/site-packages/airflow/example_dags/example_short_circuit_operator.py for tasks to queue
[2026-04-10T09:42:02.441+0900] {logging_mixin.py:190} INFO - [2026-04-10T09:42:02.441+0900] {dagbag.py:587} INFO - Filling up the DagBag from /home/airflow/.local/lib/python3.12/site-packages/airflow/example_dags/example_short_circuit_operator.py
[2026-04-10T09:42:02.449+0900] {processor.py:925} INFO - DAG(s) 'example_short_circuit_operator' retrieved from /home/airflow/.local/lib/python3.12/site-packages/airflow/example_dags/example_short_circuit_operator.py
[2026-04-10T09:42:02.466+0900] {logging_mixin.py:190} INFO - [2026-04-10T09:42:02.466+0900] {dag.py:3211} INFO - Sync 1 DAGs
[2026-04-10T09:42:02.481+0900] {logging_mixin.py:190} INFO - [2026-04-10T09:42:02.481+0900] {dag.py:4138} INFO - Setting next_dagrun for example_short_circuit_operator to 2026-04-09 00:00:00+00:00, run_after=2026-04-10 00:00:00+00:00
[2026-04-10T09:42:02.493+0900] {processor.py:208} INFO - Processing /home/airflow/.local/lib/python3.12/site-packages/airflow/example_dags/example_short_circuit_operator.py took 0.059 seconds
[2026-04-10T09:42:33.106+0900] {processor.py:186} INFO - Started process (PID=150686) to work on /home/airflow/.local/lib/python3.12/site-packages/airflow/example_dags/example_short_circuit_operator.py
[2026-04-10T09:42:33.106+0900] {processor.py:914} INFO - Processing file /home/airflow/.local/lib/python3.12/site-packages/airflow/example_dags/example_short_circuit_operator.py for tasks to queue
[2026-04-10T09:42:33.108+0900] {logging_mixin.py:190} INFO - [2026-04-10T09:42:33.108+0900] {dagbag.py:587} INFO - Filling up the DagBag from /home/airflow/.local/lib/python3.12/site-packages/airflow/example_dags/example_short_circuit_operator.py
[2026-04-10T09:42:33.115+0900] {processor.py:925} INFO - DAG(s) 'example_short_circuit_operator' retrieved from /home/airflow/.local/lib/python3.12/site-packages/airflow/example_dags/example_short_circuit_operator.py
[2026-04-10T09:42:33.134+0900] {logging_mixin.py:190} INFO - [2026-04-10T09:42:33.133+0900] {dag.py:3211} INFO - Sync 1 DAGs
[2026-04-10T09:42:33.150+0900] {logging_mixin.py:190} INFO - [2026-04-10T09:42:33.150+0900] {dag.py:4138} INFO - Setting next_dagrun for example_short_circuit_operator to 2026-04-09 00:00:00+00:00, run_after=2026-04-10 00:00:00+00:00
[2026-04-10T09:42:33.166+0900] {processor.py:208} INFO - Processing /home/airflow/.local/lib/python3.12/site-packages/airflow/example_dags/example_short_circuit_operator.py took 0.065 seconds
[2026-04-10T09:43:04.121+0900] {processor.py:186} INFO - Started process (PID=150749) to work on /home/airflow/.local/lib/python3.12/site-packages/airflow/example_dags/example_short_circuit_operator.py
[2026-04-10T09:43:04.122+0900] {processor.py:914} INFO - Processing file /home/airflow/.local/lib/python3.12/site-packages/airflow/example_dags/example_short_circuit_operator.py for tasks to queue
[2026-04-10T09:43:04.124+0900] {logging_mixin.py:190} INFO - [2026-04-10T09:43:04.124+0900] {dagbag.py:587} INFO - Filling up the DagBag from /home/airflow/.local/lib/python3.12/site-packages/airflow/example_dags/example_short_circuit_operator.py
[2026-04-10T09:43:04.132+0900] {processor.py:925} INFO - DAG(s) 'example_short_circuit_operator' retrieved from /home/airflow/.local/lib/python3.12/site-packages/airflow/example_dags/example_short_circuit_operator.py
[2026-04-10T09:43:04.153+0900] {logging_mixin.py:190} INFO - [2026-04-10T09:43:04.153+0900] {dag.py:3211} INFO - Sync 1 DAGs
[2026-04-10T09:43:04.172+0900] {logging_mixin.py:190} INFO - [2026-04-10T09:43:04.172+0900] {dag.py:4138} INFO - Setting next_dagrun for example_short_circuit_operator to 2026-04-09 00:00:00+00:00, run_after=2026-04-10 00:00:00+00:00
[2026-04-10T09:43:04.189+0900] {processor.py:208} INFO - Processing /home/airflow/.local/lib/python3.12/site-packages/airflow/example_dags/example_short_circuit_operator.py took 0.074 seconds
[2026-04-10T09:43:34.276+0900] {processor.py:186} INFO - Started process (PID=150812) to work on /home/airflow/.local/lib/python3.12/site-packages/airflow/example_dags/example_short_circuit_operator.py
[2026-04-10T09:43:34.277+0900] {processor.py:914} INFO - Processing file /home/airflow/.local/lib/python3.12/site-packages/airflow/example_dags/example_short_circuit_operator.py for tasks to queue
[2026-04-10T09:43:34.279+0900] {logging_mixin.py:190} INFO - [2026-04-10T09:43:34.279+0900] {dagbag.py:587} INFO - Filling up the DagBag from /home/airflow/.local/lib/python3.12/site-packages/airflow/example_dags/example_short_circuit_operator.py
[2026-04-10T09:43:34.286+0900] {processor.py:925} INFO - DAG(s) 'example_short_circuit_operator' retrieved from /home/airflow/.local/lib/python3.12/site-packages/airflow/example_dags/example_short_circuit_operator.py
[2026-04-10T09:43:34.306+0900] {logging_mixin.py:190} INFO - [2026-04-10T09:43:34.306+0900] {dag.py:3211} INFO - Sync 1 DAGs
[2026-04-10T09:43:34.323+0900] {logging_mixin.py:190} INFO - [2026-04-10T09:43:34.323+0900] {dag.py:4138} INFO - Setting next_dagrun for example_short_circuit_operator to 2026-04-09 00:00:00+00:00, run_after=2026-04-10 00:00:00+00:00
[2026-04-10T09:43:34.336+0900] {processor.py:208} INFO - Processing /home/airflow/.local/lib/python3.12/site-packages/airflow/example_dags/example_short_circuit_operator.py took 0.065 seconds
[2026-04-10T09:44:04.591+0900] {processor.py:186} INFO - Started process (PID=150875) to work on /home/airflow/.local/lib/python3.12/site-packages/airflow/example_dags/example_short_circuit_operator.py
[2026-04-10T09:44:04.593+0900] {processor.py:914} INFO - Processing file /home/airflow/.local/lib/python3.12/site-packages/airflow/example_dags/example_short_circuit_operator.py for tasks to queue
[2026-04-10T09:44:04.595+0900] {logging_mixin.py:190} INFO - [2026-04-10T09:44:04.595+0900] {dagbag.py:587} INFO - Filling up the DagBag from /home/airflow/.local/lib/python3.12/site-packages/airflow/example_dags/example_short_circuit_operator.py
[2026-04-10T09:44:04.607+0900] {processor.py:925} INFO - DAG(s) 'example_short_circuit_operator' retrieved from /home/airflow/.local/lib/python3.12/site-packages/airflow/example_dags/example_short_circuit_operator.py
[2026-04-10T09:44:04.631+0900] {logging_mixin.py:190} INFO - [2026-04-10T09:44:04.631+0900] {dag.py:3211} INFO - Sync 1 DAGs
[2026-04-10T09:44:04.652+0900] {logging_mixin.py:190} INFO - [2026-04-10T09:44:04.652+0900] {dag.py:4138} INFO - Setting next_dagrun for example_short_circuit_operator to 2026-04-09 00:00:00+00:00, run_after=2026-04-10 00:00:00+00:00
[2026-04-10T09:44:04.669+0900] {processor.py:208} INFO - Processing /home/airflow/.local/lib/python3.12/site-packages/airflow/example_dags/example_short_circuit_operator.py took 0.082 seconds
[2026-04-10T09:44:35.028+0900] {processor.py:186} INFO - Started process (PID=150939) to work on /home/airflow/.local/lib/python3.12/site-packages/airflow/example_dags/example_short_circuit_operator.py
[2026-04-10T09:44:35.029+0900] {processor.py:914} INFO - Processing file /home/airflow/.local/lib/python3.12/site-packages/airflow/example_dags/example_short_circuit_operator.py for tasks to queue
[2026-04-10T09:44:35.031+0900] {logging_mixin.py:190} INFO - [2026-04-10T09:44:35.031+0900] {dagbag.py:587} INFO - Filling up the DagBag from /home/airflow/.local/lib/python3.12/site-packages/airflow/example_dags/example_short_circuit_operator.py
[2026-04-10T09:44:35.039+0900] {processor.py:925} INFO - DAG(s) 'example_short_circuit_operator' retrieved from /home/airflow/.local/lib/python3.12/site-packages/airflow/example_dags/example_short_circuit_operator.py
[2026-04-10T09:44:35.058+0900] {logging_mixin.py:190} INFO - [2026-04-10T09:44:35.058+0900] {dag.py:3211} INFO - Sync 1 DAGs
[2026-04-10T09:44:35.074+0900] {logging_mixin.py:190} INFO - [2026-04-10T09:44:35.073+0900] {dag.py:4138} INFO - Setting next_dagrun for example_short_circuit_operator to 2026-04-09 00:00:00+00:00, run_after=2026-04-10 00:00:00+00:00
[2026-04-10T09:44:35.088+0900] {processor.py:208} INFO - Processing /home/airflow/.local/lib/python3.12/site-packages/airflow/example_dags/example_short_circuit_operator.py took 0.067 seconds
[2026-04-10T09:45:05.114+0900] {processor.py:186} INFO - Started process (PID=151002) to work on /home/airflow/.local/lib/python3.12/site-packages/airflow/example_dags/example_short_circuit_operator.py
[2026-04-10T09:45:05.115+0900] {processor.py:914} INFO - Processing file /home/airflow/.local/lib/python3.12/site-packages/airflow/example_dags/example_short_circuit_operator.py for tasks to queue
[2026-04-10T09:45:05.117+0900] {logging_mixin.py:190} INFO - [2026-04-10T09:45:05.117+0900] {dagbag.py:587} INFO - Filling up the DagBag from /home/airflow/.local/lib/python3.12/site-packages/airflow/example_dags/example_short_circuit_operator.py
[2026-04-10T09:45:05.124+0900] {processor.py:925} INFO - DAG(s) 'example_short_circuit_operator' retrieved from /home/airflow/.local/lib/python3.12/site-packages/airflow/example_dags/example_short_circuit_operator.py
[2026-04-10T09:45:05.140+0900] {logging_mixin.py:190} INFO - [2026-04-10T09:45:05.140+0900] {dag.py:3211} INFO - Sync 1 DAGs
[2026-04-10T09:45:05.156+0900] {logging_mixin.py:190} INFO - [2026-04-10T09:45:05.155+0900] {dag.py:4138} INFO - Setting next_dagrun for example_short_circuit_operator to 2026-04-09 00:00:00+00:00, run_after=2026-04-10 00:00:00+00:00
[2026-04-10T09:45:05.169+0900] {processor.py:208} INFO - Processing /home/airflow/.local/lib/python3.12/site-packages/airflow/example_dags/example_short_circuit_operator.py took 0.059 seconds
[2026-04-10T09:45:35.314+0900] {processor.py:186} INFO - Started process (PID=151064) to work on /home/airflow/.local/lib/python3.12/site-packages/airflow/example_dags/example_short_circuit_operator.py
[2026-04-10T09:45:35.315+0900] {processor.py:914} INFO - Processing file /home/airflow/.local/lib/python3.12/site-packages/airflow/example_dags/example_short_circuit_operator.py for tasks to queue
[2026-04-10T09:45:35.317+0900] {logging_mixin.py:190} INFO - [2026-04-10T09:45:35.316+0900] {dagbag.py:587} INFO - Filling up the DagBag from /home/airflow/.local/lib/python3.12/site-packages/airflow/example_dags/example_short_circuit_operator.py
[2026-04-10T09:45:35.323+0900] {processor.py:925} INFO - DAG(s) 'example_short_circuit_operator' retrieved from /home/airflow/.local/lib/python3.12/site-packages/airflow/example_dags/example_short_circuit_operator.py
[2026-04-10T09:45:35.343+0900] {logging_mixin.py:190} INFO - [2026-04-10T09:45:35.343+0900] {dag.py:3211} INFO - Sync 1 DAGs
[2026-04-10T09:45:35.365+0900] {logging_mixin.py:190} INFO - [2026-04-10T09:45:35.365+0900] {dag.py:4138} INFO - Setting next_dagrun for example_short_circuit_operator to 2026-04-09 00:00:00+00:00, run_after=2026-04-10 00:00:00+00:00
[2026-04-10T09:45:35.380+0900] {processor.py:208} INFO - Processing /home/airflow/.local/lib/python3.12/site-packages/airflow/example_dags/example_short_circuit_operator.py took 0.071 seconds
[2026-04-10T09:46:05.823+0900] {processor.py:186} INFO - Started process (PID=151127) to work on /home/airflow/.local/lib/python3.12/site-packages/airflow/example_dags/example_short_circuit_operator.py
[2026-04-10T09:46:05.824+0900] {processor.py:914} INFO - Processing file /home/airflow/.local/lib/python3.12/site-packages/airflow/example_dags/example_short_circuit_operator.py for tasks to queue
[2026-04-10T09:46:05.827+0900] {logging_mixin.py:190} INFO - [2026-04-10T09:46:05.826+0900] {dagbag.py:587} INFO - Filling up the DagBag from /home/airflow/.local/lib/python3.12/site-packages/airflow/example_dags/example_short_circuit_operator.py
[2026-04-10T09:46:05.835+0900] {processor.py:925} INFO - DAG(s) 'example_short_circuit_operator' retrieved from /home/airflow/.local/lib/python3.12/site-packages/airflow/example_dags/example_short_circuit_operator.py
[2026-04-10T09:46:05.853+0900] {logging_mixin.py:190} INFO - [2026-04-10T09:46:05.853+0900] {dag.py:3211} INFO - Sync 1 DAGs
[2026-04-10T09:46:05.870+0900] {logging_mixin.py:190} INFO - [2026-04-10T09:46:05.870+0900] {dag.py:4138} INFO - Setting next_dagrun for example_short_circuit_operator to 2026-04-09 00:00:00+00:00, run_after=2026-04-10 00:00:00+00:00
[2026-04-10T09:46:05.883+0900] {processor.py:208} INFO - Processing /home/airflow/.local/lib/python3.12/site-packages/airflow/example_dags/example_short_circuit_operator.py took 0.066 seconds
[2026-04-10T09:46:36.435+0900] {processor.py:186} INFO - Started process (PID=151196) to work on /home/airflow/.local/lib/python3.12/site-packages/airflow/example_dags/example_short_circuit_operator.py
[2026-04-10T09:46:36.436+0900] {processor.py:914} INFO - Processing file /home/airflow/.local/lib/python3.12/site-packages/airflow/example_dags/example_short_circuit_operator.py for tasks to queue
[2026-04-10T09:46:36.439+0900] {logging_mixin.py:190} INFO - [2026-04-10T09:46:36.439+0900] {dagbag.py:587} INFO - Filling up the DagBag from /home/airflow/.local/lib/python3.12/site-packages/airflow/example_dags/example_short_circuit_operator.py
[2026-04-10T09:46:36.446+0900] {processor.py:925} INFO - DAG(s) 'example_short_circuit_operator' retrieved from /home/airflow/.local/lib/python3.12/site-packages/airflow/example_dags/example_short_circuit_operator.py
[2026-04-10T09:46:36.465+0900] {logging_mixin.py:190} INFO - [2026-04-10T09:46:36.464+0900] {dag.py:3211} INFO - Sync 1 DAGs
[2026-04-10T09:46:36.480+0900] {logging_mixin.py:190} INFO - [2026-04-10T09:46:36.480+0900] {dag.py:4138} INFO - Setting next_dagrun for example_short_circuit_operator to 2026-04-09 00:00:00+00:00, run_after=2026-04-10 00:00:00+00:00
[2026-04-10T09:46:36.495+0900] {processor.py:208} INFO - Processing /home/airflow/.local/lib/python3.12/site-packages/airflow/example_dags/example_short_circuit_operator.py took 0.064 seconds
[2026-04-10T09:47:06.873+0900] {processor.py:186} INFO - Started process (PID=151259) to work on /home/airflow/.local/lib/python3.12/site-packages/airflow/example_dags/example_short_circuit_operator.py
[2026-04-10T09:47:06.874+0900] {processor.py:914} INFO - Processing file /home/airflow/.local/lib/python3.12/site-packages/airflow/example_dags/example_short_circuit_operator.py for tasks to queue
[2026-04-10T09:47:06.877+0900] {logging_mixin.py:190} INFO - [2026-04-10T09:47:06.876+0900] {dagbag.py:587} INFO - Filling up the DagBag from /home/airflow/.local/lib/python3.12/site-packages/airflow/example_dags/example_short_circuit_operator.py
[2026-04-10T09:47:06.884+0900] {processor.py:925} INFO - DAG(s) 'example_short_circuit_operator' retrieved from /home/airflow/.local/lib/python3.12/site-packages/airflow/example_dags/example_short_circuit_operator.py
[2026-04-10T09:47:06.900+0900] {logging_mixin.py:190} INFO - [2026-04-10T09:47:06.900+0900] {dag.py:3211} INFO - Sync 1 DAGs
[2026-04-10T09:47:06.915+0900] {logging_mixin.py:190} INFO - [2026-04-10T09:47:06.915+0900] {dag.py:4138} INFO - Setting next_dagrun for example_short_circuit_operator to 2026-04-09 00:00:00+00:00, run_after=2026-04-10 00:00:00+00:00
[2026-04-10T09:47:06.928+0900] {processor.py:208} INFO - Processing /home/airflow/.local/lib/python3.12/site-packages/airflow/example_dags/example_short_circuit_operator.py took 0.060 seconds
[2026-04-10T09:47:37.376+0900] {processor.py:186} INFO - Started process (PID=151322) to work on /home/airflow/.local/lib/python3.12/site-packages/airflow/example_dags/example_short_circuit_operator.py
[2026-04-10T09:47:37.377+0900] {processor.py:914} INFO - Processing file /home/airflow/.local/lib/python3.12/site-packages/airflow/example_dags/example_short_circuit_operator.py for tasks to queue
[2026-04-10T09:47:37.379+0900] {logging_mixin.py:190} INFO - [2026-04-10T09:47:37.379+0900] {dagbag.py:587} INFO - Filling up the DagBag from /home/airflow/.local/lib/python3.12/site-packages/airflow/example_dags/example_short_circuit_operator.py
[2026-04-10T09:47:37.387+0900] {processor.py:925} INFO - DAG(s) 'example_short_circuit_operator' retrieved from /home/airflow/.local/lib/python3.12/site-packages/airflow/example_dags/example_short_circuit_operator.py
[2026-04-10T09:47:37.403+0900] {logging_mixin.py:190} INFO - [2026-04-10T09:47:37.403+0900] {dag.py:3211} INFO - Sync 1 DAGs
[2026-04-10T09:47:37.420+0900] {logging_mixin.py:190} INFO - [2026-04-10T09:47:37.419+0900] {dag.py:4138} INFO - Setting next_dagrun for example_short_circuit_operator to 2026-04-09 00:00:00+00:00, run_after=2026-04-10 00:00:00+00:00
[2026-04-10T09:47:37.433+0900] {processor.py:208} INFO - Processing /home/airflow/.local/lib/python3.12/site-packages/airflow/example_dags/example_short_circuit_operator.py took 0.063 seconds
[2026-04-10T09:48:07.987+0900] {processor.py:186} INFO - Started process (PID=151385) to work on /home/airflow/.local/lib/python3.12/site-packages/airflow/example_dags/example_short_circuit_operator.py
[2026-04-10T09:48:07.987+0900] {processor.py:914} INFO - Processing file /home/airflow/.local/lib/python3.12/site-packages/airflow/example_dags/example_short_circuit_operator.py for tasks to queue
[2026-04-10T09:48:07.990+0900] {logging_mixin.py:190} INFO - [2026-04-10T09:48:07.989+0900] {dagbag.py:587} INFO - Filling up the DagBag from /home/airflow/.local/lib/python3.12/site-packages/airflow/example_dags/example_short_circuit_operator.py
[2026-04-10T09:48:07.996+0900] {processor.py:925} INFO - DAG(s) 'example_short_circuit_operator' retrieved from /home/airflow/.local/lib/python3.12/site-packages/airflow/example_dags/example_short_circuit_operator.py
[2026-04-10T09:48:08.015+0900] {logging_mixin.py:190} INFO - [2026-04-10T09:48:08.015+0900] {dag.py:3211} INFO - Sync 1 DAGs
[2026-04-10T09:48:08.031+0900] {logging_mixin.py:190} INFO - [2026-04-10T09:48:08.031+0900] {dag.py:4138} INFO - Setting next_dagrun for example_short_circuit_operator to 2026-04-09 00:00:00+00:00, run_after=2026-04-10 00:00:00+00:00
[2026-04-10T09:48:08.046+0900] {processor.py:208} INFO - Processing /home/airflow/.local/lib/python3.12/site-packages/airflow/example_dags/example_short_circuit_operator.py took 0.064 seconds
[2026-04-10T09:48:38.809+0900] {processor.py:186} INFO - Started process (PID=151448) to work on /home/airflow/.local/lib/python3.12/site-packages/airflow/example_dags/example_short_circuit_operator.py
[2026-04-10T09:48:38.811+0900] {processor.py:914} INFO - Processing file /home/airflow/.local/lib/python3.12/site-packages/airflow/example_dags/example_short_circuit_operator.py for tasks to queue
[2026-04-10T09:48:38.813+0900] {logging_mixin.py:190} INFO - [2026-04-10T09:48:38.813+0900] {dagbag.py:587} INFO - Filling up the DagBag from /home/airflow/.local/lib/python3.12/site-packages/airflow/example_dags/example_short_circuit_operator.py
[2026-04-10T09:48:38.820+0900] {processor.py:925} INFO - DAG(s) 'example_short_circuit_operator' retrieved from /home/airflow/.local/lib/python3.12/site-packages/airflow/example_dags/example_short_circuit_operator.py
[2026-04-10T09:48:38.838+0900] {logging_mixin.py:190} INFO - [2026-04-10T09:48:38.837+0900] {dag.py:3211} INFO - Sync 1 DAGs
[2026-04-10T09:48:38.856+0900] {logging_mixin.py:190} INFO - [2026-04-10T09:48:38.856+0900] {dag.py:4138} INFO - Setting next_dagrun for example_short_circuit_operator to 2026-04-09 00:00:00+00:00, run_after=2026-04-10 00:00:00+00:00
[2026-04-10T09:48:38.870+0900] {processor.py:208} INFO - Processing /home/airflow/.local/lib/python3.12/site-packages/airflow/example_dags/example_short_circuit_operator.py took 0.066 seconds
[2026-04-10T09:49:09.907+0900] {processor.py:186} INFO - Started process (PID=151512) to work on /home/airflow/.local/lib/python3.12/site-packages/airflow/example_dags/example_short_circuit_operator.py
[2026-04-10T09:49:09.907+0900] {processor.py:914} INFO - Processing file /home/airflow/.local/lib/python3.12/site-packages/airflow/example_dags/example_short_circuit_operator.py for tasks to queue
[2026-04-10T09:49:09.909+0900] {logging_mixin.py:190} INFO - [2026-04-10T09:49:09.909+0900] {dagbag.py:587} INFO - Filling up the DagBag from /home/airflow/.local/lib/python3.12/site-packages/airflow/example_dags/example_short_circuit_operator.py
[2026-04-10T09:49:09.916+0900] {processor.py:925} INFO - DAG(s) 'example_short_circuit_operator' retrieved from /home/airflow/.local/lib/python3.12/site-packages/airflow/example_dags/example_short_circuit_operator.py
[2026-04-10T09:49:09.933+0900] {logging_mixin.py:190} INFO - [2026-04-10T09:49:09.933+0900] {dag.py:3211} INFO - Sync 1 DAGs
[2026-04-10T09:49:09.950+0900] {logging_mixin.py:190} INFO - [2026-04-10T09:49:09.950+0900] {dag.py:4138} INFO - Setting next_dagrun for example_short_circuit_operator to 2026-04-09 00:00:00+00:00, run_after=2026-04-10 00:00:00+00:00
[2026-04-10T09:49:09.963+0900] {processor.py:208} INFO - Processing /home/airflow/.local/lib/python3.12/site-packages/airflow/example_dags/example_short_circuit_operator.py took 0.061 seconds
[2026-04-10T09:49:41.322+0900] {processor.py:186} INFO - Started process (PID=151577) to work on /home/airflow/.local/lib/python3.12/site-packages/airflow/example_dags/example_short_circuit_operator.py
[2026-04-10T09:49:41.323+0900] {processor.py:914} INFO - Processing file /home/airflow/.local/lib/python3.12/site-packages/airflow/example_dags/example_short_circuit_operator.py for tasks to queue
[2026-04-10T09:49:41.325+0900] {logging_mixin.py:190} INFO - [2026-04-10T09:49:41.324+0900] {dagbag.py:587} INFO - Filling up the DagBag from /home/airflow/.local/lib/python3.12/site-packages/airflow/example_dags/example_short_circuit_operator.py
[2026-04-10T09:49:41.332+0900] {processor.py:925} INFO - DAG(s) 'example_short_circuit_operator' retrieved from /home/airflow/.local/lib/python3.12/site-packages/airflow/example_dags/example_short_circuit_operator.py
[2026-04-10T09:49:41.352+0900] {logging_mixin.py:190} INFO - [2026-04-10T09:49:41.352+0900] {dag.py:3211} INFO - Sync 1 DAGs
[2026-04-10T09:49:41.370+0900] {logging_mixin.py:190} INFO - [2026-04-10T09:49:41.370+0900] {dag.py:4138} INFO - Setting next_dagrun for example_short_circuit_operator to 2026-04-09 00:00:00+00:00, run_after=2026-04-10 00:00:00+00:00
[2026-04-10T09:49:41.383+0900] {processor.py:208} INFO - Processing /home/airflow/.local/lib/python3.12/site-packages/airflow/example_dags/example_short_circuit_operator.py took 0.066 seconds
[2026-04-10T09:50:11.905+0900] {processor.py:186} INFO - Started process (PID=151640) to work on /home/airflow/.local/lib/python3.12/site-packages/airflow/example_dags/example_short_circuit_operator.py
[2026-04-10T09:50:11.906+0900] {processor.py:914} INFO - Processing file /home/airflow/.local/lib/python3.12/site-packages/airflow/example_dags/example_short_circuit_operator.py for tasks to queue
[2026-04-10T09:50:11.909+0900] {logging_mixin.py:190} INFO - [2026-04-10T09:50:11.908+0900] {dagbag.py:587} INFO - Filling up the DagBag from /home/airflow/.local/lib/python3.12/site-packages/airflow/example_dags/example_short_circuit_operator.py
[2026-04-10T09:50:11.916+0900] {processor.py:925} INFO - DAG(s) 'example_short_circuit_operator' retrieved from /home/airflow/.local/lib/python3.12/site-packages/airflow/example_dags/example_short_circuit_operator.py
[2026-04-10T09:50:11.933+0900] {logging_mixin.py:190} INFO - [2026-04-10T09:50:11.932+0900] {dag.py:3211} INFO - Sync 1 DAGs
[2026-04-10T09:50:11.950+0900] {logging_mixin.py:190} INFO - [2026-04-10T09:50:11.950+0900] {dag.py:4138} INFO - Setting next_dagrun for example_short_circuit_operator to 2026-04-09 00:00:00+00:00, run_after=2026-04-10 00:00:00+00:00
[2026-04-10T09:50:11.965+0900] {processor.py:208} INFO - Processing /home/airflow/.local/lib/python3.12/site-packages/airflow/example_dags/example_short_circuit_operator.py took 0.064 seconds
[2026-04-10T09:50:42.337+0900] {processor.py:186} INFO - Started process (PID=151703) to work on /home/airflow/.local/lib/python3.12/site-packages/airflow/example_dags/example_short_circuit_operator.py
[2026-04-10T09:50:42.338+0900] {processor.py:914} INFO - Processing file /home/airflow/.local/lib/python3.12/site-packages/airflow/example_dags/example_short_circuit_operator.py for tasks to queue
[2026-04-10T09:50:42.340+0900] {logging_mixin.py:190} INFO - [2026-04-10T09:50:42.340+0900] {dagbag.py:587} INFO - Filling up the DagBag from /home/airflow/.local/lib/python3.12/site-packages/airflow/example_dags/example_short_circuit_operator.py
[2026-04-10T09:50:42.347+0900] {processor.py:925} INFO - DAG(s) 'example_short_circuit_operator' retrieved from /home/airflow/.local/lib/python3.12/site-packages/airflow/example_dags/example_short_circuit_operator.py
[2026-04-10T09:50:42.363+0900] {logging_mixin.py:190} INFO - [2026-04-10T09:50:42.363+0900] {dag.py:3211} INFO - Sync 1 DAGs
[2026-04-10T09:50:42.378+0900] {logging_mixin.py:190} INFO - [2026-04-10T09:50:42.378+0900] {dag.py:4138} INFO - Setting next_dagrun for example_short_circuit_operator to 2026-04-09 00:00:00+00:00, run_after=2026-04-10 00:00:00+00:00
[2026-04-10T09:50:42.392+0900] {processor.py:208} INFO - Processing /home/airflow/.local/lib/python3.12/site-packages/airflow/example_dags/example_short_circuit_operator.py took 0.059 seconds
[2026-04-10T09:51:12.667+0900] {processor.py:186} INFO - Started process (PID=151766) to work on /home/airflow/.local/lib/python3.12/site-packages/airflow/example_dags/example_short_circuit_operator.py
[2026-04-10T09:51:12.668+0900] {processor.py:914} INFO - Processing file /home/airflow/.local/lib/python3.12/site-packages/airflow/example_dags/example_short_circuit_operator.py for tasks to queue
[2026-04-10T09:51:12.670+0900] {logging_mixin.py:190} INFO - [2026-04-10T09:51:12.670+0900] {dagbag.py:587} INFO - Filling up the DagBag from /home/airflow/.local/lib/python3.12/site-packages/airflow/example_dags/example_short_circuit_operator.py
[2026-04-10T09:51:12.677+0900] {processor.py:925} INFO - DAG(s) 'example_short_circuit_operator' retrieved from /home/airflow/.local/lib/python3.12/site-packages/airflow/example_dags/example_short_circuit_operator.py
[2026-04-10T09:51:12.694+0900] {logging_mixin.py:190} INFO - [2026-04-10T09:51:12.694+0900] {dag.py:3211} INFO - Sync 1 DAGs
[2026-04-10T09:51:12.712+0900] {logging_mixin.py:190} INFO - [2026-04-10T09:51:12.711+0900] {dag.py:4138} INFO - Setting next_dagrun for example_short_circuit_operator to 2026-04-09 00:00:00+00:00, run_after=2026-04-10 00:00:00+00:00
[2026-04-10T09:51:12.725+0900] {processor.py:208} INFO - Processing /home/airflow/.local/lib/python3.12/site-packages/airflow/example_dags/example_short_circuit_operator.py took 0.063 seconds
[2026-04-10T09:51:43.149+0900] {processor.py:186} INFO - Started process (PID=151829) to work on /home/airflow/.local/lib/python3.12/site-packages/airflow/example_dags/example_short_circuit_operator.py
[2026-04-10T09:51:43.150+0900] {processor.py:914} INFO - Processing file /home/airflow/.local/lib/python3.12/site-packages/airflow/example_dags/example_short_circuit_operator.py for tasks to queue
[2026-04-10T09:51:43.153+0900] {logging_mixin.py:190} INFO - [2026-04-10T09:51:43.153+0900] {dagbag.py:587} INFO - Filling up the DagBag from /home/airflow/.local/lib/python3.12/site-packages/airflow/example_dags/example_short_circuit_operator.py
[2026-04-10T09:51:43.160+0900] {processor.py:925} INFO - DAG(s) 'example_short_circuit_operator' retrieved from /home/airflow/.local/lib/python3.12/site-packages/airflow/example_dags/example_short_circuit_operator.py
[2026-04-10T09:51:43.177+0900] {logging_mixin.py:190} INFO - [2026-04-10T09:51:43.177+0900] {dag.py:3211} INFO - Sync 1 DAGs
[2026-04-10T09:51:43.193+0900] {logging_mixin.py:190} INFO - [2026-04-10T09:51:43.193+0900] {dag.py:4138} INFO - Setting next_dagrun for example_short_circuit_operator to 2026-04-09 00:00:00+00:00, run_after=2026-04-10 00:00:00+00:00
[2026-04-10T09:51:43.207+0900] {processor.py:208} INFO - Processing /home/airflow/.local/lib/python3.12/site-packages/airflow/example_dags/example_short_circuit_operator.py took 0.063 seconds
[2026-04-10T09:52:13.596+0900] {processor.py:186} INFO - Started process (PID=151893) to work on /home/airflow/.local/lib/python3.12/site-packages/airflow/example_dags/example_short_circuit_operator.py
[2026-04-10T09:52:13.596+0900] {processor.py:914} INFO - Processing file /home/airflow/.local/lib/python3.12/site-packages/airflow/example_dags/example_short_circuit_operator.py for tasks to queue
[2026-04-10T09:52:13.598+0900] {logging_mixin.py:190} INFO - [2026-04-10T09:52:13.598+0900] {dagbag.py:587} INFO - Filling up the DagBag from /home/airflow/.local/lib/python3.12/site-packages/airflow/example_dags/example_short_circuit_operator.py
[2026-04-10T09:52:13.605+0900] {processor.py:925} INFO - DAG(s) 'example_short_circuit_operator' retrieved from /home/airflow/.local/lib/python3.12/site-packages/airflow/example_dags/example_short_circuit_operator.py
[2026-04-10T09:52:13.620+0900] {logging_mixin.py:190} INFO - [2026-04-10T09:52:13.620+0900] {dag.py:3211} INFO - Sync 1 DAGs
[2026-04-10T09:52:13.637+0900] {logging_mixin.py:190} INFO - [2026-04-10T09:52:13.637+0900] {dag.py:4138} INFO - Setting next_dagrun for example_short_circuit_operator to 2026-04-09 00:00:00+00:00, run_after=2026-04-10 00:00:00+00:00
[2026-04-10T09:52:13.649+0900] {processor.py:208} INFO - Processing /home/airflow/.local/lib/python3.12/site-packages/airflow/example_dags/example_short_circuit_operator.py took 0.058 seconds
[2026-04-10T09:52:44.705+0900] {processor.py:186} INFO - Started process (PID=151956) to work on /home/airflow/.local/lib/python3.12/site-packages/airflow/example_dags/example_short_circuit_operator.py
[2026-04-10T09:52:44.706+0900] {processor.py:914} INFO - Processing file /home/airflow/.local/lib/python3.12/site-packages/airflow/example_dags/example_short_circuit_operator.py for tasks to queue
[2026-04-10T09:52:44.708+0900] {logging_mixin.py:190} INFO - [2026-04-10T09:52:44.708+0900] {dagbag.py:587} INFO - Filling up the DagBag from /home/airflow/.local/lib/python3.12/site-packages/airflow/example_dags/example_short_circuit_operator.py
[2026-04-10T09:52:44.715+0900] {processor.py:925} INFO - DAG(s) 'example_short_circuit_operator' retrieved from /home/airflow/.local/lib/python3.12/site-packages/airflow/example_dags/example_short_circuit_operator.py
[2026-04-10T09:52:44.732+0900] {logging_mixin.py:190} INFO - [2026-04-10T09:52:44.732+0900] {dag.py:3211} INFO - Sync 1 DAGs
[2026-04-10T09:52:44.750+0900] {logging_mixin.py:190} INFO - [2026-04-10T09:52:44.750+0900] {dag.py:4138} INFO - Setting next_dagrun for example_short_circuit_operator to 2026-04-09 00:00:00+00:00, run_after=2026-04-10 00:00:00+00:00
[2026-04-10T09:52:44.763+0900] {processor.py:208} INFO - Processing /home/airflow/.local/lib/python3.12/site-packages/airflow/example_dags/example_short_circuit_operator.py took 0.062 seconds
[2026-04-10T09:53:15.900+0900] {processor.py:186} INFO - Started process (PID=152019) to work on /home/airflow/.local/lib/python3.12/site-packages/airflow/example_dags/example_short_circuit_operator.py
[2026-04-10T09:53:15.901+0900] {processor.py:914} INFO - Processing file /home/airflow/.local/lib/python3.12/site-packages/airflow/example_dags/example_short_circuit_operator.py for tasks to queue
[2026-04-10T09:53:15.904+0900] {logging_mixin.py:190} INFO - [2026-04-10T09:53:15.904+0900] {dagbag.py:587} INFO - Filling up the DagBag from /home/airflow/.local/lib/python3.12/site-packages/airflow/example_dags/example_short_circuit_operator.py
[2026-04-10T09:53:15.911+0900] {processor.py:925} INFO - DAG(s) 'example_short_circuit_operator' retrieved from /home/airflow/.local/lib/python3.12/site-packages/airflow/example_dags/example_short_circuit_operator.py
[2026-04-10T09:53:15.929+0900] {logging_mixin.py:190} INFO - [2026-04-10T09:53:15.929+0900] {dag.py:3211} INFO - Sync 1 DAGs
[2026-04-10T09:53:15.946+0900] {logging_mixin.py:190} INFO - [2026-04-10T09:53:15.946+0900] {dag.py:4138} INFO - Setting next_dagrun for example_short_circuit_operator to 2026-04-09 00:00:00+00:00, run_after=2026-04-10 00:00:00+00:00
[2026-04-10T09:53:15.962+0900] {processor.py:208} INFO - Processing /home/airflow/.local/lib/python3.12/site-packages/airflow/example_dags/example_short_circuit_operator.py took 0.071 seconds
[2026-04-10T09:53:46.237+0900] {processor.py:186} INFO - Started process (PID=152082) to work on /home/airflow/.local/lib/python3.12/site-packages/airflow/example_dags/example_short_circuit_operator.py
[2026-04-10T09:53:46.238+0900] {processor.py:914} INFO - Processing file /home/airflow/.local/lib/python3.12/site-packages/airflow/example_dags/example_short_circuit_operator.py for tasks to queue
[2026-04-10T09:53:46.240+0900] {logging_mixin.py:190} INFO - [2026-04-10T09:53:46.240+0900] {dagbag.py:587} INFO - Filling up the DagBag from /home/airflow/.local/lib/python3.12/site-packages/airflow/example_dags/example_short_circuit_operator.py
[2026-04-10T09:53:46.247+0900] {processor.py:925} INFO - DAG(s) 'example_short_circuit_operator' retrieved from /home/airflow/.local/lib/python3.12/site-packages/airflow/example_dags/example_short_circuit_operator.py
[2026-04-10T09:53:46.266+0900] {logging_mixin.py:190} INFO - [2026-04-10T09:53:46.265+0900] {dag.py:3211} INFO - Sync 1 DAGs
[2026-04-10T09:53:46.283+0900] {logging_mixin.py:190} INFO - [2026-04-10T09:53:46.283+0900] {dag.py:4138} INFO - Setting next_dagrun for example_short_circuit_operator to 2026-04-09 00:00:00+00:00, run_after=2026-04-10 00:00:00+00:00
[2026-04-10T09:53:46.296+0900] {processor.py:208} INFO - Processing /home/airflow/.local/lib/python3.12/site-packages/airflow/example_dags/example_short_circuit_operator.py took 0.064 seconds
[2026-04-10T09:54:17.576+0900] {processor.py:186} INFO - Started process (PID=152147) to work on /home/airflow/.local/lib/python3.12/site-packages/airflow/example_dags/example_short_circuit_operator.py
[2026-04-10T09:54:17.577+0900] {processor.py:914} INFO - Processing file /home/airflow/.local/lib/python3.12/site-packages/airflow/example_dags/example_short_circuit_operator.py for tasks to queue
[2026-04-10T09:54:17.579+0900] {logging_mixin.py:190} INFO - [2026-04-10T09:54:17.579+0900] {dagbag.py:587} INFO - Filling up the DagBag from /home/airflow/.local/lib/python3.12/site-packages/airflow/example_dags/example_short_circuit_operator.py
[2026-04-10T09:54:17.586+0900] {processor.py:925} INFO - DAG(s) 'example_short_circuit_operator' retrieved from /home/airflow/.local/lib/python3.12/site-packages/airflow/example_dags/example_short_circuit_operator.py
[2026-04-10T09:54:17.603+0900] {logging_mixin.py:190} INFO - [2026-04-10T09:54:17.603+0900] {dag.py:3211} INFO - Sync 1 DAGs
[2026-04-10T09:54:17.618+0900] {logging_mixin.py:190} INFO - [2026-04-10T09:54:17.618+0900] {dag.py:4138} INFO - Setting next_dagrun for example_short_circuit_operator to 2026-04-09 00:00:00+00:00, run_after=2026-04-10 00:00:00+00:00
[2026-04-10T09:54:17.631+0900] {processor.py:208} INFO - Processing /home/airflow/.local/lib/python3.12/site-packages/airflow/example_dags/example_short_circuit_operator.py took 0.060 seconds
[2026-04-10T09:54:47.950+0900] {processor.py:186} INFO - Started process (PID=152210) to work on /home/airflow/.local/lib/python3.12/site-packages/airflow/example_dags/example_short_circuit_operator.py
[2026-04-10T09:54:47.952+0900] {processor.py:914} INFO - Processing file /home/airflow/.local/lib/python3.12/site-packages/airflow/example_dags/example_short_circuit_operator.py for tasks to queue
[2026-04-10T09:54:47.954+0900] {logging_mixin.py:190} INFO - [2026-04-10T09:54:47.954+0900] {dagbag.py:587} INFO - Filling up the DagBag from /home/airflow/.local/lib/python3.12/site-packages/airflow/example_dags/example_short_circuit_operator.py
[2026-04-10T09:54:47.961+0900] {processor.py:925} INFO - DAG(s) 'example_short_circuit_operator' retrieved from /home/airflow/.local/lib/python3.12/site-packages/airflow/example_dags/example_short_circuit_operator.py
[2026-04-10T09:54:47.979+0900] {logging_mixin.py:190} INFO - [2026-04-10T09:54:47.979+0900] {dag.py:3211} INFO - Sync 1 DAGs
[2026-04-10T09:54:47.998+0900] {logging_mixin.py:190} INFO - [2026-04-10T09:54:47.997+0900] {dag.py:4138} INFO - Setting next_dagrun for example_short_circuit_operator to 2026-04-09 00:00:00+00:00, run_after=2026-04-10 00:00:00+00:00
[2026-04-10T09:54:48.012+0900] {processor.py:208} INFO - Processing /home/airflow/.local/lib/python3.12/site-packages/airflow/example_dags/example_short_circuit_operator.py took 0.067 seconds
[2026-04-10T09:55:18.798+0900] {processor.py:186} INFO - Started process (PID=152273) to work on /home/airflow/.local/lib/python3.12/site-packages/airflow/example_dags/example_short_circuit_operator.py
[2026-04-10T09:55:18.799+0900] {processor.py:914} INFO - Processing file /home/airflow/.local/lib/python3.12/site-packages/airflow/example_dags/example_short_circuit_operator.py for tasks to queue
[2026-04-10T09:55:18.801+0900] {logging_mixin.py:190} INFO - [2026-04-10T09:55:18.801+0900] {dagbag.py:587} INFO - Filling up the DagBag from /home/airflow/.local/lib/python3.12/site-packages/airflow/example_dags/example_short_circuit_operator.py
[2026-04-10T09:55:18.808+0900] {processor.py:925} INFO - DAG(s) 'example_short_circuit_operator' retrieved from /home/airflow/.local/lib/python3.12/site-packages/airflow/example_dags/example_short_circuit_operator.py
[2026-04-10T09:55:18.826+0900] {logging_mixin.py:190} INFO - [2026-04-10T09:55:18.826+0900] {dag.py:3211} INFO - Sync 1 DAGs
[2026-04-10T09:55:18.843+0900] {logging_mixin.py:190} INFO - [2026-04-10T09:55:18.843+0900] {dag.py:4138} INFO - Setting next_dagrun for example_short_circuit_operator to 2026-04-09 00:00:00+00:00, run_after=2026-04-10 00:00:00+00:00
[2026-04-10T09:55:18.855+0900] {processor.py:208} INFO - Processing /home/airflow/.local/lib/python3.12/site-packages/airflow/example_dags/example_short_circuit_operator.py took 0.061 seconds
[2026-04-10T09:55:49.217+0900] {processor.py:186} INFO - Started process (PID=152336) to work on /home/airflow/.local/lib/python3.12/site-packages/airflow/example_dags/example_short_circuit_operator.py
[2026-04-10T09:55:49.218+0900] {processor.py:914} INFO - Processing file /home/airflow/.local/lib/python3.12/site-packages/airflow/example_dags/example_short_circuit_operator.py for tasks to queue
[2026-04-10T09:55:49.220+0900] {logging_mixin.py:190} INFO - [2026-04-10T09:55:49.220+0900] {dagbag.py:587} INFO - Filling up the DagBag from /home/airflow/.local/lib/python3.12/site-packages/airflow/example_dags/example_short_circuit_operator.py
[2026-04-10T09:55:49.229+0900] {processor.py:925} INFO - DAG(s) 'example_short_circuit_operator' retrieved from /home/airflow/.local/lib/python3.12/site-packages/airflow/example_dags/example_short_circuit_operator.py
[2026-04-10T09:55:49.247+0900] {logging_mixin.py:190} INFO - [2026-04-10T09:55:49.247+0900] {dag.py:3211} INFO - Sync 1 DAGs
[2026-04-10T09:55:49.263+0900] {logging_mixin.py:190} INFO - [2026-04-10T09:55:49.263+0900] {dag.py:4138} INFO - Setting next_dagrun for example_short_circuit_operator to 2026-04-09 00:00:00+00:00, run_after=2026-04-10 00:00:00+00:00
[2026-04-10T09:55:49.276+0900] {processor.py:208} INFO - Processing /home/airflow/.local/lib/python3.12/site-packages/airflow/example_dags/example_short_circuit_operator.py took 0.064 seconds
[2026-04-10T09:56:19.789+0900] {processor.py:186} INFO - Started process (PID=152399) to work on /home/airflow/.local/lib/python3.12/site-packages/airflow/example_dags/example_short_circuit_operator.py
[2026-04-10T09:56:19.791+0900] {processor.py:914} INFO - Processing file /home/airflow/.local/lib/python3.12/site-packages/airflow/example_dags/example_short_circuit_operator.py for tasks to queue
[2026-04-10T09:56:19.793+0900] {logging_mixin.py:190} INFO - [2026-04-10T09:56:19.792+0900] {dagbag.py:587} INFO - Filling up the DagBag from /home/airflow/.local/lib/python3.12/site-packages/airflow/example_dags/example_short_circuit_operator.py
[2026-04-10T09:56:19.800+0900] {processor.py:925} INFO - DAG(s) 'example_short_circuit_operator' retrieved from /home/airflow/.local/lib/python3.12/site-packages/airflow/example_dags/example_short_circuit_operator.py
[2026-04-10T09:56:19.818+0900] {logging_mixin.py:190} INFO - [2026-04-10T09:56:19.817+0900] {dag.py:3211} INFO - Sync 1 DAGs
[2026-04-10T09:56:19.834+0900] {logging_mixin.py:190} INFO - [2026-04-10T09:56:19.834+0900] {dag.py:4138} INFO - Setting next_dagrun for example_short_circuit_operator to 2026-04-09 00:00:00+00:00, run_after=2026-04-10 00:00:00+00:00
[2026-04-10T09:56:19.848+0900] {processor.py:208} INFO - Processing /home/airflow/.local/lib/python3.12/site-packages/airflow/example_dags/example_short_circuit_operator.py took 0.063 seconds
[2026-04-10T09:56:50.419+0900] {processor.py:186} INFO - Started process (PID=152461) to work on /home/airflow/.local/lib/python3.12/site-packages/airflow/example_dags/example_short_circuit_operator.py
[2026-04-10T09:56:50.420+0900] {processor.py:914} INFO - Processing file /home/airflow/.local/lib/python3.12/site-packages/airflow/example_dags/example_short_circuit_operator.py for tasks to queue
[2026-04-10T09:56:50.423+0900] {logging_mixin.py:190} INFO - [2026-04-10T09:56:50.422+0900] {dagbag.py:587} INFO - Filling up the DagBag from /home/airflow/.local/lib/python3.12/site-packages/airflow/example_dags/example_short_circuit_operator.py
[2026-04-10T09:56:50.431+0900] {processor.py:925} INFO - DAG(s) 'example_short_circuit_operator' retrieved from /home/airflow/.local/lib/python3.12/site-packages/airflow/example_dags/example_short_circuit_operator.py
[2026-04-10T09:56:50.451+0900] {logging_mixin.py:190} INFO - [2026-04-10T09:56:50.450+0900] {dag.py:3211} INFO - Sync 1 DAGs
[2026-04-10T09:56:50.467+0900] {logging_mixin.py:190} INFO - [2026-04-10T09:56:50.467+0900] {dag.py:4138} INFO - Setting next_dagrun for example_short_circuit_operator to 2026-04-09 00:00:00+00:00, run_after=2026-04-10 00:00:00+00:00
[2026-04-10T09:56:50.482+0900] {processor.py:208} INFO - Processing /home/airflow/.local/lib/python3.12/site-packages/airflow/example_dags/example_short_circuit_operator.py took 0.067 seconds
[2026-04-10T09:57:21.123+0900] {processor.py:186} INFO - Started process (PID=152524) to work on /home/airflow/.local/lib/python3.12/site-packages/airflow/example_dags/example_short_circuit_operator.py
[2026-04-10T09:57:21.125+0900] {processor.py:914} INFO - Processing file /home/airflow/.local/lib/python3.12/site-packages/airflow/example_dags/example_short_circuit_operator.py for tasks to queue
[2026-04-10T09:57:21.127+0900] {logging_mixin.py:190} INFO - [2026-04-10T09:57:21.127+0900] {dagbag.py:587} INFO - Filling up the DagBag from /home/airflow/.local/lib/python3.12/site-packages/airflow/example_dags/example_short_circuit_operator.py
[2026-04-10T09:57:21.134+0900] {processor.py:925} INFO - DAG(s) 'example_short_circuit_operator' retrieved from /home/airflow/.local/lib/python3.12/site-packages/airflow/example_dags/example_short_circuit_operator.py
[2026-04-10T09:57:21.153+0900] {logging_mixin.py:190} INFO - [2026-04-10T09:57:21.153+0900] {dag.py:3211} INFO - Sync 1 DAGs
[2026-04-10T09:57:21.172+0900] {logging_mixin.py:190} INFO - [2026-04-10T09:57:21.171+0900] {dag.py:4138} INFO - Setting next_dagrun for example_short_circuit_operator to 2026-04-09 00:00:00+00:00, run_after=2026-04-10 00:00:00+00:00
[2026-04-10T09:57:21.186+0900] {processor.py:208} INFO - Processing /home/airflow/.local/lib/python3.12/site-packages/airflow/example_dags/example_short_circuit_operator.py took 0.067 seconds
[2026-04-10T09:57:51.904+0900] {processor.py:186} INFO - Started process (PID=152587) to work on /home/airflow/.local/lib/python3.12/site-packages/airflow/example_dags/example_short_circuit_operator.py
[2026-04-10T09:57:51.905+0900] {processor.py:914} INFO - Processing file /home/airflow/.local/lib/python3.12/site-packages/airflow/example_dags/example_short_circuit_operator.py for tasks to queue
[2026-04-10T09:57:51.907+0900] {logging_mixin.py:190} INFO - [2026-04-10T09:57:51.907+0900] {dagbag.py:587} INFO - Filling up the DagBag from /home/airflow/.local/lib/python3.12/site-packages/airflow/example_dags/example_short_circuit_operator.py
[2026-04-10T09:57:51.914+0900] {processor.py:925} INFO - DAG(s) 'example_short_circuit_operator' retrieved from /home/airflow/.local/lib/python3.12/site-packages/airflow/example_dags/example_short_circuit_operator.py
[2026-04-10T09:57:51.931+0900] {logging_mixin.py:190} INFO - [2026-04-10T09:57:51.931+0900] {dag.py:3211} INFO - Sync 1 DAGs
[2026-04-10T09:57:51.947+0900] {logging_mixin.py:190} INFO - [2026-04-10T09:57:51.947+0900] {dag.py:4138} INFO - Setting next_dagrun for example_short_circuit_operator to 2026-04-09 00:00:00+00:00, run_after=2026-04-10 00:00:00+00:00
[2026-04-10T09:57:51.959+0900] {processor.py:208} INFO - Processing /home/airflow/.local/lib/python3.12/site-packages/airflow/example_dags/example_short_circuit_operator.py took 0.060 seconds
[2026-04-10T09:58:22.864+0900] {processor.py:186} INFO - Started process (PID=152650) to work on /home/airflow/.local/lib/python3.12/site-packages/airflow/example_dags/example_short_circuit_operator.py
[2026-04-10T09:58:22.865+0900] {processor.py:914} INFO - Processing file /home/airflow/.local/lib/python3.12/site-packages/airflow/example_dags/example_short_circuit_operator.py for tasks to queue
[2026-04-10T09:58:22.867+0900] {logging_mixin.py:190} INFO - [2026-04-10T09:58:22.867+0900] {dagbag.py:587} INFO - Filling up the DagBag from /home/airflow/.local/lib/python3.12/site-packages/airflow/example_dags/example_short_circuit_operator.py
[2026-04-10T09:58:22.874+0900] {processor.py:925} INFO - DAG(s) 'example_short_circuit_operator' retrieved from /home/airflow/.local/lib/python3.12/site-packages/airflow/example_dags/example_short_circuit_operator.py
[2026-04-10T09:58:22.892+0900] {logging_mixin.py:190} INFO - [2026-04-10T09:58:22.892+0900] {dag.py:3211} INFO - Sync 1 DAGs
[2026-04-10T09:58:22.908+0900] {logging_mixin.py:190} INFO - [2026-04-10T09:58:22.907+0900] {dag.py:4138} INFO - Setting next_dagrun for example_short_circuit_operator to 2026-04-09 00:00:00+00:00, run_after=2026-04-10 00:00:00+00:00
[2026-04-10T09:58:22.921+0900] {processor.py:208} INFO - Processing /home/airflow/.local/lib/python3.12/site-packages/airflow/example_dags/example_short_circuit_operator.py took 0.061 seconds
[2026-04-10T09:58:53.673+0900] {processor.py:186} INFO - Started process (PID=152713) to work on /home/airflow/.local/lib/python3.12/site-packages/airflow/example_dags/example_short_circuit_operator.py
[2026-04-10T09:58:53.673+0900] {processor.py:914} INFO - Processing file /home/airflow/.local/lib/python3.12/site-packages/airflow/example_dags/example_short_circuit_operator.py for tasks to queue
[2026-04-10T09:58:53.676+0900] {logging_mixin.py:190} INFO - [2026-04-10T09:58:53.676+0900] {dagbag.py:587} INFO - Filling up the DagBag from /home/airflow/.local/lib/python3.12/site-packages/airflow/example_dags/example_short_circuit_operator.py
[2026-04-10T09:58:53.683+0900] {processor.py:925} INFO - DAG(s) 'example_short_circuit_operator' retrieved from /home/airflow/.local/lib/python3.12/site-packages/airflow/example_dags/example_short_circuit_operator.py
[2026-04-10T09:58:53.700+0900] {logging_mixin.py:190} INFO - [2026-04-10T09:58:53.699+0900] {dag.py:3211} INFO - Sync 1 DAGs
[2026-04-10T09:58:53.715+0900] {logging_mixin.py:190} INFO - [2026-04-10T09:58:53.715+0900] {dag.py:4138} INFO - Setting next_dagrun for example_short_circuit_operator to 2026-04-09 00:00:00+00:00, run_after=2026-04-10 00:00:00+00:00
[2026-04-10T09:58:53.727+0900] {processor.py:208} INFO - Processing /home/airflow/.local/lib/python3.12/site-packages/airflow/example_dags/example_short_circuit_operator.py took 0.059 seconds
[2026-04-10T09:59:24.434+0900] {processor.py:186} INFO - Started process (PID=152776) to work on /home/airflow/.local/lib/python3.12/site-packages/airflow/example_dags/example_short_circuit_operator.py
[2026-04-10T09:59:24.435+0900] {processor.py:914} INFO - Processing file /home/airflow/.local/lib/python3.12/site-packages/airflow/example_dags/example_short_circuit_operator.py for tasks to queue
[2026-04-10T09:59:24.438+0900] {logging_mixin.py:190} INFO - [2026-04-10T09:59:24.437+0900] {dagbag.py:587} INFO - Filling up the DagBag from /home/airflow/.local/lib/python3.12/site-packages/airflow/example_dags/example_short_circuit_operator.py
[2026-04-10T09:59:24.445+0900] {processor.py:925} INFO - DAG(s) 'example_short_circuit_operator' retrieved from /home/airflow/.local/lib/python3.12/site-packages/airflow/example_dags/example_short_circuit_operator.py
[2026-04-10T09:59:24.462+0900] {logging_mixin.py:190} INFO - [2026-04-10T09:59:24.461+0900] {dag.py:3211} INFO - Sync 1 DAGs
[2026-04-10T09:59:24.477+0900] {logging_mixin.py:190} INFO - [2026-04-10T09:59:24.477+0900] {dag.py:4138} INFO - Setting next_dagrun for example_short_circuit_operator to 2026-04-09 00:00:00+00:00, run_after=2026-04-10 00:00:00+00:00
[2026-04-10T09:59:24.489+0900] {processor.py:208} INFO - Processing /home/airflow/.local/lib/python3.12/site-packages/airflow/example_dags/example_short_circuit_operator.py took 0.060 seconds
[2026-04-10T09:59:55.208+0900] {processor.py:186} INFO - Started process (PID=152839) to work on /home/airflow/.local/lib/python3.12/site-packages/airflow/example_dags/example_short_circuit_operator.py
[2026-04-10T09:59:55.209+0900] {processor.py:914} INFO - Processing file /home/airflow/.local/lib/python3.12/site-packages/airflow/example_dags/example_short_circuit_operator.py for tasks to queue
[2026-04-10T09:59:55.212+0900] {logging_mixin.py:190} INFO - [2026-04-10T09:59:55.211+0900] {dagbag.py:587} INFO - Filling up the DagBag from /home/airflow/.local/lib/python3.12/site-packages/airflow/example_dags/example_short_circuit_operator.py
[2026-04-10T09:59:55.219+0900] {processor.py:925} INFO - DAG(s) 'example_short_circuit_operator' retrieved from /home/airflow/.local/lib/python3.12/site-packages/airflow/example_dags/example_short_circuit_operator.py
[2026-04-10T09:59:55.237+0900] {logging_mixin.py:190} INFO - [2026-04-10T09:59:55.237+0900] {dag.py:3211} INFO - Sync 1 DAGs
[2026-04-10T09:59:55.258+0900] {logging_mixin.py:190} INFO - [2026-04-10T09:59:55.257+0900] {dag.py:4138} INFO - Setting next_dagrun for example_short_circuit_operator to 2026-04-09 00:00:00+00:00, run_after=2026-04-10 00:00:00+00:00
[2026-04-10T09:59:55.274+0900] {processor.py:208} INFO - Processing /home/airflow/.local/lib/python3.12/site-packages/airflow/example_dags/example_short_circuit_operator.py took 0.071 seconds
[2026-04-10T10:00:25.462+0900] {processor.py:186} INFO - Started process (PID=152902) to work on /home/airflow/.local/lib/python3.12/site-packages/airflow/example_dags/example_short_circuit_operator.py
[2026-04-10T10:00:25.464+0900] {processor.py:914} INFO - Processing file /home/airflow/.local/lib/python3.12/site-packages/airflow/example_dags/example_short_circuit_operator.py for tasks to queue
[2026-04-10T10:00:25.467+0900] {logging_mixin.py:190} INFO - [2026-04-10T10:00:25.466+0900] {dagbag.py:587} INFO - Filling up the DagBag from /home/airflow/.local/lib/python3.12/site-packages/airflow/example_dags/example_short_circuit_operator.py
[2026-04-10T10:00:25.474+0900] {processor.py:925} INFO - DAG(s) 'example_short_circuit_operator' retrieved from /home/airflow/.local/lib/python3.12/site-packages/airflow/example_dags/example_short_circuit_operator.py
[2026-04-10T10:00:25.493+0900] {logging_mixin.py:190} INFO - [2026-04-10T10:00:25.492+0900] {dag.py:3211} INFO - Sync 1 DAGs
[2026-04-10T10:00:25.510+0900] {logging_mixin.py:190} INFO - [2026-04-10T10:00:25.509+0900] {dag.py:4138} INFO - Setting next_dagrun for example_short_circuit_operator to 2026-04-09 00:00:00+00:00, run_after=2026-04-10 00:00:00+00:00
[2026-04-10T10:00:25.523+0900] {processor.py:208} INFO - Processing /home/airflow/.local/lib/python3.12/site-packages/airflow/example_dags/example_short_circuit_operator.py took 0.065 seconds
[2026-04-10T10:00:56.604+0900] {processor.py:186} INFO - Started process (PID=152965) to work on /home/airflow/.local/lib/python3.12/site-packages/airflow/example_dags/example_short_circuit_operator.py
[2026-04-10T10:00:56.605+0900] {processor.py:914} INFO - Processing file /home/airflow/.local/lib/python3.12/site-packages/airflow/example_dags/example_short_circuit_operator.py for tasks to queue
[2026-04-10T10:00:56.607+0900] {logging_mixin.py:190} INFO - [2026-04-10T10:00:56.607+0900] {dagbag.py:587} INFO - Filling up the DagBag from /home/airflow/.local/lib/python3.12/site-packages/airflow/example_dags/example_short_circuit_operator.py
[2026-04-10T10:00:56.614+0900] {processor.py:925} INFO - DAG(s) 'example_short_circuit_operator' retrieved from /home/airflow/.local/lib/python3.12/site-packages/airflow/example_dags/example_short_circuit_operator.py
[2026-04-10T10:00:56.632+0900] {logging_mixin.py:190} INFO - [2026-04-10T10:00:56.632+0900] {dag.py:3211} INFO - Sync 1 DAGs
[2026-04-10T10:00:56.648+0900] {logging_mixin.py:190} INFO - [2026-04-10T10:00:56.648+0900] {dag.py:4138} INFO - Setting next_dagrun for example_short_circuit_operator to 2026-04-09 00:00:00+00:00, run_after=2026-04-10 00:00:00+00:00
[2026-04-10T10:00:56.661+0900] {processor.py:208} INFO - Processing /home/airflow/.local/lib/python3.12/site-packages/airflow/example_dags/example_short_circuit_operator.py took 0.062 seconds
[2026-04-10T10:01:26.849+0900] {processor.py:186} INFO - Started process (PID=153028) to work on /home/airflow/.local/lib/python3.12/site-packages/airflow/example_dags/example_short_circuit_operator.py
[2026-04-10T10:01:26.851+0900] {processor.py:914} INFO - Processing file /home/airflow/.local/lib/python3.12/site-packages/airflow/example_dags/example_short_circuit_operator.py for tasks to queue
[2026-04-10T10:01:26.853+0900] {logging_mixin.py:190} INFO - [2026-04-10T10:01:26.853+0900] {dagbag.py:587} INFO - Filling up the DagBag from /home/airflow/.local/lib/python3.12/site-packages/airflow/example_dags/example_short_circuit_operator.py
[2026-04-10T10:01:26.860+0900] {processor.py:925} INFO - DAG(s) 'example_short_circuit_operator' retrieved from /home/airflow/.local/lib/python3.12/site-packages/airflow/example_dags/example_short_circuit_operator.py
[2026-04-10T10:01:26.879+0900] {logging_mixin.py:190} INFO - [2026-04-10T10:01:26.879+0900] {dag.py:3211} INFO - Sync 1 DAGs
[2026-04-10T10:01:26.898+0900] {logging_mixin.py:190} INFO - [2026-04-10T10:01:26.898+0900] {dag.py:4138} INFO - Setting next_dagrun for example_short_circuit_operator to 2026-04-09 00:00:00+00:00, run_after=2026-04-10 00:00:00+00:00
[2026-04-10T10:01:26.912+0900] {processor.py:208} INFO - Processing /home/airflow/.local/lib/python3.12/site-packages/airflow/example_dags/example_short_circuit_operator.py took 0.068 seconds
[2026-04-10T10:01:57.217+0900] {processor.py:186} INFO - Started process (PID=153091) to work on /home/airflow/.local/lib/python3.12/site-packages/airflow/example_dags/example_short_circuit_operator.py
[2026-04-10T10:01:57.218+0900] {processor.py:914} INFO - Processing file /home/airflow/.local/lib/python3.12/site-packages/airflow/example_dags/example_short_circuit_operator.py for tasks to queue
[2026-04-10T10:01:57.221+0900] {logging_mixin.py:190} INFO - [2026-04-10T10:01:57.221+0900] {dagbag.py:587} INFO - Filling up the DagBag from /home/airflow/.local/lib/python3.12/site-packages/airflow/example_dags/example_short_circuit_operator.py
[2026-04-10T10:01:57.230+0900] {processor.py:925} INFO - DAG(s) 'example_short_circuit_operator' retrieved from /home/airflow/.local/lib/python3.12/site-packages/airflow/example_dags/example_short_circuit_operator.py
[2026-04-10T10:01:57.247+0900] {logging_mixin.py:190} INFO - [2026-04-10T10:01:57.247+0900] {dag.py:3211} INFO - Sync 1 DAGs
[2026-04-10T10:01:57.265+0900] {logging_mixin.py:190} INFO - [2026-04-10T10:01:57.265+0900] {dag.py:4138} INFO - Setting next_dagrun for example_short_circuit_operator to 2026-04-09 00:00:00+00:00, run_after=2026-04-10 00:00:00+00:00
[2026-04-10T10:01:57.279+0900] {processor.py:208} INFO - Processing /home/airflow/.local/lib/python3.12/site-packages/airflow/example_dags/example_short_circuit_operator.py took 0.067 seconds
[2026-04-10T10:02:27.484+0900] {processor.py:186} INFO - Started process (PID=153154) to work on /home/airflow/.local/lib/python3.12/site-packages/airflow/example_dags/example_short_circuit_operator.py
[2026-04-10T10:02:27.486+0900] {processor.py:914} INFO - Processing file /home/airflow/.local/lib/python3.12/site-packages/airflow/example_dags/example_short_circuit_operator.py for tasks to queue
[2026-04-10T10:02:27.488+0900] {logging_mixin.py:190} INFO - [2026-04-10T10:02:27.488+0900] {dagbag.py:587} INFO - Filling up the DagBag from /home/airflow/.local/lib/python3.12/site-packages/airflow/example_dags/example_short_circuit_operator.py
[2026-04-10T10:02:27.495+0900] {processor.py:925} INFO - DAG(s) 'example_short_circuit_operator' retrieved from /home/airflow/.local/lib/python3.12/site-packages/airflow/example_dags/example_short_circuit_operator.py
[2026-04-10T10:02:27.513+0900] {logging_mixin.py:190} INFO - [2026-04-10T10:02:27.513+0900] {dag.py:3211} INFO - Sync 1 DAGs
[2026-04-10T10:02:27.530+0900] {logging_mixin.py:190} INFO - [2026-04-10T10:02:27.530+0900] {dag.py:4138} INFO - Setting next_dagrun for example_short_circuit_operator to 2026-04-09 00:00:00+00:00, run_after=2026-04-10 00:00:00+00:00
[2026-04-10T10:02:27.542+0900] {processor.py:208} INFO - Processing /home/airflow/.local/lib/python3.12/site-packages/airflow/example_dags/example_short_circuit_operator.py took 0.062 seconds
[2026-04-10T10:02:58.007+0900] {processor.py:186} INFO - Started process (PID=153217) to work on /home/airflow/.local/lib/python3.12/site-packages/airflow/example_dags/example_short_circuit_operator.py
[2026-04-10T10:02:58.009+0900] {processor.py:914} INFO - Processing file /home/airflow/.local/lib/python3.12/site-packages/airflow/example_dags/example_short_circuit_operator.py for tasks to queue
[2026-04-10T10:02:58.012+0900] {logging_mixin.py:190} INFO - [2026-04-10T10:02:58.012+0900] {dagbag.py:587} INFO - Filling up the DagBag from /home/airflow/.local/lib/python3.12/site-packages/airflow/example_dags/example_short_circuit_operator.py
[2026-04-10T10:02:58.021+0900] {processor.py:925} INFO - DAG(s) 'example_short_circuit_operator' retrieved from /home/airflow/.local/lib/python3.12/site-packages/airflow/example_dags/example_short_circuit_operator.py
[2026-04-10T10:02:58.043+0900] {logging_mixin.py:190} INFO - [2026-04-10T10:02:58.042+0900] {dag.py:3211} INFO - Sync 1 DAGs
[2026-04-10T10:02:58.064+0900] {logging_mixin.py:190} INFO - [2026-04-10T10:02:58.064+0900] {dag.py:4138} INFO - Setting next_dagrun for example_short_circuit_operator to 2026-04-09 00:00:00+00:00, run_after=2026-04-10 00:00:00+00:00
[2026-04-10T10:02:58.082+0900] {processor.py:208} INFO - Processing /home/airflow/.local/lib/python3.12/site-packages/airflow/example_dags/example_short_circuit_operator.py took 0.080 seconds
[2026-04-10T10:03:28.201+0900] {processor.py:186} INFO - Started process (PID=153280) to work on /home/airflow/.local/lib/python3.12/site-packages/airflow/example_dags/example_short_circuit_operator.py
[2026-04-10T10:03:28.203+0900] {processor.py:914} INFO - Processing file /home/airflow/.local/lib/python3.12/site-packages/airflow/example_dags/example_short_circuit_operator.py for tasks to queue
[2026-04-10T10:03:28.205+0900] {logging_mixin.py:190} INFO - [2026-04-10T10:03:28.205+0900] {dagbag.py:587} INFO - Filling up the DagBag from /home/airflow/.local/lib/python3.12/site-packages/airflow/example_dags/example_short_circuit_operator.py
[2026-04-10T10:03:28.212+0900] {processor.py:925} INFO - DAG(s) 'example_short_circuit_operator' retrieved from /home/airflow/.local/lib/python3.12/site-packages/airflow/example_dags/example_short_circuit_operator.py
[2026-04-10T10:03:28.230+0900] {logging_mixin.py:190} INFO - [2026-04-10T10:03:28.230+0900] {dag.py:3211} INFO - Sync 1 DAGs
[2026-04-10T10:03:28.246+0900] {logging_mixin.py:190} INFO - [2026-04-10T10:03:28.246+0900] {dag.py:4138} INFO - Setting next_dagrun for example_short_circuit_operator to 2026-04-09 00:00:00+00:00, run_after=2026-04-10 00:00:00+00:00
[2026-04-10T10:03:28.260+0900] {processor.py:208} INFO - Processing /home/airflow/.local/lib/python3.12/site-packages/airflow/example_dags/example_short_circuit_operator.py took 0.064 seconds
[2026-04-10T10:03:58.454+0900] {processor.py:186} INFO - Started process (PID=153343) to work on /home/airflow/.local/lib/python3.12/site-packages/airflow/example_dags/example_short_circuit_operator.py
[2026-04-10T10:03:58.456+0900] {processor.py:914} INFO - Processing file /home/airflow/.local/lib/python3.12/site-packages/airflow/example_dags/example_short_circuit_operator.py for tasks to queue
[2026-04-10T10:03:58.459+0900] {logging_mixin.py:190} INFO - [2026-04-10T10:03:58.459+0900] {dagbag.py:587} INFO - Filling up the DagBag from /home/airflow/.local/lib/python3.12/site-packages/airflow/example_dags/example_short_circuit_operator.py
[2026-04-10T10:03:58.466+0900] {processor.py:925} INFO - DAG(s) 'example_short_circuit_operator' retrieved from /home/airflow/.local/lib/python3.12/site-packages/airflow/example_dags/example_short_circuit_operator.py
[2026-04-10T10:03:58.484+0900] {logging_mixin.py:190} INFO - [2026-04-10T10:03:58.483+0900] {dag.py:3211} INFO - Sync 1 DAGs
[2026-04-10T10:03:58.501+0900] {logging_mixin.py:190} INFO - [2026-04-10T10:03:58.501+0900] {dag.py:4138} INFO - Setting next_dagrun for example_short_circuit_operator to 2026-04-09 00:00:00+00:00, run_after=2026-04-10 00:00:00+00:00
[2026-04-10T10:03:58.516+0900] {processor.py:208} INFO - Processing /home/airflow/.local/lib/python3.12/site-packages/airflow/example_dags/example_short_circuit_operator.py took 0.066 seconds
[2026-04-10T10:04:31.057+0900] {processor.py:186} INFO - Started process (PID=153405) to work on /home/airflow/.local/lib/python3.12/site-packages/airflow/example_dags/example_short_circuit_operator.py
[2026-04-10T10:04:31.060+0900] {processor.py:914} INFO - Processing file /home/airflow/.local/lib/python3.12/site-packages/airflow/example_dags/example_short_circuit_operator.py for tasks to queue
[2026-04-10T10:04:31.067+0900] {logging_mixin.py:190} INFO - [2026-04-10T10:04:31.065+0900] {dagbag.py:587} INFO - Filling up the DagBag from /home/airflow/.local/lib/python3.12/site-packages/airflow/example_dags/example_short_circuit_operator.py
[2026-04-10T10:04:31.103+0900] {processor.py:925} INFO - DAG(s) 'example_short_circuit_operator' retrieved from /home/airflow/.local/lib/python3.12/site-packages/airflow/example_dags/example_short_circuit_operator.py
[2026-04-10T10:04:31.307+0900] {logging_mixin.py:190} INFO - [2026-04-10T10:04:31.305+0900] {dag.py:3211} INFO - Sync 1 DAGs
[2026-04-10T10:04:31.564+0900] {logging_mixin.py:190} INFO - [2026-04-10T10:04:31.551+0900] {dag.py:4138} INFO - Setting next_dagrun for example_short_circuit_operator to 2026-04-09 00:00:00+00:00, run_after=2026-04-10 00:00:00+00:00
[2026-04-10T10:04:31.715+0900] {processor.py:208} INFO - Processing /home/airflow/.local/lib/python3.12/site-packages/airflow/example_dags/example_short_circuit_operator.py took 0.680 seconds
[2026-04-10T10:05:01.818+0900] {processor.py:186} INFO - Started process (PID=153468) to work on /home/airflow/.local/lib/python3.12/site-packages/airflow/example_dags/example_short_circuit_operator.py
[2026-04-10T10:05:01.820+0900] {processor.py:914} INFO - Processing file /home/airflow/.local/lib/python3.12/site-packages/airflow/example_dags/example_short_circuit_operator.py for tasks to queue
[2026-04-10T10:05:01.825+0900] {logging_mixin.py:190} INFO - [2026-04-10T10:05:01.825+0900] {dagbag.py:587} INFO - Filling up the DagBag from /home/airflow/.local/lib/python3.12/site-packages/airflow/example_dags/example_short_circuit_operator.py
[2026-04-10T10:05:01.845+0900] {processor.py:925} INFO - DAG(s) 'example_short_circuit_operator' retrieved from /home/airflow/.local/lib/python3.12/site-packages/airflow/example_dags/example_short_circuit_operator.py
[2026-04-10T10:05:01.896+0900] {logging_mixin.py:190} INFO - [2026-04-10T10:05:01.895+0900] {dag.py:3211} INFO - Sync 1 DAGs
[2026-04-10T10:05:01.944+0900] {logging_mixin.py:190} INFO - [2026-04-10T10:05:01.943+0900] {dag.py:4138} INFO - Setting next_dagrun for example_short_circuit_operator to 2026-04-09 00:00:00+00:00, run_after=2026-04-10 00:00:00+00:00
[2026-04-10T10:05:01.986+0900] {processor.py:208} INFO - Processing /home/airflow/.local/lib/python3.12/site-packages/airflow/example_dags/example_short_circuit_operator.py took 0.178 seconds
[2026-04-10T10:05:32.106+0900] {processor.py:186} INFO - Started process (PID=153531) to work on /home/airflow/.local/lib/python3.12/site-packages/airflow/example_dags/example_short_circuit_operator.py
[2026-04-10T10:05:32.108+0900] {processor.py:914} INFO - Processing file /home/airflow/.local/lib/python3.12/site-packages/airflow/example_dags/example_short_circuit_operator.py for tasks to queue
[2026-04-10T10:05:32.112+0900] {logging_mixin.py:190} INFO - [2026-04-10T10:05:32.112+0900] {dagbag.py:587} INFO - Filling up the DagBag from /home/airflow/.local/lib/python3.12/site-packages/airflow/example_dags/example_short_circuit_operator.py
[2026-04-10T10:05:32.132+0900] {processor.py:925} INFO - DAG(s) 'example_short_circuit_operator' retrieved from /home/airflow/.local/lib/python3.12/site-packages/airflow/example_dags/example_short_circuit_operator.py
[2026-04-10T10:05:32.171+0900] {logging_mixin.py:190} INFO - [2026-04-10T10:05:32.170+0900] {dag.py:3211} INFO - Sync 1 DAGs
[2026-04-10T10:05:32.202+0900] {logging_mixin.py:190} INFO - [2026-04-10T10:05:32.202+0900] {dag.py:4138} INFO - Setting next_dagrun for example_short_circuit_operator to 2026-04-09 00:00:00+00:00, run_after=2026-04-10 00:00:00+00:00
[2026-04-10T10:05:32.234+0900] {processor.py:208} INFO - Processing /home/airflow/.local/lib/python3.12/site-packages/airflow/example_dags/example_short_circuit_operator.py took 0.135 seconds
[2026-04-10T10:06:02.919+0900] {processor.py:186} INFO - Started process (PID=153594) to work on /home/airflow/.local/lib/python3.12/site-packages/airflow/example_dags/example_short_circuit_operator.py
[2026-04-10T10:06:02.921+0900] {processor.py:914} INFO - Processing file /home/airflow/.local/lib/python3.12/site-packages/airflow/example_dags/example_short_circuit_operator.py for tasks to queue
[2026-04-10T10:06:02.925+0900] {logging_mixin.py:190} INFO - [2026-04-10T10:06:02.924+0900] {dagbag.py:587} INFO - Filling up the DagBag from /home/airflow/.local/lib/python3.12/site-packages/airflow/example_dags/example_short_circuit_operator.py
[2026-04-10T10:06:02.938+0900] {processor.py:925} INFO - DAG(s) 'example_short_circuit_operator' retrieved from /home/airflow/.local/lib/python3.12/site-packages/airflow/example_dags/example_short_circuit_operator.py
[2026-04-10T10:06:02.975+0900] {logging_mixin.py:190} INFO - [2026-04-10T10:06:02.974+0900] {dag.py:3211} INFO - Sync 1 DAGs
[2026-04-10T10:06:03.024+0900] {logging_mixin.py:190} INFO - [2026-04-10T10:06:03.024+0900] {dag.py:4138} INFO - Setting next_dagrun for example_short_circuit_operator to 2026-04-09 00:00:00+00:00, run_after=2026-04-10 00:00:00+00:00
[2026-04-10T10:06:03.069+0900] {processor.py:208} INFO - Processing /home/airflow/.local/lib/python3.12/site-packages/airflow/example_dags/example_short_circuit_operator.py took 0.159 seconds
[2026-04-10T10:06:33.251+0900] {processor.py:186} INFO - Started process (PID=153657) to work on /home/airflow/.local/lib/python3.12/site-packages/airflow/example_dags/example_short_circuit_operator.py
[2026-04-10T10:06:33.254+0900] {processor.py:914} INFO - Processing file /home/airflow/.local/lib/python3.12/site-packages/airflow/example_dags/example_short_circuit_operator.py for tasks to queue
[2026-04-10T10:06:33.258+0900] {logging_mixin.py:190} INFO - [2026-04-10T10:06:33.257+0900] {dagbag.py:587} INFO - Filling up the DagBag from /home/airflow/.local/lib/python3.12/site-packages/airflow/example_dags/example_short_circuit_operator.py
[2026-04-10T10:06:33.278+0900] {processor.py:925} INFO - DAG(s) 'example_short_circuit_operator' retrieved from /home/airflow/.local/lib/python3.12/site-packages/airflow/example_dags/example_short_circuit_operator.py
[2026-04-10T10:06:33.315+0900] {logging_mixin.py:190} INFO - [2026-04-10T10:06:33.315+0900] {dag.py:3211} INFO - Sync 1 DAGs
[2026-04-10T10:06:33.362+0900] {logging_mixin.py:190} INFO - [2026-04-10T10:06:33.362+0900] {dag.py:4138} INFO - Setting next_dagrun for example_short_circuit_operator to 2026-04-09 00:00:00+00:00, run_after=2026-04-10 00:00:00+00:00
[2026-04-10T10:06:33.398+0900] {processor.py:208} INFO - Processing /home/airflow/.local/lib/python3.12/site-packages/airflow/example_dags/example_short_circuit_operator.py took 0.160 seconds
