[2026-04-10T09:00:25.889+0900] {processor.py:186} INFO - Started process (PID=145473) to work on /home/airflow/.local/lib/python3.12/site-packages/airflow/example_dags/example_xcomargs.py
[2026-04-10T09:00:25.890+0900] {processor.py:914} INFO - Processing file /home/airflow/.local/lib/python3.12/site-packages/airflow/example_dags/example_xcomargs.py for tasks to queue
[2026-04-10T09:00:25.893+0900] {logging_mixin.py:190} INFO - [2026-04-10T09:00:25.892+0900] {dagbag.py:587} INFO - Filling up the DagBag from /home/airflow/.local/lib/python3.12/site-packages/airflow/example_dags/example_xcomargs.py
[2026-04-10T09:00:25.901+0900] {processor.py:925} INFO - DAG(s) 'example_xcom_args', 'example_xcom_args_with_operators' retrieved from /home/airflow/.local/lib/python3.12/site-packages/airflow/example_dags/example_xcomargs.py
[2026-04-10T09:00:25.919+0900] {logging_mixin.py:190} INFO - [2026-04-10T09:00:25.918+0900] {dag.py:3211} INFO - Sync 2 DAGs
[2026-04-10T09:00:25.929+0900] {logging_mixin.py:190} INFO - [2026-04-10T09:00:25.929+0900] {dag.py:4138} INFO - Setting next_dagrun for example_xcom_args to None, run_after=None
[2026-04-10T09:00:25.932+0900] {logging_mixin.py:190} INFO - [2026-04-10T09:00:25.932+0900] {dag.py:4138} INFO - Setting next_dagrun for example_xcom_args_with_operators to None, run_after=None
[2026-04-10T09:00:25.944+0900] {processor.py:208} INFO - Processing /home/airflow/.local/lib/python3.12/site-packages/airflow/example_dags/example_xcomargs.py took 0.060 seconds
[2026-04-10T09:00:56.121+0900] {processor.py:186} INFO - Started process (PID=145536) to work on /home/airflow/.local/lib/python3.12/site-packages/airflow/example_dags/example_xcomargs.py
[2026-04-10T09:00:56.122+0900] {processor.py:914} INFO - Processing file /home/airflow/.local/lib/python3.12/site-packages/airflow/example_dags/example_xcomargs.py for tasks to queue
[2026-04-10T09:00:56.124+0900] {logging_mixin.py:190} INFO - [2026-04-10T09:00:56.124+0900] {dagbag.py:587} INFO - Filling up the DagBag from /home/airflow/.local/lib/python3.12/site-packages/airflow/example_dags/example_xcomargs.py
[2026-04-10T09:00:56.133+0900] {processor.py:925} INFO - DAG(s) 'example_xcom_args', 'example_xcom_args_with_operators' retrieved from /home/airflow/.local/lib/python3.12/site-packages/airflow/example_dags/example_xcomargs.py
[2026-04-10T09:00:56.150+0900] {logging_mixin.py:190} INFO - [2026-04-10T09:00:56.149+0900] {dag.py:3211} INFO - Sync 2 DAGs
[2026-04-10T09:00:56.159+0900] {logging_mixin.py:190} INFO - [2026-04-10T09:00:56.159+0900] {dag.py:4138} INFO - Setting next_dagrun for example_xcom_args to None, run_after=None
[2026-04-10T09:00:56.163+0900] {logging_mixin.py:190} INFO - [2026-04-10T09:00:56.162+0900] {dag.py:4138} INFO - Setting next_dagrun for example_xcom_args_with_operators to None, run_after=None
[2026-04-10T09:00:56.176+0900] {processor.py:208} INFO - Processing /home/airflow/.local/lib/python3.12/site-packages/airflow/example_dags/example_xcomargs.py took 0.060 seconds
[2026-04-10T09:01:26.263+0900] {processor.py:186} INFO - Started process (PID=145599) to work on /home/airflow/.local/lib/python3.12/site-packages/airflow/example_dags/example_xcomargs.py
[2026-04-10T09:01:26.264+0900] {processor.py:914} INFO - Processing file /home/airflow/.local/lib/python3.12/site-packages/airflow/example_dags/example_xcomargs.py for tasks to queue
[2026-04-10T09:01:26.266+0900] {logging_mixin.py:190} INFO - [2026-04-10T09:01:26.265+0900] {dagbag.py:587} INFO - Filling up the DagBag from /home/airflow/.local/lib/python3.12/site-packages/airflow/example_dags/example_xcomargs.py
[2026-04-10T09:01:26.274+0900] {processor.py:925} INFO - DAG(s) 'example_xcom_args', 'example_xcom_args_with_operators' retrieved from /home/airflow/.local/lib/python3.12/site-packages/airflow/example_dags/example_xcomargs.py
[2026-04-10T09:01:26.290+0900] {logging_mixin.py:190} INFO - [2026-04-10T09:01:26.290+0900] {dag.py:3211} INFO - Sync 2 DAGs
[2026-04-10T09:01:26.300+0900] {logging_mixin.py:190} INFO - [2026-04-10T09:01:26.300+0900] {dag.py:4138} INFO - Setting next_dagrun for example_xcom_args to None, run_after=None
[2026-04-10T09:01:26.303+0900] {logging_mixin.py:190} INFO - [2026-04-10T09:01:26.303+0900] {dag.py:4138} INFO - Setting next_dagrun for example_xcom_args_with_operators to None, run_after=None
[2026-04-10T09:01:26.316+0900] {processor.py:208} INFO - Processing /home/airflow/.local/lib/python3.12/site-packages/airflow/example_dags/example_xcomargs.py took 0.058 seconds
[2026-04-10T09:01:56.613+0900] {processor.py:186} INFO - Started process (PID=145662) to work on /home/airflow/.local/lib/python3.12/site-packages/airflow/example_dags/example_xcomargs.py
[2026-04-10T09:01:56.614+0900] {processor.py:914} INFO - Processing file /home/airflow/.local/lib/python3.12/site-packages/airflow/example_dags/example_xcomargs.py for tasks to queue
[2026-04-10T09:01:56.616+0900] {logging_mixin.py:190} INFO - [2026-04-10T09:01:56.616+0900] {dagbag.py:587} INFO - Filling up the DagBag from /home/airflow/.local/lib/python3.12/site-packages/airflow/example_dags/example_xcomargs.py
[2026-04-10T09:01:56.623+0900] {processor.py:925} INFO - DAG(s) 'example_xcom_args_with_operators', 'example_xcom_args' retrieved from /home/airflow/.local/lib/python3.12/site-packages/airflow/example_dags/example_xcomargs.py
[2026-04-10T09:01:56.640+0900] {logging_mixin.py:190} INFO - [2026-04-10T09:01:56.640+0900] {dag.py:3211} INFO - Sync 2 DAGs
[2026-04-10T09:01:56.650+0900] {logging_mixin.py:190} INFO - [2026-04-10T09:01:56.650+0900] {dag.py:4138} INFO - Setting next_dagrun for example_xcom_args to None, run_after=None
[2026-04-10T09:01:56.653+0900] {logging_mixin.py:190} INFO - [2026-04-10T09:01:56.653+0900] {dag.py:4138} INFO - Setting next_dagrun for example_xcom_args_with_operators to None, run_after=None
[2026-04-10T09:01:56.666+0900] {processor.py:208} INFO - Processing /home/airflow/.local/lib/python3.12/site-packages/airflow/example_dags/example_xcomargs.py took 0.058 seconds
[2026-04-10T09:02:26.861+0900] {processor.py:186} INFO - Started process (PID=145725) to work on /home/airflow/.local/lib/python3.12/site-packages/airflow/example_dags/example_xcomargs.py
[2026-04-10T09:02:26.863+0900] {processor.py:914} INFO - Processing file /home/airflow/.local/lib/python3.12/site-packages/airflow/example_dags/example_xcomargs.py for tasks to queue
[2026-04-10T09:02:26.865+0900] {logging_mixin.py:190} INFO - [2026-04-10T09:02:26.865+0900] {dagbag.py:587} INFO - Filling up the DagBag from /home/airflow/.local/lib/python3.12/site-packages/airflow/example_dags/example_xcomargs.py
[2026-04-10T09:02:26.874+0900] {processor.py:925} INFO - DAG(s) 'example_xcom_args', 'example_xcom_args_with_operators' retrieved from /home/airflow/.local/lib/python3.12/site-packages/airflow/example_dags/example_xcomargs.py
[2026-04-10T09:02:26.892+0900] {logging_mixin.py:190} INFO - [2026-04-10T09:02:26.892+0900] {dag.py:3211} INFO - Sync 2 DAGs
[2026-04-10T09:02:26.903+0900] {logging_mixin.py:190} INFO - [2026-04-10T09:02:26.902+0900] {dag.py:4138} INFO - Setting next_dagrun for example_xcom_args to None, run_after=None
[2026-04-10T09:02:26.906+0900] {logging_mixin.py:190} INFO - [2026-04-10T09:02:26.906+0900] {dag.py:4138} INFO - Setting next_dagrun for example_xcom_args_with_operators to None, run_after=None
[2026-04-10T09:02:26.920+0900] {processor.py:208} INFO - Processing /home/airflow/.local/lib/python3.12/site-packages/airflow/example_dags/example_xcomargs.py took 0.063 seconds
[2026-04-10T09:02:57.612+0900] {processor.py:186} INFO - Started process (PID=145788) to work on /home/airflow/.local/lib/python3.12/site-packages/airflow/example_dags/example_xcomargs.py
[2026-04-10T09:02:57.613+0900] {processor.py:914} INFO - Processing file /home/airflow/.local/lib/python3.12/site-packages/airflow/example_dags/example_xcomargs.py for tasks to queue
[2026-04-10T09:02:57.616+0900] {logging_mixin.py:190} INFO - [2026-04-10T09:02:57.616+0900] {dagbag.py:587} INFO - Filling up the DagBag from /home/airflow/.local/lib/python3.12/site-packages/airflow/example_dags/example_xcomargs.py
[2026-04-10T09:02:57.625+0900] {processor.py:925} INFO - DAG(s) 'example_xcom_args', 'example_xcom_args_with_operators' retrieved from /home/airflow/.local/lib/python3.12/site-packages/airflow/example_dags/example_xcomargs.py
[2026-04-10T09:02:57.648+0900] {logging_mixin.py:190} INFO - [2026-04-10T09:02:57.648+0900] {dag.py:3211} INFO - Sync 2 DAGs
[2026-04-10T09:02:57.661+0900] {logging_mixin.py:190} INFO - [2026-04-10T09:02:57.661+0900] {dag.py:4138} INFO - Setting next_dagrun for example_xcom_args to None, run_after=None
[2026-04-10T09:02:57.665+0900] {logging_mixin.py:190} INFO - [2026-04-10T09:02:57.665+0900] {dag.py:4138} INFO - Setting next_dagrun for example_xcom_args_with_operators to None, run_after=None
[2026-04-10T09:02:57.679+0900] {processor.py:208} INFO - Processing /home/airflow/.local/lib/python3.12/site-packages/airflow/example_dags/example_xcomargs.py took 0.074 seconds
[2026-04-10T09:03:28.473+0900] {processor.py:186} INFO - Started process (PID=145851) to work on /home/airflow/.local/lib/python3.12/site-packages/airflow/example_dags/example_xcomargs.py
[2026-04-10T09:03:28.474+0900] {processor.py:914} INFO - Processing file /home/airflow/.local/lib/python3.12/site-packages/airflow/example_dags/example_xcomargs.py for tasks to queue
[2026-04-10T09:03:28.477+0900] {logging_mixin.py:190} INFO - [2026-04-10T09:03:28.476+0900] {dagbag.py:587} INFO - Filling up the DagBag from /home/airflow/.local/lib/python3.12/site-packages/airflow/example_dags/example_xcomargs.py
[2026-04-10T09:03:28.486+0900] {processor.py:925} INFO - DAG(s) 'example_xcom_args', 'example_xcom_args_with_operators' retrieved from /home/airflow/.local/lib/python3.12/site-packages/airflow/example_dags/example_xcomargs.py
[2026-04-10T09:03:28.507+0900] {logging_mixin.py:190} INFO - [2026-04-10T09:03:28.507+0900] {dag.py:3211} INFO - Sync 2 DAGs
[2026-04-10T09:03:28.518+0900] {logging_mixin.py:190} INFO - [2026-04-10T09:03:28.517+0900] {dag.py:4138} INFO - Setting next_dagrun for example_xcom_args to None, run_after=None
[2026-04-10T09:03:28.520+0900] {logging_mixin.py:190} INFO - [2026-04-10T09:03:28.520+0900] {dag.py:4138} INFO - Setting next_dagrun for example_xcom_args_with_operators to None, run_after=None
[2026-04-10T09:03:28.535+0900] {processor.py:208} INFO - Processing /home/airflow/.local/lib/python3.12/site-packages/airflow/example_dags/example_xcomargs.py took 0.066 seconds
[2026-04-10T09:03:58.612+0900] {processor.py:186} INFO - Started process (PID=145914) to work on /home/airflow/.local/lib/python3.12/site-packages/airflow/example_dags/example_xcomargs.py
[2026-04-10T09:03:58.613+0900] {processor.py:914} INFO - Processing file /home/airflow/.local/lib/python3.12/site-packages/airflow/example_dags/example_xcomargs.py for tasks to queue
[2026-04-10T09:03:58.615+0900] {logging_mixin.py:190} INFO - [2026-04-10T09:03:58.615+0900] {dagbag.py:587} INFO - Filling up the DagBag from /home/airflow/.local/lib/python3.12/site-packages/airflow/example_dags/example_xcomargs.py
[2026-04-10T09:03:58.624+0900] {processor.py:925} INFO - DAG(s) 'example_xcom_args_with_operators', 'example_xcom_args' retrieved from /home/airflow/.local/lib/python3.12/site-packages/airflow/example_dags/example_xcomargs.py
[2026-04-10T09:03:58.648+0900] {logging_mixin.py:190} INFO - [2026-04-10T09:03:58.648+0900] {dag.py:3211} INFO - Sync 2 DAGs
[2026-04-10T09:03:58.660+0900] {logging_mixin.py:190} INFO - [2026-04-10T09:03:58.660+0900] {dag.py:4138} INFO - Setting next_dagrun for example_xcom_args to None, run_after=None
[2026-04-10T09:03:58.663+0900] {logging_mixin.py:190} INFO - [2026-04-10T09:03:58.662+0900] {dag.py:4138} INFO - Setting next_dagrun for example_xcom_args_with_operators to None, run_after=None
[2026-04-10T09:03:58.674+0900] {processor.py:208} INFO - Processing /home/airflow/.local/lib/python3.12/site-packages/airflow/example_dags/example_xcomargs.py took 0.067 seconds
[2026-04-10T09:04:29.049+0900] {processor.py:186} INFO - Started process (PID=145977) to work on /home/airflow/.local/lib/python3.12/site-packages/airflow/example_dags/example_xcomargs.py
[2026-04-10T09:04:29.050+0900] {processor.py:914} INFO - Processing file /home/airflow/.local/lib/python3.12/site-packages/airflow/example_dags/example_xcomargs.py for tasks to queue
[2026-04-10T09:04:29.052+0900] {logging_mixin.py:190} INFO - [2026-04-10T09:04:29.052+0900] {dagbag.py:587} INFO - Filling up the DagBag from /home/airflow/.local/lib/python3.12/site-packages/airflow/example_dags/example_xcomargs.py
[2026-04-10T09:04:29.061+0900] {processor.py:925} INFO - DAG(s) 'example_xcom_args_with_operators', 'example_xcom_args' retrieved from /home/airflow/.local/lib/python3.12/site-packages/airflow/example_dags/example_xcomargs.py
[2026-04-10T09:04:29.080+0900] {logging_mixin.py:190} INFO - [2026-04-10T09:04:29.080+0900] {dag.py:3211} INFO - Sync 2 DAGs
[2026-04-10T09:04:29.091+0900] {logging_mixin.py:190} INFO - [2026-04-10T09:04:29.091+0900] {dag.py:4138} INFO - Setting next_dagrun for example_xcom_args to None, run_after=None
[2026-04-10T09:04:29.094+0900] {logging_mixin.py:190} INFO - [2026-04-10T09:04:29.093+0900] {dag.py:4138} INFO - Setting next_dagrun for example_xcom_args_with_operators to None, run_after=None
[2026-04-10T09:04:29.107+0900] {processor.py:208} INFO - Processing /home/airflow/.local/lib/python3.12/site-packages/airflow/example_dags/example_xcomargs.py took 0.063 seconds
[2026-04-10T09:04:59.805+0900] {processor.py:186} INFO - Started process (PID=146040) to work on /home/airflow/.local/lib/python3.12/site-packages/airflow/example_dags/example_xcomargs.py
[2026-04-10T09:04:59.806+0900] {processor.py:914} INFO - Processing file /home/airflow/.local/lib/python3.12/site-packages/airflow/example_dags/example_xcomargs.py for tasks to queue
[2026-04-10T09:04:59.808+0900] {logging_mixin.py:190} INFO - [2026-04-10T09:04:59.808+0900] {dagbag.py:587} INFO - Filling up the DagBag from /home/airflow/.local/lib/python3.12/site-packages/airflow/example_dags/example_xcomargs.py
[2026-04-10T09:04:59.817+0900] {processor.py:925} INFO - DAG(s) 'example_xcom_args', 'example_xcom_args_with_operators' retrieved from /home/airflow/.local/lib/python3.12/site-packages/airflow/example_dags/example_xcomargs.py
[2026-04-10T09:04:59.840+0900] {logging_mixin.py:190} INFO - [2026-04-10T09:04:59.840+0900] {dag.py:3211} INFO - Sync 2 DAGs
[2026-04-10T09:04:59.853+0900] {logging_mixin.py:190} INFO - [2026-04-10T09:04:59.852+0900] {dag.py:4138} INFO - Setting next_dagrun for example_xcom_args to None, run_after=None
[2026-04-10T09:04:59.856+0900] {logging_mixin.py:190} INFO - [2026-04-10T09:04:59.856+0900] {dag.py:4138} INFO - Setting next_dagrun for example_xcom_args_with_operators to None, run_after=None
[2026-04-10T09:04:59.871+0900] {processor.py:208} INFO - Processing /home/airflow/.local/lib/python3.12/site-packages/airflow/example_dags/example_xcomargs.py took 0.072 seconds
[2026-04-10T09:05:30.045+0900] {processor.py:186} INFO - Started process (PID=146103) to work on /home/airflow/.local/lib/python3.12/site-packages/airflow/example_dags/example_xcomargs.py
[2026-04-10T09:05:30.046+0900] {processor.py:914} INFO - Processing file /home/airflow/.local/lib/python3.12/site-packages/airflow/example_dags/example_xcomargs.py for tasks to queue
[2026-04-10T09:05:30.048+0900] {logging_mixin.py:190} INFO - [2026-04-10T09:05:30.048+0900] {dagbag.py:587} INFO - Filling up the DagBag from /home/airflow/.local/lib/python3.12/site-packages/airflow/example_dags/example_xcomargs.py
[2026-04-10T09:05:30.057+0900] {processor.py:925} INFO - DAG(s) 'example_xcom_args', 'example_xcom_args_with_operators' retrieved from /home/airflow/.local/lib/python3.12/site-packages/airflow/example_dags/example_xcomargs.py
[2026-04-10T09:05:30.074+0900] {logging_mixin.py:190} INFO - [2026-04-10T09:05:30.074+0900] {dag.py:3211} INFO - Sync 2 DAGs
[2026-04-10T09:05:30.085+0900] {logging_mixin.py:190} INFO - [2026-04-10T09:05:30.084+0900] {dag.py:4138} INFO - Setting next_dagrun for example_xcom_args to None, run_after=None
[2026-04-10T09:05:30.088+0900] {logging_mixin.py:190} INFO - [2026-04-10T09:05:30.088+0900] {dag.py:4138} INFO - Setting next_dagrun for example_xcom_args_with_operators to None, run_after=None
[2026-04-10T09:05:30.102+0900] {processor.py:208} INFO - Processing /home/airflow/.local/lib/python3.12/site-packages/airflow/example_dags/example_xcomargs.py took 0.061 seconds
[2026-04-10T09:06:00.166+0900] {processor.py:186} INFO - Started process (PID=146166) to work on /home/airflow/.local/lib/python3.12/site-packages/airflow/example_dags/example_xcomargs.py
[2026-04-10T09:06:00.167+0900] {processor.py:914} INFO - Processing file /home/airflow/.local/lib/python3.12/site-packages/airflow/example_dags/example_xcomargs.py for tasks to queue
[2026-04-10T09:06:00.170+0900] {logging_mixin.py:190} INFO - [2026-04-10T09:06:00.169+0900] {dagbag.py:587} INFO - Filling up the DagBag from /home/airflow/.local/lib/python3.12/site-packages/airflow/example_dags/example_xcomargs.py
[2026-04-10T09:06:00.179+0900] {processor.py:925} INFO - DAG(s) 'example_xcom_args', 'example_xcom_args_with_operators' retrieved from /home/airflow/.local/lib/python3.12/site-packages/airflow/example_dags/example_xcomargs.py
[2026-04-10T09:06:00.200+0900] {logging_mixin.py:190} INFO - [2026-04-10T09:06:00.200+0900] {dag.py:3211} INFO - Sync 2 DAGs
[2026-04-10T09:06:00.214+0900] {logging_mixin.py:190} INFO - [2026-04-10T09:06:00.214+0900] {dag.py:4138} INFO - Setting next_dagrun for example_xcom_args to None, run_after=None
[2026-04-10T09:06:00.218+0900] {logging_mixin.py:190} INFO - [2026-04-10T09:06:00.218+0900] {dag.py:4138} INFO - Setting next_dagrun for example_xcom_args_with_operators to None, run_after=None
[2026-04-10T09:06:00.232+0900] {processor.py:208} INFO - Processing /home/airflow/.local/lib/python3.12/site-packages/airflow/example_dags/example_xcomargs.py took 0.072 seconds
[2026-04-10T09:06:30.461+0900] {processor.py:186} INFO - Started process (PID=146229) to work on /home/airflow/.local/lib/python3.12/site-packages/airflow/example_dags/example_xcomargs.py
[2026-04-10T09:06:30.462+0900] {processor.py:914} INFO - Processing file /home/airflow/.local/lib/python3.12/site-packages/airflow/example_dags/example_xcomargs.py for tasks to queue
[2026-04-10T09:06:30.464+0900] {logging_mixin.py:190} INFO - [2026-04-10T09:06:30.464+0900] {dagbag.py:587} INFO - Filling up the DagBag from /home/airflow/.local/lib/python3.12/site-packages/airflow/example_dags/example_xcomargs.py
[2026-04-10T09:06:30.472+0900] {processor.py:925} INFO - DAG(s) 'example_xcom_args_with_operators', 'example_xcom_args' retrieved from /home/airflow/.local/lib/python3.12/site-packages/airflow/example_dags/example_xcomargs.py
[2026-04-10T09:06:30.492+0900] {logging_mixin.py:190} INFO - [2026-04-10T09:06:30.491+0900] {dag.py:3211} INFO - Sync 2 DAGs
[2026-04-10T09:06:30.502+0900] {logging_mixin.py:190} INFO - [2026-04-10T09:06:30.502+0900] {dag.py:4138} INFO - Setting next_dagrun for example_xcom_args to None, run_after=None
[2026-04-10T09:06:30.505+0900] {logging_mixin.py:190} INFO - [2026-04-10T09:06:30.505+0900] {dag.py:4138} INFO - Setting next_dagrun for example_xcom_args_with_operators to None, run_after=None
[2026-04-10T09:06:30.518+0900] {processor.py:208} INFO - Processing /home/airflow/.local/lib/python3.12/site-packages/airflow/example_dags/example_xcomargs.py took 0.062 seconds
[2026-04-10T09:07:00.984+0900] {processor.py:186} INFO - Started process (PID=146292) to work on /home/airflow/.local/lib/python3.12/site-packages/airflow/example_dags/example_xcomargs.py
[2026-04-10T09:07:00.986+0900] {processor.py:914} INFO - Processing file /home/airflow/.local/lib/python3.12/site-packages/airflow/example_dags/example_xcomargs.py for tasks to queue
[2026-04-10T09:07:00.988+0900] {logging_mixin.py:190} INFO - [2026-04-10T09:07:00.988+0900] {dagbag.py:587} INFO - Filling up the DagBag from /home/airflow/.local/lib/python3.12/site-packages/airflow/example_dags/example_xcomargs.py
[2026-04-10T09:07:00.999+0900] {processor.py:925} INFO - DAG(s) 'example_xcom_args', 'example_xcom_args_with_operators' retrieved from /home/airflow/.local/lib/python3.12/site-packages/airflow/example_dags/example_xcomargs.py
[2026-04-10T09:07:01.021+0900] {logging_mixin.py:190} INFO - [2026-04-10T09:07:01.021+0900] {dag.py:3211} INFO - Sync 2 DAGs
[2026-04-10T09:07:01.033+0900] {logging_mixin.py:190} INFO - [2026-04-10T09:07:01.033+0900] {dag.py:4138} INFO - Setting next_dagrun for example_xcom_args to None, run_after=None
[2026-04-10T09:07:01.036+0900] {logging_mixin.py:190} INFO - [2026-04-10T09:07:01.036+0900] {dag.py:4138} INFO - Setting next_dagrun for example_xcom_args_with_operators to None, run_after=None
[2026-04-10T09:07:01.053+0900] {processor.py:208} INFO - Processing /home/airflow/.local/lib/python3.12/site-packages/airflow/example_dags/example_xcomargs.py took 0.074 seconds
[2026-04-10T09:07:31.405+0900] {processor.py:186} INFO - Started process (PID=146355) to work on /home/airflow/.local/lib/python3.12/site-packages/airflow/example_dags/example_xcomargs.py
[2026-04-10T09:07:31.407+0900] {processor.py:914} INFO - Processing file /home/airflow/.local/lib/python3.12/site-packages/airflow/example_dags/example_xcomargs.py for tasks to queue
[2026-04-10T09:07:31.409+0900] {logging_mixin.py:190} INFO - [2026-04-10T09:07:31.409+0900] {dagbag.py:587} INFO - Filling up the DagBag from /home/airflow/.local/lib/python3.12/site-packages/airflow/example_dags/example_xcomargs.py
[2026-04-10T09:07:31.417+0900] {processor.py:925} INFO - DAG(s) 'example_xcom_args_with_operators', 'example_xcom_args' retrieved from /home/airflow/.local/lib/python3.12/site-packages/airflow/example_dags/example_xcomargs.py
[2026-04-10T09:07:31.438+0900] {logging_mixin.py:190} INFO - [2026-04-10T09:07:31.438+0900] {dag.py:3211} INFO - Sync 2 DAGs
[2026-04-10T09:07:31.449+0900] {logging_mixin.py:190} INFO - [2026-04-10T09:07:31.449+0900] {dag.py:4138} INFO - Setting next_dagrun for example_xcom_args to None, run_after=None
[2026-04-10T09:07:31.453+0900] {logging_mixin.py:190} INFO - [2026-04-10T09:07:31.452+0900] {dag.py:4138} INFO - Setting next_dagrun for example_xcom_args_with_operators to None, run_after=None
[2026-04-10T09:07:31.468+0900] {processor.py:208} INFO - Processing /home/airflow/.local/lib/python3.12/site-packages/airflow/example_dags/example_xcomargs.py took 0.067 seconds
[2026-04-10T09:08:02.231+0900] {processor.py:186} INFO - Started process (PID=146424) to work on /home/airflow/.local/lib/python3.12/site-packages/airflow/example_dags/example_xcomargs.py
[2026-04-10T09:08:02.232+0900] {processor.py:914} INFO - Processing file /home/airflow/.local/lib/python3.12/site-packages/airflow/example_dags/example_xcomargs.py for tasks to queue
[2026-04-10T09:08:02.234+0900] {logging_mixin.py:190} INFO - [2026-04-10T09:08:02.234+0900] {dagbag.py:587} INFO - Filling up the DagBag from /home/airflow/.local/lib/python3.12/site-packages/airflow/example_dags/example_xcomargs.py
[2026-04-10T09:08:02.243+0900] {processor.py:925} INFO - DAG(s) 'example_xcom_args', 'example_xcom_args_with_operators' retrieved from /home/airflow/.local/lib/python3.12/site-packages/airflow/example_dags/example_xcomargs.py
[2026-04-10T09:08:02.268+0900] {logging_mixin.py:190} INFO - [2026-04-10T09:08:02.268+0900] {dag.py:3211} INFO - Sync 2 DAGs
[2026-04-10T09:08:02.283+0900] {logging_mixin.py:190} INFO - [2026-04-10T09:08:02.283+0900] {dag.py:4138} INFO - Setting next_dagrun for example_xcom_args to None, run_after=None
[2026-04-10T09:08:02.287+0900] {logging_mixin.py:190} INFO - [2026-04-10T09:08:02.286+0900] {dag.py:4138} INFO - Setting next_dagrun for example_xcom_args_with_operators to None, run_after=None
[2026-04-10T09:08:02.303+0900] {processor.py:208} INFO - Processing /home/airflow/.local/lib/python3.12/site-packages/airflow/example_dags/example_xcomargs.py took 0.077 seconds
[2026-04-10T09:08:32.744+0900] {processor.py:186} INFO - Started process (PID=146487) to work on /home/airflow/.local/lib/python3.12/site-packages/airflow/example_dags/example_xcomargs.py
[2026-04-10T09:08:32.745+0900] {processor.py:914} INFO - Processing file /home/airflow/.local/lib/python3.12/site-packages/airflow/example_dags/example_xcomargs.py for tasks to queue
[2026-04-10T09:08:32.747+0900] {logging_mixin.py:190} INFO - [2026-04-10T09:08:32.747+0900] {dagbag.py:587} INFO - Filling up the DagBag from /home/airflow/.local/lib/python3.12/site-packages/airflow/example_dags/example_xcomargs.py
[2026-04-10T09:08:32.755+0900] {processor.py:925} INFO - DAG(s) 'example_xcom_args_with_operators', 'example_xcom_args' retrieved from /home/airflow/.local/lib/python3.12/site-packages/airflow/example_dags/example_xcomargs.py
[2026-04-10T09:08:32.773+0900] {logging_mixin.py:190} INFO - [2026-04-10T09:08:32.773+0900] {dag.py:3211} INFO - Sync 2 DAGs
[2026-04-10T09:08:32.785+0900] {logging_mixin.py:190} INFO - [2026-04-10T09:08:32.784+0900] {dag.py:4138} INFO - Setting next_dagrun for example_xcom_args to None, run_after=None
[2026-04-10T09:08:32.788+0900] {logging_mixin.py:190} INFO - [2026-04-10T09:08:32.787+0900] {dag.py:4138} INFO - Setting next_dagrun for example_xcom_args_with_operators to None, run_after=None
[2026-04-10T09:08:32.804+0900] {processor.py:208} INFO - Processing /home/airflow/.local/lib/python3.12/site-packages/airflow/example_dags/example_xcomargs.py took 0.064 seconds
[2026-04-10T09:09:03.209+0900] {processor.py:186} INFO - Started process (PID=146550) to work on /home/airflow/.local/lib/python3.12/site-packages/airflow/example_dags/example_xcomargs.py
[2026-04-10T09:09:03.211+0900] {processor.py:914} INFO - Processing file /home/airflow/.local/lib/python3.12/site-packages/airflow/example_dags/example_xcomargs.py for tasks to queue
[2026-04-10T09:09:03.214+0900] {logging_mixin.py:190} INFO - [2026-04-10T09:09:03.214+0900] {dagbag.py:587} INFO - Filling up the DagBag from /home/airflow/.local/lib/python3.12/site-packages/airflow/example_dags/example_xcomargs.py
[2026-04-10T09:09:03.224+0900] {processor.py:925} INFO - DAG(s) 'example_xcom_args', 'example_xcom_args_with_operators' retrieved from /home/airflow/.local/lib/python3.12/site-packages/airflow/example_dags/example_xcomargs.py
[2026-04-10T09:09:03.243+0900] {logging_mixin.py:190} INFO - [2026-04-10T09:09:03.242+0900] {dag.py:3211} INFO - Sync 2 DAGs
[2026-04-10T09:09:03.253+0900] {logging_mixin.py:190} INFO - [2026-04-10T09:09:03.253+0900] {dag.py:4138} INFO - Setting next_dagrun for example_xcom_args to None, run_after=None
[2026-04-10T09:09:03.256+0900] {logging_mixin.py:190} INFO - [2026-04-10T09:09:03.256+0900] {dag.py:4138} INFO - Setting next_dagrun for example_xcom_args_with_operators to None, run_after=None
[2026-04-10T09:09:03.270+0900] {processor.py:208} INFO - Processing /home/airflow/.local/lib/python3.12/site-packages/airflow/example_dags/example_xcomargs.py took 0.067 seconds
[2026-04-10T09:09:33.901+0900] {processor.py:186} INFO - Started process (PID=146613) to work on /home/airflow/.local/lib/python3.12/site-packages/airflow/example_dags/example_xcomargs.py
[2026-04-10T09:09:33.902+0900] {processor.py:914} INFO - Processing file /home/airflow/.local/lib/python3.12/site-packages/airflow/example_dags/example_xcomargs.py for tasks to queue
[2026-04-10T09:09:33.904+0900] {logging_mixin.py:190} INFO - [2026-04-10T09:09:33.904+0900] {dagbag.py:587} INFO - Filling up the DagBag from /home/airflow/.local/lib/python3.12/site-packages/airflow/example_dags/example_xcomargs.py
[2026-04-10T09:09:33.915+0900] {processor.py:925} INFO - DAG(s) 'example_xcom_args', 'example_xcom_args_with_operators' retrieved from /home/airflow/.local/lib/python3.12/site-packages/airflow/example_dags/example_xcomargs.py
[2026-04-10T09:09:33.934+0900] {logging_mixin.py:190} INFO - [2026-04-10T09:09:33.934+0900] {dag.py:3211} INFO - Sync 2 DAGs
[2026-04-10T09:09:33.944+0900] {logging_mixin.py:190} INFO - [2026-04-10T09:09:33.944+0900] {dag.py:4138} INFO - Setting next_dagrun for example_xcom_args to None, run_after=None
[2026-04-10T09:09:33.947+0900] {logging_mixin.py:190} INFO - [2026-04-10T09:09:33.947+0900] {dag.py:4138} INFO - Setting next_dagrun for example_xcom_args_with_operators to None, run_after=None
[2026-04-10T09:09:33.960+0900] {processor.py:208} INFO - Processing /home/airflow/.local/lib/python3.12/site-packages/airflow/example_dags/example_xcomargs.py took 0.063 seconds
[2026-04-10T09:10:03.999+0900] {processor.py:186} INFO - Started process (PID=146676) to work on /home/airflow/.local/lib/python3.12/site-packages/airflow/example_dags/example_xcomargs.py
[2026-04-10T09:10:04.000+0900] {processor.py:914} INFO - Processing file /home/airflow/.local/lib/python3.12/site-packages/airflow/example_dags/example_xcomargs.py for tasks to queue
[2026-04-10T09:10:04.002+0900] {logging_mixin.py:190} INFO - [2026-04-10T09:10:04.001+0900] {dagbag.py:587} INFO - Filling up the DagBag from /home/airflow/.local/lib/python3.12/site-packages/airflow/example_dags/example_xcomargs.py
[2026-04-10T09:10:04.009+0900] {processor.py:925} INFO - DAG(s) 'example_xcom_args_with_operators', 'example_xcom_args' retrieved from /home/airflow/.local/lib/python3.12/site-packages/airflow/example_dags/example_xcomargs.py
[2026-04-10T09:10:04.025+0900] {logging_mixin.py:190} INFO - [2026-04-10T09:10:04.025+0900] {dag.py:3211} INFO - Sync 2 DAGs
[2026-04-10T09:10:04.151+0900] {logging_mixin.py:190} INFO - [2026-04-10T09:10:04.151+0900] {dag.py:4138} INFO - Setting next_dagrun for example_xcom_args to None, run_after=None
[2026-04-10T09:10:04.154+0900] {logging_mixin.py:190} INFO - [2026-04-10T09:10:04.153+0900] {dag.py:4138} INFO - Setting next_dagrun for example_xcom_args_with_operators to None, run_after=None
[2026-04-10T09:10:04.165+0900] {processor.py:208} INFO - Processing /home/airflow/.local/lib/python3.12/site-packages/airflow/example_dags/example_xcomargs.py took 0.171 seconds
[2026-04-10T09:10:34.262+0900] {processor.py:186} INFO - Started process (PID=146737) to work on /home/airflow/.local/lib/python3.12/site-packages/airflow/example_dags/example_xcomargs.py
[2026-04-10T09:10:34.263+0900] {processor.py:914} INFO - Processing file /home/airflow/.local/lib/python3.12/site-packages/airflow/example_dags/example_xcomargs.py for tasks to queue
[2026-04-10T09:10:34.265+0900] {logging_mixin.py:190} INFO - [2026-04-10T09:10:34.265+0900] {dagbag.py:587} INFO - Filling up the DagBag from /home/airflow/.local/lib/python3.12/site-packages/airflow/example_dags/example_xcomargs.py
[2026-04-10T09:10:34.273+0900] {processor.py:925} INFO - DAG(s) 'example_xcom_args_with_operators', 'example_xcom_args' retrieved from /home/airflow/.local/lib/python3.12/site-packages/airflow/example_dags/example_xcomargs.py
[2026-04-10T09:10:34.291+0900] {logging_mixin.py:190} INFO - [2026-04-10T09:10:34.291+0900] {dag.py:3211} INFO - Sync 2 DAGs
[2026-04-10T09:10:34.302+0900] {logging_mixin.py:190} INFO - [2026-04-10T09:10:34.302+0900] {dag.py:4138} INFO - Setting next_dagrun for example_xcom_args to None, run_after=None
[2026-04-10T09:10:34.305+0900] {logging_mixin.py:190} INFO - [2026-04-10T09:10:34.305+0900] {dag.py:4138} INFO - Setting next_dagrun for example_xcom_args_with_operators to None, run_after=None
[2026-04-10T09:10:34.466+0900] {processor.py:208} INFO - Processing /home/airflow/.local/lib/python3.12/site-packages/airflow/example_dags/example_xcomargs.py took 0.208 seconds
[2026-04-10T09:11:04.666+0900] {processor.py:186} INFO - Started process (PID=146800) to work on /home/airflow/.local/lib/python3.12/site-packages/airflow/example_dags/example_xcomargs.py
[2026-04-10T09:11:04.668+0900] {processor.py:914} INFO - Processing file /home/airflow/.local/lib/python3.12/site-packages/airflow/example_dags/example_xcomargs.py for tasks to queue
[2026-04-10T09:11:04.670+0900] {logging_mixin.py:190} INFO - [2026-04-10T09:11:04.669+0900] {dagbag.py:587} INFO - Filling up the DagBag from /home/airflow/.local/lib/python3.12/site-packages/airflow/example_dags/example_xcomargs.py
[2026-04-10T09:11:04.677+0900] {processor.py:925} INFO - DAG(s) 'example_xcom_args_with_operators', 'example_xcom_args' retrieved from /home/airflow/.local/lib/python3.12/site-packages/airflow/example_dags/example_xcomargs.py
[2026-04-10T09:11:04.693+0900] {logging_mixin.py:190} INFO - [2026-04-10T09:11:04.693+0900] {dag.py:3211} INFO - Sync 2 DAGs
[2026-04-10T09:11:04.703+0900] {logging_mixin.py:190} INFO - [2026-04-10T09:11:04.703+0900] {dag.py:4138} INFO - Setting next_dagrun for example_xcom_args to None, run_after=None
[2026-04-10T09:11:04.706+0900] {logging_mixin.py:190} INFO - [2026-04-10T09:11:04.706+0900] {dag.py:4138} INFO - Setting next_dagrun for example_xcom_args_with_operators to None, run_after=None
[2026-04-10T09:11:04.719+0900] {processor.py:208} INFO - Processing /home/airflow/.local/lib/python3.12/site-packages/airflow/example_dags/example_xcomargs.py took 0.057 seconds
[2026-04-10T09:11:34.928+0900] {processor.py:186} INFO - Started process (PID=146863) to work on /home/airflow/.local/lib/python3.12/site-packages/airflow/example_dags/example_xcomargs.py
[2026-04-10T09:11:34.930+0900] {processor.py:914} INFO - Processing file /home/airflow/.local/lib/python3.12/site-packages/airflow/example_dags/example_xcomargs.py for tasks to queue
[2026-04-10T09:11:34.932+0900] {logging_mixin.py:190} INFO - [2026-04-10T09:11:34.931+0900] {dagbag.py:587} INFO - Filling up the DagBag from /home/airflow/.local/lib/python3.12/site-packages/airflow/example_dags/example_xcomargs.py
[2026-04-10T09:11:34.942+0900] {processor.py:925} INFO - DAG(s) 'example_xcom_args_with_operators', 'example_xcom_args' retrieved from /home/airflow/.local/lib/python3.12/site-packages/airflow/example_dags/example_xcomargs.py
[2026-04-10T09:11:34.961+0900] {logging_mixin.py:190} INFO - [2026-04-10T09:11:34.961+0900] {dag.py:3211} INFO - Sync 2 DAGs
[2026-04-10T09:11:34.972+0900] {logging_mixin.py:190} INFO - [2026-04-10T09:11:34.972+0900] {dag.py:4138} INFO - Setting next_dagrun for example_xcom_args to None, run_after=None
[2026-04-10T09:11:34.975+0900] {logging_mixin.py:190} INFO - [2026-04-10T09:11:34.975+0900] {dag.py:4138} INFO - Setting next_dagrun for example_xcom_args_with_operators to None, run_after=None
[2026-04-10T09:11:34.987+0900] {processor.py:208} INFO - Processing /home/airflow/.local/lib/python3.12/site-packages/airflow/example_dags/example_xcomargs.py took 0.063 seconds
[2026-04-10T09:12:05.144+0900] {processor.py:186} INFO - Started process (PID=146926) to work on /home/airflow/.local/lib/python3.12/site-packages/airflow/example_dags/example_xcomargs.py
[2026-04-10T09:12:05.145+0900] {processor.py:914} INFO - Processing file /home/airflow/.local/lib/python3.12/site-packages/airflow/example_dags/example_xcomargs.py for tasks to queue
[2026-04-10T09:12:05.148+0900] {logging_mixin.py:190} INFO - [2026-04-10T09:12:05.147+0900] {dagbag.py:587} INFO - Filling up the DagBag from /home/airflow/.local/lib/python3.12/site-packages/airflow/example_dags/example_xcomargs.py
[2026-04-10T09:12:05.156+0900] {processor.py:925} INFO - DAG(s) 'example_xcom_args', 'example_xcom_args_with_operators' retrieved from /home/airflow/.local/lib/python3.12/site-packages/airflow/example_dags/example_xcomargs.py
[2026-04-10T09:12:05.172+0900] {logging_mixin.py:190} INFO - [2026-04-10T09:12:05.172+0900] {dag.py:3211} INFO - Sync 2 DAGs
[2026-04-10T09:12:05.182+0900] {logging_mixin.py:190} INFO - [2026-04-10T09:12:05.182+0900] {dag.py:4138} INFO - Setting next_dagrun for example_xcom_args to None, run_after=None
[2026-04-10T09:12:05.185+0900] {logging_mixin.py:190} INFO - [2026-04-10T09:12:05.185+0900] {dag.py:4138} INFO - Setting next_dagrun for example_xcom_args_with_operators to None, run_after=None
[2026-04-10T09:12:05.200+0900] {processor.py:208} INFO - Processing /home/airflow/.local/lib/python3.12/site-packages/airflow/example_dags/example_xcomargs.py took 0.060 seconds
[2026-04-10T09:12:35.268+0900] {processor.py:186} INFO - Started process (PID=146989) to work on /home/airflow/.local/lib/python3.12/site-packages/airflow/example_dags/example_xcomargs.py
[2026-04-10T09:12:35.269+0900] {processor.py:914} INFO - Processing file /home/airflow/.local/lib/python3.12/site-packages/airflow/example_dags/example_xcomargs.py for tasks to queue
[2026-04-10T09:12:35.271+0900] {logging_mixin.py:190} INFO - [2026-04-10T09:12:35.271+0900] {dagbag.py:587} INFO - Filling up the DagBag from /home/airflow/.local/lib/python3.12/site-packages/airflow/example_dags/example_xcomargs.py
[2026-04-10T09:12:35.279+0900] {processor.py:925} INFO - DAG(s) 'example_xcom_args', 'example_xcom_args_with_operators' retrieved from /home/airflow/.local/lib/python3.12/site-packages/airflow/example_dags/example_xcomargs.py
[2026-04-10T09:12:35.297+0900] {logging_mixin.py:190} INFO - [2026-04-10T09:12:35.297+0900] {dag.py:3211} INFO - Sync 2 DAGs
[2026-04-10T09:12:35.309+0900] {logging_mixin.py:190} INFO - [2026-04-10T09:12:35.309+0900] {dag.py:4138} INFO - Setting next_dagrun for example_xcom_args to None, run_after=None
[2026-04-10T09:12:35.312+0900] {logging_mixin.py:190} INFO - [2026-04-10T09:12:35.312+0900] {dag.py:4138} INFO - Setting next_dagrun for example_xcom_args_with_operators to None, run_after=None
[2026-04-10T09:12:35.325+0900] {processor.py:208} INFO - Processing /home/airflow/.local/lib/python3.12/site-packages/airflow/example_dags/example_xcomargs.py took 0.062 seconds
[2026-04-10T09:13:05.495+0900] {processor.py:186} INFO - Started process (PID=147052) to work on /home/airflow/.local/lib/python3.12/site-packages/airflow/example_dags/example_xcomargs.py
[2026-04-10T09:13:05.496+0900] {processor.py:914} INFO - Processing file /home/airflow/.local/lib/python3.12/site-packages/airflow/example_dags/example_xcomargs.py for tasks to queue
[2026-04-10T09:13:05.498+0900] {logging_mixin.py:190} INFO - [2026-04-10T09:13:05.498+0900] {dagbag.py:587} INFO - Filling up the DagBag from /home/airflow/.local/lib/python3.12/site-packages/airflow/example_dags/example_xcomargs.py
[2026-04-10T09:13:05.506+0900] {processor.py:925} INFO - DAG(s) 'example_xcom_args', 'example_xcom_args_with_operators' retrieved from /home/airflow/.local/lib/python3.12/site-packages/airflow/example_dags/example_xcomargs.py
[2026-04-10T09:13:05.524+0900] {logging_mixin.py:190} INFO - [2026-04-10T09:13:05.524+0900] {dag.py:3211} INFO - Sync 2 DAGs
[2026-04-10T09:13:05.534+0900] {logging_mixin.py:190} INFO - [2026-04-10T09:13:05.534+0900] {dag.py:4138} INFO - Setting next_dagrun for example_xcom_args to None, run_after=None
[2026-04-10T09:13:05.537+0900] {logging_mixin.py:190} INFO - [2026-04-10T09:13:05.537+0900] {dag.py:4138} INFO - Setting next_dagrun for example_xcom_args_with_operators to None, run_after=None
[2026-04-10T09:13:05.550+0900] {processor.py:208} INFO - Processing /home/airflow/.local/lib/python3.12/site-packages/airflow/example_dags/example_xcomargs.py took 0.060 seconds
[2026-04-10T09:13:36.101+0900] {processor.py:186} INFO - Started process (PID=147115) to work on /home/airflow/.local/lib/python3.12/site-packages/airflow/example_dags/example_xcomargs.py
[2026-04-10T09:13:36.102+0900] {processor.py:914} INFO - Processing file /home/airflow/.local/lib/python3.12/site-packages/airflow/example_dags/example_xcomargs.py for tasks to queue
[2026-04-10T09:13:36.104+0900] {logging_mixin.py:190} INFO - [2026-04-10T09:13:36.104+0900] {dagbag.py:587} INFO - Filling up the DagBag from /home/airflow/.local/lib/python3.12/site-packages/airflow/example_dags/example_xcomargs.py
[2026-04-10T09:13:36.113+0900] {processor.py:925} INFO - DAG(s) 'example_xcom_args_with_operators', 'example_xcom_args' retrieved from /home/airflow/.local/lib/python3.12/site-packages/airflow/example_dags/example_xcomargs.py
[2026-04-10T09:13:36.131+0900] {logging_mixin.py:190} INFO - [2026-04-10T09:13:36.130+0900] {dag.py:3211} INFO - Sync 2 DAGs
[2026-04-10T09:13:36.141+0900] {logging_mixin.py:190} INFO - [2026-04-10T09:13:36.140+0900] {dag.py:4138} INFO - Setting next_dagrun for example_xcom_args to None, run_after=None
[2026-04-10T09:13:36.144+0900] {logging_mixin.py:190} INFO - [2026-04-10T09:13:36.144+0900] {dag.py:4138} INFO - Setting next_dagrun for example_xcom_args_with_operators to None, run_after=None
[2026-04-10T09:13:36.156+0900] {processor.py:208} INFO - Processing /home/airflow/.local/lib/python3.12/site-packages/airflow/example_dags/example_xcomargs.py took 0.060 seconds
[2026-04-10T09:14:06.956+0900] {processor.py:186} INFO - Started process (PID=147178) to work on /home/airflow/.local/lib/python3.12/site-packages/airflow/example_dags/example_xcomargs.py
[2026-04-10T09:14:06.958+0900] {processor.py:914} INFO - Processing file /home/airflow/.local/lib/python3.12/site-packages/airflow/example_dags/example_xcomargs.py for tasks to queue
[2026-04-10T09:14:06.960+0900] {logging_mixin.py:190} INFO - [2026-04-10T09:14:06.960+0900] {dagbag.py:587} INFO - Filling up the DagBag from /home/airflow/.local/lib/python3.12/site-packages/airflow/example_dags/example_xcomargs.py
[2026-04-10T09:14:06.968+0900] {processor.py:925} INFO - DAG(s) 'example_xcom_args', 'example_xcom_args_with_operators' retrieved from /home/airflow/.local/lib/python3.12/site-packages/airflow/example_dags/example_xcomargs.py
[2026-04-10T09:14:06.985+0900] {logging_mixin.py:190} INFO - [2026-04-10T09:14:06.985+0900] {dag.py:3211} INFO - Sync 2 DAGs
[2026-04-10T09:14:06.996+0900] {logging_mixin.py:190} INFO - [2026-04-10T09:14:06.996+0900] {dag.py:4138} INFO - Setting next_dagrun for example_xcom_args to None, run_after=None
[2026-04-10T09:14:06.999+0900] {logging_mixin.py:190} INFO - [2026-04-10T09:14:06.999+0900] {dag.py:4138} INFO - Setting next_dagrun for example_xcom_args_with_operators to None, run_after=None
[2026-04-10T09:14:07.013+0900] {processor.py:208} INFO - Processing /home/airflow/.local/lib/python3.12/site-packages/airflow/example_dags/example_xcomargs.py took 0.062 seconds
[2026-04-10T09:14:37.497+0900] {processor.py:186} INFO - Started process (PID=147241) to work on /home/airflow/.local/lib/python3.12/site-packages/airflow/example_dags/example_xcomargs.py
[2026-04-10T09:14:37.498+0900] {processor.py:914} INFO - Processing file /home/airflow/.local/lib/python3.12/site-packages/airflow/example_dags/example_xcomargs.py for tasks to queue
[2026-04-10T09:14:37.500+0900] {logging_mixin.py:190} INFO - [2026-04-10T09:14:37.500+0900] {dagbag.py:587} INFO - Filling up the DagBag from /home/airflow/.local/lib/python3.12/site-packages/airflow/example_dags/example_xcomargs.py
[2026-04-10T09:14:37.508+0900] {processor.py:925} INFO - DAG(s) 'example_xcom_args', 'example_xcom_args_with_operators' retrieved from /home/airflow/.local/lib/python3.12/site-packages/airflow/example_dags/example_xcomargs.py
[2026-04-10T09:14:37.526+0900] {logging_mixin.py:190} INFO - [2026-04-10T09:14:37.526+0900] {dag.py:3211} INFO - Sync 2 DAGs
[2026-04-10T09:14:37.537+0900] {logging_mixin.py:190} INFO - [2026-04-10T09:14:37.537+0900] {dag.py:4138} INFO - Setting next_dagrun for example_xcom_args to None, run_after=None
[2026-04-10T09:14:37.541+0900] {logging_mixin.py:190} INFO - [2026-04-10T09:14:37.540+0900] {dag.py:4138} INFO - Setting next_dagrun for example_xcom_args_with_operators to None, run_after=None
[2026-04-10T09:14:37.556+0900] {processor.py:208} INFO - Processing /home/airflow/.local/lib/python3.12/site-packages/airflow/example_dags/example_xcomargs.py took 0.064 seconds
[2026-04-10T09:15:07.687+0900] {processor.py:186} INFO - Started process (PID=147305) to work on /home/airflow/.local/lib/python3.12/site-packages/airflow/example_dags/example_xcomargs.py
[2026-04-10T09:15:07.688+0900] {processor.py:914} INFO - Processing file /home/airflow/.local/lib/python3.12/site-packages/airflow/example_dags/example_xcomargs.py for tasks to queue
[2026-04-10T09:15:07.690+0900] {logging_mixin.py:190} INFO - [2026-04-10T09:15:07.690+0900] {dagbag.py:587} INFO - Filling up the DagBag from /home/airflow/.local/lib/python3.12/site-packages/airflow/example_dags/example_xcomargs.py
[2026-04-10T09:15:07.698+0900] {processor.py:925} INFO - DAG(s) 'example_xcom_args_with_operators', 'example_xcom_args' retrieved from /home/airflow/.local/lib/python3.12/site-packages/airflow/example_dags/example_xcomargs.py
[2026-04-10T09:15:07.717+0900] {logging_mixin.py:190} INFO - [2026-04-10T09:15:07.716+0900] {dag.py:3211} INFO - Sync 2 DAGs
[2026-04-10T09:15:07.728+0900] {logging_mixin.py:190} INFO - [2026-04-10T09:15:07.728+0900] {dag.py:4138} INFO - Setting next_dagrun for example_xcom_args to None, run_after=None
[2026-04-10T09:15:07.731+0900] {logging_mixin.py:190} INFO - [2026-04-10T09:15:07.731+0900] {dag.py:4138} INFO - Setting next_dagrun for example_xcom_args_with_operators to None, run_after=None
[2026-04-10T09:15:07.744+0900] {processor.py:208} INFO - Processing /home/airflow/.local/lib/python3.12/site-packages/airflow/example_dags/example_xcomargs.py took 0.062 seconds
[2026-04-10T09:15:38.541+0900] {processor.py:186} INFO - Started process (PID=147367) to work on /home/airflow/.local/lib/python3.12/site-packages/airflow/example_dags/example_xcomargs.py
[2026-04-10T09:15:38.542+0900] {processor.py:914} INFO - Processing file /home/airflow/.local/lib/python3.12/site-packages/airflow/example_dags/example_xcomargs.py for tasks to queue
[2026-04-10T09:15:38.544+0900] {logging_mixin.py:190} INFO - [2026-04-10T09:15:38.544+0900] {dagbag.py:587} INFO - Filling up the DagBag from /home/airflow/.local/lib/python3.12/site-packages/airflow/example_dags/example_xcomargs.py
[2026-04-10T09:15:38.552+0900] {processor.py:925} INFO - DAG(s) 'example_xcom_args', 'example_xcom_args_with_operators' retrieved from /home/airflow/.local/lib/python3.12/site-packages/airflow/example_dags/example_xcomargs.py
[2026-04-10T09:15:38.569+0900] {logging_mixin.py:190} INFO - [2026-04-10T09:15:38.568+0900] {dag.py:3211} INFO - Sync 2 DAGs
[2026-04-10T09:15:38.579+0900] {logging_mixin.py:190} INFO - [2026-04-10T09:15:38.579+0900] {dag.py:4138} INFO - Setting next_dagrun for example_xcom_args to None, run_after=None
[2026-04-10T09:15:38.582+0900] {logging_mixin.py:190} INFO - [2026-04-10T09:15:38.581+0900] {dag.py:4138} INFO - Setting next_dagrun for example_xcom_args_with_operators to None, run_after=None
[2026-04-10T09:15:38.593+0900] {processor.py:208} INFO - Processing /home/airflow/.local/lib/python3.12/site-packages/airflow/example_dags/example_xcomargs.py took 0.056 seconds
[2026-04-10T09:16:09.255+0900] {processor.py:186} INFO - Started process (PID=147430) to work on /home/airflow/.local/lib/python3.12/site-packages/airflow/example_dags/example_xcomargs.py
[2026-04-10T09:16:09.256+0900] {processor.py:914} INFO - Processing file /home/airflow/.local/lib/python3.12/site-packages/airflow/example_dags/example_xcomargs.py for tasks to queue
[2026-04-10T09:16:09.258+0900] {logging_mixin.py:190} INFO - [2026-04-10T09:16:09.257+0900] {dagbag.py:587} INFO - Filling up the DagBag from /home/airflow/.local/lib/python3.12/site-packages/airflow/example_dags/example_xcomargs.py
[2026-04-10T09:16:09.269+0900] {processor.py:925} INFO - DAG(s) 'example_xcom_args_with_operators', 'example_xcom_args' retrieved from /home/airflow/.local/lib/python3.12/site-packages/airflow/example_dags/example_xcomargs.py
[2026-04-10T09:16:09.288+0900] {logging_mixin.py:190} INFO - [2026-04-10T09:16:09.287+0900] {dag.py:3211} INFO - Sync 2 DAGs
[2026-04-10T09:16:09.299+0900] {logging_mixin.py:190} INFO - [2026-04-10T09:16:09.299+0900] {dag.py:4138} INFO - Setting next_dagrun for example_xcom_args to None, run_after=None
[2026-04-10T09:16:09.302+0900] {logging_mixin.py:190} INFO - [2026-04-10T09:16:09.302+0900] {dag.py:4138} INFO - Setting next_dagrun for example_xcom_args_with_operators to None, run_after=None
[2026-04-10T09:16:09.314+0900] {processor.py:208} INFO - Processing /home/airflow/.local/lib/python3.12/site-packages/airflow/example_dags/example_xcomargs.py took 0.064 seconds
[2026-04-10T09:16:40.036+0900] {processor.py:186} INFO - Started process (PID=147493) to work on /home/airflow/.local/lib/python3.12/site-packages/airflow/example_dags/example_xcomargs.py
[2026-04-10T09:16:40.037+0900] {processor.py:914} INFO - Processing file /home/airflow/.local/lib/python3.12/site-packages/airflow/example_dags/example_xcomargs.py for tasks to queue
[2026-04-10T09:16:40.039+0900] {logging_mixin.py:190} INFO - [2026-04-10T09:16:40.039+0900] {dagbag.py:587} INFO - Filling up the DagBag from /home/airflow/.local/lib/python3.12/site-packages/airflow/example_dags/example_xcomargs.py
[2026-04-10T09:16:40.048+0900] {processor.py:925} INFO - DAG(s) 'example_xcom_args', 'example_xcom_args_with_operators' retrieved from /home/airflow/.local/lib/python3.12/site-packages/airflow/example_dags/example_xcomargs.py
[2026-04-10T09:16:40.066+0900] {logging_mixin.py:190} INFO - [2026-04-10T09:16:40.066+0900] {dag.py:3211} INFO - Sync 2 DAGs
[2026-04-10T09:16:40.076+0900] {logging_mixin.py:190} INFO - [2026-04-10T09:16:40.076+0900] {dag.py:4138} INFO - Setting next_dagrun for example_xcom_args to None, run_after=None
[2026-04-10T09:16:40.079+0900] {logging_mixin.py:190} INFO - [2026-04-10T09:16:40.079+0900] {dag.py:4138} INFO - Setting next_dagrun for example_xcom_args_with_operators to None, run_after=None
[2026-04-10T09:16:40.092+0900] {processor.py:208} INFO - Processing /home/airflow/.local/lib/python3.12/site-packages/airflow/example_dags/example_xcomargs.py took 0.060 seconds
[2026-04-10T09:17:10.819+0900] {processor.py:186} INFO - Started process (PID=147556) to work on /home/airflow/.local/lib/python3.12/site-packages/airflow/example_dags/example_xcomargs.py
[2026-04-10T09:17:10.820+0900] {processor.py:914} INFO - Processing file /home/airflow/.local/lib/python3.12/site-packages/airflow/example_dags/example_xcomargs.py for tasks to queue
[2026-04-10T09:17:10.822+0900] {logging_mixin.py:190} INFO - [2026-04-10T09:17:10.822+0900] {dagbag.py:587} INFO - Filling up the DagBag from /home/airflow/.local/lib/python3.12/site-packages/airflow/example_dags/example_xcomargs.py
[2026-04-10T09:17:10.830+0900] {processor.py:925} INFO - DAG(s) 'example_xcom_args_with_operators', 'example_xcom_args' retrieved from /home/airflow/.local/lib/python3.12/site-packages/airflow/example_dags/example_xcomargs.py
[2026-04-10T09:17:10.850+0900] {logging_mixin.py:190} INFO - [2026-04-10T09:17:10.850+0900] {dag.py:3211} INFO - Sync 2 DAGs
[2026-04-10T09:17:10.862+0900] {logging_mixin.py:190} INFO - [2026-04-10T09:17:10.862+0900] {dag.py:4138} INFO - Setting next_dagrun for example_xcom_args to None, run_after=None
[2026-04-10T09:17:10.865+0900] {logging_mixin.py:190} INFO - [2026-04-10T09:17:10.865+0900] {dag.py:4138} INFO - Setting next_dagrun for example_xcom_args_with_operators to None, run_after=None
[2026-04-10T09:17:10.880+0900] {processor.py:208} INFO - Processing /home/airflow/.local/lib/python3.12/site-packages/airflow/example_dags/example_xcomargs.py took 0.066 seconds
[2026-04-10T09:17:41.449+0900] {processor.py:186} INFO - Started process (PID=147619) to work on /home/airflow/.local/lib/python3.12/site-packages/airflow/example_dags/example_xcomargs.py
[2026-04-10T09:17:41.450+0900] {processor.py:914} INFO - Processing file /home/airflow/.local/lib/python3.12/site-packages/airflow/example_dags/example_xcomargs.py for tasks to queue
[2026-04-10T09:17:41.453+0900] {logging_mixin.py:190} INFO - [2026-04-10T09:17:41.452+0900] {dagbag.py:587} INFO - Filling up the DagBag from /home/airflow/.local/lib/python3.12/site-packages/airflow/example_dags/example_xcomargs.py
[2026-04-10T09:17:41.464+0900] {processor.py:925} INFO - DAG(s) 'example_xcom_args_with_operators', 'example_xcom_args' retrieved from /home/airflow/.local/lib/python3.12/site-packages/airflow/example_dags/example_xcomargs.py
[2026-04-10T09:17:41.484+0900] {logging_mixin.py:190} INFO - [2026-04-10T09:17:41.484+0900] {dag.py:3211} INFO - Sync 2 DAGs
[2026-04-10T09:17:41.495+0900] {logging_mixin.py:190} INFO - [2026-04-10T09:17:41.495+0900] {dag.py:4138} INFO - Setting next_dagrun for example_xcom_args to None, run_after=None
[2026-04-10T09:17:41.499+0900] {logging_mixin.py:190} INFO - [2026-04-10T09:17:41.499+0900] {dag.py:4138} INFO - Setting next_dagrun for example_xcom_args_with_operators to None, run_after=None
[2026-04-10T09:17:41.514+0900] {processor.py:208} INFO - Processing /home/airflow/.local/lib/python3.12/site-packages/airflow/example_dags/example_xcomargs.py took 0.071 seconds
[2026-04-10T09:18:12.339+0900] {processor.py:186} INFO - Started process (PID=147682) to work on /home/airflow/.local/lib/python3.12/site-packages/airflow/example_dags/example_xcomargs.py
[2026-04-10T09:18:12.340+0900] {processor.py:914} INFO - Processing file /home/airflow/.local/lib/python3.12/site-packages/airflow/example_dags/example_xcomargs.py for tasks to queue
[2026-04-10T09:18:12.342+0900] {logging_mixin.py:190} INFO - [2026-04-10T09:18:12.342+0900] {dagbag.py:587} INFO - Filling up the DagBag from /home/airflow/.local/lib/python3.12/site-packages/airflow/example_dags/example_xcomargs.py
[2026-04-10T09:18:12.351+0900] {processor.py:925} INFO - DAG(s) 'example_xcom_args', 'example_xcom_args_with_operators' retrieved from /home/airflow/.local/lib/python3.12/site-packages/airflow/example_dags/example_xcomargs.py
[2026-04-10T09:18:12.371+0900] {logging_mixin.py:190} INFO - [2026-04-10T09:18:12.370+0900] {dag.py:3211} INFO - Sync 2 DAGs
[2026-04-10T09:18:12.384+0900] {logging_mixin.py:190} INFO - [2026-04-10T09:18:12.384+0900] {dag.py:4138} INFO - Setting next_dagrun for example_xcom_args to None, run_after=None
[2026-04-10T09:18:12.387+0900] {logging_mixin.py:190} INFO - [2026-04-10T09:18:12.387+0900] {dag.py:4138} INFO - Setting next_dagrun for example_xcom_args_with_operators to None, run_after=None
[2026-04-10T09:18:12.401+0900] {processor.py:208} INFO - Processing /home/airflow/.local/lib/python3.12/site-packages/airflow/example_dags/example_xcomargs.py took 0.067 seconds
[2026-04-10T09:18:43.030+0900] {processor.py:186} INFO - Started process (PID=147745) to work on /home/airflow/.local/lib/python3.12/site-packages/airflow/example_dags/example_xcomargs.py
[2026-04-10T09:18:43.031+0900] {processor.py:914} INFO - Processing file /home/airflow/.local/lib/python3.12/site-packages/airflow/example_dags/example_xcomargs.py for tasks to queue
[2026-04-10T09:18:43.034+0900] {logging_mixin.py:190} INFO - [2026-04-10T09:18:43.034+0900] {dagbag.py:587} INFO - Filling up the DagBag from /home/airflow/.local/lib/python3.12/site-packages/airflow/example_dags/example_xcomargs.py
[2026-04-10T09:18:43.042+0900] {processor.py:925} INFO - DAG(s) 'example_xcom_args_with_operators', 'example_xcom_args' retrieved from /home/airflow/.local/lib/python3.12/site-packages/airflow/example_dags/example_xcomargs.py
[2026-04-10T09:18:43.059+0900] {logging_mixin.py:190} INFO - [2026-04-10T09:18:43.059+0900] {dag.py:3211} INFO - Sync 2 DAGs
[2026-04-10T09:18:43.069+0900] {logging_mixin.py:190} INFO - [2026-04-10T09:18:43.069+0900] {dag.py:4138} INFO - Setting next_dagrun for example_xcom_args to None, run_after=None
[2026-04-10T09:18:43.072+0900] {logging_mixin.py:190} INFO - [2026-04-10T09:18:43.072+0900] {dag.py:4138} INFO - Setting next_dagrun for example_xcom_args_with_operators to None, run_after=None
[2026-04-10T09:18:43.086+0900] {processor.py:208} INFO - Processing /home/airflow/.local/lib/python3.12/site-packages/airflow/example_dags/example_xcomargs.py took 0.061 seconds
[2026-04-10T09:19:13.941+0900] {processor.py:186} INFO - Started process (PID=147808) to work on /home/airflow/.local/lib/python3.12/site-packages/airflow/example_dags/example_xcomargs.py
[2026-04-10T09:19:13.942+0900] {processor.py:914} INFO - Processing file /home/airflow/.local/lib/python3.12/site-packages/airflow/example_dags/example_xcomargs.py for tasks to queue
[2026-04-10T09:19:13.944+0900] {logging_mixin.py:190} INFO - [2026-04-10T09:19:13.944+0900] {dagbag.py:587} INFO - Filling up the DagBag from /home/airflow/.local/lib/python3.12/site-packages/airflow/example_dags/example_xcomargs.py
[2026-04-10T09:19:13.953+0900] {processor.py:925} INFO - DAG(s) 'example_xcom_args_with_operators', 'example_xcom_args' retrieved from /home/airflow/.local/lib/python3.12/site-packages/airflow/example_dags/example_xcomargs.py
[2026-04-10T09:19:13.971+0900] {logging_mixin.py:190} INFO - [2026-04-10T09:19:13.971+0900] {dag.py:3211} INFO - Sync 2 DAGs
[2026-04-10T09:19:13.981+0900] {logging_mixin.py:190} INFO - [2026-04-10T09:19:13.981+0900] {dag.py:4138} INFO - Setting next_dagrun for example_xcom_args to None, run_after=None
[2026-04-10T09:19:13.984+0900] {logging_mixin.py:190} INFO - [2026-04-10T09:19:13.984+0900] {dag.py:4138} INFO - Setting next_dagrun for example_xcom_args_with_operators to None, run_after=None
[2026-04-10T09:19:13.997+0900] {processor.py:208} INFO - Processing /home/airflow/.local/lib/python3.12/site-packages/airflow/example_dags/example_xcomargs.py took 0.060 seconds
[2026-04-10T09:19:44.052+0900] {processor.py:186} INFO - Started process (PID=147871) to work on /home/airflow/.local/lib/python3.12/site-packages/airflow/example_dags/example_xcomargs.py
[2026-04-10T09:19:44.053+0900] {processor.py:914} INFO - Processing file /home/airflow/.local/lib/python3.12/site-packages/airflow/example_dags/example_xcomargs.py for tasks to queue
[2026-04-10T09:19:44.055+0900] {logging_mixin.py:190} INFO - [2026-04-10T09:19:44.055+0900] {dagbag.py:587} INFO - Filling up the DagBag from /home/airflow/.local/lib/python3.12/site-packages/airflow/example_dags/example_xcomargs.py
[2026-04-10T09:19:44.065+0900] {processor.py:925} INFO - DAG(s) 'example_xcom_args_with_operators', 'example_xcom_args' retrieved from /home/airflow/.local/lib/python3.12/site-packages/airflow/example_dags/example_xcomargs.py
[2026-04-10T09:19:44.087+0900] {logging_mixin.py:190} INFO - [2026-04-10T09:19:44.087+0900] {dag.py:3211} INFO - Sync 2 DAGs
[2026-04-10T09:19:44.099+0900] {logging_mixin.py:190} INFO - [2026-04-10T09:19:44.099+0900] {dag.py:4138} INFO - Setting next_dagrun for example_xcom_args to None, run_after=None
[2026-04-10T09:19:44.103+0900] {logging_mixin.py:190} INFO - [2026-04-10T09:19:44.103+0900] {dag.py:4138} INFO - Setting next_dagrun for example_xcom_args_with_operators to None, run_after=None
[2026-04-10T09:19:44.116+0900] {processor.py:208} INFO - Processing /home/airflow/.local/lib/python3.12/site-packages/airflow/example_dags/example_xcomargs.py took 0.071 seconds
[2026-04-10T09:20:14.896+0900] {processor.py:186} INFO - Started process (PID=147934) to work on /home/airflow/.local/lib/python3.12/site-packages/airflow/example_dags/example_xcomargs.py
[2026-04-10T09:20:14.897+0900] {processor.py:914} INFO - Processing file /home/airflow/.local/lib/python3.12/site-packages/airflow/example_dags/example_xcomargs.py for tasks to queue
[2026-04-10T09:20:14.899+0900] {logging_mixin.py:190} INFO - [2026-04-10T09:20:14.899+0900] {dagbag.py:587} INFO - Filling up the DagBag from /home/airflow/.local/lib/python3.12/site-packages/airflow/example_dags/example_xcomargs.py
[2026-04-10T09:20:14.912+0900] {processor.py:925} INFO - DAG(s) 'example_xcom_args_with_operators', 'example_xcom_args' retrieved from /home/airflow/.local/lib/python3.12/site-packages/airflow/example_dags/example_xcomargs.py
[2026-04-10T09:20:14.933+0900] {logging_mixin.py:190} INFO - [2026-04-10T09:20:14.933+0900] {dag.py:3211} INFO - Sync 2 DAGs
[2026-04-10T09:20:14.946+0900] {logging_mixin.py:190} INFO - [2026-04-10T09:20:14.946+0900] {dag.py:4138} INFO - Setting next_dagrun for example_xcom_args to None, run_after=None
[2026-04-10T09:20:14.949+0900] {logging_mixin.py:190} INFO - [2026-04-10T09:20:14.949+0900] {dag.py:4138} INFO - Setting next_dagrun for example_xcom_args_with_operators to None, run_after=None
[2026-04-10T09:20:14.963+0900] {processor.py:208} INFO - Processing /home/airflow/.local/lib/python3.12/site-packages/airflow/example_dags/example_xcomargs.py took 0.071 seconds
[2026-04-10T09:20:45.568+0900] {processor.py:186} INFO - Started process (PID=147997) to work on /home/airflow/.local/lib/python3.12/site-packages/airflow/example_dags/example_xcomargs.py
[2026-04-10T09:20:45.569+0900] {processor.py:914} INFO - Processing file /home/airflow/.local/lib/python3.12/site-packages/airflow/example_dags/example_xcomargs.py for tasks to queue
[2026-04-10T09:20:45.571+0900] {logging_mixin.py:190} INFO - [2026-04-10T09:20:45.571+0900] {dagbag.py:587} INFO - Filling up the DagBag from /home/airflow/.local/lib/python3.12/site-packages/airflow/example_dags/example_xcomargs.py
[2026-04-10T09:20:45.579+0900] {processor.py:925} INFO - DAG(s) 'example_xcom_args', 'example_xcom_args_with_operators' retrieved from /home/airflow/.local/lib/python3.12/site-packages/airflow/example_dags/example_xcomargs.py
[2026-04-10T09:20:45.597+0900] {logging_mixin.py:190} INFO - [2026-04-10T09:20:45.597+0900] {dag.py:3211} INFO - Sync 2 DAGs
[2026-04-10T09:20:45.607+0900] {logging_mixin.py:190} INFO - [2026-04-10T09:20:45.606+0900] {dag.py:4138} INFO - Setting next_dagrun for example_xcom_args to None, run_after=None
[2026-04-10T09:20:45.609+0900] {logging_mixin.py:190} INFO - [2026-04-10T09:20:45.609+0900] {dag.py:4138} INFO - Setting next_dagrun for example_xcom_args_with_operators to None, run_after=None
[2026-04-10T09:20:45.624+0900] {processor.py:208} INFO - Processing /home/airflow/.local/lib/python3.12/site-packages/airflow/example_dags/example_xcomargs.py took 0.061 seconds
[2026-04-10T09:21:16.367+0900] {processor.py:186} INFO - Started process (PID=148060) to work on /home/airflow/.local/lib/python3.12/site-packages/airflow/example_dags/example_xcomargs.py
[2026-04-10T09:21:16.369+0900] {processor.py:914} INFO - Processing file /home/airflow/.local/lib/python3.12/site-packages/airflow/example_dags/example_xcomargs.py for tasks to queue
[2026-04-10T09:21:16.371+0900] {logging_mixin.py:190} INFO - [2026-04-10T09:21:16.370+0900] {dagbag.py:587} INFO - Filling up the DagBag from /home/airflow/.local/lib/python3.12/site-packages/airflow/example_dags/example_xcomargs.py
[2026-04-10T09:21:16.379+0900] {processor.py:925} INFO - DAG(s) 'example_xcom_args', 'example_xcom_args_with_operators' retrieved from /home/airflow/.local/lib/python3.12/site-packages/airflow/example_dags/example_xcomargs.py
[2026-04-10T09:21:16.399+0900] {logging_mixin.py:190} INFO - [2026-04-10T09:21:16.399+0900] {dag.py:3211} INFO - Sync 2 DAGs
[2026-04-10T09:21:16.412+0900] {logging_mixin.py:190} INFO - [2026-04-10T09:21:16.412+0900] {dag.py:4138} INFO - Setting next_dagrun for example_xcom_args to None, run_after=None
[2026-04-10T09:21:16.415+0900] {logging_mixin.py:190} INFO - [2026-04-10T09:21:16.415+0900] {dag.py:4138} INFO - Setting next_dagrun for example_xcom_args_with_operators to None, run_after=None
[2026-04-10T09:21:16.428+0900] {processor.py:208} INFO - Processing /home/airflow/.local/lib/python3.12/site-packages/airflow/example_dags/example_xcomargs.py took 0.065 seconds
[2026-04-10T09:21:47.197+0900] {processor.py:186} INFO - Started process (PID=148123) to work on /home/airflow/.local/lib/python3.12/site-packages/airflow/example_dags/example_xcomargs.py
[2026-04-10T09:21:47.198+0900] {processor.py:914} INFO - Processing file /home/airflow/.local/lib/python3.12/site-packages/airflow/example_dags/example_xcomargs.py for tasks to queue
[2026-04-10T09:21:47.200+0900] {logging_mixin.py:190} INFO - [2026-04-10T09:21:47.200+0900] {dagbag.py:587} INFO - Filling up the DagBag from /home/airflow/.local/lib/python3.12/site-packages/airflow/example_dags/example_xcomargs.py
[2026-04-10T09:21:47.208+0900] {processor.py:925} INFO - DAG(s) 'example_xcom_args', 'example_xcom_args_with_operators' retrieved from /home/airflow/.local/lib/python3.12/site-packages/airflow/example_dags/example_xcomargs.py
[2026-04-10T09:21:47.225+0900] {logging_mixin.py:190} INFO - [2026-04-10T09:21:47.224+0900] {dag.py:3211} INFO - Sync 2 DAGs
[2026-04-10T09:21:47.235+0900] {logging_mixin.py:190} INFO - [2026-04-10T09:21:47.235+0900] {dag.py:4138} INFO - Setting next_dagrun for example_xcom_args to None, run_after=None
[2026-04-10T09:21:47.239+0900] {logging_mixin.py:190} INFO - [2026-04-10T09:21:47.238+0900] {dag.py:4138} INFO - Setting next_dagrun for example_xcom_args_with_operators to None, run_after=None
[2026-04-10T09:21:47.253+0900] {processor.py:208} INFO - Processing /home/airflow/.local/lib/python3.12/site-packages/airflow/example_dags/example_xcomargs.py took 0.061 seconds
[2026-04-10T09:22:17.953+0900] {processor.py:186} INFO - Started process (PID=148186) to work on /home/airflow/.local/lib/python3.12/site-packages/airflow/example_dags/example_xcomargs.py
[2026-04-10T09:22:17.954+0900] {processor.py:914} INFO - Processing file /home/airflow/.local/lib/python3.12/site-packages/airflow/example_dags/example_xcomargs.py for tasks to queue
[2026-04-10T09:22:17.956+0900] {logging_mixin.py:190} INFO - [2026-04-10T09:22:17.956+0900] {dagbag.py:587} INFO - Filling up the DagBag from /home/airflow/.local/lib/python3.12/site-packages/airflow/example_dags/example_xcomargs.py
[2026-04-10T09:22:17.964+0900] {processor.py:925} INFO - DAG(s) 'example_xcom_args', 'example_xcom_args_with_operators' retrieved from /home/airflow/.local/lib/python3.12/site-packages/airflow/example_dags/example_xcomargs.py
[2026-04-10T09:22:17.983+0900] {logging_mixin.py:190} INFO - [2026-04-10T09:22:17.983+0900] {dag.py:3211} INFO - Sync 2 DAGs
[2026-04-10T09:22:17.995+0900] {logging_mixin.py:190} INFO - [2026-04-10T09:22:17.994+0900] {dag.py:4138} INFO - Setting next_dagrun for example_xcom_args to None, run_after=None
[2026-04-10T09:22:17.998+0900] {logging_mixin.py:190} INFO - [2026-04-10T09:22:17.998+0900] {dag.py:4138} INFO - Setting next_dagrun for example_xcom_args_with_operators to None, run_after=None
[2026-04-10T09:22:18.012+0900] {processor.py:208} INFO - Processing /home/airflow/.local/lib/python3.12/site-packages/airflow/example_dags/example_xcomargs.py took 0.064 seconds
[2026-04-10T09:22:48.834+0900] {processor.py:186} INFO - Started process (PID=148249) to work on /home/airflow/.local/lib/python3.12/site-packages/airflow/example_dags/example_xcomargs.py
[2026-04-10T09:22:48.836+0900] {processor.py:914} INFO - Processing file /home/airflow/.local/lib/python3.12/site-packages/airflow/example_dags/example_xcomargs.py for tasks to queue
[2026-04-10T09:22:48.838+0900] {logging_mixin.py:190} INFO - [2026-04-10T09:22:48.837+0900] {dagbag.py:587} INFO - Filling up the DagBag from /home/airflow/.local/lib/python3.12/site-packages/airflow/example_dags/example_xcomargs.py
[2026-04-10T09:22:48.846+0900] {processor.py:925} INFO - DAG(s) 'example_xcom_args', 'example_xcom_args_with_operators' retrieved from /home/airflow/.local/lib/python3.12/site-packages/airflow/example_dags/example_xcomargs.py
[2026-04-10T09:22:48.866+0900] {logging_mixin.py:190} INFO - [2026-04-10T09:22:48.865+0900] {dag.py:3211} INFO - Sync 2 DAGs
[2026-04-10T09:22:48.877+0900] {logging_mixin.py:190} INFO - [2026-04-10T09:22:48.877+0900] {dag.py:4138} INFO - Setting next_dagrun for example_xcom_args to None, run_after=None
[2026-04-10T09:22:48.880+0900] {logging_mixin.py:190} INFO - [2026-04-10T09:22:48.880+0900] {dag.py:4138} INFO - Setting next_dagrun for example_xcom_args_with_operators to None, run_after=None
[2026-04-10T09:22:48.898+0900] {processor.py:208} INFO - Processing /home/airflow/.local/lib/python3.12/site-packages/airflow/example_dags/example_xcomargs.py took 0.068 seconds
[2026-04-10T09:23:19.472+0900] {processor.py:186} INFO - Started process (PID=148312) to work on /home/airflow/.local/lib/python3.12/site-packages/airflow/example_dags/example_xcomargs.py
[2026-04-10T09:23:19.473+0900] {processor.py:914} INFO - Processing file /home/airflow/.local/lib/python3.12/site-packages/airflow/example_dags/example_xcomargs.py for tasks to queue
[2026-04-10T09:23:19.475+0900] {logging_mixin.py:190} INFO - [2026-04-10T09:23:19.475+0900] {dagbag.py:587} INFO - Filling up the DagBag from /home/airflow/.local/lib/python3.12/site-packages/airflow/example_dags/example_xcomargs.py
[2026-04-10T09:23:19.483+0900] {processor.py:925} INFO - DAG(s) 'example_xcom_args', 'example_xcom_args_with_operators' retrieved from /home/airflow/.local/lib/python3.12/site-packages/airflow/example_dags/example_xcomargs.py
[2026-04-10T09:23:19.500+0900] {logging_mixin.py:190} INFO - [2026-04-10T09:23:19.500+0900] {dag.py:3211} INFO - Sync 2 DAGs
[2026-04-10T09:23:19.513+0900] {logging_mixin.py:190} INFO - [2026-04-10T09:23:19.513+0900] {dag.py:4138} INFO - Setting next_dagrun for example_xcom_args to None, run_after=None
[2026-04-10T09:23:19.516+0900] {logging_mixin.py:190} INFO - [2026-04-10T09:23:19.516+0900] {dag.py:4138} INFO - Setting next_dagrun for example_xcom_args_with_operators to None, run_after=None
[2026-04-10T09:23:19.531+0900] {processor.py:208} INFO - Processing /home/airflow/.local/lib/python3.12/site-packages/airflow/example_dags/example_xcomargs.py took 0.064 seconds
[2026-04-10T09:23:50.157+0900] {processor.py:186} INFO - Started process (PID=148375) to work on /home/airflow/.local/lib/python3.12/site-packages/airflow/example_dags/example_xcomargs.py
[2026-04-10T09:23:50.158+0900] {processor.py:914} INFO - Processing file /home/airflow/.local/lib/python3.12/site-packages/airflow/example_dags/example_xcomargs.py for tasks to queue
[2026-04-10T09:23:50.160+0900] {logging_mixin.py:190} INFO - [2026-04-10T09:23:50.159+0900] {dagbag.py:587} INFO - Filling up the DagBag from /home/airflow/.local/lib/python3.12/site-packages/airflow/example_dags/example_xcomargs.py
[2026-04-10T09:23:50.167+0900] {processor.py:925} INFO - DAG(s) 'example_xcom_args', 'example_xcom_args_with_operators' retrieved from /home/airflow/.local/lib/python3.12/site-packages/airflow/example_dags/example_xcomargs.py
[2026-04-10T09:23:50.183+0900] {logging_mixin.py:190} INFO - [2026-04-10T09:23:50.183+0900] {dag.py:3211} INFO - Sync 2 DAGs
[2026-04-10T09:23:50.192+0900] {logging_mixin.py:190} INFO - [2026-04-10T09:23:50.192+0900] {dag.py:4138} INFO - Setting next_dagrun for example_xcom_args to None, run_after=None
[2026-04-10T09:23:50.195+0900] {logging_mixin.py:190} INFO - [2026-04-10T09:23:50.195+0900] {dag.py:4138} INFO - Setting next_dagrun for example_xcom_args_with_operators to None, run_after=None
[2026-04-10T09:23:50.208+0900] {processor.py:208} INFO - Processing /home/airflow/.local/lib/python3.12/site-packages/airflow/example_dags/example_xcomargs.py took 0.056 seconds
[2026-04-10T09:24:20.356+0900] {processor.py:186} INFO - Started process (PID=148438) to work on /home/airflow/.local/lib/python3.12/site-packages/airflow/example_dags/example_xcomargs.py
[2026-04-10T09:24:20.357+0900] {processor.py:914} INFO - Processing file /home/airflow/.local/lib/python3.12/site-packages/airflow/example_dags/example_xcomargs.py for tasks to queue
[2026-04-10T09:24:20.360+0900] {logging_mixin.py:190} INFO - [2026-04-10T09:24:20.360+0900] {dagbag.py:587} INFO - Filling up the DagBag from /home/airflow/.local/lib/python3.12/site-packages/airflow/example_dags/example_xcomargs.py
[2026-04-10T09:24:20.368+0900] {processor.py:925} INFO - DAG(s) 'example_xcom_args', 'example_xcom_args_with_operators' retrieved from /home/airflow/.local/lib/python3.12/site-packages/airflow/example_dags/example_xcomargs.py
[2026-04-10T09:24:20.385+0900] {logging_mixin.py:190} INFO - [2026-04-10T09:24:20.385+0900] {dag.py:3211} INFO - Sync 2 DAGs
[2026-04-10T09:24:20.397+0900] {logging_mixin.py:190} INFO - [2026-04-10T09:24:20.396+0900] {dag.py:4138} INFO - Setting next_dagrun for example_xcom_args to None, run_after=None
[2026-04-10T09:24:20.400+0900] {logging_mixin.py:190} INFO - [2026-04-10T09:24:20.399+0900] {dag.py:4138} INFO - Setting next_dagrun for example_xcom_args_with_operators to None, run_after=None
[2026-04-10T09:24:20.414+0900] {processor.py:208} INFO - Processing /home/airflow/.local/lib/python3.12/site-packages/airflow/example_dags/example_xcomargs.py took 0.062 seconds
[2026-04-10T09:24:50.550+0900] {processor.py:186} INFO - Started process (PID=148502) to work on /home/airflow/.local/lib/python3.12/site-packages/airflow/example_dags/example_xcomargs.py
[2026-04-10T09:24:50.551+0900] {processor.py:914} INFO - Processing file /home/airflow/.local/lib/python3.12/site-packages/airflow/example_dags/example_xcomargs.py for tasks to queue
[2026-04-10T09:24:50.554+0900] {logging_mixin.py:190} INFO - [2026-04-10T09:24:50.553+0900] {dagbag.py:587} INFO - Filling up the DagBag from /home/airflow/.local/lib/python3.12/site-packages/airflow/example_dags/example_xcomargs.py
[2026-04-10T09:24:50.562+0900] {processor.py:925} INFO - DAG(s) 'example_xcom_args', 'example_xcom_args_with_operators' retrieved from /home/airflow/.local/lib/python3.12/site-packages/airflow/example_dags/example_xcomargs.py
[2026-04-10T09:24:50.580+0900] {logging_mixin.py:190} INFO - [2026-04-10T09:24:50.580+0900] {dag.py:3211} INFO - Sync 2 DAGs
[2026-04-10T09:24:50.590+0900] {logging_mixin.py:190} INFO - [2026-04-10T09:24:50.590+0900] {dag.py:4138} INFO - Setting next_dagrun for example_xcom_args to None, run_after=None
[2026-04-10T09:24:50.593+0900] {logging_mixin.py:190} INFO - [2026-04-10T09:24:50.593+0900] {dag.py:4138} INFO - Setting next_dagrun for example_xcom_args_with_operators to None, run_after=None
[2026-04-10T09:24:50.606+0900] {processor.py:208} INFO - Processing /home/airflow/.local/lib/python3.12/site-packages/airflow/example_dags/example_xcomargs.py took 0.060 seconds
[2026-04-10T09:25:20.698+0900] {processor.py:186} INFO - Started process (PID=148564) to work on /home/airflow/.local/lib/python3.12/site-packages/airflow/example_dags/example_xcomargs.py
[2026-04-10T09:25:20.699+0900] {processor.py:914} INFO - Processing file /home/airflow/.local/lib/python3.12/site-packages/airflow/example_dags/example_xcomargs.py for tasks to queue
[2026-04-10T09:25:20.702+0900] {logging_mixin.py:190} INFO - [2026-04-10T09:25:20.702+0900] {dagbag.py:587} INFO - Filling up the DagBag from /home/airflow/.local/lib/python3.12/site-packages/airflow/example_dags/example_xcomargs.py
[2026-04-10T09:25:20.710+0900] {processor.py:925} INFO - DAG(s) 'example_xcom_args', 'example_xcom_args_with_operators' retrieved from /home/airflow/.local/lib/python3.12/site-packages/airflow/example_dags/example_xcomargs.py
[2026-04-10T09:25:20.727+0900] {logging_mixin.py:190} INFO - [2026-04-10T09:25:20.727+0900] {dag.py:3211} INFO - Sync 2 DAGs
[2026-04-10T09:25:20.738+0900] {logging_mixin.py:190} INFO - [2026-04-10T09:25:20.737+0900] {dag.py:4138} INFO - Setting next_dagrun for example_xcom_args to None, run_after=None
[2026-04-10T09:25:20.740+0900] {logging_mixin.py:190} INFO - [2026-04-10T09:25:20.740+0900] {dag.py:4138} INFO - Setting next_dagrun for example_xcom_args_with_operators to None, run_after=None
[2026-04-10T09:25:20.751+0900] {processor.py:208} INFO - Processing /home/airflow/.local/lib/python3.12/site-packages/airflow/example_dags/example_xcomargs.py took 0.058 seconds
[2026-04-10T09:25:51.070+0900] {processor.py:186} INFO - Started process (PID=148627) to work on /home/airflow/.local/lib/python3.12/site-packages/airflow/example_dags/example_xcomargs.py
[2026-04-10T09:25:51.071+0900] {processor.py:914} INFO - Processing file /home/airflow/.local/lib/python3.12/site-packages/airflow/example_dags/example_xcomargs.py for tasks to queue
[2026-04-10T09:25:51.074+0900] {logging_mixin.py:190} INFO - [2026-04-10T09:25:51.074+0900] {dagbag.py:587} INFO - Filling up the DagBag from /home/airflow/.local/lib/python3.12/site-packages/airflow/example_dags/example_xcomargs.py
[2026-04-10T09:25:51.085+0900] {processor.py:925} INFO - DAG(s) 'example_xcom_args_with_operators', 'example_xcom_args' retrieved from /home/airflow/.local/lib/python3.12/site-packages/airflow/example_dags/example_xcomargs.py
[2026-04-10T09:25:51.106+0900] {logging_mixin.py:190} INFO - [2026-04-10T09:25:51.106+0900] {dag.py:3211} INFO - Sync 2 DAGs
[2026-04-10T09:25:51.119+0900] {logging_mixin.py:190} INFO - [2026-04-10T09:25:51.119+0900] {dag.py:4138} INFO - Setting next_dagrun for example_xcom_args to None, run_after=None
[2026-04-10T09:25:51.122+0900] {logging_mixin.py:190} INFO - [2026-04-10T09:25:51.122+0900] {dag.py:4138} INFO - Setting next_dagrun for example_xcom_args_with_operators to None, run_after=None
[2026-04-10T09:25:51.136+0900] {processor.py:208} INFO - Processing /home/airflow/.local/lib/python3.12/site-packages/airflow/example_dags/example_xcomargs.py took 0.071 seconds
[2026-04-10T09:26:22.007+0900] {processor.py:186} INFO - Started process (PID=148690) to work on /home/airflow/.local/lib/python3.12/site-packages/airflow/example_dags/example_xcomargs.py
[2026-04-10T09:26:22.008+0900] {processor.py:914} INFO - Processing file /home/airflow/.local/lib/python3.12/site-packages/airflow/example_dags/example_xcomargs.py for tasks to queue
[2026-04-10T09:26:22.010+0900] {logging_mixin.py:190} INFO - [2026-04-10T09:26:22.010+0900] {dagbag.py:587} INFO - Filling up the DagBag from /home/airflow/.local/lib/python3.12/site-packages/airflow/example_dags/example_xcomargs.py
[2026-04-10T09:26:22.018+0900] {processor.py:925} INFO - DAG(s) 'example_xcom_args', 'example_xcom_args_with_operators' retrieved from /home/airflow/.local/lib/python3.12/site-packages/airflow/example_dags/example_xcomargs.py
[2026-04-10T09:26:22.035+0900] {logging_mixin.py:190} INFO - [2026-04-10T09:26:22.035+0900] {dag.py:3211} INFO - Sync 2 DAGs
[2026-04-10T09:26:22.046+0900] {logging_mixin.py:190} INFO - [2026-04-10T09:26:22.046+0900] {dag.py:4138} INFO - Setting next_dagrun for example_xcom_args to None, run_after=None
[2026-04-10T09:26:22.049+0900] {logging_mixin.py:190} INFO - [2026-04-10T09:26:22.049+0900] {dag.py:4138} INFO - Setting next_dagrun for example_xcom_args_with_operators to None, run_after=None
[2026-04-10T09:26:22.061+0900] {processor.py:208} INFO - Processing /home/airflow/.local/lib/python3.12/site-packages/airflow/example_dags/example_xcomargs.py took 0.059 seconds
[2026-04-10T09:26:52.627+0900] {processor.py:186} INFO - Started process (PID=148753) to work on /home/airflow/.local/lib/python3.12/site-packages/airflow/example_dags/example_xcomargs.py
[2026-04-10T09:26:52.628+0900] {processor.py:914} INFO - Processing file /home/airflow/.local/lib/python3.12/site-packages/airflow/example_dags/example_xcomargs.py for tasks to queue
[2026-04-10T09:26:52.630+0900] {logging_mixin.py:190} INFO - [2026-04-10T09:26:52.630+0900] {dagbag.py:587} INFO - Filling up the DagBag from /home/airflow/.local/lib/python3.12/site-packages/airflow/example_dags/example_xcomargs.py
[2026-04-10T09:26:52.638+0900] {processor.py:925} INFO - DAG(s) 'example_xcom_args_with_operators', 'example_xcom_args' retrieved from /home/airflow/.local/lib/python3.12/site-packages/airflow/example_dags/example_xcomargs.py
[2026-04-10T09:26:52.655+0900] {logging_mixin.py:190} INFO - [2026-04-10T09:26:52.655+0900] {dag.py:3211} INFO - Sync 2 DAGs
[2026-04-10T09:26:52.666+0900] {logging_mixin.py:190} INFO - [2026-04-10T09:26:52.666+0900] {dag.py:4138} INFO - Setting next_dagrun for example_xcom_args to None, run_after=None
[2026-04-10T09:26:52.669+0900] {logging_mixin.py:190} INFO - [2026-04-10T09:26:52.669+0900] {dag.py:4138} INFO - Setting next_dagrun for example_xcom_args_with_operators to None, run_after=None
[2026-04-10T09:26:52.681+0900] {processor.py:208} INFO - Processing /home/airflow/.local/lib/python3.12/site-packages/airflow/example_dags/example_xcomargs.py took 0.058 seconds
[2026-04-10T09:27:23.431+0900] {processor.py:186} INFO - Started process (PID=148816) to work on /home/airflow/.local/lib/python3.12/site-packages/airflow/example_dags/example_xcomargs.py
[2026-04-10T09:27:23.432+0900] {processor.py:914} INFO - Processing file /home/airflow/.local/lib/python3.12/site-packages/airflow/example_dags/example_xcomargs.py for tasks to queue
[2026-04-10T09:27:23.434+0900] {logging_mixin.py:190} INFO - [2026-04-10T09:27:23.434+0900] {dagbag.py:587} INFO - Filling up the DagBag from /home/airflow/.local/lib/python3.12/site-packages/airflow/example_dags/example_xcomargs.py
[2026-04-10T09:27:23.441+0900] {processor.py:925} INFO - DAG(s) 'example_xcom_args', 'example_xcom_args_with_operators' retrieved from /home/airflow/.local/lib/python3.12/site-packages/airflow/example_dags/example_xcomargs.py
[2026-04-10T09:27:23.458+0900] {logging_mixin.py:190} INFO - [2026-04-10T09:27:23.457+0900] {dag.py:3211} INFO - Sync 2 DAGs
[2026-04-10T09:27:23.467+0900] {logging_mixin.py:190} INFO - [2026-04-10T09:27:23.467+0900] {dag.py:4138} INFO - Setting next_dagrun for example_xcom_args to None, run_after=None
[2026-04-10T09:27:23.469+0900] {logging_mixin.py:190} INFO - [2026-04-10T09:27:23.469+0900] {dag.py:4138} INFO - Setting next_dagrun for example_xcom_args_with_operators to None, run_after=None
[2026-04-10T09:27:23.481+0900] {processor.py:208} INFO - Processing /home/airflow/.local/lib/python3.12/site-packages/airflow/example_dags/example_xcomargs.py took 0.055 seconds
[2026-04-10T09:27:54.094+0900] {processor.py:186} INFO - Started process (PID=148879) to work on /home/airflow/.local/lib/python3.12/site-packages/airflow/example_dags/example_xcomargs.py
[2026-04-10T09:27:54.095+0900] {processor.py:914} INFO - Processing file /home/airflow/.local/lib/python3.12/site-packages/airflow/example_dags/example_xcomargs.py for tasks to queue
[2026-04-10T09:27:54.097+0900] {logging_mixin.py:190} INFO - [2026-04-10T09:27:54.097+0900] {dagbag.py:587} INFO - Filling up the DagBag from /home/airflow/.local/lib/python3.12/site-packages/airflow/example_dags/example_xcomargs.py
[2026-04-10T09:27:54.105+0900] {processor.py:925} INFO - DAG(s) 'example_xcom_args', 'example_xcom_args_with_operators' retrieved from /home/airflow/.local/lib/python3.12/site-packages/airflow/example_dags/example_xcomargs.py
[2026-04-10T09:27:54.121+0900] {logging_mixin.py:190} INFO - [2026-04-10T09:27:54.121+0900] {dag.py:3211} INFO - Sync 2 DAGs
[2026-04-10T09:27:54.131+0900] {logging_mixin.py:190} INFO - [2026-04-10T09:27:54.131+0900] {dag.py:4138} INFO - Setting next_dagrun for example_xcom_args to None, run_after=None
[2026-04-10T09:27:54.134+0900] {logging_mixin.py:190} INFO - [2026-04-10T09:27:54.134+0900] {dag.py:4138} INFO - Setting next_dagrun for example_xcom_args_with_operators to None, run_after=None
[2026-04-10T09:27:54.146+0900] {processor.py:208} INFO - Processing /home/airflow/.local/lib/python3.12/site-packages/airflow/example_dags/example_xcomargs.py took 0.057 seconds
[2026-04-10T09:28:24.612+0900] {processor.py:186} INFO - Started process (PID=148942) to work on /home/airflow/.local/lib/python3.12/site-packages/airflow/example_dags/example_xcomargs.py
[2026-04-10T09:28:24.613+0900] {processor.py:914} INFO - Processing file /home/airflow/.local/lib/python3.12/site-packages/airflow/example_dags/example_xcomargs.py for tasks to queue
[2026-04-10T09:28:24.616+0900] {logging_mixin.py:190} INFO - [2026-04-10T09:28:24.615+0900] {dagbag.py:587} INFO - Filling up the DagBag from /home/airflow/.local/lib/python3.12/site-packages/airflow/example_dags/example_xcomargs.py
[2026-04-10T09:28:24.623+0900] {processor.py:925} INFO - DAG(s) 'example_xcom_args_with_operators', 'example_xcom_args' retrieved from /home/airflow/.local/lib/python3.12/site-packages/airflow/example_dags/example_xcomargs.py
[2026-04-10T09:28:24.643+0900] {logging_mixin.py:190} INFO - [2026-04-10T09:28:24.642+0900] {dag.py:3211} INFO - Sync 2 DAGs
[2026-04-10T09:28:24.655+0900] {logging_mixin.py:190} INFO - [2026-04-10T09:28:24.654+0900] {dag.py:4138} INFO - Setting next_dagrun for example_xcom_args to None, run_after=None
[2026-04-10T09:28:24.658+0900] {logging_mixin.py:190} INFO - [2026-04-10T09:28:24.658+0900] {dag.py:4138} INFO - Setting next_dagrun for example_xcom_args_with_operators to None, run_after=None
[2026-04-10T09:28:24.671+0900] {processor.py:208} INFO - Processing /home/airflow/.local/lib/python3.12/site-packages/airflow/example_dags/example_xcomargs.py took 0.063 seconds
[2026-04-10T09:28:55.280+0900] {processor.py:186} INFO - Started process (PID=149006) to work on /home/airflow/.local/lib/python3.12/site-packages/airflow/example_dags/example_xcomargs.py
[2026-04-10T09:28:55.282+0900] {processor.py:914} INFO - Processing file /home/airflow/.local/lib/python3.12/site-packages/airflow/example_dags/example_xcomargs.py for tasks to queue
[2026-04-10T09:28:55.285+0900] {logging_mixin.py:190} INFO - [2026-04-10T09:28:55.284+0900] {dagbag.py:587} INFO - Filling up the DagBag from /home/airflow/.local/lib/python3.12/site-packages/airflow/example_dags/example_xcomargs.py
[2026-04-10T09:28:55.293+0900] {processor.py:925} INFO - DAG(s) 'example_xcom_args_with_operators', 'example_xcom_args' retrieved from /home/airflow/.local/lib/python3.12/site-packages/airflow/example_dags/example_xcomargs.py
[2026-04-10T09:28:55.311+0900] {logging_mixin.py:190} INFO - [2026-04-10T09:28:55.311+0900] {dag.py:3211} INFO - Sync 2 DAGs
[2026-04-10T09:28:55.322+0900] {logging_mixin.py:190} INFO - [2026-04-10T09:28:55.321+0900] {dag.py:4138} INFO - Setting next_dagrun for example_xcom_args to None, run_after=None
[2026-04-10T09:28:55.325+0900] {logging_mixin.py:190} INFO - [2026-04-10T09:28:55.325+0900] {dag.py:4138} INFO - Setting next_dagrun for example_xcom_args_with_operators to None, run_after=None
[2026-04-10T09:28:55.338+0900] {processor.py:208} INFO - Processing /home/airflow/.local/lib/python3.12/site-packages/airflow/example_dags/example_xcomargs.py took 0.063 seconds
[2026-04-10T09:29:26.048+0900] {processor.py:186} INFO - Started process (PID=149069) to work on /home/airflow/.local/lib/python3.12/site-packages/airflow/example_dags/example_xcomargs.py
[2026-04-10T09:29:26.049+0900] {processor.py:914} INFO - Processing file /home/airflow/.local/lib/python3.12/site-packages/airflow/example_dags/example_xcomargs.py for tasks to queue
[2026-04-10T09:29:26.051+0900] {logging_mixin.py:190} INFO - [2026-04-10T09:29:26.051+0900] {dagbag.py:587} INFO - Filling up the DagBag from /home/airflow/.local/lib/python3.12/site-packages/airflow/example_dags/example_xcomargs.py
[2026-04-10T09:29:26.059+0900] {processor.py:925} INFO - DAG(s) 'example_xcom_args_with_operators', 'example_xcom_args' retrieved from /home/airflow/.local/lib/python3.12/site-packages/airflow/example_dags/example_xcomargs.py
[2026-04-10T09:29:26.078+0900] {logging_mixin.py:190} INFO - [2026-04-10T09:29:26.077+0900] {dag.py:3211} INFO - Sync 2 DAGs
[2026-04-10T09:29:26.088+0900] {logging_mixin.py:190} INFO - [2026-04-10T09:29:26.088+0900] {dag.py:4138} INFO - Setting next_dagrun for example_xcom_args to None, run_after=None
[2026-04-10T09:29:26.091+0900] {logging_mixin.py:190} INFO - [2026-04-10T09:29:26.091+0900] {dag.py:4138} INFO - Setting next_dagrun for example_xcom_args_with_operators to None, run_after=None
[2026-04-10T09:29:26.105+0900] {processor.py:208} INFO - Processing /home/airflow/.local/lib/python3.12/site-packages/airflow/example_dags/example_xcomargs.py took 0.062 seconds
[2026-04-10T09:29:56.836+0900] {processor.py:186} INFO - Started process (PID=149132) to work on /home/airflow/.local/lib/python3.12/site-packages/airflow/example_dags/example_xcomargs.py
[2026-04-10T09:29:56.837+0900] {processor.py:914} INFO - Processing file /home/airflow/.local/lib/python3.12/site-packages/airflow/example_dags/example_xcomargs.py for tasks to queue
[2026-04-10T09:29:56.839+0900] {logging_mixin.py:190} INFO - [2026-04-10T09:29:56.839+0900] {dagbag.py:587} INFO - Filling up the DagBag from /home/airflow/.local/lib/python3.12/site-packages/airflow/example_dags/example_xcomargs.py
[2026-04-10T09:29:56.849+0900] {processor.py:925} INFO - DAG(s) 'example_xcom_args_with_operators', 'example_xcom_args' retrieved from /home/airflow/.local/lib/python3.12/site-packages/airflow/example_dags/example_xcomargs.py
[2026-04-10T09:29:56.870+0900] {logging_mixin.py:190} INFO - [2026-04-10T09:29:56.869+0900] {dag.py:3211} INFO - Sync 2 DAGs
[2026-04-10T09:29:56.881+0900] {logging_mixin.py:190} INFO - [2026-04-10T09:29:56.881+0900] {dag.py:4138} INFO - Setting next_dagrun for example_xcom_args to None, run_after=None
[2026-04-10T09:29:56.884+0900] {logging_mixin.py:190} INFO - [2026-04-10T09:29:56.884+0900] {dag.py:4138} INFO - Setting next_dagrun for example_xcom_args_with_operators to None, run_after=None
[2026-04-10T09:29:56.896+0900] {processor.py:208} INFO - Processing /home/airflow/.local/lib/python3.12/site-packages/airflow/example_dags/example_xcomargs.py took 0.066 seconds
[2026-04-10T09:30:27.728+0900] {processor.py:186} INFO - Started process (PID=149194) to work on /home/airflow/.local/lib/python3.12/site-packages/airflow/example_dags/example_xcomargs.py
[2026-04-10T09:30:27.729+0900] {processor.py:914} INFO - Processing file /home/airflow/.local/lib/python3.12/site-packages/airflow/example_dags/example_xcomargs.py for tasks to queue
[2026-04-10T09:30:27.731+0900] {logging_mixin.py:190} INFO - [2026-04-10T09:30:27.731+0900] {dagbag.py:587} INFO - Filling up the DagBag from /home/airflow/.local/lib/python3.12/site-packages/airflow/example_dags/example_xcomargs.py
[2026-04-10T09:30:27.740+0900] {processor.py:925} INFO - DAG(s) 'example_xcom_args', 'example_xcom_args_with_operators' retrieved from /home/airflow/.local/lib/python3.12/site-packages/airflow/example_dags/example_xcomargs.py
[2026-04-10T09:30:27.758+0900] {logging_mixin.py:190} INFO - [2026-04-10T09:30:27.758+0900] {dag.py:3211} INFO - Sync 2 DAGs
[2026-04-10T09:30:27.769+0900] {logging_mixin.py:190} INFO - [2026-04-10T09:30:27.769+0900] {dag.py:4138} INFO - Setting next_dagrun for example_xcom_args to None, run_after=None
[2026-04-10T09:30:27.773+0900] {logging_mixin.py:190} INFO - [2026-04-10T09:30:27.772+0900] {dag.py:4138} INFO - Setting next_dagrun for example_xcom_args_with_operators to None, run_after=None
[2026-04-10T09:30:27.787+0900] {processor.py:208} INFO - Processing /home/airflow/.local/lib/python3.12/site-packages/airflow/example_dags/example_xcomargs.py took 0.063 seconds
[2026-04-10T09:30:58.420+0900] {processor.py:186} INFO - Started process (PID=149257) to work on /home/airflow/.local/lib/python3.12/site-packages/airflow/example_dags/example_xcomargs.py
[2026-04-10T09:30:58.421+0900] {processor.py:914} INFO - Processing file /home/airflow/.local/lib/python3.12/site-packages/airflow/example_dags/example_xcomargs.py for tasks to queue
[2026-04-10T09:30:58.424+0900] {logging_mixin.py:190} INFO - [2026-04-10T09:30:58.423+0900] {dagbag.py:587} INFO - Filling up the DagBag from /home/airflow/.local/lib/python3.12/site-packages/airflow/example_dags/example_xcomargs.py
[2026-04-10T09:30:58.432+0900] {processor.py:925} INFO - DAG(s) 'example_xcom_args', 'example_xcom_args_with_operators' retrieved from /home/airflow/.local/lib/python3.12/site-packages/airflow/example_dags/example_xcomargs.py
[2026-04-10T09:30:58.451+0900] {logging_mixin.py:190} INFO - [2026-04-10T09:30:58.451+0900] {dag.py:3211} INFO - Sync 2 DAGs
[2026-04-10T09:30:58.462+0900] {logging_mixin.py:190} INFO - [2026-04-10T09:30:58.462+0900] {dag.py:4138} INFO - Setting next_dagrun for example_xcom_args to None, run_after=None
[2026-04-10T09:30:58.465+0900] {logging_mixin.py:190} INFO - [2026-04-10T09:30:58.465+0900] {dag.py:4138} INFO - Setting next_dagrun for example_xcom_args_with_operators to None, run_after=None
[2026-04-10T09:30:58.481+0900] {processor.py:208} INFO - Processing /home/airflow/.local/lib/python3.12/site-packages/airflow/example_dags/example_xcomargs.py took 0.066 seconds
[2026-04-10T09:31:29.109+0900] {processor.py:186} INFO - Started process (PID=149320) to work on /home/airflow/.local/lib/python3.12/site-packages/airflow/example_dags/example_xcomargs.py
[2026-04-10T09:31:29.110+0900] {processor.py:914} INFO - Processing file /home/airflow/.local/lib/python3.12/site-packages/airflow/example_dags/example_xcomargs.py for tasks to queue
[2026-04-10T09:31:29.113+0900] {logging_mixin.py:190} INFO - [2026-04-10T09:31:29.112+0900] {dagbag.py:587} INFO - Filling up the DagBag from /home/airflow/.local/lib/python3.12/site-packages/airflow/example_dags/example_xcomargs.py
[2026-04-10T09:31:29.127+0900] {processor.py:925} INFO - DAG(s) 'example_xcom_args_with_operators', 'example_xcom_args' retrieved from /home/airflow/.local/lib/python3.12/site-packages/airflow/example_dags/example_xcomargs.py
[2026-04-10T09:31:29.153+0900] {logging_mixin.py:190} INFO - [2026-04-10T09:31:29.153+0900] {dag.py:3211} INFO - Sync 2 DAGs
[2026-04-10T09:31:29.166+0900] {logging_mixin.py:190} INFO - [2026-04-10T09:31:29.166+0900] {dag.py:4138} INFO - Setting next_dagrun for example_xcom_args to None, run_after=None
[2026-04-10T09:31:29.171+0900] {logging_mixin.py:190} INFO - [2026-04-10T09:31:29.170+0900] {dag.py:4138} INFO - Setting next_dagrun for example_xcom_args_with_operators to None, run_after=None
[2026-04-10T09:31:29.189+0900] {processor.py:208} INFO - Processing /home/airflow/.local/lib/python3.12/site-packages/airflow/example_dags/example_xcomargs.py took 0.084 seconds
[2026-04-10T09:31:59.917+0900] {processor.py:186} INFO - Started process (PID=149383) to work on /home/airflow/.local/lib/python3.12/site-packages/airflow/example_dags/example_xcomargs.py
[2026-04-10T09:31:59.918+0900] {processor.py:914} INFO - Processing file /home/airflow/.local/lib/python3.12/site-packages/airflow/example_dags/example_xcomargs.py for tasks to queue
[2026-04-10T09:31:59.920+0900] {logging_mixin.py:190} INFO - [2026-04-10T09:31:59.920+0900] {dagbag.py:587} INFO - Filling up the DagBag from /home/airflow/.local/lib/python3.12/site-packages/airflow/example_dags/example_xcomargs.py
[2026-04-10T09:31:59.928+0900] {processor.py:925} INFO - DAG(s) 'example_xcom_args_with_operators', 'example_xcom_args' retrieved from /home/airflow/.local/lib/python3.12/site-packages/airflow/example_dags/example_xcomargs.py
[2026-04-10T09:31:59.943+0900] {logging_mixin.py:190} INFO - [2026-04-10T09:31:59.943+0900] {dag.py:3211} INFO - Sync 2 DAGs
[2026-04-10T09:31:59.953+0900] {logging_mixin.py:190} INFO - [2026-04-10T09:31:59.953+0900] {dag.py:4138} INFO - Setting next_dagrun for example_xcom_args to None, run_after=None
[2026-04-10T09:31:59.955+0900] {logging_mixin.py:190} INFO - [2026-04-10T09:31:59.955+0900] {dag.py:4138} INFO - Setting next_dagrun for example_xcom_args_with_operators to None, run_after=None
[2026-04-10T09:31:59.967+0900] {processor.py:208} INFO - Processing /home/airflow/.local/lib/python3.12/site-packages/airflow/example_dags/example_xcomargs.py took 0.055 seconds
[2026-04-10T09:32:30.729+0900] {processor.py:186} INFO - Started process (PID=149446) to work on /home/airflow/.local/lib/python3.12/site-packages/airflow/example_dags/example_xcomargs.py
[2026-04-10T09:32:30.730+0900] {processor.py:914} INFO - Processing file /home/airflow/.local/lib/python3.12/site-packages/airflow/example_dags/example_xcomargs.py for tasks to queue
[2026-04-10T09:32:30.732+0900] {logging_mixin.py:190} INFO - [2026-04-10T09:32:30.732+0900] {dagbag.py:587} INFO - Filling up the DagBag from /home/airflow/.local/lib/python3.12/site-packages/airflow/example_dags/example_xcomargs.py
[2026-04-10T09:32:30.741+0900] {processor.py:925} INFO - DAG(s) 'example_xcom_args', 'example_xcom_args_with_operators' retrieved from /home/airflow/.local/lib/python3.12/site-packages/airflow/example_dags/example_xcomargs.py
[2026-04-10T09:32:30.759+0900] {logging_mixin.py:190} INFO - [2026-04-10T09:32:30.759+0900] {dag.py:3211} INFO - Sync 2 DAGs
[2026-04-10T09:32:30.770+0900] {logging_mixin.py:190} INFO - [2026-04-10T09:32:30.769+0900] {dag.py:4138} INFO - Setting next_dagrun for example_xcom_args to None, run_after=None
[2026-04-10T09:32:30.773+0900] {logging_mixin.py:190} INFO - [2026-04-10T09:32:30.772+0900] {dag.py:4138} INFO - Setting next_dagrun for example_xcom_args_with_operators to None, run_after=None
[2026-04-10T09:32:30.784+0900] {processor.py:208} INFO - Processing /home/airflow/.local/lib/python3.12/site-packages/airflow/example_dags/example_xcomargs.py took 0.061 seconds
[2026-04-10T09:33:01.258+0900] {processor.py:186} INFO - Started process (PID=149509) to work on /home/airflow/.local/lib/python3.12/site-packages/airflow/example_dags/example_xcomargs.py
[2026-04-10T09:33:01.259+0900] {processor.py:914} INFO - Processing file /home/airflow/.local/lib/python3.12/site-packages/airflow/example_dags/example_xcomargs.py for tasks to queue
[2026-04-10T09:33:01.262+0900] {logging_mixin.py:190} INFO - [2026-04-10T09:33:01.261+0900] {dagbag.py:587} INFO - Filling up the DagBag from /home/airflow/.local/lib/python3.12/site-packages/airflow/example_dags/example_xcomargs.py
[2026-04-10T09:33:01.269+0900] {processor.py:925} INFO - DAG(s) 'example_xcom_args', 'example_xcom_args_with_operators' retrieved from /home/airflow/.local/lib/python3.12/site-packages/airflow/example_dags/example_xcomargs.py
[2026-04-10T09:33:01.287+0900] {logging_mixin.py:190} INFO - [2026-04-10T09:33:01.286+0900] {dag.py:3211} INFO - Sync 2 DAGs
[2026-04-10T09:33:01.298+0900] {logging_mixin.py:190} INFO - [2026-04-10T09:33:01.298+0900] {dag.py:4138} INFO - Setting next_dagrun for example_xcom_args to None, run_after=None
[2026-04-10T09:33:01.301+0900] {logging_mixin.py:190} INFO - [2026-04-10T09:33:01.301+0900] {dag.py:4138} INFO - Setting next_dagrun for example_xcom_args_with_operators to None, run_after=None
[2026-04-10T09:33:01.312+0900] {processor.py:208} INFO - Processing /home/airflow/.local/lib/python3.12/site-packages/airflow/example_dags/example_xcomargs.py took 0.058 seconds
[2026-04-10T09:33:32.020+0900] {processor.py:186} INFO - Started process (PID=149572) to work on /home/airflow/.local/lib/python3.12/site-packages/airflow/example_dags/example_xcomargs.py
[2026-04-10T09:33:32.021+0900] {processor.py:914} INFO - Processing file /home/airflow/.local/lib/python3.12/site-packages/airflow/example_dags/example_xcomargs.py for tasks to queue
[2026-04-10T09:33:32.023+0900] {logging_mixin.py:190} INFO - [2026-04-10T09:33:32.023+0900] {dagbag.py:587} INFO - Filling up the DagBag from /home/airflow/.local/lib/python3.12/site-packages/airflow/example_dags/example_xcomargs.py
[2026-04-10T09:33:32.032+0900] {processor.py:925} INFO - DAG(s) 'example_xcom_args_with_operators', 'example_xcom_args' retrieved from /home/airflow/.local/lib/python3.12/site-packages/airflow/example_dags/example_xcomargs.py
[2026-04-10T09:33:32.052+0900] {logging_mixin.py:190} INFO - [2026-04-10T09:33:32.051+0900] {dag.py:3211} INFO - Sync 2 DAGs
[2026-04-10T09:33:32.063+0900] {logging_mixin.py:190} INFO - [2026-04-10T09:33:32.063+0900] {dag.py:4138} INFO - Setting next_dagrun for example_xcom_args to None, run_after=None
[2026-04-10T09:33:32.066+0900] {logging_mixin.py:190} INFO - [2026-04-10T09:33:32.066+0900] {dag.py:4138} INFO - Setting next_dagrun for example_xcom_args_with_operators to None, run_after=None
[2026-04-10T09:33:32.079+0900] {processor.py:208} INFO - Processing /home/airflow/.local/lib/python3.12/site-packages/airflow/example_dags/example_xcomargs.py took 0.065 seconds
[2026-04-10T09:34:02.829+0900] {processor.py:186} INFO - Started process (PID=149635) to work on /home/airflow/.local/lib/python3.12/site-packages/airflow/example_dags/example_xcomargs.py
[2026-04-10T09:34:02.830+0900] {processor.py:914} INFO - Processing file /home/airflow/.local/lib/python3.12/site-packages/airflow/example_dags/example_xcomargs.py for tasks to queue
[2026-04-10T09:34:02.832+0900] {logging_mixin.py:190} INFO - [2026-04-10T09:34:02.832+0900] {dagbag.py:587} INFO - Filling up the DagBag from /home/airflow/.local/lib/python3.12/site-packages/airflow/example_dags/example_xcomargs.py
[2026-04-10T09:34:02.845+0900] {processor.py:925} INFO - DAG(s) 'example_xcom_args_with_operators', 'example_xcom_args' retrieved from /home/airflow/.local/lib/python3.12/site-packages/airflow/example_dags/example_xcomargs.py
[2026-04-10T09:34:02.874+0900] {logging_mixin.py:190} INFO - [2026-04-10T09:34:02.874+0900] {dag.py:3211} INFO - Sync 2 DAGs
[2026-04-10T09:34:02.891+0900] {logging_mixin.py:190} INFO - [2026-04-10T09:34:02.890+0900] {dag.py:4138} INFO - Setting next_dagrun for example_xcom_args to None, run_after=None
[2026-04-10T09:34:02.896+0900] {logging_mixin.py:190} INFO - [2026-04-10T09:34:02.896+0900] {dag.py:4138} INFO - Setting next_dagrun for example_xcom_args_with_operators to None, run_after=None
[2026-04-10T09:34:02.915+0900] {processor.py:208} INFO - Processing /home/airflow/.local/lib/python3.12/site-packages/airflow/example_dags/example_xcomargs.py took 0.091 seconds
[2026-04-10T09:34:33.467+0900] {processor.py:186} INFO - Started process (PID=149698) to work on /home/airflow/.local/lib/python3.12/site-packages/airflow/example_dags/example_xcomargs.py
[2026-04-10T09:34:33.468+0900] {processor.py:914} INFO - Processing file /home/airflow/.local/lib/python3.12/site-packages/airflow/example_dags/example_xcomargs.py for tasks to queue
[2026-04-10T09:34:33.471+0900] {logging_mixin.py:190} INFO - [2026-04-10T09:34:33.470+0900] {dagbag.py:587} INFO - Filling up the DagBag from /home/airflow/.local/lib/python3.12/site-packages/airflow/example_dags/example_xcomargs.py
[2026-04-10T09:34:33.481+0900] {processor.py:925} INFO - DAG(s) 'example_xcom_args_with_operators', 'example_xcom_args' retrieved from /home/airflow/.local/lib/python3.12/site-packages/airflow/example_dags/example_xcomargs.py
[2026-04-10T09:34:33.500+0900] {logging_mixin.py:190} INFO - [2026-04-10T09:34:33.500+0900] {dag.py:3211} INFO - Sync 2 DAGs
[2026-04-10T09:34:33.511+0900] {logging_mixin.py:190} INFO - [2026-04-10T09:34:33.511+0900] {dag.py:4138} INFO - Setting next_dagrun for example_xcom_args to None, run_after=None
[2026-04-10T09:34:33.515+0900] {logging_mixin.py:190} INFO - [2026-04-10T09:34:33.514+0900] {dag.py:4138} INFO - Setting next_dagrun for example_xcom_args_with_operators to None, run_after=None
[2026-04-10T09:34:33.527+0900] {processor.py:208} INFO - Processing /home/airflow/.local/lib/python3.12/site-packages/airflow/example_dags/example_xcomargs.py took 0.066 seconds
[2026-04-10T09:35:04.404+0900] {processor.py:186} INFO - Started process (PID=149761) to work on /home/airflow/.local/lib/python3.12/site-packages/airflow/example_dags/example_xcomargs.py
[2026-04-10T09:35:04.405+0900] {processor.py:914} INFO - Processing file /home/airflow/.local/lib/python3.12/site-packages/airflow/example_dags/example_xcomargs.py for tasks to queue
[2026-04-10T09:35:04.407+0900] {logging_mixin.py:190} INFO - [2026-04-10T09:35:04.407+0900] {dagbag.py:587} INFO - Filling up the DagBag from /home/airflow/.local/lib/python3.12/site-packages/airflow/example_dags/example_xcomargs.py
[2026-04-10T09:35:04.416+0900] {processor.py:925} INFO - DAG(s) 'example_xcom_args_with_operators', 'example_xcom_args' retrieved from /home/airflow/.local/lib/python3.12/site-packages/airflow/example_dags/example_xcomargs.py
[2026-04-10T09:35:04.435+0900] {logging_mixin.py:190} INFO - [2026-04-10T09:35:04.435+0900] {dag.py:3211} INFO - Sync 2 DAGs
[2026-04-10T09:35:04.447+0900] {logging_mixin.py:190} INFO - [2026-04-10T09:35:04.447+0900] {dag.py:4138} INFO - Setting next_dagrun for example_xcom_args to None, run_after=None
[2026-04-10T09:35:04.451+0900] {logging_mixin.py:190} INFO - [2026-04-10T09:35:04.450+0900] {dag.py:4138} INFO - Setting next_dagrun for example_xcom_args_with_operators to None, run_after=None
[2026-04-10T09:35:04.465+0900] {processor.py:208} INFO - Processing /home/airflow/.local/lib/python3.12/site-packages/airflow/example_dags/example_xcomargs.py took 0.067 seconds
[2026-04-10T09:35:34.955+0900] {processor.py:186} INFO - Started process (PID=149824) to work on /home/airflow/.local/lib/python3.12/site-packages/airflow/example_dags/example_xcomargs.py
[2026-04-10T09:35:34.956+0900] {processor.py:914} INFO - Processing file /home/airflow/.local/lib/python3.12/site-packages/airflow/example_dags/example_xcomargs.py for tasks to queue
[2026-04-10T09:35:34.958+0900] {logging_mixin.py:190} INFO - [2026-04-10T09:35:34.958+0900] {dagbag.py:587} INFO - Filling up the DagBag from /home/airflow/.local/lib/python3.12/site-packages/airflow/example_dags/example_xcomargs.py
[2026-04-10T09:35:34.967+0900] {processor.py:925} INFO - DAG(s) 'example_xcom_args', 'example_xcom_args_with_operators' retrieved from /home/airflow/.local/lib/python3.12/site-packages/airflow/example_dags/example_xcomargs.py
[2026-04-10T09:35:34.986+0900] {logging_mixin.py:190} INFO - [2026-04-10T09:35:34.986+0900] {dag.py:3211} INFO - Sync 2 DAGs
[2026-04-10T09:35:34.996+0900] {logging_mixin.py:190} INFO - [2026-04-10T09:35:34.996+0900] {dag.py:4138} INFO - Setting next_dagrun for example_xcom_args to None, run_after=None
[2026-04-10T09:35:34.999+0900] {logging_mixin.py:190} INFO - [2026-04-10T09:35:34.999+0900] {dag.py:4138} INFO - Setting next_dagrun for example_xcom_args_with_operators to None, run_after=None
[2026-04-10T09:35:35.012+0900] {processor.py:208} INFO - Processing /home/airflow/.local/lib/python3.12/site-packages/airflow/example_dags/example_xcomargs.py took 0.062 seconds
[2026-04-10T09:36:05.691+0900] {processor.py:186} INFO - Started process (PID=149893) to work on /home/airflow/.local/lib/python3.12/site-packages/airflow/example_dags/example_xcomargs.py
[2026-04-10T09:36:05.692+0900] {processor.py:914} INFO - Processing file /home/airflow/.local/lib/python3.12/site-packages/airflow/example_dags/example_xcomargs.py for tasks to queue
[2026-04-10T09:36:05.694+0900] {logging_mixin.py:190} INFO - [2026-04-10T09:36:05.694+0900] {dagbag.py:587} INFO - Filling up the DagBag from /home/airflow/.local/lib/python3.12/site-packages/airflow/example_dags/example_xcomargs.py
[2026-04-10T09:36:05.702+0900] {processor.py:925} INFO - DAG(s) 'example_xcom_args_with_operators', 'example_xcom_args' retrieved from /home/airflow/.local/lib/python3.12/site-packages/airflow/example_dags/example_xcomargs.py
[2026-04-10T09:36:05.719+0900] {logging_mixin.py:190} INFO - [2026-04-10T09:36:05.719+0900] {dag.py:3211} INFO - Sync 2 DAGs
[2026-04-10T09:36:05.733+0900] {logging_mixin.py:190} INFO - [2026-04-10T09:36:05.732+0900] {dag.py:4138} INFO - Setting next_dagrun for example_xcom_args to None, run_after=None
[2026-04-10T09:36:05.736+0900] {logging_mixin.py:190} INFO - [2026-04-10T09:36:05.736+0900] {dag.py:4138} INFO - Setting next_dagrun for example_xcom_args_with_operators to None, run_after=None
[2026-04-10T09:36:05.752+0900] {processor.py:208} INFO - Processing /home/airflow/.local/lib/python3.12/site-packages/airflow/example_dags/example_xcomargs.py took 0.066 seconds
[2026-04-10T09:36:36.351+0900] {processor.py:186} INFO - Started process (PID=149956) to work on /home/airflow/.local/lib/python3.12/site-packages/airflow/example_dags/example_xcomargs.py
[2026-04-10T09:36:36.352+0900] {processor.py:914} INFO - Processing file /home/airflow/.local/lib/python3.12/site-packages/airflow/example_dags/example_xcomargs.py for tasks to queue
[2026-04-10T09:36:36.354+0900] {logging_mixin.py:190} INFO - [2026-04-10T09:36:36.354+0900] {dagbag.py:587} INFO - Filling up the DagBag from /home/airflow/.local/lib/python3.12/site-packages/airflow/example_dags/example_xcomargs.py
[2026-04-10T09:36:36.362+0900] {processor.py:925} INFO - DAG(s) 'example_xcom_args', 'example_xcom_args_with_operators' retrieved from /home/airflow/.local/lib/python3.12/site-packages/airflow/example_dags/example_xcomargs.py
[2026-04-10T09:36:36.380+0900] {logging_mixin.py:190} INFO - [2026-04-10T09:36:36.380+0900] {dag.py:3211} INFO - Sync 2 DAGs
[2026-04-10T09:36:36.392+0900] {logging_mixin.py:190} INFO - [2026-04-10T09:36:36.392+0900] {dag.py:4138} INFO - Setting next_dagrun for example_xcom_args to None, run_after=None
[2026-04-10T09:36:36.395+0900] {logging_mixin.py:190} INFO - [2026-04-10T09:36:36.395+0900] {dag.py:4138} INFO - Setting next_dagrun for example_xcom_args_with_operators to None, run_after=None
[2026-04-10T09:36:36.407+0900] {processor.py:208} INFO - Processing /home/airflow/.local/lib/python3.12/site-packages/airflow/example_dags/example_xcomargs.py took 0.061 seconds
[2026-04-10T09:37:06.973+0900] {processor.py:186} INFO - Started process (PID=150019) to work on /home/airflow/.local/lib/python3.12/site-packages/airflow/example_dags/example_xcomargs.py
[2026-04-10T09:37:06.975+0900] {processor.py:914} INFO - Processing file /home/airflow/.local/lib/python3.12/site-packages/airflow/example_dags/example_xcomargs.py for tasks to queue
[2026-04-10T09:37:06.977+0900] {logging_mixin.py:190} INFO - [2026-04-10T09:37:06.976+0900] {dagbag.py:587} INFO - Filling up the DagBag from /home/airflow/.local/lib/python3.12/site-packages/airflow/example_dags/example_xcomargs.py
[2026-04-10T09:37:06.985+0900] {processor.py:925} INFO - DAG(s) 'example_xcom_args_with_operators', 'example_xcom_args' retrieved from /home/airflow/.local/lib/python3.12/site-packages/airflow/example_dags/example_xcomargs.py
[2026-04-10T09:37:07.002+0900] {logging_mixin.py:190} INFO - [2026-04-10T09:37:07.002+0900] {dag.py:3211} INFO - Sync 2 DAGs
[2026-04-10T09:37:07.014+0900] {logging_mixin.py:190} INFO - [2026-04-10T09:37:07.014+0900] {dag.py:4138} INFO - Setting next_dagrun for example_xcom_args to None, run_after=None
[2026-04-10T09:37:07.018+0900] {logging_mixin.py:190} INFO - [2026-04-10T09:37:07.018+0900] {dag.py:4138} INFO - Setting next_dagrun for example_xcom_args_with_operators to None, run_after=None
[2026-04-10T09:37:07.031+0900] {processor.py:208} INFO - Processing /home/airflow/.local/lib/python3.12/site-packages/airflow/example_dags/example_xcomargs.py took 0.063 seconds
[2026-04-10T09:37:37.783+0900] {processor.py:186} INFO - Started process (PID=150082) to work on /home/airflow/.local/lib/python3.12/site-packages/airflow/example_dags/example_xcomargs.py
[2026-04-10T09:37:37.784+0900] {processor.py:914} INFO - Processing file /home/airflow/.local/lib/python3.12/site-packages/airflow/example_dags/example_xcomargs.py for tasks to queue
[2026-04-10T09:37:37.786+0900] {logging_mixin.py:190} INFO - [2026-04-10T09:37:37.786+0900] {dagbag.py:587} INFO - Filling up the DagBag from /home/airflow/.local/lib/python3.12/site-packages/airflow/example_dags/example_xcomargs.py
[2026-04-10T09:37:37.794+0900] {processor.py:925} INFO - DAG(s) 'example_xcom_args_with_operators', 'example_xcom_args' retrieved from /home/airflow/.local/lib/python3.12/site-packages/airflow/example_dags/example_xcomargs.py
[2026-04-10T09:37:37.812+0900] {logging_mixin.py:190} INFO - [2026-04-10T09:37:37.811+0900] {dag.py:3211} INFO - Sync 2 DAGs
[2026-04-10T09:37:37.823+0900] {logging_mixin.py:190} INFO - [2026-04-10T09:37:37.823+0900] {dag.py:4138} INFO - Setting next_dagrun for example_xcom_args to None, run_after=None
[2026-04-10T09:37:37.826+0900] {logging_mixin.py:190} INFO - [2026-04-10T09:37:37.826+0900] {dag.py:4138} INFO - Setting next_dagrun for example_xcom_args_with_operators to None, run_after=None
[2026-04-10T09:37:37.840+0900] {processor.py:208} INFO - Processing /home/airflow/.local/lib/python3.12/site-packages/airflow/example_dags/example_xcomargs.py took 0.062 seconds
[2026-04-10T09:38:08.502+0900] {processor.py:186} INFO - Started process (PID=150145) to work on /home/airflow/.local/lib/python3.12/site-packages/airflow/example_dags/example_xcomargs.py
[2026-04-10T09:38:08.503+0900] {processor.py:914} INFO - Processing file /home/airflow/.local/lib/python3.12/site-packages/airflow/example_dags/example_xcomargs.py for tasks to queue
[2026-04-10T09:38:08.505+0900] {logging_mixin.py:190} INFO - [2026-04-10T09:38:08.504+0900] {dagbag.py:587} INFO - Filling up the DagBag from /home/airflow/.local/lib/python3.12/site-packages/airflow/example_dags/example_xcomargs.py
[2026-04-10T09:38:08.513+0900] {processor.py:925} INFO - DAG(s) 'example_xcom_args', 'example_xcom_args_with_operators' retrieved from /home/airflow/.local/lib/python3.12/site-packages/airflow/example_dags/example_xcomargs.py
[2026-04-10T09:38:08.530+0900] {logging_mixin.py:190} INFO - [2026-04-10T09:38:08.530+0900] {dag.py:3211} INFO - Sync 2 DAGs
[2026-04-10T09:38:08.541+0900] {logging_mixin.py:190} INFO - [2026-04-10T09:38:08.540+0900] {dag.py:4138} INFO - Setting next_dagrun for example_xcom_args to None, run_after=None
[2026-04-10T09:38:08.544+0900] {logging_mixin.py:190} INFO - [2026-04-10T09:38:08.543+0900] {dag.py:4138} INFO - Setting next_dagrun for example_xcom_args_with_operators to None, run_after=None
[2026-04-10T09:38:08.556+0900] {processor.py:208} INFO - Processing /home/airflow/.local/lib/python3.12/site-packages/airflow/example_dags/example_xcomargs.py took 0.059 seconds
[2026-04-10T09:38:39.319+0900] {processor.py:186} INFO - Started process (PID=150208) to work on /home/airflow/.local/lib/python3.12/site-packages/airflow/example_dags/example_xcomargs.py
[2026-04-10T09:38:39.320+0900] {processor.py:914} INFO - Processing file /home/airflow/.local/lib/python3.12/site-packages/airflow/example_dags/example_xcomargs.py for tasks to queue
[2026-04-10T09:38:39.322+0900] {logging_mixin.py:190} INFO - [2026-04-10T09:38:39.322+0900] {dagbag.py:587} INFO - Filling up the DagBag from /home/airflow/.local/lib/python3.12/site-packages/airflow/example_dags/example_xcomargs.py
[2026-04-10T09:38:39.331+0900] {processor.py:925} INFO - DAG(s) 'example_xcom_args_with_operators', 'example_xcom_args' retrieved from /home/airflow/.local/lib/python3.12/site-packages/airflow/example_dags/example_xcomargs.py
[2026-04-10T09:38:39.349+0900] {logging_mixin.py:190} INFO - [2026-04-10T09:38:39.348+0900] {dag.py:3211} INFO - Sync 2 DAGs
[2026-04-10T09:38:39.360+0900] {logging_mixin.py:190} INFO - [2026-04-10T09:38:39.359+0900] {dag.py:4138} INFO - Setting next_dagrun for example_xcom_args to None, run_after=None
[2026-04-10T09:38:39.363+0900] {logging_mixin.py:190} INFO - [2026-04-10T09:38:39.362+0900] {dag.py:4138} INFO - Setting next_dagrun for example_xcom_args_with_operators to None, run_after=None
[2026-04-10T09:38:39.375+0900] {processor.py:208} INFO - Processing /home/airflow/.local/lib/python3.12/site-packages/airflow/example_dags/example_xcomargs.py took 0.060 seconds
[2026-04-10T09:39:10.219+0900] {processor.py:186} INFO - Started process (PID=150271) to work on /home/airflow/.local/lib/python3.12/site-packages/airflow/example_dags/example_xcomargs.py
[2026-04-10T09:39:10.220+0900] {processor.py:914} INFO - Processing file /home/airflow/.local/lib/python3.12/site-packages/airflow/example_dags/example_xcomargs.py for tasks to queue
[2026-04-10T09:39:10.222+0900] {logging_mixin.py:190} INFO - [2026-04-10T09:39:10.222+0900] {dagbag.py:587} INFO - Filling up the DagBag from /home/airflow/.local/lib/python3.12/site-packages/airflow/example_dags/example_xcomargs.py
[2026-04-10T09:39:10.230+0900] {processor.py:925} INFO - DAG(s) 'example_xcom_args_with_operators', 'example_xcom_args' retrieved from /home/airflow/.local/lib/python3.12/site-packages/airflow/example_dags/example_xcomargs.py
[2026-04-10T09:39:10.245+0900] {logging_mixin.py:190} INFO - [2026-04-10T09:39:10.245+0900] {dag.py:3211} INFO - Sync 2 DAGs
[2026-04-10T09:39:10.254+0900] {logging_mixin.py:190} INFO - [2026-04-10T09:39:10.254+0900] {dag.py:4138} INFO - Setting next_dagrun for example_xcom_args to None, run_after=None
[2026-04-10T09:39:10.256+0900] {logging_mixin.py:190} INFO - [2026-04-10T09:39:10.256+0900] {dag.py:4138} INFO - Setting next_dagrun for example_xcom_args_with_operators to None, run_after=None
[2026-04-10T09:39:10.269+0900] {processor.py:208} INFO - Processing /home/airflow/.local/lib/python3.12/site-packages/airflow/example_dags/example_xcomargs.py took 0.054 seconds
[2026-04-10T09:39:40.966+0900] {processor.py:186} INFO - Started process (PID=150334) to work on /home/airflow/.local/lib/python3.12/site-packages/airflow/example_dags/example_xcomargs.py
[2026-04-10T09:39:40.967+0900] {processor.py:914} INFO - Processing file /home/airflow/.local/lib/python3.12/site-packages/airflow/example_dags/example_xcomargs.py for tasks to queue
[2026-04-10T09:39:40.969+0900] {logging_mixin.py:190} INFO - [2026-04-10T09:39:40.969+0900] {dagbag.py:587} INFO - Filling up the DagBag from /home/airflow/.local/lib/python3.12/site-packages/airflow/example_dags/example_xcomargs.py
[2026-04-10T09:39:40.976+0900] {processor.py:925} INFO - DAG(s) 'example_xcom_args', 'example_xcom_args_with_operators' retrieved from /home/airflow/.local/lib/python3.12/site-packages/airflow/example_dags/example_xcomargs.py
[2026-04-10T09:39:40.994+0900] {logging_mixin.py:190} INFO - [2026-04-10T09:39:40.993+0900] {dag.py:3211} INFO - Sync 2 DAGs
[2026-04-10T09:39:41.004+0900] {logging_mixin.py:190} INFO - [2026-04-10T09:39:41.004+0900] {dag.py:4138} INFO - Setting next_dagrun for example_xcom_args to None, run_after=None
[2026-04-10T09:39:41.007+0900] {logging_mixin.py:190} INFO - [2026-04-10T09:39:41.007+0900] {dag.py:4138} INFO - Setting next_dagrun for example_xcom_args_with_operators to None, run_after=None
[2026-04-10T09:39:41.019+0900] {processor.py:208} INFO - Processing /home/airflow/.local/lib/python3.12/site-packages/airflow/example_dags/example_xcomargs.py took 0.058 seconds
[2026-04-10T09:40:11.547+0900] {processor.py:186} INFO - Started process (PID=150397) to work on /home/airflow/.local/lib/python3.12/site-packages/airflow/example_dags/example_xcomargs.py
[2026-04-10T09:40:11.548+0900] {processor.py:914} INFO - Processing file /home/airflow/.local/lib/python3.12/site-packages/airflow/example_dags/example_xcomargs.py for tasks to queue
[2026-04-10T09:40:11.550+0900] {logging_mixin.py:190} INFO - [2026-04-10T09:40:11.550+0900] {dagbag.py:587} INFO - Filling up the DagBag from /home/airflow/.local/lib/python3.12/site-packages/airflow/example_dags/example_xcomargs.py
[2026-04-10T09:40:11.559+0900] {processor.py:925} INFO - DAG(s) 'example_xcom_args', 'example_xcom_args_with_operators' retrieved from /home/airflow/.local/lib/python3.12/site-packages/airflow/example_dags/example_xcomargs.py
[2026-04-10T09:40:11.575+0900] {logging_mixin.py:190} INFO - [2026-04-10T09:40:11.575+0900] {dag.py:3211} INFO - Sync 2 DAGs
[2026-04-10T09:40:11.586+0900] {logging_mixin.py:190} INFO - [2026-04-10T09:40:11.586+0900] {dag.py:4138} INFO - Setting next_dagrun for example_xcom_args to None, run_after=None
[2026-04-10T09:40:11.588+0900] {logging_mixin.py:190} INFO - [2026-04-10T09:40:11.588+0900] {dag.py:4138} INFO - Setting next_dagrun for example_xcom_args_with_operators to None, run_after=None
[2026-04-10T09:40:11.600+0900] {processor.py:208} INFO - Processing /home/airflow/.local/lib/python3.12/site-packages/airflow/example_dags/example_xcomargs.py took 0.057 seconds
[2026-04-10T09:40:42.353+0900] {processor.py:186} INFO - Started process (PID=150460) to work on /home/airflow/.local/lib/python3.12/site-packages/airflow/example_dags/example_xcomargs.py
[2026-04-10T09:40:42.354+0900] {processor.py:914} INFO - Processing file /home/airflow/.local/lib/python3.12/site-packages/airflow/example_dags/example_xcomargs.py for tasks to queue
[2026-04-10T09:40:42.357+0900] {logging_mixin.py:190} INFO - [2026-04-10T09:40:42.356+0900] {dagbag.py:587} INFO - Filling up the DagBag from /home/airflow/.local/lib/python3.12/site-packages/airflow/example_dags/example_xcomargs.py
[2026-04-10T09:40:42.365+0900] {processor.py:925} INFO - DAG(s) 'example_xcom_args_with_operators', 'example_xcom_args' retrieved from /home/airflow/.local/lib/python3.12/site-packages/airflow/example_dags/example_xcomargs.py
[2026-04-10T09:40:42.383+0900] {logging_mixin.py:190} INFO - [2026-04-10T09:40:42.383+0900] {dag.py:3211} INFO - Sync 2 DAGs
[2026-04-10T09:40:42.393+0900] {logging_mixin.py:190} INFO - [2026-04-10T09:40:42.393+0900] {dag.py:4138} INFO - Setting next_dagrun for example_xcom_args to None, run_after=None
[2026-04-10T09:40:42.396+0900] {logging_mixin.py:190} INFO - [2026-04-10T09:40:42.396+0900] {dag.py:4138} INFO - Setting next_dagrun for example_xcom_args_with_operators to None, run_after=None
[2026-04-10T09:40:42.408+0900] {processor.py:208} INFO - Processing /home/airflow/.local/lib/python3.12/site-packages/airflow/example_dags/example_xcomargs.py took 0.061 seconds
[2026-04-10T09:41:12.924+0900] {processor.py:186} INFO - Started process (PID=150523) to work on /home/airflow/.local/lib/python3.12/site-packages/airflow/example_dags/example_xcomargs.py
[2026-04-10T09:41:12.926+0900] {processor.py:914} INFO - Processing file /home/airflow/.local/lib/python3.12/site-packages/airflow/example_dags/example_xcomargs.py for tasks to queue
[2026-04-10T09:41:12.928+0900] {logging_mixin.py:190} INFO - [2026-04-10T09:41:12.927+0900] {dagbag.py:587} INFO - Filling up the DagBag from /home/airflow/.local/lib/python3.12/site-packages/airflow/example_dags/example_xcomargs.py
[2026-04-10T09:41:12.936+0900] {processor.py:925} INFO - DAG(s) 'example_xcom_args', 'example_xcom_args_with_operators' retrieved from /home/airflow/.local/lib/python3.12/site-packages/airflow/example_dags/example_xcomargs.py
[2026-04-10T09:41:12.953+0900] {logging_mixin.py:190} INFO - [2026-04-10T09:41:12.953+0900] {dag.py:3211} INFO - Sync 2 DAGs
[2026-04-10T09:41:12.964+0900] {logging_mixin.py:190} INFO - [2026-04-10T09:41:12.963+0900] {dag.py:4138} INFO - Setting next_dagrun for example_xcom_args to None, run_after=None
[2026-04-10T09:41:12.967+0900] {logging_mixin.py:190} INFO - [2026-04-10T09:41:12.967+0900] {dag.py:4138} INFO - Setting next_dagrun for example_xcom_args_with_operators to None, run_after=None
[2026-04-10T09:41:12.978+0900] {processor.py:208} INFO - Processing /home/airflow/.local/lib/python3.12/site-packages/airflow/example_dags/example_xcomargs.py took 0.059 seconds
[2026-04-10T09:41:43.628+0900] {processor.py:186} INFO - Started process (PID=150586) to work on /home/airflow/.local/lib/python3.12/site-packages/airflow/example_dags/example_xcomargs.py
[2026-04-10T09:41:43.629+0900] {processor.py:914} INFO - Processing file /home/airflow/.local/lib/python3.12/site-packages/airflow/example_dags/example_xcomargs.py for tasks to queue
[2026-04-10T09:41:43.631+0900] {logging_mixin.py:190} INFO - [2026-04-10T09:41:43.631+0900] {dagbag.py:587} INFO - Filling up the DagBag from /home/airflow/.local/lib/python3.12/site-packages/airflow/example_dags/example_xcomargs.py
[2026-04-10T09:41:43.641+0900] {processor.py:925} INFO - DAG(s) 'example_xcom_args_with_operators', 'example_xcom_args' retrieved from /home/airflow/.local/lib/python3.12/site-packages/airflow/example_dags/example_xcomargs.py
[2026-04-10T09:41:43.660+0900] {logging_mixin.py:190} INFO - [2026-04-10T09:41:43.660+0900] {dag.py:3211} INFO - Sync 2 DAGs
[2026-04-10T09:41:43.671+0900] {logging_mixin.py:190} INFO - [2026-04-10T09:41:43.671+0900] {dag.py:4138} INFO - Setting next_dagrun for example_xcom_args to None, run_after=None
[2026-04-10T09:41:43.674+0900] {logging_mixin.py:190} INFO - [2026-04-10T09:41:43.674+0900] {dag.py:4138} INFO - Setting next_dagrun for example_xcom_args_with_operators to None, run_after=None
[2026-04-10T09:41:43.688+0900] {processor.py:208} INFO - Processing /home/airflow/.local/lib/python3.12/site-packages/airflow/example_dags/example_xcomargs.py took 0.065 seconds
[2026-04-10T09:42:14.339+0900] {processor.py:186} INFO - Started process (PID=150649) to work on /home/airflow/.local/lib/python3.12/site-packages/airflow/example_dags/example_xcomargs.py
[2026-04-10T09:42:14.340+0900] {processor.py:914} INFO - Processing file /home/airflow/.local/lib/python3.12/site-packages/airflow/example_dags/example_xcomargs.py for tasks to queue
[2026-04-10T09:42:14.342+0900] {logging_mixin.py:190} INFO - [2026-04-10T09:42:14.342+0900] {dagbag.py:587} INFO - Filling up the DagBag from /home/airflow/.local/lib/python3.12/site-packages/airflow/example_dags/example_xcomargs.py
[2026-04-10T09:42:14.350+0900] {processor.py:925} INFO - DAG(s) 'example_xcom_args_with_operators', 'example_xcom_args' retrieved from /home/airflow/.local/lib/python3.12/site-packages/airflow/example_dags/example_xcomargs.py
[2026-04-10T09:42:14.367+0900] {logging_mixin.py:190} INFO - [2026-04-10T09:42:14.367+0900] {dag.py:3211} INFO - Sync 2 DAGs
[2026-04-10T09:42:14.377+0900] {logging_mixin.py:190} INFO - [2026-04-10T09:42:14.377+0900] {dag.py:4138} INFO - Setting next_dagrun for example_xcom_args to None, run_after=None
[2026-04-10T09:42:14.380+0900] {logging_mixin.py:190} INFO - [2026-04-10T09:42:14.380+0900] {dag.py:4138} INFO - Setting next_dagrun for example_xcom_args_with_operators to None, run_after=None
[2026-04-10T09:42:14.393+0900] {processor.py:208} INFO - Processing /home/airflow/.local/lib/python3.12/site-packages/airflow/example_dags/example_xcomargs.py took 0.059 seconds
[2026-04-10T09:42:45.108+0900] {processor.py:186} INFO - Started process (PID=150712) to work on /home/airflow/.local/lib/python3.12/site-packages/airflow/example_dags/example_xcomargs.py
[2026-04-10T09:42:45.109+0900] {processor.py:914} INFO - Processing file /home/airflow/.local/lib/python3.12/site-packages/airflow/example_dags/example_xcomargs.py for tasks to queue
[2026-04-10T09:42:45.111+0900] {logging_mixin.py:190} INFO - [2026-04-10T09:42:45.111+0900] {dagbag.py:587} INFO - Filling up the DagBag from /home/airflow/.local/lib/python3.12/site-packages/airflow/example_dags/example_xcomargs.py
[2026-04-10T09:42:45.119+0900] {processor.py:925} INFO - DAG(s) 'example_xcom_args', 'example_xcom_args_with_operators' retrieved from /home/airflow/.local/lib/python3.12/site-packages/airflow/example_dags/example_xcomargs.py
[2026-04-10T09:42:45.137+0900] {logging_mixin.py:190} INFO - [2026-04-10T09:42:45.136+0900] {dag.py:3211} INFO - Sync 2 DAGs
[2026-04-10T09:42:45.147+0900] {logging_mixin.py:190} INFO - [2026-04-10T09:42:45.147+0900] {dag.py:4138} INFO - Setting next_dagrun for example_xcom_args to None, run_after=None
[2026-04-10T09:42:45.150+0900] {logging_mixin.py:190} INFO - [2026-04-10T09:42:45.150+0900] {dag.py:4138} INFO - Setting next_dagrun for example_xcom_args_with_operators to None, run_after=None
[2026-04-10T09:42:45.162+0900] {processor.py:208} INFO - Processing /home/airflow/.local/lib/python3.12/site-packages/airflow/example_dags/example_xcomargs.py took 0.059 seconds
[2026-04-10T09:43:15.304+0900] {processor.py:186} INFO - Started process (PID=150775) to work on /home/airflow/.local/lib/python3.12/site-packages/airflow/example_dags/example_xcomargs.py
[2026-04-10T09:43:15.305+0900] {processor.py:914} INFO - Processing file /home/airflow/.local/lib/python3.12/site-packages/airflow/example_dags/example_xcomargs.py for tasks to queue
[2026-04-10T09:43:15.307+0900] {logging_mixin.py:190} INFO - [2026-04-10T09:43:15.307+0900] {dagbag.py:587} INFO - Filling up the DagBag from /home/airflow/.local/lib/python3.12/site-packages/airflow/example_dags/example_xcomargs.py
[2026-04-10T09:43:15.316+0900] {processor.py:925} INFO - DAG(s) 'example_xcom_args_with_operators', 'example_xcom_args' retrieved from /home/airflow/.local/lib/python3.12/site-packages/airflow/example_dags/example_xcomargs.py
[2026-04-10T09:43:15.335+0900] {logging_mixin.py:190} INFO - [2026-04-10T09:43:15.334+0900] {dag.py:3211} INFO - Sync 2 DAGs
[2026-04-10T09:43:15.348+0900] {logging_mixin.py:190} INFO - [2026-04-10T09:43:15.348+0900] {dag.py:4138} INFO - Setting next_dagrun for example_xcom_args to None, run_after=None
[2026-04-10T09:43:15.351+0900] {logging_mixin.py:190} INFO - [2026-04-10T09:43:15.351+0900] {dag.py:4138} INFO - Setting next_dagrun for example_xcom_args_with_operators to None, run_after=None
[2026-04-10T09:43:15.367+0900] {processor.py:208} INFO - Processing /home/airflow/.local/lib/python3.12/site-packages/airflow/example_dags/example_xcomargs.py took 0.068 seconds
[2026-04-10T09:43:45.560+0900] {processor.py:186} INFO - Started process (PID=150838) to work on /home/airflow/.local/lib/python3.12/site-packages/airflow/example_dags/example_xcomargs.py
[2026-04-10T09:43:45.561+0900] {processor.py:914} INFO - Processing file /home/airflow/.local/lib/python3.12/site-packages/airflow/example_dags/example_xcomargs.py for tasks to queue
[2026-04-10T09:43:45.563+0900] {logging_mixin.py:190} INFO - [2026-04-10T09:43:45.563+0900] {dagbag.py:587} INFO - Filling up the DagBag from /home/airflow/.local/lib/python3.12/site-packages/airflow/example_dags/example_xcomargs.py
[2026-04-10T09:43:45.571+0900] {processor.py:925} INFO - DAG(s) 'example_xcom_args_with_operators', 'example_xcom_args' retrieved from /home/airflow/.local/lib/python3.12/site-packages/airflow/example_dags/example_xcomargs.py
[2026-04-10T09:43:45.592+0900] {logging_mixin.py:190} INFO - [2026-04-10T09:43:45.591+0900] {dag.py:3211} INFO - Sync 2 DAGs
[2026-04-10T09:43:45.602+0900] {logging_mixin.py:190} INFO - [2026-04-10T09:43:45.602+0900] {dag.py:4138} INFO - Setting next_dagrun for example_xcom_args to None, run_after=None
[2026-04-10T09:43:45.605+0900] {logging_mixin.py:190} INFO - [2026-04-10T09:43:45.605+0900] {dag.py:4138} INFO - Setting next_dagrun for example_xcom_args_with_operators to None, run_after=None
[2026-04-10T09:43:45.618+0900] {processor.py:208} INFO - Processing /home/airflow/.local/lib/python3.12/site-packages/airflow/example_dags/example_xcomargs.py took 0.063 seconds
[2026-04-10T09:44:16.477+0900] {processor.py:186} INFO - Started process (PID=150900) to work on /home/airflow/.local/lib/python3.12/site-packages/airflow/example_dags/example_xcomargs.py
[2026-04-10T09:44:16.479+0900] {processor.py:914} INFO - Processing file /home/airflow/.local/lib/python3.12/site-packages/airflow/example_dags/example_xcomargs.py for tasks to queue
[2026-04-10T09:44:16.482+0900] {logging_mixin.py:190} INFO - [2026-04-10T09:44:16.482+0900] {dagbag.py:587} INFO - Filling up the DagBag from /home/airflow/.local/lib/python3.12/site-packages/airflow/example_dags/example_xcomargs.py
[2026-04-10T09:44:16.490+0900] {processor.py:925} INFO - DAG(s) 'example_xcom_args_with_operators', 'example_xcom_args' retrieved from /home/airflow/.local/lib/python3.12/site-packages/airflow/example_dags/example_xcomargs.py
[2026-04-10T09:44:16.507+0900] {logging_mixin.py:190} INFO - [2026-04-10T09:44:16.507+0900] {dag.py:3211} INFO - Sync 2 DAGs
[2026-04-10T09:44:16.518+0900] {logging_mixin.py:190} INFO - [2026-04-10T09:44:16.518+0900] {dag.py:4138} INFO - Setting next_dagrun for example_xcom_args to None, run_after=None
[2026-04-10T09:44:16.521+0900] {logging_mixin.py:190} INFO - [2026-04-10T09:44:16.521+0900] {dag.py:4138} INFO - Setting next_dagrun for example_xcom_args_with_operators to None, run_after=None
[2026-04-10T09:44:16.534+0900] {processor.py:208} INFO - Processing /home/airflow/.local/lib/python3.12/site-packages/airflow/example_dags/example_xcomargs.py took 0.062 seconds
[2026-04-10T09:44:46.914+0900] {processor.py:186} INFO - Started process (PID=150963) to work on /home/airflow/.local/lib/python3.12/site-packages/airflow/example_dags/example_xcomargs.py
[2026-04-10T09:44:46.915+0900] {processor.py:914} INFO - Processing file /home/airflow/.local/lib/python3.12/site-packages/airflow/example_dags/example_xcomargs.py for tasks to queue
[2026-04-10T09:44:46.918+0900] {logging_mixin.py:190} INFO - [2026-04-10T09:44:46.917+0900] {dagbag.py:587} INFO - Filling up the DagBag from /home/airflow/.local/lib/python3.12/site-packages/airflow/example_dags/example_xcomargs.py
[2026-04-10T09:44:46.926+0900] {processor.py:925} INFO - DAG(s) 'example_xcom_args_with_operators', 'example_xcom_args' retrieved from /home/airflow/.local/lib/python3.12/site-packages/airflow/example_dags/example_xcomargs.py
[2026-04-10T09:44:46.946+0900] {logging_mixin.py:190} INFO - [2026-04-10T09:44:46.945+0900] {dag.py:3211} INFO - Sync 2 DAGs
[2026-04-10T09:44:46.958+0900] {logging_mixin.py:190} INFO - [2026-04-10T09:44:46.958+0900] {dag.py:4138} INFO - Setting next_dagrun for example_xcom_args to None, run_after=None
[2026-04-10T09:44:46.962+0900] {logging_mixin.py:190} INFO - [2026-04-10T09:44:46.961+0900] {dag.py:4138} INFO - Setting next_dagrun for example_xcom_args_with_operators to None, run_after=None
[2026-04-10T09:44:46.978+0900] {processor.py:208} INFO - Processing /home/airflow/.local/lib/python3.12/site-packages/airflow/example_dags/example_xcomargs.py took 0.070 seconds
[2026-04-10T09:45:17.013+0900] {processor.py:186} INFO - Started process (PID=151026) to work on /home/airflow/.local/lib/python3.12/site-packages/airflow/example_dags/example_xcomargs.py
[2026-04-10T09:45:17.014+0900] {processor.py:914} INFO - Processing file /home/airflow/.local/lib/python3.12/site-packages/airflow/example_dags/example_xcomargs.py for tasks to queue
[2026-04-10T09:45:17.017+0900] {logging_mixin.py:190} INFO - [2026-04-10T09:45:17.016+0900] {dagbag.py:587} INFO - Filling up the DagBag from /home/airflow/.local/lib/python3.12/site-packages/airflow/example_dags/example_xcomargs.py
[2026-04-10T09:45:17.025+0900] {processor.py:925} INFO - DAG(s) 'example_xcom_args_with_operators', 'example_xcom_args' retrieved from /home/airflow/.local/lib/python3.12/site-packages/airflow/example_dags/example_xcomargs.py
[2026-04-10T09:45:17.042+0900] {logging_mixin.py:190} INFO - [2026-04-10T09:45:17.042+0900] {dag.py:3211} INFO - Sync 2 DAGs
[2026-04-10T09:45:17.052+0900] {logging_mixin.py:190} INFO - [2026-04-10T09:45:17.052+0900] {dag.py:4138} INFO - Setting next_dagrun for example_xcom_args to None, run_after=None
[2026-04-10T09:45:17.055+0900] {logging_mixin.py:190} INFO - [2026-04-10T09:45:17.055+0900] {dag.py:4138} INFO - Setting next_dagrun for example_xcom_args_with_operators to None, run_after=None
[2026-04-10T09:45:17.069+0900] {processor.py:208} INFO - Processing /home/airflow/.local/lib/python3.12/site-packages/airflow/example_dags/example_xcomargs.py took 0.060 seconds
[2026-04-10T09:45:47.381+0900] {processor.py:186} INFO - Started process (PID=151089) to work on /home/airflow/.local/lib/python3.12/site-packages/airflow/example_dags/example_xcomargs.py
[2026-04-10T09:45:47.382+0900] {processor.py:914} INFO - Processing file /home/airflow/.local/lib/python3.12/site-packages/airflow/example_dags/example_xcomargs.py for tasks to queue
[2026-04-10T09:45:47.384+0900] {logging_mixin.py:190} INFO - [2026-04-10T09:45:47.384+0900] {dagbag.py:587} INFO - Filling up the DagBag from /home/airflow/.local/lib/python3.12/site-packages/airflow/example_dags/example_xcomargs.py
[2026-04-10T09:45:47.392+0900] {processor.py:925} INFO - DAG(s) 'example_xcom_args_with_operators', 'example_xcom_args' retrieved from /home/airflow/.local/lib/python3.12/site-packages/airflow/example_dags/example_xcomargs.py
[2026-04-10T09:45:47.409+0900] {logging_mixin.py:190} INFO - [2026-04-10T09:45:47.409+0900] {dag.py:3211} INFO - Sync 2 DAGs
[2026-04-10T09:45:47.419+0900] {logging_mixin.py:190} INFO - [2026-04-10T09:45:47.419+0900] {dag.py:4138} INFO - Setting next_dagrun for example_xcom_args to None, run_after=None
[2026-04-10T09:45:47.422+0900] {logging_mixin.py:190} INFO - [2026-04-10T09:45:47.422+0900] {dag.py:4138} INFO - Setting next_dagrun for example_xcom_args_with_operators to None, run_after=None
[2026-04-10T09:45:47.435+0900] {processor.py:208} INFO - Processing /home/airflow/.local/lib/python3.12/site-packages/airflow/example_dags/example_xcomargs.py took 0.059 seconds
[2026-04-10T09:46:17.718+0900] {processor.py:186} INFO - Started process (PID=151152) to work on /home/airflow/.local/lib/python3.12/site-packages/airflow/example_dags/example_xcomargs.py
[2026-04-10T09:46:17.719+0900] {processor.py:914} INFO - Processing file /home/airflow/.local/lib/python3.12/site-packages/airflow/example_dags/example_xcomargs.py for tasks to queue
[2026-04-10T09:46:17.721+0900] {logging_mixin.py:190} INFO - [2026-04-10T09:46:17.721+0900] {dagbag.py:587} INFO - Filling up the DagBag from /home/airflow/.local/lib/python3.12/site-packages/airflow/example_dags/example_xcomargs.py
[2026-04-10T09:46:17.729+0900] {processor.py:925} INFO - DAG(s) 'example_xcom_args_with_operators', 'example_xcom_args' retrieved from /home/airflow/.local/lib/python3.12/site-packages/airflow/example_dags/example_xcomargs.py
[2026-04-10T09:46:17.746+0900] {logging_mixin.py:190} INFO - [2026-04-10T09:46:17.746+0900] {dag.py:3211} INFO - Sync 2 DAGs
[2026-04-10T09:46:17.758+0900] {logging_mixin.py:190} INFO - [2026-04-10T09:46:17.758+0900] {dag.py:4138} INFO - Setting next_dagrun for example_xcom_args to None, run_after=None
[2026-04-10T09:46:17.761+0900] {logging_mixin.py:190} INFO - [2026-04-10T09:46:17.761+0900] {dag.py:4138} INFO - Setting next_dagrun for example_xcom_args_with_operators to None, run_after=None
[2026-04-10T09:46:17.774+0900] {processor.py:208} INFO - Processing /home/airflow/.local/lib/python3.12/site-packages/airflow/example_dags/example_xcomargs.py took 0.060 seconds
[2026-04-10T09:46:48.308+0900] {processor.py:186} INFO - Started process (PID=151215) to work on /home/airflow/.local/lib/python3.12/site-packages/airflow/example_dags/example_xcomargs.py
[2026-04-10T09:46:48.310+0900] {processor.py:914} INFO - Processing file /home/airflow/.local/lib/python3.12/site-packages/airflow/example_dags/example_xcomargs.py for tasks to queue
[2026-04-10T09:46:48.312+0900] {logging_mixin.py:190} INFO - [2026-04-10T09:46:48.312+0900] {dagbag.py:587} INFO - Filling up the DagBag from /home/airflow/.local/lib/python3.12/site-packages/airflow/example_dags/example_xcomargs.py
[2026-04-10T09:46:48.321+0900] {processor.py:925} INFO - DAG(s) 'example_xcom_args', 'example_xcom_args_with_operators' retrieved from /home/airflow/.local/lib/python3.12/site-packages/airflow/example_dags/example_xcomargs.py
[2026-04-10T09:46:48.341+0900] {logging_mixin.py:190} INFO - [2026-04-10T09:46:48.341+0900] {dag.py:3211} INFO - Sync 2 DAGs
[2026-04-10T09:46:48.352+0900] {logging_mixin.py:190} INFO - [2026-04-10T09:46:48.352+0900] {dag.py:4138} INFO - Setting next_dagrun for example_xcom_args to None, run_after=None
[2026-04-10T09:46:48.356+0900] {logging_mixin.py:190} INFO - [2026-04-10T09:46:48.355+0900] {dag.py:4138} INFO - Setting next_dagrun for example_xcom_args_with_operators to None, run_after=None
[2026-04-10T09:46:48.369+0900] {processor.py:208} INFO - Processing /home/airflow/.local/lib/python3.12/site-packages/airflow/example_dags/example_xcomargs.py took 0.066 seconds
[2026-04-10T09:47:18.814+0900] {processor.py:186} INFO - Started process (PID=151278) to work on /home/airflow/.local/lib/python3.12/site-packages/airflow/example_dags/example_xcomargs.py
[2026-04-10T09:47:18.815+0900] {processor.py:914} INFO - Processing file /home/airflow/.local/lib/python3.12/site-packages/airflow/example_dags/example_xcomargs.py for tasks to queue
[2026-04-10T09:47:18.817+0900] {logging_mixin.py:190} INFO - [2026-04-10T09:47:18.817+0900] {dagbag.py:587} INFO - Filling up the DagBag from /home/airflow/.local/lib/python3.12/site-packages/airflow/example_dags/example_xcomargs.py
[2026-04-10T09:47:18.825+0900] {processor.py:925} INFO - DAG(s) 'example_xcom_args', 'example_xcom_args_with_operators' retrieved from /home/airflow/.local/lib/python3.12/site-packages/airflow/example_dags/example_xcomargs.py
[2026-04-10T09:47:18.841+0900] {logging_mixin.py:190} INFO - [2026-04-10T09:47:18.841+0900] {dag.py:3211} INFO - Sync 2 DAGs
[2026-04-10T09:47:18.851+0900] {logging_mixin.py:190} INFO - [2026-04-10T09:47:18.851+0900] {dag.py:4138} INFO - Setting next_dagrun for example_xcom_args to None, run_after=None
[2026-04-10T09:47:18.853+0900] {logging_mixin.py:190} INFO - [2026-04-10T09:47:18.853+0900] {dag.py:4138} INFO - Setting next_dagrun for example_xcom_args_with_operators to None, run_after=None
[2026-04-10T09:47:18.866+0900] {processor.py:208} INFO - Processing /home/airflow/.local/lib/python3.12/site-packages/airflow/example_dags/example_xcomargs.py took 0.055 seconds
[2026-04-10T09:47:49.369+0900] {processor.py:186} INFO - Started process (PID=151341) to work on /home/airflow/.local/lib/python3.12/site-packages/airflow/example_dags/example_xcomargs.py
[2026-04-10T09:47:49.370+0900] {processor.py:914} INFO - Processing file /home/airflow/.local/lib/python3.12/site-packages/airflow/example_dags/example_xcomargs.py for tasks to queue
[2026-04-10T09:47:49.372+0900] {logging_mixin.py:190} INFO - [2026-04-10T09:47:49.372+0900] {dagbag.py:587} INFO - Filling up the DagBag from /home/airflow/.local/lib/python3.12/site-packages/airflow/example_dags/example_xcomargs.py
[2026-04-10T09:47:49.381+0900] {processor.py:925} INFO - DAG(s) 'example_xcom_args_with_operators', 'example_xcom_args' retrieved from /home/airflow/.local/lib/python3.12/site-packages/airflow/example_dags/example_xcomargs.py
[2026-04-10T09:47:49.396+0900] {logging_mixin.py:190} INFO - [2026-04-10T09:47:49.396+0900] {dag.py:3211} INFO - Sync 2 DAGs
[2026-04-10T09:47:49.407+0900] {logging_mixin.py:190} INFO - [2026-04-10T09:47:49.407+0900] {dag.py:4138} INFO - Setting next_dagrun for example_xcom_args to None, run_after=None
[2026-04-10T09:47:49.410+0900] {logging_mixin.py:190} INFO - [2026-04-10T09:47:49.410+0900] {dag.py:4138} INFO - Setting next_dagrun for example_xcom_args_with_operators to None, run_after=None
[2026-04-10T09:47:49.422+0900] {processor.py:208} INFO - Processing /home/airflow/.local/lib/python3.12/site-packages/airflow/example_dags/example_xcomargs.py took 0.058 seconds
[2026-04-10T09:48:19.870+0900] {processor.py:186} INFO - Started process (PID=151404) to work on /home/airflow/.local/lib/python3.12/site-packages/airflow/example_dags/example_xcomargs.py
[2026-04-10T09:48:19.871+0900] {processor.py:914} INFO - Processing file /home/airflow/.local/lib/python3.12/site-packages/airflow/example_dags/example_xcomargs.py for tasks to queue
[2026-04-10T09:48:19.874+0900] {logging_mixin.py:190} INFO - [2026-04-10T09:48:19.873+0900] {dagbag.py:587} INFO - Filling up the DagBag from /home/airflow/.local/lib/python3.12/site-packages/airflow/example_dags/example_xcomargs.py
[2026-04-10T09:48:19.881+0900] {processor.py:925} INFO - DAG(s) 'example_xcom_args', 'example_xcom_args_with_operators' retrieved from /home/airflow/.local/lib/python3.12/site-packages/airflow/example_dags/example_xcomargs.py
[2026-04-10T09:48:19.898+0900] {logging_mixin.py:190} INFO - [2026-04-10T09:48:19.898+0900] {dag.py:3211} INFO - Sync 2 DAGs
[2026-04-10T09:48:19.909+0900] {logging_mixin.py:190} INFO - [2026-04-10T09:48:19.909+0900] {dag.py:4138} INFO - Setting next_dagrun for example_xcom_args to None, run_after=None
[2026-04-10T09:48:19.912+0900] {logging_mixin.py:190} INFO - [2026-04-10T09:48:19.912+0900] {dag.py:4138} INFO - Setting next_dagrun for example_xcom_args_with_operators to None, run_after=None
[2026-04-10T09:48:19.926+0900] {processor.py:208} INFO - Processing /home/airflow/.local/lib/python3.12/site-packages/airflow/example_dags/example_xcomargs.py took 0.061 seconds
[2026-04-10T09:48:50.676+0900] {processor.py:186} INFO - Started process (PID=151467) to work on /home/airflow/.local/lib/python3.12/site-packages/airflow/example_dags/example_xcomargs.py
[2026-04-10T09:48:50.677+0900] {processor.py:914} INFO - Processing file /home/airflow/.local/lib/python3.12/site-packages/airflow/example_dags/example_xcomargs.py for tasks to queue
[2026-04-10T09:48:50.679+0900] {logging_mixin.py:190} INFO - [2026-04-10T09:48:50.679+0900] {dagbag.py:587} INFO - Filling up the DagBag from /home/airflow/.local/lib/python3.12/site-packages/airflow/example_dags/example_xcomargs.py
[2026-04-10T09:48:50.688+0900] {processor.py:925} INFO - DAG(s) 'example_xcom_args_with_operators', 'example_xcom_args' retrieved from /home/airflow/.local/lib/python3.12/site-packages/airflow/example_dags/example_xcomargs.py
[2026-04-10T09:48:50.705+0900] {logging_mixin.py:190} INFO - [2026-04-10T09:48:50.705+0900] {dag.py:3211} INFO - Sync 2 DAGs
[2026-04-10T09:48:50.716+0900] {logging_mixin.py:190} INFO - [2026-04-10T09:48:50.716+0900] {dag.py:4138} INFO - Setting next_dagrun for example_xcom_args to None, run_after=None
[2026-04-10T09:48:50.719+0900] {logging_mixin.py:190} INFO - [2026-04-10T09:48:50.719+0900] {dag.py:4138} INFO - Setting next_dagrun for example_xcom_args_with_operators to None, run_after=None
[2026-04-10T09:48:50.732+0900] {processor.py:208} INFO - Processing /home/airflow/.local/lib/python3.12/site-packages/airflow/example_dags/example_xcomargs.py took 0.061 seconds
[2026-04-10T09:49:20.865+0900] {processor.py:186} INFO - Started process (PID=151531) to work on /home/airflow/.local/lib/python3.12/site-packages/airflow/example_dags/example_xcomargs.py
[2026-04-10T09:49:20.866+0900] {processor.py:914} INFO - Processing file /home/airflow/.local/lib/python3.12/site-packages/airflow/example_dags/example_xcomargs.py for tasks to queue
[2026-04-10T09:49:20.868+0900] {logging_mixin.py:190} INFO - [2026-04-10T09:49:20.868+0900] {dagbag.py:587} INFO - Filling up the DagBag from /home/airflow/.local/lib/python3.12/site-packages/airflow/example_dags/example_xcomargs.py
[2026-04-10T09:49:20.876+0900] {processor.py:925} INFO - DAG(s) 'example_xcom_args_with_operators', 'example_xcom_args' retrieved from /home/airflow/.local/lib/python3.12/site-packages/airflow/example_dags/example_xcomargs.py
[2026-04-10T09:49:20.893+0900] {logging_mixin.py:190} INFO - [2026-04-10T09:49:20.893+0900] {dag.py:3211} INFO - Sync 2 DAGs
[2026-04-10T09:49:20.904+0900] {logging_mixin.py:190} INFO - [2026-04-10T09:49:20.904+0900] {dag.py:4138} INFO - Setting next_dagrun for example_xcom_args to None, run_after=None
[2026-04-10T09:49:20.907+0900] {logging_mixin.py:190} INFO - [2026-04-10T09:49:20.907+0900] {dag.py:4138} INFO - Setting next_dagrun for example_xcom_args_with_operators to None, run_after=None
[2026-04-10T09:49:20.920+0900] {processor.py:208} INFO - Processing /home/airflow/.local/lib/python3.12/site-packages/airflow/example_dags/example_xcomargs.py took 0.059 seconds
[2026-04-10T09:49:51.118+0900] {processor.py:186} INFO - Started process (PID=151594) to work on /home/airflow/.local/lib/python3.12/site-packages/airflow/example_dags/example_xcomargs.py
[2026-04-10T09:49:51.119+0900] {processor.py:914} INFO - Processing file /home/airflow/.local/lib/python3.12/site-packages/airflow/example_dags/example_xcomargs.py for tasks to queue
[2026-04-10T09:49:51.122+0900] {logging_mixin.py:190} INFO - [2026-04-10T09:49:51.122+0900] {dagbag.py:587} INFO - Filling up the DagBag from /home/airflow/.local/lib/python3.12/site-packages/airflow/example_dags/example_xcomargs.py
[2026-04-10T09:49:51.130+0900] {processor.py:925} INFO - DAG(s) 'example_xcom_args_with_operators', 'example_xcom_args' retrieved from /home/airflow/.local/lib/python3.12/site-packages/airflow/example_dags/example_xcomargs.py
[2026-04-10T09:49:51.147+0900] {logging_mixin.py:190} INFO - [2026-04-10T09:49:51.147+0900] {dag.py:3211} INFO - Sync 2 DAGs
[2026-04-10T09:49:51.158+0900] {logging_mixin.py:190} INFO - [2026-04-10T09:49:51.158+0900] {dag.py:4138} INFO - Setting next_dagrun for example_xcom_args to None, run_after=None
[2026-04-10T09:49:51.161+0900] {logging_mixin.py:190} INFO - [2026-04-10T09:49:51.161+0900] {dag.py:4138} INFO - Setting next_dagrun for example_xcom_args_with_operators to None, run_after=None
[2026-04-10T09:49:51.174+0900] {processor.py:208} INFO - Processing /home/airflow/.local/lib/python3.12/site-packages/airflow/example_dags/example_xcomargs.py took 0.061 seconds
[2026-04-10T09:50:21.788+0900] {processor.py:186} INFO - Started process (PID=151657) to work on /home/airflow/.local/lib/python3.12/site-packages/airflow/example_dags/example_xcomargs.py
[2026-04-10T09:50:21.789+0900] {processor.py:914} INFO - Processing file /home/airflow/.local/lib/python3.12/site-packages/airflow/example_dags/example_xcomargs.py for tasks to queue
[2026-04-10T09:50:21.793+0900] {logging_mixin.py:190} INFO - [2026-04-10T09:50:21.793+0900] {dagbag.py:587} INFO - Filling up the DagBag from /home/airflow/.local/lib/python3.12/site-packages/airflow/example_dags/example_xcomargs.py
[2026-04-10T09:50:21.803+0900] {processor.py:925} INFO - DAG(s) 'example_xcom_args', 'example_xcom_args_with_operators' retrieved from /home/airflow/.local/lib/python3.12/site-packages/airflow/example_dags/example_xcomargs.py
[2026-04-10T09:50:21.825+0900] {logging_mixin.py:190} INFO - [2026-04-10T09:50:21.824+0900] {dag.py:3211} INFO - Sync 2 DAGs
[2026-04-10T09:50:21.840+0900] {logging_mixin.py:190} INFO - [2026-04-10T09:50:21.840+0900] {dag.py:4138} INFO - Setting next_dagrun for example_xcom_args to None, run_after=None
[2026-04-10T09:50:21.843+0900] {logging_mixin.py:190} INFO - [2026-04-10T09:50:21.843+0900] {dag.py:4138} INFO - Setting next_dagrun for example_xcom_args_with_operators to None, run_after=None
[2026-04-10T09:50:21.858+0900] {processor.py:208} INFO - Processing /home/airflow/.local/lib/python3.12/site-packages/airflow/example_dags/example_xcomargs.py took 0.076 seconds
[2026-04-10T09:50:52.247+0900] {processor.py:186} INFO - Started process (PID=151720) to work on /home/airflow/.local/lib/python3.12/site-packages/airflow/example_dags/example_xcomargs.py
[2026-04-10T09:50:52.248+0900] {processor.py:914} INFO - Processing file /home/airflow/.local/lib/python3.12/site-packages/airflow/example_dags/example_xcomargs.py for tasks to queue
[2026-04-10T09:50:52.251+0900] {logging_mixin.py:190} INFO - [2026-04-10T09:50:52.250+0900] {dagbag.py:587} INFO - Filling up the DagBag from /home/airflow/.local/lib/python3.12/site-packages/airflow/example_dags/example_xcomargs.py
[2026-04-10T09:50:52.261+0900] {processor.py:925} INFO - DAG(s) 'example_xcom_args_with_operators', 'example_xcom_args' retrieved from /home/airflow/.local/lib/python3.12/site-packages/airflow/example_dags/example_xcomargs.py
[2026-04-10T09:50:52.278+0900] {logging_mixin.py:190} INFO - [2026-04-10T09:50:52.278+0900] {dag.py:3211} INFO - Sync 2 DAGs
[2026-04-10T09:50:52.287+0900] {logging_mixin.py:190} INFO - [2026-04-10T09:50:52.287+0900] {dag.py:4138} INFO - Setting next_dagrun for example_xcom_args to None, run_after=None
[2026-04-10T09:50:52.291+0900] {logging_mixin.py:190} INFO - [2026-04-10T09:50:52.291+0900] {dag.py:4138} INFO - Setting next_dagrun for example_xcom_args_with_operators to None, run_after=None
[2026-04-10T09:50:52.303+0900] {processor.py:208} INFO - Processing /home/airflow/.local/lib/python3.12/site-packages/airflow/example_dags/example_xcomargs.py took 0.060 seconds
[2026-04-10T09:51:22.335+0900] {processor.py:186} INFO - Started process (PID=151783) to work on /home/airflow/.local/lib/python3.12/site-packages/airflow/example_dags/example_xcomargs.py
[2026-04-10T09:51:22.336+0900] {processor.py:914} INFO - Processing file /home/airflow/.local/lib/python3.12/site-packages/airflow/example_dags/example_xcomargs.py for tasks to queue
[2026-04-10T09:51:22.338+0900] {logging_mixin.py:190} INFO - [2026-04-10T09:51:22.338+0900] {dagbag.py:587} INFO - Filling up the DagBag from /home/airflow/.local/lib/python3.12/site-packages/airflow/example_dags/example_xcomargs.py
[2026-04-10T09:51:22.347+0900] {processor.py:925} INFO - DAG(s) 'example_xcom_args_with_operators', 'example_xcom_args' retrieved from /home/airflow/.local/lib/python3.12/site-packages/airflow/example_dags/example_xcomargs.py
[2026-04-10T09:51:22.365+0900] {logging_mixin.py:190} INFO - [2026-04-10T09:51:22.364+0900] {dag.py:3211} INFO - Sync 2 DAGs
[2026-04-10T09:51:22.376+0900] {logging_mixin.py:190} INFO - [2026-04-10T09:51:22.376+0900] {dag.py:4138} INFO - Setting next_dagrun for example_xcom_args to None, run_after=None
[2026-04-10T09:51:22.379+0900] {logging_mixin.py:190} INFO - [2026-04-10T09:51:22.379+0900] {dag.py:4138} INFO - Setting next_dagrun for example_xcom_args_with_operators to None, run_after=None
[2026-04-10T09:51:22.394+0900] {processor.py:208} INFO - Processing /home/airflow/.local/lib/python3.12/site-packages/airflow/example_dags/example_xcomargs.py took 0.064 seconds
[2026-04-10T09:51:53.041+0900] {processor.py:186} INFO - Started process (PID=151846) to work on /home/airflow/.local/lib/python3.12/site-packages/airflow/example_dags/example_xcomargs.py
[2026-04-10T09:51:53.042+0900] {processor.py:914} INFO - Processing file /home/airflow/.local/lib/python3.12/site-packages/airflow/example_dags/example_xcomargs.py for tasks to queue
[2026-04-10T09:51:53.044+0900] {logging_mixin.py:190} INFO - [2026-04-10T09:51:53.043+0900] {dagbag.py:587} INFO - Filling up the DagBag from /home/airflow/.local/lib/python3.12/site-packages/airflow/example_dags/example_xcomargs.py
[2026-04-10T09:51:53.051+0900] {processor.py:925} INFO - DAG(s) 'example_xcom_args', 'example_xcom_args_with_operators' retrieved from /home/airflow/.local/lib/python3.12/site-packages/airflow/example_dags/example_xcomargs.py
[2026-04-10T09:51:53.070+0900] {logging_mixin.py:190} INFO - [2026-04-10T09:51:53.069+0900] {dag.py:3211} INFO - Sync 2 DAGs
[2026-04-10T09:51:53.079+0900] {logging_mixin.py:190} INFO - [2026-04-10T09:51:53.079+0900] {dag.py:4138} INFO - Setting next_dagrun for example_xcom_args to None, run_after=None
[2026-04-10T09:51:53.083+0900] {logging_mixin.py:190} INFO - [2026-04-10T09:51:53.082+0900] {dag.py:4138} INFO - Setting next_dagrun for example_xcom_args_with_operators to None, run_after=None
[2026-04-10T09:51:53.098+0900] {processor.py:208} INFO - Processing /home/airflow/.local/lib/python3.12/site-packages/airflow/example_dags/example_xcomargs.py took 0.061 seconds
[2026-04-10T09:52:23.289+0900] {processor.py:186} INFO - Started process (PID=151910) to work on /home/airflow/.local/lib/python3.12/site-packages/airflow/example_dags/example_xcomargs.py
[2026-04-10T09:52:23.290+0900] {processor.py:914} INFO - Processing file /home/airflow/.local/lib/python3.12/site-packages/airflow/example_dags/example_xcomargs.py for tasks to queue
[2026-04-10T09:52:23.292+0900] {logging_mixin.py:190} INFO - [2026-04-10T09:52:23.292+0900] {dagbag.py:587} INFO - Filling up the DagBag from /home/airflow/.local/lib/python3.12/site-packages/airflow/example_dags/example_xcomargs.py
[2026-04-10T09:52:23.302+0900] {processor.py:925} INFO - DAG(s) 'example_xcom_args', 'example_xcom_args_with_operators' retrieved from /home/airflow/.local/lib/python3.12/site-packages/airflow/example_dags/example_xcomargs.py
[2026-04-10T09:52:23.318+0900] {logging_mixin.py:190} INFO - [2026-04-10T09:52:23.317+0900] {dag.py:3211} INFO - Sync 2 DAGs
[2026-04-10T09:52:23.328+0900] {logging_mixin.py:190} INFO - [2026-04-10T09:52:23.328+0900] {dag.py:4138} INFO - Setting next_dagrun for example_xcom_args to None, run_after=None
[2026-04-10T09:52:23.333+0900] {logging_mixin.py:190} INFO - [2026-04-10T09:52:23.332+0900] {dag.py:4138} INFO - Setting next_dagrun for example_xcom_args_with_operators to None, run_after=None
[2026-04-10T09:52:23.346+0900] {processor.py:208} INFO - Processing /home/airflow/.local/lib/python3.12/site-packages/airflow/example_dags/example_xcomargs.py took 0.062 seconds
[2026-04-10T09:52:53.740+0900] {processor.py:186} INFO - Started process (PID=151973) to work on /home/airflow/.local/lib/python3.12/site-packages/airflow/example_dags/example_xcomargs.py
[2026-04-10T09:52:53.741+0900] {processor.py:914} INFO - Processing file /home/airflow/.local/lib/python3.12/site-packages/airflow/example_dags/example_xcomargs.py for tasks to queue
[2026-04-10T09:52:53.743+0900] {logging_mixin.py:190} INFO - [2026-04-10T09:52:53.743+0900] {dagbag.py:587} INFO - Filling up the DagBag from /home/airflow/.local/lib/python3.12/site-packages/airflow/example_dags/example_xcomargs.py
[2026-04-10T09:52:53.750+0900] {processor.py:925} INFO - DAG(s) 'example_xcom_args_with_operators', 'example_xcom_args' retrieved from /home/airflow/.local/lib/python3.12/site-packages/airflow/example_dags/example_xcomargs.py
[2026-04-10T09:52:53.767+0900] {logging_mixin.py:190} INFO - [2026-04-10T09:52:53.766+0900] {dag.py:3211} INFO - Sync 2 DAGs
[2026-04-10T09:52:53.776+0900] {logging_mixin.py:190} INFO - [2026-04-10T09:52:53.776+0900] {dag.py:4138} INFO - Setting next_dagrun for example_xcom_args to None, run_after=None
[2026-04-10T09:52:53.779+0900] {logging_mixin.py:190} INFO - [2026-04-10T09:52:53.779+0900] {dag.py:4138} INFO - Setting next_dagrun for example_xcom_args_with_operators to None, run_after=None
[2026-04-10T09:52:53.790+0900] {processor.py:208} INFO - Processing /home/airflow/.local/lib/python3.12/site-packages/airflow/example_dags/example_xcomargs.py took 0.055 seconds
[2026-04-10T09:53:24.659+0900] {processor.py:186} INFO - Started process (PID=152036) to work on /home/airflow/.local/lib/python3.12/site-packages/airflow/example_dags/example_xcomargs.py
[2026-04-10T09:53:24.660+0900] {processor.py:914} INFO - Processing file /home/airflow/.local/lib/python3.12/site-packages/airflow/example_dags/example_xcomargs.py for tasks to queue
[2026-04-10T09:53:24.662+0900] {logging_mixin.py:190} INFO - [2026-04-10T09:53:24.662+0900] {dagbag.py:587} INFO - Filling up the DagBag from /home/airflow/.local/lib/python3.12/site-packages/airflow/example_dags/example_xcomargs.py
[2026-04-10T09:53:24.670+0900] {processor.py:925} INFO - DAG(s) 'example_xcom_args', 'example_xcom_args_with_operators' retrieved from /home/airflow/.local/lib/python3.12/site-packages/airflow/example_dags/example_xcomargs.py
[2026-04-10T09:53:24.688+0900] {logging_mixin.py:190} INFO - [2026-04-10T09:53:24.688+0900] {dag.py:3211} INFO - Sync 2 DAGs
[2026-04-10T09:53:24.698+0900] {logging_mixin.py:190} INFO - [2026-04-10T09:53:24.698+0900] {dag.py:4138} INFO - Setting next_dagrun for example_xcom_args to None, run_after=None
[2026-04-10T09:53:24.702+0900] {logging_mixin.py:190} INFO - [2026-04-10T09:53:24.702+0900] {dag.py:4138} INFO - Setting next_dagrun for example_xcom_args_with_operators to None, run_after=None
[2026-04-10T09:53:24.715+0900] {processor.py:208} INFO - Processing /home/airflow/.local/lib/python3.12/site-packages/airflow/example_dags/example_xcomargs.py took 0.060 seconds
[2026-04-10T09:53:55.150+0900] {processor.py:186} INFO - Started process (PID=152099) to work on /home/airflow/.local/lib/python3.12/site-packages/airflow/example_dags/example_xcomargs.py
[2026-04-10T09:53:55.152+0900] {processor.py:914} INFO - Processing file /home/airflow/.local/lib/python3.12/site-packages/airflow/example_dags/example_xcomargs.py for tasks to queue
[2026-04-10T09:53:55.156+0900] {logging_mixin.py:190} INFO - [2026-04-10T09:53:55.155+0900] {dagbag.py:587} INFO - Filling up the DagBag from /home/airflow/.local/lib/python3.12/site-packages/airflow/example_dags/example_xcomargs.py
[2026-04-10T09:53:55.165+0900] {processor.py:925} INFO - DAG(s) 'example_xcom_args_with_operators', 'example_xcom_args' retrieved from /home/airflow/.local/lib/python3.12/site-packages/airflow/example_dags/example_xcomargs.py
[2026-04-10T09:53:55.185+0900] {logging_mixin.py:190} INFO - [2026-04-10T09:53:55.184+0900] {dag.py:3211} INFO - Sync 2 DAGs
[2026-04-10T09:53:55.197+0900] {logging_mixin.py:190} INFO - [2026-04-10T09:53:55.196+0900] {dag.py:4138} INFO - Setting next_dagrun for example_xcom_args to None, run_after=None
[2026-04-10T09:53:55.200+0900] {logging_mixin.py:190} INFO - [2026-04-10T09:53:55.200+0900] {dag.py:4138} INFO - Setting next_dagrun for example_xcom_args_with_operators to None, run_after=None
[2026-04-10T09:53:55.216+0900] {processor.py:208} INFO - Processing /home/airflow/.local/lib/python3.12/site-packages/airflow/example_dags/example_xcomargs.py took 0.070 seconds
[2026-04-10T09:54:25.341+0900] {processor.py:186} INFO - Started process (PID=152162) to work on /home/airflow/.local/lib/python3.12/site-packages/airflow/example_dags/example_xcomargs.py
[2026-04-10T09:54:25.342+0900] {processor.py:914} INFO - Processing file /home/airflow/.local/lib/python3.12/site-packages/airflow/example_dags/example_xcomargs.py for tasks to queue
[2026-04-10T09:54:25.345+0900] {logging_mixin.py:190} INFO - [2026-04-10T09:54:25.345+0900] {dagbag.py:587} INFO - Filling up the DagBag from /home/airflow/.local/lib/python3.12/site-packages/airflow/example_dags/example_xcomargs.py
[2026-04-10T09:54:25.353+0900] {processor.py:925} INFO - DAG(s) 'example_xcom_args', 'example_xcom_args_with_operators' retrieved from /home/airflow/.local/lib/python3.12/site-packages/airflow/example_dags/example_xcomargs.py
[2026-04-10T09:54:25.369+0900] {logging_mixin.py:190} INFO - [2026-04-10T09:54:25.369+0900] {dag.py:3211} INFO - Sync 2 DAGs
[2026-04-10T09:54:25.379+0900] {logging_mixin.py:190} INFO - [2026-04-10T09:54:25.379+0900] {dag.py:4138} INFO - Setting next_dagrun for example_xcom_args to None, run_after=None
[2026-04-10T09:54:25.382+0900] {logging_mixin.py:190} INFO - [2026-04-10T09:54:25.382+0900] {dag.py:4138} INFO - Setting next_dagrun for example_xcom_args_with_operators to None, run_after=None
[2026-04-10T09:54:25.394+0900] {processor.py:208} INFO - Processing /home/airflow/.local/lib/python3.12/site-packages/airflow/example_dags/example_xcomargs.py took 0.058 seconds
[2026-04-10T09:54:55.834+0900] {processor.py:186} INFO - Started process (PID=152225) to work on /home/airflow/.local/lib/python3.12/site-packages/airflow/example_dags/example_xcomargs.py
[2026-04-10T09:54:55.835+0900] {processor.py:914} INFO - Processing file /home/airflow/.local/lib/python3.12/site-packages/airflow/example_dags/example_xcomargs.py for tasks to queue
[2026-04-10T09:54:55.838+0900] {logging_mixin.py:190} INFO - [2026-04-10T09:54:55.838+0900] {dagbag.py:587} INFO - Filling up the DagBag from /home/airflow/.local/lib/python3.12/site-packages/airflow/example_dags/example_xcomargs.py
[2026-04-10T09:54:55.846+0900] {processor.py:925} INFO - DAG(s) 'example_xcom_args', 'example_xcom_args_with_operators' retrieved from /home/airflow/.local/lib/python3.12/site-packages/airflow/example_dags/example_xcomargs.py
[2026-04-10T09:54:55.863+0900] {logging_mixin.py:190} INFO - [2026-04-10T09:54:55.863+0900] {dag.py:3211} INFO - Sync 2 DAGs
[2026-04-10T09:54:55.874+0900] {logging_mixin.py:190} INFO - [2026-04-10T09:54:55.873+0900] {dag.py:4138} INFO - Setting next_dagrun for example_xcom_args to None, run_after=None
[2026-04-10T09:54:55.876+0900] {logging_mixin.py:190} INFO - [2026-04-10T09:54:55.876+0900] {dag.py:4138} INFO - Setting next_dagrun for example_xcom_args_with_operators to None, run_after=None
[2026-04-10T09:54:55.890+0900] {processor.py:208} INFO - Processing /home/airflow/.local/lib/python3.12/site-packages/airflow/example_dags/example_xcomargs.py took 0.060 seconds
[2026-04-10T09:55:26.629+0900] {processor.py:186} INFO - Started process (PID=152288) to work on /home/airflow/.local/lib/python3.12/site-packages/airflow/example_dags/example_xcomargs.py
[2026-04-10T09:55:26.630+0900] {processor.py:914} INFO - Processing file /home/airflow/.local/lib/python3.12/site-packages/airflow/example_dags/example_xcomargs.py for tasks to queue
[2026-04-10T09:55:26.632+0900] {logging_mixin.py:190} INFO - [2026-04-10T09:55:26.632+0900] {dagbag.py:587} INFO - Filling up the DagBag from /home/airflow/.local/lib/python3.12/site-packages/airflow/example_dags/example_xcomargs.py
[2026-04-10T09:55:26.640+0900] {processor.py:925} INFO - DAG(s) 'example_xcom_args', 'example_xcom_args_with_operators' retrieved from /home/airflow/.local/lib/python3.12/site-packages/airflow/example_dags/example_xcomargs.py
[2026-04-10T09:55:26.656+0900] {logging_mixin.py:190} INFO - [2026-04-10T09:55:26.656+0900] {dag.py:3211} INFO - Sync 2 DAGs
[2026-04-10T09:55:26.666+0900] {logging_mixin.py:190} INFO - [2026-04-10T09:55:26.665+0900] {dag.py:4138} INFO - Setting next_dagrun for example_xcom_args to None, run_after=None
[2026-04-10T09:55:26.669+0900] {logging_mixin.py:190} INFO - [2026-04-10T09:55:26.668+0900] {dag.py:4138} INFO - Setting next_dagrun for example_xcom_args_with_operators to None, run_after=None
[2026-04-10T09:55:26.682+0900] {processor.py:208} INFO - Processing /home/airflow/.local/lib/python3.12/site-packages/airflow/example_dags/example_xcomargs.py took 0.058 seconds
[2026-04-10T09:55:57.039+0900] {processor.py:186} INFO - Started process (PID=152351) to work on /home/airflow/.local/lib/python3.12/site-packages/airflow/example_dags/example_xcomargs.py
[2026-04-10T09:55:57.040+0900] {processor.py:914} INFO - Processing file /home/airflow/.local/lib/python3.12/site-packages/airflow/example_dags/example_xcomargs.py for tasks to queue
[2026-04-10T09:55:57.042+0900] {logging_mixin.py:190} INFO - [2026-04-10T09:55:57.042+0900] {dagbag.py:587} INFO - Filling up the DagBag from /home/airflow/.local/lib/python3.12/site-packages/airflow/example_dags/example_xcomargs.py
[2026-04-10T09:55:57.050+0900] {processor.py:925} INFO - DAG(s) 'example_xcom_args_with_operators', 'example_xcom_args' retrieved from /home/airflow/.local/lib/python3.12/site-packages/airflow/example_dags/example_xcomargs.py
[2026-04-10T09:55:57.067+0900] {logging_mixin.py:190} INFO - [2026-04-10T09:55:57.066+0900] {dag.py:3211} INFO - Sync 2 DAGs
[2026-04-10T09:55:57.078+0900] {logging_mixin.py:190} INFO - [2026-04-10T09:55:57.078+0900] {dag.py:4138} INFO - Setting next_dagrun for example_xcom_args to None, run_after=None
[2026-04-10T09:55:57.218+0900] {logging_mixin.py:190} INFO - [2026-04-10T09:55:57.218+0900] {dag.py:4138} INFO - Setting next_dagrun for example_xcom_args_with_operators to None, run_after=None
[2026-04-10T09:55:57.230+0900] {processor.py:208} INFO - Processing /home/airflow/.local/lib/python3.12/site-packages/airflow/example_dags/example_xcomargs.py took 0.197 seconds
[2026-04-10T09:56:27.618+0900] {processor.py:186} INFO - Started process (PID=152414) to work on /home/airflow/.local/lib/python3.12/site-packages/airflow/example_dags/example_xcomargs.py
[2026-04-10T09:56:27.619+0900] {processor.py:914} INFO - Processing file /home/airflow/.local/lib/python3.12/site-packages/airflow/example_dags/example_xcomargs.py for tasks to queue
[2026-04-10T09:56:27.622+0900] {logging_mixin.py:190} INFO - [2026-04-10T09:56:27.622+0900] {dagbag.py:587} INFO - Filling up the DagBag from /home/airflow/.local/lib/python3.12/site-packages/airflow/example_dags/example_xcomargs.py
[2026-04-10T09:56:27.631+0900] {processor.py:925} INFO - DAG(s) 'example_xcom_args', 'example_xcom_args_with_operators' retrieved from /home/airflow/.local/lib/python3.12/site-packages/airflow/example_dags/example_xcomargs.py
[2026-04-10T09:56:27.649+0900] {logging_mixin.py:190} INFO - [2026-04-10T09:56:27.649+0900] {dag.py:3211} INFO - Sync 2 DAGs
[2026-04-10T09:56:27.660+0900] {logging_mixin.py:190} INFO - [2026-04-10T09:56:27.660+0900] {dag.py:4138} INFO - Setting next_dagrun for example_xcom_args to None, run_after=None
[2026-04-10T09:56:27.801+0900] {logging_mixin.py:190} INFO - [2026-04-10T09:56:27.801+0900] {dag.py:4138} INFO - Setting next_dagrun for example_xcom_args_with_operators to None, run_after=None
[2026-04-10T09:56:27.814+0900] {processor.py:208} INFO - Processing /home/airflow/.local/lib/python3.12/site-packages/airflow/example_dags/example_xcomargs.py took 0.201 seconds
[2026-04-10T09:56:58.256+0900] {processor.py:186} INFO - Started process (PID=152476) to work on /home/airflow/.local/lib/python3.12/site-packages/airflow/example_dags/example_xcomargs.py
[2026-04-10T09:56:58.257+0900] {processor.py:914} INFO - Processing file /home/airflow/.local/lib/python3.12/site-packages/airflow/example_dags/example_xcomargs.py for tasks to queue
[2026-04-10T09:56:58.259+0900] {logging_mixin.py:190} INFO - [2026-04-10T09:56:58.259+0900] {dagbag.py:587} INFO - Filling up the DagBag from /home/airflow/.local/lib/python3.12/site-packages/airflow/example_dags/example_xcomargs.py
[2026-04-10T09:56:58.267+0900] {processor.py:925} INFO - DAG(s) 'example_xcom_args', 'example_xcom_args_with_operators' retrieved from /home/airflow/.local/lib/python3.12/site-packages/airflow/example_dags/example_xcomargs.py
[2026-04-10T09:56:58.283+0900] {logging_mixin.py:190} INFO - [2026-04-10T09:56:58.283+0900] {dag.py:3211} INFO - Sync 2 DAGs
[2026-04-10T09:56:58.294+0900] {logging_mixin.py:190} INFO - [2026-04-10T09:56:58.294+0900] {dag.py:4138} INFO - Setting next_dagrun for example_xcom_args to None, run_after=None
[2026-04-10T09:56:58.298+0900] {logging_mixin.py:190} INFO - [2026-04-10T09:56:58.297+0900] {dag.py:4138} INFO - Setting next_dagrun for example_xcom_args_with_operators to None, run_after=None
[2026-04-10T09:56:58.428+0900] {processor.py:208} INFO - Processing /home/airflow/.local/lib/python3.12/site-packages/airflow/example_dags/example_xcomargs.py took 0.177 seconds
[2026-04-10T09:57:28.960+0900] {processor.py:186} INFO - Started process (PID=152539) to work on /home/airflow/.local/lib/python3.12/site-packages/airflow/example_dags/example_xcomargs.py
[2026-04-10T09:57:28.961+0900] {processor.py:914} INFO - Processing file /home/airflow/.local/lib/python3.12/site-packages/airflow/example_dags/example_xcomargs.py for tasks to queue
[2026-04-10T09:57:28.963+0900] {logging_mixin.py:190} INFO - [2026-04-10T09:57:28.963+0900] {dagbag.py:587} INFO - Filling up the DagBag from /home/airflow/.local/lib/python3.12/site-packages/airflow/example_dags/example_xcomargs.py
[2026-04-10T09:57:28.971+0900] {processor.py:925} INFO - DAG(s) 'example_xcom_args_with_operators', 'example_xcom_args' retrieved from /home/airflow/.local/lib/python3.12/site-packages/airflow/example_dags/example_xcomargs.py
[2026-04-10T09:57:28.989+0900] {logging_mixin.py:190} INFO - [2026-04-10T09:57:28.988+0900] {dag.py:3211} INFO - Sync 2 DAGs
[2026-04-10T09:57:28.999+0900] {logging_mixin.py:190} INFO - [2026-04-10T09:57:28.999+0900] {dag.py:4138} INFO - Setting next_dagrun for example_xcom_args to None, run_after=None
[2026-04-10T09:57:29.003+0900] {logging_mixin.py:190} INFO - [2026-04-10T09:57:29.003+0900] {dag.py:4138} INFO - Setting next_dagrun for example_xcom_args_with_operators to None, run_after=None
[2026-04-10T09:57:29.142+0900] {processor.py:208} INFO - Processing /home/airflow/.local/lib/python3.12/site-packages/airflow/example_dags/example_xcomargs.py took 0.188 seconds
[2026-04-10T09:57:59.548+0900] {processor.py:186} INFO - Started process (PID=152602) to work on /home/airflow/.local/lib/python3.12/site-packages/airflow/example_dags/example_xcomargs.py
[2026-04-10T09:57:59.549+0900] {processor.py:914} INFO - Processing file /home/airflow/.local/lib/python3.12/site-packages/airflow/example_dags/example_xcomargs.py for tasks to queue
[2026-04-10T09:57:59.551+0900] {logging_mixin.py:190} INFO - [2026-04-10T09:57:59.550+0900] {dagbag.py:587} INFO - Filling up the DagBag from /home/airflow/.local/lib/python3.12/site-packages/airflow/example_dags/example_xcomargs.py
[2026-04-10T09:57:59.558+0900] {processor.py:925} INFO - DAG(s) 'example_xcom_args', 'example_xcom_args_with_operators' retrieved from /home/airflow/.local/lib/python3.12/site-packages/airflow/example_dags/example_xcomargs.py
[2026-04-10T09:57:59.575+0900] {logging_mixin.py:190} INFO - [2026-04-10T09:57:59.575+0900] {dag.py:3211} INFO - Sync 2 DAGs
[2026-04-10T09:57:59.586+0900] {logging_mixin.py:190} INFO - [2026-04-10T09:57:59.586+0900] {dag.py:4138} INFO - Setting next_dagrun for example_xcom_args to None, run_after=None
[2026-04-10T09:57:59.589+0900] {logging_mixin.py:190} INFO - [2026-04-10T09:57:59.589+0900] {dag.py:4138} INFO - Setting next_dagrun for example_xcom_args_with_operators to None, run_after=None
[2026-04-10T09:57:59.602+0900] {processor.py:208} INFO - Processing /home/airflow/.local/lib/python3.12/site-packages/airflow/example_dags/example_xcomargs.py took 0.058 seconds
[2026-04-10T09:58:30.494+0900] {processor.py:186} INFO - Started process (PID=152665) to work on /home/airflow/.local/lib/python3.12/site-packages/airflow/example_dags/example_xcomargs.py
[2026-04-10T09:58:30.495+0900] {processor.py:914} INFO - Processing file /home/airflow/.local/lib/python3.12/site-packages/airflow/example_dags/example_xcomargs.py for tasks to queue
[2026-04-10T09:58:30.497+0900] {logging_mixin.py:190} INFO - [2026-04-10T09:58:30.497+0900] {dagbag.py:587} INFO - Filling up the DagBag from /home/airflow/.local/lib/python3.12/site-packages/airflow/example_dags/example_xcomargs.py
[2026-04-10T09:58:30.505+0900] {processor.py:925} INFO - DAG(s) 'example_xcom_args_with_operators', 'example_xcom_args' retrieved from /home/airflow/.local/lib/python3.12/site-packages/airflow/example_dags/example_xcomargs.py
[2026-04-10T09:58:30.521+0900] {logging_mixin.py:190} INFO - [2026-04-10T09:58:30.520+0900] {dag.py:3211} INFO - Sync 2 DAGs
[2026-04-10T09:58:30.530+0900] {logging_mixin.py:190} INFO - [2026-04-10T09:58:30.530+0900] {dag.py:4138} INFO - Setting next_dagrun for example_xcom_args to None, run_after=None
[2026-04-10T09:58:30.533+0900] {logging_mixin.py:190} INFO - [2026-04-10T09:58:30.533+0900] {dag.py:4138} INFO - Setting next_dagrun for example_xcom_args_with_operators to None, run_after=None
[2026-04-10T09:58:30.546+0900] {processor.py:208} INFO - Processing /home/airflow/.local/lib/python3.12/site-packages/airflow/example_dags/example_xcomargs.py took 0.056 seconds
[2026-04-10T09:59:01.298+0900] {processor.py:186} INFO - Started process (PID=152728) to work on /home/airflow/.local/lib/python3.12/site-packages/airflow/example_dags/example_xcomargs.py
[2026-04-10T09:59:01.299+0900] {processor.py:914} INFO - Processing file /home/airflow/.local/lib/python3.12/site-packages/airflow/example_dags/example_xcomargs.py for tasks to queue
[2026-04-10T09:59:01.301+0900] {logging_mixin.py:190} INFO - [2026-04-10T09:59:01.301+0900] {dagbag.py:587} INFO - Filling up the DagBag from /home/airflow/.local/lib/python3.12/site-packages/airflow/example_dags/example_xcomargs.py
[2026-04-10T09:59:01.309+0900] {processor.py:925} INFO - DAG(s) 'example_xcom_args', 'example_xcom_args_with_operators' retrieved from /home/airflow/.local/lib/python3.12/site-packages/airflow/example_dags/example_xcomargs.py
[2026-04-10T09:59:01.325+0900] {logging_mixin.py:190} INFO - [2026-04-10T09:59:01.325+0900] {dag.py:3211} INFO - Sync 2 DAGs
[2026-04-10T09:59:01.335+0900] {logging_mixin.py:190} INFO - [2026-04-10T09:59:01.334+0900] {dag.py:4138} INFO - Setting next_dagrun for example_xcom_args to None, run_after=None
[2026-04-10T09:59:01.338+0900] {logging_mixin.py:190} INFO - [2026-04-10T09:59:01.338+0900] {dag.py:4138} INFO - Setting next_dagrun for example_xcom_args_with_operators to None, run_after=None
[2026-04-10T09:59:01.350+0900] {processor.py:208} INFO - Processing /home/airflow/.local/lib/python3.12/site-packages/airflow/example_dags/example_xcomargs.py took 0.057 seconds
[2026-04-10T09:59:32.054+0900] {processor.py:186} INFO - Started process (PID=152791) to work on /home/airflow/.local/lib/python3.12/site-packages/airflow/example_dags/example_xcomargs.py
[2026-04-10T09:59:32.055+0900] {processor.py:914} INFO - Processing file /home/airflow/.local/lib/python3.12/site-packages/airflow/example_dags/example_xcomargs.py for tasks to queue
[2026-04-10T09:59:32.057+0900] {logging_mixin.py:190} INFO - [2026-04-10T09:59:32.057+0900] {dagbag.py:587} INFO - Filling up the DagBag from /home/airflow/.local/lib/python3.12/site-packages/airflow/example_dags/example_xcomargs.py
[2026-04-10T09:59:32.066+0900] {processor.py:925} INFO - DAG(s) 'example_xcom_args_with_operators', 'example_xcom_args' retrieved from /home/airflow/.local/lib/python3.12/site-packages/airflow/example_dags/example_xcomargs.py
[2026-04-10T09:59:32.083+0900] {logging_mixin.py:190} INFO - [2026-04-10T09:59:32.082+0900] {dag.py:3211} INFO - Sync 2 DAGs
[2026-04-10T09:59:32.093+0900] {logging_mixin.py:190} INFO - [2026-04-10T09:59:32.093+0900] {dag.py:4138} INFO - Setting next_dagrun for example_xcom_args to None, run_after=None
[2026-04-10T09:59:32.096+0900] {logging_mixin.py:190} INFO - [2026-04-10T09:59:32.096+0900] {dag.py:4138} INFO - Setting next_dagrun for example_xcom_args_with_operators to None, run_after=None
[2026-04-10T09:59:32.109+0900] {processor.py:208} INFO - Processing /home/airflow/.local/lib/python3.12/site-packages/airflow/example_dags/example_xcomargs.py took 0.059 seconds
[2026-04-10T10:00:02.920+0900] {processor.py:186} INFO - Started process (PID=152854) to work on /home/airflow/.local/lib/python3.12/site-packages/airflow/example_dags/example_xcomargs.py
[2026-04-10T10:00:02.921+0900] {processor.py:914} INFO - Processing file /home/airflow/.local/lib/python3.12/site-packages/airflow/example_dags/example_xcomargs.py for tasks to queue
[2026-04-10T10:00:02.924+0900] {logging_mixin.py:190} INFO - [2026-04-10T10:00:02.924+0900] {dagbag.py:587} INFO - Filling up the DagBag from /home/airflow/.local/lib/python3.12/site-packages/airflow/example_dags/example_xcomargs.py
[2026-04-10T10:00:02.935+0900] {processor.py:925} INFO - DAG(s) 'example_xcom_args_with_operators', 'example_xcom_args' retrieved from /home/airflow/.local/lib/python3.12/site-packages/airflow/example_dags/example_xcomargs.py
[2026-04-10T10:00:02.963+0900] {logging_mixin.py:190} INFO - [2026-04-10T10:00:02.963+0900] {dag.py:3211} INFO - Sync 2 DAGs
[2026-04-10T10:00:02.980+0900] {logging_mixin.py:190} INFO - [2026-04-10T10:00:02.979+0900] {dag.py:4138} INFO - Setting next_dagrun for example_xcom_args to None, run_after=None
[2026-04-10T10:00:02.984+0900] {logging_mixin.py:190} INFO - [2026-04-10T10:00:02.984+0900] {dag.py:4138} INFO - Setting next_dagrun for example_xcom_args_with_operators to None, run_after=None
[2026-04-10T10:00:03.007+0900] {processor.py:208} INFO - Processing /home/airflow/.local/lib/python3.12/site-packages/airflow/example_dags/example_xcomargs.py took 0.092 seconds
[2026-04-10T10:00:33.121+0900] {processor.py:186} INFO - Started process (PID=152917) to work on /home/airflow/.local/lib/python3.12/site-packages/airflow/example_dags/example_xcomargs.py
[2026-04-10T10:00:33.122+0900] {processor.py:914} INFO - Processing file /home/airflow/.local/lib/python3.12/site-packages/airflow/example_dags/example_xcomargs.py for tasks to queue
[2026-04-10T10:00:33.124+0900] {logging_mixin.py:190} INFO - [2026-04-10T10:00:33.124+0900] {dagbag.py:587} INFO - Filling up the DagBag from /home/airflow/.local/lib/python3.12/site-packages/airflow/example_dags/example_xcomargs.py
[2026-04-10T10:00:33.131+0900] {processor.py:925} INFO - DAG(s) 'example_xcom_args', 'example_xcom_args_with_operators' retrieved from /home/airflow/.local/lib/python3.12/site-packages/airflow/example_dags/example_xcomargs.py
[2026-04-10T10:00:33.147+0900] {logging_mixin.py:190} INFO - [2026-04-10T10:00:33.147+0900] {dag.py:3211} INFO - Sync 2 DAGs
[2026-04-10T10:00:33.156+0900] {logging_mixin.py:190} INFO - [2026-04-10T10:00:33.156+0900] {dag.py:4138} INFO - Setting next_dagrun for example_xcom_args to None, run_after=None
[2026-04-10T10:00:33.159+0900] {logging_mixin.py:190} INFO - [2026-04-10T10:00:33.159+0900] {dag.py:4138} INFO - Setting next_dagrun for example_xcom_args_with_operators to None, run_after=None
[2026-04-10T10:00:33.172+0900] {processor.py:208} INFO - Processing /home/airflow/.local/lib/python3.12/site-packages/airflow/example_dags/example_xcomargs.py took 0.055 seconds
[2026-04-10T10:01:03.270+0900] {processor.py:186} INFO - Started process (PID=152980) to work on /home/airflow/.local/lib/python3.12/site-packages/airflow/example_dags/example_xcomargs.py
[2026-04-10T10:01:03.272+0900] {processor.py:914} INFO - Processing file /home/airflow/.local/lib/python3.12/site-packages/airflow/example_dags/example_xcomargs.py for tasks to queue
[2026-04-10T10:01:03.274+0900] {logging_mixin.py:190} INFO - [2026-04-10T10:01:03.274+0900] {dagbag.py:587} INFO - Filling up the DagBag from /home/airflow/.local/lib/python3.12/site-packages/airflow/example_dags/example_xcomargs.py
[2026-04-10T10:01:03.282+0900] {processor.py:925} INFO - DAG(s) 'example_xcom_args', 'example_xcom_args_with_operators' retrieved from /home/airflow/.local/lib/python3.12/site-packages/airflow/example_dags/example_xcomargs.py
[2026-04-10T10:01:03.300+0900] {logging_mixin.py:190} INFO - [2026-04-10T10:01:03.300+0900] {dag.py:3211} INFO - Sync 2 DAGs
[2026-04-10T10:01:03.311+0900] {logging_mixin.py:190} INFO - [2026-04-10T10:01:03.311+0900] {dag.py:4138} INFO - Setting next_dagrun for example_xcom_args to None, run_after=None
[2026-04-10T10:01:03.314+0900] {logging_mixin.py:190} INFO - [2026-04-10T10:01:03.313+0900] {dag.py:4138} INFO - Setting next_dagrun for example_xcom_args_with_operators to None, run_after=None
[2026-04-10T10:01:03.325+0900] {processor.py:208} INFO - Processing /home/airflow/.local/lib/python3.12/site-packages/airflow/example_dags/example_xcomargs.py took 0.060 seconds
[2026-04-10T10:01:33.569+0900] {processor.py:186} INFO - Started process (PID=153043) to work on /home/airflow/.local/lib/python3.12/site-packages/airflow/example_dags/example_xcomargs.py
[2026-04-10T10:01:33.570+0900] {processor.py:914} INFO - Processing file /home/airflow/.local/lib/python3.12/site-packages/airflow/example_dags/example_xcomargs.py for tasks to queue
[2026-04-10T10:01:33.572+0900] {logging_mixin.py:190} INFO - [2026-04-10T10:01:33.572+0900] {dagbag.py:587} INFO - Filling up the DagBag from /home/airflow/.local/lib/python3.12/site-packages/airflow/example_dags/example_xcomargs.py
[2026-04-10T10:01:33.580+0900] {processor.py:925} INFO - DAG(s) 'example_xcom_args', 'example_xcom_args_with_operators' retrieved from /home/airflow/.local/lib/python3.12/site-packages/airflow/example_dags/example_xcomargs.py
[2026-04-10T10:01:33.595+0900] {logging_mixin.py:190} INFO - [2026-04-10T10:01:33.595+0900] {dag.py:3211} INFO - Sync 2 DAGs
[2026-04-10T10:01:33.605+0900] {logging_mixin.py:190} INFO - [2026-04-10T10:01:33.605+0900] {dag.py:4138} INFO - Setting next_dagrun for example_xcom_args to None, run_after=None
[2026-04-10T10:01:33.608+0900] {logging_mixin.py:190} INFO - [2026-04-10T10:01:33.608+0900] {dag.py:4138} INFO - Setting next_dagrun for example_xcom_args_with_operators to None, run_after=None
[2026-04-10T10:01:33.619+0900] {processor.py:208} INFO - Processing /home/airflow/.local/lib/python3.12/site-packages/airflow/example_dags/example_xcomargs.py took 0.054 seconds
[2026-04-10T10:02:03.978+0900] {processor.py:186} INFO - Started process (PID=153106) to work on /home/airflow/.local/lib/python3.12/site-packages/airflow/example_dags/example_xcomargs.py
[2026-04-10T10:02:03.979+0900] {processor.py:914} INFO - Processing file /home/airflow/.local/lib/python3.12/site-packages/airflow/example_dags/example_xcomargs.py for tasks to queue
[2026-04-10T10:02:03.982+0900] {logging_mixin.py:190} INFO - [2026-04-10T10:02:03.982+0900] {dagbag.py:587} INFO - Filling up the DagBag from /home/airflow/.local/lib/python3.12/site-packages/airflow/example_dags/example_xcomargs.py
[2026-04-10T10:02:03.991+0900] {processor.py:925} INFO - DAG(s) 'example_xcom_args', 'example_xcom_args_with_operators' retrieved from /home/airflow/.local/lib/python3.12/site-packages/airflow/example_dags/example_xcomargs.py
[2026-04-10T10:02:04.011+0900] {logging_mixin.py:190} INFO - [2026-04-10T10:02:04.010+0900] {dag.py:3211} INFO - Sync 2 DAGs
[2026-04-10T10:02:04.023+0900] {logging_mixin.py:190} INFO - [2026-04-10T10:02:04.023+0900] {dag.py:4138} INFO - Setting next_dagrun for example_xcom_args to None, run_after=None
[2026-04-10T10:02:04.026+0900] {logging_mixin.py:190} INFO - [2026-04-10T10:02:04.026+0900] {dag.py:4138} INFO - Setting next_dagrun for example_xcom_args_with_operators to None, run_after=None
[2026-04-10T10:02:04.038+0900] {processor.py:208} INFO - Processing /home/airflow/.local/lib/python3.12/site-packages/airflow/example_dags/example_xcomargs.py took 0.064 seconds
[2026-04-10T10:02:34.294+0900] {processor.py:186} INFO - Started process (PID=153169) to work on /home/airflow/.local/lib/python3.12/site-packages/airflow/example_dags/example_xcomargs.py
[2026-04-10T10:02:34.296+0900] {processor.py:914} INFO - Processing file /home/airflow/.local/lib/python3.12/site-packages/airflow/example_dags/example_xcomargs.py for tasks to queue
[2026-04-10T10:02:34.298+0900] {logging_mixin.py:190} INFO - [2026-04-10T10:02:34.298+0900] {dagbag.py:587} INFO - Filling up the DagBag from /home/airflow/.local/lib/python3.12/site-packages/airflow/example_dags/example_xcomargs.py
[2026-04-10T10:02:34.306+0900] {processor.py:925} INFO - DAG(s) 'example_xcom_args_with_operators', 'example_xcom_args' retrieved from /home/airflow/.local/lib/python3.12/site-packages/airflow/example_dags/example_xcomargs.py
[2026-04-10T10:02:34.323+0900] {logging_mixin.py:190} INFO - [2026-04-10T10:02:34.323+0900] {dag.py:3211} INFO - Sync 2 DAGs
[2026-04-10T10:02:34.335+0900] {logging_mixin.py:190} INFO - [2026-04-10T10:02:34.335+0900] {dag.py:4138} INFO - Setting next_dagrun for example_xcom_args to None, run_after=None
[2026-04-10T10:02:34.339+0900] {logging_mixin.py:190} INFO - [2026-04-10T10:02:34.338+0900] {dag.py:4138} INFO - Setting next_dagrun for example_xcom_args_with_operators to None, run_after=None
[2026-04-10T10:02:34.353+0900] {processor.py:208} INFO - Processing /home/airflow/.local/lib/python3.12/site-packages/airflow/example_dags/example_xcomargs.py took 0.064 seconds
[2026-04-10T10:03:04.745+0900] {processor.py:186} INFO - Started process (PID=153232) to work on /home/airflow/.local/lib/python3.12/site-packages/airflow/example_dags/example_xcomargs.py
[2026-04-10T10:03:04.747+0900] {processor.py:914} INFO - Processing file /home/airflow/.local/lib/python3.12/site-packages/airflow/example_dags/example_xcomargs.py for tasks to queue
[2026-04-10T10:03:04.750+0900] {logging_mixin.py:190} INFO - [2026-04-10T10:03:04.750+0900] {dagbag.py:587} INFO - Filling up the DagBag from /home/airflow/.local/lib/python3.12/site-packages/airflow/example_dags/example_xcomargs.py
[2026-04-10T10:03:04.764+0900] {processor.py:925} INFO - DAG(s) 'example_xcom_args', 'example_xcom_args_with_operators' retrieved from /home/airflow/.local/lib/python3.12/site-packages/airflow/example_dags/example_xcomargs.py
[2026-04-10T10:03:04.787+0900] {logging_mixin.py:190} INFO - [2026-04-10T10:03:04.786+0900] {dag.py:3211} INFO - Sync 2 DAGs
[2026-04-10T10:03:04.797+0900] {logging_mixin.py:190} INFO - [2026-04-10T10:03:04.797+0900] {dag.py:4138} INFO - Setting next_dagrun for example_xcom_args to None, run_after=None
[2026-04-10T10:03:04.801+0900] {logging_mixin.py:190} INFO - [2026-04-10T10:03:04.801+0900] {dag.py:4138} INFO - Setting next_dagrun for example_xcom_args_with_operators to None, run_after=None
[2026-04-10T10:03:04.814+0900] {processor.py:208} INFO - Processing /home/airflow/.local/lib/python3.12/site-packages/airflow/example_dags/example_xcomargs.py took 0.077 seconds
[2026-04-10T10:03:34.866+0900] {processor.py:186} INFO - Started process (PID=153295) to work on /home/airflow/.local/lib/python3.12/site-packages/airflow/example_dags/example_xcomargs.py
[2026-04-10T10:03:34.868+0900] {processor.py:914} INFO - Processing file /home/airflow/.local/lib/python3.12/site-packages/airflow/example_dags/example_xcomargs.py for tasks to queue
[2026-04-10T10:03:34.870+0900] {logging_mixin.py:190} INFO - [2026-04-10T10:03:34.869+0900] {dagbag.py:587} INFO - Filling up the DagBag from /home/airflow/.local/lib/python3.12/site-packages/airflow/example_dags/example_xcomargs.py
[2026-04-10T10:03:34.879+0900] {processor.py:925} INFO - DAG(s) 'example_xcom_args_with_operators', 'example_xcom_args' retrieved from /home/airflow/.local/lib/python3.12/site-packages/airflow/example_dags/example_xcomargs.py
[2026-04-10T10:03:34.895+0900] {logging_mixin.py:190} INFO - [2026-04-10T10:03:34.895+0900] {dag.py:3211} INFO - Sync 2 DAGs
[2026-04-10T10:03:34.905+0900] {logging_mixin.py:190} INFO - [2026-04-10T10:03:34.905+0900] {dag.py:4138} INFO - Setting next_dagrun for example_xcom_args to None, run_after=None
[2026-04-10T10:03:34.908+0900] {logging_mixin.py:190} INFO - [2026-04-10T10:03:34.908+0900] {dag.py:4138} INFO - Setting next_dagrun for example_xcom_args_with_operators to None, run_after=None
[2026-04-10T10:03:34.919+0900] {processor.py:208} INFO - Processing /home/airflow/.local/lib/python3.12/site-packages/airflow/example_dags/example_xcomargs.py took 0.058 seconds
[2026-04-10T10:04:05.332+0900] {processor.py:186} INFO - Started process (PID=153358) to work on /home/airflow/.local/lib/python3.12/site-packages/airflow/example_dags/example_xcomargs.py
[2026-04-10T10:04:05.334+0900] {processor.py:914} INFO - Processing file /home/airflow/.local/lib/python3.12/site-packages/airflow/example_dags/example_xcomargs.py for tasks to queue
[2026-04-10T10:04:05.336+0900] {logging_mixin.py:190} INFO - [2026-04-10T10:04:05.336+0900] {dagbag.py:587} INFO - Filling up the DagBag from /home/airflow/.local/lib/python3.12/site-packages/airflow/example_dags/example_xcomargs.py
[2026-04-10T10:04:05.344+0900] {processor.py:925} INFO - DAG(s) 'example_xcom_args_with_operators', 'example_xcom_args' retrieved from /home/airflow/.local/lib/python3.12/site-packages/airflow/example_dags/example_xcomargs.py
[2026-04-10T10:04:05.361+0900] {logging_mixin.py:190} INFO - [2026-04-10T10:04:05.361+0900] {dag.py:3211} INFO - Sync 2 DAGs
[2026-04-10T10:04:05.372+0900] {logging_mixin.py:190} INFO - [2026-04-10T10:04:05.372+0900] {dag.py:4138} INFO - Setting next_dagrun for example_xcom_args to None, run_after=None
[2026-04-10T10:04:05.375+0900] {logging_mixin.py:190} INFO - [2026-04-10T10:04:05.375+0900] {dag.py:4138} INFO - Setting next_dagrun for example_xcom_args_with_operators to None, run_after=None
[2026-04-10T10:04:05.388+0900] {processor.py:208} INFO - Processing /home/airflow/.local/lib/python3.12/site-packages/airflow/example_dags/example_xcomargs.py took 0.061 seconds
[2026-04-10T10:04:37.111+0900] {processor.py:186} INFO - Started process (PID=153421) to work on /home/airflow/.local/lib/python3.12/site-packages/airflow/example_dags/example_xcomargs.py
[2026-04-10T10:04:37.116+0900] {processor.py:914} INFO - Processing file /home/airflow/.local/lib/python3.12/site-packages/airflow/example_dags/example_xcomargs.py for tasks to queue
[2026-04-10T10:04:37.128+0900] {logging_mixin.py:190} INFO - [2026-04-10T10:04:37.127+0900] {dagbag.py:587} INFO - Filling up the DagBag from /home/airflow/.local/lib/python3.12/site-packages/airflow/example_dags/example_xcomargs.py
[2026-04-10T10:04:37.163+0900] {processor.py:925} INFO - DAG(s) 'example_xcom_args_with_operators', 'example_xcom_args' retrieved from /home/airflow/.local/lib/python3.12/site-packages/airflow/example_dags/example_xcomargs.py
[2026-04-10T10:04:37.243+0900] {logging_mixin.py:190} INFO - [2026-04-10T10:04:37.242+0900] {dag.py:3211} INFO - Sync 2 DAGs
[2026-04-10T10:04:37.302+0900] {logging_mixin.py:190} INFO - [2026-04-10T10:04:37.301+0900] {dag.py:4138} INFO - Setting next_dagrun for example_xcom_args to None, run_after=None
[2026-04-10T10:04:37.313+0900] {logging_mixin.py:190} INFO - [2026-04-10T10:04:37.312+0900] {dag.py:4138} INFO - Setting next_dagrun for example_xcom_args_with_operators to None, run_after=None
[2026-04-10T10:04:37.359+0900] {processor.py:208} INFO - Processing /home/airflow/.local/lib/python3.12/site-packages/airflow/example_dags/example_xcomargs.py took 0.269 seconds
[2026-04-10T10:05:07.764+0900] {processor.py:186} INFO - Started process (PID=153482) to work on /home/airflow/.local/lib/python3.12/site-packages/airflow/example_dags/example_xcomargs.py
[2026-04-10T10:05:07.766+0900] {processor.py:914} INFO - Processing file /home/airflow/.local/lib/python3.12/site-packages/airflow/example_dags/example_xcomargs.py for tasks to queue
[2026-04-10T10:05:07.769+0900] {logging_mixin.py:190} INFO - [2026-04-10T10:05:07.769+0900] {dagbag.py:587} INFO - Filling up the DagBag from /home/airflow/.local/lib/python3.12/site-packages/airflow/example_dags/example_xcomargs.py
[2026-04-10T10:05:07.787+0900] {processor.py:925} INFO - DAG(s) 'example_xcom_args_with_operators', 'example_xcom_args' retrieved from /home/airflow/.local/lib/python3.12/site-packages/airflow/example_dags/example_xcomargs.py
[2026-04-10T10:05:07.830+0900] {logging_mixin.py:190} INFO - [2026-04-10T10:05:07.829+0900] {dag.py:3211} INFO - Sync 2 DAGs
[2026-04-10T10:05:07.856+0900] {logging_mixin.py:190} INFO - [2026-04-10T10:05:07.856+0900] {dag.py:4138} INFO - Setting next_dagrun for example_xcom_args to None, run_after=None
[2026-04-10T10:05:07.864+0900] {logging_mixin.py:190} INFO - [2026-04-10T10:05:07.863+0900] {dag.py:4138} INFO - Setting next_dagrun for example_xcom_args_with_operators to None, run_after=None
[2026-04-10T10:05:07.895+0900] {processor.py:208} INFO - Processing /home/airflow/.local/lib/python3.12/site-packages/airflow/example_dags/example_xcomargs.py took 0.140 seconds
[2026-04-10T10:05:38.098+0900] {processor.py:186} INFO - Started process (PID=153545) to work on /home/airflow/.local/lib/python3.12/site-packages/airflow/example_dags/example_xcomargs.py
[2026-04-10T10:05:38.101+0900] {processor.py:914} INFO - Processing file /home/airflow/.local/lib/python3.12/site-packages/airflow/example_dags/example_xcomargs.py for tasks to queue
[2026-04-10T10:05:38.106+0900] {logging_mixin.py:190} INFO - [2026-04-10T10:05:38.105+0900] {dagbag.py:587} INFO - Filling up the DagBag from /home/airflow/.local/lib/python3.12/site-packages/airflow/example_dags/example_xcomargs.py
[2026-04-10T10:05:38.126+0900] {processor.py:925} INFO - DAG(s) 'example_xcom_args_with_operators', 'example_xcom_args' retrieved from /home/airflow/.local/lib/python3.12/site-packages/airflow/example_dags/example_xcomargs.py
[2026-04-10T10:05:38.168+0900] {logging_mixin.py:190} INFO - [2026-04-10T10:05:38.168+0900] {dag.py:3211} INFO - Sync 2 DAGs
[2026-04-10T10:05:38.193+0900] {logging_mixin.py:190} INFO - [2026-04-10T10:05:38.192+0900] {dag.py:4138} INFO - Setting next_dagrun for example_xcom_args to None, run_after=None
[2026-04-10T10:05:38.200+0900] {logging_mixin.py:190} INFO - [2026-04-10T10:05:38.200+0900] {dag.py:4138} INFO - Setting next_dagrun for example_xcom_args_with_operators to None, run_after=None
[2026-04-10T10:05:38.235+0900] {processor.py:208} INFO - Processing /home/airflow/.local/lib/python3.12/site-packages/airflow/example_dags/example_xcomargs.py took 0.150 seconds
[2026-04-10T10:06:08.348+0900] {processor.py:186} INFO - Started process (PID=153608) to work on /home/airflow/.local/lib/python3.12/site-packages/airflow/example_dags/example_xcomargs.py
[2026-04-10T10:06:08.350+0900] {processor.py:914} INFO - Processing file /home/airflow/.local/lib/python3.12/site-packages/airflow/example_dags/example_xcomargs.py for tasks to queue
[2026-04-10T10:06:08.355+0900] {logging_mixin.py:190} INFO - [2026-04-10T10:06:08.354+0900] {dagbag.py:587} INFO - Filling up the DagBag from /home/airflow/.local/lib/python3.12/site-packages/airflow/example_dags/example_xcomargs.py
[2026-04-10T10:06:08.370+0900] {processor.py:925} INFO - DAG(s) 'example_xcom_args_with_operators', 'example_xcom_args' retrieved from /home/airflow/.local/lib/python3.12/site-packages/airflow/example_dags/example_xcomargs.py
[2026-04-10T10:06:08.408+0900] {logging_mixin.py:190} INFO - [2026-04-10T10:06:08.408+0900] {dag.py:3211} INFO - Sync 2 DAGs
[2026-04-10T10:06:08.427+0900] {logging_mixin.py:190} INFO - [2026-04-10T10:06:08.427+0900] {dag.py:4138} INFO - Setting next_dagrun for example_xcom_args to None, run_after=None
[2026-04-10T10:06:08.432+0900] {logging_mixin.py:190} INFO - [2026-04-10T10:06:08.432+0900] {dag.py:4138} INFO - Setting next_dagrun for example_xcom_args_with_operators to None, run_after=None
[2026-04-10T10:06:08.449+0900] {processor.py:208} INFO - Processing /home/airflow/.local/lib/python3.12/site-packages/airflow/example_dags/example_xcomargs.py took 0.109 seconds
[2026-04-10T10:06:38.584+0900] {processor.py:186} INFO - Started process (PID=153672) to work on /home/airflow/.local/lib/python3.12/site-packages/airflow/example_dags/example_xcomargs.py
[2026-04-10T10:06:38.586+0900] {processor.py:914} INFO - Processing file /home/airflow/.local/lib/python3.12/site-packages/airflow/example_dags/example_xcomargs.py for tasks to queue
[2026-04-10T10:06:38.592+0900] {logging_mixin.py:190} INFO - [2026-04-10T10:06:38.592+0900] {dagbag.py:587} INFO - Filling up the DagBag from /home/airflow/.local/lib/python3.12/site-packages/airflow/example_dags/example_xcomargs.py
[2026-04-10T10:06:38.617+0900] {processor.py:925} INFO - DAG(s) 'example_xcom_args', 'example_xcom_args_with_operators' retrieved from /home/airflow/.local/lib/python3.12/site-packages/airflow/example_dags/example_xcomargs.py
[2026-04-10T10:06:38.668+0900] {logging_mixin.py:190} INFO - [2026-04-10T10:06:38.668+0900] {dag.py:3211} INFO - Sync 2 DAGs
[2026-04-10T10:06:38.718+0900] {logging_mixin.py:190} INFO - [2026-04-10T10:06:38.717+0900] {dag.py:4138} INFO - Setting next_dagrun for example_xcom_args to None, run_after=None
[2026-04-10T10:06:38.738+0900] {logging_mixin.py:190} INFO - [2026-04-10T10:06:38.732+0900] {dag.py:4138} INFO - Setting next_dagrun for example_xcom_args_with_operators to None, run_after=None
[2026-04-10T10:06:38.794+0900] {processor.py:208} INFO - Processing /home/airflow/.local/lib/python3.12/site-packages/airflow/example_dags/example_xcomargs.py took 0.219 seconds
