[2026-04-10T09:00:18.457+0900] {processor.py:186} INFO - Started process (PID=145472) to work on /home/airflow/.local/lib/python3.12/site-packages/airflow/example_dags/example_outlet_event_extra.py
[2026-04-10T09:00:18.459+0900] {processor.py:914} INFO - Processing file /home/airflow/.local/lib/python3.12/site-packages/airflow/example_dags/example_outlet_event_extra.py for tasks to queue
[2026-04-10T09:00:18.461+0900] {logging_mixin.py:190} INFO - [2026-04-10T09:00:18.461+0900] {dagbag.py:587} INFO - Filling up the DagBag from /home/airflow/.local/lib/python3.12/site-packages/airflow/example_dags/example_outlet_event_extra.py
[2026-04-10T09:00:18.561+0900] {processor.py:925} INFO - DAG(s) 'dataset_with_extra_by_context', 'dataset_with_extra_by_yield', 'dataset_with_extra_from_classic_operator' retrieved from /home/airflow/.local/lib/python3.12/site-packages/airflow/example_dags/example_outlet_event_extra.py
[2026-04-10T09:00:18.584+0900] {logging_mixin.py:190} INFO - [2026-04-10T09:00:18.584+0900] {dag.py:3211} INFO - Sync 3 DAGs
[2026-04-10T09:00:18.604+0900] {logging_mixin.py:190} INFO - [2026-04-10T09:00:18.603+0900] {dag.py:4138} INFO - Setting next_dagrun for dataset_with_extra_by_context to 2026-04-09 00:00:00+00:00, run_after=2026-04-10 00:00:00+00:00
[2026-04-10T09:00:18.607+0900] {logging_mixin.py:190} INFO - [2026-04-10T09:00:18.607+0900] {dag.py:4138} INFO - Setting next_dagrun for dataset_with_extra_by_yield to 2026-04-09 00:00:00+00:00, run_after=2026-04-10 00:00:00+00:00
[2026-04-10T09:00:18.609+0900] {logging_mixin.py:190} INFO - [2026-04-10T09:00:18.609+0900] {dag.py:4138} INFO - Setting next_dagrun for dataset_with_extra_from_classic_operator to 2026-04-09 00:00:00+00:00, run_after=2026-04-10 00:00:00+00:00
[2026-04-10T09:00:18.767+0900] {processor.py:208} INFO - Processing /home/airflow/.local/lib/python3.12/site-packages/airflow/example_dags/example_outlet_event_extra.py took 0.315 seconds
[2026-04-10T09:00:49.711+0900] {processor.py:186} INFO - Started process (PID=145535) to work on /home/airflow/.local/lib/python3.12/site-packages/airflow/example_dags/example_outlet_event_extra.py
[2026-04-10T09:00:49.712+0900] {processor.py:914} INFO - Processing file /home/airflow/.local/lib/python3.12/site-packages/airflow/example_dags/example_outlet_event_extra.py for tasks to queue
[2026-04-10T09:00:49.714+0900] {logging_mixin.py:190} INFO - [2026-04-10T09:00:49.714+0900] {dagbag.py:587} INFO - Filling up the DagBag from /home/airflow/.local/lib/python3.12/site-packages/airflow/example_dags/example_outlet_event_extra.py
[2026-04-10T09:00:49.817+0900] {processor.py:925} INFO - DAG(s) 'dataset_with_extra_by_context', 'dataset_with_extra_from_classic_operator', 'dataset_with_extra_by_yield' retrieved from /home/airflow/.local/lib/python3.12/site-packages/airflow/example_dags/example_outlet_event_extra.py
[2026-04-10T09:00:49.840+0900] {logging_mixin.py:190} INFO - [2026-04-10T09:00:49.839+0900] {dag.py:3211} INFO - Sync 3 DAGs
[2026-04-10T09:00:49.861+0900] {logging_mixin.py:190} INFO - [2026-04-10T09:00:49.861+0900] {dag.py:4138} INFO - Setting next_dagrun for dataset_with_extra_by_context to 2026-04-09 00:00:00+00:00, run_after=2026-04-10 00:00:00+00:00
[2026-04-10T09:00:49.865+0900] {logging_mixin.py:190} INFO - [2026-04-10T09:00:49.865+0900] {dag.py:4138} INFO - Setting next_dagrun for dataset_with_extra_by_yield to 2026-04-09 00:00:00+00:00, run_after=2026-04-10 00:00:00+00:00
[2026-04-10T09:00:49.867+0900] {logging_mixin.py:190} INFO - [2026-04-10T09:00:49.867+0900] {dag.py:4138} INFO - Setting next_dagrun for dataset_with_extra_from_classic_operator to 2026-04-09 00:00:00+00:00, run_after=2026-04-10 00:00:00+00:00
[2026-04-10T09:00:49.884+0900] {processor.py:208} INFO - Processing /home/airflow/.local/lib/python3.12/site-packages/airflow/example_dags/example_outlet_event_extra.py took 0.179 seconds
[2026-04-10T09:01:20.888+0900] {processor.py:186} INFO - Started process (PID=145598) to work on /home/airflow/.local/lib/python3.12/site-packages/airflow/example_dags/example_outlet_event_extra.py
[2026-04-10T09:01:20.889+0900] {processor.py:914} INFO - Processing file /home/airflow/.local/lib/python3.12/site-packages/airflow/example_dags/example_outlet_event_extra.py for tasks to queue
[2026-04-10T09:01:20.892+0900] {logging_mixin.py:190} INFO - [2026-04-10T09:01:20.891+0900] {dagbag.py:587} INFO - Filling up the DagBag from /home/airflow/.local/lib/python3.12/site-packages/airflow/example_dags/example_outlet_event_extra.py
[2026-04-10T09:01:21.136+0900] {processor.py:925} INFO - DAG(s) 'dataset_with_extra_from_classic_operator', 'dataset_with_extra_by_yield', 'dataset_with_extra_by_context' retrieved from /home/airflow/.local/lib/python3.12/site-packages/airflow/example_dags/example_outlet_event_extra.py
[2026-04-10T09:01:21.156+0900] {logging_mixin.py:190} INFO - [2026-04-10T09:01:21.155+0900] {dag.py:3211} INFO - Sync 3 DAGs
[2026-04-10T09:01:21.172+0900] {logging_mixin.py:190} INFO - [2026-04-10T09:01:21.171+0900] {dag.py:4138} INFO - Setting next_dagrun for dataset_with_extra_by_context to 2026-04-09 00:00:00+00:00, run_after=2026-04-10 00:00:00+00:00
[2026-04-10T09:01:21.175+0900] {logging_mixin.py:190} INFO - [2026-04-10T09:01:21.175+0900] {dag.py:4138} INFO - Setting next_dagrun for dataset_with_extra_by_yield to 2026-04-09 00:00:00+00:00, run_after=2026-04-10 00:00:00+00:00
[2026-04-10T09:01:21.177+0900] {logging_mixin.py:190} INFO - [2026-04-10T09:01:21.177+0900] {dag.py:4138} INFO - Setting next_dagrun for dataset_with_extra_from_classic_operator to 2026-04-09 00:00:00+00:00, run_after=2026-04-10 00:00:00+00:00
[2026-04-10T09:01:21.191+0900] {processor.py:208} INFO - Processing /home/airflow/.local/lib/python3.12/site-packages/airflow/example_dags/example_outlet_event_extra.py took 0.307 seconds
[2026-04-10T09:01:51.251+0900] {processor.py:186} INFO - Started process (PID=145660) to work on /home/airflow/.local/lib/python3.12/site-packages/airflow/example_dags/example_outlet_event_extra.py
[2026-04-10T09:01:51.252+0900] {processor.py:914} INFO - Processing file /home/airflow/.local/lib/python3.12/site-packages/airflow/example_dags/example_outlet_event_extra.py for tasks to queue
[2026-04-10T09:01:51.254+0900] {logging_mixin.py:190} INFO - [2026-04-10T09:01:51.254+0900] {dagbag.py:587} INFO - Filling up the DagBag from /home/airflow/.local/lib/python3.12/site-packages/airflow/example_dags/example_outlet_event_extra.py
[2026-04-10T09:01:51.349+0900] {processor.py:925} INFO - DAG(s) 'dataset_with_extra_from_classic_operator', 'dataset_with_extra_by_yield', 'dataset_with_extra_by_context' retrieved from /home/airflow/.local/lib/python3.12/site-packages/airflow/example_dags/example_outlet_event_extra.py
[2026-04-10T09:01:51.370+0900] {logging_mixin.py:190} INFO - [2026-04-10T09:01:51.370+0900] {dag.py:3211} INFO - Sync 3 DAGs
[2026-04-10T09:01:51.522+0900] {logging_mixin.py:190} INFO - [2026-04-10T09:01:51.522+0900] {dag.py:4138} INFO - Setting next_dagrun for dataset_with_extra_by_context to 2026-04-09 00:00:00+00:00, run_after=2026-04-10 00:00:00+00:00
[2026-04-10T09:01:51.526+0900] {logging_mixin.py:190} INFO - [2026-04-10T09:01:51.526+0900] {dag.py:4138} INFO - Setting next_dagrun for dataset_with_extra_by_yield to 2026-04-09 00:00:00+00:00, run_after=2026-04-10 00:00:00+00:00
[2026-04-10T09:01:51.528+0900] {logging_mixin.py:190} INFO - [2026-04-10T09:01:51.528+0900] {dag.py:4138} INFO - Setting next_dagrun for dataset_with_extra_from_classic_operator to 2026-04-09 00:00:00+00:00, run_after=2026-04-10 00:00:00+00:00
[2026-04-10T09:01:51.543+0900] {processor.py:208} INFO - Processing /home/airflow/.local/lib/python3.12/site-packages/airflow/example_dags/example_outlet_event_extra.py took 0.298 seconds
[2026-04-10T09:02:22.503+0900] {processor.py:186} INFO - Started process (PID=145724) to work on /home/airflow/.local/lib/python3.12/site-packages/airflow/example_dags/example_outlet_event_extra.py
[2026-04-10T09:02:22.504+0900] {processor.py:914} INFO - Processing file /home/airflow/.local/lib/python3.12/site-packages/airflow/example_dags/example_outlet_event_extra.py for tasks to queue
[2026-04-10T09:02:22.506+0900] {logging_mixin.py:190} INFO - [2026-04-10T09:02:22.505+0900] {dagbag.py:587} INFO - Filling up the DagBag from /home/airflow/.local/lib/python3.12/site-packages/airflow/example_dags/example_outlet_event_extra.py
[2026-04-10T09:02:22.603+0900] {processor.py:925} INFO - DAG(s) 'dataset_with_extra_from_classic_operator', 'dataset_with_extra_by_yield', 'dataset_with_extra_by_context' retrieved from /home/airflow/.local/lib/python3.12/site-packages/airflow/example_dags/example_outlet_event_extra.py
[2026-04-10T09:02:22.766+0900] {logging_mixin.py:190} INFO - [2026-04-10T09:02:22.766+0900] {dag.py:3211} INFO - Sync 3 DAGs
[2026-04-10T09:02:22.782+0900] {logging_mixin.py:190} INFO - [2026-04-10T09:02:22.781+0900] {dag.py:4138} INFO - Setting next_dagrun for dataset_with_extra_by_context to 2026-04-09 00:00:00+00:00, run_after=2026-04-10 00:00:00+00:00
[2026-04-10T09:02:22.785+0900] {logging_mixin.py:190} INFO - [2026-04-10T09:02:22.785+0900] {dag.py:4138} INFO - Setting next_dagrun for dataset_with_extra_by_yield to 2026-04-09 00:00:00+00:00, run_after=2026-04-10 00:00:00+00:00
[2026-04-10T09:02:22.787+0900] {logging_mixin.py:190} INFO - [2026-04-10T09:02:22.787+0900] {dag.py:4138} INFO - Setting next_dagrun for dataset_with_extra_from_classic_operator to 2026-04-09 00:00:00+00:00, run_after=2026-04-10 00:00:00+00:00
[2026-04-10T09:02:22.805+0900] {processor.py:208} INFO - Processing /home/airflow/.local/lib/python3.12/site-packages/airflow/example_dags/example_outlet_event_extra.py took 0.307 seconds
[2026-04-10T09:02:53.246+0900] {processor.py:186} INFO - Started process (PID=145787) to work on /home/airflow/.local/lib/python3.12/site-packages/airflow/example_dags/example_outlet_event_extra.py
[2026-04-10T09:02:53.247+0900] {processor.py:914} INFO - Processing file /home/airflow/.local/lib/python3.12/site-packages/airflow/example_dags/example_outlet_event_extra.py for tasks to queue
[2026-04-10T09:02:53.249+0900] {logging_mixin.py:190} INFO - [2026-04-10T09:02:53.249+0900] {dagbag.py:587} INFO - Filling up the DagBag from /home/airflow/.local/lib/python3.12/site-packages/airflow/example_dags/example_outlet_event_extra.py
[2026-04-10T09:02:53.491+0900] {processor.py:925} INFO - DAG(s) 'dataset_with_extra_by_context', 'dataset_with_extra_by_yield', 'dataset_with_extra_from_classic_operator' retrieved from /home/airflow/.local/lib/python3.12/site-packages/airflow/example_dags/example_outlet_event_extra.py
[2026-04-10T09:02:53.509+0900] {logging_mixin.py:190} INFO - [2026-04-10T09:02:53.509+0900] {dag.py:3211} INFO - Sync 3 DAGs
[2026-04-10T09:02:53.526+0900] {logging_mixin.py:190} INFO - [2026-04-10T09:02:53.525+0900] {dag.py:4138} INFO - Setting next_dagrun for dataset_with_extra_by_context to 2026-04-09 00:00:00+00:00, run_after=2026-04-10 00:00:00+00:00
[2026-04-10T09:02:53.529+0900] {logging_mixin.py:190} INFO - [2026-04-10T09:02:53.529+0900] {dag.py:4138} INFO - Setting next_dagrun for dataset_with_extra_by_yield to 2026-04-09 00:00:00+00:00, run_after=2026-04-10 00:00:00+00:00
[2026-04-10T09:02:53.531+0900] {logging_mixin.py:190} INFO - [2026-04-10T09:02:53.531+0900] {dag.py:4138} INFO - Setting next_dagrun for dataset_with_extra_from_classic_operator to 2026-04-09 00:00:00+00:00, run_after=2026-04-10 00:00:00+00:00
[2026-04-10T09:02:53.545+0900] {processor.py:208} INFO - Processing /home/airflow/.local/lib/python3.12/site-packages/airflow/example_dags/example_outlet_event_extra.py took 0.303 seconds
[2026-04-10T09:03:24.063+0900] {processor.py:186} INFO - Started process (PID=145850) to work on /home/airflow/.local/lib/python3.12/site-packages/airflow/example_dags/example_outlet_event_extra.py
[2026-04-10T09:03:24.064+0900] {processor.py:914} INFO - Processing file /home/airflow/.local/lib/python3.12/site-packages/airflow/example_dags/example_outlet_event_extra.py for tasks to queue
[2026-04-10T09:03:24.068+0900] {logging_mixin.py:190} INFO - [2026-04-10T09:03:24.067+0900] {dagbag.py:587} INFO - Filling up the DagBag from /home/airflow/.local/lib/python3.12/site-packages/airflow/example_dags/example_outlet_event_extra.py
[2026-04-10T09:03:24.351+0900] {processor.py:925} INFO - DAG(s) 'dataset_with_extra_from_classic_operator', 'dataset_with_extra_by_yield', 'dataset_with_extra_by_context' retrieved from /home/airflow/.local/lib/python3.12/site-packages/airflow/example_dags/example_outlet_event_extra.py
[2026-04-10T09:03:24.370+0900] {logging_mixin.py:190} INFO - [2026-04-10T09:03:24.369+0900] {dag.py:3211} INFO - Sync 3 DAGs
[2026-04-10T09:03:24.386+0900] {logging_mixin.py:190} INFO - [2026-04-10T09:03:24.386+0900] {dag.py:4138} INFO - Setting next_dagrun for dataset_with_extra_by_context to 2026-04-09 00:00:00+00:00, run_after=2026-04-10 00:00:00+00:00
[2026-04-10T09:03:24.390+0900] {logging_mixin.py:190} INFO - [2026-04-10T09:03:24.390+0900] {dag.py:4138} INFO - Setting next_dagrun for dataset_with_extra_by_yield to 2026-04-09 00:00:00+00:00, run_after=2026-04-10 00:00:00+00:00
[2026-04-10T09:03:24.392+0900] {logging_mixin.py:190} INFO - [2026-04-10T09:03:24.392+0900] {dag.py:4138} INFO - Setting next_dagrun for dataset_with_extra_from_classic_operator to 2026-04-09 00:00:00+00:00, run_after=2026-04-10 00:00:00+00:00
[2026-04-10T09:03:24.411+0900] {processor.py:208} INFO - Processing /home/airflow/.local/lib/python3.12/site-packages/airflow/example_dags/example_outlet_event_extra.py took 0.354 seconds
[2026-04-10T09:03:55.254+0900] {processor.py:186} INFO - Started process (PID=145913) to work on /home/airflow/.local/lib/python3.12/site-packages/airflow/example_dags/example_outlet_event_extra.py
[2026-04-10T09:03:55.255+0900] {processor.py:914} INFO - Processing file /home/airflow/.local/lib/python3.12/site-packages/airflow/example_dags/example_outlet_event_extra.py for tasks to queue
[2026-04-10T09:03:55.257+0900] {logging_mixin.py:190} INFO - [2026-04-10T09:03:55.257+0900] {dagbag.py:587} INFO - Filling up the DagBag from /home/airflow/.local/lib/python3.12/site-packages/airflow/example_dags/example_outlet_event_extra.py
[2026-04-10T09:03:55.492+0900] {processor.py:925} INFO - DAG(s) 'dataset_with_extra_from_classic_operator', 'dataset_with_extra_by_yield', 'dataset_with_extra_by_context' retrieved from /home/airflow/.local/lib/python3.12/site-packages/airflow/example_dags/example_outlet_event_extra.py
[2026-04-10T09:03:55.513+0900] {logging_mixin.py:190} INFO - [2026-04-10T09:03:55.513+0900] {dag.py:3211} INFO - Sync 3 DAGs
[2026-04-10T09:03:55.533+0900] {logging_mixin.py:190} INFO - [2026-04-10T09:03:55.533+0900] {dag.py:4138} INFO - Setting next_dagrun for dataset_with_extra_by_context to 2026-04-09 00:00:00+00:00, run_after=2026-04-10 00:00:00+00:00
[2026-04-10T09:03:55.537+0900] {logging_mixin.py:190} INFO - [2026-04-10T09:03:55.537+0900] {dag.py:4138} INFO - Setting next_dagrun for dataset_with_extra_by_yield to 2026-04-09 00:00:00+00:00, run_after=2026-04-10 00:00:00+00:00
[2026-04-10T09:03:55.539+0900] {logging_mixin.py:190} INFO - [2026-04-10T09:03:55.539+0900] {dag.py:4138} INFO - Setting next_dagrun for dataset_with_extra_from_classic_operator to 2026-04-09 00:00:00+00:00, run_after=2026-04-10 00:00:00+00:00
[2026-04-10T09:03:55.559+0900] {processor.py:208} INFO - Processing /home/airflow/.local/lib/python3.12/site-packages/airflow/example_dags/example_outlet_event_extra.py took 0.309 seconds
[2026-04-10T09:04:25.700+0900] {processor.py:186} INFO - Started process (PID=145976) to work on /home/airflow/.local/lib/python3.12/site-packages/airflow/example_dags/example_outlet_event_extra.py
[2026-04-10T09:04:25.701+0900] {processor.py:914} INFO - Processing file /home/airflow/.local/lib/python3.12/site-packages/airflow/example_dags/example_outlet_event_extra.py for tasks to queue
[2026-04-10T09:04:25.704+0900] {logging_mixin.py:190} INFO - [2026-04-10T09:04:25.704+0900] {dagbag.py:587} INFO - Filling up the DagBag from /home/airflow/.local/lib/python3.12/site-packages/airflow/example_dags/example_outlet_event_extra.py
[2026-04-10T09:04:25.937+0900] {processor.py:925} INFO - DAG(s) 'dataset_with_extra_from_classic_operator', 'dataset_with_extra_by_yield', 'dataset_with_extra_by_context' retrieved from /home/airflow/.local/lib/python3.12/site-packages/airflow/example_dags/example_outlet_event_extra.py
[2026-04-10T09:04:25.954+0900] {logging_mixin.py:190} INFO - [2026-04-10T09:04:25.954+0900] {dag.py:3211} INFO - Sync 3 DAGs
[2026-04-10T09:04:25.970+0900] {logging_mixin.py:190} INFO - [2026-04-10T09:04:25.970+0900] {dag.py:4138} INFO - Setting next_dagrun for dataset_with_extra_by_context to 2026-04-09 00:00:00+00:00, run_after=2026-04-10 00:00:00+00:00
[2026-04-10T09:04:25.974+0900] {logging_mixin.py:190} INFO - [2026-04-10T09:04:25.974+0900] {dag.py:4138} INFO - Setting next_dagrun for dataset_with_extra_by_yield to 2026-04-09 00:00:00+00:00, run_after=2026-04-10 00:00:00+00:00
[2026-04-10T09:04:25.976+0900] {logging_mixin.py:190} INFO - [2026-04-10T09:04:25.976+0900] {dag.py:4138} INFO - Setting next_dagrun for dataset_with_extra_from_classic_operator to 2026-04-09 00:00:00+00:00, run_after=2026-04-10 00:00:00+00:00
[2026-04-10T09:04:25.994+0900] {processor.py:208} INFO - Processing /home/airflow/.local/lib/python3.12/site-packages/airflow/example_dags/example_outlet_event_extra.py took 0.299 seconds
[2026-04-10T09:04:56.421+0900] {processor.py:186} INFO - Started process (PID=146039) to work on /home/airflow/.local/lib/python3.12/site-packages/airflow/example_dags/example_outlet_event_extra.py
[2026-04-10T09:04:56.422+0900] {processor.py:914} INFO - Processing file /home/airflow/.local/lib/python3.12/site-packages/airflow/example_dags/example_outlet_event_extra.py for tasks to queue
[2026-04-10T09:04:56.424+0900] {logging_mixin.py:190} INFO - [2026-04-10T09:04:56.424+0900] {dagbag.py:587} INFO - Filling up the DagBag from /home/airflow/.local/lib/python3.12/site-packages/airflow/example_dags/example_outlet_event_extra.py
[2026-04-10T09:04:56.673+0900] {processor.py:925} INFO - DAG(s) 'dataset_with_extra_by_context', 'dataset_with_extra_from_classic_operator', 'dataset_with_extra_by_yield' retrieved from /home/airflow/.local/lib/python3.12/site-packages/airflow/example_dags/example_outlet_event_extra.py
[2026-04-10T09:04:56.693+0900] {logging_mixin.py:190} INFO - [2026-04-10T09:04:56.693+0900] {dag.py:3211} INFO - Sync 3 DAGs
[2026-04-10T09:04:56.710+0900] {logging_mixin.py:190} INFO - [2026-04-10T09:04:56.709+0900] {dag.py:4138} INFO - Setting next_dagrun for dataset_with_extra_by_context to 2026-04-09 00:00:00+00:00, run_after=2026-04-10 00:00:00+00:00
[2026-04-10T09:04:56.713+0900] {logging_mixin.py:190} INFO - [2026-04-10T09:04:56.713+0900] {dag.py:4138} INFO - Setting next_dagrun for dataset_with_extra_by_yield to 2026-04-09 00:00:00+00:00, run_after=2026-04-10 00:00:00+00:00
[2026-04-10T09:04:56.715+0900] {logging_mixin.py:190} INFO - [2026-04-10T09:04:56.715+0900] {dag.py:4138} INFO - Setting next_dagrun for dataset_with_extra_from_classic_operator to 2026-04-09 00:00:00+00:00, run_after=2026-04-10 00:00:00+00:00
[2026-04-10T09:04:56.737+0900] {processor.py:208} INFO - Processing /home/airflow/.local/lib/python3.12/site-packages/airflow/example_dags/example_outlet_event_extra.py took 0.320 seconds
[2026-04-10T09:05:27.665+0900] {processor.py:186} INFO - Started process (PID=146102) to work on /home/airflow/.local/lib/python3.12/site-packages/airflow/example_dags/example_outlet_event_extra.py
[2026-04-10T09:05:27.666+0900] {processor.py:914} INFO - Processing file /home/airflow/.local/lib/python3.12/site-packages/airflow/example_dags/example_outlet_event_extra.py for tasks to queue
[2026-04-10T09:05:27.668+0900] {logging_mixin.py:190} INFO - [2026-04-10T09:05:27.668+0900] {dagbag.py:587} INFO - Filling up the DagBag from /home/airflow/.local/lib/python3.12/site-packages/airflow/example_dags/example_outlet_event_extra.py
[2026-04-10T09:05:27.937+0900] {processor.py:925} INFO - DAG(s) 'dataset_with_extra_from_classic_operator', 'dataset_with_extra_by_yield', 'dataset_with_extra_by_context' retrieved from /home/airflow/.local/lib/python3.12/site-packages/airflow/example_dags/example_outlet_event_extra.py
[2026-04-10T09:05:27.956+0900] {logging_mixin.py:190} INFO - [2026-04-10T09:05:27.956+0900] {dag.py:3211} INFO - Sync 3 DAGs
[2026-04-10T09:05:27.972+0900] {logging_mixin.py:190} INFO - [2026-04-10T09:05:27.972+0900] {dag.py:4138} INFO - Setting next_dagrun for dataset_with_extra_by_context to 2026-04-09 00:00:00+00:00, run_after=2026-04-10 00:00:00+00:00
[2026-04-10T09:05:27.976+0900] {logging_mixin.py:190} INFO - [2026-04-10T09:05:27.976+0900] {dag.py:4138} INFO - Setting next_dagrun for dataset_with_extra_by_yield to 2026-04-09 00:00:00+00:00, run_after=2026-04-10 00:00:00+00:00
[2026-04-10T09:05:27.979+0900] {logging_mixin.py:190} INFO - [2026-04-10T09:05:27.978+0900] {dag.py:4138} INFO - Setting next_dagrun for dataset_with_extra_from_classic_operator to 2026-04-09 00:00:00+00:00, run_after=2026-04-10 00:00:00+00:00
[2026-04-10T09:05:27.996+0900] {processor.py:208} INFO - Processing /home/airflow/.local/lib/python3.12/site-packages/airflow/example_dags/example_outlet_event_extra.py took 0.336 seconds
[2026-04-10T09:05:58.798+0900] {processor.py:186} INFO - Started process (PID=146165) to work on /home/airflow/.local/lib/python3.12/site-packages/airflow/example_dags/example_outlet_event_extra.py
[2026-04-10T09:05:58.799+0900] {processor.py:914} INFO - Processing file /home/airflow/.local/lib/python3.12/site-packages/airflow/example_dags/example_outlet_event_extra.py for tasks to queue
[2026-04-10T09:05:58.801+0900] {logging_mixin.py:190} INFO - [2026-04-10T09:05:58.801+0900] {dagbag.py:587} INFO - Filling up the DagBag from /home/airflow/.local/lib/python3.12/site-packages/airflow/example_dags/example_outlet_event_extra.py
[2026-04-10T09:05:59.031+0900] {processor.py:925} INFO - DAG(s) 'dataset_with_extra_from_classic_operator', 'dataset_with_extra_by_context', 'dataset_with_extra_by_yield' retrieved from /home/airflow/.local/lib/python3.12/site-packages/airflow/example_dags/example_outlet_event_extra.py
[2026-04-10T09:05:59.049+0900] {logging_mixin.py:190} INFO - [2026-04-10T09:05:59.049+0900] {dag.py:3211} INFO - Sync 3 DAGs
[2026-04-10T09:05:59.064+0900] {logging_mixin.py:190} INFO - [2026-04-10T09:05:59.064+0900] {dag.py:4138} INFO - Setting next_dagrun for dataset_with_extra_by_context to 2026-04-09 00:00:00+00:00, run_after=2026-04-10 00:00:00+00:00
[2026-04-10T09:05:59.068+0900] {logging_mixin.py:190} INFO - [2026-04-10T09:05:59.067+0900] {dag.py:4138} INFO - Setting next_dagrun for dataset_with_extra_by_yield to 2026-04-09 00:00:00+00:00, run_after=2026-04-10 00:00:00+00:00
[2026-04-10T09:05:59.069+0900] {logging_mixin.py:190} INFO - [2026-04-10T09:05:59.069+0900] {dag.py:4138} INFO - Setting next_dagrun for dataset_with_extra_from_classic_operator to 2026-04-09 00:00:00+00:00, run_after=2026-04-10 00:00:00+00:00
[2026-04-10T09:05:59.083+0900] {processor.py:208} INFO - Processing /home/airflow/.local/lib/python3.12/site-packages/airflow/example_dags/example_outlet_event_extra.py took 0.289 seconds
[2026-04-10T09:06:29.125+0900] {processor.py:186} INFO - Started process (PID=146227) to work on /home/airflow/.local/lib/python3.12/site-packages/airflow/example_dags/example_outlet_event_extra.py
[2026-04-10T09:06:29.126+0900] {processor.py:914} INFO - Processing file /home/airflow/.local/lib/python3.12/site-packages/airflow/example_dags/example_outlet_event_extra.py for tasks to queue
[2026-04-10T09:06:29.128+0900] {logging_mixin.py:190} INFO - [2026-04-10T09:06:29.128+0900] {dagbag.py:587} INFO - Filling up the DagBag from /home/airflow/.local/lib/python3.12/site-packages/airflow/example_dags/example_outlet_event_extra.py
[2026-04-10T09:06:29.352+0900] {processor.py:925} INFO - DAG(s) 'dataset_with_extra_by_yield', 'dataset_with_extra_from_classic_operator', 'dataset_with_extra_by_context' retrieved from /home/airflow/.local/lib/python3.12/site-packages/airflow/example_dags/example_outlet_event_extra.py
[2026-04-10T09:06:29.371+0900] {logging_mixin.py:190} INFO - [2026-04-10T09:06:29.371+0900] {dag.py:3211} INFO - Sync 3 DAGs
[2026-04-10T09:06:29.386+0900] {logging_mixin.py:190} INFO - [2026-04-10T09:06:29.386+0900] {dag.py:4138} INFO - Setting next_dagrun for dataset_with_extra_by_context to 2026-04-09 00:00:00+00:00, run_after=2026-04-10 00:00:00+00:00
[2026-04-10T09:06:29.390+0900] {logging_mixin.py:190} INFO - [2026-04-10T09:06:29.389+0900] {dag.py:4138} INFO - Setting next_dagrun for dataset_with_extra_by_yield to 2026-04-09 00:00:00+00:00, run_after=2026-04-10 00:00:00+00:00
[2026-04-10T09:06:29.392+0900] {logging_mixin.py:190} INFO - [2026-04-10T09:06:29.391+0900] {dag.py:4138} INFO - Setting next_dagrun for dataset_with_extra_from_classic_operator to 2026-04-09 00:00:00+00:00, run_after=2026-04-10 00:00:00+00:00
[2026-04-10T09:06:29.413+0900] {processor.py:208} INFO - Processing /home/airflow/.local/lib/python3.12/site-packages/airflow/example_dags/example_outlet_event_extra.py took 0.292 seconds
[2026-04-10T09:06:59.536+0900] {processor.py:186} INFO - Started process (PID=146290) to work on /home/airflow/.local/lib/python3.12/site-packages/airflow/example_dags/example_outlet_event_extra.py
[2026-04-10T09:06:59.537+0900] {processor.py:914} INFO - Processing file /home/airflow/.local/lib/python3.12/site-packages/airflow/example_dags/example_outlet_event_extra.py for tasks to queue
[2026-04-10T09:06:59.540+0900] {logging_mixin.py:190} INFO - [2026-04-10T09:06:59.540+0900] {dagbag.py:587} INFO - Filling up the DagBag from /home/airflow/.local/lib/python3.12/site-packages/airflow/example_dags/example_outlet_event_extra.py
[2026-04-10T09:06:59.845+0900] {processor.py:925} INFO - DAG(s) 'dataset_with_extra_by_yield', 'dataset_with_extra_from_classic_operator', 'dataset_with_extra_by_context' retrieved from /home/airflow/.local/lib/python3.12/site-packages/airflow/example_dags/example_outlet_event_extra.py
[2026-04-10T09:06:59.871+0900] {logging_mixin.py:190} INFO - [2026-04-10T09:06:59.870+0900] {dag.py:3211} INFO - Sync 3 DAGs
[2026-04-10T09:06:59.894+0900] {logging_mixin.py:190} INFO - [2026-04-10T09:06:59.894+0900] {dag.py:4138} INFO - Setting next_dagrun for dataset_with_extra_by_context to 2026-04-09 00:00:00+00:00, run_after=2026-04-10 00:00:00+00:00
[2026-04-10T09:06:59.900+0900] {logging_mixin.py:190} INFO - [2026-04-10T09:06:59.900+0900] {dag.py:4138} INFO - Setting next_dagrun for dataset_with_extra_by_yield to 2026-04-09 00:00:00+00:00, run_after=2026-04-10 00:00:00+00:00
[2026-04-10T09:06:59.902+0900] {logging_mixin.py:190} INFO - [2026-04-10T09:06:59.902+0900] {dag.py:4138} INFO - Setting next_dagrun for dataset_with_extra_from_classic_operator to 2026-04-09 00:00:00+00:00, run_after=2026-04-10 00:00:00+00:00
[2026-04-10T09:06:59.930+0900] {processor.py:208} INFO - Processing /home/airflow/.local/lib/python3.12/site-packages/airflow/example_dags/example_outlet_event_extra.py took 0.399 seconds
[2026-04-10T09:07:30.048+0900] {processor.py:186} INFO - Started process (PID=146353) to work on /home/airflow/.local/lib/python3.12/site-packages/airflow/example_dags/example_outlet_event_extra.py
[2026-04-10T09:07:30.049+0900] {processor.py:914} INFO - Processing file /home/airflow/.local/lib/python3.12/site-packages/airflow/example_dags/example_outlet_event_extra.py for tasks to queue
[2026-04-10T09:07:30.054+0900] {logging_mixin.py:190} INFO - [2026-04-10T09:07:30.054+0900] {dagbag.py:587} INFO - Filling up the DagBag from /home/airflow/.local/lib/python3.12/site-packages/airflow/example_dags/example_outlet_event_extra.py
[2026-04-10T09:07:30.293+0900] {processor.py:925} INFO - DAG(s) 'dataset_with_extra_from_classic_operator', 'dataset_with_extra_by_yield', 'dataset_with_extra_by_context' retrieved from /home/airflow/.local/lib/python3.12/site-packages/airflow/example_dags/example_outlet_event_extra.py
[2026-04-10T09:07:30.312+0900] {logging_mixin.py:190} INFO - [2026-04-10T09:07:30.312+0900] {dag.py:3211} INFO - Sync 3 DAGs
[2026-04-10T09:07:30.327+0900] {logging_mixin.py:190} INFO - [2026-04-10T09:07:30.326+0900] {dag.py:4138} INFO - Setting next_dagrun for dataset_with_extra_by_context to 2026-04-09 00:00:00+00:00, run_after=2026-04-10 00:00:00+00:00
[2026-04-10T09:07:30.330+0900] {logging_mixin.py:190} INFO - [2026-04-10T09:07:30.330+0900] {dag.py:4138} INFO - Setting next_dagrun for dataset_with_extra_by_yield to 2026-04-09 00:00:00+00:00, run_after=2026-04-10 00:00:00+00:00
[2026-04-10T09:07:30.331+0900] {logging_mixin.py:190} INFO - [2026-04-10T09:07:30.331+0900] {dag.py:4138} INFO - Setting next_dagrun for dataset_with_extra_from_classic_operator to 2026-04-09 00:00:00+00:00, run_after=2026-04-10 00:00:00+00:00
[2026-04-10T09:07:30.346+0900] {processor.py:208} INFO - Processing /home/airflow/.local/lib/python3.12/site-packages/airflow/example_dags/example_outlet_event_extra.py took 0.303 seconds
[2026-04-10T09:08:00.872+0900] {processor.py:186} INFO - Started process (PID=146417) to work on /home/airflow/.local/lib/python3.12/site-packages/airflow/example_dags/example_outlet_event_extra.py
[2026-04-10T09:08:00.873+0900] {processor.py:914} INFO - Processing file /home/airflow/.local/lib/python3.12/site-packages/airflow/example_dags/example_outlet_event_extra.py for tasks to queue
[2026-04-10T09:08:00.875+0900] {logging_mixin.py:190} INFO - [2026-04-10T09:08:00.874+0900] {dagbag.py:587} INFO - Filling up the DagBag from /home/airflow/.local/lib/python3.12/site-packages/airflow/example_dags/example_outlet_event_extra.py
[2026-04-10T09:08:01.122+0900] {processor.py:925} INFO - DAG(s) 'dataset_with_extra_by_context', 'dataset_with_extra_from_classic_operator', 'dataset_with_extra_by_yield' retrieved from /home/airflow/.local/lib/python3.12/site-packages/airflow/example_dags/example_outlet_event_extra.py
[2026-04-10T09:08:01.143+0900] {logging_mixin.py:190} INFO - [2026-04-10T09:08:01.142+0900] {dag.py:3211} INFO - Sync 3 DAGs
[2026-04-10T09:08:01.158+0900] {logging_mixin.py:190} INFO - [2026-04-10T09:08:01.158+0900] {dag.py:4138} INFO - Setting next_dagrun for dataset_with_extra_by_context to 2026-04-09 00:00:00+00:00, run_after=2026-04-10 00:00:00+00:00
[2026-04-10T09:08:01.162+0900] {logging_mixin.py:190} INFO - [2026-04-10T09:08:01.162+0900] {dag.py:4138} INFO - Setting next_dagrun for dataset_with_extra_by_yield to 2026-04-09 00:00:00+00:00, run_after=2026-04-10 00:00:00+00:00
[2026-04-10T09:08:01.164+0900] {logging_mixin.py:190} INFO - [2026-04-10T09:08:01.164+0900] {dag.py:4138} INFO - Setting next_dagrun for dataset_with_extra_from_classic_operator to 2026-04-09 00:00:00+00:00, run_after=2026-04-10 00:00:00+00:00
[2026-04-10T09:08:01.184+0900] {processor.py:208} INFO - Processing /home/airflow/.local/lib/python3.12/site-packages/airflow/example_dags/example_outlet_event_extra.py took 0.316 seconds
[2026-04-10T09:08:31.392+0900] {processor.py:186} INFO - Started process (PID=146480) to work on /home/airflow/.local/lib/python3.12/site-packages/airflow/example_dags/example_outlet_event_extra.py
[2026-04-10T09:08:31.393+0900] {processor.py:914} INFO - Processing file /home/airflow/.local/lib/python3.12/site-packages/airflow/example_dags/example_outlet_event_extra.py for tasks to queue
[2026-04-10T09:08:31.396+0900] {logging_mixin.py:190} INFO - [2026-04-10T09:08:31.395+0900] {dagbag.py:587} INFO - Filling up the DagBag from /home/airflow/.local/lib/python3.12/site-packages/airflow/example_dags/example_outlet_event_extra.py
[2026-04-10T09:08:31.649+0900] {processor.py:925} INFO - DAG(s) 'dataset_with_extra_by_yield', 'dataset_with_extra_from_classic_operator', 'dataset_with_extra_by_context' retrieved from /home/airflow/.local/lib/python3.12/site-packages/airflow/example_dags/example_outlet_event_extra.py
[2026-04-10T09:08:31.668+0900] {logging_mixin.py:190} INFO - [2026-04-10T09:08:31.668+0900] {dag.py:3211} INFO - Sync 3 DAGs
[2026-04-10T09:08:31.684+0900] {logging_mixin.py:190} INFO - [2026-04-10T09:08:31.684+0900] {dag.py:4138} INFO - Setting next_dagrun for dataset_with_extra_by_context to 2026-04-09 00:00:00+00:00, run_after=2026-04-10 00:00:00+00:00
[2026-04-10T09:08:31.687+0900] {logging_mixin.py:190} INFO - [2026-04-10T09:08:31.687+0900] {dag.py:4138} INFO - Setting next_dagrun for dataset_with_extra_by_yield to 2026-04-09 00:00:00+00:00, run_after=2026-04-10 00:00:00+00:00
[2026-04-10T09:08:31.689+0900] {logging_mixin.py:190} INFO - [2026-04-10T09:08:31.689+0900] {dag.py:4138} INFO - Setting next_dagrun for dataset_with_extra_from_classic_operator to 2026-04-09 00:00:00+00:00, run_after=2026-04-10 00:00:00+00:00
[2026-04-10T09:08:31.704+0900] {processor.py:208} INFO - Processing /home/airflow/.local/lib/python3.12/site-packages/airflow/example_dags/example_outlet_event_extra.py took 0.317 seconds
[2026-04-10T09:09:01.859+0900] {processor.py:186} INFO - Started process (PID=146543) to work on /home/airflow/.local/lib/python3.12/site-packages/airflow/example_dags/example_outlet_event_extra.py
[2026-04-10T09:09:01.860+0900] {processor.py:914} INFO - Processing file /home/airflow/.local/lib/python3.12/site-packages/airflow/example_dags/example_outlet_event_extra.py for tasks to queue
[2026-04-10T09:09:01.863+0900] {logging_mixin.py:190} INFO - [2026-04-10T09:09:01.863+0900] {dagbag.py:587} INFO - Filling up the DagBag from /home/airflow/.local/lib/python3.12/site-packages/airflow/example_dags/example_outlet_event_extra.py
[2026-04-10T09:09:02.102+0900] {processor.py:925} INFO - DAG(s) 'dataset_with_extra_by_yield', 'dataset_with_extra_by_context', 'dataset_with_extra_from_classic_operator' retrieved from /home/airflow/.local/lib/python3.12/site-packages/airflow/example_dags/example_outlet_event_extra.py
[2026-04-10T09:09:02.123+0900] {logging_mixin.py:190} INFO - [2026-04-10T09:09:02.122+0900] {dag.py:3211} INFO - Sync 3 DAGs
[2026-04-10T09:09:02.140+0900] {logging_mixin.py:190} INFO - [2026-04-10T09:09:02.140+0900] {dag.py:4138} INFO - Setting next_dagrun for dataset_with_extra_by_context to 2026-04-09 00:00:00+00:00, run_after=2026-04-10 00:00:00+00:00
[2026-04-10T09:09:02.144+0900] {logging_mixin.py:190} INFO - [2026-04-10T09:09:02.143+0900] {dag.py:4138} INFO - Setting next_dagrun for dataset_with_extra_by_yield to 2026-04-09 00:00:00+00:00, run_after=2026-04-10 00:00:00+00:00
[2026-04-10T09:09:02.146+0900] {logging_mixin.py:190} INFO - [2026-04-10T09:09:02.145+0900] {dag.py:4138} INFO - Setting next_dagrun for dataset_with_extra_from_classic_operator to 2026-04-09 00:00:00+00:00, run_after=2026-04-10 00:00:00+00:00
[2026-04-10T09:09:02.166+0900] {processor.py:208} INFO - Processing /home/airflow/.local/lib/python3.12/site-packages/airflow/example_dags/example_outlet_event_extra.py took 0.311 seconds
[2026-04-10T09:09:32.539+0900] {processor.py:186} INFO - Started process (PID=146612) to work on /home/airflow/.local/lib/python3.12/site-packages/airflow/example_dags/example_outlet_event_extra.py
[2026-04-10T09:09:32.541+0900] {processor.py:914} INFO - Processing file /home/airflow/.local/lib/python3.12/site-packages/airflow/example_dags/example_outlet_event_extra.py for tasks to queue
[2026-04-10T09:09:32.543+0900] {logging_mixin.py:190} INFO - [2026-04-10T09:09:32.542+0900] {dagbag.py:587} INFO - Filling up the DagBag from /home/airflow/.local/lib/python3.12/site-packages/airflow/example_dags/example_outlet_event_extra.py
[2026-04-10T09:09:32.790+0900] {processor.py:925} INFO - DAG(s) 'dataset_with_extra_by_context', 'dataset_with_extra_by_yield', 'dataset_with_extra_from_classic_operator' retrieved from /home/airflow/.local/lib/python3.12/site-packages/airflow/example_dags/example_outlet_event_extra.py
[2026-04-10T09:09:32.812+0900] {logging_mixin.py:190} INFO - [2026-04-10T09:09:32.812+0900] {dag.py:3211} INFO - Sync 3 DAGs
[2026-04-10T09:09:32.830+0900] {logging_mixin.py:190} INFO - [2026-04-10T09:09:32.830+0900] {dag.py:4138} INFO - Setting next_dagrun for dataset_with_extra_by_context to 2026-04-09 00:00:00+00:00, run_after=2026-04-10 00:00:00+00:00
[2026-04-10T09:09:32.834+0900] {logging_mixin.py:190} INFO - [2026-04-10T09:09:32.834+0900] {dag.py:4138} INFO - Setting next_dagrun for dataset_with_extra_by_yield to 2026-04-09 00:00:00+00:00, run_after=2026-04-10 00:00:00+00:00
[2026-04-10T09:09:32.835+0900] {logging_mixin.py:190} INFO - [2026-04-10T09:09:32.835+0900] {dag.py:4138} INFO - Setting next_dagrun for dataset_with_extra_from_classic_operator to 2026-04-09 00:00:00+00:00, run_after=2026-04-10 00:00:00+00:00
[2026-04-10T09:09:32.857+0900] {processor.py:208} INFO - Processing /home/airflow/.local/lib/python3.12/site-packages/airflow/example_dags/example_outlet_event_extra.py took 0.322 seconds
[2026-04-10T09:10:03.637+0900] {processor.py:186} INFO - Started process (PID=146675) to work on /home/airflow/.local/lib/python3.12/site-packages/airflow/example_dags/example_outlet_event_extra.py
[2026-04-10T09:10:03.638+0900] {processor.py:914} INFO - Processing file /home/airflow/.local/lib/python3.12/site-packages/airflow/example_dags/example_outlet_event_extra.py for tasks to queue
[2026-04-10T09:10:03.640+0900] {logging_mixin.py:190} INFO - [2026-04-10T09:10:03.640+0900] {dagbag.py:587} INFO - Filling up the DagBag from /home/airflow/.local/lib/python3.12/site-packages/airflow/example_dags/example_outlet_event_extra.py
[2026-04-10T09:10:03.876+0900] {processor.py:925} INFO - DAG(s) 'dataset_with_extra_by_context', 'dataset_with_extra_by_yield', 'dataset_with_extra_from_classic_operator' retrieved from /home/airflow/.local/lib/python3.12/site-packages/airflow/example_dags/example_outlet_event_extra.py
[2026-04-10T09:10:03.899+0900] {logging_mixin.py:190} INFO - [2026-04-10T09:10:03.898+0900] {dag.py:3211} INFO - Sync 3 DAGs
[2026-04-10T09:10:03.916+0900] {logging_mixin.py:190} INFO - [2026-04-10T09:10:03.916+0900] {dag.py:4138} INFO - Setting next_dagrun for dataset_with_extra_by_context to 2026-04-09 00:00:00+00:00, run_after=2026-04-10 00:00:00+00:00
[2026-04-10T09:10:03.919+0900] {logging_mixin.py:190} INFO - [2026-04-10T09:10:03.919+0900] {dag.py:4138} INFO - Setting next_dagrun for dataset_with_extra_by_yield to 2026-04-09 00:00:00+00:00, run_after=2026-04-10 00:00:00+00:00
[2026-04-10T09:10:03.921+0900] {logging_mixin.py:190} INFO - [2026-04-10T09:10:03.921+0900] {dag.py:4138} INFO - Setting next_dagrun for dataset_with_extra_from_classic_operator to 2026-04-09 00:00:00+00:00, run_after=2026-04-10 00:00:00+00:00
[2026-04-10T09:10:03.939+0900] {processor.py:208} INFO - Processing /home/airflow/.local/lib/python3.12/site-packages/airflow/example_dags/example_outlet_event_extra.py took 0.307 seconds
[2026-04-10T09:10:34.869+0900] {processor.py:186} INFO - Started process (PID=146740) to work on /home/airflow/.local/lib/python3.12/site-packages/airflow/example_dags/example_outlet_event_extra.py
[2026-04-10T09:10:34.871+0900] {processor.py:914} INFO - Processing file /home/airflow/.local/lib/python3.12/site-packages/airflow/example_dags/example_outlet_event_extra.py for tasks to queue
[2026-04-10T09:10:34.873+0900] {logging_mixin.py:190} INFO - [2026-04-10T09:10:34.872+0900] {dagbag.py:587} INFO - Filling up the DagBag from /home/airflow/.local/lib/python3.12/site-packages/airflow/example_dags/example_outlet_event_extra.py
[2026-04-10T09:10:35.079+0900] {processor.py:925} INFO - DAG(s) 'dataset_with_extra_from_classic_operator', 'dataset_with_extra_by_yield', 'dataset_with_extra_by_context' retrieved from /home/airflow/.local/lib/python3.12/site-packages/airflow/example_dags/example_outlet_event_extra.py
[2026-04-10T09:10:35.094+0900] {logging_mixin.py:190} INFO - [2026-04-10T09:10:35.094+0900] {dag.py:3211} INFO - Sync 3 DAGs
[2026-04-10T09:10:35.108+0900] {logging_mixin.py:190} INFO - [2026-04-10T09:10:35.108+0900] {dag.py:4138} INFO - Setting next_dagrun for dataset_with_extra_by_context to 2026-04-09 00:00:00+00:00, run_after=2026-04-10 00:00:00+00:00
[2026-04-10T09:10:35.111+0900] {logging_mixin.py:190} INFO - [2026-04-10T09:10:35.111+0900] {dag.py:4138} INFO - Setting next_dagrun for dataset_with_extra_by_yield to 2026-04-09 00:00:00+00:00, run_after=2026-04-10 00:00:00+00:00
[2026-04-10T09:10:35.113+0900] {logging_mixin.py:190} INFO - [2026-04-10T09:10:35.113+0900] {dag.py:4138} INFO - Setting next_dagrun for dataset_with_extra_from_classic_operator to 2026-04-09 00:00:00+00:00, run_after=2026-04-10 00:00:00+00:00
[2026-04-10T09:10:35.132+0900] {processor.py:208} INFO - Processing /home/airflow/.local/lib/python3.12/site-packages/airflow/example_dags/example_outlet_event_extra.py took 0.267 seconds
[2026-04-10T09:11:05.688+0900] {processor.py:186} INFO - Started process (PID=146803) to work on /home/airflow/.local/lib/python3.12/site-packages/airflow/example_dags/example_outlet_event_extra.py
[2026-04-10T09:11:05.689+0900] {processor.py:914} INFO - Processing file /home/airflow/.local/lib/python3.12/site-packages/airflow/example_dags/example_outlet_event_extra.py for tasks to queue
[2026-04-10T09:11:05.692+0900] {logging_mixin.py:190} INFO - [2026-04-10T09:11:05.691+0900] {dagbag.py:587} INFO - Filling up the DagBag from /home/airflow/.local/lib/python3.12/site-packages/airflow/example_dags/example_outlet_event_extra.py
[2026-04-10T09:11:05.793+0900] {processor.py:925} INFO - DAG(s) 'dataset_with_extra_by_yield', 'dataset_with_extra_from_classic_operator', 'dataset_with_extra_by_context' retrieved from /home/airflow/.local/lib/python3.12/site-packages/airflow/example_dags/example_outlet_event_extra.py
[2026-04-10T09:11:05.814+0900] {logging_mixin.py:190} INFO - [2026-04-10T09:11:05.814+0900] {dag.py:3211} INFO - Sync 3 DAGs
[2026-04-10T09:11:05.830+0900] {logging_mixin.py:190} INFO - [2026-04-10T09:11:05.830+0900] {dag.py:4138} INFO - Setting next_dagrun for dataset_with_extra_by_context to 2026-04-09 00:00:00+00:00, run_after=2026-04-10 00:00:00+00:00
[2026-04-10T09:11:05.834+0900] {logging_mixin.py:190} INFO - [2026-04-10T09:11:05.834+0900] {dag.py:4138} INFO - Setting next_dagrun for dataset_with_extra_by_yield to 2026-04-09 00:00:00+00:00, run_after=2026-04-10 00:00:00+00:00
[2026-04-10T09:11:05.836+0900] {logging_mixin.py:190} INFO - [2026-04-10T09:11:05.836+0900] {dag.py:4138} INFO - Setting next_dagrun for dataset_with_extra_from_classic_operator to 2026-04-09 00:00:00+00:00, run_after=2026-04-10 00:00:00+00:00
[2026-04-10T09:11:05.853+0900] {processor.py:208} INFO - Processing /home/airflow/.local/lib/python3.12/site-packages/airflow/example_dags/example_outlet_event_extra.py took 0.170 seconds
[2026-04-10T09:11:35.947+0900] {processor.py:186} INFO - Started process (PID=146866) to work on /home/airflow/.local/lib/python3.12/site-packages/airflow/example_dags/example_outlet_event_extra.py
[2026-04-10T09:11:35.948+0900] {processor.py:914} INFO - Processing file /home/airflow/.local/lib/python3.12/site-packages/airflow/example_dags/example_outlet_event_extra.py for tasks to queue
[2026-04-10T09:11:35.951+0900] {logging_mixin.py:190} INFO - [2026-04-10T09:11:35.951+0900] {dagbag.py:587} INFO - Filling up the DagBag from /home/airflow/.local/lib/python3.12/site-packages/airflow/example_dags/example_outlet_event_extra.py
[2026-04-10T09:11:36.050+0900] {processor.py:925} INFO - DAG(s) 'dataset_with_extra_by_context', 'dataset_with_extra_by_yield', 'dataset_with_extra_from_classic_operator' retrieved from /home/airflow/.local/lib/python3.12/site-packages/airflow/example_dags/example_outlet_event_extra.py
[2026-04-10T09:11:36.072+0900] {logging_mixin.py:190} INFO - [2026-04-10T09:11:36.071+0900] {dag.py:3211} INFO - Sync 3 DAGs
[2026-04-10T09:11:36.089+0900] {logging_mixin.py:190} INFO - [2026-04-10T09:11:36.089+0900] {dag.py:4138} INFO - Setting next_dagrun for dataset_with_extra_by_context to 2026-04-09 00:00:00+00:00, run_after=2026-04-10 00:00:00+00:00
[2026-04-10T09:11:36.093+0900] {logging_mixin.py:190} INFO - [2026-04-10T09:11:36.092+0900] {dag.py:4138} INFO - Setting next_dagrun for dataset_with_extra_by_yield to 2026-04-09 00:00:00+00:00, run_after=2026-04-10 00:00:00+00:00
[2026-04-10T09:11:36.095+0900] {logging_mixin.py:190} INFO - [2026-04-10T09:11:36.095+0900] {dag.py:4138} INFO - Setting next_dagrun for dataset_with_extra_from_classic_operator to 2026-04-09 00:00:00+00:00, run_after=2026-04-10 00:00:00+00:00
[2026-04-10T09:11:36.117+0900] {processor.py:208} INFO - Processing /home/airflow/.local/lib/python3.12/site-packages/airflow/example_dags/example_outlet_event_extra.py took 0.174 seconds
[2026-04-10T09:12:06.171+0900] {processor.py:186} INFO - Started process (PID=146928) to work on /home/airflow/.local/lib/python3.12/site-packages/airflow/example_dags/example_outlet_event_extra.py
[2026-04-10T09:12:06.172+0900] {processor.py:914} INFO - Processing file /home/airflow/.local/lib/python3.12/site-packages/airflow/example_dags/example_outlet_event_extra.py for tasks to queue
[2026-04-10T09:12:06.174+0900] {logging_mixin.py:190} INFO - [2026-04-10T09:12:06.174+0900] {dagbag.py:587} INFO - Filling up the DagBag from /home/airflow/.local/lib/python3.12/site-packages/airflow/example_dags/example_outlet_event_extra.py
[2026-04-10T09:12:06.272+0900] {processor.py:925} INFO - DAG(s) 'dataset_with_extra_by_context', 'dataset_with_extra_by_yield', 'dataset_with_extra_from_classic_operator' retrieved from /home/airflow/.local/lib/python3.12/site-packages/airflow/example_dags/example_outlet_event_extra.py
[2026-04-10T09:12:06.294+0900] {logging_mixin.py:190} INFO - [2026-04-10T09:12:06.293+0900] {dag.py:3211} INFO - Sync 3 DAGs
[2026-04-10T09:12:06.311+0900] {logging_mixin.py:190} INFO - [2026-04-10T09:12:06.311+0900] {dag.py:4138} INFO - Setting next_dagrun for dataset_with_extra_by_context to 2026-04-09 00:00:00+00:00, run_after=2026-04-10 00:00:00+00:00
[2026-04-10T09:12:06.315+0900] {logging_mixin.py:190} INFO - [2026-04-10T09:12:06.315+0900] {dag.py:4138} INFO - Setting next_dagrun for dataset_with_extra_by_yield to 2026-04-09 00:00:00+00:00, run_after=2026-04-10 00:00:00+00:00
[2026-04-10T09:12:06.318+0900] {logging_mixin.py:190} INFO - [2026-04-10T09:12:06.317+0900] {dag.py:4138} INFO - Setting next_dagrun for dataset_with_extra_from_classic_operator to 2026-04-09 00:00:00+00:00, run_after=2026-04-10 00:00:00+00:00
[2026-04-10T09:12:06.339+0900] {processor.py:208} INFO - Processing /home/airflow/.local/lib/python3.12/site-packages/airflow/example_dags/example_outlet_event_extra.py took 0.174 seconds
[2026-04-10T09:12:37.290+0900] {processor.py:186} INFO - Started process (PID=146992) to work on /home/airflow/.local/lib/python3.12/site-packages/airflow/example_dags/example_outlet_event_extra.py
[2026-04-10T09:12:37.292+0900] {processor.py:914} INFO - Processing file /home/airflow/.local/lib/python3.12/site-packages/airflow/example_dags/example_outlet_event_extra.py for tasks to queue
[2026-04-10T09:12:37.294+0900] {logging_mixin.py:190} INFO - [2026-04-10T09:12:37.293+0900] {dagbag.py:587} INFO - Filling up the DagBag from /home/airflow/.local/lib/python3.12/site-packages/airflow/example_dags/example_outlet_event_extra.py
[2026-04-10T09:12:37.393+0900] {processor.py:925} INFO - DAG(s) 'dataset_with_extra_by_yield', 'dataset_with_extra_by_context', 'dataset_with_extra_from_classic_operator' retrieved from /home/airflow/.local/lib/python3.12/site-packages/airflow/example_dags/example_outlet_event_extra.py
[2026-04-10T09:12:37.412+0900] {logging_mixin.py:190} INFO - [2026-04-10T09:12:37.412+0900] {dag.py:3211} INFO - Sync 3 DAGs
[2026-04-10T09:12:37.428+0900] {logging_mixin.py:190} INFO - [2026-04-10T09:12:37.428+0900] {dag.py:4138} INFO - Setting next_dagrun for dataset_with_extra_by_context to 2026-04-09 00:00:00+00:00, run_after=2026-04-10 00:00:00+00:00
[2026-04-10T09:12:37.432+0900] {logging_mixin.py:190} INFO - [2026-04-10T09:12:37.432+0900] {dag.py:4138} INFO - Setting next_dagrun for dataset_with_extra_by_yield to 2026-04-09 00:00:00+00:00, run_after=2026-04-10 00:00:00+00:00
[2026-04-10T09:12:37.434+0900] {logging_mixin.py:190} INFO - [2026-04-10T09:12:37.434+0900] {dag.py:4138} INFO - Setting next_dagrun for dataset_with_extra_from_classic_operator to 2026-04-09 00:00:00+00:00, run_after=2026-04-10 00:00:00+00:00
[2026-04-10T09:12:37.449+0900] {processor.py:208} INFO - Processing /home/airflow/.local/lib/python3.12/site-packages/airflow/example_dags/example_outlet_event_extra.py took 0.163 seconds
[2026-04-10T09:13:07.517+0900] {processor.py:186} INFO - Started process (PID=147055) to work on /home/airflow/.local/lib/python3.12/site-packages/airflow/example_dags/example_outlet_event_extra.py
[2026-04-10T09:13:07.519+0900] {processor.py:914} INFO - Processing file /home/airflow/.local/lib/python3.12/site-packages/airflow/example_dags/example_outlet_event_extra.py for tasks to queue
[2026-04-10T09:13:07.521+0900] {logging_mixin.py:190} INFO - [2026-04-10T09:13:07.521+0900] {dagbag.py:587} INFO - Filling up the DagBag from /home/airflow/.local/lib/python3.12/site-packages/airflow/example_dags/example_outlet_event_extra.py
[2026-04-10T09:13:07.628+0900] {processor.py:925} INFO - DAG(s) 'dataset_with_extra_by_context', 'dataset_with_extra_from_classic_operator', 'dataset_with_extra_by_yield' retrieved from /home/airflow/.local/lib/python3.12/site-packages/airflow/example_dags/example_outlet_event_extra.py
[2026-04-10T09:13:07.647+0900] {logging_mixin.py:190} INFO - [2026-04-10T09:13:07.647+0900] {dag.py:3211} INFO - Sync 3 DAGs
[2026-04-10T09:13:07.664+0900] {logging_mixin.py:190} INFO - [2026-04-10T09:13:07.664+0900] {dag.py:4138} INFO - Setting next_dagrun for dataset_with_extra_by_context to 2026-04-09 00:00:00+00:00, run_after=2026-04-10 00:00:00+00:00
[2026-04-10T09:13:07.668+0900] {logging_mixin.py:190} INFO - [2026-04-10T09:13:07.668+0900] {dag.py:4138} INFO - Setting next_dagrun for dataset_with_extra_by_yield to 2026-04-09 00:00:00+00:00, run_after=2026-04-10 00:00:00+00:00
[2026-04-10T09:13:07.670+0900] {logging_mixin.py:190} INFO - [2026-04-10T09:13:07.670+0900] {dag.py:4138} INFO - Setting next_dagrun for dataset_with_extra_from_classic_operator to 2026-04-09 00:00:00+00:00, run_after=2026-04-10 00:00:00+00:00
[2026-04-10T09:13:07.687+0900] {processor.py:208} INFO - Processing /home/airflow/.local/lib/python3.12/site-packages/airflow/example_dags/example_outlet_event_extra.py took 0.175 seconds
[2026-04-10T09:13:38.280+0900] {processor.py:186} INFO - Started process (PID=147120) to work on /home/airflow/.local/lib/python3.12/site-packages/airflow/example_dags/example_outlet_event_extra.py
[2026-04-10T09:13:38.281+0900] {processor.py:914} INFO - Processing file /home/airflow/.local/lib/python3.12/site-packages/airflow/example_dags/example_outlet_event_extra.py for tasks to queue
[2026-04-10T09:13:38.283+0900] {logging_mixin.py:190} INFO - [2026-04-10T09:13:38.283+0900] {dagbag.py:587} INFO - Filling up the DagBag from /home/airflow/.local/lib/python3.12/site-packages/airflow/example_dags/example_outlet_event_extra.py
[2026-04-10T09:13:38.381+0900] {processor.py:925} INFO - DAG(s) 'dataset_with_extra_from_classic_operator', 'dataset_with_extra_by_context', 'dataset_with_extra_by_yield' retrieved from /home/airflow/.local/lib/python3.12/site-packages/airflow/example_dags/example_outlet_event_extra.py
[2026-04-10T09:13:38.400+0900] {logging_mixin.py:190} INFO - [2026-04-10T09:13:38.400+0900] {dag.py:3211} INFO - Sync 3 DAGs
[2026-04-10T09:13:38.419+0900] {logging_mixin.py:190} INFO - [2026-04-10T09:13:38.419+0900] {dag.py:4138} INFO - Setting next_dagrun for dataset_with_extra_by_context to 2026-04-09 00:00:00+00:00, run_after=2026-04-10 00:00:00+00:00
[2026-04-10T09:13:38.423+0900] {logging_mixin.py:190} INFO - [2026-04-10T09:13:38.423+0900] {dag.py:4138} INFO - Setting next_dagrun for dataset_with_extra_by_yield to 2026-04-09 00:00:00+00:00, run_after=2026-04-10 00:00:00+00:00
[2026-04-10T09:13:38.425+0900] {logging_mixin.py:190} INFO - [2026-04-10T09:13:38.425+0900] {dag.py:4138} INFO - Setting next_dagrun for dataset_with_extra_from_classic_operator to 2026-04-09 00:00:00+00:00, run_after=2026-04-10 00:00:00+00:00
[2026-04-10T09:13:38.442+0900] {processor.py:208} INFO - Processing /home/airflow/.local/lib/python3.12/site-packages/airflow/example_dags/example_outlet_event_extra.py took 0.167 seconds
[2026-04-10T09:14:09.107+0900] {processor.py:186} INFO - Started process (PID=147183) to work on /home/airflow/.local/lib/python3.12/site-packages/airflow/example_dags/example_outlet_event_extra.py
[2026-04-10T09:14:09.108+0900] {processor.py:914} INFO - Processing file /home/airflow/.local/lib/python3.12/site-packages/airflow/example_dags/example_outlet_event_extra.py for tasks to queue
[2026-04-10T09:14:09.110+0900] {logging_mixin.py:190} INFO - [2026-04-10T09:14:09.110+0900] {dagbag.py:587} INFO - Filling up the DagBag from /home/airflow/.local/lib/python3.12/site-packages/airflow/example_dags/example_outlet_event_extra.py
[2026-04-10T09:14:09.209+0900] {processor.py:925} INFO - DAG(s) 'dataset_with_extra_by_yield', 'dataset_with_extra_by_context', 'dataset_with_extra_from_classic_operator' retrieved from /home/airflow/.local/lib/python3.12/site-packages/airflow/example_dags/example_outlet_event_extra.py
[2026-04-10T09:14:09.232+0900] {logging_mixin.py:190} INFO - [2026-04-10T09:14:09.232+0900] {dag.py:3211} INFO - Sync 3 DAGs
[2026-04-10T09:14:09.250+0900] {logging_mixin.py:190} INFO - [2026-04-10T09:14:09.250+0900] {dag.py:4138} INFO - Setting next_dagrun for dataset_with_extra_by_context to 2026-04-09 00:00:00+00:00, run_after=2026-04-10 00:00:00+00:00
[2026-04-10T09:14:09.253+0900] {logging_mixin.py:190} INFO - [2026-04-10T09:14:09.253+0900] {dag.py:4138} INFO - Setting next_dagrun for dataset_with_extra_by_yield to 2026-04-09 00:00:00+00:00, run_after=2026-04-10 00:00:00+00:00
[2026-04-10T09:14:09.255+0900] {logging_mixin.py:190} INFO - [2026-04-10T09:14:09.255+0900] {dag.py:4138} INFO - Setting next_dagrun for dataset_with_extra_from_classic_operator to 2026-04-09 00:00:00+00:00, run_after=2026-04-10 00:00:00+00:00
[2026-04-10T09:14:09.273+0900] {processor.py:208} INFO - Processing /home/airflow/.local/lib/python3.12/site-packages/airflow/example_dags/example_outlet_event_extra.py took 0.171 seconds
[2026-04-10T09:14:39.873+0900] {processor.py:186} INFO - Started process (PID=147246) to work on /home/airflow/.local/lib/python3.12/site-packages/airflow/example_dags/example_outlet_event_extra.py
[2026-04-10T09:14:39.874+0900] {processor.py:914} INFO - Processing file /home/airflow/.local/lib/python3.12/site-packages/airflow/example_dags/example_outlet_event_extra.py for tasks to queue
[2026-04-10T09:14:39.876+0900] {logging_mixin.py:190} INFO - [2026-04-10T09:14:39.876+0900] {dagbag.py:587} INFO - Filling up the DagBag from /home/airflow/.local/lib/python3.12/site-packages/airflow/example_dags/example_outlet_event_extra.py
[2026-04-10T09:14:39.980+0900] {processor.py:925} INFO - DAG(s) 'dataset_with_extra_by_context', 'dataset_with_extra_by_yield', 'dataset_with_extra_from_classic_operator' retrieved from /home/airflow/.local/lib/python3.12/site-packages/airflow/example_dags/example_outlet_event_extra.py
[2026-04-10T09:14:40.001+0900] {logging_mixin.py:190} INFO - [2026-04-10T09:14:40.000+0900] {dag.py:3211} INFO - Sync 3 DAGs
[2026-04-10T09:14:40.017+0900] {logging_mixin.py:190} INFO - [2026-04-10T09:14:40.017+0900] {dag.py:4138} INFO - Setting next_dagrun for dataset_with_extra_by_context to 2026-04-09 00:00:00+00:00, run_after=2026-04-10 00:00:00+00:00
[2026-04-10T09:14:40.021+0900] {logging_mixin.py:190} INFO - [2026-04-10T09:14:40.021+0900] {dag.py:4138} INFO - Setting next_dagrun for dataset_with_extra_by_yield to 2026-04-09 00:00:00+00:00, run_after=2026-04-10 00:00:00+00:00
[2026-04-10T09:14:40.023+0900] {logging_mixin.py:190} INFO - [2026-04-10T09:14:40.023+0900] {dag.py:4138} INFO - Setting next_dagrun for dataset_with_extra_from_classic_operator to 2026-04-09 00:00:00+00:00, run_after=2026-04-10 00:00:00+00:00
[2026-04-10T09:14:40.037+0900] {processor.py:208} INFO - Processing /home/airflow/.local/lib/python3.12/site-packages/airflow/example_dags/example_outlet_event_extra.py took 0.169 seconds
[2026-04-10T09:15:10.797+0900] {processor.py:186} INFO - Started process (PID=147309) to work on /home/airflow/.local/lib/python3.12/site-packages/airflow/example_dags/example_outlet_event_extra.py
[2026-04-10T09:15:10.799+0900] {processor.py:914} INFO - Processing file /home/airflow/.local/lib/python3.12/site-packages/airflow/example_dags/example_outlet_event_extra.py for tasks to queue
[2026-04-10T09:15:10.801+0900] {logging_mixin.py:190} INFO - [2026-04-10T09:15:10.800+0900] {dagbag.py:587} INFO - Filling up the DagBag from /home/airflow/.local/lib/python3.12/site-packages/airflow/example_dags/example_outlet_event_extra.py
[2026-04-10T09:15:10.902+0900] {processor.py:925} INFO - DAG(s) 'dataset_with_extra_from_classic_operator', 'dataset_with_extra_by_yield', 'dataset_with_extra_by_context' retrieved from /home/airflow/.local/lib/python3.12/site-packages/airflow/example_dags/example_outlet_event_extra.py
[2026-04-10T09:15:10.924+0900] {logging_mixin.py:190} INFO - [2026-04-10T09:15:10.924+0900] {dag.py:3211} INFO - Sync 3 DAGs
[2026-04-10T09:15:10.943+0900] {logging_mixin.py:190} INFO - [2026-04-10T09:15:10.942+0900] {dag.py:4138} INFO - Setting next_dagrun for dataset_with_extra_by_context to 2026-04-09 00:00:00+00:00, run_after=2026-04-10 00:00:00+00:00
[2026-04-10T09:15:10.946+0900] {logging_mixin.py:190} INFO - [2026-04-10T09:15:10.946+0900] {dag.py:4138} INFO - Setting next_dagrun for dataset_with_extra_by_yield to 2026-04-09 00:00:00+00:00, run_after=2026-04-10 00:00:00+00:00
[2026-04-10T09:15:10.948+0900] {logging_mixin.py:190} INFO - [2026-04-10T09:15:10.948+0900] {dag.py:4138} INFO - Setting next_dagrun for dataset_with_extra_from_classic_operator to 2026-04-09 00:00:00+00:00, run_after=2026-04-10 00:00:00+00:00
[2026-04-10T09:15:10.970+0900] {processor.py:208} INFO - Processing /home/airflow/.local/lib/python3.12/site-packages/airflow/example_dags/example_outlet_event_extra.py took 0.177 seconds
[2026-04-10T09:15:41.880+0900] {processor.py:186} INFO - Started process (PID=147375) to work on /home/airflow/.local/lib/python3.12/site-packages/airflow/example_dags/example_outlet_event_extra.py
[2026-04-10T09:15:41.882+0900] {processor.py:914} INFO - Processing file /home/airflow/.local/lib/python3.12/site-packages/airflow/example_dags/example_outlet_event_extra.py for tasks to queue
[2026-04-10T09:15:41.884+0900] {logging_mixin.py:190} INFO - [2026-04-10T09:15:41.883+0900] {dagbag.py:587} INFO - Filling up the DagBag from /home/airflow/.local/lib/python3.12/site-packages/airflow/example_dags/example_outlet_event_extra.py
[2026-04-10T09:15:41.995+0900] {processor.py:925} INFO - DAG(s) 'dataset_with_extra_from_classic_operator', 'dataset_with_extra_by_context', 'dataset_with_extra_by_yield' retrieved from /home/airflow/.local/lib/python3.12/site-packages/airflow/example_dags/example_outlet_event_extra.py
[2026-04-10T09:15:42.018+0900] {logging_mixin.py:190} INFO - [2026-04-10T09:15:42.018+0900] {dag.py:3211} INFO - Sync 3 DAGs
[2026-04-10T09:15:42.037+0900] {logging_mixin.py:190} INFO - [2026-04-10T09:15:42.037+0900] {dag.py:4138} INFO - Setting next_dagrun for dataset_with_extra_by_context to 2026-04-09 00:00:00+00:00, run_after=2026-04-10 00:00:00+00:00
[2026-04-10T09:15:42.042+0900] {logging_mixin.py:190} INFO - [2026-04-10T09:15:42.042+0900] {dag.py:4138} INFO - Setting next_dagrun for dataset_with_extra_by_yield to 2026-04-09 00:00:00+00:00, run_after=2026-04-10 00:00:00+00:00
[2026-04-10T09:15:42.045+0900] {logging_mixin.py:190} INFO - [2026-04-10T09:15:42.045+0900] {dag.py:4138} INFO - Setting next_dagrun for dataset_with_extra_from_classic_operator to 2026-04-09 00:00:00+00:00, run_after=2026-04-10 00:00:00+00:00
[2026-04-10T09:15:42.062+0900] {processor.py:208} INFO - Processing /home/airflow/.local/lib/python3.12/site-packages/airflow/example_dags/example_outlet_event_extra.py took 0.187 seconds
[2026-04-10T09:16:12.579+0900] {processor.py:186} INFO - Started process (PID=147438) to work on /home/airflow/.local/lib/python3.12/site-packages/airflow/example_dags/example_outlet_event_extra.py
[2026-04-10T09:16:12.580+0900] {processor.py:914} INFO - Processing file /home/airflow/.local/lib/python3.12/site-packages/airflow/example_dags/example_outlet_event_extra.py for tasks to queue
[2026-04-10T09:16:12.582+0900] {logging_mixin.py:190} INFO - [2026-04-10T09:16:12.582+0900] {dagbag.py:587} INFO - Filling up the DagBag from /home/airflow/.local/lib/python3.12/site-packages/airflow/example_dags/example_outlet_event_extra.py
[2026-04-10T09:16:12.683+0900] {processor.py:925} INFO - DAG(s) 'dataset_with_extra_by_context', 'dataset_with_extra_by_yield', 'dataset_with_extra_from_classic_operator' retrieved from /home/airflow/.local/lib/python3.12/site-packages/airflow/example_dags/example_outlet_event_extra.py
[2026-04-10T09:16:12.706+0900] {logging_mixin.py:190} INFO - [2026-04-10T09:16:12.706+0900] {dag.py:3211} INFO - Sync 3 DAGs
[2026-04-10T09:16:12.730+0900] {logging_mixin.py:190} INFO - [2026-04-10T09:16:12.730+0900] {dag.py:4138} INFO - Setting next_dagrun for dataset_with_extra_by_context to 2026-04-09 00:00:00+00:00, run_after=2026-04-10 00:00:00+00:00
[2026-04-10T09:16:12.734+0900] {logging_mixin.py:190} INFO - [2026-04-10T09:16:12.733+0900] {dag.py:4138} INFO - Setting next_dagrun for dataset_with_extra_by_yield to 2026-04-09 00:00:00+00:00, run_after=2026-04-10 00:00:00+00:00
[2026-04-10T09:16:12.735+0900] {logging_mixin.py:190} INFO - [2026-04-10T09:16:12.735+0900] {dag.py:4138} INFO - Setting next_dagrun for dataset_with_extra_from_classic_operator to 2026-04-09 00:00:00+00:00, run_after=2026-04-10 00:00:00+00:00
[2026-04-10T09:16:12.752+0900] {processor.py:208} INFO - Processing /home/airflow/.local/lib/python3.12/site-packages/airflow/example_dags/example_outlet_event_extra.py took 0.177 seconds
[2026-04-10T09:16:43.367+0900] {processor.py:186} INFO - Started process (PID=147501) to work on /home/airflow/.local/lib/python3.12/site-packages/airflow/example_dags/example_outlet_event_extra.py
[2026-04-10T09:16:43.368+0900] {processor.py:914} INFO - Processing file /home/airflow/.local/lib/python3.12/site-packages/airflow/example_dags/example_outlet_event_extra.py for tasks to queue
[2026-04-10T09:16:43.370+0900] {logging_mixin.py:190} INFO - [2026-04-10T09:16:43.370+0900] {dagbag.py:587} INFO - Filling up the DagBag from /home/airflow/.local/lib/python3.12/site-packages/airflow/example_dags/example_outlet_event_extra.py
[2026-04-10T09:16:43.463+0900] {processor.py:925} INFO - DAG(s) 'dataset_with_extra_by_context', 'dataset_with_extra_by_yield', 'dataset_with_extra_from_classic_operator' retrieved from /home/airflow/.local/lib/python3.12/site-packages/airflow/example_dags/example_outlet_event_extra.py
[2026-04-10T09:16:43.486+0900] {logging_mixin.py:190} INFO - [2026-04-10T09:16:43.486+0900] {dag.py:3211} INFO - Sync 3 DAGs
[2026-04-10T09:16:43.504+0900] {logging_mixin.py:190} INFO - [2026-04-10T09:16:43.504+0900] {dag.py:4138} INFO - Setting next_dagrun for dataset_with_extra_by_context to 2026-04-09 00:00:00+00:00, run_after=2026-04-10 00:00:00+00:00
[2026-04-10T09:16:43.507+0900] {logging_mixin.py:190} INFO - [2026-04-10T09:16:43.507+0900] {dag.py:4138} INFO - Setting next_dagrun for dataset_with_extra_by_yield to 2026-04-09 00:00:00+00:00, run_after=2026-04-10 00:00:00+00:00
[2026-04-10T09:16:43.509+0900] {logging_mixin.py:190} INFO - [2026-04-10T09:16:43.509+0900] {dag.py:4138} INFO - Setting next_dagrun for dataset_with_extra_from_classic_operator to 2026-04-09 00:00:00+00:00, run_after=2026-04-10 00:00:00+00:00
[2026-04-10T09:16:43.525+0900] {processor.py:208} INFO - Processing /home/airflow/.local/lib/python3.12/site-packages/airflow/example_dags/example_outlet_event_extra.py took 0.163 seconds
[2026-04-10T09:17:14.077+0900] {processor.py:186} INFO - Started process (PID=147564) to work on /home/airflow/.local/lib/python3.12/site-packages/airflow/example_dags/example_outlet_event_extra.py
[2026-04-10T09:17:14.079+0900] {processor.py:914} INFO - Processing file /home/airflow/.local/lib/python3.12/site-packages/airflow/example_dags/example_outlet_event_extra.py for tasks to queue
[2026-04-10T09:17:14.081+0900] {logging_mixin.py:190} INFO - [2026-04-10T09:17:14.081+0900] {dagbag.py:587} INFO - Filling up the DagBag from /home/airflow/.local/lib/python3.12/site-packages/airflow/example_dags/example_outlet_event_extra.py
[2026-04-10T09:17:14.179+0900] {processor.py:925} INFO - DAG(s) 'dataset_with_extra_by_yield', 'dataset_with_extra_from_classic_operator', 'dataset_with_extra_by_context' retrieved from /home/airflow/.local/lib/python3.12/site-packages/airflow/example_dags/example_outlet_event_extra.py
[2026-04-10T09:17:14.200+0900] {logging_mixin.py:190} INFO - [2026-04-10T09:17:14.200+0900] {dag.py:3211} INFO - Sync 3 DAGs
[2026-04-10T09:17:14.218+0900] {logging_mixin.py:190} INFO - [2026-04-10T09:17:14.218+0900] {dag.py:4138} INFO - Setting next_dagrun for dataset_with_extra_by_context to 2026-04-09 00:00:00+00:00, run_after=2026-04-10 00:00:00+00:00
[2026-04-10T09:17:14.222+0900] {logging_mixin.py:190} INFO - [2026-04-10T09:17:14.222+0900] {dag.py:4138} INFO - Setting next_dagrun for dataset_with_extra_by_yield to 2026-04-09 00:00:00+00:00, run_after=2026-04-10 00:00:00+00:00
[2026-04-10T09:17:14.224+0900] {logging_mixin.py:190} INFO - [2026-04-10T09:17:14.224+0900] {dag.py:4138} INFO - Setting next_dagrun for dataset_with_extra_from_classic_operator to 2026-04-09 00:00:00+00:00, run_after=2026-04-10 00:00:00+00:00
[2026-04-10T09:17:14.246+0900] {processor.py:208} INFO - Processing /home/airflow/.local/lib/python3.12/site-packages/airflow/example_dags/example_outlet_event_extra.py took 0.173 seconds
[2026-04-10T09:17:44.777+0900] {processor.py:186} INFO - Started process (PID=147627) to work on /home/airflow/.local/lib/python3.12/site-packages/airflow/example_dags/example_outlet_event_extra.py
[2026-04-10T09:17:44.778+0900] {processor.py:914} INFO - Processing file /home/airflow/.local/lib/python3.12/site-packages/airflow/example_dags/example_outlet_event_extra.py for tasks to queue
[2026-04-10T09:17:44.780+0900] {logging_mixin.py:190} INFO - [2026-04-10T09:17:44.780+0900] {dagbag.py:587} INFO - Filling up the DagBag from /home/airflow/.local/lib/python3.12/site-packages/airflow/example_dags/example_outlet_event_extra.py
[2026-04-10T09:17:44.890+0900] {processor.py:925} INFO - DAG(s) 'dataset_with_extra_by_yield', 'dataset_with_extra_from_classic_operator', 'dataset_with_extra_by_context' retrieved from /home/airflow/.local/lib/python3.12/site-packages/airflow/example_dags/example_outlet_event_extra.py
[2026-04-10T09:17:44.921+0900] {logging_mixin.py:190} INFO - [2026-04-10T09:17:44.921+0900] {dag.py:3211} INFO - Sync 3 DAGs
[2026-04-10T09:17:44.940+0900] {logging_mixin.py:190} INFO - [2026-04-10T09:17:44.940+0900] {dag.py:4138} INFO - Setting next_dagrun for dataset_with_extra_by_context to 2026-04-09 00:00:00+00:00, run_after=2026-04-10 00:00:00+00:00
[2026-04-10T09:17:44.945+0900] {logging_mixin.py:190} INFO - [2026-04-10T09:17:44.945+0900] {dag.py:4138} INFO - Setting next_dagrun for dataset_with_extra_by_yield to 2026-04-09 00:00:00+00:00, run_after=2026-04-10 00:00:00+00:00
[2026-04-10T09:17:44.947+0900] {logging_mixin.py:190} INFO - [2026-04-10T09:17:44.947+0900] {dag.py:4138} INFO - Setting next_dagrun for dataset_with_extra_from_classic_operator to 2026-04-09 00:00:00+00:00, run_after=2026-04-10 00:00:00+00:00
[2026-04-10T09:17:44.964+0900] {processor.py:208} INFO - Processing /home/airflow/.local/lib/python3.12/site-packages/airflow/example_dags/example_outlet_event_extra.py took 0.192 seconds
[2026-04-10T09:18:15.706+0900] {processor.py:186} INFO - Started process (PID=147690) to work on /home/airflow/.local/lib/python3.12/site-packages/airflow/example_dags/example_outlet_event_extra.py
[2026-04-10T09:18:15.708+0900] {processor.py:914} INFO - Processing file /home/airflow/.local/lib/python3.12/site-packages/airflow/example_dags/example_outlet_event_extra.py for tasks to queue
[2026-04-10T09:18:15.710+0900] {logging_mixin.py:190} INFO - [2026-04-10T09:18:15.710+0900] {dagbag.py:587} INFO - Filling up the DagBag from /home/airflow/.local/lib/python3.12/site-packages/airflow/example_dags/example_outlet_event_extra.py
[2026-04-10T09:18:15.821+0900] {processor.py:925} INFO - DAG(s) 'dataset_with_extra_from_classic_operator', 'dataset_with_extra_by_context', 'dataset_with_extra_by_yield' retrieved from /home/airflow/.local/lib/python3.12/site-packages/airflow/example_dags/example_outlet_event_extra.py
[2026-04-10T09:18:15.849+0900] {logging_mixin.py:190} INFO - [2026-04-10T09:18:15.849+0900] {dag.py:3211} INFO - Sync 3 DAGs
[2026-04-10T09:18:15.877+0900] {logging_mixin.py:190} INFO - [2026-04-10T09:18:15.876+0900] {dag.py:4138} INFO - Setting next_dagrun for dataset_with_extra_by_context to 2026-04-09 00:00:00+00:00, run_after=2026-04-10 00:00:00+00:00
[2026-04-10T09:18:15.882+0900] {logging_mixin.py:190} INFO - [2026-04-10T09:18:15.882+0900] {dag.py:4138} INFO - Setting next_dagrun for dataset_with_extra_by_yield to 2026-04-09 00:00:00+00:00, run_after=2026-04-10 00:00:00+00:00
[2026-04-10T09:18:15.885+0900] {logging_mixin.py:190} INFO - [2026-04-10T09:18:15.885+0900] {dag.py:4138} INFO - Setting next_dagrun for dataset_with_extra_from_classic_operator to 2026-04-09 00:00:00+00:00, run_after=2026-04-10 00:00:00+00:00
[2026-04-10T09:18:15.906+0900] {processor.py:208} INFO - Processing /home/airflow/.local/lib/python3.12/site-packages/airflow/example_dags/example_outlet_event_extra.py took 0.205 seconds
[2026-04-10T09:18:46.349+0900] {processor.py:186} INFO - Started process (PID=147753) to work on /home/airflow/.local/lib/python3.12/site-packages/airflow/example_dags/example_outlet_event_extra.py
[2026-04-10T09:18:46.350+0900] {processor.py:914} INFO - Processing file /home/airflow/.local/lib/python3.12/site-packages/airflow/example_dags/example_outlet_event_extra.py for tasks to queue
[2026-04-10T09:18:46.352+0900] {logging_mixin.py:190} INFO - [2026-04-10T09:18:46.352+0900] {dagbag.py:587} INFO - Filling up the DagBag from /home/airflow/.local/lib/python3.12/site-packages/airflow/example_dags/example_outlet_event_extra.py
[2026-04-10T09:18:46.450+0900] {processor.py:925} INFO - DAG(s) 'dataset_with_extra_by_yield', 'dataset_with_extra_by_context', 'dataset_with_extra_from_classic_operator' retrieved from /home/airflow/.local/lib/python3.12/site-packages/airflow/example_dags/example_outlet_event_extra.py
[2026-04-10T09:18:46.471+0900] {logging_mixin.py:190} INFO - [2026-04-10T09:18:46.471+0900] {dag.py:3211} INFO - Sync 3 DAGs
[2026-04-10T09:18:46.488+0900] {logging_mixin.py:190} INFO - [2026-04-10T09:18:46.488+0900] {dag.py:4138} INFO - Setting next_dagrun for dataset_with_extra_by_context to 2026-04-09 00:00:00+00:00, run_after=2026-04-10 00:00:00+00:00
[2026-04-10T09:18:46.493+0900] {logging_mixin.py:190} INFO - [2026-04-10T09:18:46.492+0900] {dag.py:4138} INFO - Setting next_dagrun for dataset_with_extra_by_yield to 2026-04-09 00:00:00+00:00, run_after=2026-04-10 00:00:00+00:00
[2026-04-10T09:18:46.495+0900] {logging_mixin.py:190} INFO - [2026-04-10T09:18:46.495+0900] {dag.py:4138} INFO - Setting next_dagrun for dataset_with_extra_from_classic_operator to 2026-04-09 00:00:00+00:00, run_after=2026-04-10 00:00:00+00:00
[2026-04-10T09:18:46.510+0900] {processor.py:208} INFO - Processing /home/airflow/.local/lib/python3.12/site-packages/airflow/example_dags/example_outlet_event_extra.py took 0.166 seconds
[2026-04-10T09:19:17.319+0900] {processor.py:186} INFO - Started process (PID=147816) to work on /home/airflow/.local/lib/python3.12/site-packages/airflow/example_dags/example_outlet_event_extra.py
[2026-04-10T09:19:17.320+0900] {processor.py:914} INFO - Processing file /home/airflow/.local/lib/python3.12/site-packages/airflow/example_dags/example_outlet_event_extra.py for tasks to queue
[2026-04-10T09:19:17.323+0900] {logging_mixin.py:190} INFO - [2026-04-10T09:19:17.322+0900] {dagbag.py:587} INFO - Filling up the DagBag from /home/airflow/.local/lib/python3.12/site-packages/airflow/example_dags/example_outlet_event_extra.py
[2026-04-10T09:19:17.428+0900] {processor.py:925} INFO - DAG(s) 'dataset_with_extra_by_context', 'dataset_with_extra_by_yield', 'dataset_with_extra_from_classic_operator' retrieved from /home/airflow/.local/lib/python3.12/site-packages/airflow/example_dags/example_outlet_event_extra.py
[2026-04-10T09:19:17.452+0900] {logging_mixin.py:190} INFO - [2026-04-10T09:19:17.451+0900] {dag.py:3211} INFO - Sync 3 DAGs
[2026-04-10T09:19:17.471+0900] {logging_mixin.py:190} INFO - [2026-04-10T09:19:17.471+0900] {dag.py:4138} INFO - Setting next_dagrun for dataset_with_extra_by_context to 2026-04-09 00:00:00+00:00, run_after=2026-04-10 00:00:00+00:00
[2026-04-10T09:19:17.474+0900] {logging_mixin.py:190} INFO - [2026-04-10T09:19:17.474+0900] {dag.py:4138} INFO - Setting next_dagrun for dataset_with_extra_by_yield to 2026-04-09 00:00:00+00:00, run_after=2026-04-10 00:00:00+00:00
[2026-04-10T09:19:17.477+0900] {logging_mixin.py:190} INFO - [2026-04-10T09:19:17.477+0900] {dag.py:4138} INFO - Setting next_dagrun for dataset_with_extra_from_classic_operator to 2026-04-09 00:00:00+00:00, run_after=2026-04-10 00:00:00+00:00
[2026-04-10T09:19:17.499+0900] {processor.py:208} INFO - Processing /home/airflow/.local/lib/python3.12/site-packages/airflow/example_dags/example_outlet_event_extra.py took 0.184 seconds
[2026-04-10T09:19:48.373+0900] {processor.py:186} INFO - Started process (PID=147879) to work on /home/airflow/.local/lib/python3.12/site-packages/airflow/example_dags/example_outlet_event_extra.py
[2026-04-10T09:19:48.375+0900] {processor.py:914} INFO - Processing file /home/airflow/.local/lib/python3.12/site-packages/airflow/example_dags/example_outlet_event_extra.py for tasks to queue
[2026-04-10T09:19:48.377+0900] {logging_mixin.py:190} INFO - [2026-04-10T09:19:48.377+0900] {dagbag.py:587} INFO - Filling up the DagBag from /home/airflow/.local/lib/python3.12/site-packages/airflow/example_dags/example_outlet_event_extra.py
[2026-04-10T09:19:48.481+0900] {processor.py:925} INFO - DAG(s) 'dataset_with_extra_from_classic_operator', 'dataset_with_extra_by_context', 'dataset_with_extra_by_yield' retrieved from /home/airflow/.local/lib/python3.12/site-packages/airflow/example_dags/example_outlet_event_extra.py
[2026-04-10T09:19:48.504+0900] {logging_mixin.py:190} INFO - [2026-04-10T09:19:48.504+0900] {dag.py:3211} INFO - Sync 3 DAGs
[2026-04-10T09:19:48.522+0900] {logging_mixin.py:190} INFO - [2026-04-10T09:19:48.522+0900] {dag.py:4138} INFO - Setting next_dagrun for dataset_with_extra_by_context to 2026-04-09 00:00:00+00:00, run_after=2026-04-10 00:00:00+00:00
[2026-04-10T09:19:48.526+0900] {logging_mixin.py:190} INFO - [2026-04-10T09:19:48.526+0900] {dag.py:4138} INFO - Setting next_dagrun for dataset_with_extra_by_yield to 2026-04-09 00:00:00+00:00, run_after=2026-04-10 00:00:00+00:00
[2026-04-10T09:19:48.528+0900] {logging_mixin.py:190} INFO - [2026-04-10T09:19:48.528+0900] {dag.py:4138} INFO - Setting next_dagrun for dataset_with_extra_from_classic_operator to 2026-04-09 00:00:00+00:00, run_after=2026-04-10 00:00:00+00:00
[2026-04-10T09:19:48.546+0900] {processor.py:208} INFO - Processing /home/airflow/.local/lib/python3.12/site-packages/airflow/example_dags/example_outlet_event_extra.py took 0.178 seconds
[2026-04-10T09:20:19.120+0900] {processor.py:186} INFO - Started process (PID=147942) to work on /home/airflow/.local/lib/python3.12/site-packages/airflow/example_dags/example_outlet_event_extra.py
[2026-04-10T09:20:19.121+0900] {processor.py:914} INFO - Processing file /home/airflow/.local/lib/python3.12/site-packages/airflow/example_dags/example_outlet_event_extra.py for tasks to queue
[2026-04-10T09:20:19.123+0900] {logging_mixin.py:190} INFO - [2026-04-10T09:20:19.123+0900] {dagbag.py:587} INFO - Filling up the DagBag from /home/airflow/.local/lib/python3.12/site-packages/airflow/example_dags/example_outlet_event_extra.py
[2026-04-10T09:20:19.221+0900] {processor.py:925} INFO - DAG(s) 'dataset_with_extra_by_context', 'dataset_with_extra_from_classic_operator', 'dataset_with_extra_by_yield' retrieved from /home/airflow/.local/lib/python3.12/site-packages/airflow/example_dags/example_outlet_event_extra.py
[2026-04-10T09:20:19.240+0900] {logging_mixin.py:190} INFO - [2026-04-10T09:20:19.240+0900] {dag.py:3211} INFO - Sync 3 DAGs
[2026-04-10T09:20:19.257+0900] {logging_mixin.py:190} INFO - [2026-04-10T09:20:19.257+0900] {dag.py:4138} INFO - Setting next_dagrun for dataset_with_extra_by_context to 2026-04-09 00:00:00+00:00, run_after=2026-04-10 00:00:00+00:00
[2026-04-10T09:20:19.261+0900] {logging_mixin.py:190} INFO - [2026-04-10T09:20:19.261+0900] {dag.py:4138} INFO - Setting next_dagrun for dataset_with_extra_by_yield to 2026-04-09 00:00:00+00:00, run_after=2026-04-10 00:00:00+00:00
[2026-04-10T09:20:19.263+0900] {logging_mixin.py:190} INFO - [2026-04-10T09:20:19.263+0900] {dag.py:4138} INFO - Setting next_dagrun for dataset_with_extra_from_classic_operator to 2026-04-09 00:00:00+00:00, run_after=2026-04-10 00:00:00+00:00
[2026-04-10T09:20:19.282+0900] {processor.py:208} INFO - Processing /home/airflow/.local/lib/python3.12/site-packages/airflow/example_dags/example_outlet_event_extra.py took 0.166 seconds
[2026-04-10T09:20:49.823+0900] {processor.py:186} INFO - Started process (PID=148005) to work on /home/airflow/.local/lib/python3.12/site-packages/airflow/example_dags/example_outlet_event_extra.py
[2026-04-10T09:20:49.824+0900] {processor.py:914} INFO - Processing file /home/airflow/.local/lib/python3.12/site-packages/airflow/example_dags/example_outlet_event_extra.py for tasks to queue
[2026-04-10T09:20:49.826+0900] {logging_mixin.py:190} INFO - [2026-04-10T09:20:49.826+0900] {dagbag.py:587} INFO - Filling up the DagBag from /home/airflow/.local/lib/python3.12/site-packages/airflow/example_dags/example_outlet_event_extra.py
[2026-04-10T09:20:49.924+0900] {processor.py:925} INFO - DAG(s) 'dataset_with_extra_by_context', 'dataset_with_extra_from_classic_operator', 'dataset_with_extra_by_yield' retrieved from /home/airflow/.local/lib/python3.12/site-packages/airflow/example_dags/example_outlet_event_extra.py
[2026-04-10T09:20:49.946+0900] {logging_mixin.py:190} INFO - [2026-04-10T09:20:49.946+0900] {dag.py:3211} INFO - Sync 3 DAGs
[2026-04-10T09:20:49.963+0900] {logging_mixin.py:190} INFO - [2026-04-10T09:20:49.963+0900] {dag.py:4138} INFO - Setting next_dagrun for dataset_with_extra_by_context to 2026-04-09 00:00:00+00:00, run_after=2026-04-10 00:00:00+00:00
[2026-04-10T09:20:49.966+0900] {logging_mixin.py:190} INFO - [2026-04-10T09:20:49.966+0900] {dag.py:4138} INFO - Setting next_dagrun for dataset_with_extra_by_yield to 2026-04-09 00:00:00+00:00, run_after=2026-04-10 00:00:00+00:00
[2026-04-10T09:20:49.968+0900] {logging_mixin.py:190} INFO - [2026-04-10T09:20:49.968+0900] {dag.py:4138} INFO - Setting next_dagrun for dataset_with_extra_from_classic_operator to 2026-04-09 00:00:00+00:00, run_after=2026-04-10 00:00:00+00:00
[2026-04-10T09:20:49.982+0900] {processor.py:208} INFO - Processing /home/airflow/.local/lib/python3.12/site-packages/airflow/example_dags/example_outlet_event_extra.py took 0.163 seconds
[2026-04-10T09:21:20.640+0900] {processor.py:186} INFO - Started process (PID=148068) to work on /home/airflow/.local/lib/python3.12/site-packages/airflow/example_dags/example_outlet_event_extra.py
[2026-04-10T09:21:20.641+0900] {processor.py:914} INFO - Processing file /home/airflow/.local/lib/python3.12/site-packages/airflow/example_dags/example_outlet_event_extra.py for tasks to queue
[2026-04-10T09:21:20.643+0900] {logging_mixin.py:190} INFO - [2026-04-10T09:21:20.642+0900] {dagbag.py:587} INFO - Filling up the DagBag from /home/airflow/.local/lib/python3.12/site-packages/airflow/example_dags/example_outlet_event_extra.py
[2026-04-10T09:21:20.736+0900] {processor.py:925} INFO - DAG(s) 'dataset_with_extra_by_yield', 'dataset_with_extra_by_context', 'dataset_with_extra_from_classic_operator' retrieved from /home/airflow/.local/lib/python3.12/site-packages/airflow/example_dags/example_outlet_event_extra.py
[2026-04-10T09:21:20.758+0900] {logging_mixin.py:190} INFO - [2026-04-10T09:21:20.758+0900] {dag.py:3211} INFO - Sync 3 DAGs
[2026-04-10T09:21:20.778+0900] {logging_mixin.py:190} INFO - [2026-04-10T09:21:20.777+0900] {dag.py:4138} INFO - Setting next_dagrun for dataset_with_extra_by_context to 2026-04-09 00:00:00+00:00, run_after=2026-04-10 00:00:00+00:00
[2026-04-10T09:21:20.781+0900] {logging_mixin.py:190} INFO - [2026-04-10T09:21:20.781+0900] {dag.py:4138} INFO - Setting next_dagrun for dataset_with_extra_by_yield to 2026-04-09 00:00:00+00:00, run_after=2026-04-10 00:00:00+00:00
[2026-04-10T09:21:20.783+0900] {logging_mixin.py:190} INFO - [2026-04-10T09:21:20.783+0900] {dag.py:4138} INFO - Setting next_dagrun for dataset_with_extra_from_classic_operator to 2026-04-09 00:00:00+00:00, run_after=2026-04-10 00:00:00+00:00
[2026-04-10T09:21:20.800+0900] {processor.py:208} INFO - Processing /home/airflow/.local/lib/python3.12/site-packages/airflow/example_dags/example_outlet_event_extra.py took 0.165 seconds
[2026-04-10T09:21:51.448+0900] {processor.py:186} INFO - Started process (PID=148131) to work on /home/airflow/.local/lib/python3.12/site-packages/airflow/example_dags/example_outlet_event_extra.py
[2026-04-10T09:21:51.449+0900] {processor.py:914} INFO - Processing file /home/airflow/.local/lib/python3.12/site-packages/airflow/example_dags/example_outlet_event_extra.py for tasks to queue
[2026-04-10T09:21:51.452+0900] {logging_mixin.py:190} INFO - [2026-04-10T09:21:51.451+0900] {dagbag.py:587} INFO - Filling up the DagBag from /home/airflow/.local/lib/python3.12/site-packages/airflow/example_dags/example_outlet_event_extra.py
[2026-04-10T09:21:51.562+0900] {processor.py:925} INFO - DAG(s) 'dataset_with_extra_by_yield', 'dataset_with_extra_by_context', 'dataset_with_extra_from_classic_operator' retrieved from /home/airflow/.local/lib/python3.12/site-packages/airflow/example_dags/example_outlet_event_extra.py
[2026-04-10T09:21:51.585+0900] {logging_mixin.py:190} INFO - [2026-04-10T09:21:51.584+0900] {dag.py:3211} INFO - Sync 3 DAGs
[2026-04-10T09:21:51.603+0900] {logging_mixin.py:190} INFO - [2026-04-10T09:21:51.603+0900] {dag.py:4138} INFO - Setting next_dagrun for dataset_with_extra_by_context to 2026-04-09 00:00:00+00:00, run_after=2026-04-10 00:00:00+00:00
[2026-04-10T09:21:51.607+0900] {logging_mixin.py:190} INFO - [2026-04-10T09:21:51.607+0900] {dag.py:4138} INFO - Setting next_dagrun for dataset_with_extra_by_yield to 2026-04-09 00:00:00+00:00, run_after=2026-04-10 00:00:00+00:00
[2026-04-10T09:21:51.609+0900] {logging_mixin.py:190} INFO - [2026-04-10T09:21:51.609+0900] {dag.py:4138} INFO - Setting next_dagrun for dataset_with_extra_from_classic_operator to 2026-04-09 00:00:00+00:00, run_after=2026-04-10 00:00:00+00:00
[2026-04-10T09:21:51.627+0900] {processor.py:208} INFO - Processing /home/airflow/.local/lib/python3.12/site-packages/airflow/example_dags/example_outlet_event_extra.py took 0.184 seconds
[2026-04-10T09:22:22.176+0900] {processor.py:186} INFO - Started process (PID=148194) to work on /home/airflow/.local/lib/python3.12/site-packages/airflow/example_dags/example_outlet_event_extra.py
[2026-04-10T09:22:22.177+0900] {processor.py:914} INFO - Processing file /home/airflow/.local/lib/python3.12/site-packages/airflow/example_dags/example_outlet_event_extra.py for tasks to queue
[2026-04-10T09:22:22.179+0900] {logging_mixin.py:190} INFO - [2026-04-10T09:22:22.179+0900] {dagbag.py:587} INFO - Filling up the DagBag from /home/airflow/.local/lib/python3.12/site-packages/airflow/example_dags/example_outlet_event_extra.py
[2026-04-10T09:22:22.290+0900] {processor.py:925} INFO - DAG(s) 'dataset_with_extra_by_yield', 'dataset_with_extra_by_context', 'dataset_with_extra_from_classic_operator' retrieved from /home/airflow/.local/lib/python3.12/site-packages/airflow/example_dags/example_outlet_event_extra.py
[2026-04-10T09:22:22.313+0900] {logging_mixin.py:190} INFO - [2026-04-10T09:22:22.313+0900] {dag.py:3211} INFO - Sync 3 DAGs
[2026-04-10T09:22:22.333+0900] {logging_mixin.py:190} INFO - [2026-04-10T09:22:22.332+0900] {dag.py:4138} INFO - Setting next_dagrun for dataset_with_extra_by_context to 2026-04-09 00:00:00+00:00, run_after=2026-04-10 00:00:00+00:00
[2026-04-10T09:22:22.338+0900] {logging_mixin.py:190} INFO - [2026-04-10T09:22:22.337+0900] {dag.py:4138} INFO - Setting next_dagrun for dataset_with_extra_by_yield to 2026-04-09 00:00:00+00:00, run_after=2026-04-10 00:00:00+00:00
[2026-04-10T09:22:22.339+0900] {logging_mixin.py:190} INFO - [2026-04-10T09:22:22.339+0900] {dag.py:4138} INFO - Setting next_dagrun for dataset_with_extra_from_classic_operator to 2026-04-09 00:00:00+00:00, run_after=2026-04-10 00:00:00+00:00
[2026-04-10T09:22:22.358+0900] {processor.py:208} INFO - Processing /home/airflow/.local/lib/python3.12/site-packages/airflow/example_dags/example_outlet_event_extra.py took 0.186 seconds
[2026-04-10T09:22:53.059+0900] {processor.py:186} INFO - Started process (PID=148257) to work on /home/airflow/.local/lib/python3.12/site-packages/airflow/example_dags/example_outlet_event_extra.py
[2026-04-10T09:22:53.060+0900] {processor.py:914} INFO - Processing file /home/airflow/.local/lib/python3.12/site-packages/airflow/example_dags/example_outlet_event_extra.py for tasks to queue
[2026-04-10T09:22:53.061+0900] {logging_mixin.py:190} INFO - [2026-04-10T09:22:53.061+0900] {dagbag.py:587} INFO - Filling up the DagBag from /home/airflow/.local/lib/python3.12/site-packages/airflow/example_dags/example_outlet_event_extra.py
[2026-04-10T09:22:53.158+0900] {processor.py:925} INFO - DAG(s) 'dataset_with_extra_by_yield', 'dataset_with_extra_by_context', 'dataset_with_extra_from_classic_operator' retrieved from /home/airflow/.local/lib/python3.12/site-packages/airflow/example_dags/example_outlet_event_extra.py
[2026-04-10T09:22:53.182+0900] {logging_mixin.py:190} INFO - [2026-04-10T09:22:53.182+0900] {dag.py:3211} INFO - Sync 3 DAGs
[2026-04-10T09:22:53.206+0900] {logging_mixin.py:190} INFO - [2026-04-10T09:22:53.206+0900] {dag.py:4138} INFO - Setting next_dagrun for dataset_with_extra_by_context to 2026-04-09 00:00:00+00:00, run_after=2026-04-10 00:00:00+00:00
[2026-04-10T09:22:53.210+0900] {logging_mixin.py:190} INFO - [2026-04-10T09:22:53.210+0900] {dag.py:4138} INFO - Setting next_dagrun for dataset_with_extra_by_yield to 2026-04-09 00:00:00+00:00, run_after=2026-04-10 00:00:00+00:00
[2026-04-10T09:22:53.212+0900] {logging_mixin.py:190} INFO - [2026-04-10T09:22:53.212+0900] {dag.py:4138} INFO - Setting next_dagrun for dataset_with_extra_from_classic_operator to 2026-04-09 00:00:00+00:00, run_after=2026-04-10 00:00:00+00:00
[2026-04-10T09:22:53.232+0900] {processor.py:208} INFO - Processing /home/airflow/.local/lib/python3.12/site-packages/airflow/example_dags/example_outlet_event_extra.py took 0.177 seconds
[2026-04-10T09:23:23.713+0900] {processor.py:186} INFO - Started process (PID=148320) to work on /home/airflow/.local/lib/python3.12/site-packages/airflow/example_dags/example_outlet_event_extra.py
[2026-04-10T09:23:23.714+0900] {processor.py:914} INFO - Processing file /home/airflow/.local/lib/python3.12/site-packages/airflow/example_dags/example_outlet_event_extra.py for tasks to queue
[2026-04-10T09:23:23.716+0900] {logging_mixin.py:190} INFO - [2026-04-10T09:23:23.716+0900] {dagbag.py:587} INFO - Filling up the DagBag from /home/airflow/.local/lib/python3.12/site-packages/airflow/example_dags/example_outlet_event_extra.py
[2026-04-10T09:23:23.809+0900] {processor.py:925} INFO - DAG(s) 'dataset_with_extra_from_classic_operator', 'dataset_with_extra_by_yield', 'dataset_with_extra_by_context' retrieved from /home/airflow/.local/lib/python3.12/site-packages/airflow/example_dags/example_outlet_event_extra.py
[2026-04-10T09:23:23.831+0900] {logging_mixin.py:190} INFO - [2026-04-10T09:23:23.831+0900] {dag.py:3211} INFO - Sync 3 DAGs
[2026-04-10T09:23:23.849+0900] {logging_mixin.py:190} INFO - [2026-04-10T09:23:23.848+0900] {dag.py:4138} INFO - Setting next_dagrun for dataset_with_extra_by_context to 2026-04-09 00:00:00+00:00, run_after=2026-04-10 00:00:00+00:00
[2026-04-10T09:23:23.852+0900] {logging_mixin.py:190} INFO - [2026-04-10T09:23:23.852+0900] {dag.py:4138} INFO - Setting next_dagrun for dataset_with_extra_by_yield to 2026-04-09 00:00:00+00:00, run_after=2026-04-10 00:00:00+00:00
[2026-04-10T09:23:23.854+0900] {logging_mixin.py:190} INFO - [2026-04-10T09:23:23.854+0900] {dag.py:4138} INFO - Setting next_dagrun for dataset_with_extra_from_classic_operator to 2026-04-09 00:00:00+00:00, run_after=2026-04-10 00:00:00+00:00
[2026-04-10T09:23:23.868+0900] {processor.py:208} INFO - Processing /home/airflow/.local/lib/python3.12/site-packages/airflow/example_dags/example_outlet_event_extra.py took 0.159 seconds
[2026-04-10T09:23:54.390+0900] {processor.py:186} INFO - Started process (PID=148383) to work on /home/airflow/.local/lib/python3.12/site-packages/airflow/example_dags/example_outlet_event_extra.py
[2026-04-10T09:23:54.391+0900] {processor.py:914} INFO - Processing file /home/airflow/.local/lib/python3.12/site-packages/airflow/example_dags/example_outlet_event_extra.py for tasks to queue
[2026-04-10T09:23:54.393+0900] {logging_mixin.py:190} INFO - [2026-04-10T09:23:54.392+0900] {dagbag.py:587} INFO - Filling up the DagBag from /home/airflow/.local/lib/python3.12/site-packages/airflow/example_dags/example_outlet_event_extra.py
[2026-04-10T09:23:54.492+0900] {processor.py:925} INFO - DAG(s) 'dataset_with_extra_by_yield', 'dataset_with_extra_by_context', 'dataset_with_extra_from_classic_operator' retrieved from /home/airflow/.local/lib/python3.12/site-packages/airflow/example_dags/example_outlet_event_extra.py
[2026-04-10T09:23:54.515+0900] {logging_mixin.py:190} INFO - [2026-04-10T09:23:54.515+0900] {dag.py:3211} INFO - Sync 3 DAGs
[2026-04-10T09:23:54.536+0900] {logging_mixin.py:190} INFO - [2026-04-10T09:23:54.535+0900] {dag.py:4138} INFO - Setting next_dagrun for dataset_with_extra_by_context to 2026-04-09 00:00:00+00:00, run_after=2026-04-10 00:00:00+00:00
[2026-04-10T09:23:54.539+0900] {logging_mixin.py:190} INFO - [2026-04-10T09:23:54.539+0900] {dag.py:4138} INFO - Setting next_dagrun for dataset_with_extra_by_yield to 2026-04-09 00:00:00+00:00, run_after=2026-04-10 00:00:00+00:00
[2026-04-10T09:23:54.541+0900] {logging_mixin.py:190} INFO - [2026-04-10T09:23:54.541+0900] {dag.py:4138} INFO - Setting next_dagrun for dataset_with_extra_from_classic_operator to 2026-04-09 00:00:00+00:00, run_after=2026-04-10 00:00:00+00:00
[2026-04-10T09:23:54.556+0900] {processor.py:208} INFO - Processing /home/airflow/.local/lib/python3.12/site-packages/airflow/example_dags/example_outlet_event_extra.py took 0.171 seconds
[2026-04-10T09:24:24.588+0900] {processor.py:186} INFO - Started process (PID=148445) to work on /home/airflow/.local/lib/python3.12/site-packages/airflow/example_dags/example_outlet_event_extra.py
[2026-04-10T09:24:24.589+0900] {processor.py:914} INFO - Processing file /home/airflow/.local/lib/python3.12/site-packages/airflow/example_dags/example_outlet_event_extra.py for tasks to queue
[2026-04-10T09:24:24.591+0900] {logging_mixin.py:190} INFO - [2026-04-10T09:24:24.591+0900] {dagbag.py:587} INFO - Filling up the DagBag from /home/airflow/.local/lib/python3.12/site-packages/airflow/example_dags/example_outlet_event_extra.py
[2026-04-10T09:24:24.683+0900] {processor.py:925} INFO - DAG(s) 'dataset_with_extra_by_context', 'dataset_with_extra_from_classic_operator', 'dataset_with_extra_by_yield' retrieved from /home/airflow/.local/lib/python3.12/site-packages/airflow/example_dags/example_outlet_event_extra.py
[2026-04-10T09:24:24.701+0900] {logging_mixin.py:190} INFO - [2026-04-10T09:24:24.701+0900] {dag.py:3211} INFO - Sync 3 DAGs
[2026-04-10T09:24:24.718+0900] {logging_mixin.py:190} INFO - [2026-04-10T09:24:24.718+0900] {dag.py:4138} INFO - Setting next_dagrun for dataset_with_extra_by_context to 2026-04-09 00:00:00+00:00, run_after=2026-04-10 00:00:00+00:00
[2026-04-10T09:24:24.721+0900] {logging_mixin.py:190} INFO - [2026-04-10T09:24:24.721+0900] {dag.py:4138} INFO - Setting next_dagrun for dataset_with_extra_by_yield to 2026-04-09 00:00:00+00:00, run_after=2026-04-10 00:00:00+00:00
[2026-04-10T09:24:24.723+0900] {logging_mixin.py:190} INFO - [2026-04-10T09:24:24.723+0900] {dag.py:4138} INFO - Setting next_dagrun for dataset_with_extra_from_classic_operator to 2026-04-09 00:00:00+00:00, run_after=2026-04-10 00:00:00+00:00
[2026-04-10T09:24:24.740+0900] {processor.py:208} INFO - Processing /home/airflow/.local/lib/python3.12/site-packages/airflow/example_dags/example_outlet_event_extra.py took 0.156 seconds
[2026-04-10T09:24:54.862+0900] {processor.py:186} INFO - Started process (PID=148508) to work on /home/airflow/.local/lib/python3.12/site-packages/airflow/example_dags/example_outlet_event_extra.py
[2026-04-10T09:24:54.862+0900] {processor.py:914} INFO - Processing file /home/airflow/.local/lib/python3.12/site-packages/airflow/example_dags/example_outlet_event_extra.py for tasks to queue
[2026-04-10T09:24:54.865+0900] {logging_mixin.py:190} INFO - [2026-04-10T09:24:54.864+0900] {dagbag.py:587} INFO - Filling up the DagBag from /home/airflow/.local/lib/python3.12/site-packages/airflow/example_dags/example_outlet_event_extra.py
[2026-04-10T09:24:54.964+0900] {processor.py:925} INFO - DAG(s) 'dataset_with_extra_by_yield', 'dataset_with_extra_from_classic_operator', 'dataset_with_extra_by_context' retrieved from /home/airflow/.local/lib/python3.12/site-packages/airflow/example_dags/example_outlet_event_extra.py
[2026-04-10T09:24:54.983+0900] {logging_mixin.py:190} INFO - [2026-04-10T09:24:54.983+0900] {dag.py:3211} INFO - Sync 3 DAGs
[2026-04-10T09:24:55.002+0900] {logging_mixin.py:190} INFO - [2026-04-10T09:24:55.002+0900] {dag.py:4138} INFO - Setting next_dagrun for dataset_with_extra_by_context to 2026-04-09 00:00:00+00:00, run_after=2026-04-10 00:00:00+00:00
[2026-04-10T09:24:55.006+0900] {logging_mixin.py:190} INFO - [2026-04-10T09:24:55.006+0900] {dag.py:4138} INFO - Setting next_dagrun for dataset_with_extra_by_yield to 2026-04-09 00:00:00+00:00, run_after=2026-04-10 00:00:00+00:00
[2026-04-10T09:24:55.008+0900] {logging_mixin.py:190} INFO - [2026-04-10T09:24:55.008+0900] {dag.py:4138} INFO - Setting next_dagrun for dataset_with_extra_from_classic_operator to 2026-04-09 00:00:00+00:00, run_after=2026-04-10 00:00:00+00:00
[2026-04-10T09:24:55.029+0900] {processor.py:208} INFO - Processing /home/airflow/.local/lib/python3.12/site-packages/airflow/example_dags/example_outlet_event_extra.py took 0.173 seconds
[2026-04-10T09:25:25.952+0900] {processor.py:186} INFO - Started process (PID=148572) to work on /home/airflow/.local/lib/python3.12/site-packages/airflow/example_dags/example_outlet_event_extra.py
[2026-04-10T09:25:25.953+0900] {processor.py:914} INFO - Processing file /home/airflow/.local/lib/python3.12/site-packages/airflow/example_dags/example_outlet_event_extra.py for tasks to queue
[2026-04-10T09:25:25.955+0900] {logging_mixin.py:190} INFO - [2026-04-10T09:25:25.955+0900] {dagbag.py:587} INFO - Filling up the DagBag from /home/airflow/.local/lib/python3.12/site-packages/airflow/example_dags/example_outlet_event_extra.py
[2026-04-10T09:25:26.059+0900] {processor.py:925} INFO - DAG(s) 'dataset_with_extra_by_yield', 'dataset_with_extra_by_context', 'dataset_with_extra_from_classic_operator' retrieved from /home/airflow/.local/lib/python3.12/site-packages/airflow/example_dags/example_outlet_event_extra.py
[2026-04-10T09:25:26.082+0900] {logging_mixin.py:190} INFO - [2026-04-10T09:25:26.082+0900] {dag.py:3211} INFO - Sync 3 DAGs
[2026-04-10T09:25:26.102+0900] {logging_mixin.py:190} INFO - [2026-04-10T09:25:26.102+0900] {dag.py:4138} INFO - Setting next_dagrun for dataset_with_extra_by_context to 2026-04-09 00:00:00+00:00, run_after=2026-04-10 00:00:00+00:00
[2026-04-10T09:25:26.106+0900] {logging_mixin.py:190} INFO - [2026-04-10T09:25:26.106+0900] {dag.py:4138} INFO - Setting next_dagrun for dataset_with_extra_by_yield to 2026-04-09 00:00:00+00:00, run_after=2026-04-10 00:00:00+00:00
[2026-04-10T09:25:26.108+0900] {logging_mixin.py:190} INFO - [2026-04-10T09:25:26.108+0900] {dag.py:4138} INFO - Setting next_dagrun for dataset_with_extra_from_classic_operator to 2026-04-09 00:00:00+00:00, run_after=2026-04-10 00:00:00+00:00
[2026-04-10T09:25:26.125+0900] {processor.py:208} INFO - Processing /home/airflow/.local/lib/python3.12/site-packages/airflow/example_dags/example_outlet_event_extra.py took 0.178 seconds
[2026-04-10T09:25:56.304+0900] {processor.py:186} INFO - Started process (PID=148635) to work on /home/airflow/.local/lib/python3.12/site-packages/airflow/example_dags/example_outlet_event_extra.py
[2026-04-10T09:25:56.306+0900] {processor.py:914} INFO - Processing file /home/airflow/.local/lib/python3.12/site-packages/airflow/example_dags/example_outlet_event_extra.py for tasks to queue
[2026-04-10T09:25:56.308+0900] {logging_mixin.py:190} INFO - [2026-04-10T09:25:56.308+0900] {dagbag.py:587} INFO - Filling up the DagBag from /home/airflow/.local/lib/python3.12/site-packages/airflow/example_dags/example_outlet_event_extra.py
[2026-04-10T09:25:56.406+0900] {processor.py:925} INFO - DAG(s) 'dataset_with_extra_by_context', 'dataset_with_extra_from_classic_operator', 'dataset_with_extra_by_yield' retrieved from /home/airflow/.local/lib/python3.12/site-packages/airflow/example_dags/example_outlet_event_extra.py
[2026-04-10T09:25:56.432+0900] {logging_mixin.py:190} INFO - [2026-04-10T09:25:56.432+0900] {dag.py:3211} INFO - Sync 3 DAGs
[2026-04-10T09:25:56.460+0900] {logging_mixin.py:190} INFO - [2026-04-10T09:25:56.459+0900] {dag.py:4138} INFO - Setting next_dagrun for dataset_with_extra_by_context to 2026-04-09 00:00:00+00:00, run_after=2026-04-10 00:00:00+00:00
[2026-04-10T09:25:56.465+0900] {logging_mixin.py:190} INFO - [2026-04-10T09:25:56.465+0900] {dag.py:4138} INFO - Setting next_dagrun for dataset_with_extra_by_yield to 2026-04-09 00:00:00+00:00, run_after=2026-04-10 00:00:00+00:00
[2026-04-10T09:25:56.468+0900] {logging_mixin.py:190} INFO - [2026-04-10T09:25:56.468+0900] {dag.py:4138} INFO - Setting next_dagrun for dataset_with_extra_from_classic_operator to 2026-04-09 00:00:00+00:00, run_after=2026-04-10 00:00:00+00:00
[2026-04-10T09:25:56.488+0900] {processor.py:208} INFO - Processing /home/airflow/.local/lib/python3.12/site-packages/airflow/example_dags/example_outlet_event_extra.py took 0.188 seconds
[2026-04-10T09:26:27.269+0900] {processor.py:186} INFO - Started process (PID=148698) to work on /home/airflow/.local/lib/python3.12/site-packages/airflow/example_dags/example_outlet_event_extra.py
[2026-04-10T09:26:27.270+0900] {processor.py:914} INFO - Processing file /home/airflow/.local/lib/python3.12/site-packages/airflow/example_dags/example_outlet_event_extra.py for tasks to queue
[2026-04-10T09:26:27.272+0900] {logging_mixin.py:190} INFO - [2026-04-10T09:26:27.272+0900] {dagbag.py:587} INFO - Filling up the DagBag from /home/airflow/.local/lib/python3.12/site-packages/airflow/example_dags/example_outlet_event_extra.py
[2026-04-10T09:26:27.373+0900] {processor.py:925} INFO - DAG(s) 'dataset_with_extra_from_classic_operator', 'dataset_with_extra_by_context', 'dataset_with_extra_by_yield' retrieved from /home/airflow/.local/lib/python3.12/site-packages/airflow/example_dags/example_outlet_event_extra.py
[2026-04-10T09:26:27.397+0900] {logging_mixin.py:190} INFO - [2026-04-10T09:26:27.396+0900] {dag.py:3211} INFO - Sync 3 DAGs
[2026-04-10T09:26:27.415+0900] {logging_mixin.py:190} INFO - [2026-04-10T09:26:27.415+0900] {dag.py:4138} INFO - Setting next_dagrun for dataset_with_extra_by_context to 2026-04-09 00:00:00+00:00, run_after=2026-04-10 00:00:00+00:00
[2026-04-10T09:26:27.419+0900] {logging_mixin.py:190} INFO - [2026-04-10T09:26:27.418+0900] {dag.py:4138} INFO - Setting next_dagrun for dataset_with_extra_by_yield to 2026-04-09 00:00:00+00:00, run_after=2026-04-10 00:00:00+00:00
[2026-04-10T09:26:27.421+0900] {logging_mixin.py:190} INFO - [2026-04-10T09:26:27.420+0900] {dag.py:4138} INFO - Setting next_dagrun for dataset_with_extra_from_classic_operator to 2026-04-09 00:00:00+00:00, run_after=2026-04-10 00:00:00+00:00
[2026-04-10T09:26:27.438+0900] {processor.py:208} INFO - Processing /home/airflow/.local/lib/python3.12/site-packages/airflow/example_dags/example_outlet_event_extra.py took 0.174 seconds
[2026-04-10T09:26:57.881+0900] {processor.py:186} INFO - Started process (PID=148761) to work on /home/airflow/.local/lib/python3.12/site-packages/airflow/example_dags/example_outlet_event_extra.py
[2026-04-10T09:26:57.883+0900] {processor.py:914} INFO - Processing file /home/airflow/.local/lib/python3.12/site-packages/airflow/example_dags/example_outlet_event_extra.py for tasks to queue
[2026-04-10T09:26:57.885+0900] {logging_mixin.py:190} INFO - [2026-04-10T09:26:57.884+0900] {dagbag.py:587} INFO - Filling up the DagBag from /home/airflow/.local/lib/python3.12/site-packages/airflow/example_dags/example_outlet_event_extra.py
[2026-04-10T09:26:57.991+0900] {processor.py:925} INFO - DAG(s) 'dataset_with_extra_from_classic_operator', 'dataset_with_extra_by_yield', 'dataset_with_extra_by_context' retrieved from /home/airflow/.local/lib/python3.12/site-packages/airflow/example_dags/example_outlet_event_extra.py
[2026-04-10T09:26:58.029+0900] {logging_mixin.py:190} INFO - [2026-04-10T09:26:58.029+0900] {dag.py:3211} INFO - Sync 3 DAGs
[2026-04-10T09:26:58.056+0900] {logging_mixin.py:190} INFO - [2026-04-10T09:26:58.056+0900] {dag.py:4138} INFO - Setting next_dagrun for dataset_with_extra_by_context to 2026-04-09 00:00:00+00:00, run_after=2026-04-10 00:00:00+00:00
[2026-04-10T09:26:58.062+0900] {logging_mixin.py:190} INFO - [2026-04-10T09:26:58.062+0900] {dag.py:4138} INFO - Setting next_dagrun for dataset_with_extra_by_yield to 2026-04-09 00:00:00+00:00, run_after=2026-04-10 00:00:00+00:00
[2026-04-10T09:26:58.065+0900] {logging_mixin.py:190} INFO - [2026-04-10T09:26:58.065+0900] {dag.py:4138} INFO - Setting next_dagrun for dataset_with_extra_from_classic_operator to 2026-04-09 00:00:00+00:00, run_after=2026-04-10 00:00:00+00:00
[2026-04-10T09:26:58.093+0900] {processor.py:208} INFO - Processing /home/airflow/.local/lib/python3.12/site-packages/airflow/example_dags/example_outlet_event_extra.py took 0.217 seconds
[2026-04-10T09:27:28.684+0900] {processor.py:186} INFO - Started process (PID=148824) to work on /home/airflow/.local/lib/python3.12/site-packages/airflow/example_dags/example_outlet_event_extra.py
[2026-04-10T09:27:28.685+0900] {processor.py:914} INFO - Processing file /home/airflow/.local/lib/python3.12/site-packages/airflow/example_dags/example_outlet_event_extra.py for tasks to queue
[2026-04-10T09:27:28.688+0900] {logging_mixin.py:190} INFO - [2026-04-10T09:27:28.687+0900] {dagbag.py:587} INFO - Filling up the DagBag from /home/airflow/.local/lib/python3.12/site-packages/airflow/example_dags/example_outlet_event_extra.py
[2026-04-10T09:27:28.791+0900] {processor.py:925} INFO - DAG(s) 'dataset_with_extra_by_yield', 'dataset_with_extra_by_context', 'dataset_with_extra_from_classic_operator' retrieved from /home/airflow/.local/lib/python3.12/site-packages/airflow/example_dags/example_outlet_event_extra.py
[2026-04-10T09:27:28.816+0900] {logging_mixin.py:190} INFO - [2026-04-10T09:27:28.816+0900] {dag.py:3211} INFO - Sync 3 DAGs
[2026-04-10T09:27:28.835+0900] {logging_mixin.py:190} INFO - [2026-04-10T09:27:28.835+0900] {dag.py:4138} INFO - Setting next_dagrun for dataset_with_extra_by_context to 2026-04-09 00:00:00+00:00, run_after=2026-04-10 00:00:00+00:00
[2026-04-10T09:27:28.839+0900] {logging_mixin.py:190} INFO - [2026-04-10T09:27:28.838+0900] {dag.py:4138} INFO - Setting next_dagrun for dataset_with_extra_by_yield to 2026-04-09 00:00:00+00:00, run_after=2026-04-10 00:00:00+00:00
[2026-04-10T09:27:28.841+0900] {logging_mixin.py:190} INFO - [2026-04-10T09:27:28.840+0900] {dag.py:4138} INFO - Setting next_dagrun for dataset_with_extra_from_classic_operator to 2026-04-09 00:00:00+00:00, run_after=2026-04-10 00:00:00+00:00
[2026-04-10T09:27:28.859+0900] {processor.py:208} INFO - Processing /home/airflow/.local/lib/python3.12/site-packages/airflow/example_dags/example_outlet_event_extra.py took 0.179 seconds
[2026-04-10T09:27:59.324+0900] {processor.py:186} INFO - Started process (PID=148887) to work on /home/airflow/.local/lib/python3.12/site-packages/airflow/example_dags/example_outlet_event_extra.py
[2026-04-10T09:27:59.325+0900] {processor.py:914} INFO - Processing file /home/airflow/.local/lib/python3.12/site-packages/airflow/example_dags/example_outlet_event_extra.py for tasks to queue
[2026-04-10T09:27:59.327+0900] {logging_mixin.py:190} INFO - [2026-04-10T09:27:59.327+0900] {dagbag.py:587} INFO - Filling up the DagBag from /home/airflow/.local/lib/python3.12/site-packages/airflow/example_dags/example_outlet_event_extra.py
[2026-04-10T09:27:59.427+0900] {processor.py:925} INFO - DAG(s) 'dataset_with_extra_from_classic_operator', 'dataset_with_extra_by_yield', 'dataset_with_extra_by_context' retrieved from /home/airflow/.local/lib/python3.12/site-packages/airflow/example_dags/example_outlet_event_extra.py
[2026-04-10T09:27:59.450+0900] {logging_mixin.py:190} INFO - [2026-04-10T09:27:59.450+0900] {dag.py:3211} INFO - Sync 3 DAGs
[2026-04-10T09:27:59.469+0900] {logging_mixin.py:190} INFO - [2026-04-10T09:27:59.468+0900] {dag.py:4138} INFO - Setting next_dagrun for dataset_with_extra_by_context to 2026-04-09 00:00:00+00:00, run_after=2026-04-10 00:00:00+00:00
[2026-04-10T09:27:59.472+0900] {logging_mixin.py:190} INFO - [2026-04-10T09:27:59.472+0900] {dag.py:4138} INFO - Setting next_dagrun for dataset_with_extra_by_yield to 2026-04-09 00:00:00+00:00, run_after=2026-04-10 00:00:00+00:00
[2026-04-10T09:27:59.474+0900] {logging_mixin.py:190} INFO - [2026-04-10T09:27:59.474+0900] {dag.py:4138} INFO - Setting next_dagrun for dataset_with_extra_from_classic_operator to 2026-04-09 00:00:00+00:00, run_after=2026-04-10 00:00:00+00:00
[2026-04-10T09:27:59.493+0900] {processor.py:208} INFO - Processing /home/airflow/.local/lib/python3.12/site-packages/airflow/example_dags/example_outlet_event_extra.py took 0.174 seconds
[2026-04-10T09:28:29.857+0900] {processor.py:186} INFO - Started process (PID=148950) to work on /home/airflow/.local/lib/python3.12/site-packages/airflow/example_dags/example_outlet_event_extra.py
[2026-04-10T09:28:29.858+0900] {processor.py:914} INFO - Processing file /home/airflow/.local/lib/python3.12/site-packages/airflow/example_dags/example_outlet_event_extra.py for tasks to queue
[2026-04-10T09:28:29.860+0900] {logging_mixin.py:190} INFO - [2026-04-10T09:28:29.860+0900] {dagbag.py:587} INFO - Filling up the DagBag from /home/airflow/.local/lib/python3.12/site-packages/airflow/example_dags/example_outlet_event_extra.py
[2026-04-10T09:28:29.973+0900] {processor.py:925} INFO - DAG(s) 'dataset_with_extra_by_context', 'dataset_with_extra_from_classic_operator', 'dataset_with_extra_by_yield' retrieved from /home/airflow/.local/lib/python3.12/site-packages/airflow/example_dags/example_outlet_event_extra.py
[2026-04-10T09:28:29.995+0900] {logging_mixin.py:190} INFO - [2026-04-10T09:28:29.995+0900] {dag.py:3211} INFO - Sync 3 DAGs
[2026-04-10T09:28:30.016+0900] {logging_mixin.py:190} INFO - [2026-04-10T09:28:30.015+0900] {dag.py:4138} INFO - Setting next_dagrun for dataset_with_extra_by_context to 2026-04-09 00:00:00+00:00, run_after=2026-04-10 00:00:00+00:00
[2026-04-10T09:28:30.020+0900] {logging_mixin.py:190} INFO - [2026-04-10T09:28:30.020+0900] {dag.py:4138} INFO - Setting next_dagrun for dataset_with_extra_by_yield to 2026-04-09 00:00:00+00:00, run_after=2026-04-10 00:00:00+00:00
[2026-04-10T09:28:30.022+0900] {logging_mixin.py:190} INFO - [2026-04-10T09:28:30.022+0900] {dag.py:4138} INFO - Setting next_dagrun for dataset_with_extra_from_classic_operator to 2026-04-09 00:00:00+00:00, run_after=2026-04-10 00:00:00+00:00
[2026-04-10T09:28:30.039+0900] {processor.py:208} INFO - Processing /home/airflow/.local/lib/python3.12/site-packages/airflow/example_dags/example_outlet_event_extra.py took 0.187 seconds
[2026-04-10T09:29:00.528+0900] {processor.py:186} INFO - Started process (PID=149014) to work on /home/airflow/.local/lib/python3.12/site-packages/airflow/example_dags/example_outlet_event_extra.py
[2026-04-10T09:29:00.530+0900] {processor.py:914} INFO - Processing file /home/airflow/.local/lib/python3.12/site-packages/airflow/example_dags/example_outlet_event_extra.py for tasks to queue
[2026-04-10T09:29:00.532+0900] {logging_mixin.py:190} INFO - [2026-04-10T09:29:00.532+0900] {dagbag.py:587} INFO - Filling up the DagBag from /home/airflow/.local/lib/python3.12/site-packages/airflow/example_dags/example_outlet_event_extra.py
[2026-04-10T09:29:00.630+0900] {processor.py:925} INFO - DAG(s) 'dataset_with_extra_by_yield', 'dataset_with_extra_by_context', 'dataset_with_extra_from_classic_operator' retrieved from /home/airflow/.local/lib/python3.12/site-packages/airflow/example_dags/example_outlet_event_extra.py
[2026-04-10T09:29:00.652+0900] {logging_mixin.py:190} INFO - [2026-04-10T09:29:00.652+0900] {dag.py:3211} INFO - Sync 3 DAGs
[2026-04-10T09:29:00.672+0900] {logging_mixin.py:190} INFO - [2026-04-10T09:29:00.672+0900] {dag.py:4138} INFO - Setting next_dagrun for dataset_with_extra_by_context to 2026-04-09 00:00:00+00:00, run_after=2026-04-10 00:00:00+00:00
[2026-04-10T09:29:00.676+0900] {logging_mixin.py:190} INFO - [2026-04-10T09:29:00.676+0900] {dag.py:4138} INFO - Setting next_dagrun for dataset_with_extra_by_yield to 2026-04-09 00:00:00+00:00, run_after=2026-04-10 00:00:00+00:00
[2026-04-10T09:29:00.678+0900] {logging_mixin.py:190} INFO - [2026-04-10T09:29:00.678+0900] {dag.py:4138} INFO - Setting next_dagrun for dataset_with_extra_from_classic_operator to 2026-04-09 00:00:00+00:00, run_after=2026-04-10 00:00:00+00:00
[2026-04-10T09:29:00.696+0900] {processor.py:208} INFO - Processing /home/airflow/.local/lib/python3.12/site-packages/airflow/example_dags/example_outlet_event_extra.py took 0.173 seconds
[2026-04-10T09:29:31.297+0900] {processor.py:186} INFO - Started process (PID=149077) to work on /home/airflow/.local/lib/python3.12/site-packages/airflow/example_dags/example_outlet_event_extra.py
[2026-04-10T09:29:31.298+0900] {processor.py:914} INFO - Processing file /home/airflow/.local/lib/python3.12/site-packages/airflow/example_dags/example_outlet_event_extra.py for tasks to queue
[2026-04-10T09:29:31.300+0900] {logging_mixin.py:190} INFO - [2026-04-10T09:29:31.299+0900] {dagbag.py:587} INFO - Filling up the DagBag from /home/airflow/.local/lib/python3.12/site-packages/airflow/example_dags/example_outlet_event_extra.py
[2026-04-10T09:29:31.403+0900] {processor.py:925} INFO - DAG(s) 'dataset_with_extra_by_yield', 'dataset_with_extra_by_context', 'dataset_with_extra_from_classic_operator' retrieved from /home/airflow/.local/lib/python3.12/site-packages/airflow/example_dags/example_outlet_event_extra.py
[2026-04-10T09:29:31.425+0900] {logging_mixin.py:190} INFO - [2026-04-10T09:29:31.425+0900] {dag.py:3211} INFO - Sync 3 DAGs
[2026-04-10T09:29:31.445+0900] {logging_mixin.py:190} INFO - [2026-04-10T09:29:31.445+0900] {dag.py:4138} INFO - Setting next_dagrun for dataset_with_extra_by_context to 2026-04-09 00:00:00+00:00, run_after=2026-04-10 00:00:00+00:00
[2026-04-10T09:29:31.449+0900] {logging_mixin.py:190} INFO - [2026-04-10T09:29:31.449+0900] {dag.py:4138} INFO - Setting next_dagrun for dataset_with_extra_by_yield to 2026-04-09 00:00:00+00:00, run_after=2026-04-10 00:00:00+00:00
[2026-04-10T09:29:31.452+0900] {logging_mixin.py:190} INFO - [2026-04-10T09:29:31.452+0900] {dag.py:4138} INFO - Setting next_dagrun for dataset_with_extra_from_classic_operator to 2026-04-09 00:00:00+00:00, run_after=2026-04-10 00:00:00+00:00
[2026-04-10T09:29:31.468+0900] {processor.py:208} INFO - Processing /home/airflow/.local/lib/python3.12/site-packages/airflow/example_dags/example_outlet_event_extra.py took 0.176 seconds
[2026-04-10T09:30:02.080+0900] {processor.py:186} INFO - Started process (PID=149140) to work on /home/airflow/.local/lib/python3.12/site-packages/airflow/example_dags/example_outlet_event_extra.py
[2026-04-10T09:30:02.081+0900] {processor.py:914} INFO - Processing file /home/airflow/.local/lib/python3.12/site-packages/airflow/example_dags/example_outlet_event_extra.py for tasks to queue
[2026-04-10T09:30:02.083+0900] {logging_mixin.py:190} INFO - [2026-04-10T09:30:02.083+0900] {dagbag.py:587} INFO - Filling up the DagBag from /home/airflow/.local/lib/python3.12/site-packages/airflow/example_dags/example_outlet_event_extra.py
[2026-04-10T09:30:02.181+0900] {processor.py:925} INFO - DAG(s) 'dataset_with_extra_from_classic_operator', 'dataset_with_extra_by_yield', 'dataset_with_extra_by_context' retrieved from /home/airflow/.local/lib/python3.12/site-packages/airflow/example_dags/example_outlet_event_extra.py
[2026-04-10T09:30:02.203+0900] {logging_mixin.py:190} INFO - [2026-04-10T09:30:02.202+0900] {dag.py:3211} INFO - Sync 3 DAGs
[2026-04-10T09:30:02.221+0900] {logging_mixin.py:190} INFO - [2026-04-10T09:30:02.221+0900] {dag.py:4138} INFO - Setting next_dagrun for dataset_with_extra_by_context to 2026-04-09 00:00:00+00:00, run_after=2026-04-10 00:00:00+00:00
[2026-04-10T09:30:02.226+0900] {logging_mixin.py:190} INFO - [2026-04-10T09:30:02.225+0900] {dag.py:4138} INFO - Setting next_dagrun for dataset_with_extra_by_yield to 2026-04-09 00:00:00+00:00, run_after=2026-04-10 00:00:00+00:00
[2026-04-10T09:30:02.228+0900] {logging_mixin.py:190} INFO - [2026-04-10T09:30:02.228+0900] {dag.py:4138} INFO - Setting next_dagrun for dataset_with_extra_from_classic_operator to 2026-04-09 00:00:00+00:00, run_after=2026-04-10 00:00:00+00:00
[2026-04-10T09:30:02.246+0900] {processor.py:208} INFO - Processing /home/airflow/.local/lib/python3.12/site-packages/airflow/example_dags/example_outlet_event_extra.py took 0.171 seconds
[2026-04-10T09:30:32.954+0900] {processor.py:186} INFO - Started process (PID=149202) to work on /home/airflow/.local/lib/python3.12/site-packages/airflow/example_dags/example_outlet_event_extra.py
[2026-04-10T09:30:32.954+0900] {processor.py:914} INFO - Processing file /home/airflow/.local/lib/python3.12/site-packages/airflow/example_dags/example_outlet_event_extra.py for tasks to queue
[2026-04-10T09:30:32.957+0900] {logging_mixin.py:190} INFO - [2026-04-10T09:30:32.956+0900] {dagbag.py:587} INFO - Filling up the DagBag from /home/airflow/.local/lib/python3.12/site-packages/airflow/example_dags/example_outlet_event_extra.py
[2026-04-10T09:30:33.051+0900] {processor.py:925} INFO - DAG(s) 'dataset_with_extra_by_yield', 'dataset_with_extra_by_context', 'dataset_with_extra_from_classic_operator' retrieved from /home/airflow/.local/lib/python3.12/site-packages/airflow/example_dags/example_outlet_event_extra.py
[2026-04-10T09:30:33.070+0900] {logging_mixin.py:190} INFO - [2026-04-10T09:30:33.070+0900] {dag.py:3211} INFO - Sync 3 DAGs
[2026-04-10T09:30:33.086+0900] {logging_mixin.py:190} INFO - [2026-04-10T09:30:33.086+0900] {dag.py:4138} INFO - Setting next_dagrun for dataset_with_extra_by_context to 2026-04-09 00:00:00+00:00, run_after=2026-04-10 00:00:00+00:00
[2026-04-10T09:30:33.089+0900] {logging_mixin.py:190} INFO - [2026-04-10T09:30:33.089+0900] {dag.py:4138} INFO - Setting next_dagrun for dataset_with_extra_by_yield to 2026-04-09 00:00:00+00:00, run_after=2026-04-10 00:00:00+00:00
[2026-04-10T09:30:33.092+0900] {logging_mixin.py:190} INFO - [2026-04-10T09:30:33.092+0900] {dag.py:4138} INFO - Setting next_dagrun for dataset_with_extra_from_classic_operator to 2026-04-09 00:00:00+00:00, run_after=2026-04-10 00:00:00+00:00
[2026-04-10T09:30:33.108+0900] {processor.py:208} INFO - Processing /home/airflow/.local/lib/python3.12/site-packages/airflow/example_dags/example_outlet_event_extra.py took 0.159 seconds
[2026-04-10T09:31:03.762+0900] {processor.py:186} INFO - Started process (PID=149265) to work on /home/airflow/.local/lib/python3.12/site-packages/airflow/example_dags/example_outlet_event_extra.py
[2026-04-10T09:31:03.763+0900] {processor.py:914} INFO - Processing file /home/airflow/.local/lib/python3.12/site-packages/airflow/example_dags/example_outlet_event_extra.py for tasks to queue
[2026-04-10T09:31:03.766+0900] {logging_mixin.py:190} INFO - [2026-04-10T09:31:03.765+0900] {dagbag.py:587} INFO - Filling up the DagBag from /home/airflow/.local/lib/python3.12/site-packages/airflow/example_dags/example_outlet_event_extra.py
[2026-04-10T09:31:03.864+0900] {processor.py:925} INFO - DAG(s) 'dataset_with_extra_by_context', 'dataset_with_extra_by_yield', 'dataset_with_extra_from_classic_operator' retrieved from /home/airflow/.local/lib/python3.12/site-packages/airflow/example_dags/example_outlet_event_extra.py
[2026-04-10T09:31:03.885+0900] {logging_mixin.py:190} INFO - [2026-04-10T09:31:03.885+0900] {dag.py:3211} INFO - Sync 3 DAGs
[2026-04-10T09:31:03.906+0900] {logging_mixin.py:190} INFO - [2026-04-10T09:31:03.905+0900] {dag.py:4138} INFO - Setting next_dagrun for dataset_with_extra_by_context to 2026-04-09 00:00:00+00:00, run_after=2026-04-10 00:00:00+00:00
[2026-04-10T09:31:03.910+0900] {logging_mixin.py:190} INFO - [2026-04-10T09:31:03.909+0900] {dag.py:4138} INFO - Setting next_dagrun for dataset_with_extra_by_yield to 2026-04-09 00:00:00+00:00, run_after=2026-04-10 00:00:00+00:00
[2026-04-10T09:31:03.911+0900] {logging_mixin.py:190} INFO - [2026-04-10T09:31:03.911+0900] {dag.py:4138} INFO - Setting next_dagrun for dataset_with_extra_from_classic_operator to 2026-04-09 00:00:00+00:00, run_after=2026-04-10 00:00:00+00:00
[2026-04-10T09:31:03.928+0900] {processor.py:208} INFO - Processing /home/airflow/.local/lib/python3.12/site-packages/airflow/example_dags/example_outlet_event_extra.py took 0.170 seconds
[2026-04-10T09:31:34.442+0900] {processor.py:186} INFO - Started process (PID=149328) to work on /home/airflow/.local/lib/python3.12/site-packages/airflow/example_dags/example_outlet_event_extra.py
[2026-04-10T09:31:34.443+0900] {processor.py:914} INFO - Processing file /home/airflow/.local/lib/python3.12/site-packages/airflow/example_dags/example_outlet_event_extra.py for tasks to queue
[2026-04-10T09:31:34.445+0900] {logging_mixin.py:190} INFO - [2026-04-10T09:31:34.445+0900] {dagbag.py:587} INFO - Filling up the DagBag from /home/airflow/.local/lib/python3.12/site-packages/airflow/example_dags/example_outlet_event_extra.py
[2026-04-10T09:31:34.544+0900] {processor.py:925} INFO - DAG(s) 'dataset_with_extra_by_yield', 'dataset_with_extra_from_classic_operator', 'dataset_with_extra_by_context' retrieved from /home/airflow/.local/lib/python3.12/site-packages/airflow/example_dags/example_outlet_event_extra.py
[2026-04-10T09:31:34.565+0900] {logging_mixin.py:190} INFO - [2026-04-10T09:31:34.565+0900] {dag.py:3211} INFO - Sync 3 DAGs
[2026-04-10T09:31:34.582+0900] {logging_mixin.py:190} INFO - [2026-04-10T09:31:34.582+0900] {dag.py:4138} INFO - Setting next_dagrun for dataset_with_extra_by_context to 2026-04-09 00:00:00+00:00, run_after=2026-04-10 00:00:00+00:00
[2026-04-10T09:31:34.586+0900] {logging_mixin.py:190} INFO - [2026-04-10T09:31:34.586+0900] {dag.py:4138} INFO - Setting next_dagrun for dataset_with_extra_by_yield to 2026-04-09 00:00:00+00:00, run_after=2026-04-10 00:00:00+00:00
[2026-04-10T09:31:34.587+0900] {logging_mixin.py:190} INFO - [2026-04-10T09:31:34.587+0900] {dag.py:4138} INFO - Setting next_dagrun for dataset_with_extra_from_classic_operator to 2026-04-09 00:00:00+00:00, run_after=2026-04-10 00:00:00+00:00
[2026-04-10T09:31:34.607+0900] {processor.py:208} INFO - Processing /home/airflow/.local/lib/python3.12/site-packages/airflow/example_dags/example_outlet_event_extra.py took 0.170 seconds
[2026-04-10T09:32:05.176+0900] {processor.py:186} INFO - Started process (PID=149397) to work on /home/airflow/.local/lib/python3.12/site-packages/airflow/example_dags/example_outlet_event_extra.py
[2026-04-10T09:32:05.176+0900] {processor.py:914} INFO - Processing file /home/airflow/.local/lib/python3.12/site-packages/airflow/example_dags/example_outlet_event_extra.py for tasks to queue
[2026-04-10T09:32:05.179+0900] {logging_mixin.py:190} INFO - [2026-04-10T09:32:05.178+0900] {dagbag.py:587} INFO - Filling up the DagBag from /home/airflow/.local/lib/python3.12/site-packages/airflow/example_dags/example_outlet_event_extra.py
[2026-04-10T09:32:05.286+0900] {processor.py:925} INFO - DAG(s) 'dataset_with_extra_by_yield', 'dataset_with_extra_from_classic_operator', 'dataset_with_extra_by_context' retrieved from /home/airflow/.local/lib/python3.12/site-packages/airflow/example_dags/example_outlet_event_extra.py
[2026-04-10T09:32:05.308+0900] {logging_mixin.py:190} INFO - [2026-04-10T09:32:05.308+0900] {dag.py:3211} INFO - Sync 3 DAGs
[2026-04-10T09:32:05.327+0900] {logging_mixin.py:190} INFO - [2026-04-10T09:32:05.326+0900] {dag.py:4138} INFO - Setting next_dagrun for dataset_with_extra_by_context to 2026-04-09 00:00:00+00:00, run_after=2026-04-10 00:00:00+00:00
[2026-04-10T09:32:05.330+0900] {logging_mixin.py:190} INFO - [2026-04-10T09:32:05.330+0900] {dag.py:4138} INFO - Setting next_dagrun for dataset_with_extra_by_yield to 2026-04-09 00:00:00+00:00, run_after=2026-04-10 00:00:00+00:00
[2026-04-10T09:32:05.332+0900] {logging_mixin.py:190} INFO - [2026-04-10T09:32:05.332+0900] {dag.py:4138} INFO - Setting next_dagrun for dataset_with_extra_from_classic_operator to 2026-04-09 00:00:00+00:00, run_after=2026-04-10 00:00:00+00:00
[2026-04-10T09:32:05.348+0900] {processor.py:208} INFO - Processing /home/airflow/.local/lib/python3.12/site-packages/airflow/example_dags/example_outlet_event_extra.py took 0.178 seconds
[2026-04-10T09:32:35.984+0900] {processor.py:186} INFO - Started process (PID=149460) to work on /home/airflow/.local/lib/python3.12/site-packages/airflow/example_dags/example_outlet_event_extra.py
[2026-04-10T09:32:35.986+0900] {processor.py:914} INFO - Processing file /home/airflow/.local/lib/python3.12/site-packages/airflow/example_dags/example_outlet_event_extra.py for tasks to queue
[2026-04-10T09:32:35.988+0900] {logging_mixin.py:190} INFO - [2026-04-10T09:32:35.988+0900] {dagbag.py:587} INFO - Filling up the DagBag from /home/airflow/.local/lib/python3.12/site-packages/airflow/example_dags/example_outlet_event_extra.py
[2026-04-10T09:32:36.092+0900] {processor.py:925} INFO - DAG(s) 'dataset_with_extra_by_context', 'dataset_with_extra_from_classic_operator', 'dataset_with_extra_by_yield' retrieved from /home/airflow/.local/lib/python3.12/site-packages/airflow/example_dags/example_outlet_event_extra.py
[2026-04-10T09:32:36.114+0900] {logging_mixin.py:190} INFO - [2026-04-10T09:32:36.113+0900] {dag.py:3211} INFO - Sync 3 DAGs
[2026-04-10T09:32:36.132+0900] {logging_mixin.py:190} INFO - [2026-04-10T09:32:36.132+0900] {dag.py:4138} INFO - Setting next_dagrun for dataset_with_extra_by_context to 2026-04-09 00:00:00+00:00, run_after=2026-04-10 00:00:00+00:00
[2026-04-10T09:32:36.135+0900] {logging_mixin.py:190} INFO - [2026-04-10T09:32:36.135+0900] {dag.py:4138} INFO - Setting next_dagrun for dataset_with_extra_by_yield to 2026-04-09 00:00:00+00:00, run_after=2026-04-10 00:00:00+00:00
[2026-04-10T09:32:36.138+0900] {logging_mixin.py:190} INFO - [2026-04-10T09:32:36.137+0900] {dag.py:4138} INFO - Setting next_dagrun for dataset_with_extra_from_classic_operator to 2026-04-09 00:00:00+00:00, run_after=2026-04-10 00:00:00+00:00
[2026-04-10T09:32:36.154+0900] {processor.py:208} INFO - Processing /home/airflow/.local/lib/python3.12/site-packages/airflow/example_dags/example_outlet_event_extra.py took 0.174 seconds
[2026-04-10T09:33:06.500+0900] {processor.py:186} INFO - Started process (PID=149523) to work on /home/airflow/.local/lib/python3.12/site-packages/airflow/example_dags/example_outlet_event_extra.py
[2026-04-10T09:33:06.501+0900] {processor.py:914} INFO - Processing file /home/airflow/.local/lib/python3.12/site-packages/airflow/example_dags/example_outlet_event_extra.py for tasks to queue
[2026-04-10T09:33:06.503+0900] {logging_mixin.py:190} INFO - [2026-04-10T09:33:06.503+0900] {dagbag.py:587} INFO - Filling up the DagBag from /home/airflow/.local/lib/python3.12/site-packages/airflow/example_dags/example_outlet_event_extra.py
[2026-04-10T09:33:06.603+0900] {processor.py:925} INFO - DAG(s) 'dataset_with_extra_by_yield', 'dataset_with_extra_from_classic_operator', 'dataset_with_extra_by_context' retrieved from /home/airflow/.local/lib/python3.12/site-packages/airflow/example_dags/example_outlet_event_extra.py
[2026-04-10T09:33:06.626+0900] {logging_mixin.py:190} INFO - [2026-04-10T09:33:06.626+0900] {dag.py:3211} INFO - Sync 3 DAGs
[2026-04-10T09:33:06.645+0900] {logging_mixin.py:190} INFO - [2026-04-10T09:33:06.645+0900] {dag.py:4138} INFO - Setting next_dagrun for dataset_with_extra_by_context to 2026-04-09 00:00:00+00:00, run_after=2026-04-10 00:00:00+00:00
[2026-04-10T09:33:06.649+0900] {logging_mixin.py:190} INFO - [2026-04-10T09:33:06.649+0900] {dag.py:4138} INFO - Setting next_dagrun for dataset_with_extra_by_yield to 2026-04-09 00:00:00+00:00, run_after=2026-04-10 00:00:00+00:00
[2026-04-10T09:33:06.652+0900] {logging_mixin.py:190} INFO - [2026-04-10T09:33:06.652+0900] {dag.py:4138} INFO - Setting next_dagrun for dataset_with_extra_from_classic_operator to 2026-04-09 00:00:00+00:00, run_after=2026-04-10 00:00:00+00:00
[2026-04-10T09:33:06.671+0900] {processor.py:208} INFO - Processing /home/airflow/.local/lib/python3.12/site-packages/airflow/example_dags/example_outlet_event_extra.py took 0.175 seconds
[2026-04-10T09:33:37.263+0900] {processor.py:186} INFO - Started process (PID=149586) to work on /home/airflow/.local/lib/python3.12/site-packages/airflow/example_dags/example_outlet_event_extra.py
[2026-04-10T09:33:37.264+0900] {processor.py:914} INFO - Processing file /home/airflow/.local/lib/python3.12/site-packages/airflow/example_dags/example_outlet_event_extra.py for tasks to queue
[2026-04-10T09:33:37.266+0900] {logging_mixin.py:190} INFO - [2026-04-10T09:33:37.265+0900] {dagbag.py:587} INFO - Filling up the DagBag from /home/airflow/.local/lib/python3.12/site-packages/airflow/example_dags/example_outlet_event_extra.py
[2026-04-10T09:33:37.358+0900] {processor.py:925} INFO - DAG(s) 'dataset_with_extra_from_classic_operator', 'dataset_with_extra_by_context', 'dataset_with_extra_by_yield' retrieved from /home/airflow/.local/lib/python3.12/site-packages/airflow/example_dags/example_outlet_event_extra.py
[2026-04-10T09:33:37.381+0900] {logging_mixin.py:190} INFO - [2026-04-10T09:33:37.381+0900] {dag.py:3211} INFO - Sync 3 DAGs
[2026-04-10T09:33:37.400+0900] {logging_mixin.py:190} INFO - [2026-04-10T09:33:37.400+0900] {dag.py:4138} INFO - Setting next_dagrun for dataset_with_extra_by_context to 2026-04-09 00:00:00+00:00, run_after=2026-04-10 00:00:00+00:00
[2026-04-10T09:33:37.403+0900] {logging_mixin.py:190} INFO - [2026-04-10T09:33:37.403+0900] {dag.py:4138} INFO - Setting next_dagrun for dataset_with_extra_by_yield to 2026-04-09 00:00:00+00:00, run_after=2026-04-10 00:00:00+00:00
[2026-04-10T09:33:37.405+0900] {logging_mixin.py:190} INFO - [2026-04-10T09:33:37.405+0900] {dag.py:4138} INFO - Setting next_dagrun for dataset_with_extra_from_classic_operator to 2026-04-09 00:00:00+00:00, run_after=2026-04-10 00:00:00+00:00
[2026-04-10T09:33:37.420+0900] {processor.py:208} INFO - Processing /home/airflow/.local/lib/python3.12/site-packages/airflow/example_dags/example_outlet_event_extra.py took 0.162 seconds
[2026-04-10T09:34:08.063+0900] {processor.py:186} INFO - Started process (PID=149649) to work on /home/airflow/.local/lib/python3.12/site-packages/airflow/example_dags/example_outlet_event_extra.py
[2026-04-10T09:34:08.065+0900] {processor.py:914} INFO - Processing file /home/airflow/.local/lib/python3.12/site-packages/airflow/example_dags/example_outlet_event_extra.py for tasks to queue
[2026-04-10T09:34:08.067+0900] {logging_mixin.py:190} INFO - [2026-04-10T09:34:08.066+0900] {dagbag.py:587} INFO - Filling up the DagBag from /home/airflow/.local/lib/python3.12/site-packages/airflow/example_dags/example_outlet_event_extra.py
[2026-04-10T09:34:08.156+0900] {processor.py:925} INFO - DAG(s) 'dataset_with_extra_by_context', 'dataset_with_extra_from_classic_operator', 'dataset_with_extra_by_yield' retrieved from /home/airflow/.local/lib/python3.12/site-packages/airflow/example_dags/example_outlet_event_extra.py
[2026-04-10T09:34:08.177+0900] {logging_mixin.py:190} INFO - [2026-04-10T09:34:08.177+0900] {dag.py:3211} INFO - Sync 3 DAGs
[2026-04-10T09:34:08.194+0900] {logging_mixin.py:190} INFO - [2026-04-10T09:34:08.194+0900] {dag.py:4138} INFO - Setting next_dagrun for dataset_with_extra_by_context to 2026-04-09 00:00:00+00:00, run_after=2026-04-10 00:00:00+00:00
[2026-04-10T09:34:08.198+0900] {logging_mixin.py:190} INFO - [2026-04-10T09:34:08.198+0900] {dag.py:4138} INFO - Setting next_dagrun for dataset_with_extra_by_yield to 2026-04-09 00:00:00+00:00, run_after=2026-04-10 00:00:00+00:00
[2026-04-10T09:34:08.200+0900] {logging_mixin.py:190} INFO - [2026-04-10T09:34:08.200+0900] {dag.py:4138} INFO - Setting next_dagrun for dataset_with_extra_from_classic_operator to 2026-04-09 00:00:00+00:00, run_after=2026-04-10 00:00:00+00:00
[2026-04-10T09:34:08.215+0900] {processor.py:208} INFO - Processing /home/airflow/.local/lib/python3.12/site-packages/airflow/example_dags/example_outlet_event_extra.py took 0.156 seconds
[2026-04-10T09:34:38.801+0900] {processor.py:186} INFO - Started process (PID=149712) to work on /home/airflow/.local/lib/python3.12/site-packages/airflow/example_dags/example_outlet_event_extra.py
[2026-04-10T09:34:38.802+0900] {processor.py:914} INFO - Processing file /home/airflow/.local/lib/python3.12/site-packages/airflow/example_dags/example_outlet_event_extra.py for tasks to queue
[2026-04-10T09:34:38.804+0900] {logging_mixin.py:190} INFO - [2026-04-10T09:34:38.804+0900] {dagbag.py:587} INFO - Filling up the DagBag from /home/airflow/.local/lib/python3.12/site-packages/airflow/example_dags/example_outlet_event_extra.py
[2026-04-10T09:34:38.916+0900] {processor.py:925} INFO - DAG(s) 'dataset_with_extra_by_yield', 'dataset_with_extra_from_classic_operator', 'dataset_with_extra_by_context' retrieved from /home/airflow/.local/lib/python3.12/site-packages/airflow/example_dags/example_outlet_event_extra.py
[2026-04-10T09:34:38.943+0900] {logging_mixin.py:190} INFO - [2026-04-10T09:34:38.943+0900] {dag.py:3211} INFO - Sync 3 DAGs
[2026-04-10T09:34:38.966+0900] {logging_mixin.py:190} INFO - [2026-04-10T09:34:38.966+0900] {dag.py:4138} INFO - Setting next_dagrun for dataset_with_extra_by_context to 2026-04-09 00:00:00+00:00, run_after=2026-04-10 00:00:00+00:00
[2026-04-10T09:34:38.971+0900] {logging_mixin.py:190} INFO - [2026-04-10T09:34:38.970+0900] {dag.py:4138} INFO - Setting next_dagrun for dataset_with_extra_by_yield to 2026-04-09 00:00:00+00:00, run_after=2026-04-10 00:00:00+00:00
[2026-04-10T09:34:38.973+0900] {logging_mixin.py:190} INFO - [2026-04-10T09:34:38.973+0900] {dag.py:4138} INFO - Setting next_dagrun for dataset_with_extra_from_classic_operator to 2026-04-09 00:00:00+00:00, run_after=2026-04-10 00:00:00+00:00
[2026-04-10T09:34:38.995+0900] {processor.py:208} INFO - Processing /home/airflow/.local/lib/python3.12/site-packages/airflow/example_dags/example_outlet_event_extra.py took 0.200 seconds
[2026-04-10T09:35:09.677+0900] {processor.py:186} INFO - Started process (PID=149775) to work on /home/airflow/.local/lib/python3.12/site-packages/airflow/example_dags/example_outlet_event_extra.py
[2026-04-10T09:35:09.678+0900] {processor.py:914} INFO - Processing file /home/airflow/.local/lib/python3.12/site-packages/airflow/example_dags/example_outlet_event_extra.py for tasks to queue
[2026-04-10T09:35:09.680+0900] {logging_mixin.py:190} INFO - [2026-04-10T09:35:09.680+0900] {dagbag.py:587} INFO - Filling up the DagBag from /home/airflow/.local/lib/python3.12/site-packages/airflow/example_dags/example_outlet_event_extra.py
[2026-04-10T09:35:09.774+0900] {processor.py:925} INFO - DAG(s) 'dataset_with_extra_by_yield', 'dataset_with_extra_from_classic_operator', 'dataset_with_extra_by_context' retrieved from /home/airflow/.local/lib/python3.12/site-packages/airflow/example_dags/example_outlet_event_extra.py
[2026-04-10T09:35:09.794+0900] {logging_mixin.py:190} INFO - [2026-04-10T09:35:09.794+0900] {dag.py:3211} INFO - Sync 3 DAGs
[2026-04-10T09:35:09.813+0900] {logging_mixin.py:190} INFO - [2026-04-10T09:35:09.813+0900] {dag.py:4138} INFO - Setting next_dagrun for dataset_with_extra_by_context to 2026-04-09 00:00:00+00:00, run_after=2026-04-10 00:00:00+00:00
[2026-04-10T09:35:09.817+0900] {logging_mixin.py:190} INFO - [2026-04-10T09:35:09.817+0900] {dag.py:4138} INFO - Setting next_dagrun for dataset_with_extra_by_yield to 2026-04-09 00:00:00+00:00, run_after=2026-04-10 00:00:00+00:00
[2026-04-10T09:35:09.818+0900] {logging_mixin.py:190} INFO - [2026-04-10T09:35:09.818+0900] {dag.py:4138} INFO - Setting next_dagrun for dataset_with_extra_from_classic_operator to 2026-04-09 00:00:00+00:00, run_after=2026-04-10 00:00:00+00:00
[2026-04-10T09:35:09.839+0900] {processor.py:208} INFO - Processing /home/airflow/.local/lib/python3.12/site-packages/airflow/example_dags/example_outlet_event_extra.py took 0.166 seconds
[2026-04-10T09:35:40.200+0900] {processor.py:186} INFO - Started process (PID=149838) to work on /home/airflow/.local/lib/python3.12/site-packages/airflow/example_dags/example_outlet_event_extra.py
[2026-04-10T09:35:40.201+0900] {processor.py:914} INFO - Processing file /home/airflow/.local/lib/python3.12/site-packages/airflow/example_dags/example_outlet_event_extra.py for tasks to queue
[2026-04-10T09:35:40.203+0900] {logging_mixin.py:190} INFO - [2026-04-10T09:35:40.203+0900] {dagbag.py:587} INFO - Filling up the DagBag from /home/airflow/.local/lib/python3.12/site-packages/airflow/example_dags/example_outlet_event_extra.py
[2026-04-10T09:35:40.297+0900] {processor.py:925} INFO - DAG(s) 'dataset_with_extra_by_context', 'dataset_with_extra_from_classic_operator', 'dataset_with_extra_by_yield' retrieved from /home/airflow/.local/lib/python3.12/site-packages/airflow/example_dags/example_outlet_event_extra.py
[2026-04-10T09:35:40.317+0900] {logging_mixin.py:190} INFO - [2026-04-10T09:35:40.317+0900] {dag.py:3211} INFO - Sync 3 DAGs
[2026-04-10T09:35:40.335+0900] {logging_mixin.py:190} INFO - [2026-04-10T09:35:40.334+0900] {dag.py:4138} INFO - Setting next_dagrun for dataset_with_extra_by_context to 2026-04-09 00:00:00+00:00, run_after=2026-04-10 00:00:00+00:00
[2026-04-10T09:35:40.338+0900] {logging_mixin.py:190} INFO - [2026-04-10T09:35:40.338+0900] {dag.py:4138} INFO - Setting next_dagrun for dataset_with_extra_by_yield to 2026-04-09 00:00:00+00:00, run_after=2026-04-10 00:00:00+00:00
[2026-04-10T09:35:40.340+0900] {logging_mixin.py:190} INFO - [2026-04-10T09:35:40.340+0900] {dag.py:4138} INFO - Setting next_dagrun for dataset_with_extra_from_classic_operator to 2026-04-09 00:00:00+00:00, run_after=2026-04-10 00:00:00+00:00
[2026-04-10T09:35:40.361+0900] {processor.py:208} INFO - Processing /home/airflow/.local/lib/python3.12/site-packages/airflow/example_dags/example_outlet_event_extra.py took 0.166 seconds
[2026-04-10T09:36:10.918+0900] {processor.py:186} INFO - Started process (PID=149901) to work on /home/airflow/.local/lib/python3.12/site-packages/airflow/example_dags/example_outlet_event_extra.py
[2026-04-10T09:36:10.919+0900] {processor.py:914} INFO - Processing file /home/airflow/.local/lib/python3.12/site-packages/airflow/example_dags/example_outlet_event_extra.py for tasks to queue
[2026-04-10T09:36:10.921+0900] {logging_mixin.py:190} INFO - [2026-04-10T09:36:10.921+0900] {dagbag.py:587} INFO - Filling up the DagBag from /home/airflow/.local/lib/python3.12/site-packages/airflow/example_dags/example_outlet_event_extra.py
[2026-04-10T09:36:11.022+0900] {processor.py:925} INFO - DAG(s) 'dataset_with_extra_from_classic_operator', 'dataset_with_extra_by_context', 'dataset_with_extra_by_yield' retrieved from /home/airflow/.local/lib/python3.12/site-packages/airflow/example_dags/example_outlet_event_extra.py
[2026-04-10T09:36:11.043+0900] {logging_mixin.py:190} INFO - [2026-04-10T09:36:11.043+0900] {dag.py:3211} INFO - Sync 3 DAGs
[2026-04-10T09:36:11.063+0900] {logging_mixin.py:190} INFO - [2026-04-10T09:36:11.062+0900] {dag.py:4138} INFO - Setting next_dagrun for dataset_with_extra_by_context to 2026-04-09 00:00:00+00:00, run_after=2026-04-10 00:00:00+00:00
[2026-04-10T09:36:11.066+0900] {logging_mixin.py:190} INFO - [2026-04-10T09:36:11.066+0900] {dag.py:4138} INFO - Setting next_dagrun for dataset_with_extra_by_yield to 2026-04-09 00:00:00+00:00, run_after=2026-04-10 00:00:00+00:00
[2026-04-10T09:36:11.068+0900] {logging_mixin.py:190} INFO - [2026-04-10T09:36:11.068+0900] {dag.py:4138} INFO - Setting next_dagrun for dataset_with_extra_from_classic_operator to 2026-04-09 00:00:00+00:00, run_after=2026-04-10 00:00:00+00:00
[2026-04-10T09:36:11.084+0900] {processor.py:208} INFO - Processing /home/airflow/.local/lib/python3.12/site-packages/airflow/example_dags/example_outlet_event_extra.py took 0.171 seconds
[2026-04-10T09:36:41.584+0900] {processor.py:186} INFO - Started process (PID=149964) to work on /home/airflow/.local/lib/python3.12/site-packages/airflow/example_dags/example_outlet_event_extra.py
[2026-04-10T09:36:41.585+0900] {processor.py:914} INFO - Processing file /home/airflow/.local/lib/python3.12/site-packages/airflow/example_dags/example_outlet_event_extra.py for tasks to queue
[2026-04-10T09:36:41.587+0900] {logging_mixin.py:190} INFO - [2026-04-10T09:36:41.586+0900] {dagbag.py:587} INFO - Filling up the DagBag from /home/airflow/.local/lib/python3.12/site-packages/airflow/example_dags/example_outlet_event_extra.py
[2026-04-10T09:36:41.679+0900] {processor.py:925} INFO - DAG(s) 'dataset_with_extra_from_classic_operator', 'dataset_with_extra_by_yield', 'dataset_with_extra_by_context' retrieved from /home/airflow/.local/lib/python3.12/site-packages/airflow/example_dags/example_outlet_event_extra.py
[2026-04-10T09:36:41.700+0900] {logging_mixin.py:190} INFO - [2026-04-10T09:36:41.700+0900] {dag.py:3211} INFO - Sync 3 DAGs
[2026-04-10T09:36:41.720+0900] {logging_mixin.py:190} INFO - [2026-04-10T09:36:41.720+0900] {dag.py:4138} INFO - Setting next_dagrun for dataset_with_extra_by_context to 2026-04-09 00:00:00+00:00, run_after=2026-04-10 00:00:00+00:00
[2026-04-10T09:36:41.723+0900] {logging_mixin.py:190} INFO - [2026-04-10T09:36:41.723+0900] {dag.py:4138} INFO - Setting next_dagrun for dataset_with_extra_by_yield to 2026-04-09 00:00:00+00:00, run_after=2026-04-10 00:00:00+00:00
[2026-04-10T09:36:41.725+0900] {logging_mixin.py:190} INFO - [2026-04-10T09:36:41.725+0900] {dag.py:4138} INFO - Setting next_dagrun for dataset_with_extra_from_classic_operator to 2026-04-09 00:00:00+00:00, run_after=2026-04-10 00:00:00+00:00
[2026-04-10T09:36:41.741+0900] {processor.py:208} INFO - Processing /home/airflow/.local/lib/python3.12/site-packages/airflow/example_dags/example_outlet_event_extra.py took 0.162 seconds
[2026-04-10T09:37:12.218+0900] {processor.py:186} INFO - Started process (PID=150027) to work on /home/airflow/.local/lib/python3.12/site-packages/airflow/example_dags/example_outlet_event_extra.py
[2026-04-10T09:37:12.220+0900] {processor.py:914} INFO - Processing file /home/airflow/.local/lib/python3.12/site-packages/airflow/example_dags/example_outlet_event_extra.py for tasks to queue
[2026-04-10T09:37:12.222+0900] {logging_mixin.py:190} INFO - [2026-04-10T09:37:12.221+0900] {dagbag.py:587} INFO - Filling up the DagBag from /home/airflow/.local/lib/python3.12/site-packages/airflow/example_dags/example_outlet_event_extra.py
[2026-04-10T09:37:12.326+0900] {processor.py:925} INFO - DAG(s) 'dataset_with_extra_by_yield', 'dataset_with_extra_by_context', 'dataset_with_extra_from_classic_operator' retrieved from /home/airflow/.local/lib/python3.12/site-packages/airflow/example_dags/example_outlet_event_extra.py
[2026-04-10T09:37:12.349+0900] {logging_mixin.py:190} INFO - [2026-04-10T09:37:12.349+0900] {dag.py:3211} INFO - Sync 3 DAGs
[2026-04-10T09:37:12.367+0900] {logging_mixin.py:190} INFO - [2026-04-10T09:37:12.367+0900] {dag.py:4138} INFO - Setting next_dagrun for dataset_with_extra_by_context to 2026-04-09 00:00:00+00:00, run_after=2026-04-10 00:00:00+00:00
[2026-04-10T09:37:12.371+0900] {logging_mixin.py:190} INFO - [2026-04-10T09:37:12.371+0900] {dag.py:4138} INFO - Setting next_dagrun for dataset_with_extra_by_yield to 2026-04-09 00:00:00+00:00, run_after=2026-04-10 00:00:00+00:00
[2026-04-10T09:37:12.373+0900] {logging_mixin.py:190} INFO - [2026-04-10T09:37:12.372+0900] {dag.py:4138} INFO - Setting next_dagrun for dataset_with_extra_from_classic_operator to 2026-04-09 00:00:00+00:00, run_after=2026-04-10 00:00:00+00:00
[2026-04-10T09:37:12.390+0900] {processor.py:208} INFO - Processing /home/airflow/.local/lib/python3.12/site-packages/airflow/example_dags/example_outlet_event_extra.py took 0.176 seconds
[2026-04-10T09:37:43.044+0900] {processor.py:186} INFO - Started process (PID=150090) to work on /home/airflow/.local/lib/python3.12/site-packages/airflow/example_dags/example_outlet_event_extra.py
[2026-04-10T09:37:43.045+0900] {processor.py:914} INFO - Processing file /home/airflow/.local/lib/python3.12/site-packages/airflow/example_dags/example_outlet_event_extra.py for tasks to queue
[2026-04-10T09:37:43.047+0900] {logging_mixin.py:190} INFO - [2026-04-10T09:37:43.046+0900] {dagbag.py:587} INFO - Filling up the DagBag from /home/airflow/.local/lib/python3.12/site-packages/airflow/example_dags/example_outlet_event_extra.py
[2026-04-10T09:37:43.145+0900] {processor.py:925} INFO - DAG(s) 'dataset_with_extra_by_context', 'dataset_with_extra_by_yield', 'dataset_with_extra_from_classic_operator' retrieved from /home/airflow/.local/lib/python3.12/site-packages/airflow/example_dags/example_outlet_event_extra.py
[2026-04-10T09:37:43.167+0900] {logging_mixin.py:190} INFO - [2026-04-10T09:37:43.167+0900] {dag.py:3211} INFO - Sync 3 DAGs
[2026-04-10T09:37:43.185+0900] {logging_mixin.py:190} INFO - [2026-04-10T09:37:43.185+0900] {dag.py:4138} INFO - Setting next_dagrun for dataset_with_extra_by_context to 2026-04-09 00:00:00+00:00, run_after=2026-04-10 00:00:00+00:00
[2026-04-10T09:37:43.188+0900] {logging_mixin.py:190} INFO - [2026-04-10T09:37:43.188+0900] {dag.py:4138} INFO - Setting next_dagrun for dataset_with_extra_by_yield to 2026-04-09 00:00:00+00:00, run_after=2026-04-10 00:00:00+00:00
[2026-04-10T09:37:43.191+0900] {logging_mixin.py:190} INFO - [2026-04-10T09:37:43.191+0900] {dag.py:4138} INFO - Setting next_dagrun for dataset_with_extra_from_classic_operator to 2026-04-09 00:00:00+00:00, run_after=2026-04-10 00:00:00+00:00
[2026-04-10T09:37:43.212+0900] {processor.py:208} INFO - Processing /home/airflow/.local/lib/python3.12/site-packages/airflow/example_dags/example_outlet_event_extra.py took 0.173 seconds
[2026-04-10T09:38:13.737+0900] {processor.py:186} INFO - Started process (PID=150153) to work on /home/airflow/.local/lib/python3.12/site-packages/airflow/example_dags/example_outlet_event_extra.py
[2026-04-10T09:38:13.739+0900] {processor.py:914} INFO - Processing file /home/airflow/.local/lib/python3.12/site-packages/airflow/example_dags/example_outlet_event_extra.py for tasks to queue
[2026-04-10T09:38:13.741+0900] {logging_mixin.py:190} INFO - [2026-04-10T09:38:13.740+0900] {dagbag.py:587} INFO - Filling up the DagBag from /home/airflow/.local/lib/python3.12/site-packages/airflow/example_dags/example_outlet_event_extra.py
[2026-04-10T09:38:13.838+0900] {processor.py:925} INFO - DAG(s) 'dataset_with_extra_from_classic_operator', 'dataset_with_extra_by_yield', 'dataset_with_extra_by_context' retrieved from /home/airflow/.local/lib/python3.12/site-packages/airflow/example_dags/example_outlet_event_extra.py
[2026-04-10T09:38:13.861+0900] {logging_mixin.py:190} INFO - [2026-04-10T09:38:13.861+0900] {dag.py:3211} INFO - Sync 3 DAGs
[2026-04-10T09:38:13.880+0900] {logging_mixin.py:190} INFO - [2026-04-10T09:38:13.879+0900] {dag.py:4138} INFO - Setting next_dagrun for dataset_with_extra_by_context to 2026-04-09 00:00:00+00:00, run_after=2026-04-10 00:00:00+00:00
[2026-04-10T09:38:13.883+0900] {logging_mixin.py:190} INFO - [2026-04-10T09:38:13.883+0900] {dag.py:4138} INFO - Setting next_dagrun for dataset_with_extra_by_yield to 2026-04-09 00:00:00+00:00, run_after=2026-04-10 00:00:00+00:00
[2026-04-10T09:38:13.885+0900] {logging_mixin.py:190} INFO - [2026-04-10T09:38:13.885+0900] {dag.py:4138} INFO - Setting next_dagrun for dataset_with_extra_from_classic_operator to 2026-04-09 00:00:00+00:00, run_after=2026-04-10 00:00:00+00:00
[2026-04-10T09:38:13.907+0900] {processor.py:208} INFO - Processing /home/airflow/.local/lib/python3.12/site-packages/airflow/example_dags/example_outlet_event_extra.py took 0.174 seconds
[2026-04-10T09:38:44.640+0900] {processor.py:186} INFO - Started process (PID=150216) to work on /home/airflow/.local/lib/python3.12/site-packages/airflow/example_dags/example_outlet_event_extra.py
[2026-04-10T09:38:44.642+0900] {processor.py:914} INFO - Processing file /home/airflow/.local/lib/python3.12/site-packages/airflow/example_dags/example_outlet_event_extra.py for tasks to queue
[2026-04-10T09:38:44.644+0900] {logging_mixin.py:190} INFO - [2026-04-10T09:38:44.644+0900] {dagbag.py:587} INFO - Filling up the DagBag from /home/airflow/.local/lib/python3.12/site-packages/airflow/example_dags/example_outlet_event_extra.py
[2026-04-10T09:38:44.740+0900] {processor.py:925} INFO - DAG(s) 'dataset_with_extra_by_yield', 'dataset_with_extra_by_context', 'dataset_with_extra_from_classic_operator' retrieved from /home/airflow/.local/lib/python3.12/site-packages/airflow/example_dags/example_outlet_event_extra.py
[2026-04-10T09:38:44.761+0900] {logging_mixin.py:190} INFO - [2026-04-10T09:38:44.761+0900] {dag.py:3211} INFO - Sync 3 DAGs
[2026-04-10T09:38:44.779+0900] {logging_mixin.py:190} INFO - [2026-04-10T09:38:44.779+0900] {dag.py:4138} INFO - Setting next_dagrun for dataset_with_extra_by_context to 2026-04-09 00:00:00+00:00, run_after=2026-04-10 00:00:00+00:00
[2026-04-10T09:38:44.783+0900] {logging_mixin.py:190} INFO - [2026-04-10T09:38:44.783+0900] {dag.py:4138} INFO - Setting next_dagrun for dataset_with_extra_by_yield to 2026-04-09 00:00:00+00:00, run_after=2026-04-10 00:00:00+00:00
[2026-04-10T09:38:44.785+0900] {logging_mixin.py:190} INFO - [2026-04-10T09:38:44.785+0900] {dag.py:4138} INFO - Setting next_dagrun for dataset_with_extra_from_classic_operator to 2026-04-09 00:00:00+00:00, run_after=2026-04-10 00:00:00+00:00
[2026-04-10T09:38:44.801+0900] {processor.py:208} INFO - Processing /home/airflow/.local/lib/python3.12/site-packages/airflow/example_dags/example_outlet_event_extra.py took 0.166 seconds
[2026-04-10T09:39:15.453+0900] {processor.py:186} INFO - Started process (PID=150279) to work on /home/airflow/.local/lib/python3.12/site-packages/airflow/example_dags/example_outlet_event_extra.py
[2026-04-10T09:39:15.454+0900] {processor.py:914} INFO - Processing file /home/airflow/.local/lib/python3.12/site-packages/airflow/example_dags/example_outlet_event_extra.py for tasks to queue
[2026-04-10T09:39:15.456+0900] {logging_mixin.py:190} INFO - [2026-04-10T09:39:15.456+0900] {dagbag.py:587} INFO - Filling up the DagBag from /home/airflow/.local/lib/python3.12/site-packages/airflow/example_dags/example_outlet_event_extra.py
[2026-04-10T09:39:15.549+0900] {processor.py:925} INFO - DAG(s) 'dataset_with_extra_by_yield', 'dataset_with_extra_by_context', 'dataset_with_extra_from_classic_operator' retrieved from /home/airflow/.local/lib/python3.12/site-packages/airflow/example_dags/example_outlet_event_extra.py
[2026-04-10T09:39:15.572+0900] {logging_mixin.py:190} INFO - [2026-04-10T09:39:15.571+0900] {dag.py:3211} INFO - Sync 3 DAGs
[2026-04-10T09:39:15.589+0900] {logging_mixin.py:190} INFO - [2026-04-10T09:39:15.589+0900] {dag.py:4138} INFO - Setting next_dagrun for dataset_with_extra_by_context to 2026-04-09 00:00:00+00:00, run_after=2026-04-10 00:00:00+00:00
[2026-04-10T09:39:15.593+0900] {logging_mixin.py:190} INFO - [2026-04-10T09:39:15.593+0900] {dag.py:4138} INFO - Setting next_dagrun for dataset_with_extra_by_yield to 2026-04-09 00:00:00+00:00, run_after=2026-04-10 00:00:00+00:00
[2026-04-10T09:39:15.595+0900] {logging_mixin.py:190} INFO - [2026-04-10T09:39:15.595+0900] {dag.py:4138} INFO - Setting next_dagrun for dataset_with_extra_from_classic_operator to 2026-04-09 00:00:00+00:00, run_after=2026-04-10 00:00:00+00:00
[2026-04-10T09:39:15.615+0900] {processor.py:208} INFO - Processing /home/airflow/.local/lib/python3.12/site-packages/airflow/example_dags/example_outlet_event_extra.py took 0.167 seconds
[2026-04-10T09:39:46.202+0900] {processor.py:186} INFO - Started process (PID=150342) to work on /home/airflow/.local/lib/python3.12/site-packages/airflow/example_dags/example_outlet_event_extra.py
[2026-04-10T09:39:46.204+0900] {processor.py:914} INFO - Processing file /home/airflow/.local/lib/python3.12/site-packages/airflow/example_dags/example_outlet_event_extra.py for tasks to queue
[2026-04-10T09:39:46.207+0900] {logging_mixin.py:190} INFO - [2026-04-10T09:39:46.207+0900] {dagbag.py:587} INFO - Filling up the DagBag from /home/airflow/.local/lib/python3.12/site-packages/airflow/example_dags/example_outlet_event_extra.py
[2026-04-10T09:39:46.305+0900] {processor.py:925} INFO - DAG(s) 'dataset_with_extra_by_context', 'dataset_with_extra_by_yield', 'dataset_with_extra_from_classic_operator' retrieved from /home/airflow/.local/lib/python3.12/site-packages/airflow/example_dags/example_outlet_event_extra.py
[2026-04-10T09:39:46.327+0900] {logging_mixin.py:190} INFO - [2026-04-10T09:39:46.326+0900] {dag.py:3211} INFO - Sync 3 DAGs
[2026-04-10T09:39:46.345+0900] {logging_mixin.py:190} INFO - [2026-04-10T09:39:46.345+0900] {dag.py:4138} INFO - Setting next_dagrun for dataset_with_extra_by_context to 2026-04-09 00:00:00+00:00, run_after=2026-04-10 00:00:00+00:00
[2026-04-10T09:39:46.349+0900] {logging_mixin.py:190} INFO - [2026-04-10T09:39:46.349+0900] {dag.py:4138} INFO - Setting next_dagrun for dataset_with_extra_by_yield to 2026-04-09 00:00:00+00:00, run_after=2026-04-10 00:00:00+00:00
[2026-04-10T09:39:46.350+0900] {logging_mixin.py:190} INFO - [2026-04-10T09:39:46.350+0900] {dag.py:4138} INFO - Setting next_dagrun for dataset_with_extra_from_classic_operator to 2026-04-09 00:00:00+00:00, run_after=2026-04-10 00:00:00+00:00
[2026-04-10T09:39:46.366+0900] {processor.py:208} INFO - Processing /home/airflow/.local/lib/python3.12/site-packages/airflow/example_dags/example_outlet_event_extra.py took 0.168 seconds
[2026-04-10T09:40:16.798+0900] {processor.py:186} INFO - Started process (PID=150405) to work on /home/airflow/.local/lib/python3.12/site-packages/airflow/example_dags/example_outlet_event_extra.py
[2026-04-10T09:40:16.799+0900] {processor.py:914} INFO - Processing file /home/airflow/.local/lib/python3.12/site-packages/airflow/example_dags/example_outlet_event_extra.py for tasks to queue
[2026-04-10T09:40:16.801+0900] {logging_mixin.py:190} INFO - [2026-04-10T09:40:16.800+0900] {dagbag.py:587} INFO - Filling up the DagBag from /home/airflow/.local/lib/python3.12/site-packages/airflow/example_dags/example_outlet_event_extra.py
[2026-04-10T09:40:16.892+0900] {processor.py:925} INFO - DAG(s) 'dataset_with_extra_from_classic_operator', 'dataset_with_extra_by_context', 'dataset_with_extra_by_yield' retrieved from /home/airflow/.local/lib/python3.12/site-packages/airflow/example_dags/example_outlet_event_extra.py
[2026-04-10T09:40:16.916+0900] {logging_mixin.py:190} INFO - [2026-04-10T09:40:16.916+0900] {dag.py:3211} INFO - Sync 3 DAGs
[2026-04-10T09:40:16.934+0900] {logging_mixin.py:190} INFO - [2026-04-10T09:40:16.934+0900] {dag.py:4138} INFO - Setting next_dagrun for dataset_with_extra_by_context to 2026-04-09 00:00:00+00:00, run_after=2026-04-10 00:00:00+00:00
[2026-04-10T09:40:16.938+0900] {logging_mixin.py:190} INFO - [2026-04-10T09:40:16.937+0900] {dag.py:4138} INFO - Setting next_dagrun for dataset_with_extra_by_yield to 2026-04-09 00:00:00+00:00, run_after=2026-04-10 00:00:00+00:00
[2026-04-10T09:40:16.939+0900] {logging_mixin.py:190} INFO - [2026-04-10T09:40:16.939+0900] {dag.py:4138} INFO - Setting next_dagrun for dataset_with_extra_from_classic_operator to 2026-04-09 00:00:00+00:00, run_after=2026-04-10 00:00:00+00:00
[2026-04-10T09:40:16.955+0900] {processor.py:208} INFO - Processing /home/airflow/.local/lib/python3.12/site-packages/airflow/example_dags/example_outlet_event_extra.py took 0.162 seconds
[2026-04-10T09:40:47.610+0900] {processor.py:186} INFO - Started process (PID=150468) to work on /home/airflow/.local/lib/python3.12/site-packages/airflow/example_dags/example_outlet_event_extra.py
[2026-04-10T09:40:47.612+0900] {processor.py:914} INFO - Processing file /home/airflow/.local/lib/python3.12/site-packages/airflow/example_dags/example_outlet_event_extra.py for tasks to queue
[2026-04-10T09:40:47.614+0900] {logging_mixin.py:190} INFO - [2026-04-10T09:40:47.614+0900] {dagbag.py:587} INFO - Filling up the DagBag from /home/airflow/.local/lib/python3.12/site-packages/airflow/example_dags/example_outlet_event_extra.py
[2026-04-10T09:40:47.716+0900] {processor.py:925} INFO - DAG(s) 'dataset_with_extra_by_context', 'dataset_with_extra_by_yield', 'dataset_with_extra_from_classic_operator' retrieved from /home/airflow/.local/lib/python3.12/site-packages/airflow/example_dags/example_outlet_event_extra.py
[2026-04-10T09:40:47.741+0900] {logging_mixin.py:190} INFO - [2026-04-10T09:40:47.740+0900] {dag.py:3211} INFO - Sync 3 DAGs
[2026-04-10T09:40:47.761+0900] {logging_mixin.py:190} INFO - [2026-04-10T09:40:47.761+0900] {dag.py:4138} INFO - Setting next_dagrun for dataset_with_extra_by_context to 2026-04-09 00:00:00+00:00, run_after=2026-04-10 00:00:00+00:00
[2026-04-10T09:40:47.766+0900] {logging_mixin.py:190} INFO - [2026-04-10T09:40:47.766+0900] {dag.py:4138} INFO - Setting next_dagrun for dataset_with_extra_by_yield to 2026-04-09 00:00:00+00:00, run_after=2026-04-10 00:00:00+00:00
[2026-04-10T09:40:47.768+0900] {logging_mixin.py:190} INFO - [2026-04-10T09:40:47.768+0900] {dag.py:4138} INFO - Setting next_dagrun for dataset_with_extra_from_classic_operator to 2026-04-09 00:00:00+00:00, run_after=2026-04-10 00:00:00+00:00
[2026-04-10T09:40:47.786+0900] {processor.py:208} INFO - Processing /home/airflow/.local/lib/python3.12/site-packages/airflow/example_dags/example_outlet_event_extra.py took 0.180 seconds
[2026-04-10T09:41:18.173+0900] {processor.py:186} INFO - Started process (PID=150531) to work on /home/airflow/.local/lib/python3.12/site-packages/airflow/example_dags/example_outlet_event_extra.py
[2026-04-10T09:41:18.174+0900] {processor.py:914} INFO - Processing file /home/airflow/.local/lib/python3.12/site-packages/airflow/example_dags/example_outlet_event_extra.py for tasks to queue
[2026-04-10T09:41:18.176+0900] {logging_mixin.py:190} INFO - [2026-04-10T09:41:18.176+0900] {dagbag.py:587} INFO - Filling up the DagBag from /home/airflow/.local/lib/python3.12/site-packages/airflow/example_dags/example_outlet_event_extra.py
[2026-04-10T09:41:18.271+0900] {processor.py:925} INFO - DAG(s) 'dataset_with_extra_from_classic_operator', 'dataset_with_extra_by_context', 'dataset_with_extra_by_yield' retrieved from /home/airflow/.local/lib/python3.12/site-packages/airflow/example_dags/example_outlet_event_extra.py
[2026-04-10T09:41:18.294+0900] {logging_mixin.py:190} INFO - [2026-04-10T09:41:18.294+0900] {dag.py:3211} INFO - Sync 3 DAGs
[2026-04-10T09:41:18.314+0900] {logging_mixin.py:190} INFO - [2026-04-10T09:41:18.314+0900] {dag.py:4138} INFO - Setting next_dagrun for dataset_with_extra_by_context to 2026-04-09 00:00:00+00:00, run_after=2026-04-10 00:00:00+00:00
[2026-04-10T09:41:18.318+0900] {logging_mixin.py:190} INFO - [2026-04-10T09:41:18.318+0900] {dag.py:4138} INFO - Setting next_dagrun for dataset_with_extra_by_yield to 2026-04-09 00:00:00+00:00, run_after=2026-04-10 00:00:00+00:00
[2026-04-10T09:41:18.320+0900] {logging_mixin.py:190} INFO - [2026-04-10T09:41:18.319+0900] {dag.py:4138} INFO - Setting next_dagrun for dataset_with_extra_from_classic_operator to 2026-04-09 00:00:00+00:00, run_after=2026-04-10 00:00:00+00:00
[2026-04-10T09:41:18.340+0900] {processor.py:208} INFO - Processing /home/airflow/.local/lib/python3.12/site-packages/airflow/example_dags/example_outlet_event_extra.py took 0.171 seconds
[2026-04-10T09:41:48.871+0900] {processor.py:186} INFO - Started process (PID=150594) to work on /home/airflow/.local/lib/python3.12/site-packages/airflow/example_dags/example_outlet_event_extra.py
[2026-04-10T09:41:48.872+0900] {processor.py:914} INFO - Processing file /home/airflow/.local/lib/python3.12/site-packages/airflow/example_dags/example_outlet_event_extra.py for tasks to queue
[2026-04-10T09:41:48.874+0900] {logging_mixin.py:190} INFO - [2026-04-10T09:41:48.873+0900] {dagbag.py:587} INFO - Filling up the DagBag from /home/airflow/.local/lib/python3.12/site-packages/airflow/example_dags/example_outlet_event_extra.py
[2026-04-10T09:41:48.975+0900] {processor.py:925} INFO - DAG(s) 'dataset_with_extra_by_context', 'dataset_with_extra_by_yield', 'dataset_with_extra_from_classic_operator' retrieved from /home/airflow/.local/lib/python3.12/site-packages/airflow/example_dags/example_outlet_event_extra.py
[2026-04-10T09:41:48.999+0900] {logging_mixin.py:190} INFO - [2026-04-10T09:41:48.998+0900] {dag.py:3211} INFO - Sync 3 DAGs
[2026-04-10T09:41:49.020+0900] {logging_mixin.py:190} INFO - [2026-04-10T09:41:49.020+0900] {dag.py:4138} INFO - Setting next_dagrun for dataset_with_extra_by_context to 2026-04-09 00:00:00+00:00, run_after=2026-04-10 00:00:00+00:00
[2026-04-10T09:41:49.023+0900] {logging_mixin.py:190} INFO - [2026-04-10T09:41:49.023+0900] {dag.py:4138} INFO - Setting next_dagrun for dataset_with_extra_by_yield to 2026-04-09 00:00:00+00:00, run_after=2026-04-10 00:00:00+00:00
[2026-04-10T09:41:49.025+0900] {logging_mixin.py:190} INFO - [2026-04-10T09:41:49.025+0900] {dag.py:4138} INFO - Setting next_dagrun for dataset_with_extra_from_classic_operator to 2026-04-09 00:00:00+00:00, run_after=2026-04-10 00:00:00+00:00
[2026-04-10T09:41:49.043+0900] {processor.py:208} INFO - Processing /home/airflow/.local/lib/python3.12/site-packages/airflow/example_dags/example_outlet_event_extra.py took 0.177 seconds
[2026-04-10T09:42:19.621+0900] {processor.py:186} INFO - Started process (PID=150657) to work on /home/airflow/.local/lib/python3.12/site-packages/airflow/example_dags/example_outlet_event_extra.py
[2026-04-10T09:42:19.622+0900] {processor.py:914} INFO - Processing file /home/airflow/.local/lib/python3.12/site-packages/airflow/example_dags/example_outlet_event_extra.py for tasks to queue
[2026-04-10T09:42:19.623+0900] {logging_mixin.py:190} INFO - [2026-04-10T09:42:19.623+0900] {dagbag.py:587} INFO - Filling up the DagBag from /home/airflow/.local/lib/python3.12/site-packages/airflow/example_dags/example_outlet_event_extra.py
[2026-04-10T09:42:19.721+0900] {processor.py:925} INFO - DAG(s) 'dataset_with_extra_by_context', 'dataset_with_extra_by_yield', 'dataset_with_extra_from_classic_operator' retrieved from /home/airflow/.local/lib/python3.12/site-packages/airflow/example_dags/example_outlet_event_extra.py
[2026-04-10T09:42:19.743+0900] {logging_mixin.py:190} INFO - [2026-04-10T09:42:19.743+0900] {dag.py:3211} INFO - Sync 3 DAGs
[2026-04-10T09:42:19.762+0900] {logging_mixin.py:190} INFO - [2026-04-10T09:42:19.762+0900] {dag.py:4138} INFO - Setting next_dagrun for dataset_with_extra_by_context to 2026-04-09 00:00:00+00:00, run_after=2026-04-10 00:00:00+00:00
[2026-04-10T09:42:19.766+0900] {logging_mixin.py:190} INFO - [2026-04-10T09:42:19.766+0900] {dag.py:4138} INFO - Setting next_dagrun for dataset_with_extra_by_yield to 2026-04-09 00:00:00+00:00, run_after=2026-04-10 00:00:00+00:00
[2026-04-10T09:42:19.768+0900] {logging_mixin.py:190} INFO - [2026-04-10T09:42:19.768+0900] {dag.py:4138} INFO - Setting next_dagrun for dataset_with_extra_from_classic_operator to 2026-04-09 00:00:00+00:00, run_after=2026-04-10 00:00:00+00:00
[2026-04-10T09:42:19.784+0900] {processor.py:208} INFO - Processing /home/airflow/.local/lib/python3.12/site-packages/airflow/example_dags/example_outlet_event_extra.py took 0.168 seconds
[2026-04-10T09:42:50.352+0900] {processor.py:186} INFO - Started process (PID=150720) to work on /home/airflow/.local/lib/python3.12/site-packages/airflow/example_dags/example_outlet_event_extra.py
[2026-04-10T09:42:50.353+0900] {processor.py:914} INFO - Processing file /home/airflow/.local/lib/python3.12/site-packages/airflow/example_dags/example_outlet_event_extra.py for tasks to queue
[2026-04-10T09:42:50.355+0900] {logging_mixin.py:190} INFO - [2026-04-10T09:42:50.355+0900] {dagbag.py:587} INFO - Filling up the DagBag from /home/airflow/.local/lib/python3.12/site-packages/airflow/example_dags/example_outlet_event_extra.py
[2026-04-10T09:42:50.450+0900] {processor.py:925} INFO - DAG(s) 'dataset_with_extra_by_yield', 'dataset_with_extra_by_context', 'dataset_with_extra_from_classic_operator' retrieved from /home/airflow/.local/lib/python3.12/site-packages/airflow/example_dags/example_outlet_event_extra.py
[2026-04-10T09:42:50.471+0900] {logging_mixin.py:190} INFO - [2026-04-10T09:42:50.471+0900] {dag.py:3211} INFO - Sync 3 DAGs
[2026-04-10T09:42:50.491+0900] {logging_mixin.py:190} INFO - [2026-04-10T09:42:50.491+0900] {dag.py:4138} INFO - Setting next_dagrun for dataset_with_extra_by_context to 2026-04-09 00:00:00+00:00, run_after=2026-04-10 00:00:00+00:00
[2026-04-10T09:42:50.494+0900] {logging_mixin.py:190} INFO - [2026-04-10T09:42:50.494+0900] {dag.py:4138} INFO - Setting next_dagrun for dataset_with_extra_by_yield to 2026-04-09 00:00:00+00:00, run_after=2026-04-10 00:00:00+00:00
[2026-04-10T09:42:50.497+0900] {logging_mixin.py:190} INFO - [2026-04-10T09:42:50.496+0900] {dag.py:4138} INFO - Setting next_dagrun for dataset_with_extra_from_classic_operator to 2026-04-09 00:00:00+00:00, run_after=2026-04-10 00:00:00+00:00
[2026-04-10T09:42:50.514+0900] {processor.py:208} INFO - Processing /home/airflow/.local/lib/python3.12/site-packages/airflow/example_dags/example_outlet_event_extra.py took 0.167 seconds
[2026-04-10T09:43:20.641+0900] {processor.py:186} INFO - Started process (PID=150783) to work on /home/airflow/.local/lib/python3.12/site-packages/airflow/example_dags/example_outlet_event_extra.py
[2026-04-10T09:43:20.642+0900] {processor.py:914} INFO - Processing file /home/airflow/.local/lib/python3.12/site-packages/airflow/example_dags/example_outlet_event_extra.py for tasks to queue
[2026-04-10T09:43:20.644+0900] {logging_mixin.py:190} INFO - [2026-04-10T09:43:20.644+0900] {dagbag.py:587} INFO - Filling up the DagBag from /home/airflow/.local/lib/python3.12/site-packages/airflow/example_dags/example_outlet_event_extra.py
[2026-04-10T09:43:20.737+0900] {processor.py:925} INFO - DAG(s) 'dataset_with_extra_by_context', 'dataset_with_extra_from_classic_operator', 'dataset_with_extra_by_yield' retrieved from /home/airflow/.local/lib/python3.12/site-packages/airflow/example_dags/example_outlet_event_extra.py
[2026-04-10T09:43:20.759+0900] {logging_mixin.py:190} INFO - [2026-04-10T09:43:20.759+0900] {dag.py:3211} INFO - Sync 3 DAGs
[2026-04-10T09:43:20.778+0900] {logging_mixin.py:190} INFO - [2026-04-10T09:43:20.778+0900] {dag.py:4138} INFO - Setting next_dagrun for dataset_with_extra_by_context to 2026-04-09 00:00:00+00:00, run_after=2026-04-10 00:00:00+00:00
[2026-04-10T09:43:20.782+0900] {logging_mixin.py:190} INFO - [2026-04-10T09:43:20.782+0900] {dag.py:4138} INFO - Setting next_dagrun for dataset_with_extra_by_yield to 2026-04-09 00:00:00+00:00, run_after=2026-04-10 00:00:00+00:00
[2026-04-10T09:43:20.784+0900] {logging_mixin.py:190} INFO - [2026-04-10T09:43:20.784+0900] {dag.py:4138} INFO - Setting next_dagrun for dataset_with_extra_from_classic_operator to 2026-04-09 00:00:00+00:00, run_after=2026-04-10 00:00:00+00:00
[2026-04-10T09:43:20.801+0900] {processor.py:208} INFO - Processing /home/airflow/.local/lib/python3.12/site-packages/airflow/example_dags/example_outlet_event_extra.py took 0.165 seconds
[2026-04-10T09:43:50.926+0900] {processor.py:186} INFO - Started process (PID=150846) to work on /home/airflow/.local/lib/python3.12/site-packages/airflow/example_dags/example_outlet_event_extra.py
[2026-04-10T09:43:50.927+0900] {processor.py:914} INFO - Processing file /home/airflow/.local/lib/python3.12/site-packages/airflow/example_dags/example_outlet_event_extra.py for tasks to queue
[2026-04-10T09:43:50.929+0900] {logging_mixin.py:190} INFO - [2026-04-10T09:43:50.929+0900] {dagbag.py:587} INFO - Filling up the DagBag from /home/airflow/.local/lib/python3.12/site-packages/airflow/example_dags/example_outlet_event_extra.py
[2026-04-10T09:43:51.023+0900] {processor.py:925} INFO - DAG(s) 'dataset_with_extra_by_yield', 'dataset_with_extra_from_classic_operator', 'dataset_with_extra_by_context' retrieved from /home/airflow/.local/lib/python3.12/site-packages/airflow/example_dags/example_outlet_event_extra.py
[2026-04-10T09:43:51.045+0900] {logging_mixin.py:190} INFO - [2026-04-10T09:43:51.045+0900] {dag.py:3211} INFO - Sync 3 DAGs
[2026-04-10T09:43:51.066+0900] {logging_mixin.py:190} INFO - [2026-04-10T09:43:51.065+0900] {dag.py:4138} INFO - Setting next_dagrun for dataset_with_extra_by_context to 2026-04-09 00:00:00+00:00, run_after=2026-04-10 00:00:00+00:00
[2026-04-10T09:43:51.071+0900] {logging_mixin.py:190} INFO - [2026-04-10T09:43:51.071+0900] {dag.py:4138} INFO - Setting next_dagrun for dataset_with_extra_by_yield to 2026-04-09 00:00:00+00:00, run_after=2026-04-10 00:00:00+00:00
[2026-04-10T09:43:51.073+0900] {logging_mixin.py:190} INFO - [2026-04-10T09:43:51.073+0900] {dag.py:4138} INFO - Setting next_dagrun for dataset_with_extra_from_classic_operator to 2026-04-09 00:00:00+00:00, run_after=2026-04-10 00:00:00+00:00
[2026-04-10T09:43:51.096+0900] {processor.py:208} INFO - Processing /home/airflow/.local/lib/python3.12/site-packages/airflow/example_dags/example_outlet_event_extra.py took 0.174 seconds
[2026-04-10T09:44:21.991+0900] {processor.py:186} INFO - Started process (PID=150909) to work on /home/airflow/.local/lib/python3.12/site-packages/airflow/example_dags/example_outlet_event_extra.py
[2026-04-10T09:44:21.992+0900] {processor.py:914} INFO - Processing file /home/airflow/.local/lib/python3.12/site-packages/airflow/example_dags/example_outlet_event_extra.py for tasks to queue
[2026-04-10T09:44:21.994+0900] {logging_mixin.py:190} INFO - [2026-04-10T09:44:21.994+0900] {dagbag.py:587} INFO - Filling up the DagBag from /home/airflow/.local/lib/python3.12/site-packages/airflow/example_dags/example_outlet_event_extra.py
[2026-04-10T09:44:22.095+0900] {processor.py:925} INFO - DAG(s) 'dataset_with_extra_by_context', 'dataset_with_extra_by_yield', 'dataset_with_extra_from_classic_operator' retrieved from /home/airflow/.local/lib/python3.12/site-packages/airflow/example_dags/example_outlet_event_extra.py
[2026-04-10T09:44:22.117+0900] {logging_mixin.py:190} INFO - [2026-04-10T09:44:22.117+0900] {dag.py:3211} INFO - Sync 3 DAGs
[2026-04-10T09:44:22.134+0900] {logging_mixin.py:190} INFO - [2026-04-10T09:44:22.134+0900] {dag.py:4138} INFO - Setting next_dagrun for dataset_with_extra_by_context to 2026-04-09 00:00:00+00:00, run_after=2026-04-10 00:00:00+00:00
[2026-04-10T09:44:22.138+0900] {logging_mixin.py:190} INFO - [2026-04-10T09:44:22.138+0900] {dag.py:4138} INFO - Setting next_dagrun for dataset_with_extra_by_yield to 2026-04-09 00:00:00+00:00, run_after=2026-04-10 00:00:00+00:00
[2026-04-10T09:44:22.140+0900] {logging_mixin.py:190} INFO - [2026-04-10T09:44:22.140+0900] {dag.py:4138} INFO - Setting next_dagrun for dataset_with_extra_from_classic_operator to 2026-04-09 00:00:00+00:00, run_after=2026-04-10 00:00:00+00:00
[2026-04-10T09:44:22.157+0900] {processor.py:208} INFO - Processing /home/airflow/.local/lib/python3.12/site-packages/airflow/example_dags/example_outlet_event_extra.py took 0.171 seconds
[2026-04-10T09:44:52.267+0900] {processor.py:186} INFO - Started process (PID=150972) to work on /home/airflow/.local/lib/python3.12/site-packages/airflow/example_dags/example_outlet_event_extra.py
[2026-04-10T09:44:52.269+0900] {processor.py:914} INFO - Processing file /home/airflow/.local/lib/python3.12/site-packages/airflow/example_dags/example_outlet_event_extra.py for tasks to queue
[2026-04-10T09:44:52.272+0900] {logging_mixin.py:190} INFO - [2026-04-10T09:44:52.271+0900] {dagbag.py:587} INFO - Filling up the DagBag from /home/airflow/.local/lib/python3.12/site-packages/airflow/example_dags/example_outlet_event_extra.py
[2026-04-10T09:44:52.379+0900] {processor.py:925} INFO - DAG(s) 'dataset_with_extra_from_classic_operator', 'dataset_with_extra_by_yield', 'dataset_with_extra_by_context' retrieved from /home/airflow/.local/lib/python3.12/site-packages/airflow/example_dags/example_outlet_event_extra.py
[2026-04-10T09:44:52.402+0900] {logging_mixin.py:190} INFO - [2026-04-10T09:44:52.402+0900] {dag.py:3211} INFO - Sync 3 DAGs
[2026-04-10T09:44:52.421+0900] {logging_mixin.py:190} INFO - [2026-04-10T09:44:52.421+0900] {dag.py:4138} INFO - Setting next_dagrun for dataset_with_extra_by_context to 2026-04-09 00:00:00+00:00, run_after=2026-04-10 00:00:00+00:00
[2026-04-10T09:44:52.424+0900] {logging_mixin.py:190} INFO - [2026-04-10T09:44:52.424+0900] {dag.py:4138} INFO - Setting next_dagrun for dataset_with_extra_by_yield to 2026-04-09 00:00:00+00:00, run_after=2026-04-10 00:00:00+00:00
[2026-04-10T09:44:52.430+0900] {logging_mixin.py:190} INFO - [2026-04-10T09:44:52.430+0900] {dag.py:4138} INFO - Setting next_dagrun for dataset_with_extra_from_classic_operator to 2026-04-09 00:00:00+00:00, run_after=2026-04-10 00:00:00+00:00
[2026-04-10T09:44:52.454+0900] {processor.py:208} INFO - Processing /home/airflow/.local/lib/python3.12/site-packages/airflow/example_dags/example_outlet_event_extra.py took 0.192 seconds
[2026-04-10T09:45:22.549+0900] {processor.py:186} INFO - Started process (PID=151034) to work on /home/airflow/.local/lib/python3.12/site-packages/airflow/example_dags/example_outlet_event_extra.py
[2026-04-10T09:45:22.549+0900] {processor.py:914} INFO - Processing file /home/airflow/.local/lib/python3.12/site-packages/airflow/example_dags/example_outlet_event_extra.py for tasks to queue
[2026-04-10T09:45:22.552+0900] {logging_mixin.py:190} INFO - [2026-04-10T09:45:22.551+0900] {dagbag.py:587} INFO - Filling up the DagBag from /home/airflow/.local/lib/python3.12/site-packages/airflow/example_dags/example_outlet_event_extra.py
[2026-04-10T09:45:22.640+0900] {processor.py:925} INFO - DAG(s) 'dataset_with_extra_from_classic_operator', 'dataset_with_extra_by_context', 'dataset_with_extra_by_yield' retrieved from /home/airflow/.local/lib/python3.12/site-packages/airflow/example_dags/example_outlet_event_extra.py
[2026-04-10T09:45:22.657+0900] {logging_mixin.py:190} INFO - [2026-04-10T09:45:22.657+0900] {dag.py:3211} INFO - Sync 3 DAGs
[2026-04-10T09:45:22.672+0900] {logging_mixin.py:190} INFO - [2026-04-10T09:45:22.672+0900] {dag.py:4138} INFO - Setting next_dagrun for dataset_with_extra_by_context to 2026-04-09 00:00:00+00:00, run_after=2026-04-10 00:00:00+00:00
[2026-04-10T09:45:22.676+0900] {logging_mixin.py:190} INFO - [2026-04-10T09:45:22.675+0900] {dag.py:4138} INFO - Setting next_dagrun for dataset_with_extra_by_yield to 2026-04-09 00:00:00+00:00, run_after=2026-04-10 00:00:00+00:00
[2026-04-10T09:45:22.677+0900] {logging_mixin.py:190} INFO - [2026-04-10T09:45:22.677+0900] {dag.py:4138} INFO - Setting next_dagrun for dataset_with_extra_from_classic_operator to 2026-04-09 00:00:00+00:00, run_after=2026-04-10 00:00:00+00:00
[2026-04-10T09:45:22.691+0900] {processor.py:208} INFO - Processing /home/airflow/.local/lib/python3.12/site-packages/airflow/example_dags/example_outlet_event_extra.py took 0.147 seconds
[2026-04-10T09:45:52.732+0900] {processor.py:186} INFO - Started process (PID=151097) to work on /home/airflow/.local/lib/python3.12/site-packages/airflow/example_dags/example_outlet_event_extra.py
[2026-04-10T09:45:52.733+0900] {processor.py:914} INFO - Processing file /home/airflow/.local/lib/python3.12/site-packages/airflow/example_dags/example_outlet_event_extra.py for tasks to queue
[2026-04-10T09:45:52.735+0900] {logging_mixin.py:190} INFO - [2026-04-10T09:45:52.735+0900] {dagbag.py:587} INFO - Filling up the DagBag from /home/airflow/.local/lib/python3.12/site-packages/airflow/example_dags/example_outlet_event_extra.py
[2026-04-10T09:45:52.827+0900] {processor.py:925} INFO - DAG(s) 'dataset_with_extra_from_classic_operator', 'dataset_with_extra_by_yield', 'dataset_with_extra_by_context' retrieved from /home/airflow/.local/lib/python3.12/site-packages/airflow/example_dags/example_outlet_event_extra.py
[2026-04-10T09:45:52.845+0900] {logging_mixin.py:190} INFO - [2026-04-10T09:45:52.845+0900] {dag.py:3211} INFO - Sync 3 DAGs
[2026-04-10T09:45:52.861+0900] {logging_mixin.py:190} INFO - [2026-04-10T09:45:52.861+0900] {dag.py:4138} INFO - Setting next_dagrun for dataset_with_extra_by_context to 2026-04-09 00:00:00+00:00, run_after=2026-04-10 00:00:00+00:00
[2026-04-10T09:45:52.864+0900] {logging_mixin.py:190} INFO - [2026-04-10T09:45:52.864+0900] {dag.py:4138} INFO - Setting next_dagrun for dataset_with_extra_by_yield to 2026-04-09 00:00:00+00:00, run_after=2026-04-10 00:00:00+00:00
[2026-04-10T09:45:52.866+0900] {logging_mixin.py:190} INFO - [2026-04-10T09:45:52.866+0900] {dag.py:4138} INFO - Setting next_dagrun for dataset_with_extra_from_classic_operator to 2026-04-09 00:00:00+00:00, run_after=2026-04-10 00:00:00+00:00
[2026-04-10T09:45:52.888+0900] {processor.py:208} INFO - Processing /home/airflow/.local/lib/python3.12/site-packages/airflow/example_dags/example_outlet_event_extra.py took 0.161 seconds
[2026-04-10T09:46:23.006+0900] {processor.py:186} INFO - Started process (PID=151160) to work on /home/airflow/.local/lib/python3.12/site-packages/airflow/example_dags/example_outlet_event_extra.py
[2026-04-10T09:46:23.007+0900] {processor.py:914} INFO - Processing file /home/airflow/.local/lib/python3.12/site-packages/airflow/example_dags/example_outlet_event_extra.py for tasks to queue
[2026-04-10T09:46:23.010+0900] {logging_mixin.py:190} INFO - [2026-04-10T09:46:23.009+0900] {dagbag.py:587} INFO - Filling up the DagBag from /home/airflow/.local/lib/python3.12/site-packages/airflow/example_dags/example_outlet_event_extra.py
[2026-04-10T09:46:23.101+0900] {processor.py:925} INFO - DAG(s) 'dataset_with_extra_by_context', 'dataset_with_extra_from_classic_operator', 'dataset_with_extra_by_yield' retrieved from /home/airflow/.local/lib/python3.12/site-packages/airflow/example_dags/example_outlet_event_extra.py
[2026-04-10T09:46:23.121+0900] {logging_mixin.py:190} INFO - [2026-04-10T09:46:23.121+0900] {dag.py:3211} INFO - Sync 3 DAGs
[2026-04-10T09:46:23.136+0900] {logging_mixin.py:190} INFO - [2026-04-10T09:46:23.136+0900] {dag.py:4138} INFO - Setting next_dagrun for dataset_with_extra_by_context to 2026-04-09 00:00:00+00:00, run_after=2026-04-10 00:00:00+00:00
[2026-04-10T09:46:23.139+0900] {logging_mixin.py:190} INFO - [2026-04-10T09:46:23.139+0900] {dag.py:4138} INFO - Setting next_dagrun for dataset_with_extra_by_yield to 2026-04-09 00:00:00+00:00, run_after=2026-04-10 00:00:00+00:00
[2026-04-10T09:46:23.141+0900] {logging_mixin.py:190} INFO - [2026-04-10T09:46:23.141+0900] {dag.py:4138} INFO - Setting next_dagrun for dataset_with_extra_from_classic_operator to 2026-04-09 00:00:00+00:00, run_after=2026-04-10 00:00:00+00:00
[2026-04-10T09:46:23.156+0900] {processor.py:208} INFO - Processing /home/airflow/.local/lib/python3.12/site-packages/airflow/example_dags/example_outlet_event_extra.py took 0.155 seconds
[2026-04-10T09:46:53.587+0900] {processor.py:186} INFO - Started process (PID=151223) to work on /home/airflow/.local/lib/python3.12/site-packages/airflow/example_dags/example_outlet_event_extra.py
[2026-04-10T09:46:53.588+0900] {processor.py:914} INFO - Processing file /home/airflow/.local/lib/python3.12/site-packages/airflow/example_dags/example_outlet_event_extra.py for tasks to queue
[2026-04-10T09:46:53.590+0900] {logging_mixin.py:190} INFO - [2026-04-10T09:46:53.590+0900] {dagbag.py:587} INFO - Filling up the DagBag from /home/airflow/.local/lib/python3.12/site-packages/airflow/example_dags/example_outlet_event_extra.py
[2026-04-10T09:46:53.692+0900] {processor.py:925} INFO - DAG(s) 'dataset_with_extra_by_context', 'dataset_with_extra_from_classic_operator', 'dataset_with_extra_by_yield' retrieved from /home/airflow/.local/lib/python3.12/site-packages/airflow/example_dags/example_outlet_event_extra.py
[2026-04-10T09:46:53.710+0900] {logging_mixin.py:190} INFO - [2026-04-10T09:46:53.710+0900] {dag.py:3211} INFO - Sync 3 DAGs
[2026-04-10T09:46:53.851+0900] {logging_mixin.py:190} INFO - [2026-04-10T09:46:53.851+0900] {dag.py:4138} INFO - Setting next_dagrun for dataset_with_extra_by_context to 2026-04-09 00:00:00+00:00, run_after=2026-04-10 00:00:00+00:00
[2026-04-10T09:46:53.855+0900] {logging_mixin.py:190} INFO - [2026-04-10T09:46:53.855+0900] {dag.py:4138} INFO - Setting next_dagrun for dataset_with_extra_by_yield to 2026-04-09 00:00:00+00:00, run_after=2026-04-10 00:00:00+00:00
[2026-04-10T09:46:53.856+0900] {logging_mixin.py:190} INFO - [2026-04-10T09:46:53.856+0900] {dag.py:4138} INFO - Setting next_dagrun for dataset_with_extra_from_classic_operator to 2026-04-09 00:00:00+00:00, run_after=2026-04-10 00:00:00+00:00
[2026-04-10T09:46:53.869+0900] {processor.py:208} INFO - Processing /home/airflow/.local/lib/python3.12/site-packages/airflow/example_dags/example_outlet_event_extra.py took 0.286 seconds
[2026-04-10T09:47:24.081+0900] {processor.py:186} INFO - Started process (PID=151286) to work on /home/airflow/.local/lib/python3.12/site-packages/airflow/example_dags/example_outlet_event_extra.py
[2026-04-10T09:47:24.082+0900] {processor.py:914} INFO - Processing file /home/airflow/.local/lib/python3.12/site-packages/airflow/example_dags/example_outlet_event_extra.py for tasks to queue
[2026-04-10T09:47:24.084+0900] {logging_mixin.py:190} INFO - [2026-04-10T09:47:24.083+0900] {dagbag.py:587} INFO - Filling up the DagBag from /home/airflow/.local/lib/python3.12/site-packages/airflow/example_dags/example_outlet_event_extra.py
[2026-04-10T09:47:24.175+0900] {processor.py:925} INFO - DAG(s) 'dataset_with_extra_from_classic_operator', 'dataset_with_extra_by_context', 'dataset_with_extra_by_yield' retrieved from /home/airflow/.local/lib/python3.12/site-packages/airflow/example_dags/example_outlet_event_extra.py
[2026-04-10T09:47:24.194+0900] {logging_mixin.py:190} INFO - [2026-04-10T09:47:24.194+0900] {dag.py:3211} INFO - Sync 3 DAGs
[2026-04-10T09:47:24.343+0900] {logging_mixin.py:190} INFO - [2026-04-10T09:47:24.343+0900] {dag.py:4138} INFO - Setting next_dagrun for dataset_with_extra_by_context to 2026-04-09 00:00:00+00:00, run_after=2026-04-10 00:00:00+00:00
[2026-04-10T09:47:24.346+0900] {logging_mixin.py:190} INFO - [2026-04-10T09:47:24.346+0900] {dag.py:4138} INFO - Setting next_dagrun for dataset_with_extra_by_yield to 2026-04-09 00:00:00+00:00, run_after=2026-04-10 00:00:00+00:00
[2026-04-10T09:47:24.348+0900] {logging_mixin.py:190} INFO - [2026-04-10T09:47:24.348+0900] {dag.py:4138} INFO - Setting next_dagrun for dataset_with_extra_from_classic_operator to 2026-04-09 00:00:00+00:00, run_after=2026-04-10 00:00:00+00:00
[2026-04-10T09:47:24.363+0900] {processor.py:208} INFO - Processing /home/airflow/.local/lib/python3.12/site-packages/airflow/example_dags/example_outlet_event_extra.py took 0.287 seconds
[2026-04-10T09:47:54.632+0900] {processor.py:186} INFO - Started process (PID=151349) to work on /home/airflow/.local/lib/python3.12/site-packages/airflow/example_dags/example_outlet_event_extra.py
[2026-04-10T09:47:54.633+0900] {processor.py:914} INFO - Processing file /home/airflow/.local/lib/python3.12/site-packages/airflow/example_dags/example_outlet_event_extra.py for tasks to queue
[2026-04-10T09:47:54.635+0900] {logging_mixin.py:190} INFO - [2026-04-10T09:47:54.635+0900] {dagbag.py:587} INFO - Filling up the DagBag from /home/airflow/.local/lib/python3.12/site-packages/airflow/example_dags/example_outlet_event_extra.py
[2026-04-10T09:47:54.733+0900] {processor.py:925} INFO - DAG(s) 'dataset_with_extra_from_classic_operator', 'dataset_with_extra_by_context', 'dataset_with_extra_by_yield' retrieved from /home/airflow/.local/lib/python3.12/site-packages/airflow/example_dags/example_outlet_event_extra.py
[2026-04-10T09:47:54.752+0900] {logging_mixin.py:190} INFO - [2026-04-10T09:47:54.751+0900] {dag.py:3211} INFO - Sync 3 DAGs
[2026-04-10T09:47:54.905+0900] {logging_mixin.py:190} INFO - [2026-04-10T09:47:54.905+0900] {dag.py:4138} INFO - Setting next_dagrun for dataset_with_extra_by_context to 2026-04-09 00:00:00+00:00, run_after=2026-04-10 00:00:00+00:00
[2026-04-10T09:47:54.909+0900] {logging_mixin.py:190} INFO - [2026-04-10T09:47:54.908+0900] {dag.py:4138} INFO - Setting next_dagrun for dataset_with_extra_by_yield to 2026-04-09 00:00:00+00:00, run_after=2026-04-10 00:00:00+00:00
[2026-04-10T09:47:54.910+0900] {logging_mixin.py:190} INFO - [2026-04-10T09:47:54.910+0900] {dag.py:4138} INFO - Setting next_dagrun for dataset_with_extra_from_classic_operator to 2026-04-09 00:00:00+00:00, run_after=2026-04-10 00:00:00+00:00
[2026-04-10T09:47:54.922+0900] {processor.py:208} INFO - Processing /home/airflow/.local/lib/python3.12/site-packages/airflow/example_dags/example_outlet_event_extra.py took 0.296 seconds
[2026-04-10T09:48:25.198+0900] {processor.py:186} INFO - Started process (PID=151412) to work on /home/airflow/.local/lib/python3.12/site-packages/airflow/example_dags/example_outlet_event_extra.py
[2026-04-10T09:48:25.199+0900] {processor.py:914} INFO - Processing file /home/airflow/.local/lib/python3.12/site-packages/airflow/example_dags/example_outlet_event_extra.py for tasks to queue
[2026-04-10T09:48:25.202+0900] {logging_mixin.py:190} INFO - [2026-04-10T09:48:25.201+0900] {dagbag.py:587} INFO - Filling up the DagBag from /home/airflow/.local/lib/python3.12/site-packages/airflow/example_dags/example_outlet_event_extra.py
[2026-04-10T09:48:25.297+0900] {processor.py:925} INFO - DAG(s) 'dataset_with_extra_by_context', 'dataset_with_extra_from_classic_operator', 'dataset_with_extra_by_yield' retrieved from /home/airflow/.local/lib/python3.12/site-packages/airflow/example_dags/example_outlet_event_extra.py
[2026-04-10T09:48:25.316+0900] {logging_mixin.py:190} INFO - [2026-04-10T09:48:25.316+0900] {dag.py:3211} INFO - Sync 3 DAGs
[2026-04-10T09:48:25.332+0900] {logging_mixin.py:190} INFO - [2026-04-10T09:48:25.332+0900] {dag.py:4138} INFO - Setting next_dagrun for dataset_with_extra_by_context to 2026-04-09 00:00:00+00:00, run_after=2026-04-10 00:00:00+00:00
[2026-04-10T09:48:25.335+0900] {logging_mixin.py:190} INFO - [2026-04-10T09:48:25.335+0900] {dag.py:4138} INFO - Setting next_dagrun for dataset_with_extra_by_yield to 2026-04-09 00:00:00+00:00, run_after=2026-04-10 00:00:00+00:00
[2026-04-10T09:48:25.337+0900] {logging_mixin.py:190} INFO - [2026-04-10T09:48:25.337+0900] {dag.py:4138} INFO - Setting next_dagrun for dataset_with_extra_from_classic_operator to 2026-04-09 00:00:00+00:00, run_after=2026-04-10 00:00:00+00:00
[2026-04-10T09:48:25.485+0900] {processor.py:208} INFO - Processing /home/airflow/.local/lib/python3.12/site-packages/airflow/example_dags/example_outlet_event_extra.py took 0.292 seconds
[2026-04-10T09:48:55.992+0900] {processor.py:186} INFO - Started process (PID=151475) to work on /home/airflow/.local/lib/python3.12/site-packages/airflow/example_dags/example_outlet_event_extra.py
[2026-04-10T09:48:55.994+0900] {processor.py:914} INFO - Processing file /home/airflow/.local/lib/python3.12/site-packages/airflow/example_dags/example_outlet_event_extra.py for tasks to queue
[2026-04-10T09:48:55.996+0900] {logging_mixin.py:190} INFO - [2026-04-10T09:48:55.996+0900] {dagbag.py:587} INFO - Filling up the DagBag from /home/airflow/.local/lib/python3.12/site-packages/airflow/example_dags/example_outlet_event_extra.py
[2026-04-10T09:48:56.099+0900] {processor.py:925} INFO - DAG(s) 'dataset_with_extra_by_context', 'dataset_with_extra_from_classic_operator', 'dataset_with_extra_by_yield' retrieved from /home/airflow/.local/lib/python3.12/site-packages/airflow/example_dags/example_outlet_event_extra.py
[2026-04-10T09:48:56.118+0900] {logging_mixin.py:190} INFO - [2026-04-10T09:48:56.118+0900] {dag.py:3211} INFO - Sync 3 DAGs
[2026-04-10T09:48:56.137+0900] {logging_mixin.py:190} INFO - [2026-04-10T09:48:56.137+0900] {dag.py:4138} INFO - Setting next_dagrun for dataset_with_extra_by_context to 2026-04-09 00:00:00+00:00, run_after=2026-04-10 00:00:00+00:00
[2026-04-10T09:48:56.142+0900] {logging_mixin.py:190} INFO - [2026-04-10T09:48:56.141+0900] {dag.py:4138} INFO - Setting next_dagrun for dataset_with_extra_by_yield to 2026-04-09 00:00:00+00:00, run_after=2026-04-10 00:00:00+00:00
[2026-04-10T09:48:56.144+0900] {logging_mixin.py:190} INFO - [2026-04-10T09:48:56.144+0900] {dag.py:4138} INFO - Setting next_dagrun for dataset_with_extra_from_classic_operator to 2026-04-09 00:00:00+00:00, run_after=2026-04-10 00:00:00+00:00
[2026-04-10T09:48:56.161+0900] {processor.py:208} INFO - Processing /home/airflow/.local/lib/python3.12/site-packages/airflow/example_dags/example_outlet_event_extra.py took 0.175 seconds
[2026-04-10T09:49:26.305+0900] {processor.py:186} INFO - Started process (PID=151539) to work on /home/airflow/.local/lib/python3.12/site-packages/airflow/example_dags/example_outlet_event_extra.py
[2026-04-10T09:49:26.306+0900] {processor.py:914} INFO - Processing file /home/airflow/.local/lib/python3.12/site-packages/airflow/example_dags/example_outlet_event_extra.py for tasks to queue
[2026-04-10T09:49:26.308+0900] {logging_mixin.py:190} INFO - [2026-04-10T09:49:26.307+0900] {dagbag.py:587} INFO - Filling up the DagBag from /home/airflow/.local/lib/python3.12/site-packages/airflow/example_dags/example_outlet_event_extra.py
[2026-04-10T09:49:26.567+0900] {processor.py:925} INFO - DAG(s) 'dataset_with_extra_by_yield', 'dataset_with_extra_from_classic_operator', 'dataset_with_extra_by_context' retrieved from /home/airflow/.local/lib/python3.12/site-packages/airflow/example_dags/example_outlet_event_extra.py
[2026-04-10T09:49:26.585+0900] {logging_mixin.py:190} INFO - [2026-04-10T09:49:26.585+0900] {dag.py:3211} INFO - Sync 3 DAGs
[2026-04-10T09:49:26.603+0900] {logging_mixin.py:190} INFO - [2026-04-10T09:49:26.603+0900] {dag.py:4138} INFO - Setting next_dagrun for dataset_with_extra_by_context to 2026-04-09 00:00:00+00:00, run_after=2026-04-10 00:00:00+00:00
[2026-04-10T09:49:26.607+0900] {logging_mixin.py:190} INFO - [2026-04-10T09:49:26.606+0900] {dag.py:4138} INFO - Setting next_dagrun for dataset_with_extra_by_yield to 2026-04-09 00:00:00+00:00, run_after=2026-04-10 00:00:00+00:00
[2026-04-10T09:49:26.608+0900] {logging_mixin.py:190} INFO - [2026-04-10T09:49:26.608+0900] {dag.py:4138} INFO - Setting next_dagrun for dataset_with_extra_from_classic_operator to 2026-04-09 00:00:00+00:00, run_after=2026-04-10 00:00:00+00:00
[2026-04-10T09:49:26.629+0900] {processor.py:208} INFO - Processing /home/airflow/.local/lib/python3.12/site-packages/airflow/example_dags/example_outlet_event_extra.py took 0.329 seconds
[2026-04-10T09:49:56.900+0900] {processor.py:186} INFO - Started process (PID=151602) to work on /home/airflow/.local/lib/python3.12/site-packages/airflow/example_dags/example_outlet_event_extra.py
[2026-04-10T09:49:56.901+0900] {processor.py:914} INFO - Processing file /home/airflow/.local/lib/python3.12/site-packages/airflow/example_dags/example_outlet_event_extra.py for tasks to queue
[2026-04-10T09:49:56.903+0900] {logging_mixin.py:190} INFO - [2026-04-10T09:49:56.903+0900] {dagbag.py:587} INFO - Filling up the DagBag from /home/airflow/.local/lib/python3.12/site-packages/airflow/example_dags/example_outlet_event_extra.py
[2026-04-10T09:49:56.994+0900] {processor.py:925} INFO - DAG(s) 'dataset_with_extra_from_classic_operator', 'dataset_with_extra_by_yield', 'dataset_with_extra_by_context' retrieved from /home/airflow/.local/lib/python3.12/site-packages/airflow/example_dags/example_outlet_event_extra.py
[2026-04-10T09:49:57.153+0900] {logging_mixin.py:190} INFO - [2026-04-10T09:49:57.153+0900] {dag.py:3211} INFO - Sync 3 DAGs
[2026-04-10T09:49:57.167+0900] {logging_mixin.py:190} INFO - [2026-04-10T09:49:57.167+0900] {dag.py:4138} INFO - Setting next_dagrun for dataset_with_extra_by_context to 2026-04-09 00:00:00+00:00, run_after=2026-04-10 00:00:00+00:00
[2026-04-10T09:49:57.170+0900] {logging_mixin.py:190} INFO - [2026-04-10T09:49:57.170+0900] {dag.py:4138} INFO - Setting next_dagrun for dataset_with_extra_by_yield to 2026-04-09 00:00:00+00:00, run_after=2026-04-10 00:00:00+00:00
[2026-04-10T09:49:57.172+0900] {logging_mixin.py:190} INFO - [2026-04-10T09:49:57.172+0900] {dag.py:4138} INFO - Setting next_dagrun for dataset_with_extra_from_classic_operator to 2026-04-09 00:00:00+00:00, run_after=2026-04-10 00:00:00+00:00
[2026-04-10T09:49:57.185+0900] {processor.py:208} INFO - Processing /home/airflow/.local/lib/python3.12/site-packages/airflow/example_dags/example_outlet_event_extra.py took 0.290 seconds
[2026-04-10T09:50:27.501+0900] {processor.py:186} INFO - Started process (PID=151665) to work on /home/airflow/.local/lib/python3.12/site-packages/airflow/example_dags/example_outlet_event_extra.py
[2026-04-10T09:50:27.502+0900] {processor.py:914} INFO - Processing file /home/airflow/.local/lib/python3.12/site-packages/airflow/example_dags/example_outlet_event_extra.py for tasks to queue
[2026-04-10T09:50:27.504+0900] {logging_mixin.py:190} INFO - [2026-04-10T09:50:27.504+0900] {dagbag.py:587} INFO - Filling up the DagBag from /home/airflow/.local/lib/python3.12/site-packages/airflow/example_dags/example_outlet_event_extra.py
[2026-04-10T09:50:27.590+0900] {processor.py:925} INFO - DAG(s) 'dataset_with_extra_by_yield', 'dataset_with_extra_by_context', 'dataset_with_extra_from_classic_operator' retrieved from /home/airflow/.local/lib/python3.12/site-packages/airflow/example_dags/example_outlet_event_extra.py
[2026-04-10T09:50:27.727+0900] {logging_mixin.py:190} INFO - [2026-04-10T09:50:27.727+0900] {dag.py:3211} INFO - Sync 3 DAGs
[2026-04-10T09:50:27.741+0900] {logging_mixin.py:190} INFO - [2026-04-10T09:50:27.741+0900] {dag.py:4138} INFO - Setting next_dagrun for dataset_with_extra_by_context to 2026-04-09 00:00:00+00:00, run_after=2026-04-10 00:00:00+00:00
[2026-04-10T09:50:27.744+0900] {logging_mixin.py:190} INFO - [2026-04-10T09:50:27.744+0900] {dag.py:4138} INFO - Setting next_dagrun for dataset_with_extra_by_yield to 2026-04-09 00:00:00+00:00, run_after=2026-04-10 00:00:00+00:00
[2026-04-10T09:50:27.746+0900] {logging_mixin.py:190} INFO - [2026-04-10T09:50:27.746+0900] {dag.py:4138} INFO - Setting next_dagrun for dataset_with_extra_from_classic_operator to 2026-04-09 00:00:00+00:00, run_after=2026-04-10 00:00:00+00:00
[2026-04-10T09:50:27.764+0900] {processor.py:208} INFO - Processing /home/airflow/.local/lib/python3.12/site-packages/airflow/example_dags/example_outlet_event_extra.py took 0.267 seconds
[2026-04-10T09:50:57.997+0900] {processor.py:186} INFO - Started process (PID=151728) to work on /home/airflow/.local/lib/python3.12/site-packages/airflow/example_dags/example_outlet_event_extra.py
[2026-04-10T09:50:57.998+0900] {processor.py:914} INFO - Processing file /home/airflow/.local/lib/python3.12/site-packages/airflow/example_dags/example_outlet_event_extra.py for tasks to queue
[2026-04-10T09:50:58.001+0900] {logging_mixin.py:190} INFO - [2026-04-10T09:50:58.000+0900] {dagbag.py:587} INFO - Filling up the DagBag from /home/airflow/.local/lib/python3.12/site-packages/airflow/example_dags/example_outlet_event_extra.py
[2026-04-10T09:50:58.090+0900] {processor.py:925} INFO - DAG(s) 'dataset_with_extra_by_yield', 'dataset_with_extra_by_context', 'dataset_with_extra_from_classic_operator' retrieved from /home/airflow/.local/lib/python3.12/site-packages/airflow/example_dags/example_outlet_event_extra.py
[2026-04-10T09:50:58.110+0900] {logging_mixin.py:190} INFO - [2026-04-10T09:50:58.110+0900] {dag.py:3211} INFO - Sync 3 DAGs
[2026-04-10T09:50:58.242+0900] {logging_mixin.py:190} INFO - [2026-04-10T09:50:58.242+0900] {dag.py:4138} INFO - Setting next_dagrun for dataset_with_extra_by_context to 2026-04-09 00:00:00+00:00, run_after=2026-04-10 00:00:00+00:00
[2026-04-10T09:50:58.246+0900] {logging_mixin.py:190} INFO - [2026-04-10T09:50:58.246+0900] {dag.py:4138} INFO - Setting next_dagrun for dataset_with_extra_by_yield to 2026-04-09 00:00:00+00:00, run_after=2026-04-10 00:00:00+00:00
[2026-04-10T09:50:58.248+0900] {logging_mixin.py:190} INFO - [2026-04-10T09:50:58.247+0900] {dag.py:4138} INFO - Setting next_dagrun for dataset_with_extra_from_classic_operator to 2026-04-09 00:00:00+00:00, run_after=2026-04-10 00:00:00+00:00
[2026-04-10T09:50:58.261+0900] {processor.py:208} INFO - Processing /home/airflow/.local/lib/python3.12/site-packages/airflow/example_dags/example_outlet_event_extra.py took 0.268 seconds
[2026-04-10T09:51:28.789+0900] {processor.py:186} INFO - Started process (PID=151791) to work on /home/airflow/.local/lib/python3.12/site-packages/airflow/example_dags/example_outlet_event_extra.py
[2026-04-10T09:51:28.790+0900] {processor.py:914} INFO - Processing file /home/airflow/.local/lib/python3.12/site-packages/airflow/example_dags/example_outlet_event_extra.py for tasks to queue
[2026-04-10T09:51:28.792+0900] {logging_mixin.py:190} INFO - [2026-04-10T09:51:28.792+0900] {dagbag.py:587} INFO - Filling up the DagBag from /home/airflow/.local/lib/python3.12/site-packages/airflow/example_dags/example_outlet_event_extra.py
[2026-04-10T09:51:28.904+0900] {processor.py:925} INFO - DAG(s) 'dataset_with_extra_from_classic_operator', 'dataset_with_extra_by_context', 'dataset_with_extra_by_yield' retrieved from /home/airflow/.local/lib/python3.12/site-packages/airflow/example_dags/example_outlet_event_extra.py
[2026-04-10T09:51:28.934+0900] {logging_mixin.py:190} INFO - [2026-04-10T09:51:28.934+0900] {dag.py:3211} INFO - Sync 3 DAGs
[2026-04-10T09:51:29.073+0900] {logging_mixin.py:190} INFO - [2026-04-10T09:51:29.073+0900] {dag.py:4138} INFO - Setting next_dagrun for dataset_with_extra_by_context to 2026-04-09 00:00:00+00:00, run_after=2026-04-10 00:00:00+00:00
[2026-04-10T09:51:29.076+0900] {logging_mixin.py:190} INFO - [2026-04-10T09:51:29.076+0900] {dag.py:4138} INFO - Setting next_dagrun for dataset_with_extra_by_yield to 2026-04-09 00:00:00+00:00, run_after=2026-04-10 00:00:00+00:00
[2026-04-10T09:51:29.078+0900] {logging_mixin.py:190} INFO - [2026-04-10T09:51:29.078+0900] {dag.py:4138} INFO - Setting next_dagrun for dataset_with_extra_from_classic_operator to 2026-04-09 00:00:00+00:00, run_after=2026-04-10 00:00:00+00:00
[2026-04-10T09:51:29.091+0900] {processor.py:208} INFO - Processing /home/airflow/.local/lib/python3.12/site-packages/airflow/example_dags/example_outlet_event_extra.py took 0.307 seconds
[2026-04-10T09:51:59.587+0900] {processor.py:186} INFO - Started process (PID=151857) to work on /home/airflow/.local/lib/python3.12/site-packages/airflow/example_dags/example_outlet_event_extra.py
[2026-04-10T09:51:59.587+0900] {processor.py:914} INFO - Processing file /home/airflow/.local/lib/python3.12/site-packages/airflow/example_dags/example_outlet_event_extra.py for tasks to queue
[2026-04-10T09:51:59.589+0900] {logging_mixin.py:190} INFO - [2026-04-10T09:51:59.589+0900] {dagbag.py:587} INFO - Filling up the DagBag from /home/airflow/.local/lib/python3.12/site-packages/airflow/example_dags/example_outlet_event_extra.py
[2026-04-10T09:51:59.809+0900] {processor.py:925} INFO - DAG(s) 'dataset_with_extra_from_classic_operator', 'dataset_with_extra_by_yield', 'dataset_with_extra_by_context' retrieved from /home/airflow/.local/lib/python3.12/site-packages/airflow/example_dags/example_outlet_event_extra.py
[2026-04-10T09:51:59.827+0900] {logging_mixin.py:190} INFO - [2026-04-10T09:51:59.827+0900] {dag.py:3211} INFO - Sync 3 DAGs
[2026-04-10T09:51:59.844+0900] {logging_mixin.py:190} INFO - [2026-04-10T09:51:59.844+0900] {dag.py:4138} INFO - Setting next_dagrun for dataset_with_extra_by_context to 2026-04-09 00:00:00+00:00, run_after=2026-04-10 00:00:00+00:00
[2026-04-10T09:51:59.848+0900] {logging_mixin.py:190} INFO - [2026-04-10T09:51:59.848+0900] {dag.py:4138} INFO - Setting next_dagrun for dataset_with_extra_by_yield to 2026-04-09 00:00:00+00:00, run_after=2026-04-10 00:00:00+00:00
[2026-04-10T09:51:59.850+0900] {logging_mixin.py:190} INFO - [2026-04-10T09:51:59.850+0900] {dag.py:4138} INFO - Setting next_dagrun for dataset_with_extra_from_classic_operator to 2026-04-09 00:00:00+00:00, run_after=2026-04-10 00:00:00+00:00
[2026-04-10T09:51:59.863+0900] {processor.py:208} INFO - Processing /home/airflow/.local/lib/python3.12/site-packages/airflow/example_dags/example_outlet_event_extra.py took 0.281 seconds
[2026-04-10T09:52:30.978+0900] {processor.py:186} INFO - Started process (PID=151925) to work on /home/airflow/.local/lib/python3.12/site-packages/airflow/example_dags/example_outlet_event_extra.py
[2026-04-10T09:52:30.979+0900] {processor.py:914} INFO - Processing file /home/airflow/.local/lib/python3.12/site-packages/airflow/example_dags/example_outlet_event_extra.py for tasks to queue
[2026-04-10T09:52:30.981+0900] {logging_mixin.py:190} INFO - [2026-04-10T09:52:30.981+0900] {dagbag.py:587} INFO - Filling up the DagBag from /home/airflow/.local/lib/python3.12/site-packages/airflow/example_dags/example_outlet_event_extra.py
[2026-04-10T09:52:31.223+0900] {processor.py:925} INFO - DAG(s) 'dataset_with_extra_from_classic_operator', 'dataset_with_extra_by_context', 'dataset_with_extra_by_yield' retrieved from /home/airflow/.local/lib/python3.12/site-packages/airflow/example_dags/example_outlet_event_extra.py
[2026-04-10T09:52:31.238+0900] {logging_mixin.py:190} INFO - [2026-04-10T09:52:31.238+0900] {dag.py:3211} INFO - Sync 3 DAGs
[2026-04-10T09:52:31.255+0900] {logging_mixin.py:190} INFO - [2026-04-10T09:52:31.255+0900] {dag.py:4138} INFO - Setting next_dagrun for dataset_with_extra_by_context to 2026-04-09 00:00:00+00:00, run_after=2026-04-10 00:00:00+00:00
[2026-04-10T09:52:31.258+0900] {logging_mixin.py:190} INFO - [2026-04-10T09:52:31.258+0900] {dag.py:4138} INFO - Setting next_dagrun for dataset_with_extra_by_yield to 2026-04-09 00:00:00+00:00, run_after=2026-04-10 00:00:00+00:00
[2026-04-10T09:52:31.260+0900] {logging_mixin.py:190} INFO - [2026-04-10T09:52:31.259+0900] {dag.py:4138} INFO - Setting next_dagrun for dataset_with_extra_from_classic_operator to 2026-04-09 00:00:00+00:00, run_after=2026-04-10 00:00:00+00:00
[2026-04-10T09:52:31.273+0900] {processor.py:208} INFO - Processing /home/airflow/.local/lib/python3.12/site-packages/airflow/example_dags/example_outlet_event_extra.py took 0.300 seconds
[2026-04-10T09:53:01.470+0900] {processor.py:186} INFO - Started process (PID=151990) to work on /home/airflow/.local/lib/python3.12/site-packages/airflow/example_dags/example_outlet_event_extra.py
[2026-04-10T09:53:01.471+0900] {processor.py:914} INFO - Processing file /home/airflow/.local/lib/python3.12/site-packages/airflow/example_dags/example_outlet_event_extra.py for tasks to queue
[2026-04-10T09:53:01.473+0900] {logging_mixin.py:190} INFO - [2026-04-10T09:53:01.473+0900] {dagbag.py:587} INFO - Filling up the DagBag from /home/airflow/.local/lib/python3.12/site-packages/airflow/example_dags/example_outlet_event_extra.py
[2026-04-10T09:53:01.688+0900] {processor.py:925} INFO - DAG(s) 'dataset_with_extra_by_yield', 'dataset_with_extra_by_context', 'dataset_with_extra_from_classic_operator' retrieved from /home/airflow/.local/lib/python3.12/site-packages/airflow/example_dags/example_outlet_event_extra.py
[2026-04-10T09:53:01.704+0900] {logging_mixin.py:190} INFO - [2026-04-10T09:53:01.703+0900] {dag.py:3211} INFO - Sync 3 DAGs
[2026-04-10T09:53:01.719+0900] {logging_mixin.py:190} INFO - [2026-04-10T09:53:01.719+0900] {dag.py:4138} INFO - Setting next_dagrun for dataset_with_extra_by_context to 2026-04-09 00:00:00+00:00, run_after=2026-04-10 00:00:00+00:00
[2026-04-10T09:53:01.722+0900] {logging_mixin.py:190} INFO - [2026-04-10T09:53:01.722+0900] {dag.py:4138} INFO - Setting next_dagrun for dataset_with_extra_by_yield to 2026-04-09 00:00:00+00:00, run_after=2026-04-10 00:00:00+00:00
[2026-04-10T09:53:01.724+0900] {logging_mixin.py:190} INFO - [2026-04-10T09:53:01.724+0900] {dag.py:4138} INFO - Setting next_dagrun for dataset_with_extra_from_classic_operator to 2026-04-09 00:00:00+00:00, run_after=2026-04-10 00:00:00+00:00
[2026-04-10T09:53:01.737+0900] {processor.py:208} INFO - Processing /home/airflow/.local/lib/python3.12/site-packages/airflow/example_dags/example_outlet_event_extra.py took 0.271 seconds
[2026-04-10T09:53:32.755+0900] {processor.py:186} INFO - Started process (PID=152055) to work on /home/airflow/.local/lib/python3.12/site-packages/airflow/example_dags/example_outlet_event_extra.py
[2026-04-10T09:53:32.756+0900] {processor.py:914} INFO - Processing file /home/airflow/.local/lib/python3.12/site-packages/airflow/example_dags/example_outlet_event_extra.py for tasks to queue
[2026-04-10T09:53:32.759+0900] {logging_mixin.py:190} INFO - [2026-04-10T09:53:32.758+0900] {dagbag.py:587} INFO - Filling up the DagBag from /home/airflow/.local/lib/python3.12/site-packages/airflow/example_dags/example_outlet_event_extra.py
[2026-04-10T09:53:32.970+0900] {processor.py:925} INFO - DAG(s) 'dataset_with_extra_by_context', 'dataset_with_extra_from_classic_operator', 'dataset_with_extra_by_yield' retrieved from /home/airflow/.local/lib/python3.12/site-packages/airflow/example_dags/example_outlet_event_extra.py
[2026-04-10T09:53:32.987+0900] {logging_mixin.py:190} INFO - [2026-04-10T09:53:32.986+0900] {dag.py:3211} INFO - Sync 3 DAGs
[2026-04-10T09:53:33.002+0900] {logging_mixin.py:190} INFO - [2026-04-10T09:53:33.002+0900] {dag.py:4138} INFO - Setting next_dagrun for dataset_with_extra_by_context to 2026-04-09 00:00:00+00:00, run_after=2026-04-10 00:00:00+00:00
[2026-04-10T09:53:33.005+0900] {logging_mixin.py:190} INFO - [2026-04-10T09:53:33.005+0900] {dag.py:4138} INFO - Setting next_dagrun for dataset_with_extra_by_yield to 2026-04-09 00:00:00+00:00, run_after=2026-04-10 00:00:00+00:00
[2026-04-10T09:53:33.007+0900] {logging_mixin.py:190} INFO - [2026-04-10T09:53:33.007+0900] {dag.py:4138} INFO - Setting next_dagrun for dataset_with_extra_from_classic_operator to 2026-04-09 00:00:00+00:00, run_after=2026-04-10 00:00:00+00:00
[2026-04-10T09:53:33.026+0900] {processor.py:208} INFO - Processing /home/airflow/.local/lib/python3.12/site-packages/airflow/example_dags/example_outlet_event_extra.py took 0.275 seconds
[2026-04-10T09:54:04.078+0900] {processor.py:186} INFO - Started process (PID=152121) to work on /home/airflow/.local/lib/python3.12/site-packages/airflow/example_dags/example_outlet_event_extra.py
[2026-04-10T09:54:04.079+0900] {processor.py:914} INFO - Processing file /home/airflow/.local/lib/python3.12/site-packages/airflow/example_dags/example_outlet_event_extra.py for tasks to queue
[2026-04-10T09:54:04.081+0900] {logging_mixin.py:190} INFO - [2026-04-10T09:54:04.081+0900] {dagbag.py:587} INFO - Filling up the DagBag from /home/airflow/.local/lib/python3.12/site-packages/airflow/example_dags/example_outlet_event_extra.py
[2026-04-10T09:54:04.306+0900] {processor.py:925} INFO - DAG(s) 'dataset_with_extra_by_yield', 'dataset_with_extra_from_classic_operator', 'dataset_with_extra_by_context' retrieved from /home/airflow/.local/lib/python3.12/site-packages/airflow/example_dags/example_outlet_event_extra.py
[2026-04-10T09:54:04.324+0900] {logging_mixin.py:190} INFO - [2026-04-10T09:54:04.324+0900] {dag.py:3211} INFO - Sync 3 DAGs
[2026-04-10T09:54:04.341+0900] {logging_mixin.py:190} INFO - [2026-04-10T09:54:04.341+0900] {dag.py:4138} INFO - Setting next_dagrun for dataset_with_extra_by_context to 2026-04-09 00:00:00+00:00, run_after=2026-04-10 00:00:00+00:00
[2026-04-10T09:54:04.345+0900] {logging_mixin.py:190} INFO - [2026-04-10T09:54:04.344+0900] {dag.py:4138} INFO - Setting next_dagrun for dataset_with_extra_by_yield to 2026-04-09 00:00:00+00:00, run_after=2026-04-10 00:00:00+00:00
[2026-04-10T09:54:04.347+0900] {logging_mixin.py:190} INFO - [2026-04-10T09:54:04.346+0900] {dag.py:4138} INFO - Setting next_dagrun for dataset_with_extra_from_classic_operator to 2026-04-09 00:00:00+00:00, run_after=2026-04-10 00:00:00+00:00
[2026-04-10T09:54:04.366+0900] {processor.py:208} INFO - Processing /home/airflow/.local/lib/python3.12/site-packages/airflow/example_dags/example_outlet_event_extra.py took 0.293 seconds
[2026-04-10T09:54:35.290+0900] {processor.py:186} INFO - Started process (PID=152187) to work on /home/airflow/.local/lib/python3.12/site-packages/airflow/example_dags/example_outlet_event_extra.py
[2026-04-10T09:54:35.291+0900] {processor.py:914} INFO - Processing file /home/airflow/.local/lib/python3.12/site-packages/airflow/example_dags/example_outlet_event_extra.py for tasks to queue
[2026-04-10T09:54:35.293+0900] {logging_mixin.py:190} INFO - [2026-04-10T09:54:35.293+0900] {dagbag.py:587} INFO - Filling up the DagBag from /home/airflow/.local/lib/python3.12/site-packages/airflow/example_dags/example_outlet_event_extra.py
[2026-04-10T09:54:35.506+0900] {processor.py:925} INFO - DAG(s) 'dataset_with_extra_by_yield', 'dataset_with_extra_from_classic_operator', 'dataset_with_extra_by_context' retrieved from /home/airflow/.local/lib/python3.12/site-packages/airflow/example_dags/example_outlet_event_extra.py
[2026-04-10T09:54:35.522+0900] {logging_mixin.py:190} INFO - [2026-04-10T09:54:35.521+0900] {dag.py:3211} INFO - Sync 3 DAGs
[2026-04-10T09:54:35.536+0900] {logging_mixin.py:190} INFO - [2026-04-10T09:54:35.536+0900] {dag.py:4138} INFO - Setting next_dagrun for dataset_with_extra_by_context to 2026-04-09 00:00:00+00:00, run_after=2026-04-10 00:00:00+00:00
[2026-04-10T09:54:35.539+0900] {logging_mixin.py:190} INFO - [2026-04-10T09:54:35.539+0900] {dag.py:4138} INFO - Setting next_dagrun for dataset_with_extra_by_yield to 2026-04-09 00:00:00+00:00, run_after=2026-04-10 00:00:00+00:00
[2026-04-10T09:54:35.541+0900] {logging_mixin.py:190} INFO - [2026-04-10T09:54:35.540+0900] {dag.py:4138} INFO - Setting next_dagrun for dataset_with_extra_from_classic_operator to 2026-04-09 00:00:00+00:00, run_after=2026-04-10 00:00:00+00:00
[2026-04-10T09:54:35.557+0900] {processor.py:208} INFO - Processing /home/airflow/.local/lib/python3.12/site-packages/airflow/example_dags/example_outlet_event_extra.py took 0.273 seconds
[2026-04-10T09:55:05.798+0900] {processor.py:186} INFO - Started process (PID=152250) to work on /home/airflow/.local/lib/python3.12/site-packages/airflow/example_dags/example_outlet_event_extra.py
[2026-04-10T09:55:05.799+0900] {processor.py:914} INFO - Processing file /home/airflow/.local/lib/python3.12/site-packages/airflow/example_dags/example_outlet_event_extra.py for tasks to queue
[2026-04-10T09:55:05.801+0900] {logging_mixin.py:190} INFO - [2026-04-10T09:55:05.801+0900] {dagbag.py:587} INFO - Filling up the DagBag from /home/airflow/.local/lib/python3.12/site-packages/airflow/example_dags/example_outlet_event_extra.py
[2026-04-10T09:55:06.026+0900] {processor.py:925} INFO - DAG(s) 'dataset_with_extra_from_classic_operator', 'dataset_with_extra_by_context', 'dataset_with_extra_by_yield' retrieved from /home/airflow/.local/lib/python3.12/site-packages/airflow/example_dags/example_outlet_event_extra.py
[2026-04-10T09:55:06.043+0900] {logging_mixin.py:190} INFO - [2026-04-10T09:55:06.042+0900] {dag.py:3211} INFO - Sync 3 DAGs
[2026-04-10T09:55:06.058+0900] {logging_mixin.py:190} INFO - [2026-04-10T09:55:06.058+0900] {dag.py:4138} INFO - Setting next_dagrun for dataset_with_extra_by_context to 2026-04-09 00:00:00+00:00, run_after=2026-04-10 00:00:00+00:00
[2026-04-10T09:55:06.062+0900] {logging_mixin.py:190} INFO - [2026-04-10T09:55:06.062+0900] {dag.py:4138} INFO - Setting next_dagrun for dataset_with_extra_by_yield to 2026-04-09 00:00:00+00:00, run_after=2026-04-10 00:00:00+00:00
[2026-04-10T09:55:06.063+0900] {logging_mixin.py:190} INFO - [2026-04-10T09:55:06.063+0900] {dag.py:4138} INFO - Setting next_dagrun for dataset_with_extra_from_classic_operator to 2026-04-09 00:00:00+00:00, run_after=2026-04-10 00:00:00+00:00
[2026-04-10T09:55:06.078+0900] {processor.py:208} INFO - Processing /home/airflow/.local/lib/python3.12/site-packages/airflow/example_dags/example_outlet_event_extra.py took 0.285 seconds
[2026-04-10T09:55:36.986+0900] {processor.py:186} INFO - Started process (PID=152313) to work on /home/airflow/.local/lib/python3.12/site-packages/airflow/example_dags/example_outlet_event_extra.py
[2026-04-10T09:55:36.987+0900] {processor.py:914} INFO - Processing file /home/airflow/.local/lib/python3.12/site-packages/airflow/example_dags/example_outlet_event_extra.py for tasks to queue
[2026-04-10T09:55:36.990+0900] {logging_mixin.py:190} INFO - [2026-04-10T09:55:36.990+0900] {dagbag.py:587} INFO - Filling up the DagBag from /home/airflow/.local/lib/python3.12/site-packages/airflow/example_dags/example_outlet_event_extra.py
[2026-04-10T09:55:37.261+0900] {processor.py:925} INFO - DAG(s) 'dataset_with_extra_from_classic_operator', 'dataset_with_extra_by_context', 'dataset_with_extra_by_yield' retrieved from /home/airflow/.local/lib/python3.12/site-packages/airflow/example_dags/example_outlet_event_extra.py
[2026-04-10T09:55:37.279+0900] {logging_mixin.py:190} INFO - [2026-04-10T09:55:37.279+0900] {dag.py:3211} INFO - Sync 3 DAGs
[2026-04-10T09:55:37.296+0900] {logging_mixin.py:190} INFO - [2026-04-10T09:55:37.296+0900] {dag.py:4138} INFO - Setting next_dagrun for dataset_with_extra_by_context to 2026-04-09 00:00:00+00:00, run_after=2026-04-10 00:00:00+00:00
[2026-04-10T09:55:37.300+0900] {logging_mixin.py:190} INFO - [2026-04-10T09:55:37.300+0900] {dag.py:4138} INFO - Setting next_dagrun for dataset_with_extra_by_yield to 2026-04-09 00:00:00+00:00, run_after=2026-04-10 00:00:00+00:00
[2026-04-10T09:55:37.302+0900] {logging_mixin.py:190} INFO - [2026-04-10T09:55:37.302+0900] {dag.py:4138} INFO - Setting next_dagrun for dataset_with_extra_from_classic_operator to 2026-04-09 00:00:00+00:00, run_after=2026-04-10 00:00:00+00:00
[2026-04-10T09:55:37.320+0900] {processor.py:208} INFO - Processing /home/airflow/.local/lib/python3.12/site-packages/airflow/example_dags/example_outlet_event_extra.py took 0.340 seconds
[2026-04-10T09:56:07.595+0900] {processor.py:186} INFO - Started process (PID=152385) to work on /home/airflow/.local/lib/python3.12/site-packages/airflow/example_dags/example_outlet_event_extra.py
[2026-04-10T09:56:07.597+0900] {processor.py:914} INFO - Processing file /home/airflow/.local/lib/python3.12/site-packages/airflow/example_dags/example_outlet_event_extra.py for tasks to queue
[2026-04-10T09:56:07.599+0900] {logging_mixin.py:190} INFO - [2026-04-10T09:56:07.599+0900] {dagbag.py:587} INFO - Filling up the DagBag from /home/airflow/.local/lib/python3.12/site-packages/airflow/example_dags/example_outlet_event_extra.py
[2026-04-10T09:56:07.821+0900] {processor.py:925} INFO - DAG(s) 'dataset_with_extra_from_classic_operator', 'dataset_with_extra_by_yield', 'dataset_with_extra_by_context' retrieved from /home/airflow/.local/lib/python3.12/site-packages/airflow/example_dags/example_outlet_event_extra.py
[2026-04-10T09:56:07.837+0900] {logging_mixin.py:190} INFO - [2026-04-10T09:56:07.837+0900] {dag.py:3211} INFO - Sync 3 DAGs
[2026-04-10T09:56:07.852+0900] {logging_mixin.py:190} INFO - [2026-04-10T09:56:07.852+0900] {dag.py:4138} INFO - Setting next_dagrun for dataset_with_extra_by_context to 2026-04-09 00:00:00+00:00, run_after=2026-04-10 00:00:00+00:00
[2026-04-10T09:56:07.856+0900] {logging_mixin.py:190} INFO - [2026-04-10T09:56:07.856+0900] {dag.py:4138} INFO - Setting next_dagrun for dataset_with_extra_by_yield to 2026-04-09 00:00:00+00:00, run_after=2026-04-10 00:00:00+00:00
[2026-04-10T09:56:07.858+0900] {logging_mixin.py:190} INFO - [2026-04-10T09:56:07.858+0900] {dag.py:4138} INFO - Setting next_dagrun for dataset_with_extra_from_classic_operator to 2026-04-09 00:00:00+00:00, run_after=2026-04-10 00:00:00+00:00
[2026-04-10T09:56:07.872+0900] {processor.py:208} INFO - Processing /home/airflow/.local/lib/python3.12/site-packages/airflow/example_dags/example_outlet_event_extra.py took 0.281 seconds
[2026-04-10T09:56:38.189+0900] {processor.py:186} INFO - Started process (PID=152447) to work on /home/airflow/.local/lib/python3.12/site-packages/airflow/example_dags/example_outlet_event_extra.py
[2026-04-10T09:56:38.190+0900] {processor.py:914} INFO - Processing file /home/airflow/.local/lib/python3.12/site-packages/airflow/example_dags/example_outlet_event_extra.py for tasks to queue
[2026-04-10T09:56:38.192+0900] {logging_mixin.py:190} INFO - [2026-04-10T09:56:38.191+0900] {dagbag.py:587} INFO - Filling up the DagBag from /home/airflow/.local/lib/python3.12/site-packages/airflow/example_dags/example_outlet_event_extra.py
[2026-04-10T09:56:38.403+0900] {processor.py:925} INFO - DAG(s) 'dataset_with_extra_by_context', 'dataset_with_extra_from_classic_operator', 'dataset_with_extra_by_yield' retrieved from /home/airflow/.local/lib/python3.12/site-packages/airflow/example_dags/example_outlet_event_extra.py
[2026-04-10T09:56:38.418+0900] {logging_mixin.py:190} INFO - [2026-04-10T09:56:38.418+0900] {dag.py:3211} INFO - Sync 3 DAGs
[2026-04-10T09:56:38.433+0900] {logging_mixin.py:190} INFO - [2026-04-10T09:56:38.432+0900] {dag.py:4138} INFO - Setting next_dagrun for dataset_with_extra_by_context to 2026-04-09 00:00:00+00:00, run_after=2026-04-10 00:00:00+00:00
[2026-04-10T09:56:38.436+0900] {logging_mixin.py:190} INFO - [2026-04-10T09:56:38.435+0900] {dag.py:4138} INFO - Setting next_dagrun for dataset_with_extra_by_yield to 2026-04-09 00:00:00+00:00, run_after=2026-04-10 00:00:00+00:00
[2026-04-10T09:56:38.437+0900] {logging_mixin.py:190} INFO - [2026-04-10T09:56:38.437+0900] {dag.py:4138} INFO - Setting next_dagrun for dataset_with_extra_from_classic_operator to 2026-04-09 00:00:00+00:00, run_after=2026-04-10 00:00:00+00:00
[2026-04-10T09:56:38.449+0900] {processor.py:208} INFO - Processing /home/airflow/.local/lib/python3.12/site-packages/airflow/example_dags/example_outlet_event_extra.py took 0.265 seconds
[2026-04-10T09:57:08.813+0900] {processor.py:186} INFO - Started process (PID=152510) to work on /home/airflow/.local/lib/python3.12/site-packages/airflow/example_dags/example_outlet_event_extra.py
[2026-04-10T09:57:08.814+0900] {processor.py:914} INFO - Processing file /home/airflow/.local/lib/python3.12/site-packages/airflow/example_dags/example_outlet_event_extra.py for tasks to queue
[2026-04-10T09:57:08.817+0900] {logging_mixin.py:190} INFO - [2026-04-10T09:57:08.816+0900] {dagbag.py:587} INFO - Filling up the DagBag from /home/airflow/.local/lib/python3.12/site-packages/airflow/example_dags/example_outlet_event_extra.py
[2026-04-10T09:57:09.027+0900] {processor.py:925} INFO - DAG(s) 'dataset_with_extra_from_classic_operator', 'dataset_with_extra_by_yield', 'dataset_with_extra_by_context' retrieved from /home/airflow/.local/lib/python3.12/site-packages/airflow/example_dags/example_outlet_event_extra.py
[2026-04-10T09:57:09.041+0900] {logging_mixin.py:190} INFO - [2026-04-10T09:57:09.041+0900] {dag.py:3211} INFO - Sync 3 DAGs
[2026-04-10T09:57:09.055+0900] {logging_mixin.py:190} INFO - [2026-04-10T09:57:09.055+0900] {dag.py:4138} INFO - Setting next_dagrun for dataset_with_extra_by_context to 2026-04-09 00:00:00+00:00, run_after=2026-04-10 00:00:00+00:00
[2026-04-10T09:57:09.058+0900] {logging_mixin.py:190} INFO - [2026-04-10T09:57:09.058+0900] {dag.py:4138} INFO - Setting next_dagrun for dataset_with_extra_by_yield to 2026-04-09 00:00:00+00:00, run_after=2026-04-10 00:00:00+00:00
[2026-04-10T09:57:09.060+0900] {logging_mixin.py:190} INFO - [2026-04-10T09:57:09.060+0900] {dag.py:4138} INFO - Setting next_dagrun for dataset_with_extra_from_classic_operator to 2026-04-09 00:00:00+00:00, run_after=2026-04-10 00:00:00+00:00
[2026-04-10T09:57:09.072+0900] {processor.py:208} INFO - Processing /home/airflow/.local/lib/python3.12/site-packages/airflow/example_dags/example_outlet_event_extra.py took 0.264 seconds
[2026-04-10T09:57:39.525+0900] {processor.py:186} INFO - Started process (PID=152573) to work on /home/airflow/.local/lib/python3.12/site-packages/airflow/example_dags/example_outlet_event_extra.py
[2026-04-10T09:57:39.526+0900] {processor.py:914} INFO - Processing file /home/airflow/.local/lib/python3.12/site-packages/airflow/example_dags/example_outlet_event_extra.py for tasks to queue
[2026-04-10T09:57:39.529+0900] {logging_mixin.py:190} INFO - [2026-04-10T09:57:39.528+0900] {dagbag.py:587} INFO - Filling up the DagBag from /home/airflow/.local/lib/python3.12/site-packages/airflow/example_dags/example_outlet_event_extra.py
[2026-04-10T09:57:39.748+0900] {processor.py:925} INFO - DAG(s) 'dataset_with_extra_by_yield', 'dataset_with_extra_by_context', 'dataset_with_extra_from_classic_operator' retrieved from /home/airflow/.local/lib/python3.12/site-packages/airflow/example_dags/example_outlet_event_extra.py
[2026-04-10T09:57:39.766+0900] {logging_mixin.py:190} INFO - [2026-04-10T09:57:39.766+0900] {dag.py:3211} INFO - Sync 3 DAGs
[2026-04-10T09:57:39.781+0900] {logging_mixin.py:190} INFO - [2026-04-10T09:57:39.781+0900] {dag.py:4138} INFO - Setting next_dagrun for dataset_with_extra_by_context to 2026-04-09 00:00:00+00:00, run_after=2026-04-10 00:00:00+00:00
[2026-04-10T09:57:39.785+0900] {logging_mixin.py:190} INFO - [2026-04-10T09:57:39.785+0900] {dag.py:4138} INFO - Setting next_dagrun for dataset_with_extra_by_yield to 2026-04-09 00:00:00+00:00, run_after=2026-04-10 00:00:00+00:00
[2026-04-10T09:57:39.787+0900] {logging_mixin.py:190} INFO - [2026-04-10T09:57:39.787+0900] {dag.py:4138} INFO - Setting next_dagrun for dataset_with_extra_from_classic_operator to 2026-04-09 00:00:00+00:00, run_after=2026-04-10 00:00:00+00:00
[2026-04-10T09:57:39.802+0900] {processor.py:208} INFO - Processing /home/airflow/.local/lib/python3.12/site-packages/airflow/example_dags/example_outlet_event_extra.py took 0.282 seconds
[2026-04-10T09:58:09.848+0900] {processor.py:186} INFO - Started process (PID=152636) to work on /home/airflow/.local/lib/python3.12/site-packages/airflow/example_dags/example_outlet_event_extra.py
[2026-04-10T09:58:09.850+0900] {processor.py:914} INFO - Processing file /home/airflow/.local/lib/python3.12/site-packages/airflow/example_dags/example_outlet_event_extra.py for tasks to queue
[2026-04-10T09:58:09.852+0900] {logging_mixin.py:190} INFO - [2026-04-10T09:58:09.851+0900] {dagbag.py:587} INFO - Filling up the DagBag from /home/airflow/.local/lib/python3.12/site-packages/airflow/example_dags/example_outlet_event_extra.py
[2026-04-10T09:58:09.951+0900] {processor.py:925} INFO - DAG(s) 'dataset_with_extra_by_context', 'dataset_with_extra_by_yield', 'dataset_with_extra_from_classic_operator' retrieved from /home/airflow/.local/lib/python3.12/site-packages/airflow/example_dags/example_outlet_event_extra.py
[2026-04-10T09:58:09.974+0900] {logging_mixin.py:190} INFO - [2026-04-10T09:58:09.974+0900] {dag.py:3211} INFO - Sync 3 DAGs
[2026-04-10T09:58:09.991+0900] {logging_mixin.py:190} INFO - [2026-04-10T09:58:09.991+0900] {dag.py:4138} INFO - Setting next_dagrun for dataset_with_extra_by_context to 2026-04-09 00:00:00+00:00, run_after=2026-04-10 00:00:00+00:00
[2026-04-10T09:58:09.995+0900] {logging_mixin.py:190} INFO - [2026-04-10T09:58:09.995+0900] {dag.py:4138} INFO - Setting next_dagrun for dataset_with_extra_by_yield to 2026-04-09 00:00:00+00:00, run_after=2026-04-10 00:00:00+00:00
[2026-04-10T09:58:09.997+0900] {logging_mixin.py:190} INFO - [2026-04-10T09:58:09.997+0900] {dag.py:4138} INFO - Setting next_dagrun for dataset_with_extra_from_classic_operator to 2026-04-09 00:00:00+00:00, run_after=2026-04-10 00:00:00+00:00
[2026-04-10T09:58:10.013+0900] {processor.py:208} INFO - Processing /home/airflow/.local/lib/python3.12/site-packages/airflow/example_dags/example_outlet_event_extra.py took 0.169 seconds
[2026-04-10T09:58:40.892+0900] {processor.py:186} INFO - Started process (PID=152699) to work on /home/airflow/.local/lib/python3.12/site-packages/airflow/example_dags/example_outlet_event_extra.py
[2026-04-10T09:58:40.893+0900] {processor.py:914} INFO - Processing file /home/airflow/.local/lib/python3.12/site-packages/airflow/example_dags/example_outlet_event_extra.py for tasks to queue
[2026-04-10T09:58:40.895+0900] {logging_mixin.py:190} INFO - [2026-04-10T09:58:40.895+0900] {dagbag.py:587} INFO - Filling up the DagBag from /home/airflow/.local/lib/python3.12/site-packages/airflow/example_dags/example_outlet_event_extra.py
[2026-04-10T09:58:40.987+0900] {processor.py:925} INFO - DAG(s) 'dataset_with_extra_by_yield', 'dataset_with_extra_by_context', 'dataset_with_extra_from_classic_operator' retrieved from /home/airflow/.local/lib/python3.12/site-packages/airflow/example_dags/example_outlet_event_extra.py
[2026-04-10T09:58:41.004+0900] {logging_mixin.py:190} INFO - [2026-04-10T09:58:41.003+0900] {dag.py:3211} INFO - Sync 3 DAGs
[2026-04-10T09:58:41.020+0900] {logging_mixin.py:190} INFO - [2026-04-10T09:58:41.020+0900] {dag.py:4138} INFO - Setting next_dagrun for dataset_with_extra_by_context to 2026-04-09 00:00:00+00:00, run_after=2026-04-10 00:00:00+00:00
[2026-04-10T09:58:41.023+0900] {logging_mixin.py:190} INFO - [2026-04-10T09:58:41.023+0900] {dag.py:4138} INFO - Setting next_dagrun for dataset_with_extra_by_yield to 2026-04-09 00:00:00+00:00, run_after=2026-04-10 00:00:00+00:00
[2026-04-10T09:58:41.025+0900] {logging_mixin.py:190} INFO - [2026-04-10T09:58:41.025+0900] {dag.py:4138} INFO - Setting next_dagrun for dataset_with_extra_from_classic_operator to 2026-04-09 00:00:00+00:00, run_after=2026-04-10 00:00:00+00:00
[2026-04-10T09:58:41.039+0900] {processor.py:208} INFO - Processing /home/airflow/.local/lib/python3.12/site-packages/airflow/example_dags/example_outlet_event_extra.py took 0.152 seconds
[2026-04-10T09:59:11.587+0900] {processor.py:186} INFO - Started process (PID=152762) to work on /home/airflow/.local/lib/python3.12/site-packages/airflow/example_dags/example_outlet_event_extra.py
[2026-04-10T09:59:11.588+0900] {processor.py:914} INFO - Processing file /home/airflow/.local/lib/python3.12/site-packages/airflow/example_dags/example_outlet_event_extra.py for tasks to queue
[2026-04-10T09:59:11.591+0900] {logging_mixin.py:190} INFO - [2026-04-10T09:59:11.591+0900] {dagbag.py:587} INFO - Filling up the DagBag from /home/airflow/.local/lib/python3.12/site-packages/airflow/example_dags/example_outlet_event_extra.py
[2026-04-10T09:59:11.695+0900] {processor.py:925} INFO - DAG(s) 'dataset_with_extra_by_yield', 'dataset_with_extra_by_context', 'dataset_with_extra_from_classic_operator' retrieved from /home/airflow/.local/lib/python3.12/site-packages/airflow/example_dags/example_outlet_event_extra.py
[2026-04-10T09:59:11.715+0900] {logging_mixin.py:190} INFO - [2026-04-10T09:59:11.715+0900] {dag.py:3211} INFO - Sync 3 DAGs
[2026-04-10T09:59:11.736+0900] {logging_mixin.py:190} INFO - [2026-04-10T09:59:11.736+0900] {dag.py:4138} INFO - Setting next_dagrun for dataset_with_extra_by_context to 2026-04-09 00:00:00+00:00, run_after=2026-04-10 00:00:00+00:00
[2026-04-10T09:59:11.740+0900] {logging_mixin.py:190} INFO - [2026-04-10T09:59:11.740+0900] {dag.py:4138} INFO - Setting next_dagrun for dataset_with_extra_by_yield to 2026-04-09 00:00:00+00:00, run_after=2026-04-10 00:00:00+00:00
[2026-04-10T09:59:11.741+0900] {logging_mixin.py:190} INFO - [2026-04-10T09:59:11.741+0900] {dag.py:4138} INFO - Setting next_dagrun for dataset_with_extra_from_classic_operator to 2026-04-09 00:00:00+00:00, run_after=2026-04-10 00:00:00+00:00
[2026-04-10T09:59:11.758+0900] {processor.py:208} INFO - Processing /home/airflow/.local/lib/python3.12/site-packages/airflow/example_dags/example_outlet_event_extra.py took 0.176 seconds
[2026-04-10T09:59:42.339+0900] {processor.py:186} INFO - Started process (PID=152825) to work on /home/airflow/.local/lib/python3.12/site-packages/airflow/example_dags/example_outlet_event_extra.py
[2026-04-10T09:59:42.341+0900] {processor.py:914} INFO - Processing file /home/airflow/.local/lib/python3.12/site-packages/airflow/example_dags/example_outlet_event_extra.py for tasks to queue
[2026-04-10T09:59:42.344+0900] {logging_mixin.py:190} INFO - [2026-04-10T09:59:42.343+0900] {dagbag.py:587} INFO - Filling up the DagBag from /home/airflow/.local/lib/python3.12/site-packages/airflow/example_dags/example_outlet_event_extra.py
[2026-04-10T09:59:42.437+0900] {processor.py:925} INFO - DAG(s) 'dataset_with_extra_from_classic_operator', 'dataset_with_extra_by_yield', 'dataset_with_extra_by_context' retrieved from /home/airflow/.local/lib/python3.12/site-packages/airflow/example_dags/example_outlet_event_extra.py
[2026-04-10T09:59:42.456+0900] {logging_mixin.py:190} INFO - [2026-04-10T09:59:42.456+0900] {dag.py:3211} INFO - Sync 3 DAGs
[2026-04-10T09:59:42.477+0900] {logging_mixin.py:190} INFO - [2026-04-10T09:59:42.477+0900] {dag.py:4138} INFO - Setting next_dagrun for dataset_with_extra_by_context to 2026-04-09 00:00:00+00:00, run_after=2026-04-10 00:00:00+00:00
[2026-04-10T09:59:42.481+0900] {logging_mixin.py:190} INFO - [2026-04-10T09:59:42.481+0900] {dag.py:4138} INFO - Setting next_dagrun for dataset_with_extra_by_yield to 2026-04-09 00:00:00+00:00, run_after=2026-04-10 00:00:00+00:00
[2026-04-10T09:59:42.483+0900] {logging_mixin.py:190} INFO - [2026-04-10T09:59:42.483+0900] {dag.py:4138} INFO - Setting next_dagrun for dataset_with_extra_from_classic_operator to 2026-04-09 00:00:00+00:00, run_after=2026-04-10 00:00:00+00:00
[2026-04-10T09:59:42.497+0900] {processor.py:208} INFO - Processing /home/airflow/.local/lib/python3.12/site-packages/airflow/example_dags/example_outlet_event_extra.py took 0.163 seconds
[2026-04-10T10:00:13.349+0900] {processor.py:186} INFO - Started process (PID=152888) to work on /home/airflow/.local/lib/python3.12/site-packages/airflow/example_dags/example_outlet_event_extra.py
[2026-04-10T10:00:13.350+0900] {processor.py:914} INFO - Processing file /home/airflow/.local/lib/python3.12/site-packages/airflow/example_dags/example_outlet_event_extra.py for tasks to queue
[2026-04-10T10:00:13.352+0900] {logging_mixin.py:190} INFO - [2026-04-10T10:00:13.352+0900] {dagbag.py:587} INFO - Filling up the DagBag from /home/airflow/.local/lib/python3.12/site-packages/airflow/example_dags/example_outlet_event_extra.py
[2026-04-10T10:00:13.459+0900] {processor.py:925} INFO - DAG(s) 'dataset_with_extra_by_yield', 'dataset_with_extra_by_context', 'dataset_with_extra_from_classic_operator' retrieved from /home/airflow/.local/lib/python3.12/site-packages/airflow/example_dags/example_outlet_event_extra.py
[2026-04-10T10:00:13.482+0900] {logging_mixin.py:190} INFO - [2026-04-10T10:00:13.482+0900] {dag.py:3211} INFO - Sync 3 DAGs
[2026-04-10T10:00:13.502+0900] {logging_mixin.py:190} INFO - [2026-04-10T10:00:13.501+0900] {dag.py:4138} INFO - Setting next_dagrun for dataset_with_extra_by_context to 2026-04-09 00:00:00+00:00, run_after=2026-04-10 00:00:00+00:00
[2026-04-10T10:00:13.505+0900] {logging_mixin.py:190} INFO - [2026-04-10T10:00:13.505+0900] {dag.py:4138} INFO - Setting next_dagrun for dataset_with_extra_by_yield to 2026-04-09 00:00:00+00:00, run_after=2026-04-10 00:00:00+00:00
[2026-04-10T10:00:13.507+0900] {logging_mixin.py:190} INFO - [2026-04-10T10:00:13.507+0900] {dag.py:4138} INFO - Setting next_dagrun for dataset_with_extra_from_classic_operator to 2026-04-09 00:00:00+00:00, run_after=2026-04-10 00:00:00+00:00
[2026-04-10T10:00:13.522+0900] {processor.py:208} INFO - Processing /home/airflow/.local/lib/python3.12/site-packages/airflow/example_dags/example_outlet_event_extra.py took 0.177 seconds
[2026-04-10T10:00:43.583+0900] {processor.py:186} INFO - Started process (PID=152952) to work on /home/airflow/.local/lib/python3.12/site-packages/airflow/example_dags/example_outlet_event_extra.py
[2026-04-10T10:00:43.584+0900] {processor.py:914} INFO - Processing file /home/airflow/.local/lib/python3.12/site-packages/airflow/example_dags/example_outlet_event_extra.py for tasks to queue
[2026-04-10T10:00:43.587+0900] {logging_mixin.py:190} INFO - [2026-04-10T10:00:43.587+0900] {dagbag.py:587} INFO - Filling up the DagBag from /home/airflow/.local/lib/python3.12/site-packages/airflow/example_dags/example_outlet_event_extra.py
[2026-04-10T10:00:43.691+0900] {processor.py:925} INFO - DAG(s) 'dataset_with_extra_by_context', 'dataset_with_extra_from_classic_operator', 'dataset_with_extra_by_yield' retrieved from /home/airflow/.local/lib/python3.12/site-packages/airflow/example_dags/example_outlet_event_extra.py
[2026-04-10T10:00:43.708+0900] {logging_mixin.py:190} INFO - [2026-04-10T10:00:43.708+0900] {dag.py:3211} INFO - Sync 3 DAGs
[2026-04-10T10:00:43.724+0900] {logging_mixin.py:190} INFO - [2026-04-10T10:00:43.724+0900] {dag.py:4138} INFO - Setting next_dagrun for dataset_with_extra_by_context to 2026-04-09 00:00:00+00:00, run_after=2026-04-10 00:00:00+00:00
[2026-04-10T10:00:43.727+0900] {logging_mixin.py:190} INFO - [2026-04-10T10:00:43.727+0900] {dag.py:4138} INFO - Setting next_dagrun for dataset_with_extra_by_yield to 2026-04-09 00:00:00+00:00, run_after=2026-04-10 00:00:00+00:00
[2026-04-10T10:00:43.729+0900] {logging_mixin.py:190} INFO - [2026-04-10T10:00:43.729+0900] {dag.py:4138} INFO - Setting next_dagrun for dataset_with_extra_from_classic_operator to 2026-04-09 00:00:00+00:00, run_after=2026-04-10 00:00:00+00:00
[2026-04-10T10:00:43.743+0900] {processor.py:208} INFO - Processing /home/airflow/.local/lib/python3.12/site-packages/airflow/example_dags/example_outlet_event_extra.py took 0.164 seconds
[2026-04-10T10:01:13.780+0900] {processor.py:186} INFO - Started process (PID=153015) to work on /home/airflow/.local/lib/python3.12/site-packages/airflow/example_dags/example_outlet_event_extra.py
[2026-04-10T10:01:13.781+0900] {processor.py:914} INFO - Processing file /home/airflow/.local/lib/python3.12/site-packages/airflow/example_dags/example_outlet_event_extra.py for tasks to queue
[2026-04-10T10:01:13.783+0900] {logging_mixin.py:190} INFO - [2026-04-10T10:01:13.783+0900] {dagbag.py:587} INFO - Filling up the DagBag from /home/airflow/.local/lib/python3.12/site-packages/airflow/example_dags/example_outlet_event_extra.py
[2026-04-10T10:01:13.886+0900] {processor.py:925} INFO - DAG(s) 'dataset_with_extra_by_yield', 'dataset_with_extra_by_context', 'dataset_with_extra_from_classic_operator' retrieved from /home/airflow/.local/lib/python3.12/site-packages/airflow/example_dags/example_outlet_event_extra.py
[2026-04-10T10:01:13.908+0900] {logging_mixin.py:190} INFO - [2026-04-10T10:01:13.908+0900] {dag.py:3211} INFO - Sync 3 DAGs
[2026-04-10T10:01:13.926+0900] {logging_mixin.py:190} INFO - [2026-04-10T10:01:13.926+0900] {dag.py:4138} INFO - Setting next_dagrun for dataset_with_extra_by_context to 2026-04-09 00:00:00+00:00, run_after=2026-04-10 00:00:00+00:00
[2026-04-10T10:01:13.929+0900] {logging_mixin.py:190} INFO - [2026-04-10T10:01:13.929+0900] {dag.py:4138} INFO - Setting next_dagrun for dataset_with_extra_by_yield to 2026-04-09 00:00:00+00:00, run_after=2026-04-10 00:00:00+00:00
[2026-04-10T10:01:13.931+0900] {logging_mixin.py:190} INFO - [2026-04-10T10:01:13.931+0900] {dag.py:4138} INFO - Setting next_dagrun for dataset_with_extra_from_classic_operator to 2026-04-09 00:00:00+00:00, run_after=2026-04-10 00:00:00+00:00
[2026-04-10T10:01:13.946+0900] {processor.py:208} INFO - Processing /home/airflow/.local/lib/python3.12/site-packages/airflow/example_dags/example_outlet_event_extra.py took 0.170 seconds
[2026-04-10T10:01:43.976+0900] {processor.py:186} INFO - Started process (PID=153078) to work on /home/airflow/.local/lib/python3.12/site-packages/airflow/example_dags/example_outlet_event_extra.py
[2026-04-10T10:01:43.977+0900] {processor.py:914} INFO - Processing file /home/airflow/.local/lib/python3.12/site-packages/airflow/example_dags/example_outlet_event_extra.py for tasks to queue
[2026-04-10T10:01:43.979+0900] {logging_mixin.py:190} INFO - [2026-04-10T10:01:43.979+0900] {dagbag.py:587} INFO - Filling up the DagBag from /home/airflow/.local/lib/python3.12/site-packages/airflow/example_dags/example_outlet_event_extra.py
[2026-04-10T10:01:44.077+0900] {processor.py:925} INFO - DAG(s) 'dataset_with_extra_by_yield', 'dataset_with_extra_from_classic_operator', 'dataset_with_extra_by_context' retrieved from /home/airflow/.local/lib/python3.12/site-packages/airflow/example_dags/example_outlet_event_extra.py
[2026-04-10T10:01:44.095+0900] {logging_mixin.py:190} INFO - [2026-04-10T10:01:44.095+0900] {dag.py:3211} INFO - Sync 3 DAGs
[2026-04-10T10:01:44.112+0900] {logging_mixin.py:190} INFO - [2026-04-10T10:01:44.112+0900] {dag.py:4138} INFO - Setting next_dagrun for dataset_with_extra_by_context to 2026-04-09 00:00:00+00:00, run_after=2026-04-10 00:00:00+00:00
[2026-04-10T10:01:44.115+0900] {logging_mixin.py:190} INFO - [2026-04-10T10:01:44.115+0900] {dag.py:4138} INFO - Setting next_dagrun for dataset_with_extra_by_yield to 2026-04-09 00:00:00+00:00, run_after=2026-04-10 00:00:00+00:00
[2026-04-10T10:01:44.117+0900] {logging_mixin.py:190} INFO - [2026-04-10T10:01:44.117+0900] {dag.py:4138} INFO - Setting next_dagrun for dataset_with_extra_from_classic_operator to 2026-04-09 00:00:00+00:00, run_after=2026-04-10 00:00:00+00:00
[2026-04-10T10:01:44.132+0900] {processor.py:208} INFO - Processing /home/airflow/.local/lib/python3.12/site-packages/airflow/example_dags/example_outlet_event_extra.py took 0.161 seconds
[2026-04-10T10:02:14.300+0900] {processor.py:186} INFO - Started process (PID=153141) to work on /home/airflow/.local/lib/python3.12/site-packages/airflow/example_dags/example_outlet_event_extra.py
[2026-04-10T10:02:14.301+0900] {processor.py:914} INFO - Processing file /home/airflow/.local/lib/python3.12/site-packages/airflow/example_dags/example_outlet_event_extra.py for tasks to queue
[2026-04-10T10:02:14.303+0900] {logging_mixin.py:190} INFO - [2026-04-10T10:02:14.303+0900] {dagbag.py:587} INFO - Filling up the DagBag from /home/airflow/.local/lib/python3.12/site-packages/airflow/example_dags/example_outlet_event_extra.py
[2026-04-10T10:02:14.408+0900] {processor.py:925} INFO - DAG(s) 'dataset_with_extra_by_yield', 'dataset_with_extra_by_context', 'dataset_with_extra_from_classic_operator' retrieved from /home/airflow/.local/lib/python3.12/site-packages/airflow/example_dags/example_outlet_event_extra.py
[2026-04-10T10:02:14.428+0900] {logging_mixin.py:190} INFO - [2026-04-10T10:02:14.428+0900] {dag.py:3211} INFO - Sync 3 DAGs
[2026-04-10T10:02:14.447+0900] {logging_mixin.py:190} INFO - [2026-04-10T10:02:14.446+0900] {dag.py:4138} INFO - Setting next_dagrun for dataset_with_extra_by_context to 2026-04-09 00:00:00+00:00, run_after=2026-04-10 00:00:00+00:00
[2026-04-10T10:02:14.450+0900] {logging_mixin.py:190} INFO - [2026-04-10T10:02:14.450+0900] {dag.py:4138} INFO - Setting next_dagrun for dataset_with_extra_by_yield to 2026-04-09 00:00:00+00:00, run_after=2026-04-10 00:00:00+00:00
[2026-04-10T10:02:14.452+0900] {logging_mixin.py:190} INFO - [2026-04-10T10:02:14.452+0900] {dag.py:4138} INFO - Setting next_dagrun for dataset_with_extra_from_classic_operator to 2026-04-09 00:00:00+00:00, run_after=2026-04-10 00:00:00+00:00
[2026-04-10T10:02:14.467+0900] {processor.py:208} INFO - Processing /home/airflow/.local/lib/python3.12/site-packages/airflow/example_dags/example_outlet_event_extra.py took 0.172 seconds
[2026-04-10T10:02:44.858+0900] {processor.py:186} INFO - Started process (PID=153204) to work on /home/airflow/.local/lib/python3.12/site-packages/airflow/example_dags/example_outlet_event_extra.py
[2026-04-10T10:02:44.860+0900] {processor.py:914} INFO - Processing file /home/airflow/.local/lib/python3.12/site-packages/airflow/example_dags/example_outlet_event_extra.py for tasks to queue
[2026-04-10T10:02:44.862+0900] {logging_mixin.py:190} INFO - [2026-04-10T10:02:44.862+0900] {dagbag.py:587} INFO - Filling up the DagBag from /home/airflow/.local/lib/python3.12/site-packages/airflow/example_dags/example_outlet_event_extra.py
[2026-04-10T10:02:44.997+0900] {processor.py:925} INFO - DAG(s) 'dataset_with_extra_from_classic_operator', 'dataset_with_extra_by_yield', 'dataset_with_extra_by_context' retrieved from /home/airflow/.local/lib/python3.12/site-packages/airflow/example_dags/example_outlet_event_extra.py
[2026-04-10T10:02:45.020+0900] {logging_mixin.py:190} INFO - [2026-04-10T10:02:45.020+0900] {dag.py:3211} INFO - Sync 3 DAGs
[2026-04-10T10:02:45.040+0900] {logging_mixin.py:190} INFO - [2026-04-10T10:02:45.040+0900] {dag.py:4138} INFO - Setting next_dagrun for dataset_with_extra_by_context to 2026-04-09 00:00:00+00:00, run_after=2026-04-10 00:00:00+00:00
[2026-04-10T10:02:45.044+0900] {logging_mixin.py:190} INFO - [2026-04-10T10:02:45.044+0900] {dag.py:4138} INFO - Setting next_dagrun for dataset_with_extra_by_yield to 2026-04-09 00:00:00+00:00, run_after=2026-04-10 00:00:00+00:00
[2026-04-10T10:02:45.046+0900] {logging_mixin.py:190} INFO - [2026-04-10T10:02:45.046+0900] {dag.py:4138} INFO - Setting next_dagrun for dataset_with_extra_from_classic_operator to 2026-04-09 00:00:00+00:00, run_after=2026-04-10 00:00:00+00:00
[2026-04-10T10:02:45.062+0900] {processor.py:208} INFO - Processing /home/airflow/.local/lib/python3.12/site-packages/airflow/example_dags/example_outlet_event_extra.py took 0.211 seconds
[2026-04-10T10:03:15.246+0900] {processor.py:186} INFO - Started process (PID=153267) to work on /home/airflow/.local/lib/python3.12/site-packages/airflow/example_dags/example_outlet_event_extra.py
[2026-04-10T10:03:15.254+0900] {processor.py:914} INFO - Processing file /home/airflow/.local/lib/python3.12/site-packages/airflow/example_dags/example_outlet_event_extra.py for tasks to queue
[2026-04-10T10:03:15.256+0900] {logging_mixin.py:190} INFO - [2026-04-10T10:03:15.256+0900] {dagbag.py:587} INFO - Filling up the DagBag from /home/airflow/.local/lib/python3.12/site-packages/airflow/example_dags/example_outlet_event_extra.py
[2026-04-10T10:03:15.372+0900] {processor.py:925} INFO - DAG(s) 'dataset_with_extra_by_yield', 'dataset_with_extra_from_classic_operator', 'dataset_with_extra_by_context' retrieved from /home/airflow/.local/lib/python3.12/site-packages/airflow/example_dags/example_outlet_event_extra.py
[2026-04-10T10:03:15.393+0900] {logging_mixin.py:190} INFO - [2026-04-10T10:03:15.392+0900] {dag.py:3211} INFO - Sync 3 DAGs
[2026-04-10T10:03:15.414+0900] {logging_mixin.py:190} INFO - [2026-04-10T10:03:15.414+0900] {dag.py:4138} INFO - Setting next_dagrun for dataset_with_extra_by_context to 2026-04-09 00:00:00+00:00, run_after=2026-04-10 00:00:00+00:00
[2026-04-10T10:03:15.418+0900] {logging_mixin.py:190} INFO - [2026-04-10T10:03:15.418+0900] {dag.py:4138} INFO - Setting next_dagrun for dataset_with_extra_by_yield to 2026-04-09 00:00:00+00:00, run_after=2026-04-10 00:00:00+00:00
[2026-04-10T10:03:15.420+0900] {logging_mixin.py:190} INFO - [2026-04-10T10:03:15.420+0900] {dag.py:4138} INFO - Setting next_dagrun for dataset_with_extra_from_classic_operator to 2026-04-09 00:00:00+00:00, run_after=2026-04-10 00:00:00+00:00
[2026-04-10T10:03:15.436+0900] {processor.py:208} INFO - Processing /home/airflow/.local/lib/python3.12/site-packages/airflow/example_dags/example_outlet_event_extra.py took 0.196 seconds
[2026-04-10T10:03:45.480+0900] {processor.py:186} INFO - Started process (PID=153330) to work on /home/airflow/.local/lib/python3.12/site-packages/airflow/example_dags/example_outlet_event_extra.py
[2026-04-10T10:03:45.481+0900] {processor.py:914} INFO - Processing file /home/airflow/.local/lib/python3.12/site-packages/airflow/example_dags/example_outlet_event_extra.py for tasks to queue
[2026-04-10T10:03:45.483+0900] {logging_mixin.py:190} INFO - [2026-04-10T10:03:45.483+0900] {dagbag.py:587} INFO - Filling up the DagBag from /home/airflow/.local/lib/python3.12/site-packages/airflow/example_dags/example_outlet_event_extra.py
[2026-04-10T10:03:45.590+0900] {processor.py:925} INFO - DAG(s) 'dataset_with_extra_by_yield', 'dataset_with_extra_from_classic_operator', 'dataset_with_extra_by_context' retrieved from /home/airflow/.local/lib/python3.12/site-packages/airflow/example_dags/example_outlet_event_extra.py
[2026-04-10T10:03:45.609+0900] {logging_mixin.py:190} INFO - [2026-04-10T10:03:45.609+0900] {dag.py:3211} INFO - Sync 3 DAGs
[2026-04-10T10:03:45.629+0900] {logging_mixin.py:190} INFO - [2026-04-10T10:03:45.629+0900] {dag.py:4138} INFO - Setting next_dagrun for dataset_with_extra_by_context to 2026-04-09 00:00:00+00:00, run_after=2026-04-10 00:00:00+00:00
[2026-04-10T10:03:45.632+0900] {logging_mixin.py:190} INFO - [2026-04-10T10:03:45.632+0900] {dag.py:4138} INFO - Setting next_dagrun for dataset_with_extra_by_yield to 2026-04-09 00:00:00+00:00, run_after=2026-04-10 00:00:00+00:00
[2026-04-10T10:03:45.634+0900] {logging_mixin.py:190} INFO - [2026-04-10T10:03:45.634+0900] {dag.py:4138} INFO - Setting next_dagrun for dataset_with_extra_from_classic_operator to 2026-04-09 00:00:00+00:00, run_after=2026-04-10 00:00:00+00:00
[2026-04-10T10:03:45.649+0900] {processor.py:208} INFO - Processing /home/airflow/.local/lib/python3.12/site-packages/airflow/example_dags/example_outlet_event_extra.py took 0.174 seconds
[2026-04-10T10:04:16.273+0900] {processor.py:186} INFO - Started process (PID=153393) to work on /home/airflow/.local/lib/python3.12/site-packages/airflow/example_dags/example_outlet_event_extra.py
[2026-04-10T10:04:16.275+0900] {processor.py:914} INFO - Processing file /home/airflow/.local/lib/python3.12/site-packages/airflow/example_dags/example_outlet_event_extra.py for tasks to queue
[2026-04-10T10:04:16.278+0900] {logging_mixin.py:190} INFO - [2026-04-10T10:04:16.278+0900] {dagbag.py:587} INFO - Filling up the DagBag from /home/airflow/.local/lib/python3.12/site-packages/airflow/example_dags/example_outlet_event_extra.py
[2026-04-10T10:04:16.451+0900] {processor.py:925} INFO - DAG(s) 'dataset_with_extra_by_yield', 'dataset_with_extra_from_classic_operator', 'dataset_with_extra_by_context' retrieved from /home/airflow/.local/lib/python3.12/site-packages/airflow/example_dags/example_outlet_event_extra.py
[2026-04-10T10:04:16.485+0900] {logging_mixin.py:190} INFO - [2026-04-10T10:04:16.484+0900] {dag.py:3211} INFO - Sync 3 DAGs
[2026-04-10T10:04:16.515+0900] {logging_mixin.py:190} INFO - [2026-04-10T10:04:16.515+0900] {dag.py:4138} INFO - Setting next_dagrun for dataset_with_extra_by_context to 2026-04-09 00:00:00+00:00, run_after=2026-04-10 00:00:00+00:00
[2026-04-10T10:04:16.522+0900] {logging_mixin.py:190} INFO - [2026-04-10T10:04:16.521+0900] {dag.py:4138} INFO - Setting next_dagrun for dataset_with_extra_by_yield to 2026-04-09 00:00:00+00:00, run_after=2026-04-10 00:00:00+00:00
[2026-04-10T10:04:16.525+0900] {logging_mixin.py:190} INFO - [2026-04-10T10:04:16.525+0900] {dag.py:4138} INFO - Setting next_dagrun for dataset_with_extra_from_classic_operator to 2026-04-09 00:00:00+00:00, run_after=2026-04-10 00:00:00+00:00
[2026-04-10T10:04:16.552+0900] {processor.py:208} INFO - Processing /home/airflow/.local/lib/python3.12/site-packages/airflow/example_dags/example_outlet_event_extra.py took 0.286 seconds
[2026-04-10T10:04:46.992+0900] {processor.py:186} INFO - Started process (PID=153456) to work on /home/airflow/.local/lib/python3.12/site-packages/airflow/example_dags/example_outlet_event_extra.py
[2026-04-10T10:04:46.994+0900] {processor.py:914} INFO - Processing file /home/airflow/.local/lib/python3.12/site-packages/airflow/example_dags/example_outlet_event_extra.py for tasks to queue
[2026-04-10T10:04:47.001+0900] {logging_mixin.py:190} INFO - [2026-04-10T10:04:47.000+0900] {dagbag.py:587} INFO - Filling up the DagBag from /home/airflow/.local/lib/python3.12/site-packages/airflow/example_dags/example_outlet_event_extra.py
[2026-04-10T10:04:47.301+0900] {processor.py:925} INFO - DAG(s) 'dataset_with_extra_from_classic_operator', 'dataset_with_extra_by_yield', 'dataset_with_extra_by_context' retrieved from /home/airflow/.local/lib/python3.12/site-packages/airflow/example_dags/example_outlet_event_extra.py
[2026-04-10T10:04:47.362+0900] {logging_mixin.py:190} INFO - [2026-04-10T10:04:47.362+0900] {dag.py:3211} INFO - Sync 3 DAGs
[2026-04-10T10:04:47.421+0900] {logging_mixin.py:190} INFO - [2026-04-10T10:04:47.421+0900] {dag.py:4138} INFO - Setting next_dagrun for dataset_with_extra_by_context to 2026-04-09 00:00:00+00:00, run_after=2026-04-10 00:00:00+00:00
[2026-04-10T10:04:47.433+0900] {logging_mixin.py:190} INFO - [2026-04-10T10:04:47.433+0900] {dag.py:4138} INFO - Setting next_dagrun for dataset_with_extra_by_yield to 2026-04-09 00:00:00+00:00, run_after=2026-04-10 00:00:00+00:00
[2026-04-10T10:04:47.440+0900] {logging_mixin.py:190} INFO - [2026-04-10T10:04:47.440+0900] {dag.py:4138} INFO - Setting next_dagrun for dataset_with_extra_from_classic_operator to 2026-04-09 00:00:00+00:00, run_after=2026-04-10 00:00:00+00:00
[2026-04-10T10:04:47.527+0900] {processor.py:208} INFO - Processing /home/airflow/.local/lib/python3.12/site-packages/airflow/example_dags/example_outlet_event_extra.py took 0.549 seconds
[2026-04-10T10:05:18.378+0900] {processor.py:186} INFO - Started process (PID=153520) to work on /home/airflow/.local/lib/python3.12/site-packages/airflow/example_dags/example_outlet_event_extra.py
[2026-04-10T10:05:18.381+0900] {processor.py:914} INFO - Processing file /home/airflow/.local/lib/python3.12/site-packages/airflow/example_dags/example_outlet_event_extra.py for tasks to queue
[2026-04-10T10:05:18.384+0900] {logging_mixin.py:190} INFO - [2026-04-10T10:05:18.384+0900] {dagbag.py:587} INFO - Filling up the DagBag from /home/airflow/.local/lib/python3.12/site-packages/airflow/example_dags/example_outlet_event_extra.py
[2026-04-10T10:05:18.598+0900] {processor.py:925} INFO - DAG(s) 'dataset_with_extra_by_context', 'dataset_with_extra_by_yield', 'dataset_with_extra_from_classic_operator' retrieved from /home/airflow/.local/lib/python3.12/site-packages/airflow/example_dags/example_outlet_event_extra.py
[2026-04-10T10:05:18.643+0900] {logging_mixin.py:190} INFO - [2026-04-10T10:05:18.643+0900] {dag.py:3211} INFO - Sync 3 DAGs
[2026-04-10T10:05:18.691+0900] {logging_mixin.py:190} INFO - [2026-04-10T10:05:18.690+0900] {dag.py:4138} INFO - Setting next_dagrun for dataset_with_extra_by_context to 2026-04-09 00:00:00+00:00, run_after=2026-04-10 00:00:00+00:00
[2026-04-10T10:05:18.700+0900] {logging_mixin.py:190} INFO - [2026-04-10T10:05:18.700+0900] {dag.py:4138} INFO - Setting next_dagrun for dataset_with_extra_by_yield to 2026-04-09 00:00:00+00:00, run_after=2026-04-10 00:00:00+00:00
[2026-04-10T10:05:18.705+0900] {logging_mixin.py:190} INFO - [2026-04-10T10:05:18.704+0900] {dag.py:4138} INFO - Setting next_dagrun for dataset_with_extra_from_classic_operator to 2026-04-09 00:00:00+00:00, run_after=2026-04-10 00:00:00+00:00
[2026-04-10T10:05:18.741+0900] {processor.py:208} INFO - Processing /home/airflow/.local/lib/python3.12/site-packages/airflow/example_dags/example_outlet_event_extra.py took 0.371 seconds
[2026-04-10T10:05:49.301+0900] {processor.py:186} INFO - Started process (PID=153583) to work on /home/airflow/.local/lib/python3.12/site-packages/airflow/example_dags/example_outlet_event_extra.py
[2026-04-10T10:05:49.303+0900] {processor.py:914} INFO - Processing file /home/airflow/.local/lib/python3.12/site-packages/airflow/example_dags/example_outlet_event_extra.py for tasks to queue
[2026-04-10T10:05:49.306+0900] {logging_mixin.py:190} INFO - [2026-04-10T10:05:49.306+0900] {dagbag.py:587} INFO - Filling up the DagBag from /home/airflow/.local/lib/python3.12/site-packages/airflow/example_dags/example_outlet_event_extra.py
[2026-04-10T10:05:49.516+0900] {processor.py:925} INFO - DAG(s) 'dataset_with_extra_from_classic_operator', 'dataset_with_extra_by_context', 'dataset_with_extra_by_yield' retrieved from /home/airflow/.local/lib/python3.12/site-packages/airflow/example_dags/example_outlet_event_extra.py
[2026-04-10T10:05:49.549+0900] {logging_mixin.py:190} INFO - [2026-04-10T10:05:49.549+0900] {dag.py:3211} INFO - Sync 3 DAGs
[2026-04-10T10:05:49.578+0900] {logging_mixin.py:190} INFO - [2026-04-10T10:05:49.577+0900] {dag.py:4138} INFO - Setting next_dagrun for dataset_with_extra_by_context to 2026-04-09 00:00:00+00:00, run_after=2026-04-10 00:00:00+00:00
[2026-04-10T10:05:49.583+0900] {logging_mixin.py:190} INFO - [2026-04-10T10:05:49.583+0900] {dag.py:4138} INFO - Setting next_dagrun for dataset_with_extra_by_yield to 2026-04-09 00:00:00+00:00, run_after=2026-04-10 00:00:00+00:00
[2026-04-10T10:05:49.586+0900] {logging_mixin.py:190} INFO - [2026-04-10T10:05:49.586+0900] {dag.py:4138} INFO - Setting next_dagrun for dataset_with_extra_from_classic_operator to 2026-04-09 00:00:00+00:00, run_after=2026-04-10 00:00:00+00:00
[2026-04-10T10:05:49.611+0900] {processor.py:208} INFO - Processing /home/airflow/.local/lib/python3.12/site-packages/airflow/example_dags/example_outlet_event_extra.py took 0.318 seconds
[2026-04-10T10:06:19.706+0900] {processor.py:186} INFO - Started process (PID=153646) to work on /home/airflow/.local/lib/python3.12/site-packages/airflow/example_dags/example_outlet_event_extra.py
[2026-04-10T10:06:19.709+0900] {processor.py:914} INFO - Processing file /home/airflow/.local/lib/python3.12/site-packages/airflow/example_dags/example_outlet_event_extra.py for tasks to queue
[2026-04-10T10:06:19.715+0900] {logging_mixin.py:190} INFO - [2026-04-10T10:06:19.714+0900] {dagbag.py:587} INFO - Filling up the DagBag from /home/airflow/.local/lib/python3.12/site-packages/airflow/example_dags/example_outlet_event_extra.py
[2026-04-10T10:06:19.950+0900] {processor.py:925} INFO - DAG(s) 'dataset_with_extra_by_context', 'dataset_with_extra_from_classic_operator', 'dataset_with_extra_by_yield' retrieved from /home/airflow/.local/lib/python3.12/site-packages/airflow/example_dags/example_outlet_event_extra.py
[2026-04-10T10:06:20.004+0900] {logging_mixin.py:190} INFO - [2026-04-10T10:06:20.003+0900] {dag.py:3211} INFO - Sync 3 DAGs
[2026-04-10T10:06:20.046+0900] {logging_mixin.py:190} INFO - [2026-04-10T10:06:20.046+0900] {dag.py:4138} INFO - Setting next_dagrun for dataset_with_extra_by_context to 2026-04-09 00:00:00+00:00, run_after=2026-04-10 00:00:00+00:00
[2026-04-10T10:06:20.056+0900] {logging_mixin.py:190} INFO - [2026-04-10T10:06:20.056+0900] {dag.py:4138} INFO - Setting next_dagrun for dataset_with_extra_by_yield to 2026-04-09 00:00:00+00:00, run_after=2026-04-10 00:00:00+00:00
[2026-04-10T10:06:20.060+0900] {logging_mixin.py:190} INFO - [2026-04-10T10:06:20.060+0900] {dag.py:4138} INFO - Setting next_dagrun for dataset_with_extra_from_classic_operator to 2026-04-09 00:00:00+00:00, run_after=2026-04-10 00:00:00+00:00
[2026-04-10T10:06:20.104+0900] {processor.py:208} INFO - Processing /home/airflow/.local/lib/python3.12/site-packages/airflow/example_dags/example_outlet_event_extra.py took 0.410 seconds
