[2026-04-10T09:00:04.668+0900] {processor.py:186} INFO - Started process (PID=145439) to work on /home/airflow/.local/lib/python3.12/site-packages/airflow/example_dags/example_params_trigger_ui.py
[2026-04-10T09:00:04.670+0900] {processor.py:914} INFO - Processing file /home/airflow/.local/lib/python3.12/site-packages/airflow/example_dags/example_params_trigger_ui.py for tasks to queue
[2026-04-10T09:00:04.672+0900] {logging_mixin.py:190} INFO - [2026-04-10T09:00:04.672+0900] {dagbag.py:587} INFO - Filling up the DagBag from /home/airflow/.local/lib/python3.12/site-packages/airflow/example_dags/example_params_trigger_ui.py
[2026-04-10T09:00:04.686+0900] {processor.py:925} INFO - DAG(s) 'example_params_trigger_ui' retrieved from /home/airflow/.local/lib/python3.12/site-packages/airflow/example_dags/example_params_trigger_ui.py
[2026-04-10T09:00:04.719+0900] {logging_mixin.py:190} INFO - [2026-04-10T09:00:04.719+0900] {dag.py:3211} INFO - Sync 1 DAGs
[2026-04-10T09:00:04.731+0900] {logging_mixin.py:190} INFO - [2026-04-10T09:00:04.731+0900] {dag.py:4138} INFO - Setting next_dagrun for example_params_trigger_ui to None, run_after=None
[2026-04-10T09:00:04.746+0900] {processor.py:208} INFO - Processing /home/airflow/.local/lib/python3.12/site-packages/airflow/example_dags/example_params_trigger_ui.py took 0.084 seconds
[2026-04-10T09:00:35.760+0900] {processor.py:186} INFO - Started process (PID=145502) to work on /home/airflow/.local/lib/python3.12/site-packages/airflow/example_dags/example_params_trigger_ui.py
[2026-04-10T09:00:35.761+0900] {processor.py:914} INFO - Processing file /home/airflow/.local/lib/python3.12/site-packages/airflow/example_dags/example_params_trigger_ui.py for tasks to queue
[2026-04-10T09:00:35.764+0900] {logging_mixin.py:190} INFO - [2026-04-10T09:00:35.764+0900] {dagbag.py:587} INFO - Filling up the DagBag from /home/airflow/.local/lib/python3.12/site-packages/airflow/example_dags/example_params_trigger_ui.py
[2026-04-10T09:00:35.774+0900] {processor.py:925} INFO - DAG(s) 'example_params_trigger_ui' retrieved from /home/airflow/.local/lib/python3.12/site-packages/airflow/example_dags/example_params_trigger_ui.py
[2026-04-10T09:00:35.807+0900] {logging_mixin.py:190} INFO - [2026-04-10T09:00:35.807+0900] {dag.py:3211} INFO - Sync 1 DAGs
[2026-04-10T09:00:35.819+0900] {logging_mixin.py:190} INFO - [2026-04-10T09:00:35.819+0900] {dag.py:4138} INFO - Setting next_dagrun for example_params_trigger_ui to None, run_after=None
[2026-04-10T09:00:35.836+0900] {processor.py:208} INFO - Processing /home/airflow/.local/lib/python3.12/site-packages/airflow/example_dags/example_params_trigger_ui.py took 0.081 seconds
[2026-04-10T09:01:05.888+0900] {processor.py:186} INFO - Started process (PID=145564) to work on /home/airflow/.local/lib/python3.12/site-packages/airflow/example_dags/example_params_trigger_ui.py
[2026-04-10T09:01:05.889+0900] {processor.py:914} INFO - Processing file /home/airflow/.local/lib/python3.12/site-packages/airflow/example_dags/example_params_trigger_ui.py for tasks to queue
[2026-04-10T09:01:05.891+0900] {logging_mixin.py:190} INFO - [2026-04-10T09:01:05.891+0900] {dagbag.py:587} INFO - Filling up the DagBag from /home/airflow/.local/lib/python3.12/site-packages/airflow/example_dags/example_params_trigger_ui.py
[2026-04-10T09:01:05.899+0900] {processor.py:925} INFO - DAG(s) 'example_params_trigger_ui' retrieved from /home/airflow/.local/lib/python3.12/site-packages/airflow/example_dags/example_params_trigger_ui.py
[2026-04-10T09:01:05.926+0900] {logging_mixin.py:190} INFO - [2026-04-10T09:01:05.925+0900] {dag.py:3211} INFO - Sync 1 DAGs
[2026-04-10T09:01:05.935+0900] {logging_mixin.py:190} INFO - [2026-04-10T09:01:05.935+0900] {dag.py:4138} INFO - Setting next_dagrun for example_params_trigger_ui to None, run_after=None
[2026-04-10T09:01:05.948+0900] {processor.py:208} INFO - Processing /home/airflow/.local/lib/python3.12/site-packages/airflow/example_dags/example_params_trigger_ui.py took 0.064 seconds
[2026-04-10T09:01:36.086+0900] {processor.py:186} INFO - Started process (PID=145627) to work on /home/airflow/.local/lib/python3.12/site-packages/airflow/example_dags/example_params_trigger_ui.py
[2026-04-10T09:01:36.088+0900] {processor.py:914} INFO - Processing file /home/airflow/.local/lib/python3.12/site-packages/airflow/example_dags/example_params_trigger_ui.py for tasks to queue
[2026-04-10T09:01:36.089+0900] {logging_mixin.py:190} INFO - [2026-04-10T09:01:36.089+0900] {dagbag.py:587} INFO - Filling up the DagBag from /home/airflow/.local/lib/python3.12/site-packages/airflow/example_dags/example_params_trigger_ui.py
[2026-04-10T09:01:36.098+0900] {processor.py:925} INFO - DAG(s) 'example_params_trigger_ui' retrieved from /home/airflow/.local/lib/python3.12/site-packages/airflow/example_dags/example_params_trigger_ui.py
[2026-04-10T09:01:36.125+0900] {logging_mixin.py:190} INFO - [2026-04-10T09:01:36.125+0900] {dag.py:3211} INFO - Sync 1 DAGs
[2026-04-10T09:01:36.136+0900] {logging_mixin.py:190} INFO - [2026-04-10T09:01:36.136+0900] {dag.py:4138} INFO - Setting next_dagrun for example_params_trigger_ui to None, run_after=None
[2026-04-10T09:01:36.150+0900] {processor.py:208} INFO - Processing /home/airflow/.local/lib/python3.12/site-packages/airflow/example_dags/example_params_trigger_ui.py took 0.068 seconds
[2026-04-10T09:02:06.388+0900] {processor.py:186} INFO - Started process (PID=145690) to work on /home/airflow/.local/lib/python3.12/site-packages/airflow/example_dags/example_params_trigger_ui.py
[2026-04-10T09:02:06.389+0900] {processor.py:914} INFO - Processing file /home/airflow/.local/lib/python3.12/site-packages/airflow/example_dags/example_params_trigger_ui.py for tasks to queue
[2026-04-10T09:02:06.391+0900] {logging_mixin.py:190} INFO - [2026-04-10T09:02:06.391+0900] {dagbag.py:587} INFO - Filling up the DagBag from /home/airflow/.local/lib/python3.12/site-packages/airflow/example_dags/example_params_trigger_ui.py
[2026-04-10T09:02:06.400+0900] {processor.py:925} INFO - DAG(s) 'example_params_trigger_ui' retrieved from /home/airflow/.local/lib/python3.12/site-packages/airflow/example_dags/example_params_trigger_ui.py
[2026-04-10T09:02:06.428+0900] {logging_mixin.py:190} INFO - [2026-04-10T09:02:06.427+0900] {dag.py:3211} INFO - Sync 1 DAGs
[2026-04-10T09:02:06.439+0900] {logging_mixin.py:190} INFO - [2026-04-10T09:02:06.439+0900] {dag.py:4138} INFO - Setting next_dagrun for example_params_trigger_ui to None, run_after=None
[2026-04-10T09:02:06.455+0900] {processor.py:208} INFO - Processing /home/airflow/.local/lib/python3.12/site-packages/airflow/example_dags/example_params_trigger_ui.py took 0.072 seconds
[2026-04-10T09:02:36.557+0900] {processor.py:186} INFO - Started process (PID=145753) to work on /home/airflow/.local/lib/python3.12/site-packages/airflow/example_dags/example_params_trigger_ui.py
[2026-04-10T09:02:36.558+0900] {processor.py:914} INFO - Processing file /home/airflow/.local/lib/python3.12/site-packages/airflow/example_dags/example_params_trigger_ui.py for tasks to queue
[2026-04-10T09:02:36.560+0900] {logging_mixin.py:190} INFO - [2026-04-10T09:02:36.559+0900] {dagbag.py:587} INFO - Filling up the DagBag from /home/airflow/.local/lib/python3.12/site-packages/airflow/example_dags/example_params_trigger_ui.py
[2026-04-10T09:02:36.568+0900] {processor.py:925} INFO - DAG(s) 'example_params_trigger_ui' retrieved from /home/airflow/.local/lib/python3.12/site-packages/airflow/example_dags/example_params_trigger_ui.py
[2026-04-10T09:02:36.595+0900] {logging_mixin.py:190} INFO - [2026-04-10T09:02:36.595+0900] {dag.py:3211} INFO - Sync 1 DAGs
[2026-04-10T09:02:36.606+0900] {logging_mixin.py:190} INFO - [2026-04-10T09:02:36.606+0900] {dag.py:4138} INFO - Setting next_dagrun for example_params_trigger_ui to None, run_after=None
[2026-04-10T09:02:36.619+0900] {processor.py:208} INFO - Processing /home/airflow/.local/lib/python3.12/site-packages/airflow/example_dags/example_params_trigger_ui.py took 0.067 seconds
[2026-04-10T09:03:07.426+0900] {processor.py:186} INFO - Started process (PID=145816) to work on /home/airflow/.local/lib/python3.12/site-packages/airflow/example_dags/example_params_trigger_ui.py
[2026-04-10T09:03:07.427+0900] {processor.py:914} INFO - Processing file /home/airflow/.local/lib/python3.12/site-packages/airflow/example_dags/example_params_trigger_ui.py for tasks to queue
[2026-04-10T09:03:07.429+0900] {logging_mixin.py:190} INFO - [2026-04-10T09:03:07.429+0900] {dagbag.py:587} INFO - Filling up the DagBag from /home/airflow/.local/lib/python3.12/site-packages/airflow/example_dags/example_params_trigger_ui.py
[2026-04-10T09:03:07.437+0900] {processor.py:925} INFO - DAG(s) 'example_params_trigger_ui' retrieved from /home/airflow/.local/lib/python3.12/site-packages/airflow/example_dags/example_params_trigger_ui.py
[2026-04-10T09:03:07.466+0900] {logging_mixin.py:190} INFO - [2026-04-10T09:03:07.465+0900] {dag.py:3211} INFO - Sync 1 DAGs
[2026-04-10T09:03:07.476+0900] {logging_mixin.py:190} INFO - [2026-04-10T09:03:07.476+0900] {dag.py:4138} INFO - Setting next_dagrun for example_params_trigger_ui to None, run_after=None
[2026-04-10T09:03:07.492+0900] {processor.py:208} INFO - Processing /home/airflow/.local/lib/python3.12/site-packages/airflow/example_dags/example_params_trigger_ui.py took 0.071 seconds
[2026-04-10T09:03:38.286+0900] {processor.py:186} INFO - Started process (PID=145879) to work on /home/airflow/.local/lib/python3.12/site-packages/airflow/example_dags/example_params_trigger_ui.py
[2026-04-10T09:03:38.286+0900] {processor.py:914} INFO - Processing file /home/airflow/.local/lib/python3.12/site-packages/airflow/example_dags/example_params_trigger_ui.py for tasks to queue
[2026-04-10T09:03:38.289+0900] {logging_mixin.py:190} INFO - [2026-04-10T09:03:38.288+0900] {dagbag.py:587} INFO - Filling up the DagBag from /home/airflow/.local/lib/python3.12/site-packages/airflow/example_dags/example_params_trigger_ui.py
[2026-04-10T09:03:38.296+0900] {processor.py:925} INFO - DAG(s) 'example_params_trigger_ui' retrieved from /home/airflow/.local/lib/python3.12/site-packages/airflow/example_dags/example_params_trigger_ui.py
[2026-04-10T09:03:38.324+0900] {logging_mixin.py:190} INFO - [2026-04-10T09:03:38.323+0900] {dag.py:3211} INFO - Sync 1 DAGs
[2026-04-10T09:03:38.334+0900] {logging_mixin.py:190} INFO - [2026-04-10T09:03:38.334+0900] {dag.py:4138} INFO - Setting next_dagrun for example_params_trigger_ui to None, run_after=None
[2026-04-10T09:03:38.347+0900] {processor.py:208} INFO - Processing /home/airflow/.local/lib/python3.12/site-packages/airflow/example_dags/example_params_trigger_ui.py took 0.066 seconds
[2026-04-10T09:04:08.535+0900] {processor.py:186} INFO - Started process (PID=145942) to work on /home/airflow/.local/lib/python3.12/site-packages/airflow/example_dags/example_params_trigger_ui.py
[2026-04-10T09:04:08.536+0900] {processor.py:914} INFO - Processing file /home/airflow/.local/lib/python3.12/site-packages/airflow/example_dags/example_params_trigger_ui.py for tasks to queue
[2026-04-10T09:04:08.538+0900] {logging_mixin.py:190} INFO - [2026-04-10T09:04:08.538+0900] {dagbag.py:587} INFO - Filling up the DagBag from /home/airflow/.local/lib/python3.12/site-packages/airflow/example_dags/example_params_trigger_ui.py
[2026-04-10T09:04:08.546+0900] {processor.py:925} INFO - DAG(s) 'example_params_trigger_ui' retrieved from /home/airflow/.local/lib/python3.12/site-packages/airflow/example_dags/example_params_trigger_ui.py
[2026-04-10T09:04:08.573+0900] {logging_mixin.py:190} INFO - [2026-04-10T09:04:08.573+0900] {dag.py:3211} INFO - Sync 1 DAGs
[2026-04-10T09:04:08.583+0900] {logging_mixin.py:190} INFO - [2026-04-10T09:04:08.582+0900] {dag.py:4138} INFO - Setting next_dagrun for example_params_trigger_ui to None, run_after=None
[2026-04-10T09:04:08.596+0900] {processor.py:208} INFO - Processing /home/airflow/.local/lib/python3.12/site-packages/airflow/example_dags/example_params_trigger_ui.py took 0.066 seconds
[2026-04-10T09:04:38.765+0900] {processor.py:186} INFO - Started process (PID=146005) to work on /home/airflow/.local/lib/python3.12/site-packages/airflow/example_dags/example_params_trigger_ui.py
[2026-04-10T09:04:38.766+0900] {processor.py:914} INFO - Processing file /home/airflow/.local/lib/python3.12/site-packages/airflow/example_dags/example_params_trigger_ui.py for tasks to queue
[2026-04-10T09:04:38.768+0900] {logging_mixin.py:190} INFO - [2026-04-10T09:04:38.768+0900] {dagbag.py:587} INFO - Filling up the DagBag from /home/airflow/.local/lib/python3.12/site-packages/airflow/example_dags/example_params_trigger_ui.py
[2026-04-10T09:04:38.777+0900] {processor.py:925} INFO - DAG(s) 'example_params_trigger_ui' retrieved from /home/airflow/.local/lib/python3.12/site-packages/airflow/example_dags/example_params_trigger_ui.py
[2026-04-10T09:04:38.806+0900] {logging_mixin.py:190} INFO - [2026-04-10T09:04:38.806+0900] {dag.py:3211} INFO - Sync 1 DAGs
[2026-04-10T09:04:38.816+0900] {logging_mixin.py:190} INFO - [2026-04-10T09:04:38.816+0900] {dag.py:4138} INFO - Setting next_dagrun for example_params_trigger_ui to None, run_after=None
[2026-04-10T09:04:38.831+0900] {processor.py:208} INFO - Processing /home/airflow/.local/lib/python3.12/site-packages/airflow/example_dags/example_params_trigger_ui.py took 0.072 seconds
[2026-04-10T09:05:09.669+0900] {processor.py:186} INFO - Started process (PID=146068) to work on /home/airflow/.local/lib/python3.12/site-packages/airflow/example_dags/example_params_trigger_ui.py
[2026-04-10T09:05:09.670+0900] {processor.py:914} INFO - Processing file /home/airflow/.local/lib/python3.12/site-packages/airflow/example_dags/example_params_trigger_ui.py for tasks to queue
[2026-04-10T09:05:09.673+0900] {logging_mixin.py:190} INFO - [2026-04-10T09:05:09.673+0900] {dagbag.py:587} INFO - Filling up the DagBag from /home/airflow/.local/lib/python3.12/site-packages/airflow/example_dags/example_params_trigger_ui.py
[2026-04-10T09:05:09.682+0900] {processor.py:925} INFO - DAG(s) 'example_params_trigger_ui' retrieved from /home/airflow/.local/lib/python3.12/site-packages/airflow/example_dags/example_params_trigger_ui.py
[2026-04-10T09:05:09.711+0900] {logging_mixin.py:190} INFO - [2026-04-10T09:05:09.711+0900] {dag.py:3211} INFO - Sync 1 DAGs
[2026-04-10T09:05:09.720+0900] {logging_mixin.py:190} INFO - [2026-04-10T09:05:09.720+0900] {dag.py:4138} INFO - Setting next_dagrun for example_params_trigger_ui to None, run_after=None
[2026-04-10T09:05:09.735+0900] {processor.py:208} INFO - Processing /home/airflow/.local/lib/python3.12/site-packages/airflow/example_dags/example_params_trigger_ui.py took 0.071 seconds
[2026-04-10T09:05:39.807+0900] {processor.py:186} INFO - Started process (PID=146131) to work on /home/airflow/.local/lib/python3.12/site-packages/airflow/example_dags/example_params_trigger_ui.py
[2026-04-10T09:05:39.808+0900] {processor.py:914} INFO - Processing file /home/airflow/.local/lib/python3.12/site-packages/airflow/example_dags/example_params_trigger_ui.py for tasks to queue
[2026-04-10T09:05:39.810+0900] {logging_mixin.py:190} INFO - [2026-04-10T09:05:39.810+0900] {dagbag.py:587} INFO - Filling up the DagBag from /home/airflow/.local/lib/python3.12/site-packages/airflow/example_dags/example_params_trigger_ui.py
[2026-04-10T09:05:39.821+0900] {processor.py:925} INFO - DAG(s) 'example_params_trigger_ui' retrieved from /home/airflow/.local/lib/python3.12/site-packages/airflow/example_dags/example_params_trigger_ui.py
[2026-04-10T09:05:39.853+0900] {logging_mixin.py:190} INFO - [2026-04-10T09:05:39.852+0900] {dag.py:3211} INFO - Sync 1 DAGs
[2026-04-10T09:05:39.864+0900] {logging_mixin.py:190} INFO - [2026-04-10T09:05:39.863+0900] {dag.py:4138} INFO - Setting next_dagrun for example_params_trigger_ui to None, run_after=None
[2026-04-10T09:05:39.878+0900] {processor.py:208} INFO - Processing /home/airflow/.local/lib/python3.12/site-packages/airflow/example_dags/example_params_trigger_ui.py took 0.077 seconds
[2026-04-10T09:06:10.012+0900] {processor.py:186} INFO - Started process (PID=146194) to work on /home/airflow/.local/lib/python3.12/site-packages/airflow/example_dags/example_params_trigger_ui.py
[2026-04-10T09:06:10.013+0900] {processor.py:914} INFO - Processing file /home/airflow/.local/lib/python3.12/site-packages/airflow/example_dags/example_params_trigger_ui.py for tasks to queue
[2026-04-10T09:06:10.015+0900] {logging_mixin.py:190} INFO - [2026-04-10T09:06:10.015+0900] {dagbag.py:587} INFO - Filling up the DagBag from /home/airflow/.local/lib/python3.12/site-packages/airflow/example_dags/example_params_trigger_ui.py
[2026-04-10T09:06:10.024+0900] {processor.py:925} INFO - DAG(s) 'example_params_trigger_ui' retrieved from /home/airflow/.local/lib/python3.12/site-packages/airflow/example_dags/example_params_trigger_ui.py
[2026-04-10T09:06:10.052+0900] {logging_mixin.py:190} INFO - [2026-04-10T09:06:10.052+0900] {dag.py:3211} INFO - Sync 1 DAGs
[2026-04-10T09:06:10.062+0900] {logging_mixin.py:190} INFO - [2026-04-10T09:06:10.062+0900] {dag.py:4138} INFO - Setting next_dagrun for example_params_trigger_ui to None, run_after=None
[2026-04-10T09:06:10.075+0900] {processor.py:208} INFO - Processing /home/airflow/.local/lib/python3.12/site-packages/airflow/example_dags/example_params_trigger_ui.py took 0.069 seconds
[2026-04-10T09:06:40.726+0900] {processor.py:186} INFO - Started process (PID=146257) to work on /home/airflow/.local/lib/python3.12/site-packages/airflow/example_dags/example_params_trigger_ui.py
[2026-04-10T09:06:40.727+0900] {processor.py:914} INFO - Processing file /home/airflow/.local/lib/python3.12/site-packages/airflow/example_dags/example_params_trigger_ui.py for tasks to queue
[2026-04-10T09:06:40.729+0900] {logging_mixin.py:190} INFO - [2026-04-10T09:06:40.729+0900] {dagbag.py:587} INFO - Filling up the DagBag from /home/airflow/.local/lib/python3.12/site-packages/airflow/example_dags/example_params_trigger_ui.py
[2026-04-10T09:06:40.737+0900] {processor.py:925} INFO - DAG(s) 'example_params_trigger_ui' retrieved from /home/airflow/.local/lib/python3.12/site-packages/airflow/example_dags/example_params_trigger_ui.py
[2026-04-10T09:06:40.765+0900] {logging_mixin.py:190} INFO - [2026-04-10T09:06:40.765+0900] {dag.py:3211} INFO - Sync 1 DAGs
[2026-04-10T09:06:40.775+0900] {logging_mixin.py:190} INFO - [2026-04-10T09:06:40.775+0900] {dag.py:4138} INFO - Setting next_dagrun for example_params_trigger_ui to None, run_after=None
[2026-04-10T09:06:40.790+0900] {processor.py:208} INFO - Processing /home/airflow/.local/lib/python3.12/site-packages/airflow/example_dags/example_params_trigger_ui.py took 0.068 seconds
[2026-04-10T09:07:11.490+0900] {processor.py:186} INFO - Started process (PID=146320) to work on /home/airflow/.local/lib/python3.12/site-packages/airflow/example_dags/example_params_trigger_ui.py
[2026-04-10T09:07:11.491+0900] {processor.py:914} INFO - Processing file /home/airflow/.local/lib/python3.12/site-packages/airflow/example_dags/example_params_trigger_ui.py for tasks to queue
[2026-04-10T09:07:11.493+0900] {logging_mixin.py:190} INFO - [2026-04-10T09:07:11.493+0900] {dagbag.py:587} INFO - Filling up the DagBag from /home/airflow/.local/lib/python3.12/site-packages/airflow/example_dags/example_params_trigger_ui.py
[2026-04-10T09:07:11.502+0900] {processor.py:925} INFO - DAG(s) 'example_params_trigger_ui' retrieved from /home/airflow/.local/lib/python3.12/site-packages/airflow/example_dags/example_params_trigger_ui.py
[2026-04-10T09:07:11.534+0900] {logging_mixin.py:190} INFO - [2026-04-10T09:07:11.534+0900] {dag.py:3211} INFO - Sync 1 DAGs
[2026-04-10T09:07:11.545+0900] {logging_mixin.py:190} INFO - [2026-04-10T09:07:11.544+0900] {dag.py:4138} INFO - Setting next_dagrun for example_params_trigger_ui to None, run_after=None
[2026-04-10T09:07:11.560+0900] {processor.py:208} INFO - Processing /home/airflow/.local/lib/python3.12/site-packages/airflow/example_dags/example_params_trigger_ui.py took 0.075 seconds
[2026-04-10T09:07:41.621+0900] {processor.py:186} INFO - Started process (PID=146383) to work on /home/airflow/.local/lib/python3.12/site-packages/airflow/example_dags/example_params_trigger_ui.py
[2026-04-10T09:07:41.622+0900] {processor.py:914} INFO - Processing file /home/airflow/.local/lib/python3.12/site-packages/airflow/example_dags/example_params_trigger_ui.py for tasks to queue
[2026-04-10T09:07:41.625+0900] {logging_mixin.py:190} INFO - [2026-04-10T09:07:41.624+0900] {dagbag.py:587} INFO - Filling up the DagBag from /home/airflow/.local/lib/python3.12/site-packages/airflow/example_dags/example_params_trigger_ui.py
[2026-04-10T09:07:41.633+0900] {processor.py:925} INFO - DAG(s) 'example_params_trigger_ui' retrieved from /home/airflow/.local/lib/python3.12/site-packages/airflow/example_dags/example_params_trigger_ui.py
[2026-04-10T09:07:41.662+0900] {logging_mixin.py:190} INFO - [2026-04-10T09:07:41.662+0900] {dag.py:3211} INFO - Sync 1 DAGs
[2026-04-10T09:07:41.800+0900] {logging_mixin.py:190} INFO - [2026-04-10T09:07:41.799+0900] {dag.py:4138} INFO - Setting next_dagrun for example_params_trigger_ui to None, run_after=None
[2026-04-10T09:07:41.814+0900] {processor.py:208} INFO - Processing /home/airflow/.local/lib/python3.12/site-packages/airflow/example_dags/example_params_trigger_ui.py took 0.198 seconds
[2026-04-10T09:08:12.060+0900] {processor.py:186} INFO - Started process (PID=146446) to work on /home/airflow/.local/lib/python3.12/site-packages/airflow/example_dags/example_params_trigger_ui.py
[2026-04-10T09:08:12.061+0900] {processor.py:914} INFO - Processing file /home/airflow/.local/lib/python3.12/site-packages/airflow/example_dags/example_params_trigger_ui.py for tasks to queue
[2026-04-10T09:08:12.063+0900] {logging_mixin.py:190} INFO - [2026-04-10T09:08:12.063+0900] {dagbag.py:587} INFO - Filling up the DagBag from /home/airflow/.local/lib/python3.12/site-packages/airflow/example_dags/example_params_trigger_ui.py
[2026-04-10T09:08:12.071+0900] {processor.py:925} INFO - DAG(s) 'example_params_trigger_ui' retrieved from /home/airflow/.local/lib/python3.12/site-packages/airflow/example_dags/example_params_trigger_ui.py
[2026-04-10T09:08:12.100+0900] {logging_mixin.py:190} INFO - [2026-04-10T09:08:12.100+0900] {dag.py:3211} INFO - Sync 1 DAGs
[2026-04-10T09:08:12.112+0900] {logging_mixin.py:190} INFO - [2026-04-10T09:08:12.112+0900] {dag.py:4138} INFO - Setting next_dagrun for example_params_trigger_ui to None, run_after=None
[2026-04-10T09:08:12.251+0900] {processor.py:208} INFO - Processing /home/airflow/.local/lib/python3.12/site-packages/airflow/example_dags/example_params_trigger_ui.py took 0.195 seconds
[2026-04-10T09:08:42.464+0900] {processor.py:186} INFO - Started process (PID=146509) to work on /home/airflow/.local/lib/python3.12/site-packages/airflow/example_dags/example_params_trigger_ui.py
[2026-04-10T09:08:42.465+0900] {processor.py:914} INFO - Processing file /home/airflow/.local/lib/python3.12/site-packages/airflow/example_dags/example_params_trigger_ui.py for tasks to queue
[2026-04-10T09:08:42.467+0900] {logging_mixin.py:190} INFO - [2026-04-10T09:08:42.467+0900] {dagbag.py:587} INFO - Filling up the DagBag from /home/airflow/.local/lib/python3.12/site-packages/airflow/example_dags/example_params_trigger_ui.py
[2026-04-10T09:08:42.475+0900] {processor.py:925} INFO - DAG(s) 'example_params_trigger_ui' retrieved from /home/airflow/.local/lib/python3.12/site-packages/airflow/example_dags/example_params_trigger_ui.py
[2026-04-10T09:08:42.503+0900] {logging_mixin.py:190} INFO - [2026-04-10T09:08:42.503+0900] {dag.py:3211} INFO - Sync 1 DAGs
[2026-04-10T09:08:42.514+0900] {logging_mixin.py:190} INFO - [2026-04-10T09:08:42.514+0900] {dag.py:4138} INFO - Setting next_dagrun for example_params_trigger_ui to None, run_after=None
[2026-04-10T09:08:42.640+0900] {processor.py:208} INFO - Processing /home/airflow/.local/lib/python3.12/site-packages/airflow/example_dags/example_params_trigger_ui.py took 0.182 seconds
[2026-04-10T09:09:13.037+0900] {processor.py:186} INFO - Started process (PID=146572) to work on /home/airflow/.local/lib/python3.12/site-packages/airflow/example_dags/example_params_trigger_ui.py
[2026-04-10T09:09:13.038+0900] {processor.py:914} INFO - Processing file /home/airflow/.local/lib/python3.12/site-packages/airflow/example_dags/example_params_trigger_ui.py for tasks to queue
[2026-04-10T09:09:13.040+0900] {logging_mixin.py:190} INFO - [2026-04-10T09:09:13.040+0900] {dagbag.py:587} INFO - Filling up the DagBag from /home/airflow/.local/lib/python3.12/site-packages/airflow/example_dags/example_params_trigger_ui.py
[2026-04-10T09:09:13.051+0900] {processor.py:925} INFO - DAG(s) 'example_params_trigger_ui' retrieved from /home/airflow/.local/lib/python3.12/site-packages/airflow/example_dags/example_params_trigger_ui.py
[2026-04-10T09:09:13.080+0900] {logging_mixin.py:190} INFO - [2026-04-10T09:09:13.080+0900] {dag.py:3211} INFO - Sync 1 DAGs
[2026-04-10T09:09:13.090+0900] {logging_mixin.py:190} INFO - [2026-04-10T09:09:13.090+0900] {dag.py:4138} INFO - Setting next_dagrun for example_params_trigger_ui to None, run_after=None
[2026-04-10T09:09:13.106+0900] {processor.py:208} INFO - Processing /home/airflow/.local/lib/python3.12/site-packages/airflow/example_dags/example_params_trigger_ui.py took 0.073 seconds
[2026-04-10T09:09:43.702+0900] {processor.py:186} INFO - Started process (PID=146635) to work on /home/airflow/.local/lib/python3.12/site-packages/airflow/example_dags/example_params_trigger_ui.py
[2026-04-10T09:09:43.703+0900] {processor.py:914} INFO - Processing file /home/airflow/.local/lib/python3.12/site-packages/airflow/example_dags/example_params_trigger_ui.py for tasks to queue
[2026-04-10T09:09:43.706+0900] {logging_mixin.py:190} INFO - [2026-04-10T09:09:43.706+0900] {dagbag.py:587} INFO - Filling up the DagBag from /home/airflow/.local/lib/python3.12/site-packages/airflow/example_dags/example_params_trigger_ui.py
[2026-04-10T09:09:43.714+0900] {processor.py:925} INFO - DAG(s) 'example_params_trigger_ui' retrieved from /home/airflow/.local/lib/python3.12/site-packages/airflow/example_dags/example_params_trigger_ui.py
[2026-04-10T09:09:43.741+0900] {logging_mixin.py:190} INFO - [2026-04-10T09:09:43.741+0900] {dag.py:3211} INFO - Sync 1 DAGs
[2026-04-10T09:09:43.752+0900] {logging_mixin.py:190} INFO - [2026-04-10T09:09:43.752+0900] {dag.py:4138} INFO - Setting next_dagrun for example_params_trigger_ui to None, run_after=None
[2026-04-10T09:09:43.765+0900] {processor.py:208} INFO - Processing /home/airflow/.local/lib/python3.12/site-packages/airflow/example_dags/example_params_trigger_ui.py took 0.069 seconds
[2026-04-10T09:10:13.817+0900] {processor.py:186} INFO - Started process (PID=146698) to work on /home/airflow/.local/lib/python3.12/site-packages/airflow/example_dags/example_params_trigger_ui.py
[2026-04-10T09:10:13.819+0900] {processor.py:914} INFO - Processing file /home/airflow/.local/lib/python3.12/site-packages/airflow/example_dags/example_params_trigger_ui.py for tasks to queue
[2026-04-10T09:10:13.820+0900] {logging_mixin.py:190} INFO - [2026-04-10T09:10:13.820+0900] {dagbag.py:587} INFO - Filling up the DagBag from /home/airflow/.local/lib/python3.12/site-packages/airflow/example_dags/example_params_trigger_ui.py
[2026-04-10T09:10:13.829+0900] {processor.py:925} INFO - DAG(s) 'example_params_trigger_ui' retrieved from /home/airflow/.local/lib/python3.12/site-packages/airflow/example_dags/example_params_trigger_ui.py
[2026-04-10T09:10:13.858+0900] {logging_mixin.py:190} INFO - [2026-04-10T09:10:13.857+0900] {dag.py:3211} INFO - Sync 1 DAGs
[2026-04-10T09:10:13.868+0900] {logging_mixin.py:190} INFO - [2026-04-10T09:10:13.868+0900] {dag.py:4138} INFO - Setting next_dagrun for example_params_trigger_ui to None, run_after=None
[2026-04-10T09:10:13.881+0900] {processor.py:208} INFO - Processing /home/airflow/.local/lib/python3.12/site-packages/airflow/example_dags/example_params_trigger_ui.py took 0.069 seconds
[2026-04-10T09:10:44.591+0900] {processor.py:186} INFO - Started process (PID=146761) to work on /home/airflow/.local/lib/python3.12/site-packages/airflow/example_dags/example_params_trigger_ui.py
[2026-04-10T09:10:44.592+0900] {processor.py:914} INFO - Processing file /home/airflow/.local/lib/python3.12/site-packages/airflow/example_dags/example_params_trigger_ui.py for tasks to queue
[2026-04-10T09:10:44.595+0900] {logging_mixin.py:190} INFO - [2026-04-10T09:10:44.595+0900] {dagbag.py:587} INFO - Filling up the DagBag from /home/airflow/.local/lib/python3.12/site-packages/airflow/example_dags/example_params_trigger_ui.py
[2026-04-10T09:10:44.605+0900] {processor.py:925} INFO - DAG(s) 'example_params_trigger_ui' retrieved from /home/airflow/.local/lib/python3.12/site-packages/airflow/example_dags/example_params_trigger_ui.py
[2026-04-10T09:10:44.788+0900] {logging_mixin.py:190} INFO - [2026-04-10T09:10:44.788+0900] {dag.py:3211} INFO - Sync 1 DAGs
[2026-04-10T09:10:44.797+0900] {logging_mixin.py:190} INFO - [2026-04-10T09:10:44.796+0900] {dag.py:4138} INFO - Setting next_dagrun for example_params_trigger_ui to None, run_after=None
[2026-04-10T09:10:44.810+0900] {processor.py:208} INFO - Processing /home/airflow/.local/lib/python3.12/site-packages/airflow/example_dags/example_params_trigger_ui.py took 0.224 seconds
[2026-04-10T09:11:15.818+0900] {processor.py:186} INFO - Started process (PID=146824) to work on /home/airflow/.local/lib/python3.12/site-packages/airflow/example_dags/example_params_trigger_ui.py
[2026-04-10T09:11:15.819+0900] {processor.py:914} INFO - Processing file /home/airflow/.local/lib/python3.12/site-packages/airflow/example_dags/example_params_trigger_ui.py for tasks to queue
[2026-04-10T09:11:15.821+0900] {logging_mixin.py:190} INFO - [2026-04-10T09:11:15.821+0900] {dagbag.py:587} INFO - Filling up the DagBag from /home/airflow/.local/lib/python3.12/site-packages/airflow/example_dags/example_params_trigger_ui.py
[2026-04-10T09:11:15.829+0900] {processor.py:925} INFO - DAG(s) 'example_params_trigger_ui' retrieved from /home/airflow/.local/lib/python3.12/site-packages/airflow/example_dags/example_params_trigger_ui.py
[2026-04-10T09:11:15.858+0900] {logging_mixin.py:190} INFO - [2026-04-10T09:11:15.858+0900] {dag.py:3211} INFO - Sync 1 DAGs
[2026-04-10T09:11:15.869+0900] {logging_mixin.py:190} INFO - [2026-04-10T09:11:15.869+0900] {dag.py:4138} INFO - Setting next_dagrun for example_params_trigger_ui to None, run_after=None
[2026-04-10T09:11:15.885+0900] {processor.py:208} INFO - Processing /home/airflow/.local/lib/python3.12/site-packages/airflow/example_dags/example_params_trigger_ui.py took 0.072 seconds
[2026-04-10T09:11:45.942+0900] {processor.py:186} INFO - Started process (PID=146887) to work on /home/airflow/.local/lib/python3.12/site-packages/airflow/example_dags/example_params_trigger_ui.py
[2026-04-10T09:11:45.943+0900] {processor.py:914} INFO - Processing file /home/airflow/.local/lib/python3.12/site-packages/airflow/example_dags/example_params_trigger_ui.py for tasks to queue
[2026-04-10T09:11:45.945+0900] {logging_mixin.py:190} INFO - [2026-04-10T09:11:45.945+0900] {dagbag.py:587} INFO - Filling up the DagBag from /home/airflow/.local/lib/python3.12/site-packages/airflow/example_dags/example_params_trigger_ui.py
[2026-04-10T09:11:45.955+0900] {processor.py:925} INFO - DAG(s) 'example_params_trigger_ui' retrieved from /home/airflow/.local/lib/python3.12/site-packages/airflow/example_dags/example_params_trigger_ui.py
[2026-04-10T09:11:45.987+0900] {logging_mixin.py:190} INFO - [2026-04-10T09:11:45.986+0900] {dag.py:3211} INFO - Sync 1 DAGs
[2026-04-10T09:11:45.997+0900] {logging_mixin.py:190} INFO - [2026-04-10T09:11:45.997+0900] {dag.py:4138} INFO - Setting next_dagrun for example_params_trigger_ui to None, run_after=None
[2026-04-10T09:11:46.014+0900] {processor.py:208} INFO - Processing /home/airflow/.local/lib/python3.12/site-packages/airflow/example_dags/example_params_trigger_ui.py took 0.077 seconds
[2026-04-10T09:12:16.153+0900] {processor.py:186} INFO - Started process (PID=146950) to work on /home/airflow/.local/lib/python3.12/site-packages/airflow/example_dags/example_params_trigger_ui.py
[2026-04-10T09:12:16.154+0900] {processor.py:914} INFO - Processing file /home/airflow/.local/lib/python3.12/site-packages/airflow/example_dags/example_params_trigger_ui.py for tasks to queue
[2026-04-10T09:12:16.156+0900] {logging_mixin.py:190} INFO - [2026-04-10T09:12:16.155+0900] {dagbag.py:587} INFO - Filling up the DagBag from /home/airflow/.local/lib/python3.12/site-packages/airflow/example_dags/example_params_trigger_ui.py
[2026-04-10T09:12:16.164+0900] {processor.py:925} INFO - DAG(s) 'example_params_trigger_ui' retrieved from /home/airflow/.local/lib/python3.12/site-packages/airflow/example_dags/example_params_trigger_ui.py
[2026-04-10T09:12:16.195+0900] {logging_mixin.py:190} INFO - [2026-04-10T09:12:16.194+0900] {dag.py:3211} INFO - Sync 1 DAGs
[2026-04-10T09:12:16.206+0900] {logging_mixin.py:190} INFO - [2026-04-10T09:12:16.206+0900] {dag.py:4138} INFO - Setting next_dagrun for example_params_trigger_ui to None, run_after=None
[2026-04-10T09:12:16.222+0900] {processor.py:208} INFO - Processing /home/airflow/.local/lib/python3.12/site-packages/airflow/example_dags/example_params_trigger_ui.py took 0.074 seconds
[2026-04-10T09:12:46.404+0900] {processor.py:186} INFO - Started process (PID=147013) to work on /home/airflow/.local/lib/python3.12/site-packages/airflow/example_dags/example_params_trigger_ui.py
[2026-04-10T09:12:46.405+0900] {processor.py:914} INFO - Processing file /home/airflow/.local/lib/python3.12/site-packages/airflow/example_dags/example_params_trigger_ui.py for tasks to queue
[2026-04-10T09:12:46.407+0900] {logging_mixin.py:190} INFO - [2026-04-10T09:12:46.407+0900] {dagbag.py:587} INFO - Filling up the DagBag from /home/airflow/.local/lib/python3.12/site-packages/airflow/example_dags/example_params_trigger_ui.py
[2026-04-10T09:12:46.416+0900] {processor.py:925} INFO - DAG(s) 'example_params_trigger_ui' retrieved from /home/airflow/.local/lib/python3.12/site-packages/airflow/example_dags/example_params_trigger_ui.py
[2026-04-10T09:12:46.444+0900] {logging_mixin.py:190} INFO - [2026-04-10T09:12:46.444+0900] {dag.py:3211} INFO - Sync 1 DAGs
[2026-04-10T09:12:46.455+0900] {logging_mixin.py:190} INFO - [2026-04-10T09:12:46.454+0900] {dag.py:4138} INFO - Setting next_dagrun for example_params_trigger_ui to None, run_after=None
[2026-04-10T09:12:46.468+0900] {processor.py:208} INFO - Processing /home/airflow/.local/lib/python3.12/site-packages/airflow/example_dags/example_params_trigger_ui.py took 0.069 seconds
[2026-04-10T09:13:17.431+0900] {processor.py:186} INFO - Started process (PID=147076) to work on /home/airflow/.local/lib/python3.12/site-packages/airflow/example_dags/example_params_trigger_ui.py
[2026-04-10T09:13:17.432+0900] {processor.py:914} INFO - Processing file /home/airflow/.local/lib/python3.12/site-packages/airflow/example_dags/example_params_trigger_ui.py for tasks to queue
[2026-04-10T09:13:17.434+0900] {logging_mixin.py:190} INFO - [2026-04-10T09:13:17.434+0900] {dagbag.py:587} INFO - Filling up the DagBag from /home/airflow/.local/lib/python3.12/site-packages/airflow/example_dags/example_params_trigger_ui.py
[2026-04-10T09:13:17.443+0900] {processor.py:925} INFO - DAG(s) 'example_params_trigger_ui' retrieved from /home/airflow/.local/lib/python3.12/site-packages/airflow/example_dags/example_params_trigger_ui.py
[2026-04-10T09:13:17.474+0900] {logging_mixin.py:190} INFO - [2026-04-10T09:13:17.474+0900] {dag.py:3211} INFO - Sync 1 DAGs
[2026-04-10T09:13:17.485+0900] {logging_mixin.py:190} INFO - [2026-04-10T09:13:17.485+0900] {dag.py:4138} INFO - Setting next_dagrun for example_params_trigger_ui to None, run_after=None
[2026-04-10T09:13:17.498+0900] {processor.py:208} INFO - Processing /home/airflow/.local/lib/python3.12/site-packages/airflow/example_dags/example_params_trigger_ui.py took 0.071 seconds
[2026-04-10T09:13:48.161+0900] {processor.py:186} INFO - Started process (PID=147139) to work on /home/airflow/.local/lib/python3.12/site-packages/airflow/example_dags/example_params_trigger_ui.py
[2026-04-10T09:13:48.162+0900] {processor.py:914} INFO - Processing file /home/airflow/.local/lib/python3.12/site-packages/airflow/example_dags/example_params_trigger_ui.py for tasks to queue
[2026-04-10T09:13:48.164+0900] {logging_mixin.py:190} INFO - [2026-04-10T09:13:48.164+0900] {dagbag.py:587} INFO - Filling up the DagBag from /home/airflow/.local/lib/python3.12/site-packages/airflow/example_dags/example_params_trigger_ui.py
[2026-04-10T09:13:48.173+0900] {processor.py:925} INFO - DAG(s) 'example_params_trigger_ui' retrieved from /home/airflow/.local/lib/python3.12/site-packages/airflow/example_dags/example_params_trigger_ui.py
[2026-04-10T09:13:48.202+0900] {logging_mixin.py:190} INFO - [2026-04-10T09:13:48.202+0900] {dag.py:3211} INFO - Sync 1 DAGs
[2026-04-10T09:13:48.212+0900] {logging_mixin.py:190} INFO - [2026-04-10T09:13:48.211+0900] {dag.py:4138} INFO - Setting next_dagrun for example_params_trigger_ui to None, run_after=None
[2026-04-10T09:13:48.226+0900] {processor.py:208} INFO - Processing /home/airflow/.local/lib/python3.12/site-packages/airflow/example_dags/example_params_trigger_ui.py took 0.070 seconds
[2026-04-10T09:14:18.898+0900] {processor.py:186} INFO - Started process (PID=147202) to work on /home/airflow/.local/lib/python3.12/site-packages/airflow/example_dags/example_params_trigger_ui.py
[2026-04-10T09:14:18.899+0900] {processor.py:914} INFO - Processing file /home/airflow/.local/lib/python3.12/site-packages/airflow/example_dags/example_params_trigger_ui.py for tasks to queue
[2026-04-10T09:14:18.902+0900] {logging_mixin.py:190} INFO - [2026-04-10T09:14:18.902+0900] {dagbag.py:587} INFO - Filling up the DagBag from /home/airflow/.local/lib/python3.12/site-packages/airflow/example_dags/example_params_trigger_ui.py
[2026-04-10T09:14:18.911+0900] {processor.py:925} INFO - DAG(s) 'example_params_trigger_ui' retrieved from /home/airflow/.local/lib/python3.12/site-packages/airflow/example_dags/example_params_trigger_ui.py
[2026-04-10T09:14:18.941+0900] {logging_mixin.py:190} INFO - [2026-04-10T09:14:18.941+0900] {dag.py:3211} INFO - Sync 1 DAGs
[2026-04-10T09:14:18.952+0900] {logging_mixin.py:190} INFO - [2026-04-10T09:14:18.952+0900] {dag.py:4138} INFO - Setting next_dagrun for example_params_trigger_ui to None, run_after=None
[2026-04-10T09:14:18.966+0900] {processor.py:208} INFO - Processing /home/airflow/.local/lib/python3.12/site-packages/airflow/example_dags/example_params_trigger_ui.py took 0.072 seconds
[2026-04-10T09:14:49.445+0900] {processor.py:186} INFO - Started process (PID=147265) to work on /home/airflow/.local/lib/python3.12/site-packages/airflow/example_dags/example_params_trigger_ui.py
[2026-04-10T09:14:49.446+0900] {processor.py:914} INFO - Processing file /home/airflow/.local/lib/python3.12/site-packages/airflow/example_dags/example_params_trigger_ui.py for tasks to queue
[2026-04-10T09:14:49.448+0900] {logging_mixin.py:190} INFO - [2026-04-10T09:14:49.448+0900] {dagbag.py:587} INFO - Filling up the DagBag from /home/airflow/.local/lib/python3.12/site-packages/airflow/example_dags/example_params_trigger_ui.py
[2026-04-10T09:14:49.458+0900] {processor.py:925} INFO - DAG(s) 'example_params_trigger_ui' retrieved from /home/airflow/.local/lib/python3.12/site-packages/airflow/example_dags/example_params_trigger_ui.py
[2026-04-10T09:14:49.487+0900] {logging_mixin.py:190} INFO - [2026-04-10T09:14:49.487+0900] {dag.py:3211} INFO - Sync 1 DAGs
[2026-04-10T09:14:49.498+0900] {logging_mixin.py:190} INFO - [2026-04-10T09:14:49.497+0900] {dag.py:4138} INFO - Setting next_dagrun for example_params_trigger_ui to None, run_after=None
[2026-04-10T09:14:49.513+0900] {processor.py:208} INFO - Processing /home/airflow/.local/lib/python3.12/site-packages/airflow/example_dags/example_params_trigger_ui.py took 0.073 seconds
[2026-04-10T09:15:19.630+0900] {processor.py:186} INFO - Started process (PID=147328) to work on /home/airflow/.local/lib/python3.12/site-packages/airflow/example_dags/example_params_trigger_ui.py
[2026-04-10T09:15:19.632+0900] {processor.py:914} INFO - Processing file /home/airflow/.local/lib/python3.12/site-packages/airflow/example_dags/example_params_trigger_ui.py for tasks to queue
[2026-04-10T09:15:19.635+0900] {logging_mixin.py:190} INFO - [2026-04-10T09:15:19.634+0900] {dagbag.py:587} INFO - Filling up the DagBag from /home/airflow/.local/lib/python3.12/site-packages/airflow/example_dags/example_params_trigger_ui.py
[2026-04-10T09:15:19.644+0900] {processor.py:925} INFO - DAG(s) 'example_params_trigger_ui' retrieved from /home/airflow/.local/lib/python3.12/site-packages/airflow/example_dags/example_params_trigger_ui.py
[2026-04-10T09:15:19.672+0900] {logging_mixin.py:190} INFO - [2026-04-10T09:15:19.672+0900] {dag.py:3211} INFO - Sync 1 DAGs
[2026-04-10T09:15:19.682+0900] {logging_mixin.py:190} INFO - [2026-04-10T09:15:19.682+0900] {dag.py:4138} INFO - Setting next_dagrun for example_params_trigger_ui to None, run_after=None
[2026-04-10T09:15:19.699+0900] {processor.py:208} INFO - Processing /home/airflow/.local/lib/python3.12/site-packages/airflow/example_dags/example_params_trigger_ui.py took 0.073 seconds
[2026-04-10T09:15:50.576+0900] {processor.py:186} INFO - Started process (PID=147391) to work on /home/airflow/.local/lib/python3.12/site-packages/airflow/example_dags/example_params_trigger_ui.py
[2026-04-10T09:15:50.577+0900] {processor.py:914} INFO - Processing file /home/airflow/.local/lib/python3.12/site-packages/airflow/example_dags/example_params_trigger_ui.py for tasks to queue
[2026-04-10T09:15:50.579+0900] {logging_mixin.py:190} INFO - [2026-04-10T09:15:50.578+0900] {dagbag.py:587} INFO - Filling up the DagBag from /home/airflow/.local/lib/python3.12/site-packages/airflow/example_dags/example_params_trigger_ui.py
[2026-04-10T09:15:50.587+0900] {processor.py:925} INFO - DAG(s) 'example_params_trigger_ui' retrieved from /home/airflow/.local/lib/python3.12/site-packages/airflow/example_dags/example_params_trigger_ui.py
[2026-04-10T09:15:50.618+0900] {logging_mixin.py:190} INFO - [2026-04-10T09:15:50.617+0900] {dag.py:3211} INFO - Sync 1 DAGs
[2026-04-10T09:15:50.630+0900] {logging_mixin.py:190} INFO - [2026-04-10T09:15:50.629+0900] {dag.py:4138} INFO - Setting next_dagrun for example_params_trigger_ui to None, run_after=None
[2026-04-10T09:15:50.644+0900] {processor.py:208} INFO - Processing /home/airflow/.local/lib/python3.12/site-packages/airflow/example_dags/example_params_trigger_ui.py took 0.073 seconds
[2026-04-10T09:16:21.310+0900] {processor.py:186} INFO - Started process (PID=147454) to work on /home/airflow/.local/lib/python3.12/site-packages/airflow/example_dags/example_params_trigger_ui.py
[2026-04-10T09:16:21.311+0900] {processor.py:914} INFO - Processing file /home/airflow/.local/lib/python3.12/site-packages/airflow/example_dags/example_params_trigger_ui.py for tasks to queue
[2026-04-10T09:16:21.313+0900] {logging_mixin.py:190} INFO - [2026-04-10T09:16:21.313+0900] {dagbag.py:587} INFO - Filling up the DagBag from /home/airflow/.local/lib/python3.12/site-packages/airflow/example_dags/example_params_trigger_ui.py
[2026-04-10T09:16:21.325+0900] {processor.py:925} INFO - DAG(s) 'example_params_trigger_ui' retrieved from /home/airflow/.local/lib/python3.12/site-packages/airflow/example_dags/example_params_trigger_ui.py
[2026-04-10T09:16:21.361+0900] {logging_mixin.py:190} INFO - [2026-04-10T09:16:21.361+0900] {dag.py:3211} INFO - Sync 1 DAGs
[2026-04-10T09:16:21.373+0900] {logging_mixin.py:190} INFO - [2026-04-10T09:16:21.373+0900] {dag.py:4138} INFO - Setting next_dagrun for example_params_trigger_ui to None, run_after=None
[2026-04-10T09:16:21.393+0900] {processor.py:208} INFO - Processing /home/airflow/.local/lib/python3.12/site-packages/airflow/example_dags/example_params_trigger_ui.py took 0.089 seconds
[2026-04-10T09:16:52.050+0900] {processor.py:186} INFO - Started process (PID=147517) to work on /home/airflow/.local/lib/python3.12/site-packages/airflow/example_dags/example_params_trigger_ui.py
[2026-04-10T09:16:52.051+0900] {processor.py:914} INFO - Processing file /home/airflow/.local/lib/python3.12/site-packages/airflow/example_dags/example_params_trigger_ui.py for tasks to queue
[2026-04-10T09:16:52.053+0900] {logging_mixin.py:190} INFO - [2026-04-10T09:16:52.053+0900] {dagbag.py:587} INFO - Filling up the DagBag from /home/airflow/.local/lib/python3.12/site-packages/airflow/example_dags/example_params_trigger_ui.py
[2026-04-10T09:16:52.061+0900] {processor.py:925} INFO - DAG(s) 'example_params_trigger_ui' retrieved from /home/airflow/.local/lib/python3.12/site-packages/airflow/example_dags/example_params_trigger_ui.py
[2026-04-10T09:16:52.092+0900] {logging_mixin.py:190} INFO - [2026-04-10T09:16:52.091+0900] {dag.py:3211} INFO - Sync 1 DAGs
[2026-04-10T09:16:52.104+0900] {logging_mixin.py:190} INFO - [2026-04-10T09:16:52.103+0900] {dag.py:4138} INFO - Setting next_dagrun for example_params_trigger_ui to None, run_after=None
[2026-04-10T09:16:52.119+0900] {processor.py:208} INFO - Processing /home/airflow/.local/lib/python3.12/site-packages/airflow/example_dags/example_params_trigger_ui.py took 0.074 seconds
[2026-04-10T09:17:22.773+0900] {processor.py:186} INFO - Started process (PID=147580) to work on /home/airflow/.local/lib/python3.12/site-packages/airflow/example_dags/example_params_trigger_ui.py
[2026-04-10T09:17:22.774+0900] {processor.py:914} INFO - Processing file /home/airflow/.local/lib/python3.12/site-packages/airflow/example_dags/example_params_trigger_ui.py for tasks to queue
[2026-04-10T09:17:22.776+0900] {logging_mixin.py:190} INFO - [2026-04-10T09:17:22.776+0900] {dagbag.py:587} INFO - Filling up the DagBag from /home/airflow/.local/lib/python3.12/site-packages/airflow/example_dags/example_params_trigger_ui.py
[2026-04-10T09:17:22.785+0900] {processor.py:925} INFO - DAG(s) 'example_params_trigger_ui' retrieved from /home/airflow/.local/lib/python3.12/site-packages/airflow/example_dags/example_params_trigger_ui.py
[2026-04-10T09:17:22.814+0900] {logging_mixin.py:190} INFO - [2026-04-10T09:17:22.813+0900] {dag.py:3211} INFO - Sync 1 DAGs
[2026-04-10T09:17:22.824+0900] {logging_mixin.py:190} INFO - [2026-04-10T09:17:22.824+0900] {dag.py:4138} INFO - Setting next_dagrun for example_params_trigger_ui to None, run_after=None
[2026-04-10T09:17:22.840+0900] {processor.py:208} INFO - Processing /home/airflow/.local/lib/python3.12/site-packages/airflow/example_dags/example_params_trigger_ui.py took 0.072 seconds
[2026-04-10T09:17:53.510+0900] {processor.py:186} INFO - Started process (PID=147643) to work on /home/airflow/.local/lib/python3.12/site-packages/airflow/example_dags/example_params_trigger_ui.py
[2026-04-10T09:17:53.511+0900] {processor.py:914} INFO - Processing file /home/airflow/.local/lib/python3.12/site-packages/airflow/example_dags/example_params_trigger_ui.py for tasks to queue
[2026-04-10T09:17:53.514+0900] {logging_mixin.py:190} INFO - [2026-04-10T09:17:53.513+0900] {dagbag.py:587} INFO - Filling up the DagBag from /home/airflow/.local/lib/python3.12/site-packages/airflow/example_dags/example_params_trigger_ui.py
[2026-04-10T09:17:53.522+0900] {processor.py:925} INFO - DAG(s) 'example_params_trigger_ui' retrieved from /home/airflow/.local/lib/python3.12/site-packages/airflow/example_dags/example_params_trigger_ui.py
[2026-04-10T09:17:53.556+0900] {logging_mixin.py:190} INFO - [2026-04-10T09:17:53.556+0900] {dag.py:3211} INFO - Sync 1 DAGs
[2026-04-10T09:17:53.566+0900] {logging_mixin.py:190} INFO - [2026-04-10T09:17:53.566+0900] {dag.py:4138} INFO - Setting next_dagrun for example_params_trigger_ui to None, run_after=None
[2026-04-10T09:17:53.581+0900] {processor.py:208} INFO - Processing /home/airflow/.local/lib/python3.12/site-packages/airflow/example_dags/example_params_trigger_ui.py took 0.076 seconds
[2026-04-10T09:18:24.491+0900] {processor.py:186} INFO - Started process (PID=147706) to work on /home/airflow/.local/lib/python3.12/site-packages/airflow/example_dags/example_params_trigger_ui.py
[2026-04-10T09:18:24.492+0900] {processor.py:914} INFO - Processing file /home/airflow/.local/lib/python3.12/site-packages/airflow/example_dags/example_params_trigger_ui.py for tasks to queue
[2026-04-10T09:18:24.494+0900] {logging_mixin.py:190} INFO - [2026-04-10T09:18:24.493+0900] {dagbag.py:587} INFO - Filling up the DagBag from /home/airflow/.local/lib/python3.12/site-packages/airflow/example_dags/example_params_trigger_ui.py
[2026-04-10T09:18:24.501+0900] {processor.py:925} INFO - DAG(s) 'example_params_trigger_ui' retrieved from /home/airflow/.local/lib/python3.12/site-packages/airflow/example_dags/example_params_trigger_ui.py
[2026-04-10T09:18:24.529+0900] {logging_mixin.py:190} INFO - [2026-04-10T09:18:24.529+0900] {dag.py:3211} INFO - Sync 1 DAGs
[2026-04-10T09:18:24.539+0900] {logging_mixin.py:190} INFO - [2026-04-10T09:18:24.539+0900] {dag.py:4138} INFO - Setting next_dagrun for example_params_trigger_ui to None, run_after=None
[2026-04-10T09:18:24.553+0900] {processor.py:208} INFO - Processing /home/airflow/.local/lib/python3.12/site-packages/airflow/example_dags/example_params_trigger_ui.py took 0.067 seconds
[2026-04-10T09:18:55.111+0900] {processor.py:186} INFO - Started process (PID=147769) to work on /home/airflow/.local/lib/python3.12/site-packages/airflow/example_dags/example_params_trigger_ui.py
[2026-04-10T09:18:55.112+0900] {processor.py:914} INFO - Processing file /home/airflow/.local/lib/python3.12/site-packages/airflow/example_dags/example_params_trigger_ui.py for tasks to queue
[2026-04-10T09:18:55.114+0900] {logging_mixin.py:190} INFO - [2026-04-10T09:18:55.114+0900] {dagbag.py:587} INFO - Filling up the DagBag from /home/airflow/.local/lib/python3.12/site-packages/airflow/example_dags/example_params_trigger_ui.py
[2026-04-10T09:18:55.122+0900] {processor.py:925} INFO - DAG(s) 'example_params_trigger_ui' retrieved from /home/airflow/.local/lib/python3.12/site-packages/airflow/example_dags/example_params_trigger_ui.py
[2026-04-10T09:18:55.150+0900] {logging_mixin.py:190} INFO - [2026-04-10T09:18:55.150+0900] {dag.py:3211} INFO - Sync 1 DAGs
[2026-04-10T09:18:55.159+0900] {logging_mixin.py:190} INFO - [2026-04-10T09:18:55.159+0900] {dag.py:4138} INFO - Setting next_dagrun for example_params_trigger_ui to None, run_after=None
[2026-04-10T09:18:55.171+0900] {processor.py:208} INFO - Processing /home/airflow/.local/lib/python3.12/site-packages/airflow/example_dags/example_params_trigger_ui.py took 0.064 seconds
[2026-04-10T09:19:25.277+0900] {processor.py:186} INFO - Started process (PID=147832) to work on /home/airflow/.local/lib/python3.12/site-packages/airflow/example_dags/example_params_trigger_ui.py
[2026-04-10T09:19:25.278+0900] {processor.py:914} INFO - Processing file /home/airflow/.local/lib/python3.12/site-packages/airflow/example_dags/example_params_trigger_ui.py for tasks to queue
[2026-04-10T09:19:25.279+0900] {logging_mixin.py:190} INFO - [2026-04-10T09:19:25.279+0900] {dagbag.py:587} INFO - Filling up the DagBag from /home/airflow/.local/lib/python3.12/site-packages/airflow/example_dags/example_params_trigger_ui.py
[2026-04-10T09:19:25.287+0900] {processor.py:925} INFO - DAG(s) 'example_params_trigger_ui' retrieved from /home/airflow/.local/lib/python3.12/site-packages/airflow/example_dags/example_params_trigger_ui.py
[2026-04-10T09:19:25.313+0900] {logging_mixin.py:190} INFO - [2026-04-10T09:19:25.313+0900] {dag.py:3211} INFO - Sync 1 DAGs
[2026-04-10T09:19:25.322+0900] {logging_mixin.py:190} INFO - [2026-04-10T09:19:25.322+0900] {dag.py:4138} INFO - Setting next_dagrun for example_params_trigger_ui to None, run_after=None
[2026-04-10T09:19:25.336+0900] {processor.py:208} INFO - Processing /home/airflow/.local/lib/python3.12/site-packages/airflow/example_dags/example_params_trigger_ui.py took 0.064 seconds
[2026-04-10T09:19:55.437+0900] {processor.py:186} INFO - Started process (PID=147895) to work on /home/airflow/.local/lib/python3.12/site-packages/airflow/example_dags/example_params_trigger_ui.py
[2026-04-10T09:19:55.438+0900] {processor.py:914} INFO - Processing file /home/airflow/.local/lib/python3.12/site-packages/airflow/example_dags/example_params_trigger_ui.py for tasks to queue
[2026-04-10T09:19:55.440+0900] {logging_mixin.py:190} INFO - [2026-04-10T09:19:55.440+0900] {dagbag.py:587} INFO - Filling up the DagBag from /home/airflow/.local/lib/python3.12/site-packages/airflow/example_dags/example_params_trigger_ui.py
[2026-04-10T09:19:55.449+0900] {processor.py:925} INFO - DAG(s) 'example_params_trigger_ui' retrieved from /home/airflow/.local/lib/python3.12/site-packages/airflow/example_dags/example_params_trigger_ui.py
[2026-04-10T09:19:55.476+0900] {logging_mixin.py:190} INFO - [2026-04-10T09:19:55.475+0900] {dag.py:3211} INFO - Sync 1 DAGs
[2026-04-10T09:19:55.485+0900] {logging_mixin.py:190} INFO - [2026-04-10T09:19:55.485+0900] {dag.py:4138} INFO - Setting next_dagrun for example_params_trigger_ui to None, run_after=None
[2026-04-10T09:19:55.500+0900] {processor.py:208} INFO - Processing /home/airflow/.local/lib/python3.12/site-packages/airflow/example_dags/example_params_trigger_ui.py took 0.068 seconds
[2026-04-10T09:20:25.940+0900] {processor.py:186} INFO - Started process (PID=147958) to work on /home/airflow/.local/lib/python3.12/site-packages/airflow/example_dags/example_params_trigger_ui.py
[2026-04-10T09:20:25.940+0900] {processor.py:914} INFO - Processing file /home/airflow/.local/lib/python3.12/site-packages/airflow/example_dags/example_params_trigger_ui.py for tasks to queue
[2026-04-10T09:20:25.942+0900] {logging_mixin.py:190} INFO - [2026-04-10T09:20:25.942+0900] {dagbag.py:587} INFO - Filling up the DagBag from /home/airflow/.local/lib/python3.12/site-packages/airflow/example_dags/example_params_trigger_ui.py
[2026-04-10T09:20:25.951+0900] {processor.py:925} INFO - DAG(s) 'example_params_trigger_ui' retrieved from /home/airflow/.local/lib/python3.12/site-packages/airflow/example_dags/example_params_trigger_ui.py
[2026-04-10T09:20:25.978+0900] {logging_mixin.py:190} INFO - [2026-04-10T09:20:25.978+0900] {dag.py:3211} INFO - Sync 1 DAGs
[2026-04-10T09:20:25.987+0900] {logging_mixin.py:190} INFO - [2026-04-10T09:20:25.987+0900] {dag.py:4138} INFO - Setting next_dagrun for example_params_trigger_ui to None, run_after=None
[2026-04-10T09:20:25.999+0900] {processor.py:208} INFO - Processing /home/airflow/.local/lib/python3.12/site-packages/airflow/example_dags/example_params_trigger_ui.py took 0.063 seconds
[2026-04-10T09:20:56.609+0900] {processor.py:186} INFO - Started process (PID=148021) to work on /home/airflow/.local/lib/python3.12/site-packages/airflow/example_dags/example_params_trigger_ui.py
[2026-04-10T09:20:56.611+0900] {processor.py:914} INFO - Processing file /home/airflow/.local/lib/python3.12/site-packages/airflow/example_dags/example_params_trigger_ui.py for tasks to queue
[2026-04-10T09:20:56.613+0900] {logging_mixin.py:190} INFO - [2026-04-10T09:20:56.613+0900] {dagbag.py:587} INFO - Filling up the DagBag from /home/airflow/.local/lib/python3.12/site-packages/airflow/example_dags/example_params_trigger_ui.py
[2026-04-10T09:20:56.623+0900] {processor.py:925} INFO - DAG(s) 'example_params_trigger_ui' retrieved from /home/airflow/.local/lib/python3.12/site-packages/airflow/example_dags/example_params_trigger_ui.py
[2026-04-10T09:20:56.652+0900] {logging_mixin.py:190} INFO - [2026-04-10T09:20:56.652+0900] {dag.py:3211} INFO - Sync 1 DAGs
[2026-04-10T09:20:56.662+0900] {logging_mixin.py:190} INFO - [2026-04-10T09:20:56.662+0900] {dag.py:4138} INFO - Setting next_dagrun for example_params_trigger_ui to None, run_after=None
[2026-04-10T09:20:56.676+0900] {processor.py:208} INFO - Processing /home/airflow/.local/lib/python3.12/site-packages/airflow/example_dags/example_params_trigger_ui.py took 0.072 seconds
[2026-04-10T09:21:27.581+0900] {processor.py:186} INFO - Started process (PID=148084) to work on /home/airflow/.local/lib/python3.12/site-packages/airflow/example_dags/example_params_trigger_ui.py
[2026-04-10T09:21:27.582+0900] {processor.py:914} INFO - Processing file /home/airflow/.local/lib/python3.12/site-packages/airflow/example_dags/example_params_trigger_ui.py for tasks to queue
[2026-04-10T09:21:27.584+0900] {logging_mixin.py:190} INFO - [2026-04-10T09:21:27.584+0900] {dagbag.py:587} INFO - Filling up the DagBag from /home/airflow/.local/lib/python3.12/site-packages/airflow/example_dags/example_params_trigger_ui.py
[2026-04-10T09:21:27.593+0900] {processor.py:925} INFO - DAG(s) 'example_params_trigger_ui' retrieved from /home/airflow/.local/lib/python3.12/site-packages/airflow/example_dags/example_params_trigger_ui.py
[2026-04-10T09:21:27.623+0900] {logging_mixin.py:190} INFO - [2026-04-10T09:21:27.623+0900] {dag.py:3211} INFO - Sync 1 DAGs
[2026-04-10T09:21:27.635+0900] {logging_mixin.py:190} INFO - [2026-04-10T09:21:27.635+0900] {dag.py:4138} INFO - Setting next_dagrun for example_params_trigger_ui to None, run_after=None
[2026-04-10T09:21:27.650+0900] {processor.py:208} INFO - Processing /home/airflow/.local/lib/python3.12/site-packages/airflow/example_dags/example_params_trigger_ui.py took 0.074 seconds
[2026-04-10T09:21:58.277+0900] {processor.py:186} INFO - Started process (PID=148147) to work on /home/airflow/.local/lib/python3.12/site-packages/airflow/example_dags/example_params_trigger_ui.py
[2026-04-10T09:21:58.278+0900] {processor.py:914} INFO - Processing file /home/airflow/.local/lib/python3.12/site-packages/airflow/example_dags/example_params_trigger_ui.py for tasks to queue
[2026-04-10T09:21:58.280+0900] {logging_mixin.py:190} INFO - [2026-04-10T09:21:58.280+0900] {dagbag.py:587} INFO - Filling up the DagBag from /home/airflow/.local/lib/python3.12/site-packages/airflow/example_dags/example_params_trigger_ui.py
[2026-04-10T09:21:58.289+0900] {processor.py:925} INFO - DAG(s) 'example_params_trigger_ui' retrieved from /home/airflow/.local/lib/python3.12/site-packages/airflow/example_dags/example_params_trigger_ui.py
[2026-04-10T09:21:58.326+0900] {logging_mixin.py:190} INFO - [2026-04-10T09:21:58.326+0900] {dag.py:3211} INFO - Sync 1 DAGs
[2026-04-10T09:21:58.337+0900] {logging_mixin.py:190} INFO - [2026-04-10T09:21:58.337+0900] {dag.py:4138} INFO - Setting next_dagrun for example_params_trigger_ui to None, run_after=None
[2026-04-10T09:21:58.357+0900] {processor.py:208} INFO - Processing /home/airflow/.local/lib/python3.12/site-packages/airflow/example_dags/example_params_trigger_ui.py took 0.084 seconds
[2026-04-10T09:22:29.096+0900] {processor.py:186} INFO - Started process (PID=148210) to work on /home/airflow/.local/lib/python3.12/site-packages/airflow/example_dags/example_params_trigger_ui.py
[2026-04-10T09:22:29.097+0900] {processor.py:914} INFO - Processing file /home/airflow/.local/lib/python3.12/site-packages/airflow/example_dags/example_params_trigger_ui.py for tasks to queue
[2026-04-10T09:22:29.099+0900] {logging_mixin.py:190} INFO - [2026-04-10T09:22:29.099+0900] {dagbag.py:587} INFO - Filling up the DagBag from /home/airflow/.local/lib/python3.12/site-packages/airflow/example_dags/example_params_trigger_ui.py
[2026-04-10T09:22:29.110+0900] {processor.py:925} INFO - DAG(s) 'example_params_trigger_ui' retrieved from /home/airflow/.local/lib/python3.12/site-packages/airflow/example_dags/example_params_trigger_ui.py
[2026-04-10T09:22:29.142+0900] {logging_mixin.py:190} INFO - [2026-04-10T09:22:29.142+0900] {dag.py:3211} INFO - Sync 1 DAGs
[2026-04-10T09:22:29.153+0900] {logging_mixin.py:190} INFO - [2026-04-10T09:22:29.153+0900] {dag.py:4138} INFO - Setting next_dagrun for example_params_trigger_ui to None, run_after=None
[2026-04-10T09:22:29.168+0900] {processor.py:208} INFO - Processing /home/airflow/.local/lib/python3.12/site-packages/airflow/example_dags/example_params_trigger_ui.py took 0.077 seconds
[2026-04-10T09:22:59.876+0900] {processor.py:186} INFO - Started process (PID=148273) to work on /home/airflow/.local/lib/python3.12/site-packages/airflow/example_dags/example_params_trigger_ui.py
[2026-04-10T09:22:59.877+0900] {processor.py:914} INFO - Processing file /home/airflow/.local/lib/python3.12/site-packages/airflow/example_dags/example_params_trigger_ui.py for tasks to queue
[2026-04-10T09:22:59.879+0900] {logging_mixin.py:190} INFO - [2026-04-10T09:22:59.879+0900] {dagbag.py:587} INFO - Filling up the DagBag from /home/airflow/.local/lib/python3.12/site-packages/airflow/example_dags/example_params_trigger_ui.py
[2026-04-10T09:22:59.888+0900] {processor.py:925} INFO - DAG(s) 'example_params_trigger_ui' retrieved from /home/airflow/.local/lib/python3.12/site-packages/airflow/example_dags/example_params_trigger_ui.py
[2026-04-10T09:22:59.917+0900] {logging_mixin.py:190} INFO - [2026-04-10T09:22:59.917+0900] {dag.py:3211} INFO - Sync 1 DAGs
[2026-04-10T09:22:59.928+0900] {logging_mixin.py:190} INFO - [2026-04-10T09:22:59.927+0900] {dag.py:4138} INFO - Setting next_dagrun for example_params_trigger_ui to None, run_after=None
[2026-04-10T09:22:59.942+0900] {processor.py:208} INFO - Processing /home/airflow/.local/lib/python3.12/site-packages/airflow/example_dags/example_params_trigger_ui.py took 0.070 seconds
[2026-04-10T09:23:30.621+0900] {processor.py:186} INFO - Started process (PID=148336) to work on /home/airflow/.local/lib/python3.12/site-packages/airflow/example_dags/example_params_trigger_ui.py
[2026-04-10T09:23:30.622+0900] {processor.py:914} INFO - Processing file /home/airflow/.local/lib/python3.12/site-packages/airflow/example_dags/example_params_trigger_ui.py for tasks to queue
[2026-04-10T09:23:30.624+0900] {logging_mixin.py:190} INFO - [2026-04-10T09:23:30.624+0900] {dagbag.py:587} INFO - Filling up the DagBag from /home/airflow/.local/lib/python3.12/site-packages/airflow/example_dags/example_params_trigger_ui.py
[2026-04-10T09:23:30.632+0900] {processor.py:925} INFO - DAG(s) 'example_params_trigger_ui' retrieved from /home/airflow/.local/lib/python3.12/site-packages/airflow/example_dags/example_params_trigger_ui.py
[2026-04-10T09:23:30.660+0900] {logging_mixin.py:190} INFO - [2026-04-10T09:23:30.660+0900] {dag.py:3211} INFO - Sync 1 DAGs
[2026-04-10T09:23:30.671+0900] {logging_mixin.py:190} INFO - [2026-04-10T09:23:30.671+0900] {dag.py:4138} INFO - Setting next_dagrun for example_params_trigger_ui to None, run_after=None
[2026-04-10T09:23:30.685+0900] {processor.py:208} INFO - Processing /home/airflow/.local/lib/python3.12/site-packages/airflow/example_dags/example_params_trigger_ui.py took 0.069 seconds
[2026-04-10T09:24:01.279+0900] {processor.py:186} INFO - Started process (PID=148399) to work on /home/airflow/.local/lib/python3.12/site-packages/airflow/example_dags/example_params_trigger_ui.py
[2026-04-10T09:24:01.280+0900] {processor.py:914} INFO - Processing file /home/airflow/.local/lib/python3.12/site-packages/airflow/example_dags/example_params_trigger_ui.py for tasks to queue
[2026-04-10T09:24:01.282+0900] {logging_mixin.py:190} INFO - [2026-04-10T09:24:01.282+0900] {dagbag.py:587} INFO - Filling up the DagBag from /home/airflow/.local/lib/python3.12/site-packages/airflow/example_dags/example_params_trigger_ui.py
[2026-04-10T09:24:01.291+0900] {processor.py:925} INFO - DAG(s) 'example_params_trigger_ui' retrieved from /home/airflow/.local/lib/python3.12/site-packages/airflow/example_dags/example_params_trigger_ui.py
[2026-04-10T09:24:01.320+0900] {logging_mixin.py:190} INFO - [2026-04-10T09:24:01.320+0900] {dag.py:3211} INFO - Sync 1 DAGs
[2026-04-10T09:24:01.331+0900] {logging_mixin.py:190} INFO - [2026-04-10T09:24:01.330+0900] {dag.py:4138} INFO - Setting next_dagrun for example_params_trigger_ui to None, run_after=None
[2026-04-10T09:24:01.344+0900] {processor.py:208} INFO - Processing /home/airflow/.local/lib/python3.12/site-packages/airflow/example_dags/example_params_trigger_ui.py took 0.070 seconds
[2026-04-10T09:24:31.421+0900] {processor.py:186} INFO - Started process (PID=148462) to work on /home/airflow/.local/lib/python3.12/site-packages/airflow/example_dags/example_params_trigger_ui.py
[2026-04-10T09:24:31.422+0900] {processor.py:914} INFO - Processing file /home/airflow/.local/lib/python3.12/site-packages/airflow/example_dags/example_params_trigger_ui.py for tasks to queue
[2026-04-10T09:24:31.424+0900] {logging_mixin.py:190} INFO - [2026-04-10T09:24:31.424+0900] {dagbag.py:587} INFO - Filling up the DagBag from /home/airflow/.local/lib/python3.12/site-packages/airflow/example_dags/example_params_trigger_ui.py
[2026-04-10T09:24:31.433+0900] {processor.py:925} INFO - DAG(s) 'example_params_trigger_ui' retrieved from /home/airflow/.local/lib/python3.12/site-packages/airflow/example_dags/example_params_trigger_ui.py
[2026-04-10T09:24:31.462+0900] {logging_mixin.py:190} INFO - [2026-04-10T09:24:31.461+0900] {dag.py:3211} INFO - Sync 1 DAGs
[2026-04-10T09:24:31.472+0900] {logging_mixin.py:190} INFO - [2026-04-10T09:24:31.471+0900] {dag.py:4138} INFO - Setting next_dagrun for example_params_trigger_ui to None, run_after=None
[2026-04-10T09:24:31.484+0900] {processor.py:208} INFO - Processing /home/airflow/.local/lib/python3.12/site-packages/airflow/example_dags/example_params_trigger_ui.py took 0.068 seconds
[2026-04-10T09:25:01.753+0900] {processor.py:186} INFO - Started process (PID=148525) to work on /home/airflow/.local/lib/python3.12/site-packages/airflow/example_dags/example_params_trigger_ui.py
[2026-04-10T09:25:01.754+0900] {processor.py:914} INFO - Processing file /home/airflow/.local/lib/python3.12/site-packages/airflow/example_dags/example_params_trigger_ui.py for tasks to queue
[2026-04-10T09:25:01.756+0900] {logging_mixin.py:190} INFO - [2026-04-10T09:25:01.756+0900] {dagbag.py:587} INFO - Filling up the DagBag from /home/airflow/.local/lib/python3.12/site-packages/airflow/example_dags/example_params_trigger_ui.py
[2026-04-10T09:25:01.765+0900] {processor.py:925} INFO - DAG(s) 'example_params_trigger_ui' retrieved from /home/airflow/.local/lib/python3.12/site-packages/airflow/example_dags/example_params_trigger_ui.py
[2026-04-10T09:25:01.799+0900] {logging_mixin.py:190} INFO - [2026-04-10T09:25:01.798+0900] {dag.py:3211} INFO - Sync 1 DAGs
[2026-04-10T09:25:01.809+0900] {logging_mixin.py:190} INFO - [2026-04-10T09:25:01.809+0900] {dag.py:4138} INFO - Setting next_dagrun for example_params_trigger_ui to None, run_after=None
[2026-04-10T09:25:01.824+0900] {processor.py:208} INFO - Processing /home/airflow/.local/lib/python3.12/site-packages/airflow/example_dags/example_params_trigger_ui.py took 0.077 seconds
[2026-04-10T09:25:31.900+0900] {processor.py:186} INFO - Started process (PID=148588) to work on /home/airflow/.local/lib/python3.12/site-packages/airflow/example_dags/example_params_trigger_ui.py
[2026-04-10T09:25:31.902+0900] {processor.py:914} INFO - Processing file /home/airflow/.local/lib/python3.12/site-packages/airflow/example_dags/example_params_trigger_ui.py for tasks to queue
[2026-04-10T09:25:31.904+0900] {logging_mixin.py:190} INFO - [2026-04-10T09:25:31.904+0900] {dagbag.py:587} INFO - Filling up the DagBag from /home/airflow/.local/lib/python3.12/site-packages/airflow/example_dags/example_params_trigger_ui.py
[2026-04-10T09:25:31.912+0900] {processor.py:925} INFO - DAG(s) 'example_params_trigger_ui' retrieved from /home/airflow/.local/lib/python3.12/site-packages/airflow/example_dags/example_params_trigger_ui.py
[2026-04-10T09:25:31.943+0900] {logging_mixin.py:190} INFO - [2026-04-10T09:25:31.942+0900] {dag.py:3211} INFO - Sync 1 DAGs
[2026-04-10T09:25:31.952+0900] {logging_mixin.py:190} INFO - [2026-04-10T09:25:31.952+0900] {dag.py:4138} INFO - Setting next_dagrun for example_params_trigger_ui to None, run_after=None
[2026-04-10T09:25:31.968+0900] {processor.py:208} INFO - Processing /home/airflow/.local/lib/python3.12/site-packages/airflow/example_dags/example_params_trigger_ui.py took 0.073 seconds
[2026-04-10T09:26:02.175+0900] {processor.py:186} INFO - Started process (PID=148651) to work on /home/airflow/.local/lib/python3.12/site-packages/airflow/example_dags/example_params_trigger_ui.py
[2026-04-10T09:26:02.176+0900] {processor.py:914} INFO - Processing file /home/airflow/.local/lib/python3.12/site-packages/airflow/example_dags/example_params_trigger_ui.py for tasks to queue
[2026-04-10T09:26:02.178+0900] {logging_mixin.py:190} INFO - [2026-04-10T09:26:02.177+0900] {dagbag.py:587} INFO - Filling up the DagBag from /home/airflow/.local/lib/python3.12/site-packages/airflow/example_dags/example_params_trigger_ui.py
[2026-04-10T09:26:02.188+0900] {processor.py:925} INFO - DAG(s) 'example_params_trigger_ui' retrieved from /home/airflow/.local/lib/python3.12/site-packages/airflow/example_dags/example_params_trigger_ui.py
[2026-04-10T09:26:02.216+0900] {logging_mixin.py:190} INFO - [2026-04-10T09:26:02.216+0900] {dag.py:3211} INFO - Sync 1 DAGs
[2026-04-10T09:26:02.227+0900] {logging_mixin.py:190} INFO - [2026-04-10T09:26:02.227+0900] {dag.py:4138} INFO - Setting next_dagrun for example_params_trigger_ui to None, run_after=None
[2026-04-10T09:26:02.243+0900] {processor.py:208} INFO - Processing /home/airflow/.local/lib/python3.12/site-packages/airflow/example_dags/example_params_trigger_ui.py took 0.073 seconds
[2026-04-10T09:26:33.006+0900] {processor.py:186} INFO - Started process (PID=148714) to work on /home/airflow/.local/lib/python3.12/site-packages/airflow/example_dags/example_params_trigger_ui.py
[2026-04-10T09:26:33.008+0900] {processor.py:914} INFO - Processing file /home/airflow/.local/lib/python3.12/site-packages/airflow/example_dags/example_params_trigger_ui.py for tasks to queue
[2026-04-10T09:26:33.010+0900] {logging_mixin.py:190} INFO - [2026-04-10T09:26:33.010+0900] {dagbag.py:587} INFO - Filling up the DagBag from /home/airflow/.local/lib/python3.12/site-packages/airflow/example_dags/example_params_trigger_ui.py
[2026-04-10T09:26:33.019+0900] {processor.py:925} INFO - DAG(s) 'example_params_trigger_ui' retrieved from /home/airflow/.local/lib/python3.12/site-packages/airflow/example_dags/example_params_trigger_ui.py
[2026-04-10T09:26:33.048+0900] {logging_mixin.py:190} INFO - [2026-04-10T09:26:33.048+0900] {dag.py:3211} INFO - Sync 1 DAGs
[2026-04-10T09:26:33.058+0900] {logging_mixin.py:190} INFO - [2026-04-10T09:26:33.058+0900] {dag.py:4138} INFO - Setting next_dagrun for example_params_trigger_ui to None, run_after=None
[2026-04-10T09:26:33.072+0900] {processor.py:208} INFO - Processing /home/airflow/.local/lib/python3.12/site-packages/airflow/example_dags/example_params_trigger_ui.py took 0.071 seconds
[2026-04-10T09:27:03.823+0900] {processor.py:186} INFO - Started process (PID=148777) to work on /home/airflow/.local/lib/python3.12/site-packages/airflow/example_dags/example_params_trigger_ui.py
[2026-04-10T09:27:03.824+0900] {processor.py:914} INFO - Processing file /home/airflow/.local/lib/python3.12/site-packages/airflow/example_dags/example_params_trigger_ui.py for tasks to queue
[2026-04-10T09:27:03.826+0900] {logging_mixin.py:190} INFO - [2026-04-10T09:27:03.825+0900] {dagbag.py:587} INFO - Filling up the DagBag from /home/airflow/.local/lib/python3.12/site-packages/airflow/example_dags/example_params_trigger_ui.py
[2026-04-10T09:27:03.834+0900] {processor.py:925} INFO - DAG(s) 'example_params_trigger_ui' retrieved from /home/airflow/.local/lib/python3.12/site-packages/airflow/example_dags/example_params_trigger_ui.py
[2026-04-10T09:27:03.864+0900] {logging_mixin.py:190} INFO - [2026-04-10T09:27:03.864+0900] {dag.py:3211} INFO - Sync 1 DAGs
[2026-04-10T09:27:03.875+0900] {logging_mixin.py:190} INFO - [2026-04-10T09:27:03.875+0900] {dag.py:4138} INFO - Setting next_dagrun for example_params_trigger_ui to None, run_after=None
[2026-04-10T09:27:03.890+0900] {processor.py:208} INFO - Processing /home/airflow/.local/lib/python3.12/site-packages/airflow/example_dags/example_params_trigger_ui.py took 0.072 seconds
[2026-04-10T09:27:34.434+0900] {processor.py:186} INFO - Started process (PID=148846) to work on /home/airflow/.local/lib/python3.12/site-packages/airflow/example_dags/example_params_trigger_ui.py
[2026-04-10T09:27:34.435+0900] {processor.py:914} INFO - Processing file /home/airflow/.local/lib/python3.12/site-packages/airflow/example_dags/example_params_trigger_ui.py for tasks to queue
[2026-04-10T09:27:34.437+0900] {logging_mixin.py:190} INFO - [2026-04-10T09:27:34.437+0900] {dagbag.py:587} INFO - Filling up the DagBag from /home/airflow/.local/lib/python3.12/site-packages/airflow/example_dags/example_params_trigger_ui.py
[2026-04-10T09:27:34.445+0900] {processor.py:925} INFO - DAG(s) 'example_params_trigger_ui' retrieved from /home/airflow/.local/lib/python3.12/site-packages/airflow/example_dags/example_params_trigger_ui.py
[2026-04-10T09:27:34.474+0900] {logging_mixin.py:190} INFO - [2026-04-10T09:27:34.474+0900] {dag.py:3211} INFO - Sync 1 DAGs
[2026-04-10T09:27:34.486+0900] {logging_mixin.py:190} INFO - [2026-04-10T09:27:34.485+0900] {dag.py:4138} INFO - Setting next_dagrun for example_params_trigger_ui to None, run_after=None
[2026-04-10T09:27:34.501+0900] {processor.py:208} INFO - Processing /home/airflow/.local/lib/python3.12/site-packages/airflow/example_dags/example_params_trigger_ui.py took 0.072 seconds
[2026-04-10T09:28:05.044+0900] {processor.py:186} INFO - Started process (PID=148909) to work on /home/airflow/.local/lib/python3.12/site-packages/airflow/example_dags/example_params_trigger_ui.py
[2026-04-10T09:28:05.045+0900] {processor.py:914} INFO - Processing file /home/airflow/.local/lib/python3.12/site-packages/airflow/example_dags/example_params_trigger_ui.py for tasks to queue
[2026-04-10T09:28:05.047+0900] {logging_mixin.py:190} INFO - [2026-04-10T09:28:05.047+0900] {dagbag.py:587} INFO - Filling up the DagBag from /home/airflow/.local/lib/python3.12/site-packages/airflow/example_dags/example_params_trigger_ui.py
[2026-04-10T09:28:05.055+0900] {processor.py:925} INFO - DAG(s) 'example_params_trigger_ui' retrieved from /home/airflow/.local/lib/python3.12/site-packages/airflow/example_dags/example_params_trigger_ui.py
[2026-04-10T09:28:05.082+0900] {logging_mixin.py:190} INFO - [2026-04-10T09:28:05.081+0900] {dag.py:3211} INFO - Sync 1 DAGs
[2026-04-10T09:28:05.092+0900] {logging_mixin.py:190} INFO - [2026-04-10T09:28:05.092+0900] {dag.py:4138} INFO - Setting next_dagrun for example_params_trigger_ui to None, run_after=None
[2026-04-10T09:28:05.106+0900] {processor.py:208} INFO - Processing /home/airflow/.local/lib/python3.12/site-packages/airflow/example_dags/example_params_trigger_ui.py took 0.066 seconds
[2026-04-10T09:28:35.634+0900] {processor.py:186} INFO - Started process (PID=148973) to work on /home/airflow/.local/lib/python3.12/site-packages/airflow/example_dags/example_params_trigger_ui.py
[2026-04-10T09:28:35.636+0900] {processor.py:914} INFO - Processing file /home/airflow/.local/lib/python3.12/site-packages/airflow/example_dags/example_params_trigger_ui.py for tasks to queue
[2026-04-10T09:28:35.638+0900] {logging_mixin.py:190} INFO - [2026-04-10T09:28:35.638+0900] {dagbag.py:587} INFO - Filling up the DagBag from /home/airflow/.local/lib/python3.12/site-packages/airflow/example_dags/example_params_trigger_ui.py
[2026-04-10T09:28:35.646+0900] {processor.py:925} INFO - DAG(s) 'example_params_trigger_ui' retrieved from /home/airflow/.local/lib/python3.12/site-packages/airflow/example_dags/example_params_trigger_ui.py
[2026-04-10T09:28:35.679+0900] {logging_mixin.py:190} INFO - [2026-04-10T09:28:35.679+0900] {dag.py:3211} INFO - Sync 1 DAGs
[2026-04-10T09:28:35.693+0900] {logging_mixin.py:190} INFO - [2026-04-10T09:28:35.692+0900] {dag.py:4138} INFO - Setting next_dagrun for example_params_trigger_ui to None, run_after=None
[2026-04-10T09:28:35.707+0900] {processor.py:208} INFO - Processing /home/airflow/.local/lib/python3.12/site-packages/airflow/example_dags/example_params_trigger_ui.py took 0.077 seconds
[2026-04-10T09:29:06.367+0900] {processor.py:186} INFO - Started process (PID=149036) to work on /home/airflow/.local/lib/python3.12/site-packages/airflow/example_dags/example_params_trigger_ui.py
[2026-04-10T09:29:06.368+0900] {processor.py:914} INFO - Processing file /home/airflow/.local/lib/python3.12/site-packages/airflow/example_dags/example_params_trigger_ui.py for tasks to queue
[2026-04-10T09:29:06.370+0900] {logging_mixin.py:190} INFO - [2026-04-10T09:29:06.370+0900] {dagbag.py:587} INFO - Filling up the DagBag from /home/airflow/.local/lib/python3.12/site-packages/airflow/example_dags/example_params_trigger_ui.py
[2026-04-10T09:29:06.379+0900] {processor.py:925} INFO - DAG(s) 'example_params_trigger_ui' retrieved from /home/airflow/.local/lib/python3.12/site-packages/airflow/example_dags/example_params_trigger_ui.py
[2026-04-10T09:29:06.410+0900] {logging_mixin.py:190} INFO - [2026-04-10T09:29:06.410+0900] {dag.py:3211} INFO - Sync 1 DAGs
[2026-04-10T09:29:06.420+0900] {logging_mixin.py:190} INFO - [2026-04-10T09:29:06.420+0900] {dag.py:4138} INFO - Setting next_dagrun for example_params_trigger_ui to None, run_after=None
[2026-04-10T09:29:06.434+0900] {processor.py:208} INFO - Processing /home/airflow/.local/lib/python3.12/site-packages/airflow/example_dags/example_params_trigger_ui.py took 0.072 seconds
[2026-04-10T09:29:37.185+0900] {processor.py:186} INFO - Started process (PID=149099) to work on /home/airflow/.local/lib/python3.12/site-packages/airflow/example_dags/example_params_trigger_ui.py
[2026-04-10T09:29:37.186+0900] {processor.py:914} INFO - Processing file /home/airflow/.local/lib/python3.12/site-packages/airflow/example_dags/example_params_trigger_ui.py for tasks to queue
[2026-04-10T09:29:37.188+0900] {logging_mixin.py:190} INFO - [2026-04-10T09:29:37.188+0900] {dagbag.py:587} INFO - Filling up the DagBag from /home/airflow/.local/lib/python3.12/site-packages/airflow/example_dags/example_params_trigger_ui.py
[2026-04-10T09:29:37.197+0900] {processor.py:925} INFO - DAG(s) 'example_params_trigger_ui' retrieved from /home/airflow/.local/lib/python3.12/site-packages/airflow/example_dags/example_params_trigger_ui.py
[2026-04-10T09:29:37.225+0900] {logging_mixin.py:190} INFO - [2026-04-10T09:29:37.225+0900] {dag.py:3211} INFO - Sync 1 DAGs
[2026-04-10T09:29:37.234+0900] {logging_mixin.py:190} INFO - [2026-04-10T09:29:37.234+0900] {dag.py:4138} INFO - Setting next_dagrun for example_params_trigger_ui to None, run_after=None
[2026-04-10T09:29:37.248+0900] {processor.py:208} INFO - Processing /home/airflow/.local/lib/python3.12/site-packages/airflow/example_dags/example_params_trigger_ui.py took 0.068 seconds
[2026-04-10T09:30:07.943+0900] {processor.py:186} INFO - Started process (PID=149161) to work on /home/airflow/.local/lib/python3.12/site-packages/airflow/example_dags/example_params_trigger_ui.py
[2026-04-10T09:30:07.944+0900] {processor.py:914} INFO - Processing file /home/airflow/.local/lib/python3.12/site-packages/airflow/example_dags/example_params_trigger_ui.py for tasks to queue
[2026-04-10T09:30:07.946+0900] {logging_mixin.py:190} INFO - [2026-04-10T09:30:07.946+0900] {dagbag.py:587} INFO - Filling up the DagBag from /home/airflow/.local/lib/python3.12/site-packages/airflow/example_dags/example_params_trigger_ui.py
[2026-04-10T09:30:07.954+0900] {processor.py:925} INFO - DAG(s) 'example_params_trigger_ui' retrieved from /home/airflow/.local/lib/python3.12/site-packages/airflow/example_dags/example_params_trigger_ui.py
[2026-04-10T09:30:07.985+0900] {logging_mixin.py:190} INFO - [2026-04-10T09:30:07.984+0900] {dag.py:3211} INFO - Sync 1 DAGs
[2026-04-10T09:30:07.996+0900] {logging_mixin.py:190} INFO - [2026-04-10T09:30:07.995+0900] {dag.py:4138} INFO - Setting next_dagrun for example_params_trigger_ui to None, run_after=None
[2026-04-10T09:30:08.009+0900] {processor.py:208} INFO - Processing /home/airflow/.local/lib/python3.12/site-packages/airflow/example_dags/example_params_trigger_ui.py took 0.072 seconds
[2026-04-10T09:30:38.720+0900] {processor.py:186} INFO - Started process (PID=149224) to work on /home/airflow/.local/lib/python3.12/site-packages/airflow/example_dags/example_params_trigger_ui.py
[2026-04-10T09:30:38.721+0900] {processor.py:914} INFO - Processing file /home/airflow/.local/lib/python3.12/site-packages/airflow/example_dags/example_params_trigger_ui.py for tasks to queue
[2026-04-10T09:30:38.723+0900] {logging_mixin.py:190} INFO - [2026-04-10T09:30:38.723+0900] {dagbag.py:587} INFO - Filling up the DagBag from /home/airflow/.local/lib/python3.12/site-packages/airflow/example_dags/example_params_trigger_ui.py
[2026-04-10T09:30:38.734+0900] {processor.py:925} INFO - DAG(s) 'example_params_trigger_ui' retrieved from /home/airflow/.local/lib/python3.12/site-packages/airflow/example_dags/example_params_trigger_ui.py
[2026-04-10T09:30:38.765+0900] {logging_mixin.py:190} INFO - [2026-04-10T09:30:38.765+0900] {dag.py:3211} INFO - Sync 1 DAGs
[2026-04-10T09:30:38.776+0900] {logging_mixin.py:190} INFO - [2026-04-10T09:30:38.776+0900] {dag.py:4138} INFO - Setting next_dagrun for example_params_trigger_ui to None, run_after=None
[2026-04-10T09:30:38.791+0900] {processor.py:208} INFO - Processing /home/airflow/.local/lib/python3.12/site-packages/airflow/example_dags/example_params_trigger_ui.py took 0.076 seconds
[2026-04-10T09:31:09.517+0900] {processor.py:186} INFO - Started process (PID=149287) to work on /home/airflow/.local/lib/python3.12/site-packages/airflow/example_dags/example_params_trigger_ui.py
[2026-04-10T09:31:09.518+0900] {processor.py:914} INFO - Processing file /home/airflow/.local/lib/python3.12/site-packages/airflow/example_dags/example_params_trigger_ui.py for tasks to queue
[2026-04-10T09:31:09.520+0900] {logging_mixin.py:190} INFO - [2026-04-10T09:31:09.519+0900] {dagbag.py:587} INFO - Filling up the DagBag from /home/airflow/.local/lib/python3.12/site-packages/airflow/example_dags/example_params_trigger_ui.py
[2026-04-10T09:31:09.528+0900] {processor.py:925} INFO - DAG(s) 'example_params_trigger_ui' retrieved from /home/airflow/.local/lib/python3.12/site-packages/airflow/example_dags/example_params_trigger_ui.py
[2026-04-10T09:31:09.556+0900] {logging_mixin.py:190} INFO - [2026-04-10T09:31:09.556+0900] {dag.py:3211} INFO - Sync 1 DAGs
[2026-04-10T09:31:09.566+0900] {logging_mixin.py:190} INFO - [2026-04-10T09:31:09.566+0900] {dag.py:4138} INFO - Setting next_dagrun for example_params_trigger_ui to None, run_after=None
[2026-04-10T09:31:09.581+0900] {processor.py:208} INFO - Processing /home/airflow/.local/lib/python3.12/site-packages/airflow/example_dags/example_params_trigger_ui.py took 0.069 seconds
[2026-04-10T09:31:40.273+0900] {processor.py:186} INFO - Started process (PID=149350) to work on /home/airflow/.local/lib/python3.12/site-packages/airflow/example_dags/example_params_trigger_ui.py
[2026-04-10T09:31:40.274+0900] {processor.py:914} INFO - Processing file /home/airflow/.local/lib/python3.12/site-packages/airflow/example_dags/example_params_trigger_ui.py for tasks to queue
[2026-04-10T09:31:40.276+0900] {logging_mixin.py:190} INFO - [2026-04-10T09:31:40.276+0900] {dagbag.py:587} INFO - Filling up the DagBag from /home/airflow/.local/lib/python3.12/site-packages/airflow/example_dags/example_params_trigger_ui.py
[2026-04-10T09:31:40.285+0900] {processor.py:925} INFO - DAG(s) 'example_params_trigger_ui' retrieved from /home/airflow/.local/lib/python3.12/site-packages/airflow/example_dags/example_params_trigger_ui.py
[2026-04-10T09:31:40.314+0900] {logging_mixin.py:190} INFO - [2026-04-10T09:31:40.314+0900] {dag.py:3211} INFO - Sync 1 DAGs
[2026-04-10T09:31:40.324+0900] {logging_mixin.py:190} INFO - [2026-04-10T09:31:40.324+0900] {dag.py:4138} INFO - Setting next_dagrun for example_params_trigger_ui to None, run_after=None
[2026-04-10T09:31:40.337+0900] {processor.py:208} INFO - Processing /home/airflow/.local/lib/python3.12/site-packages/airflow/example_dags/example_params_trigger_ui.py took 0.069 seconds
[2026-04-10T09:32:11.019+0900] {processor.py:186} INFO - Started process (PID=149413) to work on /home/airflow/.local/lib/python3.12/site-packages/airflow/example_dags/example_params_trigger_ui.py
[2026-04-10T09:32:11.020+0900] {processor.py:914} INFO - Processing file /home/airflow/.local/lib/python3.12/site-packages/airflow/example_dags/example_params_trigger_ui.py for tasks to queue
[2026-04-10T09:32:11.022+0900] {logging_mixin.py:190} INFO - [2026-04-10T09:32:11.022+0900] {dagbag.py:587} INFO - Filling up the DagBag from /home/airflow/.local/lib/python3.12/site-packages/airflow/example_dags/example_params_trigger_ui.py
[2026-04-10T09:32:11.030+0900] {processor.py:925} INFO - DAG(s) 'example_params_trigger_ui' retrieved from /home/airflow/.local/lib/python3.12/site-packages/airflow/example_dags/example_params_trigger_ui.py
[2026-04-10T09:32:11.058+0900] {logging_mixin.py:190} INFO - [2026-04-10T09:32:11.058+0900] {dag.py:3211} INFO - Sync 1 DAGs
[2026-04-10T09:32:11.067+0900] {logging_mixin.py:190} INFO - [2026-04-10T09:32:11.067+0900] {dag.py:4138} INFO - Setting next_dagrun for example_params_trigger_ui to None, run_after=None
[2026-04-10T09:32:11.082+0900] {processor.py:208} INFO - Processing /home/airflow/.local/lib/python3.12/site-packages/airflow/example_dags/example_params_trigger_ui.py took 0.068 seconds
[2026-04-10T09:32:41.702+0900] {processor.py:186} INFO - Started process (PID=149476) to work on /home/airflow/.local/lib/python3.12/site-packages/airflow/example_dags/example_params_trigger_ui.py
[2026-04-10T09:32:41.703+0900] {processor.py:914} INFO - Processing file /home/airflow/.local/lib/python3.12/site-packages/airflow/example_dags/example_params_trigger_ui.py for tasks to queue
[2026-04-10T09:32:41.704+0900] {logging_mixin.py:190} INFO - [2026-04-10T09:32:41.704+0900] {dagbag.py:587} INFO - Filling up the DagBag from /home/airflow/.local/lib/python3.12/site-packages/airflow/example_dags/example_params_trigger_ui.py
[2026-04-10T09:32:41.713+0900] {processor.py:925} INFO - DAG(s) 'example_params_trigger_ui' retrieved from /home/airflow/.local/lib/python3.12/site-packages/airflow/example_dags/example_params_trigger_ui.py
[2026-04-10T09:32:41.739+0900] {logging_mixin.py:190} INFO - [2026-04-10T09:32:41.739+0900] {dag.py:3211} INFO - Sync 1 DAGs
[2026-04-10T09:32:41.749+0900] {logging_mixin.py:190} INFO - [2026-04-10T09:32:41.749+0900] {dag.py:4138} INFO - Setting next_dagrun for example_params_trigger_ui to None, run_after=None
[2026-04-10T09:32:41.763+0900] {processor.py:208} INFO - Processing /home/airflow/.local/lib/python3.12/site-packages/airflow/example_dags/example_params_trigger_ui.py took 0.066 seconds
[2026-04-10T09:33:12.391+0900] {processor.py:186} INFO - Started process (PID=149539) to work on /home/airflow/.local/lib/python3.12/site-packages/airflow/example_dags/example_params_trigger_ui.py
[2026-04-10T09:33:12.392+0900] {processor.py:914} INFO - Processing file /home/airflow/.local/lib/python3.12/site-packages/airflow/example_dags/example_params_trigger_ui.py for tasks to queue
[2026-04-10T09:33:12.395+0900] {logging_mixin.py:190} INFO - [2026-04-10T09:33:12.394+0900] {dagbag.py:587} INFO - Filling up the DagBag from /home/airflow/.local/lib/python3.12/site-packages/airflow/example_dags/example_params_trigger_ui.py
[2026-04-10T09:33:12.407+0900] {processor.py:925} INFO - DAG(s) 'example_params_trigger_ui' retrieved from /home/airflow/.local/lib/python3.12/site-packages/airflow/example_dags/example_params_trigger_ui.py
[2026-04-10T09:33:12.437+0900] {logging_mixin.py:190} INFO - [2026-04-10T09:33:12.436+0900] {dag.py:3211} INFO - Sync 1 DAGs
[2026-04-10T09:33:12.448+0900] {logging_mixin.py:190} INFO - [2026-04-10T09:33:12.448+0900] {dag.py:4138} INFO - Setting next_dagrun for example_params_trigger_ui to None, run_after=None
[2026-04-10T09:33:12.462+0900] {processor.py:208} INFO - Processing /home/airflow/.local/lib/python3.12/site-packages/airflow/example_dags/example_params_trigger_ui.py took 0.077 seconds
[2026-04-10T09:33:43.059+0900] {processor.py:186} INFO - Started process (PID=149602) to work on /home/airflow/.local/lib/python3.12/site-packages/airflow/example_dags/example_params_trigger_ui.py
[2026-04-10T09:33:43.060+0900] {processor.py:914} INFO - Processing file /home/airflow/.local/lib/python3.12/site-packages/airflow/example_dags/example_params_trigger_ui.py for tasks to queue
[2026-04-10T09:33:43.063+0900] {logging_mixin.py:190} INFO - [2026-04-10T09:33:43.062+0900] {dagbag.py:587} INFO - Filling up the DagBag from /home/airflow/.local/lib/python3.12/site-packages/airflow/example_dags/example_params_trigger_ui.py
[2026-04-10T09:33:43.072+0900] {processor.py:925} INFO - DAG(s) 'example_params_trigger_ui' retrieved from /home/airflow/.local/lib/python3.12/site-packages/airflow/example_dags/example_params_trigger_ui.py
[2026-04-10T09:33:43.100+0900] {logging_mixin.py:190} INFO - [2026-04-10T09:33:43.100+0900] {dag.py:3211} INFO - Sync 1 DAGs
[2026-04-10T09:33:43.112+0900] {logging_mixin.py:190} INFO - [2026-04-10T09:33:43.112+0900] {dag.py:4138} INFO - Setting next_dagrun for example_params_trigger_ui to None, run_after=None
[2026-04-10T09:33:43.126+0900] {processor.py:208} INFO - Processing /home/airflow/.local/lib/python3.12/site-packages/airflow/example_dags/example_params_trigger_ui.py took 0.072 seconds
[2026-04-10T09:34:13.866+0900] {processor.py:186} INFO - Started process (PID=149665) to work on /home/airflow/.local/lib/python3.12/site-packages/airflow/example_dags/example_params_trigger_ui.py
[2026-04-10T09:34:13.868+0900] {processor.py:914} INFO - Processing file /home/airflow/.local/lib/python3.12/site-packages/airflow/example_dags/example_params_trigger_ui.py for tasks to queue
[2026-04-10T09:34:13.870+0900] {logging_mixin.py:190} INFO - [2026-04-10T09:34:13.870+0900] {dagbag.py:587} INFO - Filling up the DagBag from /home/airflow/.local/lib/python3.12/site-packages/airflow/example_dags/example_params_trigger_ui.py
[2026-04-10T09:34:13.878+0900] {processor.py:925} INFO - DAG(s) 'example_params_trigger_ui' retrieved from /home/airflow/.local/lib/python3.12/site-packages/airflow/example_dags/example_params_trigger_ui.py
[2026-04-10T09:34:13.906+0900] {logging_mixin.py:190} INFO - [2026-04-10T09:34:13.906+0900] {dag.py:3211} INFO - Sync 1 DAGs
[2026-04-10T09:34:13.915+0900] {logging_mixin.py:190} INFO - [2026-04-10T09:34:13.915+0900] {dag.py:4138} INFO - Setting next_dagrun for example_params_trigger_ui to None, run_after=None
[2026-04-10T09:34:13.928+0900] {processor.py:208} INFO - Processing /home/airflow/.local/lib/python3.12/site-packages/airflow/example_dags/example_params_trigger_ui.py took 0.066 seconds
[2026-04-10T09:34:44.682+0900] {processor.py:186} INFO - Started process (PID=149728) to work on /home/airflow/.local/lib/python3.12/site-packages/airflow/example_dags/example_params_trigger_ui.py
[2026-04-10T09:34:44.684+0900] {processor.py:914} INFO - Processing file /home/airflow/.local/lib/python3.12/site-packages/airflow/example_dags/example_params_trigger_ui.py for tasks to queue
[2026-04-10T09:34:44.686+0900] {logging_mixin.py:190} INFO - [2026-04-10T09:34:44.686+0900] {dagbag.py:587} INFO - Filling up the DagBag from /home/airflow/.local/lib/python3.12/site-packages/airflow/example_dags/example_params_trigger_ui.py
[2026-04-10T09:34:44.700+0900] {processor.py:925} INFO - DAG(s) 'example_params_trigger_ui' retrieved from /home/airflow/.local/lib/python3.12/site-packages/airflow/example_dags/example_params_trigger_ui.py
[2026-04-10T09:34:44.731+0900] {logging_mixin.py:190} INFO - [2026-04-10T09:34:44.731+0900] {dag.py:3211} INFO - Sync 1 DAGs
[2026-04-10T09:34:44.742+0900] {logging_mixin.py:190} INFO - [2026-04-10T09:34:44.742+0900] {dag.py:4138} INFO - Setting next_dagrun for example_params_trigger_ui to None, run_after=None
[2026-04-10T09:34:44.757+0900] {processor.py:208} INFO - Processing /home/airflow/.local/lib/python3.12/site-packages/airflow/example_dags/example_params_trigger_ui.py took 0.081 seconds
[2026-04-10T09:35:15.403+0900] {processor.py:186} INFO - Started process (PID=149791) to work on /home/airflow/.local/lib/python3.12/site-packages/airflow/example_dags/example_params_trigger_ui.py
[2026-04-10T09:35:15.404+0900] {processor.py:914} INFO - Processing file /home/airflow/.local/lib/python3.12/site-packages/airflow/example_dags/example_params_trigger_ui.py for tasks to queue
[2026-04-10T09:35:15.406+0900] {logging_mixin.py:190} INFO - [2026-04-10T09:35:15.405+0900] {dagbag.py:587} INFO - Filling up the DagBag from /home/airflow/.local/lib/python3.12/site-packages/airflow/example_dags/example_params_trigger_ui.py
[2026-04-10T09:35:15.415+0900] {processor.py:925} INFO - DAG(s) 'example_params_trigger_ui' retrieved from /home/airflow/.local/lib/python3.12/site-packages/airflow/example_dags/example_params_trigger_ui.py
[2026-04-10T09:35:15.455+0900] {logging_mixin.py:190} INFO - [2026-04-10T09:35:15.455+0900] {dag.py:3211} INFO - Sync 1 DAGs
[2026-04-10T09:35:15.466+0900] {logging_mixin.py:190} INFO - [2026-04-10T09:35:15.466+0900] {dag.py:4138} INFO - Setting next_dagrun for example_params_trigger_ui to None, run_after=None
[2026-04-10T09:35:15.481+0900] {processor.py:208} INFO - Processing /home/airflow/.local/lib/python3.12/site-packages/airflow/example_dags/example_params_trigger_ui.py took 0.083 seconds
[2026-04-10T09:35:45.979+0900] {processor.py:186} INFO - Started process (PID=149854) to work on /home/airflow/.local/lib/python3.12/site-packages/airflow/example_dags/example_params_trigger_ui.py
[2026-04-10T09:35:45.980+0900] {processor.py:914} INFO - Processing file /home/airflow/.local/lib/python3.12/site-packages/airflow/example_dags/example_params_trigger_ui.py for tasks to queue
[2026-04-10T09:35:45.982+0900] {logging_mixin.py:190} INFO - [2026-04-10T09:35:45.982+0900] {dagbag.py:587} INFO - Filling up the DagBag from /home/airflow/.local/lib/python3.12/site-packages/airflow/example_dags/example_params_trigger_ui.py
[2026-04-10T09:35:45.991+0900] {processor.py:925} INFO - DAG(s) 'example_params_trigger_ui' retrieved from /home/airflow/.local/lib/python3.12/site-packages/airflow/example_dags/example_params_trigger_ui.py
[2026-04-10T09:35:46.021+0900] {logging_mixin.py:190} INFO - [2026-04-10T09:35:46.021+0900] {dag.py:3211} INFO - Sync 1 DAGs
[2026-04-10T09:35:46.032+0900] {logging_mixin.py:190} INFO - [2026-04-10T09:35:46.032+0900] {dag.py:4138} INFO - Setting next_dagrun for example_params_trigger_ui to None, run_after=None
[2026-04-10T09:35:46.046+0900] {processor.py:208} INFO - Processing /home/airflow/.local/lib/python3.12/site-packages/airflow/example_dags/example_params_trigger_ui.py took 0.072 seconds
[2026-04-10T09:36:16.744+0900] {processor.py:186} INFO - Started process (PID=149917) to work on /home/airflow/.local/lib/python3.12/site-packages/airflow/example_dags/example_params_trigger_ui.py
[2026-04-10T09:36:16.745+0900] {processor.py:914} INFO - Processing file /home/airflow/.local/lib/python3.12/site-packages/airflow/example_dags/example_params_trigger_ui.py for tasks to queue
[2026-04-10T09:36:16.747+0900] {logging_mixin.py:190} INFO - [2026-04-10T09:36:16.747+0900] {dagbag.py:587} INFO - Filling up the DagBag from /home/airflow/.local/lib/python3.12/site-packages/airflow/example_dags/example_params_trigger_ui.py
[2026-04-10T09:36:16.755+0900] {processor.py:925} INFO - DAG(s) 'example_params_trigger_ui' retrieved from /home/airflow/.local/lib/python3.12/site-packages/airflow/example_dags/example_params_trigger_ui.py
[2026-04-10T09:36:16.783+0900] {logging_mixin.py:190} INFO - [2026-04-10T09:36:16.783+0900] {dag.py:3211} INFO - Sync 1 DAGs
[2026-04-10T09:36:16.793+0900] {logging_mixin.py:190} INFO - [2026-04-10T09:36:16.793+0900] {dag.py:4138} INFO - Setting next_dagrun for example_params_trigger_ui to None, run_after=None
[2026-04-10T09:36:16.808+0900] {processor.py:208} INFO - Processing /home/airflow/.local/lib/python3.12/site-packages/airflow/example_dags/example_params_trigger_ui.py took 0.068 seconds
[2026-04-10T09:36:47.381+0900] {processor.py:186} INFO - Started process (PID=149980) to work on /home/airflow/.local/lib/python3.12/site-packages/airflow/example_dags/example_params_trigger_ui.py
[2026-04-10T09:36:47.383+0900] {processor.py:914} INFO - Processing file /home/airflow/.local/lib/python3.12/site-packages/airflow/example_dags/example_params_trigger_ui.py for tasks to queue
[2026-04-10T09:36:47.385+0900] {logging_mixin.py:190} INFO - [2026-04-10T09:36:47.385+0900] {dagbag.py:587} INFO - Filling up the DagBag from /home/airflow/.local/lib/python3.12/site-packages/airflow/example_dags/example_params_trigger_ui.py
[2026-04-10T09:36:47.394+0900] {processor.py:925} INFO - DAG(s) 'example_params_trigger_ui' retrieved from /home/airflow/.local/lib/python3.12/site-packages/airflow/example_dags/example_params_trigger_ui.py
[2026-04-10T09:36:47.425+0900] {logging_mixin.py:190} INFO - [2026-04-10T09:36:47.425+0900] {dag.py:3211} INFO - Sync 1 DAGs
[2026-04-10T09:36:47.439+0900] {logging_mixin.py:190} INFO - [2026-04-10T09:36:47.438+0900] {dag.py:4138} INFO - Setting next_dagrun for example_params_trigger_ui to None, run_after=None
[2026-04-10T09:36:47.452+0900] {processor.py:208} INFO - Processing /home/airflow/.local/lib/python3.12/site-packages/airflow/example_dags/example_params_trigger_ui.py took 0.075 seconds
[2026-04-10T09:37:18.065+0900] {processor.py:186} INFO - Started process (PID=150043) to work on /home/airflow/.local/lib/python3.12/site-packages/airflow/example_dags/example_params_trigger_ui.py
[2026-04-10T09:37:18.067+0900] {processor.py:914} INFO - Processing file /home/airflow/.local/lib/python3.12/site-packages/airflow/example_dags/example_params_trigger_ui.py for tasks to queue
[2026-04-10T09:37:18.069+0900] {logging_mixin.py:190} INFO - [2026-04-10T09:37:18.068+0900] {dagbag.py:587} INFO - Filling up the DagBag from /home/airflow/.local/lib/python3.12/site-packages/airflow/example_dags/example_params_trigger_ui.py
[2026-04-10T09:37:18.077+0900] {processor.py:925} INFO - DAG(s) 'example_params_trigger_ui' retrieved from /home/airflow/.local/lib/python3.12/site-packages/airflow/example_dags/example_params_trigger_ui.py
[2026-04-10T09:37:18.107+0900] {logging_mixin.py:190} INFO - [2026-04-10T09:37:18.107+0900] {dag.py:3211} INFO - Sync 1 DAGs
[2026-04-10T09:37:18.117+0900] {logging_mixin.py:190} INFO - [2026-04-10T09:37:18.117+0900] {dag.py:4138} INFO - Setting next_dagrun for example_params_trigger_ui to None, run_after=None
[2026-04-10T09:37:18.131+0900] {processor.py:208} INFO - Processing /home/airflow/.local/lib/python3.12/site-packages/airflow/example_dags/example_params_trigger_ui.py took 0.070 seconds
[2026-04-10T09:37:48.910+0900] {processor.py:186} INFO - Started process (PID=150106) to work on /home/airflow/.local/lib/python3.12/site-packages/airflow/example_dags/example_params_trigger_ui.py
[2026-04-10T09:37:48.911+0900] {processor.py:914} INFO - Processing file /home/airflow/.local/lib/python3.12/site-packages/airflow/example_dags/example_params_trigger_ui.py for tasks to queue
[2026-04-10T09:37:48.913+0900] {logging_mixin.py:190} INFO - [2026-04-10T09:37:48.913+0900] {dagbag.py:587} INFO - Filling up the DagBag from /home/airflow/.local/lib/python3.12/site-packages/airflow/example_dags/example_params_trigger_ui.py
[2026-04-10T09:37:48.923+0900] {processor.py:925} INFO - DAG(s) 'example_params_trigger_ui' retrieved from /home/airflow/.local/lib/python3.12/site-packages/airflow/example_dags/example_params_trigger_ui.py
[2026-04-10T09:37:48.951+0900] {logging_mixin.py:190} INFO - [2026-04-10T09:37:48.950+0900] {dag.py:3211} INFO - Sync 1 DAGs
[2026-04-10T09:37:48.961+0900] {logging_mixin.py:190} INFO - [2026-04-10T09:37:48.960+0900] {dag.py:4138} INFO - Setting next_dagrun for example_params_trigger_ui to None, run_after=None
[2026-04-10T09:37:48.975+0900] {processor.py:208} INFO - Processing /home/airflow/.local/lib/python3.12/site-packages/airflow/example_dags/example_params_trigger_ui.py took 0.070 seconds
[2026-04-10T09:38:19.604+0900] {processor.py:186} INFO - Started process (PID=150169) to work on /home/airflow/.local/lib/python3.12/site-packages/airflow/example_dags/example_params_trigger_ui.py
[2026-04-10T09:38:19.605+0900] {processor.py:914} INFO - Processing file /home/airflow/.local/lib/python3.12/site-packages/airflow/example_dags/example_params_trigger_ui.py for tasks to queue
[2026-04-10T09:38:19.607+0900] {logging_mixin.py:190} INFO - [2026-04-10T09:38:19.606+0900] {dagbag.py:587} INFO - Filling up the DagBag from /home/airflow/.local/lib/python3.12/site-packages/airflow/example_dags/example_params_trigger_ui.py
[2026-04-10T09:38:19.614+0900] {processor.py:925} INFO - DAG(s) 'example_params_trigger_ui' retrieved from /home/airflow/.local/lib/python3.12/site-packages/airflow/example_dags/example_params_trigger_ui.py
[2026-04-10T09:38:19.643+0900] {logging_mixin.py:190} INFO - [2026-04-10T09:38:19.643+0900] {dag.py:3211} INFO - Sync 1 DAGs
[2026-04-10T09:38:19.653+0900] {logging_mixin.py:190} INFO - [2026-04-10T09:38:19.653+0900] {dag.py:4138} INFO - Setting next_dagrun for example_params_trigger_ui to None, run_after=None
[2026-04-10T09:38:19.667+0900] {processor.py:208} INFO - Processing /home/airflow/.local/lib/python3.12/site-packages/airflow/example_dags/example_params_trigger_ui.py took 0.068 seconds
[2026-04-10T09:38:50.447+0900] {processor.py:186} INFO - Started process (PID=150232) to work on /home/airflow/.local/lib/python3.12/site-packages/airflow/example_dags/example_params_trigger_ui.py
[2026-04-10T09:38:50.448+0900] {processor.py:914} INFO - Processing file /home/airflow/.local/lib/python3.12/site-packages/airflow/example_dags/example_params_trigger_ui.py for tasks to queue
[2026-04-10T09:38:50.451+0900] {logging_mixin.py:190} INFO - [2026-04-10T09:38:50.450+0900] {dagbag.py:587} INFO - Filling up the DagBag from /home/airflow/.local/lib/python3.12/site-packages/airflow/example_dags/example_params_trigger_ui.py
[2026-04-10T09:38:50.460+0900] {processor.py:925} INFO - DAG(s) 'example_params_trigger_ui' retrieved from /home/airflow/.local/lib/python3.12/site-packages/airflow/example_dags/example_params_trigger_ui.py
[2026-04-10T09:38:50.493+0900] {logging_mixin.py:190} INFO - [2026-04-10T09:38:50.493+0900] {dag.py:3211} INFO - Sync 1 DAGs
[2026-04-10T09:38:50.505+0900] {logging_mixin.py:190} INFO - [2026-04-10T09:38:50.505+0900] {dag.py:4138} INFO - Setting next_dagrun for example_params_trigger_ui to None, run_after=None
[2026-04-10T09:38:50.519+0900] {processor.py:208} INFO - Processing /home/airflow/.local/lib/python3.12/site-packages/airflow/example_dags/example_params_trigger_ui.py took 0.077 seconds
[2026-04-10T09:39:21.279+0900] {processor.py:186} INFO - Started process (PID=150295) to work on /home/airflow/.local/lib/python3.12/site-packages/airflow/example_dags/example_params_trigger_ui.py
[2026-04-10T09:39:21.279+0900] {processor.py:914} INFO - Processing file /home/airflow/.local/lib/python3.12/site-packages/airflow/example_dags/example_params_trigger_ui.py for tasks to queue
[2026-04-10T09:39:21.281+0900] {logging_mixin.py:190} INFO - [2026-04-10T09:39:21.281+0900] {dagbag.py:587} INFO - Filling up the DagBag from /home/airflow/.local/lib/python3.12/site-packages/airflow/example_dags/example_params_trigger_ui.py
[2026-04-10T09:39:21.289+0900] {processor.py:925} INFO - DAG(s) 'example_params_trigger_ui' retrieved from /home/airflow/.local/lib/python3.12/site-packages/airflow/example_dags/example_params_trigger_ui.py
[2026-04-10T09:39:21.322+0900] {logging_mixin.py:190} INFO - [2026-04-10T09:39:21.322+0900] {dag.py:3211} INFO - Sync 1 DAGs
[2026-04-10T09:39:21.334+0900] {logging_mixin.py:190} INFO - [2026-04-10T09:39:21.334+0900] {dag.py:4138} INFO - Setting next_dagrun for example_params_trigger_ui to None, run_after=None
[2026-04-10T09:39:21.349+0900] {processor.py:208} INFO - Processing /home/airflow/.local/lib/python3.12/site-packages/airflow/example_dags/example_params_trigger_ui.py took 0.075 seconds
[2026-04-10T09:39:51.944+0900] {processor.py:186} INFO - Started process (PID=150358) to work on /home/airflow/.local/lib/python3.12/site-packages/airflow/example_dags/example_params_trigger_ui.py
[2026-04-10T09:39:51.945+0900] {processor.py:914} INFO - Processing file /home/airflow/.local/lib/python3.12/site-packages/airflow/example_dags/example_params_trigger_ui.py for tasks to queue
[2026-04-10T09:39:51.948+0900] {logging_mixin.py:190} INFO - [2026-04-10T09:39:51.947+0900] {dagbag.py:587} INFO - Filling up the DagBag from /home/airflow/.local/lib/python3.12/site-packages/airflow/example_dags/example_params_trigger_ui.py
[2026-04-10T09:39:51.956+0900] {processor.py:925} INFO - DAG(s) 'example_params_trigger_ui' retrieved from /home/airflow/.local/lib/python3.12/site-packages/airflow/example_dags/example_params_trigger_ui.py
[2026-04-10T09:39:51.983+0900] {logging_mixin.py:190} INFO - [2026-04-10T09:39:51.983+0900] {dag.py:3211} INFO - Sync 1 DAGs
[2026-04-10T09:39:51.994+0900] {logging_mixin.py:190} INFO - [2026-04-10T09:39:51.994+0900] {dag.py:4138} INFO - Setting next_dagrun for example_params_trigger_ui to None, run_after=None
[2026-04-10T09:39:52.007+0900] {processor.py:208} INFO - Processing /home/airflow/.local/lib/python3.12/site-packages/airflow/example_dags/example_params_trigger_ui.py took 0.067 seconds
[2026-04-10T09:40:22.536+0900] {processor.py:186} INFO - Started process (PID=150421) to work on /home/airflow/.local/lib/python3.12/site-packages/airflow/example_dags/example_params_trigger_ui.py
[2026-04-10T09:40:22.537+0900] {processor.py:914} INFO - Processing file /home/airflow/.local/lib/python3.12/site-packages/airflow/example_dags/example_params_trigger_ui.py for tasks to queue
[2026-04-10T09:40:22.539+0900] {logging_mixin.py:190} INFO - [2026-04-10T09:40:22.539+0900] {dagbag.py:587} INFO - Filling up the DagBag from /home/airflow/.local/lib/python3.12/site-packages/airflow/example_dags/example_params_trigger_ui.py
[2026-04-10T09:40:22.548+0900] {processor.py:925} INFO - DAG(s) 'example_params_trigger_ui' retrieved from /home/airflow/.local/lib/python3.12/site-packages/airflow/example_dags/example_params_trigger_ui.py
[2026-04-10T09:40:22.578+0900] {logging_mixin.py:190} INFO - [2026-04-10T09:40:22.578+0900] {dag.py:3211} INFO - Sync 1 DAGs
[2026-04-10T09:40:22.589+0900] {logging_mixin.py:190} INFO - [2026-04-10T09:40:22.588+0900] {dag.py:4138} INFO - Setting next_dagrun for example_params_trigger_ui to None, run_after=None
[2026-04-10T09:40:22.604+0900] {processor.py:208} INFO - Processing /home/airflow/.local/lib/python3.12/site-packages/airflow/example_dags/example_params_trigger_ui.py took 0.072 seconds
[2026-04-10T09:40:53.327+0900] {processor.py:186} INFO - Started process (PID=150484) to work on /home/airflow/.local/lib/python3.12/site-packages/airflow/example_dags/example_params_trigger_ui.py
[2026-04-10T09:40:53.328+0900] {processor.py:914} INFO - Processing file /home/airflow/.local/lib/python3.12/site-packages/airflow/example_dags/example_params_trigger_ui.py for tasks to queue
[2026-04-10T09:40:53.330+0900] {logging_mixin.py:190} INFO - [2026-04-10T09:40:53.329+0900] {dagbag.py:587} INFO - Filling up the DagBag from /home/airflow/.local/lib/python3.12/site-packages/airflow/example_dags/example_params_trigger_ui.py
[2026-04-10T09:40:53.338+0900] {processor.py:925} INFO - DAG(s) 'example_params_trigger_ui' retrieved from /home/airflow/.local/lib/python3.12/site-packages/airflow/example_dags/example_params_trigger_ui.py
[2026-04-10T09:40:53.369+0900] {logging_mixin.py:190} INFO - [2026-04-10T09:40:53.369+0900] {dag.py:3211} INFO - Sync 1 DAGs
[2026-04-10T09:40:53.380+0900] {logging_mixin.py:190} INFO - [2026-04-10T09:40:53.380+0900] {dag.py:4138} INFO - Setting next_dagrun for example_params_trigger_ui to None, run_after=None
[2026-04-10T09:40:53.395+0900] {processor.py:208} INFO - Processing /home/airflow/.local/lib/python3.12/site-packages/airflow/example_dags/example_params_trigger_ui.py took 0.074 seconds
[2026-04-10T09:41:23.922+0900] {processor.py:186} INFO - Started process (PID=150547) to work on /home/airflow/.local/lib/python3.12/site-packages/airflow/example_dags/example_params_trigger_ui.py
[2026-04-10T09:41:23.923+0900] {processor.py:914} INFO - Processing file /home/airflow/.local/lib/python3.12/site-packages/airflow/example_dags/example_params_trigger_ui.py for tasks to queue
[2026-04-10T09:41:23.925+0900] {logging_mixin.py:190} INFO - [2026-04-10T09:41:23.924+0900] {dagbag.py:587} INFO - Filling up the DagBag from /home/airflow/.local/lib/python3.12/site-packages/airflow/example_dags/example_params_trigger_ui.py
[2026-04-10T09:41:23.933+0900] {processor.py:925} INFO - DAG(s) 'example_params_trigger_ui' retrieved from /home/airflow/.local/lib/python3.12/site-packages/airflow/example_dags/example_params_trigger_ui.py
[2026-04-10T09:41:23.962+0900] {logging_mixin.py:190} INFO - [2026-04-10T09:41:23.962+0900] {dag.py:3211} INFO - Sync 1 DAGs
[2026-04-10T09:41:23.973+0900] {logging_mixin.py:190} INFO - [2026-04-10T09:41:23.972+0900] {dag.py:4138} INFO - Setting next_dagrun for example_params_trigger_ui to None, run_after=None
[2026-04-10T09:41:23.987+0900] {processor.py:208} INFO - Processing /home/airflow/.local/lib/python3.12/site-packages/airflow/example_dags/example_params_trigger_ui.py took 0.070 seconds
[2026-04-10T09:41:54.680+0900] {processor.py:186} INFO - Started process (PID=150610) to work on /home/airflow/.local/lib/python3.12/site-packages/airflow/example_dags/example_params_trigger_ui.py
[2026-04-10T09:41:54.681+0900] {processor.py:914} INFO - Processing file /home/airflow/.local/lib/python3.12/site-packages/airflow/example_dags/example_params_trigger_ui.py for tasks to queue
[2026-04-10T09:41:54.683+0900] {logging_mixin.py:190} INFO - [2026-04-10T09:41:54.683+0900] {dagbag.py:587} INFO - Filling up the DagBag from /home/airflow/.local/lib/python3.12/site-packages/airflow/example_dags/example_params_trigger_ui.py
[2026-04-10T09:41:54.691+0900] {processor.py:925} INFO - DAG(s) 'example_params_trigger_ui' retrieved from /home/airflow/.local/lib/python3.12/site-packages/airflow/example_dags/example_params_trigger_ui.py
[2026-04-10T09:41:54.721+0900] {logging_mixin.py:190} INFO - [2026-04-10T09:41:54.721+0900] {dag.py:3211} INFO - Sync 1 DAGs
[2026-04-10T09:41:54.733+0900] {logging_mixin.py:190} INFO - [2026-04-10T09:41:54.733+0900] {dag.py:4138} INFO - Setting next_dagrun for example_params_trigger_ui to None, run_after=None
[2026-04-10T09:41:54.747+0900] {processor.py:208} INFO - Processing /home/airflow/.local/lib/python3.12/site-packages/airflow/example_dags/example_params_trigger_ui.py took 0.072 seconds
[2026-04-10T09:42:25.382+0900] {processor.py:186} INFO - Started process (PID=150673) to work on /home/airflow/.local/lib/python3.12/site-packages/airflow/example_dags/example_params_trigger_ui.py
[2026-04-10T09:42:25.383+0900] {processor.py:914} INFO - Processing file /home/airflow/.local/lib/python3.12/site-packages/airflow/example_dags/example_params_trigger_ui.py for tasks to queue
[2026-04-10T09:42:25.385+0900] {logging_mixin.py:190} INFO - [2026-04-10T09:42:25.385+0900] {dagbag.py:587} INFO - Filling up the DagBag from /home/airflow/.local/lib/python3.12/site-packages/airflow/example_dags/example_params_trigger_ui.py
[2026-04-10T09:42:25.395+0900] {processor.py:925} INFO - DAG(s) 'example_params_trigger_ui' retrieved from /home/airflow/.local/lib/python3.12/site-packages/airflow/example_dags/example_params_trigger_ui.py
[2026-04-10T09:42:25.426+0900] {logging_mixin.py:190} INFO - [2026-04-10T09:42:25.426+0900] {dag.py:3211} INFO - Sync 1 DAGs
[2026-04-10T09:42:25.436+0900] {logging_mixin.py:190} INFO - [2026-04-10T09:42:25.436+0900] {dag.py:4138} INFO - Setting next_dagrun for example_params_trigger_ui to None, run_after=None
[2026-04-10T09:42:25.451+0900] {processor.py:208} INFO - Processing /home/airflow/.local/lib/python3.12/site-packages/airflow/example_dags/example_params_trigger_ui.py took 0.074 seconds
[2026-04-10T09:42:56.121+0900] {processor.py:186} INFO - Started process (PID=150736) to work on /home/airflow/.local/lib/python3.12/site-packages/airflow/example_dags/example_params_trigger_ui.py
[2026-04-10T09:42:56.122+0900] {processor.py:914} INFO - Processing file /home/airflow/.local/lib/python3.12/site-packages/airflow/example_dags/example_params_trigger_ui.py for tasks to queue
[2026-04-10T09:42:56.124+0900] {logging_mixin.py:190} INFO - [2026-04-10T09:42:56.124+0900] {dagbag.py:587} INFO - Filling up the DagBag from /home/airflow/.local/lib/python3.12/site-packages/airflow/example_dags/example_params_trigger_ui.py
[2026-04-10T09:42:56.134+0900] {processor.py:925} INFO - DAG(s) 'example_params_trigger_ui' retrieved from /home/airflow/.local/lib/python3.12/site-packages/airflow/example_dags/example_params_trigger_ui.py
[2026-04-10T09:42:56.174+0900] {logging_mixin.py:190} INFO - [2026-04-10T09:42:56.174+0900] {dag.py:3211} INFO - Sync 1 DAGs
[2026-04-10T09:42:56.190+0900] {logging_mixin.py:190} INFO - [2026-04-10T09:42:56.190+0900] {dag.py:4138} INFO - Setting next_dagrun for example_params_trigger_ui to None, run_after=None
[2026-04-10T09:42:56.211+0900] {processor.py:208} INFO - Processing /home/airflow/.local/lib/python3.12/site-packages/airflow/example_dags/example_params_trigger_ui.py took 0.095 seconds
[2026-04-10T09:43:26.371+0900] {processor.py:186} INFO - Started process (PID=150799) to work on /home/airflow/.local/lib/python3.12/site-packages/airflow/example_dags/example_params_trigger_ui.py
[2026-04-10T09:43:26.372+0900] {processor.py:914} INFO - Processing file /home/airflow/.local/lib/python3.12/site-packages/airflow/example_dags/example_params_trigger_ui.py for tasks to queue
[2026-04-10T09:43:26.374+0900] {logging_mixin.py:190} INFO - [2026-04-10T09:43:26.374+0900] {dagbag.py:587} INFO - Filling up the DagBag from /home/airflow/.local/lib/python3.12/site-packages/airflow/example_dags/example_params_trigger_ui.py
[2026-04-10T09:43:26.383+0900] {processor.py:925} INFO - DAG(s) 'example_params_trigger_ui' retrieved from /home/airflow/.local/lib/python3.12/site-packages/airflow/example_dags/example_params_trigger_ui.py
[2026-04-10T09:43:26.415+0900] {logging_mixin.py:190} INFO - [2026-04-10T09:43:26.415+0900] {dag.py:3211} INFO - Sync 1 DAGs
[2026-04-10T09:43:26.427+0900] {logging_mixin.py:190} INFO - [2026-04-10T09:43:26.426+0900] {dag.py:4138} INFO - Setting next_dagrun for example_params_trigger_ui to None, run_after=None
[2026-04-10T09:43:26.442+0900] {processor.py:208} INFO - Processing /home/airflow/.local/lib/python3.12/site-packages/airflow/example_dags/example_params_trigger_ui.py took 0.075 seconds
[2026-04-10T09:43:56.760+0900] {processor.py:186} INFO - Started process (PID=150862) to work on /home/airflow/.local/lib/python3.12/site-packages/airflow/example_dags/example_params_trigger_ui.py
[2026-04-10T09:43:56.761+0900] {processor.py:914} INFO - Processing file /home/airflow/.local/lib/python3.12/site-packages/airflow/example_dags/example_params_trigger_ui.py for tasks to queue
[2026-04-10T09:43:56.763+0900] {logging_mixin.py:190} INFO - [2026-04-10T09:43:56.763+0900] {dagbag.py:587} INFO - Filling up the DagBag from /home/airflow/.local/lib/python3.12/site-packages/airflow/example_dags/example_params_trigger_ui.py
[2026-04-10T09:43:56.774+0900] {processor.py:925} INFO - DAG(s) 'example_params_trigger_ui' retrieved from /home/airflow/.local/lib/python3.12/site-packages/airflow/example_dags/example_params_trigger_ui.py
[2026-04-10T09:43:56.807+0900] {logging_mixin.py:190} INFO - [2026-04-10T09:43:56.806+0900] {dag.py:3211} INFO - Sync 1 DAGs
[2026-04-10T09:43:56.817+0900] {logging_mixin.py:190} INFO - [2026-04-10T09:43:56.817+0900] {dag.py:4138} INFO - Setting next_dagrun for example_params_trigger_ui to None, run_after=None
[2026-04-10T09:43:56.833+0900] {processor.py:208} INFO - Processing /home/airflow/.local/lib/python3.12/site-packages/airflow/example_dags/example_params_trigger_ui.py took 0.077 seconds
[2026-04-10T09:44:26.902+0900] {processor.py:186} INFO - Started process (PID=150925) to work on /home/airflow/.local/lib/python3.12/site-packages/airflow/example_dags/example_params_trigger_ui.py
[2026-04-10T09:44:26.903+0900] {processor.py:914} INFO - Processing file /home/airflow/.local/lib/python3.12/site-packages/airflow/example_dags/example_params_trigger_ui.py for tasks to queue
[2026-04-10T09:44:26.905+0900] {logging_mixin.py:190} INFO - [2026-04-10T09:44:26.905+0900] {dagbag.py:587} INFO - Filling up the DagBag from /home/airflow/.local/lib/python3.12/site-packages/airflow/example_dags/example_params_trigger_ui.py
[2026-04-10T09:44:26.913+0900] {processor.py:925} INFO - DAG(s) 'example_params_trigger_ui' retrieved from /home/airflow/.local/lib/python3.12/site-packages/airflow/example_dags/example_params_trigger_ui.py
[2026-04-10T09:44:26.942+0900] {logging_mixin.py:190} INFO - [2026-04-10T09:44:26.942+0900] {dag.py:3211} INFO - Sync 1 DAGs
[2026-04-10T09:44:26.953+0900] {logging_mixin.py:190} INFO - [2026-04-10T09:44:26.953+0900] {dag.py:4138} INFO - Setting next_dagrun for example_params_trigger_ui to None, run_after=None
[2026-04-10T09:44:26.966+0900] {processor.py:208} INFO - Processing /home/airflow/.local/lib/python3.12/site-packages/airflow/example_dags/example_params_trigger_ui.py took 0.069 seconds
[2026-04-10T09:44:57.182+0900] {processor.py:186} INFO - Started process (PID=150988) to work on /home/airflow/.local/lib/python3.12/site-packages/airflow/example_dags/example_params_trigger_ui.py
[2026-04-10T09:44:57.183+0900] {processor.py:914} INFO - Processing file /home/airflow/.local/lib/python3.12/site-packages/airflow/example_dags/example_params_trigger_ui.py for tasks to queue
[2026-04-10T09:44:57.186+0900] {logging_mixin.py:190} INFO - [2026-04-10T09:44:57.185+0900] {dagbag.py:587} INFO - Filling up the DagBag from /home/airflow/.local/lib/python3.12/site-packages/airflow/example_dags/example_params_trigger_ui.py
[2026-04-10T09:44:57.194+0900] {processor.py:925} INFO - DAG(s) 'example_params_trigger_ui' retrieved from /home/airflow/.local/lib/python3.12/site-packages/airflow/example_dags/example_params_trigger_ui.py
[2026-04-10T09:44:57.226+0900] {logging_mixin.py:190} INFO - [2026-04-10T09:44:57.226+0900] {dag.py:3211} INFO - Sync 1 DAGs
[2026-04-10T09:44:57.240+0900] {logging_mixin.py:190} INFO - [2026-04-10T09:44:57.240+0900] {dag.py:4138} INFO - Setting next_dagrun for example_params_trigger_ui to None, run_after=None
[2026-04-10T09:44:57.256+0900] {processor.py:208} INFO - Processing /home/airflow/.local/lib/python3.12/site-packages/airflow/example_dags/example_params_trigger_ui.py took 0.080 seconds
[2026-04-10T09:45:27.439+0900] {processor.py:186} INFO - Started process (PID=151051) to work on /home/airflow/.local/lib/python3.12/site-packages/airflow/example_dags/example_params_trigger_ui.py
[2026-04-10T09:45:27.440+0900] {processor.py:914} INFO - Processing file /home/airflow/.local/lib/python3.12/site-packages/airflow/example_dags/example_params_trigger_ui.py for tasks to queue
[2026-04-10T09:45:27.442+0900] {logging_mixin.py:190} INFO - [2026-04-10T09:45:27.442+0900] {dagbag.py:587} INFO - Filling up the DagBag from /home/airflow/.local/lib/python3.12/site-packages/airflow/example_dags/example_params_trigger_ui.py
[2026-04-10T09:45:27.451+0900] {processor.py:925} INFO - DAG(s) 'example_params_trigger_ui' retrieved from /home/airflow/.local/lib/python3.12/site-packages/airflow/example_dags/example_params_trigger_ui.py
[2026-04-10T09:45:27.479+0900] {logging_mixin.py:190} INFO - [2026-04-10T09:45:27.479+0900] {dag.py:3211} INFO - Sync 1 DAGs
[2026-04-10T09:45:27.488+0900] {logging_mixin.py:190} INFO - [2026-04-10T09:45:27.488+0900] {dag.py:4138} INFO - Setting next_dagrun for example_params_trigger_ui to None, run_after=None
[2026-04-10T09:45:27.502+0900] {processor.py:208} INFO - Processing /home/airflow/.local/lib/python3.12/site-packages/airflow/example_dags/example_params_trigger_ui.py took 0.067 seconds
[2026-04-10T09:45:57.761+0900] {processor.py:186} INFO - Started process (PID=151114) to work on /home/airflow/.local/lib/python3.12/site-packages/airflow/example_dags/example_params_trigger_ui.py
[2026-04-10T09:45:57.762+0900] {processor.py:914} INFO - Processing file /home/airflow/.local/lib/python3.12/site-packages/airflow/example_dags/example_params_trigger_ui.py for tasks to queue
[2026-04-10T09:45:57.764+0900] {logging_mixin.py:190} INFO - [2026-04-10T09:45:57.764+0900] {dagbag.py:587} INFO - Filling up the DagBag from /home/airflow/.local/lib/python3.12/site-packages/airflow/example_dags/example_params_trigger_ui.py
[2026-04-10T09:45:57.773+0900] {processor.py:925} INFO - DAG(s) 'example_params_trigger_ui' retrieved from /home/airflow/.local/lib/python3.12/site-packages/airflow/example_dags/example_params_trigger_ui.py
[2026-04-10T09:45:57.801+0900] {logging_mixin.py:190} INFO - [2026-04-10T09:45:57.801+0900] {dag.py:3211} INFO - Sync 1 DAGs
[2026-04-10T09:45:57.811+0900] {logging_mixin.py:190} INFO - [2026-04-10T09:45:57.811+0900] {dag.py:4138} INFO - Setting next_dagrun for example_params_trigger_ui to None, run_after=None
[2026-04-10T09:45:57.825+0900] {processor.py:208} INFO - Processing /home/airflow/.local/lib/python3.12/site-packages/airflow/example_dags/example_params_trigger_ui.py took 0.069 seconds
[2026-04-10T09:46:28.645+0900] {processor.py:186} INFO - Started process (PID=151177) to work on /home/airflow/.local/lib/python3.12/site-packages/airflow/example_dags/example_params_trigger_ui.py
[2026-04-10T09:46:28.647+0900] {processor.py:914} INFO - Processing file /home/airflow/.local/lib/python3.12/site-packages/airflow/example_dags/example_params_trigger_ui.py for tasks to queue
[2026-04-10T09:46:28.649+0900] {logging_mixin.py:190} INFO - [2026-04-10T09:46:28.649+0900] {dagbag.py:587} INFO - Filling up the DagBag from /home/airflow/.local/lib/python3.12/site-packages/airflow/example_dags/example_params_trigger_ui.py
[2026-04-10T09:46:28.658+0900] {processor.py:925} INFO - DAG(s) 'example_params_trigger_ui' retrieved from /home/airflow/.local/lib/python3.12/site-packages/airflow/example_dags/example_params_trigger_ui.py
[2026-04-10T09:46:28.686+0900] {logging_mixin.py:190} INFO - [2026-04-10T09:46:28.685+0900] {dag.py:3211} INFO - Sync 1 DAGs
[2026-04-10T09:46:28.696+0900] {logging_mixin.py:190} INFO - [2026-04-10T09:46:28.695+0900] {dag.py:4138} INFO - Setting next_dagrun for example_params_trigger_ui to None, run_after=None
[2026-04-10T09:46:28.709+0900] {processor.py:208} INFO - Processing /home/airflow/.local/lib/python3.12/site-packages/airflow/example_dags/example_params_trigger_ui.py took 0.069 seconds
[2026-04-10T09:46:59.190+0900] {processor.py:186} INFO - Started process (PID=151240) to work on /home/airflow/.local/lib/python3.12/site-packages/airflow/example_dags/example_params_trigger_ui.py
[2026-04-10T09:46:59.191+0900] {processor.py:914} INFO - Processing file /home/airflow/.local/lib/python3.12/site-packages/airflow/example_dags/example_params_trigger_ui.py for tasks to queue
[2026-04-10T09:46:59.193+0900] {logging_mixin.py:190} INFO - [2026-04-10T09:46:59.193+0900] {dagbag.py:587} INFO - Filling up the DagBag from /home/airflow/.local/lib/python3.12/site-packages/airflow/example_dags/example_params_trigger_ui.py
[2026-04-10T09:46:59.204+0900] {processor.py:925} INFO - DAG(s) 'example_params_trigger_ui' retrieved from /home/airflow/.local/lib/python3.12/site-packages/airflow/example_dags/example_params_trigger_ui.py
[2026-04-10T09:46:59.236+0900] {logging_mixin.py:190} INFO - [2026-04-10T09:46:59.236+0900] {dag.py:3211} INFO - Sync 1 DAGs
[2026-04-10T09:46:59.248+0900] {logging_mixin.py:190} INFO - [2026-04-10T09:46:59.248+0900] {dag.py:4138} INFO - Setting next_dagrun for example_params_trigger_ui to None, run_after=None
[2026-04-10T09:46:59.262+0900] {processor.py:208} INFO - Processing /home/airflow/.local/lib/python3.12/site-packages/airflow/example_dags/example_params_trigger_ui.py took 0.076 seconds
[2026-04-10T09:47:29.691+0900] {processor.py:186} INFO - Started process (PID=151303) to work on /home/airflow/.local/lib/python3.12/site-packages/airflow/example_dags/example_params_trigger_ui.py
[2026-04-10T09:47:29.692+0900] {processor.py:914} INFO - Processing file /home/airflow/.local/lib/python3.12/site-packages/airflow/example_dags/example_params_trigger_ui.py for tasks to queue
[2026-04-10T09:47:29.694+0900] {logging_mixin.py:190} INFO - [2026-04-10T09:47:29.694+0900] {dagbag.py:587} INFO - Filling up the DagBag from /home/airflow/.local/lib/python3.12/site-packages/airflow/example_dags/example_params_trigger_ui.py
[2026-04-10T09:47:29.702+0900] {processor.py:925} INFO - DAG(s) 'example_params_trigger_ui' retrieved from /home/airflow/.local/lib/python3.12/site-packages/airflow/example_dags/example_params_trigger_ui.py
[2026-04-10T09:47:29.732+0900] {logging_mixin.py:190} INFO - [2026-04-10T09:47:29.732+0900] {dag.py:3211} INFO - Sync 1 DAGs
[2026-04-10T09:47:29.742+0900] {logging_mixin.py:190} INFO - [2026-04-10T09:47:29.742+0900] {dag.py:4138} INFO - Setting next_dagrun for example_params_trigger_ui to None, run_after=None
[2026-04-10T09:47:29.763+0900] {processor.py:208} INFO - Processing /home/airflow/.local/lib/python3.12/site-packages/airflow/example_dags/example_params_trigger_ui.py took 0.077 seconds
[2026-04-10T09:48:00.239+0900] {processor.py:186} INFO - Started process (PID=151366) to work on /home/airflow/.local/lib/python3.12/site-packages/airflow/example_dags/example_params_trigger_ui.py
[2026-04-10T09:48:00.240+0900] {processor.py:914} INFO - Processing file /home/airflow/.local/lib/python3.12/site-packages/airflow/example_dags/example_params_trigger_ui.py for tasks to queue
[2026-04-10T09:48:00.242+0900] {logging_mixin.py:190} INFO - [2026-04-10T09:48:00.241+0900] {dagbag.py:587} INFO - Filling up the DagBag from /home/airflow/.local/lib/python3.12/site-packages/airflow/example_dags/example_params_trigger_ui.py
[2026-04-10T09:48:00.249+0900] {processor.py:925} INFO - DAG(s) 'example_params_trigger_ui' retrieved from /home/airflow/.local/lib/python3.12/site-packages/airflow/example_dags/example_params_trigger_ui.py
[2026-04-10T09:48:00.280+0900] {logging_mixin.py:190} INFO - [2026-04-10T09:48:00.280+0900] {dag.py:3211} INFO - Sync 1 DAGs
[2026-04-10T09:48:00.291+0900] {logging_mixin.py:190} INFO - [2026-04-10T09:48:00.291+0900] {dag.py:4138} INFO - Setting next_dagrun for example_params_trigger_ui to None, run_after=None
[2026-04-10T09:48:00.306+0900] {processor.py:208} INFO - Processing /home/airflow/.local/lib/python3.12/site-packages/airflow/example_dags/example_params_trigger_ui.py took 0.072 seconds
[2026-04-10T09:48:30.810+0900] {processor.py:186} INFO - Started process (PID=151429) to work on /home/airflow/.local/lib/python3.12/site-packages/airflow/example_dags/example_params_trigger_ui.py
[2026-04-10T09:48:30.811+0900] {processor.py:914} INFO - Processing file /home/airflow/.local/lib/python3.12/site-packages/airflow/example_dags/example_params_trigger_ui.py for tasks to queue
[2026-04-10T09:48:30.813+0900] {logging_mixin.py:190} INFO - [2026-04-10T09:48:30.813+0900] {dagbag.py:587} INFO - Filling up the DagBag from /home/airflow/.local/lib/python3.12/site-packages/airflow/example_dags/example_params_trigger_ui.py
[2026-04-10T09:48:30.821+0900] {processor.py:925} INFO - DAG(s) 'example_params_trigger_ui' retrieved from /home/airflow/.local/lib/python3.12/site-packages/airflow/example_dags/example_params_trigger_ui.py
[2026-04-10T09:48:30.854+0900] {logging_mixin.py:190} INFO - [2026-04-10T09:48:30.854+0900] {dag.py:3211} INFO - Sync 1 DAGs
[2026-04-10T09:48:30.864+0900] {logging_mixin.py:190} INFO - [2026-04-10T09:48:30.864+0900] {dag.py:4138} INFO - Setting next_dagrun for example_params_trigger_ui to None, run_after=None
[2026-04-10T09:48:30.879+0900] {processor.py:208} INFO - Processing /home/airflow/.local/lib/python3.12/site-packages/airflow/example_dags/example_params_trigger_ui.py took 0.074 seconds
[2026-04-10T09:49:00.936+0900] {processor.py:186} INFO - Started process (PID=151492) to work on /home/airflow/.local/lib/python3.12/site-packages/airflow/example_dags/example_params_trigger_ui.py
[2026-04-10T09:49:00.937+0900] {processor.py:914} INFO - Processing file /home/airflow/.local/lib/python3.12/site-packages/airflow/example_dags/example_params_trigger_ui.py for tasks to queue
[2026-04-10T09:49:00.939+0900] {logging_mixin.py:190} INFO - [2026-04-10T09:49:00.939+0900] {dagbag.py:587} INFO - Filling up the DagBag from /home/airflow/.local/lib/python3.12/site-packages/airflow/example_dags/example_params_trigger_ui.py
[2026-04-10T09:49:00.948+0900] {processor.py:925} INFO - DAG(s) 'example_params_trigger_ui' retrieved from /home/airflow/.local/lib/python3.12/site-packages/airflow/example_dags/example_params_trigger_ui.py
[2026-04-10T09:49:00.979+0900] {logging_mixin.py:190} INFO - [2026-04-10T09:49:00.979+0900] {dag.py:3211} INFO - Sync 1 DAGs
[2026-04-10T09:49:00.989+0900] {logging_mixin.py:190} INFO - [2026-04-10T09:49:00.989+0900] {dag.py:4138} INFO - Setting next_dagrun for example_params_trigger_ui to None, run_after=None
[2026-04-10T09:49:01.006+0900] {processor.py:208} INFO - Processing /home/airflow/.local/lib/python3.12/site-packages/airflow/example_dags/example_params_trigger_ui.py took 0.075 seconds
[2026-04-10T09:49:31.174+0900] {processor.py:186} INFO - Started process (PID=151556) to work on /home/airflow/.local/lib/python3.12/site-packages/airflow/example_dags/example_params_trigger_ui.py
[2026-04-10T09:49:31.175+0900] {processor.py:914} INFO - Processing file /home/airflow/.local/lib/python3.12/site-packages/airflow/example_dags/example_params_trigger_ui.py for tasks to queue
[2026-04-10T09:49:31.177+0900] {logging_mixin.py:190} INFO - [2026-04-10T09:49:31.177+0900] {dagbag.py:587} INFO - Filling up the DagBag from /home/airflow/.local/lib/python3.12/site-packages/airflow/example_dags/example_params_trigger_ui.py
[2026-04-10T09:49:31.186+0900] {processor.py:925} INFO - DAG(s) 'example_params_trigger_ui' retrieved from /home/airflow/.local/lib/python3.12/site-packages/airflow/example_dags/example_params_trigger_ui.py
[2026-04-10T09:49:31.215+0900] {logging_mixin.py:190} INFO - [2026-04-10T09:49:31.215+0900] {dag.py:3211} INFO - Sync 1 DAGs
[2026-04-10T09:49:31.225+0900] {logging_mixin.py:190} INFO - [2026-04-10T09:49:31.225+0900] {dag.py:4138} INFO - Setting next_dagrun for example_params_trigger_ui to None, run_after=None
[2026-04-10T09:49:31.240+0900] {processor.py:208} INFO - Processing /home/airflow/.local/lib/python3.12/site-packages/airflow/example_dags/example_params_trigger_ui.py took 0.070 seconds
[2026-04-10T09:50:01.771+0900] {processor.py:186} INFO - Started process (PID=151619) to work on /home/airflow/.local/lib/python3.12/site-packages/airflow/example_dags/example_params_trigger_ui.py
[2026-04-10T09:50:01.772+0900] {processor.py:914} INFO - Processing file /home/airflow/.local/lib/python3.12/site-packages/airflow/example_dags/example_params_trigger_ui.py for tasks to queue
[2026-04-10T09:50:01.774+0900] {logging_mixin.py:190} INFO - [2026-04-10T09:50:01.774+0900] {dagbag.py:587} INFO - Filling up the DagBag from /home/airflow/.local/lib/python3.12/site-packages/airflow/example_dags/example_params_trigger_ui.py
[2026-04-10T09:50:01.783+0900] {processor.py:925} INFO - DAG(s) 'example_params_trigger_ui' retrieved from /home/airflow/.local/lib/python3.12/site-packages/airflow/example_dags/example_params_trigger_ui.py
[2026-04-10T09:50:01.811+0900] {logging_mixin.py:190} INFO - [2026-04-10T09:50:01.811+0900] {dag.py:3211} INFO - Sync 1 DAGs
[2026-04-10T09:50:01.820+0900] {logging_mixin.py:190} INFO - [2026-04-10T09:50:01.820+0900] {dag.py:4138} INFO - Setting next_dagrun for example_params_trigger_ui to None, run_after=None
[2026-04-10T09:50:01.834+0900] {processor.py:208} INFO - Processing /home/airflow/.local/lib/python3.12/site-packages/airflow/example_dags/example_params_trigger_ui.py took 0.068 seconds
[2026-04-10T09:50:32.188+0900] {processor.py:186} INFO - Started process (PID=151682) to work on /home/airflow/.local/lib/python3.12/site-packages/airflow/example_dags/example_params_trigger_ui.py
[2026-04-10T09:50:32.189+0900] {processor.py:914} INFO - Processing file /home/airflow/.local/lib/python3.12/site-packages/airflow/example_dags/example_params_trigger_ui.py for tasks to queue
[2026-04-10T09:50:32.192+0900] {logging_mixin.py:190} INFO - [2026-04-10T09:50:32.191+0900] {dagbag.py:587} INFO - Filling up the DagBag from /home/airflow/.local/lib/python3.12/site-packages/airflow/example_dags/example_params_trigger_ui.py
[2026-04-10T09:50:32.201+0900] {processor.py:925} INFO - DAG(s) 'example_params_trigger_ui' retrieved from /home/airflow/.local/lib/python3.12/site-packages/airflow/example_dags/example_params_trigger_ui.py
[2026-04-10T09:50:32.232+0900] {logging_mixin.py:190} INFO - [2026-04-10T09:50:32.232+0900] {dag.py:3211} INFO - Sync 1 DAGs
[2026-04-10T09:50:32.242+0900] {logging_mixin.py:190} INFO - [2026-04-10T09:50:32.242+0900] {dag.py:4138} INFO - Setting next_dagrun for example_params_trigger_ui to None, run_after=None
[2026-04-10T09:50:32.256+0900] {processor.py:208} INFO - Processing /home/airflow/.local/lib/python3.12/site-packages/airflow/example_dags/example_params_trigger_ui.py took 0.073 seconds
[2026-04-10T09:51:02.655+0900] {processor.py:186} INFO - Started process (PID=151745) to work on /home/airflow/.local/lib/python3.12/site-packages/airflow/example_dags/example_params_trigger_ui.py
[2026-04-10T09:51:02.656+0900] {processor.py:914} INFO - Processing file /home/airflow/.local/lib/python3.12/site-packages/airflow/example_dags/example_params_trigger_ui.py for tasks to queue
[2026-04-10T09:51:02.657+0900] {logging_mixin.py:190} INFO - [2026-04-10T09:51:02.657+0900] {dagbag.py:587} INFO - Filling up the DagBag from /home/airflow/.local/lib/python3.12/site-packages/airflow/example_dags/example_params_trigger_ui.py
[2026-04-10T09:51:02.667+0900] {processor.py:925} INFO - DAG(s) 'example_params_trigger_ui' retrieved from /home/airflow/.local/lib/python3.12/site-packages/airflow/example_dags/example_params_trigger_ui.py
[2026-04-10T09:51:02.699+0900] {logging_mixin.py:190} INFO - [2026-04-10T09:51:02.699+0900] {dag.py:3211} INFO - Sync 1 DAGs
[2026-04-10T09:51:02.711+0900] {logging_mixin.py:190} INFO - [2026-04-10T09:51:02.711+0900] {dag.py:4138} INFO - Setting next_dagrun for example_params_trigger_ui to None, run_after=None
[2026-04-10T09:51:02.727+0900] {processor.py:208} INFO - Processing /home/airflow/.local/lib/python3.12/site-packages/airflow/example_dags/example_params_trigger_ui.py took 0.077 seconds
[2026-04-10T09:51:32.882+0900] {processor.py:186} INFO - Started process (PID=151808) to work on /home/airflow/.local/lib/python3.12/site-packages/airflow/example_dags/example_params_trigger_ui.py
[2026-04-10T09:51:32.883+0900] {processor.py:914} INFO - Processing file /home/airflow/.local/lib/python3.12/site-packages/airflow/example_dags/example_params_trigger_ui.py for tasks to queue
[2026-04-10T09:51:32.885+0900] {logging_mixin.py:190} INFO - [2026-04-10T09:51:32.885+0900] {dagbag.py:587} INFO - Filling up the DagBag from /home/airflow/.local/lib/python3.12/site-packages/airflow/example_dags/example_params_trigger_ui.py
[2026-04-10T09:51:32.894+0900] {processor.py:925} INFO - DAG(s) 'example_params_trigger_ui' retrieved from /home/airflow/.local/lib/python3.12/site-packages/airflow/example_dags/example_params_trigger_ui.py
[2026-04-10T09:51:32.924+0900] {logging_mixin.py:190} INFO - [2026-04-10T09:51:32.924+0900] {dag.py:3211} INFO - Sync 1 DAGs
[2026-04-10T09:51:32.936+0900] {logging_mixin.py:190} INFO - [2026-04-10T09:51:32.936+0900] {dag.py:4138} INFO - Setting next_dagrun for example_params_trigger_ui to None, run_after=None
[2026-04-10T09:51:32.953+0900] {processor.py:208} INFO - Processing /home/airflow/.local/lib/python3.12/site-packages/airflow/example_dags/example_params_trigger_ui.py took 0.076 seconds
[2026-04-10T09:52:03.093+0900] {processor.py:186} INFO - Started process (PID=151870) to work on /home/airflow/.local/lib/python3.12/site-packages/airflow/example_dags/example_params_trigger_ui.py
[2026-04-10T09:52:03.094+0900] {processor.py:914} INFO - Processing file /home/airflow/.local/lib/python3.12/site-packages/airflow/example_dags/example_params_trigger_ui.py for tasks to queue
[2026-04-10T09:52:03.096+0900] {logging_mixin.py:190} INFO - [2026-04-10T09:52:03.096+0900] {dagbag.py:587} INFO - Filling up the DagBag from /home/airflow/.local/lib/python3.12/site-packages/airflow/example_dags/example_params_trigger_ui.py
[2026-04-10T09:52:03.105+0900] {processor.py:925} INFO - DAG(s) 'example_params_trigger_ui' retrieved from /home/airflow/.local/lib/python3.12/site-packages/airflow/example_dags/example_params_trigger_ui.py
[2026-04-10T09:52:03.135+0900] {logging_mixin.py:190} INFO - [2026-04-10T09:52:03.135+0900] {dag.py:3211} INFO - Sync 1 DAGs
[2026-04-10T09:52:03.145+0900] {logging_mixin.py:190} INFO - [2026-04-10T09:52:03.145+0900] {dag.py:4138} INFO - Setting next_dagrun for example_params_trigger_ui to None, run_after=None
[2026-04-10T09:52:03.161+0900] {processor.py:208} INFO - Processing /home/airflow/.local/lib/python3.12/site-packages/airflow/example_dags/example_params_trigger_ui.py took 0.072 seconds
[2026-04-10T09:52:33.390+0900] {processor.py:186} INFO - Started process (PID=151934) to work on /home/airflow/.local/lib/python3.12/site-packages/airflow/example_dags/example_params_trigger_ui.py
[2026-04-10T09:52:33.391+0900] {processor.py:914} INFO - Processing file /home/airflow/.local/lib/python3.12/site-packages/airflow/example_dags/example_params_trigger_ui.py for tasks to queue
[2026-04-10T09:52:33.393+0900] {logging_mixin.py:190} INFO - [2026-04-10T09:52:33.393+0900] {dagbag.py:587} INFO - Filling up the DagBag from /home/airflow/.local/lib/python3.12/site-packages/airflow/example_dags/example_params_trigger_ui.py
[2026-04-10T09:52:33.401+0900] {processor.py:925} INFO - DAG(s) 'example_params_trigger_ui' retrieved from /home/airflow/.local/lib/python3.12/site-packages/airflow/example_dags/example_params_trigger_ui.py
[2026-04-10T09:52:33.429+0900] {logging_mixin.py:190} INFO - [2026-04-10T09:52:33.429+0900] {dag.py:3211} INFO - Sync 1 DAGs
[2026-04-10T09:52:33.438+0900] {logging_mixin.py:190} INFO - [2026-04-10T09:52:33.438+0900] {dag.py:4138} INFO - Setting next_dagrun for example_params_trigger_ui to None, run_after=None
[2026-04-10T09:52:33.453+0900] {processor.py:208} INFO - Processing /home/airflow/.local/lib/python3.12/site-packages/airflow/example_dags/example_params_trigger_ui.py took 0.068 seconds
[2026-04-10T09:53:03.690+0900] {processor.py:186} INFO - Started process (PID=151997) to work on /home/airflow/.local/lib/python3.12/site-packages/airflow/example_dags/example_params_trigger_ui.py
[2026-04-10T09:53:03.691+0900] {processor.py:914} INFO - Processing file /home/airflow/.local/lib/python3.12/site-packages/airflow/example_dags/example_params_trigger_ui.py for tasks to queue
[2026-04-10T09:53:03.694+0900] {logging_mixin.py:190} INFO - [2026-04-10T09:53:03.693+0900] {dagbag.py:587} INFO - Filling up the DagBag from /home/airflow/.local/lib/python3.12/site-packages/airflow/example_dags/example_params_trigger_ui.py
[2026-04-10T09:53:03.702+0900] {processor.py:925} INFO - DAG(s) 'example_params_trigger_ui' retrieved from /home/airflow/.local/lib/python3.12/site-packages/airflow/example_dags/example_params_trigger_ui.py
[2026-04-10T09:53:03.734+0900] {logging_mixin.py:190} INFO - [2026-04-10T09:53:03.734+0900] {dag.py:3211} INFO - Sync 1 DAGs
[2026-04-10T09:53:03.745+0900] {logging_mixin.py:190} INFO - [2026-04-10T09:53:03.745+0900] {dag.py:4138} INFO - Setting next_dagrun for example_params_trigger_ui to None, run_after=None
[2026-04-10T09:53:03.759+0900] {processor.py:208} INFO - Processing /home/airflow/.local/lib/python3.12/site-packages/airflow/example_dags/example_params_trigger_ui.py took 0.073 seconds
[2026-04-10T09:53:34.162+0900] {processor.py:186} INFO - Started process (PID=152060) to work on /home/airflow/.local/lib/python3.12/site-packages/airflow/example_dags/example_params_trigger_ui.py
[2026-04-10T09:53:34.163+0900] {processor.py:914} INFO - Processing file /home/airflow/.local/lib/python3.12/site-packages/airflow/example_dags/example_params_trigger_ui.py for tasks to queue
[2026-04-10T09:53:34.165+0900] {logging_mixin.py:190} INFO - [2026-04-10T09:53:34.165+0900] {dagbag.py:587} INFO - Filling up the DagBag from /home/airflow/.local/lib/python3.12/site-packages/airflow/example_dags/example_params_trigger_ui.py
[2026-04-10T09:53:34.174+0900] {processor.py:925} INFO - DAG(s) 'example_params_trigger_ui' retrieved from /home/airflow/.local/lib/python3.12/site-packages/airflow/example_dags/example_params_trigger_ui.py
[2026-04-10T09:53:34.203+0900] {logging_mixin.py:190} INFO - [2026-04-10T09:53:34.202+0900] {dag.py:3211} INFO - Sync 1 DAGs
[2026-04-10T09:53:34.212+0900] {logging_mixin.py:190} INFO - [2026-04-10T09:53:34.212+0900] {dag.py:4138} INFO - Setting next_dagrun for example_params_trigger_ui to None, run_after=None
[2026-04-10T09:53:34.227+0900] {processor.py:208} INFO - Processing /home/airflow/.local/lib/python3.12/site-packages/airflow/example_dags/example_params_trigger_ui.py took 0.069 seconds
[2026-04-10T09:54:04.410+0900] {processor.py:186} INFO - Started process (PID=152123) to work on /home/airflow/.local/lib/python3.12/site-packages/airflow/example_dags/example_params_trigger_ui.py
[2026-04-10T09:54:04.412+0900] {processor.py:914} INFO - Processing file /home/airflow/.local/lib/python3.12/site-packages/airflow/example_dags/example_params_trigger_ui.py for tasks to queue
[2026-04-10T09:54:04.414+0900] {logging_mixin.py:190} INFO - [2026-04-10T09:54:04.414+0900] {dagbag.py:587} INFO - Filling up the DagBag from /home/airflow/.local/lib/python3.12/site-packages/airflow/example_dags/example_params_trigger_ui.py
[2026-04-10T09:54:04.423+0900] {processor.py:925} INFO - DAG(s) 'example_params_trigger_ui' retrieved from /home/airflow/.local/lib/python3.12/site-packages/airflow/example_dags/example_params_trigger_ui.py
[2026-04-10T09:54:04.451+0900] {logging_mixin.py:190} INFO - [2026-04-10T09:54:04.451+0900] {dag.py:3211} INFO - Sync 1 DAGs
[2026-04-10T09:54:04.462+0900] {logging_mixin.py:190} INFO - [2026-04-10T09:54:04.462+0900] {dag.py:4138} INFO - Setting next_dagrun for example_params_trigger_ui to None, run_after=None
[2026-04-10T09:54:04.477+0900] {processor.py:208} INFO - Processing /home/airflow/.local/lib/python3.12/site-packages/airflow/example_dags/example_params_trigger_ui.py took 0.071 seconds
[2026-04-10T09:54:35.185+0900] {processor.py:186} INFO - Started process (PID=152185) to work on /home/airflow/.local/lib/python3.12/site-packages/airflow/example_dags/example_params_trigger_ui.py
[2026-04-10T09:54:35.186+0900] {processor.py:914} INFO - Processing file /home/airflow/.local/lib/python3.12/site-packages/airflow/example_dags/example_params_trigger_ui.py for tasks to queue
[2026-04-10T09:54:35.189+0900] {logging_mixin.py:190} INFO - [2026-04-10T09:54:35.189+0900] {dagbag.py:587} INFO - Filling up the DagBag from /home/airflow/.local/lib/python3.12/site-packages/airflow/example_dags/example_params_trigger_ui.py
[2026-04-10T09:54:35.200+0900] {processor.py:925} INFO - DAG(s) 'example_params_trigger_ui' retrieved from /home/airflow/.local/lib/python3.12/site-packages/airflow/example_dags/example_params_trigger_ui.py
[2026-04-10T09:54:35.229+0900] {logging_mixin.py:190} INFO - [2026-04-10T09:54:35.229+0900] {dag.py:3211} INFO - Sync 1 DAGs
[2026-04-10T09:54:35.241+0900] {logging_mixin.py:190} INFO - [2026-04-10T09:54:35.241+0900] {dag.py:4138} INFO - Setting next_dagrun for example_params_trigger_ui to None, run_after=None
[2026-04-10T09:54:35.256+0900] {processor.py:208} INFO - Processing /home/airflow/.local/lib/python3.12/site-packages/airflow/example_dags/example_params_trigger_ui.py took 0.075 seconds
[2026-04-10T09:55:05.698+0900] {processor.py:186} INFO - Started process (PID=152248) to work on /home/airflow/.local/lib/python3.12/site-packages/airflow/example_dags/example_params_trigger_ui.py
[2026-04-10T09:55:05.699+0900] {processor.py:914} INFO - Processing file /home/airflow/.local/lib/python3.12/site-packages/airflow/example_dags/example_params_trigger_ui.py for tasks to queue
[2026-04-10T09:55:05.701+0900] {logging_mixin.py:190} INFO - [2026-04-10T09:55:05.701+0900] {dagbag.py:587} INFO - Filling up the DagBag from /home/airflow/.local/lib/python3.12/site-packages/airflow/example_dags/example_params_trigger_ui.py
[2026-04-10T09:55:05.709+0900] {processor.py:925} INFO - DAG(s) 'example_params_trigger_ui' retrieved from /home/airflow/.local/lib/python3.12/site-packages/airflow/example_dags/example_params_trigger_ui.py
[2026-04-10T09:55:05.739+0900] {logging_mixin.py:190} INFO - [2026-04-10T09:55:05.739+0900] {dag.py:3211} INFO - Sync 1 DAGs
[2026-04-10T09:55:05.749+0900] {logging_mixin.py:190} INFO - [2026-04-10T09:55:05.749+0900] {dag.py:4138} INFO - Setting next_dagrun for example_params_trigger_ui to None, run_after=None
[2026-04-10T09:55:05.763+0900] {processor.py:208} INFO - Processing /home/airflow/.local/lib/python3.12/site-packages/airflow/example_dags/example_params_trigger_ui.py took 0.070 seconds
[2026-04-10T09:55:35.857+0900] {processor.py:186} INFO - Started process (PID=152311) to work on /home/airflow/.local/lib/python3.12/site-packages/airflow/example_dags/example_params_trigger_ui.py
[2026-04-10T09:55:35.858+0900] {processor.py:914} INFO - Processing file /home/airflow/.local/lib/python3.12/site-packages/airflow/example_dags/example_params_trigger_ui.py for tasks to queue
[2026-04-10T09:55:35.860+0900] {logging_mixin.py:190} INFO - [2026-04-10T09:55:35.860+0900] {dagbag.py:587} INFO - Filling up the DagBag from /home/airflow/.local/lib/python3.12/site-packages/airflow/example_dags/example_params_trigger_ui.py
[2026-04-10T09:55:35.870+0900] {processor.py:925} INFO - DAG(s) 'example_params_trigger_ui' retrieved from /home/airflow/.local/lib/python3.12/site-packages/airflow/example_dags/example_params_trigger_ui.py
[2026-04-10T09:55:35.903+0900] {logging_mixin.py:190} INFO - [2026-04-10T09:55:35.903+0900] {dag.py:3211} INFO - Sync 1 DAGs
[2026-04-10T09:55:35.914+0900] {logging_mixin.py:190} INFO - [2026-04-10T09:55:35.914+0900] {dag.py:4138} INFO - Setting next_dagrun for example_params_trigger_ui to None, run_after=None
[2026-04-10T09:55:35.928+0900] {processor.py:208} INFO - Processing /home/airflow/.local/lib/python3.12/site-packages/airflow/example_dags/example_params_trigger_ui.py took 0.075 seconds
[2026-04-10T09:56:06.374+0900] {processor.py:186} INFO - Started process (PID=152374) to work on /home/airflow/.local/lib/python3.12/site-packages/airflow/example_dags/example_params_trigger_ui.py
[2026-04-10T09:56:06.375+0900] {processor.py:914} INFO - Processing file /home/airflow/.local/lib/python3.12/site-packages/airflow/example_dags/example_params_trigger_ui.py for tasks to queue
[2026-04-10T09:56:06.377+0900] {logging_mixin.py:190} INFO - [2026-04-10T09:56:06.376+0900] {dagbag.py:587} INFO - Filling up the DagBag from /home/airflow/.local/lib/python3.12/site-packages/airflow/example_dags/example_params_trigger_ui.py
[2026-04-10T09:56:06.384+0900] {processor.py:925} INFO - DAG(s) 'example_params_trigger_ui' retrieved from /home/airflow/.local/lib/python3.12/site-packages/airflow/example_dags/example_params_trigger_ui.py
[2026-04-10T09:56:06.415+0900] {logging_mixin.py:190} INFO - [2026-04-10T09:56:06.414+0900] {dag.py:3211} INFO - Sync 1 DAGs
[2026-04-10T09:56:06.425+0900] {logging_mixin.py:190} INFO - [2026-04-10T09:56:06.425+0900] {dag.py:4138} INFO - Setting next_dagrun for example_params_trigger_ui to None, run_after=None
[2026-04-10T09:56:06.442+0900] {processor.py:208} INFO - Processing /home/airflow/.local/lib/python3.12/site-packages/airflow/example_dags/example_params_trigger_ui.py took 0.073 seconds
[2026-04-10T09:56:36.986+0900] {processor.py:186} INFO - Started process (PID=152437) to work on /home/airflow/.local/lib/python3.12/site-packages/airflow/example_dags/example_params_trigger_ui.py
[2026-04-10T09:56:36.987+0900] {processor.py:914} INFO - Processing file /home/airflow/.local/lib/python3.12/site-packages/airflow/example_dags/example_params_trigger_ui.py for tasks to queue
[2026-04-10T09:56:36.989+0900] {logging_mixin.py:190} INFO - [2026-04-10T09:56:36.989+0900] {dagbag.py:587} INFO - Filling up the DagBag from /home/airflow/.local/lib/python3.12/site-packages/airflow/example_dags/example_params_trigger_ui.py
[2026-04-10T09:56:36.999+0900] {processor.py:925} INFO - DAG(s) 'example_params_trigger_ui' retrieved from /home/airflow/.local/lib/python3.12/site-packages/airflow/example_dags/example_params_trigger_ui.py
[2026-04-10T09:56:37.030+0900] {logging_mixin.py:190} INFO - [2026-04-10T09:56:37.030+0900] {dag.py:3211} INFO - Sync 1 DAGs
[2026-04-10T09:56:37.041+0900] {logging_mixin.py:190} INFO - [2026-04-10T09:56:37.041+0900] {dag.py:4138} INFO - Setting next_dagrun for example_params_trigger_ui to None, run_after=None
[2026-04-10T09:56:37.060+0900] {processor.py:208} INFO - Processing /home/airflow/.local/lib/python3.12/site-packages/airflow/example_dags/example_params_trigger_ui.py took 0.079 seconds
[2026-04-10T09:57:07.605+0900] {processor.py:186} INFO - Started process (PID=152505) to work on /home/airflow/.local/lib/python3.12/site-packages/airflow/example_dags/example_params_trigger_ui.py
[2026-04-10T09:57:07.606+0900] {processor.py:914} INFO - Processing file /home/airflow/.local/lib/python3.12/site-packages/airflow/example_dags/example_params_trigger_ui.py for tasks to queue
[2026-04-10T09:57:07.608+0900] {logging_mixin.py:190} INFO - [2026-04-10T09:57:07.608+0900] {dagbag.py:587} INFO - Filling up the DagBag from /home/airflow/.local/lib/python3.12/site-packages/airflow/example_dags/example_params_trigger_ui.py
[2026-04-10T09:57:07.617+0900] {processor.py:925} INFO - DAG(s) 'example_params_trigger_ui' retrieved from /home/airflow/.local/lib/python3.12/site-packages/airflow/example_dags/example_params_trigger_ui.py
[2026-04-10T09:57:07.645+0900] {logging_mixin.py:190} INFO - [2026-04-10T09:57:07.645+0900] {dag.py:3211} INFO - Sync 1 DAGs
[2026-04-10T09:57:07.655+0900] {logging_mixin.py:190} INFO - [2026-04-10T09:57:07.655+0900] {dag.py:4138} INFO - Setting next_dagrun for example_params_trigger_ui to None, run_after=None
[2026-04-10T09:57:07.669+0900] {processor.py:208} INFO - Processing /home/airflow/.local/lib/python3.12/site-packages/airflow/example_dags/example_params_trigger_ui.py took 0.069 seconds
[2026-04-10T09:57:38.010+0900] {processor.py:186} INFO - Started process (PID=152568) to work on /home/airflow/.local/lib/python3.12/site-packages/airflow/example_dags/example_params_trigger_ui.py
[2026-04-10T09:57:38.011+0900] {processor.py:914} INFO - Processing file /home/airflow/.local/lib/python3.12/site-packages/airflow/example_dags/example_params_trigger_ui.py for tasks to queue
[2026-04-10T09:57:38.013+0900] {logging_mixin.py:190} INFO - [2026-04-10T09:57:38.013+0900] {dagbag.py:587} INFO - Filling up the DagBag from /home/airflow/.local/lib/python3.12/site-packages/airflow/example_dags/example_params_trigger_ui.py
[2026-04-10T09:57:38.022+0900] {processor.py:925} INFO - DAG(s) 'example_params_trigger_ui' retrieved from /home/airflow/.local/lib/python3.12/site-packages/airflow/example_dags/example_params_trigger_ui.py
[2026-04-10T09:57:38.219+0900] {logging_mixin.py:190} INFO - [2026-04-10T09:57:38.218+0900] {dag.py:3211} INFO - Sync 1 DAGs
[2026-04-10T09:57:38.230+0900] {logging_mixin.py:190} INFO - [2026-04-10T09:57:38.230+0900] {dag.py:4138} INFO - Setting next_dagrun for example_params_trigger_ui to None, run_after=None
[2026-04-10T09:57:38.245+0900] {processor.py:208} INFO - Processing /home/airflow/.local/lib/python3.12/site-packages/airflow/example_dags/example_params_trigger_ui.py took 0.239 seconds
[2026-04-10T09:58:08.519+0900] {processor.py:186} INFO - Started process (PID=152631) to work on /home/airflow/.local/lib/python3.12/site-packages/airflow/example_dags/example_params_trigger_ui.py
[2026-04-10T09:58:08.521+0900] {processor.py:914} INFO - Processing file /home/airflow/.local/lib/python3.12/site-packages/airflow/example_dags/example_params_trigger_ui.py for tasks to queue
[2026-04-10T09:58:08.523+0900] {logging_mixin.py:190} INFO - [2026-04-10T09:58:08.523+0900] {dagbag.py:587} INFO - Filling up the DagBag from /home/airflow/.local/lib/python3.12/site-packages/airflow/example_dags/example_params_trigger_ui.py
[2026-04-10T09:58:08.534+0900] {processor.py:925} INFO - DAG(s) 'example_params_trigger_ui' retrieved from /home/airflow/.local/lib/python3.12/site-packages/airflow/example_dags/example_params_trigger_ui.py
[2026-04-10T09:58:08.563+0900] {logging_mixin.py:190} INFO - [2026-04-10T09:58:08.563+0900] {dag.py:3211} INFO - Sync 1 DAGs
[2026-04-10T09:58:08.573+0900] {logging_mixin.py:190} INFO - [2026-04-10T09:58:08.573+0900] {dag.py:4138} INFO - Setting next_dagrun for example_params_trigger_ui to None, run_after=None
[2026-04-10T09:58:08.587+0900] {processor.py:208} INFO - Processing /home/airflow/.local/lib/python3.12/site-packages/airflow/example_dags/example_params_trigger_ui.py took 0.073 seconds
[2026-04-10T09:58:38.638+0900] {processor.py:186} INFO - Started process (PID=152694) to work on /home/airflow/.local/lib/python3.12/site-packages/airflow/example_dags/example_params_trigger_ui.py
[2026-04-10T09:58:38.639+0900] {processor.py:914} INFO - Processing file /home/airflow/.local/lib/python3.12/site-packages/airflow/example_dags/example_params_trigger_ui.py for tasks to queue
[2026-04-10T09:58:38.641+0900] {logging_mixin.py:190} INFO - [2026-04-10T09:58:38.641+0900] {dagbag.py:587} INFO - Filling up the DagBag from /home/airflow/.local/lib/python3.12/site-packages/airflow/example_dags/example_params_trigger_ui.py
[2026-04-10T09:58:38.657+0900] {processor.py:925} INFO - DAG(s) 'example_params_trigger_ui' retrieved from /home/airflow/.local/lib/python3.12/site-packages/airflow/example_dags/example_params_trigger_ui.py
[2026-04-10T09:58:38.700+0900] {logging_mixin.py:190} INFO - [2026-04-10T09:58:38.700+0900] {dag.py:3211} INFO - Sync 1 DAGs
[2026-04-10T09:58:38.713+0900] {logging_mixin.py:190} INFO - [2026-04-10T09:58:38.713+0900] {dag.py:4138} INFO - Setting next_dagrun for example_params_trigger_ui to None, run_after=None
[2026-04-10T09:58:38.733+0900] {processor.py:208} INFO - Processing /home/airflow/.local/lib/python3.12/site-packages/airflow/example_dags/example_params_trigger_ui.py took 0.099 seconds
[2026-04-10T09:59:09.189+0900] {processor.py:186} INFO - Started process (PID=152754) to work on /home/airflow/.local/lib/python3.12/site-packages/airflow/example_dags/example_params_trigger_ui.py
[2026-04-10T09:59:09.190+0900] {processor.py:914} INFO - Processing file /home/airflow/.local/lib/python3.12/site-packages/airflow/example_dags/example_params_trigger_ui.py for tasks to queue
[2026-04-10T09:59:09.193+0900] {logging_mixin.py:190} INFO - [2026-04-10T09:59:09.192+0900] {dagbag.py:587} INFO - Filling up the DagBag from /home/airflow/.local/lib/python3.12/site-packages/airflow/example_dags/example_params_trigger_ui.py
[2026-04-10T09:59:09.201+0900] {processor.py:925} INFO - DAG(s) 'example_params_trigger_ui' retrieved from /home/airflow/.local/lib/python3.12/site-packages/airflow/example_dags/example_params_trigger_ui.py
[2026-04-10T09:59:09.228+0900] {logging_mixin.py:190} INFO - [2026-04-10T09:59:09.228+0900] {dag.py:3211} INFO - Sync 1 DAGs
[2026-04-10T09:59:09.238+0900] {logging_mixin.py:190} INFO - [2026-04-10T09:59:09.238+0900] {dag.py:4138} INFO - Setting next_dagrun for example_params_trigger_ui to None, run_after=None
[2026-04-10T09:59:09.251+0900] {processor.py:208} INFO - Processing /home/airflow/.local/lib/python3.12/site-packages/airflow/example_dags/example_params_trigger_ui.py took 0.067 seconds
[2026-04-10T09:59:39.939+0900] {processor.py:186} INFO - Started process (PID=152817) to work on /home/airflow/.local/lib/python3.12/site-packages/airflow/example_dags/example_params_trigger_ui.py
[2026-04-10T09:59:39.940+0900] {processor.py:914} INFO - Processing file /home/airflow/.local/lib/python3.12/site-packages/airflow/example_dags/example_params_trigger_ui.py for tasks to queue
[2026-04-10T09:59:39.942+0900] {logging_mixin.py:190} INFO - [2026-04-10T09:59:39.941+0900] {dagbag.py:587} INFO - Filling up the DagBag from /home/airflow/.local/lib/python3.12/site-packages/airflow/example_dags/example_params_trigger_ui.py
[2026-04-10T09:59:39.950+0900] {processor.py:925} INFO - DAG(s) 'example_params_trigger_ui' retrieved from /home/airflow/.local/lib/python3.12/site-packages/airflow/example_dags/example_params_trigger_ui.py
[2026-04-10T09:59:39.980+0900] {logging_mixin.py:190} INFO - [2026-04-10T09:59:39.980+0900] {dag.py:3211} INFO - Sync 1 DAGs
[2026-04-10T09:59:39.990+0900] {logging_mixin.py:190} INFO - [2026-04-10T09:59:39.990+0900] {dag.py:4138} INFO - Setting next_dagrun for example_params_trigger_ui to None, run_after=None
[2026-04-10T09:59:40.004+0900] {processor.py:208} INFO - Processing /home/airflow/.local/lib/python3.12/site-packages/airflow/example_dags/example_params_trigger_ui.py took 0.070 seconds
[2026-04-10T10:00:10.947+0900] {processor.py:186} INFO - Started process (PID=152880) to work on /home/airflow/.local/lib/python3.12/site-packages/airflow/example_dags/example_params_trigger_ui.py
[2026-04-10T10:00:10.947+0900] {processor.py:914} INFO - Processing file /home/airflow/.local/lib/python3.12/site-packages/airflow/example_dags/example_params_trigger_ui.py for tasks to queue
[2026-04-10T10:00:10.949+0900] {logging_mixin.py:190} INFO - [2026-04-10T10:00:10.949+0900] {dagbag.py:587} INFO - Filling up the DagBag from /home/airflow/.local/lib/python3.12/site-packages/airflow/example_dags/example_params_trigger_ui.py
[2026-04-10T10:00:10.957+0900] {processor.py:925} INFO - DAG(s) 'example_params_trigger_ui' retrieved from /home/airflow/.local/lib/python3.12/site-packages/airflow/example_dags/example_params_trigger_ui.py
[2026-04-10T10:00:10.992+0900] {logging_mixin.py:190} INFO - [2026-04-10T10:00:10.991+0900] {dag.py:3211} INFO - Sync 1 DAGs
[2026-04-10T10:00:11.003+0900] {logging_mixin.py:190} INFO - [2026-04-10T10:00:11.003+0900] {dag.py:4138} INFO - Setting next_dagrun for example_params_trigger_ui to None, run_after=None
[2026-04-10T10:00:11.018+0900] {processor.py:208} INFO - Processing /home/airflow/.local/lib/python3.12/site-packages/airflow/example_dags/example_params_trigger_ui.py took 0.075 seconds
[2026-04-10T10:00:41.124+0900] {processor.py:186} INFO - Started process (PID=152943) to work on /home/airflow/.local/lib/python3.12/site-packages/airflow/example_dags/example_params_trigger_ui.py
[2026-04-10T10:00:41.125+0900] {processor.py:914} INFO - Processing file /home/airflow/.local/lib/python3.12/site-packages/airflow/example_dags/example_params_trigger_ui.py for tasks to queue
[2026-04-10T10:00:41.127+0900] {logging_mixin.py:190} INFO - [2026-04-10T10:00:41.127+0900] {dagbag.py:587} INFO - Filling up the DagBag from /home/airflow/.local/lib/python3.12/site-packages/airflow/example_dags/example_params_trigger_ui.py
[2026-04-10T10:00:41.135+0900] {processor.py:925} INFO - DAG(s) 'example_params_trigger_ui' retrieved from /home/airflow/.local/lib/python3.12/site-packages/airflow/example_dags/example_params_trigger_ui.py
[2026-04-10T10:00:41.166+0900] {logging_mixin.py:190} INFO - [2026-04-10T10:00:41.165+0900] {dag.py:3211} INFO - Sync 1 DAGs
[2026-04-10T10:00:41.177+0900] {logging_mixin.py:190} INFO - [2026-04-10T10:00:41.177+0900] {dag.py:4138} INFO - Setting next_dagrun for example_params_trigger_ui to None, run_after=None
[2026-04-10T10:00:41.192+0900] {processor.py:208} INFO - Processing /home/airflow/.local/lib/python3.12/site-packages/airflow/example_dags/example_params_trigger_ui.py took 0.072 seconds
[2026-04-10T10:01:11.243+0900] {processor.py:186} INFO - Started process (PID=153006) to work on /home/airflow/.local/lib/python3.12/site-packages/airflow/example_dags/example_params_trigger_ui.py
[2026-04-10T10:01:11.244+0900] {processor.py:914} INFO - Processing file /home/airflow/.local/lib/python3.12/site-packages/airflow/example_dags/example_params_trigger_ui.py for tasks to queue
[2026-04-10T10:01:11.246+0900] {logging_mixin.py:190} INFO - [2026-04-10T10:01:11.246+0900] {dagbag.py:587} INFO - Filling up the DagBag from /home/airflow/.local/lib/python3.12/site-packages/airflow/example_dags/example_params_trigger_ui.py
[2026-04-10T10:01:11.255+0900] {processor.py:925} INFO - DAG(s) 'example_params_trigger_ui' retrieved from /home/airflow/.local/lib/python3.12/site-packages/airflow/example_dags/example_params_trigger_ui.py
[2026-04-10T10:01:11.291+0900] {logging_mixin.py:190} INFO - [2026-04-10T10:01:11.291+0900] {dag.py:3211} INFO - Sync 1 DAGs
[2026-04-10T10:01:11.303+0900] {logging_mixin.py:190} INFO - [2026-04-10T10:01:11.303+0900] {dag.py:4138} INFO - Setting next_dagrun for example_params_trigger_ui to None, run_after=None
[2026-04-10T10:01:11.316+0900] {processor.py:208} INFO - Processing /home/airflow/.local/lib/python3.12/site-packages/airflow/example_dags/example_params_trigger_ui.py took 0.078 seconds
[2026-04-10T10:01:41.528+0900] {processor.py:186} INFO - Started process (PID=153069) to work on /home/airflow/.local/lib/python3.12/site-packages/airflow/example_dags/example_params_trigger_ui.py
[2026-04-10T10:01:41.529+0900] {processor.py:914} INFO - Processing file /home/airflow/.local/lib/python3.12/site-packages/airflow/example_dags/example_params_trigger_ui.py for tasks to queue
[2026-04-10T10:01:41.531+0900] {logging_mixin.py:190} INFO - [2026-04-10T10:01:41.530+0900] {dagbag.py:587} INFO - Filling up the DagBag from /home/airflow/.local/lib/python3.12/site-packages/airflow/example_dags/example_params_trigger_ui.py
[2026-04-10T10:01:41.539+0900] {processor.py:925} INFO - DAG(s) 'example_params_trigger_ui' retrieved from /home/airflow/.local/lib/python3.12/site-packages/airflow/example_dags/example_params_trigger_ui.py
[2026-04-10T10:01:41.569+0900] {logging_mixin.py:190} INFO - [2026-04-10T10:01:41.569+0900] {dag.py:3211} INFO - Sync 1 DAGs
[2026-04-10T10:01:41.579+0900] {logging_mixin.py:190} INFO - [2026-04-10T10:01:41.579+0900] {dag.py:4138} INFO - Setting next_dagrun for example_params_trigger_ui to None, run_after=None
[2026-04-10T10:01:41.594+0900] {processor.py:208} INFO - Processing /home/airflow/.local/lib/python3.12/site-packages/airflow/example_dags/example_params_trigger_ui.py took 0.070 seconds
[2026-04-10T10:02:11.934+0900] {processor.py:186} INFO - Started process (PID=153132) to work on /home/airflow/.local/lib/python3.12/site-packages/airflow/example_dags/example_params_trigger_ui.py
[2026-04-10T10:02:11.935+0900] {processor.py:914} INFO - Processing file /home/airflow/.local/lib/python3.12/site-packages/airflow/example_dags/example_params_trigger_ui.py for tasks to queue
[2026-04-10T10:02:11.937+0900] {logging_mixin.py:190} INFO - [2026-04-10T10:02:11.937+0900] {dagbag.py:587} INFO - Filling up the DagBag from /home/airflow/.local/lib/python3.12/site-packages/airflow/example_dags/example_params_trigger_ui.py
[2026-04-10T10:02:11.945+0900] {processor.py:925} INFO - DAG(s) 'example_params_trigger_ui' retrieved from /home/airflow/.local/lib/python3.12/site-packages/airflow/example_dags/example_params_trigger_ui.py
[2026-04-10T10:02:11.975+0900] {logging_mixin.py:190} INFO - [2026-04-10T10:02:11.975+0900] {dag.py:3211} INFO - Sync 1 DAGs
[2026-04-10T10:02:11.985+0900] {logging_mixin.py:190} INFO - [2026-04-10T10:02:11.985+0900] {dag.py:4138} INFO - Setting next_dagrun for example_params_trigger_ui to None, run_after=None
[2026-04-10T10:02:12.000+0900] {processor.py:208} INFO - Processing /home/airflow/.local/lib/python3.12/site-packages/airflow/example_dags/example_params_trigger_ui.py took 0.070 seconds
[2026-04-10T10:02:42.420+0900] {processor.py:186} INFO - Started process (PID=153195) to work on /home/airflow/.local/lib/python3.12/site-packages/airflow/example_dags/example_params_trigger_ui.py
[2026-04-10T10:02:42.421+0900] {processor.py:914} INFO - Processing file /home/airflow/.local/lib/python3.12/site-packages/airflow/example_dags/example_params_trigger_ui.py for tasks to queue
[2026-04-10T10:02:42.426+0900] {logging_mixin.py:190} INFO - [2026-04-10T10:02:42.425+0900] {dagbag.py:587} INFO - Filling up the DagBag from /home/airflow/.local/lib/python3.12/site-packages/airflow/example_dags/example_params_trigger_ui.py
[2026-04-10T10:02:42.439+0900] {processor.py:925} INFO - DAG(s) 'example_params_trigger_ui' retrieved from /home/airflow/.local/lib/python3.12/site-packages/airflow/example_dags/example_params_trigger_ui.py
[2026-04-10T10:02:42.475+0900] {logging_mixin.py:190} INFO - [2026-04-10T10:02:42.475+0900] {dag.py:3211} INFO - Sync 1 DAGs
[2026-04-10T10:02:42.490+0900] {logging_mixin.py:190} INFO - [2026-04-10T10:02:42.490+0900] {dag.py:4138} INFO - Setting next_dagrun for example_params_trigger_ui to None, run_after=None
[2026-04-10T10:02:42.506+0900] {processor.py:208} INFO - Processing /home/airflow/.local/lib/python3.12/site-packages/airflow/example_dags/example_params_trigger_ui.py took 0.091 seconds
[2026-04-10T10:03:12.826+0900] {processor.py:186} INFO - Started process (PID=153258) to work on /home/airflow/.local/lib/python3.12/site-packages/airflow/example_dags/example_params_trigger_ui.py
[2026-04-10T10:03:12.831+0900] {processor.py:914} INFO - Processing file /home/airflow/.local/lib/python3.12/site-packages/airflow/example_dags/example_params_trigger_ui.py for tasks to queue
[2026-04-10T10:03:12.834+0900] {logging_mixin.py:190} INFO - [2026-04-10T10:03:12.833+0900] {dagbag.py:587} INFO - Filling up the DagBag from /home/airflow/.local/lib/python3.12/site-packages/airflow/example_dags/example_params_trigger_ui.py
[2026-04-10T10:03:12.842+0900] {processor.py:925} INFO - DAG(s) 'example_params_trigger_ui' retrieved from /home/airflow/.local/lib/python3.12/site-packages/airflow/example_dags/example_params_trigger_ui.py
[2026-04-10T10:03:12.872+0900] {logging_mixin.py:190} INFO - [2026-04-10T10:03:12.872+0900] {dag.py:3211} INFO - Sync 1 DAGs
[2026-04-10T10:03:12.884+0900] {logging_mixin.py:190} INFO - [2026-04-10T10:03:12.884+0900] {dag.py:4138} INFO - Setting next_dagrun for example_params_trigger_ui to None, run_after=None
[2026-04-10T10:03:12.899+0900] {processor.py:208} INFO - Processing /home/airflow/.local/lib/python3.12/site-packages/airflow/example_dags/example_params_trigger_ui.py took 0.077 seconds
[2026-04-10T10:03:43.093+0900] {processor.py:186} INFO - Started process (PID=153321) to work on /home/airflow/.local/lib/python3.12/site-packages/airflow/example_dags/example_params_trigger_ui.py
[2026-04-10T10:03:43.095+0900] {processor.py:914} INFO - Processing file /home/airflow/.local/lib/python3.12/site-packages/airflow/example_dags/example_params_trigger_ui.py for tasks to queue
[2026-04-10T10:03:43.097+0900] {logging_mixin.py:190} INFO - [2026-04-10T10:03:43.097+0900] {dagbag.py:587} INFO - Filling up the DagBag from /home/airflow/.local/lib/python3.12/site-packages/airflow/example_dags/example_params_trigger_ui.py
[2026-04-10T10:03:43.105+0900] {processor.py:925} INFO - DAG(s) 'example_params_trigger_ui' retrieved from /home/airflow/.local/lib/python3.12/site-packages/airflow/example_dags/example_params_trigger_ui.py
[2026-04-10T10:03:43.135+0900] {logging_mixin.py:190} INFO - [2026-04-10T10:03:43.135+0900] {dag.py:3211} INFO - Sync 1 DAGs
[2026-04-10T10:03:43.145+0900] {logging_mixin.py:190} INFO - [2026-04-10T10:03:43.145+0900] {dag.py:4138} INFO - Setting next_dagrun for example_params_trigger_ui to None, run_after=None
[2026-04-10T10:03:43.163+0900] {processor.py:208} INFO - Processing /home/airflow/.local/lib/python3.12/site-packages/airflow/example_dags/example_params_trigger_ui.py took 0.075 seconds
[2026-04-10T10:04:13.686+0900] {processor.py:186} INFO - Started process (PID=153384) to work on /home/airflow/.local/lib/python3.12/site-packages/airflow/example_dags/example_params_trigger_ui.py
[2026-04-10T10:04:13.687+0900] {processor.py:914} INFO - Processing file /home/airflow/.local/lib/python3.12/site-packages/airflow/example_dags/example_params_trigger_ui.py for tasks to queue
[2026-04-10T10:04:13.691+0900] {logging_mixin.py:190} INFO - [2026-04-10T10:04:13.690+0900] {dagbag.py:587} INFO - Filling up the DagBag from /home/airflow/.local/lib/python3.12/site-packages/airflow/example_dags/example_params_trigger_ui.py
[2026-04-10T10:04:13.703+0900] {processor.py:925} INFO - DAG(s) 'example_params_trigger_ui' retrieved from /home/airflow/.local/lib/python3.12/site-packages/airflow/example_dags/example_params_trigger_ui.py
[2026-04-10T10:04:13.746+0900] {logging_mixin.py:190} INFO - [2026-04-10T10:04:13.746+0900] {dag.py:3211} INFO - Sync 1 DAGs
[2026-04-10T10:04:13.762+0900] {logging_mixin.py:190} INFO - [2026-04-10T10:04:13.762+0900] {dag.py:4138} INFO - Setting next_dagrun for example_params_trigger_ui to None, run_after=None
[2026-04-10T10:04:13.783+0900] {processor.py:208} INFO - Processing /home/airflow/.local/lib/python3.12/site-packages/airflow/example_dags/example_params_trigger_ui.py took 0.103 seconds
[2026-04-10T10:04:45.205+0900] {processor.py:186} INFO - Started process (PID=153447) to work on /home/airflow/.local/lib/python3.12/site-packages/airflow/example_dags/example_params_trigger_ui.py
[2026-04-10T10:04:45.208+0900] {processor.py:914} INFO - Processing file /home/airflow/.local/lib/python3.12/site-packages/airflow/example_dags/example_params_trigger_ui.py for tasks to queue
[2026-04-10T10:04:45.215+0900] {logging_mixin.py:190} INFO - [2026-04-10T10:04:45.214+0900] {dagbag.py:587} INFO - Filling up the DagBag from /home/airflow/.local/lib/python3.12/site-packages/airflow/example_dags/example_params_trigger_ui.py
[2026-04-10T10:04:45.253+0900] {processor.py:925} INFO - DAG(s) 'example_params_trigger_ui' retrieved from /home/airflow/.local/lib/python3.12/site-packages/airflow/example_dags/example_params_trigger_ui.py
[2026-04-10T10:04:45.372+0900] {logging_mixin.py:190} INFO - [2026-04-10T10:04:45.371+0900] {dag.py:3211} INFO - Sync 1 DAGs
[2026-04-10T10:04:45.413+0900] {logging_mixin.py:190} INFO - [2026-04-10T10:04:45.413+0900] {dag.py:4138} INFO - Setting next_dagrun for example_params_trigger_ui to None, run_after=None
[2026-04-10T10:04:45.473+0900] {processor.py:208} INFO - Processing /home/airflow/.local/lib/python3.12/site-packages/airflow/example_dags/example_params_trigger_ui.py took 0.285 seconds
[2026-04-10T10:05:15.830+0900] {processor.py:186} INFO - Started process (PID=153510) to work on /home/airflow/.local/lib/python3.12/site-packages/airflow/example_dags/example_params_trigger_ui.py
[2026-04-10T10:05:15.833+0900] {processor.py:914} INFO - Processing file /home/airflow/.local/lib/python3.12/site-packages/airflow/example_dags/example_params_trigger_ui.py for tasks to queue
[2026-04-10T10:05:15.839+0900] {logging_mixin.py:190} INFO - [2026-04-10T10:05:15.838+0900] {dagbag.py:587} INFO - Filling up the DagBag from /home/airflow/.local/lib/python3.12/site-packages/airflow/example_dags/example_params_trigger_ui.py
[2026-04-10T10:05:15.863+0900] {processor.py:925} INFO - DAG(s) 'example_params_trigger_ui' retrieved from /home/airflow/.local/lib/python3.12/site-packages/airflow/example_dags/example_params_trigger_ui.py
[2026-04-10T10:05:15.942+0900] {logging_mixin.py:190} INFO - [2026-04-10T10:05:15.941+0900] {dag.py:3211} INFO - Sync 1 DAGs
[2026-04-10T10:05:15.969+0900] {logging_mixin.py:190} INFO - [2026-04-10T10:05:15.969+0900] {dag.py:4138} INFO - Setting next_dagrun for example_params_trigger_ui to None, run_after=None
[2026-04-10T10:05:16.009+0900] {processor.py:208} INFO - Processing /home/airflow/.local/lib/python3.12/site-packages/airflow/example_dags/example_params_trigger_ui.py took 0.190 seconds
[2026-04-10T10:05:46.345+0900] {processor.py:186} INFO - Started process (PID=153573) to work on /home/airflow/.local/lib/python3.12/site-packages/airflow/example_dags/example_params_trigger_ui.py
[2026-04-10T10:05:46.347+0900] {processor.py:914} INFO - Processing file /home/airflow/.local/lib/python3.12/site-packages/airflow/example_dags/example_params_trigger_ui.py for tasks to queue
[2026-04-10T10:05:46.351+0900] {logging_mixin.py:190} INFO - [2026-04-10T10:05:46.351+0900] {dagbag.py:587} INFO - Filling up the DagBag from /home/airflow/.local/lib/python3.12/site-packages/airflow/example_dags/example_params_trigger_ui.py
[2026-04-10T10:05:46.371+0900] {processor.py:925} INFO - DAG(s) 'example_params_trigger_ui' retrieved from /home/airflow/.local/lib/python3.12/site-packages/airflow/example_dags/example_params_trigger_ui.py
[2026-04-10T10:05:46.441+0900] {logging_mixin.py:190} INFO - [2026-04-10T10:05:46.441+0900] {dag.py:3211} INFO - Sync 1 DAGs
[2026-04-10T10:05:46.461+0900] {logging_mixin.py:190} INFO - [2026-04-10T10:05:46.461+0900] {dag.py:4138} INFO - Setting next_dagrun for example_params_trigger_ui to None, run_after=None
[2026-04-10T10:05:46.482+0900] {processor.py:208} INFO - Processing /home/airflow/.local/lib/python3.12/site-packages/airflow/example_dags/example_params_trigger_ui.py took 0.149 seconds
[2026-04-10T10:06:16.587+0900] {processor.py:186} INFO - Started process (PID=153636) to work on /home/airflow/.local/lib/python3.12/site-packages/airflow/example_dags/example_params_trigger_ui.py
[2026-04-10T10:06:16.588+0900] {processor.py:914} INFO - Processing file /home/airflow/.local/lib/python3.12/site-packages/airflow/example_dags/example_params_trigger_ui.py for tasks to queue
[2026-04-10T10:06:16.593+0900] {logging_mixin.py:190} INFO - [2026-04-10T10:06:16.592+0900] {dagbag.py:587} INFO - Filling up the DagBag from /home/airflow/.local/lib/python3.12/site-packages/airflow/example_dags/example_params_trigger_ui.py
[2026-04-10T10:06:16.617+0900] {processor.py:925} INFO - DAG(s) 'example_params_trigger_ui' retrieved from /home/airflow/.local/lib/python3.12/site-packages/airflow/example_dags/example_params_trigger_ui.py
[2026-04-10T10:06:16.680+0900] {logging_mixin.py:190} INFO - [2026-04-10T10:06:16.679+0900] {dag.py:3211} INFO - Sync 1 DAGs
[2026-04-10T10:06:16.706+0900] {logging_mixin.py:190} INFO - [2026-04-10T10:06:16.706+0900] {dag.py:4138} INFO - Setting next_dagrun for example_params_trigger_ui to None, run_after=None
[2026-04-10T10:06:16.740+0900] {processor.py:208} INFO - Processing /home/airflow/.local/lib/python3.12/site-packages/airflow/example_dags/example_params_trigger_ui.py took 0.173 seconds
