[2026-04-10T09:00:01.252+0900] {processor.py:186} INFO - Started process (PID=145431) to work on /home/airflow/.local/lib/python3.12/site-packages/airflow/example_dags/example_python_operator.py
[2026-04-10T09:00:01.253+0900] {processor.py:914} INFO - Processing file /home/airflow/.local/lib/python3.12/site-packages/airflow/example_dags/example_python_operator.py for tasks to queue
[2026-04-10T09:00:01.255+0900] {logging_mixin.py:190} INFO - [2026-04-10T09:00:01.255+0900] {dagbag.py:587} INFO - Filling up the DagBag from /home/airflow/.local/lib/python3.12/site-packages/airflow/example_dags/example_python_operator.py
[2026-04-10T09:00:01.265+0900] {processor.py:925} INFO - DAG(s) 'example_python_operator' retrieved from /home/airflow/.local/lib/python3.12/site-packages/airflow/example_dags/example_python_operator.py
[2026-04-10T09:00:01.282+0900] {logging_mixin.py:190} INFO - [2026-04-10T09:00:01.282+0900] {dag.py:3211} INFO - Sync 1 DAGs
[2026-04-10T09:00:01.294+0900] {logging_mixin.py:190} INFO - [2026-04-10T09:00:01.293+0900] {dag.py:4138} INFO - Setting next_dagrun for example_python_operator to None, run_after=None
[2026-04-10T09:00:01.311+0900] {processor.py:208} INFO - Processing /home/airflow/.local/lib/python3.12/site-packages/airflow/example_dags/example_python_operator.py took 0.063 seconds
[2026-04-10T09:00:31.432+0900] {processor.py:186} INFO - Started process (PID=145494) to work on /home/airflow/.local/lib/python3.12/site-packages/airflow/example_dags/example_python_operator.py
[2026-04-10T09:00:31.433+0900] {processor.py:914} INFO - Processing file /home/airflow/.local/lib/python3.12/site-packages/airflow/example_dags/example_python_operator.py for tasks to queue
[2026-04-10T09:00:31.434+0900] {logging_mixin.py:190} INFO - [2026-04-10T09:00:31.434+0900] {dagbag.py:587} INFO - Filling up the DagBag from /home/airflow/.local/lib/python3.12/site-packages/airflow/example_dags/example_python_operator.py
[2026-04-10T09:00:31.444+0900] {processor.py:925} INFO - DAG(s) 'example_python_operator' retrieved from /home/airflow/.local/lib/python3.12/site-packages/airflow/example_dags/example_python_operator.py
[2026-04-10T09:00:31.462+0900] {logging_mixin.py:190} INFO - [2026-04-10T09:00:31.462+0900] {dag.py:3211} INFO - Sync 1 DAGs
[2026-04-10T09:00:31.472+0900] {logging_mixin.py:190} INFO - [2026-04-10T09:00:31.472+0900] {dag.py:4138} INFO - Setting next_dagrun for example_python_operator to None, run_after=None
[2026-04-10T09:00:31.489+0900] {processor.py:208} INFO - Processing /home/airflow/.local/lib/python3.12/site-packages/airflow/example_dags/example_python_operator.py took 0.062 seconds
[2026-04-10T09:01:01.570+0900] {processor.py:186} INFO - Started process (PID=145557) to work on /home/airflow/.local/lib/python3.12/site-packages/airflow/example_dags/example_python_operator.py
[2026-04-10T09:01:01.571+0900] {processor.py:914} INFO - Processing file /home/airflow/.local/lib/python3.12/site-packages/airflow/example_dags/example_python_operator.py for tasks to queue
[2026-04-10T09:01:01.573+0900] {logging_mixin.py:190} INFO - [2026-04-10T09:01:01.573+0900] {dagbag.py:587} INFO - Filling up the DagBag from /home/airflow/.local/lib/python3.12/site-packages/airflow/example_dags/example_python_operator.py
[2026-04-10T09:01:01.583+0900] {processor.py:925} INFO - DAG(s) 'example_python_operator' retrieved from /home/airflow/.local/lib/python3.12/site-packages/airflow/example_dags/example_python_operator.py
[2026-04-10T09:01:01.601+0900] {logging_mixin.py:190} INFO - [2026-04-10T09:01:01.601+0900] {dag.py:3211} INFO - Sync 1 DAGs
[2026-04-10T09:01:01.612+0900] {logging_mixin.py:190} INFO - [2026-04-10T09:01:01.612+0900] {dag.py:4138} INFO - Setting next_dagrun for example_python_operator to None, run_after=None
[2026-04-10T09:01:01.629+0900] {processor.py:208} INFO - Processing /home/airflow/.local/lib/python3.12/site-packages/airflow/example_dags/example_python_operator.py took 0.064 seconds
[2026-04-10T09:01:31.846+0900] {processor.py:186} INFO - Started process (PID=145620) to work on /home/airflow/.local/lib/python3.12/site-packages/airflow/example_dags/example_python_operator.py
[2026-04-10T09:01:31.847+0900] {processor.py:914} INFO - Processing file /home/airflow/.local/lib/python3.12/site-packages/airflow/example_dags/example_python_operator.py for tasks to queue
[2026-04-10T09:01:31.849+0900] {logging_mixin.py:190} INFO - [2026-04-10T09:01:31.848+0900] {dagbag.py:587} INFO - Filling up the DagBag from /home/airflow/.local/lib/python3.12/site-packages/airflow/example_dags/example_python_operator.py
[2026-04-10T09:01:31.857+0900] {processor.py:925} INFO - DAG(s) 'example_python_operator' retrieved from /home/airflow/.local/lib/python3.12/site-packages/airflow/example_dags/example_python_operator.py
[2026-04-10T09:01:31.873+0900] {logging_mixin.py:190} INFO - [2026-04-10T09:01:31.873+0900] {dag.py:3211} INFO - Sync 1 DAGs
[2026-04-10T09:01:31.885+0900] {logging_mixin.py:190} INFO - [2026-04-10T09:01:31.885+0900] {dag.py:4138} INFO - Setting next_dagrun for example_python_operator to None, run_after=None
[2026-04-10T09:01:31.902+0900] {processor.py:208} INFO - Processing /home/airflow/.local/lib/python3.12/site-packages/airflow/example_dags/example_python_operator.py took 0.060 seconds
[2026-04-10T09:02:02.080+0900] {processor.py:186} INFO - Started process (PID=145683) to work on /home/airflow/.local/lib/python3.12/site-packages/airflow/example_dags/example_python_operator.py
[2026-04-10T09:02:02.081+0900] {processor.py:914} INFO - Processing file /home/airflow/.local/lib/python3.12/site-packages/airflow/example_dags/example_python_operator.py for tasks to queue
[2026-04-10T09:02:02.083+0900] {logging_mixin.py:190} INFO - [2026-04-10T09:02:02.083+0900] {dagbag.py:587} INFO - Filling up the DagBag from /home/airflow/.local/lib/python3.12/site-packages/airflow/example_dags/example_python_operator.py
[2026-04-10T09:02:02.093+0900] {processor.py:925} INFO - DAG(s) 'example_python_operator' retrieved from /home/airflow/.local/lib/python3.12/site-packages/airflow/example_dags/example_python_operator.py
[2026-04-10T09:02:02.111+0900] {logging_mixin.py:190} INFO - [2026-04-10T09:02:02.111+0900] {dag.py:3211} INFO - Sync 1 DAGs
[2026-04-10T09:02:02.122+0900] {logging_mixin.py:190} INFO - [2026-04-10T09:02:02.121+0900] {dag.py:4138} INFO - Setting next_dagrun for example_python_operator to None, run_after=None
[2026-04-10T09:02:02.142+0900] {processor.py:208} INFO - Processing /home/airflow/.local/lib/python3.12/site-packages/airflow/example_dags/example_python_operator.py took 0.066 seconds
[2026-04-10T09:02:32.326+0900] {processor.py:186} INFO - Started process (PID=145746) to work on /home/airflow/.local/lib/python3.12/site-packages/airflow/example_dags/example_python_operator.py
[2026-04-10T09:02:32.327+0900] {processor.py:914} INFO - Processing file /home/airflow/.local/lib/python3.12/site-packages/airflow/example_dags/example_python_operator.py for tasks to queue
[2026-04-10T09:02:32.328+0900] {logging_mixin.py:190} INFO - [2026-04-10T09:02:32.328+0900] {dagbag.py:587} INFO - Filling up the DagBag from /home/airflow/.local/lib/python3.12/site-packages/airflow/example_dags/example_python_operator.py
[2026-04-10T09:02:32.339+0900] {processor.py:925} INFO - DAG(s) 'example_python_operator' retrieved from /home/airflow/.local/lib/python3.12/site-packages/airflow/example_dags/example_python_operator.py
[2026-04-10T09:02:32.356+0900] {logging_mixin.py:190} INFO - [2026-04-10T09:02:32.356+0900] {dag.py:3211} INFO - Sync 1 DAGs
[2026-04-10T09:02:32.367+0900] {logging_mixin.py:190} INFO - [2026-04-10T09:02:32.367+0900] {dag.py:4138} INFO - Setting next_dagrun for example_python_operator to None, run_after=None
[2026-04-10T09:02:32.381+0900] {processor.py:208} INFO - Processing /home/airflow/.local/lib/python3.12/site-packages/airflow/example_dags/example_python_operator.py took 0.060 seconds
[2026-04-10T09:03:03.186+0900] {processor.py:186} INFO - Started process (PID=145809) to work on /home/airflow/.local/lib/python3.12/site-packages/airflow/example_dags/example_python_operator.py
[2026-04-10T09:03:03.187+0900] {processor.py:914} INFO - Processing file /home/airflow/.local/lib/python3.12/site-packages/airflow/example_dags/example_python_operator.py for tasks to queue
[2026-04-10T09:03:03.190+0900] {logging_mixin.py:190} INFO - [2026-04-10T09:03:03.189+0900] {dagbag.py:587} INFO - Filling up the DagBag from /home/airflow/.local/lib/python3.12/site-packages/airflow/example_dags/example_python_operator.py
[2026-04-10T09:03:03.200+0900] {processor.py:925} INFO - DAG(s) 'example_python_operator' retrieved from /home/airflow/.local/lib/python3.12/site-packages/airflow/example_dags/example_python_operator.py
[2026-04-10T09:03:03.217+0900] {logging_mixin.py:190} INFO - [2026-04-10T09:03:03.216+0900] {dag.py:3211} INFO - Sync 1 DAGs
[2026-04-10T09:03:03.226+0900] {logging_mixin.py:190} INFO - [2026-04-10T09:03:03.226+0900] {dag.py:4138} INFO - Setting next_dagrun for example_python_operator to None, run_after=None
[2026-04-10T09:03:03.242+0900] {processor.py:208} INFO - Processing /home/airflow/.local/lib/python3.12/site-packages/airflow/example_dags/example_python_operator.py took 0.061 seconds
[2026-04-10T09:03:33.964+0900] {processor.py:186} INFO - Started process (PID=145872) to work on /home/airflow/.local/lib/python3.12/site-packages/airflow/example_dags/example_python_operator.py
[2026-04-10T09:03:33.965+0900] {processor.py:914} INFO - Processing file /home/airflow/.local/lib/python3.12/site-packages/airflow/example_dags/example_python_operator.py for tasks to queue
[2026-04-10T09:03:33.968+0900] {logging_mixin.py:190} INFO - [2026-04-10T09:03:33.967+0900] {dagbag.py:587} INFO - Filling up the DagBag from /home/airflow/.local/lib/python3.12/site-packages/airflow/example_dags/example_python_operator.py
[2026-04-10T09:03:33.977+0900] {processor.py:925} INFO - DAG(s) 'example_python_operator' retrieved from /home/airflow/.local/lib/python3.12/site-packages/airflow/example_dags/example_python_operator.py
[2026-04-10T09:03:33.995+0900] {logging_mixin.py:190} INFO - [2026-04-10T09:03:33.995+0900] {dag.py:3211} INFO - Sync 1 DAGs
[2026-04-10T09:03:34.007+0900] {logging_mixin.py:190} INFO - [2026-04-10T09:03:34.007+0900] {dag.py:4138} INFO - Setting next_dagrun for example_python_operator to None, run_after=None
[2026-04-10T09:03:34.022+0900] {processor.py:208} INFO - Processing /home/airflow/.local/lib/python3.12/site-packages/airflow/example_dags/example_python_operator.py took 0.062 seconds
[2026-04-10T09:04:04.244+0900] {processor.py:186} INFO - Started process (PID=145935) to work on /home/airflow/.local/lib/python3.12/site-packages/airflow/example_dags/example_python_operator.py
[2026-04-10T09:04:04.246+0900] {processor.py:914} INFO - Processing file /home/airflow/.local/lib/python3.12/site-packages/airflow/example_dags/example_python_operator.py for tasks to queue
[2026-04-10T09:04:04.248+0900] {logging_mixin.py:190} INFO - [2026-04-10T09:04:04.248+0900] {dagbag.py:587} INFO - Filling up the DagBag from /home/airflow/.local/lib/python3.12/site-packages/airflow/example_dags/example_python_operator.py
[2026-04-10T09:04:04.260+0900] {processor.py:925} INFO - DAG(s) 'example_python_operator' retrieved from /home/airflow/.local/lib/python3.12/site-packages/airflow/example_dags/example_python_operator.py
[2026-04-10T09:04:04.283+0900] {logging_mixin.py:190} INFO - [2026-04-10T09:04:04.283+0900] {dag.py:3211} INFO - Sync 1 DAGs
[2026-04-10T09:04:04.294+0900] {logging_mixin.py:190} INFO - [2026-04-10T09:04:04.293+0900] {dag.py:4138} INFO - Setting next_dagrun for example_python_operator to None, run_after=None
[2026-04-10T09:04:04.314+0900] {processor.py:208} INFO - Processing /home/airflow/.local/lib/python3.12/site-packages/airflow/example_dags/example_python_operator.py took 0.076 seconds
[2026-04-10T09:04:34.533+0900] {processor.py:186} INFO - Started process (PID=145998) to work on /home/airflow/.local/lib/python3.12/site-packages/airflow/example_dags/example_python_operator.py
[2026-04-10T09:04:34.535+0900] {processor.py:914} INFO - Processing file /home/airflow/.local/lib/python3.12/site-packages/airflow/example_dags/example_python_operator.py for tasks to queue
[2026-04-10T09:04:34.537+0900] {logging_mixin.py:190} INFO - [2026-04-10T09:04:34.537+0900] {dagbag.py:587} INFO - Filling up the DagBag from /home/airflow/.local/lib/python3.12/site-packages/airflow/example_dags/example_python_operator.py
[2026-04-10T09:04:34.546+0900] {processor.py:925} INFO - DAG(s) 'example_python_operator' retrieved from /home/airflow/.local/lib/python3.12/site-packages/airflow/example_dags/example_python_operator.py
[2026-04-10T09:04:34.563+0900] {logging_mixin.py:190} INFO - [2026-04-10T09:04:34.563+0900] {dag.py:3211} INFO - Sync 1 DAGs
[2026-04-10T09:04:34.573+0900] {logging_mixin.py:190} INFO - [2026-04-10T09:04:34.573+0900] {dag.py:4138} INFO - Setting next_dagrun for example_python_operator to None, run_after=None
[2026-04-10T09:04:34.588+0900] {processor.py:208} INFO - Processing /home/airflow/.local/lib/python3.12/site-packages/airflow/example_dags/example_python_operator.py took 0.060 seconds
[2026-04-10T09:05:05.424+0900] {processor.py:186} INFO - Started process (PID=146061) to work on /home/airflow/.local/lib/python3.12/site-packages/airflow/example_dags/example_python_operator.py
[2026-04-10T09:05:05.425+0900] {processor.py:914} INFO - Processing file /home/airflow/.local/lib/python3.12/site-packages/airflow/example_dags/example_python_operator.py for tasks to queue
[2026-04-10T09:05:05.427+0900] {logging_mixin.py:190} INFO - [2026-04-10T09:05:05.427+0900] {dagbag.py:587} INFO - Filling up the DagBag from /home/airflow/.local/lib/python3.12/site-packages/airflow/example_dags/example_python_operator.py
[2026-04-10T09:05:05.437+0900] {processor.py:925} INFO - DAG(s) 'example_python_operator' retrieved from /home/airflow/.local/lib/python3.12/site-packages/airflow/example_dags/example_python_operator.py
[2026-04-10T09:05:05.458+0900] {logging_mixin.py:190} INFO - [2026-04-10T09:05:05.457+0900] {dag.py:3211} INFO - Sync 1 DAGs
[2026-04-10T09:05:05.468+0900] {logging_mixin.py:190} INFO - [2026-04-10T09:05:05.467+0900] {dag.py:4138} INFO - Setting next_dagrun for example_python_operator to None, run_after=None
[2026-04-10T09:05:05.482+0900] {processor.py:208} INFO - Processing /home/airflow/.local/lib/python3.12/site-packages/airflow/example_dags/example_python_operator.py took 0.063 seconds
[2026-04-10T09:05:35.550+0900] {processor.py:186} INFO - Started process (PID=146124) to work on /home/airflow/.local/lib/python3.12/site-packages/airflow/example_dags/example_python_operator.py
[2026-04-10T09:05:35.551+0900] {processor.py:914} INFO - Processing file /home/airflow/.local/lib/python3.12/site-packages/airflow/example_dags/example_python_operator.py for tasks to queue
[2026-04-10T09:05:35.552+0900] {logging_mixin.py:190} INFO - [2026-04-10T09:05:35.552+0900] {dagbag.py:587} INFO - Filling up the DagBag from /home/airflow/.local/lib/python3.12/site-packages/airflow/example_dags/example_python_operator.py
[2026-04-10T09:05:35.562+0900] {processor.py:925} INFO - DAG(s) 'example_python_operator' retrieved from /home/airflow/.local/lib/python3.12/site-packages/airflow/example_dags/example_python_operator.py
[2026-04-10T09:05:35.581+0900] {logging_mixin.py:190} INFO - [2026-04-10T09:05:35.581+0900] {dag.py:3211} INFO - Sync 1 DAGs
[2026-04-10T09:05:35.592+0900] {logging_mixin.py:190} INFO - [2026-04-10T09:05:35.592+0900] {dag.py:4138} INFO - Setting next_dagrun for example_python_operator to None, run_after=None
[2026-04-10T09:05:35.613+0900] {processor.py:208} INFO - Processing /home/airflow/.local/lib/python3.12/site-packages/airflow/example_dags/example_python_operator.py took 0.068 seconds
[2026-04-10T09:06:05.750+0900] {processor.py:186} INFO - Started process (PID=146187) to work on /home/airflow/.local/lib/python3.12/site-packages/airflow/example_dags/example_python_operator.py
[2026-04-10T09:06:05.751+0900] {processor.py:914} INFO - Processing file /home/airflow/.local/lib/python3.12/site-packages/airflow/example_dags/example_python_operator.py for tasks to queue
[2026-04-10T09:06:05.753+0900] {logging_mixin.py:190} INFO - [2026-04-10T09:06:05.752+0900] {dagbag.py:587} INFO - Filling up the DagBag from /home/airflow/.local/lib/python3.12/site-packages/airflow/example_dags/example_python_operator.py
[2026-04-10T09:06:05.762+0900] {processor.py:925} INFO - DAG(s) 'example_python_operator' retrieved from /home/airflow/.local/lib/python3.12/site-packages/airflow/example_dags/example_python_operator.py
[2026-04-10T09:06:05.779+0900] {logging_mixin.py:190} INFO - [2026-04-10T09:06:05.779+0900] {dag.py:3211} INFO - Sync 1 DAGs
[2026-04-10T09:06:05.789+0900] {logging_mixin.py:190} INFO - [2026-04-10T09:06:05.789+0900] {dag.py:4138} INFO - Setting next_dagrun for example_python_operator to None, run_after=None
[2026-04-10T09:06:05.803+0900] {processor.py:208} INFO - Processing /home/airflow/.local/lib/python3.12/site-packages/airflow/example_dags/example_python_operator.py took 0.058 seconds
[2026-04-10T09:06:36.488+0900] {processor.py:186} INFO - Started process (PID=146250) to work on /home/airflow/.local/lib/python3.12/site-packages/airflow/example_dags/example_python_operator.py
[2026-04-10T09:06:36.489+0900] {processor.py:914} INFO - Processing file /home/airflow/.local/lib/python3.12/site-packages/airflow/example_dags/example_python_operator.py for tasks to queue
[2026-04-10T09:06:36.492+0900] {logging_mixin.py:190} INFO - [2026-04-10T09:06:36.492+0900] {dagbag.py:587} INFO - Filling up the DagBag from /home/airflow/.local/lib/python3.12/site-packages/airflow/example_dags/example_python_operator.py
[2026-04-10T09:06:36.501+0900] {processor.py:925} INFO - DAG(s) 'example_python_operator' retrieved from /home/airflow/.local/lib/python3.12/site-packages/airflow/example_dags/example_python_operator.py
[2026-04-10T09:06:36.520+0900] {logging_mixin.py:190} INFO - [2026-04-10T09:06:36.520+0900] {dag.py:3211} INFO - Sync 1 DAGs
[2026-04-10T09:06:36.530+0900] {logging_mixin.py:190} INFO - [2026-04-10T09:06:36.530+0900] {dag.py:4138} INFO - Setting next_dagrun for example_python_operator to None, run_after=None
[2026-04-10T09:06:36.546+0900] {processor.py:208} INFO - Processing /home/airflow/.local/lib/python3.12/site-packages/airflow/example_dags/example_python_operator.py took 0.062 seconds
[2026-04-10T09:07:07.097+0900] {processor.py:186} INFO - Started process (PID=146313) to work on /home/airflow/.local/lib/python3.12/site-packages/airflow/example_dags/example_python_operator.py
[2026-04-10T09:07:07.099+0900] {processor.py:914} INFO - Processing file /home/airflow/.local/lib/python3.12/site-packages/airflow/example_dags/example_python_operator.py for tasks to queue
[2026-04-10T09:07:07.101+0900] {logging_mixin.py:190} INFO - [2026-04-10T09:07:07.101+0900] {dagbag.py:587} INFO - Filling up the DagBag from /home/airflow/.local/lib/python3.12/site-packages/airflow/example_dags/example_python_operator.py
[2026-04-10T09:07:07.112+0900] {processor.py:925} INFO - DAG(s) 'example_python_operator' retrieved from /home/airflow/.local/lib/python3.12/site-packages/airflow/example_dags/example_python_operator.py
[2026-04-10T09:07:07.130+0900] {logging_mixin.py:190} INFO - [2026-04-10T09:07:07.129+0900] {dag.py:3211} INFO - Sync 1 DAGs
[2026-04-10T09:07:07.141+0900] {logging_mixin.py:190} INFO - [2026-04-10T09:07:07.141+0900] {dag.py:4138} INFO - Setting next_dagrun for example_python_operator to None, run_after=None
[2026-04-10T09:07:07.295+0900] {processor.py:208} INFO - Processing /home/airflow/.local/lib/python3.12/site-packages/airflow/example_dags/example_python_operator.py took 0.202 seconds
[2026-04-10T09:07:38.052+0900] {processor.py:186} INFO - Started process (PID=146376) to work on /home/airflow/.local/lib/python3.12/site-packages/airflow/example_dags/example_python_operator.py
[2026-04-10T09:07:38.053+0900] {processor.py:914} INFO - Processing file /home/airflow/.local/lib/python3.12/site-packages/airflow/example_dags/example_python_operator.py for tasks to queue
[2026-04-10T09:07:38.055+0900] {logging_mixin.py:190} INFO - [2026-04-10T09:07:38.055+0900] {dagbag.py:587} INFO - Filling up the DagBag from /home/airflow/.local/lib/python3.12/site-packages/airflow/example_dags/example_python_operator.py
[2026-04-10T09:07:38.065+0900] {processor.py:925} INFO - DAG(s) 'example_python_operator' retrieved from /home/airflow/.local/lib/python3.12/site-packages/airflow/example_dags/example_python_operator.py
[2026-04-10T09:07:38.082+0900] {logging_mixin.py:190} INFO - [2026-04-10T09:07:38.082+0900] {dag.py:3211} INFO - Sync 1 DAGs
[2026-04-10T09:07:38.093+0900] {logging_mixin.py:190} INFO - [2026-04-10T09:07:38.092+0900] {dag.py:4138} INFO - Setting next_dagrun for example_python_operator to None, run_after=None
[2026-04-10T09:07:38.241+0900] {processor.py:208} INFO - Processing /home/airflow/.local/lib/python3.12/site-packages/airflow/example_dags/example_python_operator.py took 0.193 seconds
[2026-04-10T09:08:08.831+0900] {processor.py:186} INFO - Started process (PID=146439) to work on /home/airflow/.local/lib/python3.12/site-packages/airflow/example_dags/example_python_operator.py
[2026-04-10T09:08:08.832+0900] {processor.py:914} INFO - Processing file /home/airflow/.local/lib/python3.12/site-packages/airflow/example_dags/example_python_operator.py for tasks to queue
[2026-04-10T09:08:08.834+0900] {logging_mixin.py:190} INFO - [2026-04-10T09:08:08.834+0900] {dagbag.py:587} INFO - Filling up the DagBag from /home/airflow/.local/lib/python3.12/site-packages/airflow/example_dags/example_python_operator.py
[2026-04-10T09:08:08.844+0900] {processor.py:925} INFO - DAG(s) 'example_python_operator' retrieved from /home/airflow/.local/lib/python3.12/site-packages/airflow/example_dags/example_python_operator.py
[2026-04-10T09:08:08.861+0900] {logging_mixin.py:190} INFO - [2026-04-10T09:08:08.860+0900] {dag.py:3211} INFO - Sync 1 DAGs
[2026-04-10T09:08:08.871+0900] {logging_mixin.py:190} INFO - [2026-04-10T09:08:08.871+0900] {dag.py:4138} INFO - Setting next_dagrun for example_python_operator to None, run_after=None
[2026-04-10T09:08:08.886+0900] {processor.py:208} INFO - Processing /home/airflow/.local/lib/python3.12/site-packages/airflow/example_dags/example_python_operator.py took 0.060 seconds
[2026-04-10T09:08:39.263+0900] {processor.py:186} INFO - Started process (PID=146502) to work on /home/airflow/.local/lib/python3.12/site-packages/airflow/example_dags/example_python_operator.py
[2026-04-10T09:08:39.264+0900] {processor.py:914} INFO - Processing file /home/airflow/.local/lib/python3.12/site-packages/airflow/example_dags/example_python_operator.py for tasks to queue
[2026-04-10T09:08:39.266+0900] {logging_mixin.py:190} INFO - [2026-04-10T09:08:39.266+0900] {dagbag.py:587} INFO - Filling up the DagBag from /home/airflow/.local/lib/python3.12/site-packages/airflow/example_dags/example_python_operator.py
[2026-04-10T09:08:39.275+0900] {processor.py:925} INFO - DAG(s) 'example_python_operator' retrieved from /home/airflow/.local/lib/python3.12/site-packages/airflow/example_dags/example_python_operator.py
[2026-04-10T09:08:39.290+0900] {logging_mixin.py:190} INFO - [2026-04-10T09:08:39.290+0900] {dag.py:3211} INFO - Sync 1 DAGs
[2026-04-10T09:08:39.300+0900] {logging_mixin.py:190} INFO - [2026-04-10T09:08:39.299+0900] {dag.py:4138} INFO - Setting next_dagrun for example_python_operator to None, run_after=None
[2026-04-10T09:08:39.314+0900] {processor.py:208} INFO - Processing /home/airflow/.local/lib/python3.12/site-packages/airflow/example_dags/example_python_operator.py took 0.056 seconds
[2026-04-10T09:09:09.799+0900] {processor.py:186} INFO - Started process (PID=146565) to work on /home/airflow/.local/lib/python3.12/site-packages/airflow/example_dags/example_python_operator.py
[2026-04-10T09:09:09.801+0900] {processor.py:914} INFO - Processing file /home/airflow/.local/lib/python3.12/site-packages/airflow/example_dags/example_python_operator.py for tasks to queue
[2026-04-10T09:09:09.803+0900] {logging_mixin.py:190} INFO - [2026-04-10T09:09:09.803+0900] {dagbag.py:587} INFO - Filling up the DagBag from /home/airflow/.local/lib/python3.12/site-packages/airflow/example_dags/example_python_operator.py
[2026-04-10T09:09:09.814+0900] {processor.py:925} INFO - DAG(s) 'example_python_operator' retrieved from /home/airflow/.local/lib/python3.12/site-packages/airflow/example_dags/example_python_operator.py
[2026-04-10T09:09:09.833+0900] {logging_mixin.py:190} INFO - [2026-04-10T09:09:09.832+0900] {dag.py:3211} INFO - Sync 1 DAGs
[2026-04-10T09:09:09.846+0900] {logging_mixin.py:190} INFO - [2026-04-10T09:09:09.845+0900] {dag.py:4138} INFO - Setting next_dagrun for example_python_operator to None, run_after=None
[2026-04-10T09:09:09.863+0900] {processor.py:208} INFO - Processing /home/airflow/.local/lib/python3.12/site-packages/airflow/example_dags/example_python_operator.py took 0.070 seconds
[2026-04-10T09:09:40.472+0900] {processor.py:186} INFO - Started process (PID=146628) to work on /home/airflow/.local/lib/python3.12/site-packages/airflow/example_dags/example_python_operator.py
[2026-04-10T09:09:40.473+0900] {processor.py:914} INFO - Processing file /home/airflow/.local/lib/python3.12/site-packages/airflow/example_dags/example_python_operator.py for tasks to queue
[2026-04-10T09:09:40.475+0900] {logging_mixin.py:190} INFO - [2026-04-10T09:09:40.475+0900] {dagbag.py:587} INFO - Filling up the DagBag from /home/airflow/.local/lib/python3.12/site-packages/airflow/example_dags/example_python_operator.py
[2026-04-10T09:09:40.487+0900] {processor.py:925} INFO - DAG(s) 'example_python_operator' retrieved from /home/airflow/.local/lib/python3.12/site-packages/airflow/example_dags/example_python_operator.py
[2026-04-10T09:09:40.506+0900] {logging_mixin.py:190} INFO - [2026-04-10T09:09:40.506+0900] {dag.py:3211} INFO - Sync 1 DAGs
[2026-04-10T09:09:40.517+0900] {logging_mixin.py:190} INFO - [2026-04-10T09:09:40.517+0900] {dag.py:4138} INFO - Setting next_dagrun for example_python_operator to None, run_after=None
[2026-04-10T09:09:40.539+0900] {processor.py:208} INFO - Processing /home/airflow/.local/lib/python3.12/site-packages/airflow/example_dags/example_python_operator.py took 0.072 seconds
[2026-04-10T09:10:11.251+0900] {processor.py:186} INFO - Started process (PID=146691) to work on /home/airflow/.local/lib/python3.12/site-packages/airflow/example_dags/example_python_operator.py
[2026-04-10T09:10:11.252+0900] {processor.py:914} INFO - Processing file /home/airflow/.local/lib/python3.12/site-packages/airflow/example_dags/example_python_operator.py for tasks to queue
[2026-04-10T09:10:11.255+0900] {logging_mixin.py:190} INFO - [2026-04-10T09:10:11.254+0900] {dagbag.py:587} INFO - Filling up the DagBag from /home/airflow/.local/lib/python3.12/site-packages/airflow/example_dags/example_python_operator.py
[2026-04-10T09:10:11.264+0900] {processor.py:925} INFO - DAG(s) 'example_python_operator' retrieved from /home/airflow/.local/lib/python3.12/site-packages/airflow/example_dags/example_python_operator.py
[2026-04-10T09:10:11.407+0900] {logging_mixin.py:190} INFO - [2026-04-10T09:10:11.407+0900] {dag.py:3211} INFO - Sync 1 DAGs
[2026-04-10T09:10:11.415+0900] {logging_mixin.py:190} INFO - [2026-04-10T09:10:11.415+0900] {dag.py:4138} INFO - Setting next_dagrun for example_python_operator to None, run_after=None
[2026-04-10T09:10:11.428+0900] {processor.py:208} INFO - Processing /home/airflow/.local/lib/python3.12/site-packages/airflow/example_dags/example_python_operator.py took 0.182 seconds
[2026-04-10T09:10:41.661+0900] {processor.py:186} INFO - Started process (PID=146754) to work on /home/airflow/.local/lib/python3.12/site-packages/airflow/example_dags/example_python_operator.py
[2026-04-10T09:10:41.662+0900] {processor.py:914} INFO - Processing file /home/airflow/.local/lib/python3.12/site-packages/airflow/example_dags/example_python_operator.py for tasks to queue
[2026-04-10T09:10:41.664+0900] {logging_mixin.py:190} INFO - [2026-04-10T09:10:41.664+0900] {dagbag.py:587} INFO - Filling up the DagBag from /home/airflow/.local/lib/python3.12/site-packages/airflow/example_dags/example_python_operator.py
[2026-04-10T09:10:41.673+0900] {processor.py:925} INFO - DAG(s) 'example_python_operator' retrieved from /home/airflow/.local/lib/python3.12/site-packages/airflow/example_dags/example_python_operator.py
[2026-04-10T09:10:41.827+0900] {logging_mixin.py:190} INFO - [2026-04-10T09:10:41.826+0900] {dag.py:3211} INFO - Sync 1 DAGs
[2026-04-10T09:10:41.839+0900] {logging_mixin.py:190} INFO - [2026-04-10T09:10:41.838+0900] {dag.py:4138} INFO - Setting next_dagrun for example_python_operator to None, run_after=None
[2026-04-10T09:10:41.853+0900] {processor.py:208} INFO - Processing /home/airflow/.local/lib/python3.12/site-packages/airflow/example_dags/example_python_operator.py took 0.197 seconds
[2026-04-10T09:11:12.373+0900] {processor.py:186} INFO - Started process (PID=146817) to work on /home/airflow/.local/lib/python3.12/site-packages/airflow/example_dags/example_python_operator.py
[2026-04-10T09:11:12.375+0900] {processor.py:914} INFO - Processing file /home/airflow/.local/lib/python3.12/site-packages/airflow/example_dags/example_python_operator.py for tasks to queue
[2026-04-10T09:11:12.377+0900] {logging_mixin.py:190} INFO - [2026-04-10T09:11:12.376+0900] {dagbag.py:587} INFO - Filling up the DagBag from /home/airflow/.local/lib/python3.12/site-packages/airflow/example_dags/example_python_operator.py
[2026-04-10T09:11:12.387+0900] {processor.py:925} INFO - DAG(s) 'example_python_operator' retrieved from /home/airflow/.local/lib/python3.12/site-packages/airflow/example_dags/example_python_operator.py
[2026-04-10T09:11:12.404+0900] {logging_mixin.py:190} INFO - [2026-04-10T09:11:12.404+0900] {dag.py:3211} INFO - Sync 1 DAGs
[2026-04-10T09:11:12.415+0900] {logging_mixin.py:190} INFO - [2026-04-10T09:11:12.415+0900] {dag.py:4138} INFO - Setting next_dagrun for example_python_operator to None, run_after=None
[2026-04-10T09:11:12.434+0900] {processor.py:208} INFO - Processing /home/airflow/.local/lib/python3.12/site-packages/airflow/example_dags/example_python_operator.py took 0.066 seconds
[2026-04-10T09:11:42.635+0900] {processor.py:186} INFO - Started process (PID=146880) to work on /home/airflow/.local/lib/python3.12/site-packages/airflow/example_dags/example_python_operator.py
[2026-04-10T09:11:42.636+0900] {processor.py:914} INFO - Processing file /home/airflow/.local/lib/python3.12/site-packages/airflow/example_dags/example_python_operator.py for tasks to queue
[2026-04-10T09:11:42.638+0900] {logging_mixin.py:190} INFO - [2026-04-10T09:11:42.638+0900] {dagbag.py:587} INFO - Filling up the DagBag from /home/airflow/.local/lib/python3.12/site-packages/airflow/example_dags/example_python_operator.py
[2026-04-10T09:11:42.647+0900] {processor.py:925} INFO - DAG(s) 'example_python_operator' retrieved from /home/airflow/.local/lib/python3.12/site-packages/airflow/example_dags/example_python_operator.py
[2026-04-10T09:11:42.664+0900] {logging_mixin.py:190} INFO - [2026-04-10T09:11:42.664+0900] {dag.py:3211} INFO - Sync 1 DAGs
[2026-04-10T09:11:42.675+0900] {logging_mixin.py:190} INFO - [2026-04-10T09:11:42.674+0900] {dag.py:4138} INFO - Setting next_dagrun for example_python_operator to None, run_after=None
[2026-04-10T09:11:42.689+0900] {processor.py:208} INFO - Processing /home/airflow/.local/lib/python3.12/site-packages/airflow/example_dags/example_python_operator.py took 0.059 seconds
[2026-04-10T09:12:12.919+0900] {processor.py:186} INFO - Started process (PID=146943) to work on /home/airflow/.local/lib/python3.12/site-packages/airflow/example_dags/example_python_operator.py
[2026-04-10T09:12:12.921+0900] {processor.py:914} INFO - Processing file /home/airflow/.local/lib/python3.12/site-packages/airflow/example_dags/example_python_operator.py for tasks to queue
[2026-04-10T09:12:12.923+0900] {logging_mixin.py:190} INFO - [2026-04-10T09:12:12.922+0900] {dagbag.py:587} INFO - Filling up the DagBag from /home/airflow/.local/lib/python3.12/site-packages/airflow/example_dags/example_python_operator.py
[2026-04-10T09:12:12.932+0900] {processor.py:925} INFO - DAG(s) 'example_python_operator' retrieved from /home/airflow/.local/lib/python3.12/site-packages/airflow/example_dags/example_python_operator.py
[2026-04-10T09:12:12.949+0900] {logging_mixin.py:190} INFO - [2026-04-10T09:12:12.949+0900] {dag.py:3211} INFO - Sync 1 DAGs
[2026-04-10T09:12:12.959+0900] {logging_mixin.py:190} INFO - [2026-04-10T09:12:12.959+0900] {dag.py:4138} INFO - Setting next_dagrun for example_python_operator to None, run_after=None
[2026-04-10T09:12:12.978+0900] {processor.py:208} INFO - Processing /home/airflow/.local/lib/python3.12/site-packages/airflow/example_dags/example_python_operator.py took 0.064 seconds
[2026-04-10T09:12:43.073+0900] {processor.py:186} INFO - Started process (PID=147006) to work on /home/airflow/.local/lib/python3.12/site-packages/airflow/example_dags/example_python_operator.py
[2026-04-10T09:12:43.074+0900] {processor.py:914} INFO - Processing file /home/airflow/.local/lib/python3.12/site-packages/airflow/example_dags/example_python_operator.py for tasks to queue
[2026-04-10T09:12:43.075+0900] {logging_mixin.py:190} INFO - [2026-04-10T09:12:43.075+0900] {dagbag.py:587} INFO - Filling up the DagBag from /home/airflow/.local/lib/python3.12/site-packages/airflow/example_dags/example_python_operator.py
[2026-04-10T09:12:43.084+0900] {processor.py:925} INFO - DAG(s) 'example_python_operator' retrieved from /home/airflow/.local/lib/python3.12/site-packages/airflow/example_dags/example_python_operator.py
[2026-04-10T09:12:43.100+0900] {logging_mixin.py:190} INFO - [2026-04-10T09:12:43.100+0900] {dag.py:3211} INFO - Sync 1 DAGs
[2026-04-10T09:12:43.110+0900] {logging_mixin.py:190} INFO - [2026-04-10T09:12:43.110+0900] {dag.py:4138} INFO - Setting next_dagrun for example_python_operator to None, run_after=None
[2026-04-10T09:12:43.130+0900] {processor.py:208} INFO - Processing /home/airflow/.local/lib/python3.12/site-packages/airflow/example_dags/example_python_operator.py took 0.061 seconds
[2026-04-10T09:13:13.199+0900] {processor.py:186} INFO - Started process (PID=147069) to work on /home/airflow/.local/lib/python3.12/site-packages/airflow/example_dags/example_python_operator.py
[2026-04-10T09:13:13.200+0900] {processor.py:914} INFO - Processing file /home/airflow/.local/lib/python3.12/site-packages/airflow/example_dags/example_python_operator.py for tasks to queue
[2026-04-10T09:13:13.202+0900] {logging_mixin.py:190} INFO - [2026-04-10T09:13:13.202+0900] {dagbag.py:587} INFO - Filling up the DagBag from /home/airflow/.local/lib/python3.12/site-packages/airflow/example_dags/example_python_operator.py
[2026-04-10T09:13:13.212+0900] {processor.py:925} INFO - DAG(s) 'example_python_operator' retrieved from /home/airflow/.local/lib/python3.12/site-packages/airflow/example_dags/example_python_operator.py
[2026-04-10T09:13:13.229+0900] {logging_mixin.py:190} INFO - [2026-04-10T09:13:13.229+0900] {dag.py:3211} INFO - Sync 1 DAGs
[2026-04-10T09:13:13.240+0900] {logging_mixin.py:190} INFO - [2026-04-10T09:13:13.240+0900] {dag.py:4138} INFO - Setting next_dagrun for example_python_operator to None, run_after=None
[2026-04-10T09:13:13.260+0900] {processor.py:208} INFO - Processing /home/airflow/.local/lib/python3.12/site-packages/airflow/example_dags/example_python_operator.py took 0.066 seconds
[2026-04-10T09:13:43.876+0900] {processor.py:186} INFO - Started process (PID=147132) to work on /home/airflow/.local/lib/python3.12/site-packages/airflow/example_dags/example_python_operator.py
[2026-04-10T09:13:43.877+0900] {processor.py:914} INFO - Processing file /home/airflow/.local/lib/python3.12/site-packages/airflow/example_dags/example_python_operator.py for tasks to queue
[2026-04-10T09:13:43.880+0900] {logging_mixin.py:190} INFO - [2026-04-10T09:13:43.879+0900] {dagbag.py:587} INFO - Filling up the DagBag from /home/airflow/.local/lib/python3.12/site-packages/airflow/example_dags/example_python_operator.py
[2026-04-10T09:13:43.890+0900] {processor.py:925} INFO - DAG(s) 'example_python_operator' retrieved from /home/airflow/.local/lib/python3.12/site-packages/airflow/example_dags/example_python_operator.py
[2026-04-10T09:13:43.906+0900] {logging_mixin.py:190} INFO - [2026-04-10T09:13:43.905+0900] {dag.py:3211} INFO - Sync 1 DAGs
[2026-04-10T09:13:43.916+0900] {logging_mixin.py:190} INFO - [2026-04-10T09:13:43.916+0900] {dag.py:4138} INFO - Setting next_dagrun for example_python_operator to None, run_after=None
[2026-04-10T09:13:43.930+0900] {processor.py:208} INFO - Processing /home/airflow/.local/lib/python3.12/site-packages/airflow/example_dags/example_python_operator.py took 0.058 seconds
[2026-04-10T09:14:14.676+0900] {processor.py:186} INFO - Started process (PID=147195) to work on /home/airflow/.local/lib/python3.12/site-packages/airflow/example_dags/example_python_operator.py
[2026-04-10T09:14:14.677+0900] {processor.py:914} INFO - Processing file /home/airflow/.local/lib/python3.12/site-packages/airflow/example_dags/example_python_operator.py for tasks to queue
[2026-04-10T09:14:14.679+0900] {logging_mixin.py:190} INFO - [2026-04-10T09:14:14.678+0900] {dagbag.py:587} INFO - Filling up the DagBag from /home/airflow/.local/lib/python3.12/site-packages/airflow/example_dags/example_python_operator.py
[2026-04-10T09:14:14.689+0900] {processor.py:925} INFO - DAG(s) 'example_python_operator' retrieved from /home/airflow/.local/lib/python3.12/site-packages/airflow/example_dags/example_python_operator.py
[2026-04-10T09:14:14.707+0900] {logging_mixin.py:190} INFO - [2026-04-10T09:14:14.707+0900] {dag.py:3211} INFO - Sync 1 DAGs
[2026-04-10T09:14:14.718+0900] {logging_mixin.py:190} INFO - [2026-04-10T09:14:14.717+0900] {dag.py:4138} INFO - Setting next_dagrun for example_python_operator to None, run_after=None
[2026-04-10T09:14:14.739+0900] {processor.py:208} INFO - Processing /home/airflow/.local/lib/python3.12/site-packages/airflow/example_dags/example_python_operator.py took 0.068 seconds
[2026-04-10T09:14:45.229+0900] {processor.py:186} INFO - Started process (PID=147258) to work on /home/airflow/.local/lib/python3.12/site-packages/airflow/example_dags/example_python_operator.py
[2026-04-10T09:14:45.230+0900] {processor.py:914} INFO - Processing file /home/airflow/.local/lib/python3.12/site-packages/airflow/example_dags/example_python_operator.py for tasks to queue
[2026-04-10T09:14:45.231+0900] {logging_mixin.py:190} INFO - [2026-04-10T09:14:45.231+0900] {dagbag.py:587} INFO - Filling up the DagBag from /home/airflow/.local/lib/python3.12/site-packages/airflow/example_dags/example_python_operator.py
[2026-04-10T09:14:45.241+0900] {processor.py:925} INFO - DAG(s) 'example_python_operator' retrieved from /home/airflow/.local/lib/python3.12/site-packages/airflow/example_dags/example_python_operator.py
[2026-04-10T09:14:45.258+0900] {logging_mixin.py:190} INFO - [2026-04-10T09:14:45.258+0900] {dag.py:3211} INFO - Sync 1 DAGs
[2026-04-10T09:14:45.268+0900] {logging_mixin.py:190} INFO - [2026-04-10T09:14:45.268+0900] {dag.py:4138} INFO - Setting next_dagrun for example_python_operator to None, run_after=None
[2026-04-10T09:14:45.283+0900] {processor.py:208} INFO - Processing /home/airflow/.local/lib/python3.12/site-packages/airflow/example_dags/example_python_operator.py took 0.059 seconds
[2026-04-10T09:15:15.435+0900] {processor.py:186} INFO - Started process (PID=147321) to work on /home/airflow/.local/lib/python3.12/site-packages/airflow/example_dags/example_python_operator.py
[2026-04-10T09:15:15.436+0900] {processor.py:914} INFO - Processing file /home/airflow/.local/lib/python3.12/site-packages/airflow/example_dags/example_python_operator.py for tasks to queue
[2026-04-10T09:15:15.438+0900] {logging_mixin.py:190} INFO - [2026-04-10T09:15:15.438+0900] {dagbag.py:587} INFO - Filling up the DagBag from /home/airflow/.local/lib/python3.12/site-packages/airflow/example_dags/example_python_operator.py
[2026-04-10T09:15:15.448+0900] {processor.py:925} INFO - DAG(s) 'example_python_operator' retrieved from /home/airflow/.local/lib/python3.12/site-packages/airflow/example_dags/example_python_operator.py
[2026-04-10T09:15:15.466+0900] {logging_mixin.py:190} INFO - [2026-04-10T09:15:15.466+0900] {dag.py:3211} INFO - Sync 1 DAGs
[2026-04-10T09:15:15.478+0900] {logging_mixin.py:190} INFO - [2026-04-10T09:15:15.478+0900] {dag.py:4138} INFO - Setting next_dagrun for example_python_operator to None, run_after=None
[2026-04-10T09:15:15.497+0900] {processor.py:208} INFO - Processing /home/airflow/.local/lib/python3.12/site-packages/airflow/example_dags/example_python_operator.py took 0.067 seconds
[2026-04-10T09:15:46.376+0900] {processor.py:186} INFO - Started process (PID=147384) to work on /home/airflow/.local/lib/python3.12/site-packages/airflow/example_dags/example_python_operator.py
[2026-04-10T09:15:46.377+0900] {processor.py:914} INFO - Processing file /home/airflow/.local/lib/python3.12/site-packages/airflow/example_dags/example_python_operator.py for tasks to queue
[2026-04-10T09:15:46.379+0900] {logging_mixin.py:190} INFO - [2026-04-10T09:15:46.378+0900] {dagbag.py:587} INFO - Filling up the DagBag from /home/airflow/.local/lib/python3.12/site-packages/airflow/example_dags/example_python_operator.py
[2026-04-10T09:15:46.388+0900] {processor.py:925} INFO - DAG(s) 'example_python_operator' retrieved from /home/airflow/.local/lib/python3.12/site-packages/airflow/example_dags/example_python_operator.py
[2026-04-10T09:15:46.405+0900] {logging_mixin.py:190} INFO - [2026-04-10T09:15:46.404+0900] {dag.py:3211} INFO - Sync 1 DAGs
[2026-04-10T09:15:46.415+0900] {logging_mixin.py:190} INFO - [2026-04-10T09:15:46.415+0900] {dag.py:4138} INFO - Setting next_dagrun for example_python_operator to None, run_after=None
[2026-04-10T09:15:46.433+0900] {processor.py:208} INFO - Processing /home/airflow/.local/lib/python3.12/site-packages/airflow/example_dags/example_python_operator.py took 0.062 seconds
[2026-04-10T09:16:17.069+0900] {processor.py:186} INFO - Started process (PID=147447) to work on /home/airflow/.local/lib/python3.12/site-packages/airflow/example_dags/example_python_operator.py
[2026-04-10T09:16:17.070+0900] {processor.py:914} INFO - Processing file /home/airflow/.local/lib/python3.12/site-packages/airflow/example_dags/example_python_operator.py for tasks to queue
[2026-04-10T09:16:17.072+0900] {logging_mixin.py:190} INFO - [2026-04-10T09:16:17.072+0900] {dagbag.py:587} INFO - Filling up the DagBag from /home/airflow/.local/lib/python3.12/site-packages/airflow/example_dags/example_python_operator.py
[2026-04-10T09:16:17.083+0900] {processor.py:925} INFO - DAG(s) 'example_python_operator' retrieved from /home/airflow/.local/lib/python3.12/site-packages/airflow/example_dags/example_python_operator.py
[2026-04-10T09:16:17.100+0900] {logging_mixin.py:190} INFO - [2026-04-10T09:16:17.100+0900] {dag.py:3211} INFO - Sync 1 DAGs
[2026-04-10T09:16:17.110+0900] {logging_mixin.py:190} INFO - [2026-04-10T09:16:17.110+0900] {dag.py:4138} INFO - Setting next_dagrun for example_python_operator to None, run_after=None
[2026-04-10T09:16:17.131+0900] {processor.py:208} INFO - Processing /home/airflow/.local/lib/python3.12/site-packages/airflow/example_dags/example_python_operator.py took 0.067 seconds
[2026-04-10T09:16:47.838+0900] {processor.py:186} INFO - Started process (PID=147510) to work on /home/airflow/.local/lib/python3.12/site-packages/airflow/example_dags/example_python_operator.py
[2026-04-10T09:16:47.839+0900] {processor.py:914} INFO - Processing file /home/airflow/.local/lib/python3.12/site-packages/airflow/example_dags/example_python_operator.py for tasks to queue
[2026-04-10T09:16:47.841+0900] {logging_mixin.py:190} INFO - [2026-04-10T09:16:47.841+0900] {dagbag.py:587} INFO - Filling up the DagBag from /home/airflow/.local/lib/python3.12/site-packages/airflow/example_dags/example_python_operator.py
[2026-04-10T09:16:47.851+0900] {processor.py:925} INFO - DAG(s) 'example_python_operator' retrieved from /home/airflow/.local/lib/python3.12/site-packages/airflow/example_dags/example_python_operator.py
[2026-04-10T09:16:47.867+0900] {logging_mixin.py:190} INFO - [2026-04-10T09:16:47.867+0900] {dag.py:3211} INFO - Sync 1 DAGs
[2026-04-10T09:16:47.877+0900] {logging_mixin.py:190} INFO - [2026-04-10T09:16:47.877+0900] {dag.py:4138} INFO - Setting next_dagrun for example_python_operator to None, run_after=None
[2026-04-10T09:16:47.894+0900] {processor.py:208} INFO - Processing /home/airflow/.local/lib/python3.12/site-packages/airflow/example_dags/example_python_operator.py took 0.060 seconds
[2026-04-10T09:17:18.550+0900] {processor.py:186} INFO - Started process (PID=147573) to work on /home/airflow/.local/lib/python3.12/site-packages/airflow/example_dags/example_python_operator.py
[2026-04-10T09:17:18.551+0900] {processor.py:914} INFO - Processing file /home/airflow/.local/lib/python3.12/site-packages/airflow/example_dags/example_python_operator.py for tasks to queue
[2026-04-10T09:17:18.553+0900] {logging_mixin.py:190} INFO - [2026-04-10T09:17:18.553+0900] {dagbag.py:587} INFO - Filling up the DagBag from /home/airflow/.local/lib/python3.12/site-packages/airflow/example_dags/example_python_operator.py
[2026-04-10T09:17:18.563+0900] {processor.py:925} INFO - DAG(s) 'example_python_operator' retrieved from /home/airflow/.local/lib/python3.12/site-packages/airflow/example_dags/example_python_operator.py
[2026-04-10T09:17:18.580+0900] {logging_mixin.py:190} INFO - [2026-04-10T09:17:18.580+0900] {dag.py:3211} INFO - Sync 1 DAGs
[2026-04-10T09:17:18.590+0900] {logging_mixin.py:190} INFO - [2026-04-10T09:17:18.590+0900] {dag.py:4138} INFO - Setting next_dagrun for example_python_operator to None, run_after=None
[2026-04-10T09:17:18.606+0900] {processor.py:208} INFO - Processing /home/airflow/.local/lib/python3.12/site-packages/airflow/example_dags/example_python_operator.py took 0.061 seconds
[2026-04-10T09:17:49.312+0900] {processor.py:186} INFO - Started process (PID=147636) to work on /home/airflow/.local/lib/python3.12/site-packages/airflow/example_dags/example_python_operator.py
[2026-04-10T09:17:49.313+0900] {processor.py:914} INFO - Processing file /home/airflow/.local/lib/python3.12/site-packages/airflow/example_dags/example_python_operator.py for tasks to queue
[2026-04-10T09:17:49.315+0900] {logging_mixin.py:190} INFO - [2026-04-10T09:17:49.315+0900] {dagbag.py:587} INFO - Filling up the DagBag from /home/airflow/.local/lib/python3.12/site-packages/airflow/example_dags/example_python_operator.py
[2026-04-10T09:17:49.324+0900] {processor.py:925} INFO - DAG(s) 'example_python_operator' retrieved from /home/airflow/.local/lib/python3.12/site-packages/airflow/example_dags/example_python_operator.py
[2026-04-10T09:17:49.340+0900] {logging_mixin.py:190} INFO - [2026-04-10T09:17:49.340+0900] {dag.py:3211} INFO - Sync 1 DAGs
[2026-04-10T09:17:49.351+0900] {logging_mixin.py:190} INFO - [2026-04-10T09:17:49.351+0900] {dag.py:4138} INFO - Setting next_dagrun for example_python_operator to None, run_after=None
[2026-04-10T09:17:49.366+0900] {processor.py:208} INFO - Processing /home/airflow/.local/lib/python3.12/site-packages/airflow/example_dags/example_python_operator.py took 0.058 seconds
[2026-04-10T09:18:20.223+0900] {processor.py:186} INFO - Started process (PID=147699) to work on /home/airflow/.local/lib/python3.12/site-packages/airflow/example_dags/example_python_operator.py
[2026-04-10T09:18:20.224+0900] {processor.py:914} INFO - Processing file /home/airflow/.local/lib/python3.12/site-packages/airflow/example_dags/example_python_operator.py for tasks to queue
[2026-04-10T09:18:20.226+0900] {logging_mixin.py:190} INFO - [2026-04-10T09:18:20.226+0900] {dagbag.py:587} INFO - Filling up the DagBag from /home/airflow/.local/lib/python3.12/site-packages/airflow/example_dags/example_python_operator.py
[2026-04-10T09:18:20.236+0900] {processor.py:925} INFO - DAG(s) 'example_python_operator' retrieved from /home/airflow/.local/lib/python3.12/site-packages/airflow/example_dags/example_python_operator.py
[2026-04-10T09:18:20.253+0900] {logging_mixin.py:190} INFO - [2026-04-10T09:18:20.253+0900] {dag.py:3211} INFO - Sync 1 DAGs
[2026-04-10T09:18:20.263+0900] {logging_mixin.py:190} INFO - [2026-04-10T09:18:20.262+0900] {dag.py:4138} INFO - Setting next_dagrun for example_python_operator to None, run_after=None
[2026-04-10T09:18:20.282+0900] {processor.py:208} INFO - Processing /home/airflow/.local/lib/python3.12/site-packages/airflow/example_dags/example_python_operator.py took 0.065 seconds
[2026-04-10T09:18:50.793+0900] {processor.py:186} INFO - Started process (PID=147762) to work on /home/airflow/.local/lib/python3.12/site-packages/airflow/example_dags/example_python_operator.py
[2026-04-10T09:18:50.794+0900] {processor.py:914} INFO - Processing file /home/airflow/.local/lib/python3.12/site-packages/airflow/example_dags/example_python_operator.py for tasks to queue
[2026-04-10T09:18:50.796+0900] {logging_mixin.py:190} INFO - [2026-04-10T09:18:50.796+0900] {dagbag.py:587} INFO - Filling up the DagBag from /home/airflow/.local/lib/python3.12/site-packages/airflow/example_dags/example_python_operator.py
[2026-04-10T09:18:50.805+0900] {processor.py:925} INFO - DAG(s) 'example_python_operator' retrieved from /home/airflow/.local/lib/python3.12/site-packages/airflow/example_dags/example_python_operator.py
[2026-04-10T09:18:50.822+0900] {logging_mixin.py:190} INFO - [2026-04-10T09:18:50.822+0900] {dag.py:3211} INFO - Sync 1 DAGs
[2026-04-10T09:18:50.831+0900] {logging_mixin.py:190} INFO - [2026-04-10T09:18:50.831+0900] {dag.py:4138} INFO - Setting next_dagrun for example_python_operator to None, run_after=None
[2026-04-10T09:18:50.845+0900] {processor.py:208} INFO - Processing /home/airflow/.local/lib/python3.12/site-packages/airflow/example_dags/example_python_operator.py took 0.057 seconds
[2026-04-10T09:19:21.798+0900] {processor.py:186} INFO - Started process (PID=147825) to work on /home/airflow/.local/lib/python3.12/site-packages/airflow/example_dags/example_python_operator.py
[2026-04-10T09:19:21.799+0900] {processor.py:914} INFO - Processing file /home/airflow/.local/lib/python3.12/site-packages/airflow/example_dags/example_python_operator.py for tasks to queue
[2026-04-10T09:19:21.802+0900] {logging_mixin.py:190} INFO - [2026-04-10T09:19:21.801+0900] {dagbag.py:587} INFO - Filling up the DagBag from /home/airflow/.local/lib/python3.12/site-packages/airflow/example_dags/example_python_operator.py
[2026-04-10T09:19:21.811+0900] {processor.py:925} INFO - DAG(s) 'example_python_operator' retrieved from /home/airflow/.local/lib/python3.12/site-packages/airflow/example_dags/example_python_operator.py
[2026-04-10T09:19:21.828+0900] {logging_mixin.py:190} INFO - [2026-04-10T09:19:21.828+0900] {dag.py:3211} INFO - Sync 1 DAGs
[2026-04-10T09:19:21.838+0900] {logging_mixin.py:190} INFO - [2026-04-10T09:19:21.838+0900] {dag.py:4138} INFO - Setting next_dagrun for example_python_operator to None, run_after=None
[2026-04-10T09:19:21.853+0900] {processor.py:208} INFO - Processing /home/airflow/.local/lib/python3.12/site-packages/airflow/example_dags/example_python_operator.py took 0.059 seconds
[2026-04-10T09:19:51.898+0900] {processor.py:186} INFO - Started process (PID=147888) to work on /home/airflow/.local/lib/python3.12/site-packages/airflow/example_dags/example_python_operator.py
[2026-04-10T09:19:51.899+0900] {processor.py:914} INFO - Processing file /home/airflow/.local/lib/python3.12/site-packages/airflow/example_dags/example_python_operator.py for tasks to queue
[2026-04-10T09:19:51.901+0900] {logging_mixin.py:190} INFO - [2026-04-10T09:19:51.901+0900] {dagbag.py:587} INFO - Filling up the DagBag from /home/airflow/.local/lib/python3.12/site-packages/airflow/example_dags/example_python_operator.py
[2026-04-10T09:19:51.910+0900] {processor.py:925} INFO - DAG(s) 'example_python_operator' retrieved from /home/airflow/.local/lib/python3.12/site-packages/airflow/example_dags/example_python_operator.py
[2026-04-10T09:19:51.926+0900] {logging_mixin.py:190} INFO - [2026-04-10T09:19:51.926+0900] {dag.py:3211} INFO - Sync 1 DAGs
[2026-04-10T09:19:51.935+0900] {logging_mixin.py:190} INFO - [2026-04-10T09:19:51.935+0900] {dag.py:4138} INFO - Setting next_dagrun for example_python_operator to None, run_after=None
[2026-04-10T09:19:51.949+0900] {processor.py:208} INFO - Processing /home/airflow/.local/lib/python3.12/site-packages/airflow/example_dags/example_python_operator.py took 0.056 seconds
[2026-04-10T09:20:22.366+0900] {processor.py:186} INFO - Started process (PID=147946) to work on /home/airflow/.local/lib/python3.12/site-packages/airflow/example_dags/example_python_operator.py
[2026-04-10T09:20:22.367+0900] {processor.py:914} INFO - Processing file /home/airflow/.local/lib/python3.12/site-packages/airflow/example_dags/example_python_operator.py for tasks to queue
[2026-04-10T09:20:22.369+0900] {logging_mixin.py:190} INFO - [2026-04-10T09:20:22.369+0900] {dagbag.py:587} INFO - Filling up the DagBag from /home/airflow/.local/lib/python3.12/site-packages/airflow/example_dags/example_python_operator.py
[2026-04-10T09:20:22.378+0900] {processor.py:925} INFO - DAG(s) 'example_python_operator' retrieved from /home/airflow/.local/lib/python3.12/site-packages/airflow/example_dags/example_python_operator.py
[2026-04-10T09:20:22.396+0900] {logging_mixin.py:190} INFO - [2026-04-10T09:20:22.396+0900] {dag.py:3211} INFO - Sync 1 DAGs
[2026-04-10T09:20:22.406+0900] {logging_mixin.py:190} INFO - [2026-04-10T09:20:22.406+0900] {dag.py:4138} INFO - Setting next_dagrun for example_python_operator to None, run_after=None
[2026-04-10T09:20:22.420+0900] {processor.py:208} INFO - Processing /home/airflow/.local/lib/python3.12/site-packages/airflow/example_dags/example_python_operator.py took 0.058 seconds
[2026-04-10T09:20:53.072+0900] {processor.py:186} INFO - Started process (PID=148009) to work on /home/airflow/.local/lib/python3.12/site-packages/airflow/example_dags/example_python_operator.py
[2026-04-10T09:20:53.073+0900] {processor.py:914} INFO - Processing file /home/airflow/.local/lib/python3.12/site-packages/airflow/example_dags/example_python_operator.py for tasks to queue
[2026-04-10T09:20:53.076+0900] {logging_mixin.py:190} INFO - [2026-04-10T09:20:53.076+0900] {dagbag.py:587} INFO - Filling up the DagBag from /home/airflow/.local/lib/python3.12/site-packages/airflow/example_dags/example_python_operator.py
[2026-04-10T09:20:53.087+0900] {processor.py:925} INFO - DAG(s) 'example_python_operator' retrieved from /home/airflow/.local/lib/python3.12/site-packages/airflow/example_dags/example_python_operator.py
[2026-04-10T09:20:53.106+0900] {logging_mixin.py:190} INFO - [2026-04-10T09:20:53.106+0900] {dag.py:3211} INFO - Sync 1 DAGs
[2026-04-10T09:20:53.118+0900] {logging_mixin.py:190} INFO - [2026-04-10T09:20:53.118+0900] {dag.py:4138} INFO - Setting next_dagrun for example_python_operator to None, run_after=None
[2026-04-10T09:20:53.139+0900] {processor.py:208} INFO - Processing /home/airflow/.local/lib/python3.12/site-packages/airflow/example_dags/example_python_operator.py took 0.072 seconds
[2026-04-10T09:21:23.887+0900] {processor.py:186} INFO - Started process (PID=148072) to work on /home/airflow/.local/lib/python3.12/site-packages/airflow/example_dags/example_python_operator.py
[2026-04-10T09:21:23.888+0900] {processor.py:914} INFO - Processing file /home/airflow/.local/lib/python3.12/site-packages/airflow/example_dags/example_python_operator.py for tasks to queue
[2026-04-10T09:21:23.890+0900] {logging_mixin.py:190} INFO - [2026-04-10T09:21:23.890+0900] {dagbag.py:587} INFO - Filling up the DagBag from /home/airflow/.local/lib/python3.12/site-packages/airflow/example_dags/example_python_operator.py
[2026-04-10T09:21:23.900+0900] {processor.py:925} INFO - DAG(s) 'example_python_operator' retrieved from /home/airflow/.local/lib/python3.12/site-packages/airflow/example_dags/example_python_operator.py
[2026-04-10T09:21:23.918+0900] {logging_mixin.py:190} INFO - [2026-04-10T09:21:23.918+0900] {dag.py:3211} INFO - Sync 1 DAGs
[2026-04-10T09:21:23.929+0900] {logging_mixin.py:190} INFO - [2026-04-10T09:21:23.929+0900] {dag.py:4138} INFO - Setting next_dagrun for example_python_operator to None, run_after=None
[2026-04-10T09:21:23.944+0900] {processor.py:208} INFO - Processing /home/airflow/.local/lib/python3.12/site-packages/airflow/example_dags/example_python_operator.py took 0.063 seconds
[2026-04-10T09:21:54.708+0900] {processor.py:186} INFO - Started process (PID=148135) to work on /home/airflow/.local/lib/python3.12/site-packages/airflow/example_dags/example_python_operator.py
[2026-04-10T09:21:54.709+0900] {processor.py:914} INFO - Processing file /home/airflow/.local/lib/python3.12/site-packages/airflow/example_dags/example_python_operator.py for tasks to queue
[2026-04-10T09:21:54.711+0900] {logging_mixin.py:190} INFO - [2026-04-10T09:21:54.711+0900] {dagbag.py:587} INFO - Filling up the DagBag from /home/airflow/.local/lib/python3.12/site-packages/airflow/example_dags/example_python_operator.py
[2026-04-10T09:21:54.720+0900] {processor.py:925} INFO - DAG(s) 'example_python_operator' retrieved from /home/airflow/.local/lib/python3.12/site-packages/airflow/example_dags/example_python_operator.py
[2026-04-10T09:21:54.736+0900] {logging_mixin.py:190} INFO - [2026-04-10T09:21:54.736+0900] {dag.py:3211} INFO - Sync 1 DAGs
[2026-04-10T09:21:54.747+0900] {logging_mixin.py:190} INFO - [2026-04-10T09:21:54.747+0900] {dag.py:4138} INFO - Setting next_dagrun for example_python_operator to None, run_after=None
[2026-04-10T09:21:54.761+0900] {processor.py:208} INFO - Processing /home/airflow/.local/lib/python3.12/site-packages/airflow/example_dags/example_python_operator.py took 0.058 seconds
[2026-04-10T09:22:25.434+0900] {processor.py:186} INFO - Started process (PID=148198) to work on /home/airflow/.local/lib/python3.12/site-packages/airflow/example_dags/example_python_operator.py
[2026-04-10T09:22:25.435+0900] {processor.py:914} INFO - Processing file /home/airflow/.local/lib/python3.12/site-packages/airflow/example_dags/example_python_operator.py for tasks to queue
[2026-04-10T09:22:25.439+0900] {logging_mixin.py:190} INFO - [2026-04-10T09:22:25.438+0900] {dagbag.py:587} INFO - Filling up the DagBag from /home/airflow/.local/lib/python3.12/site-packages/airflow/example_dags/example_python_operator.py
[2026-04-10T09:22:25.448+0900] {processor.py:925} INFO - DAG(s) 'example_python_operator' retrieved from /home/airflow/.local/lib/python3.12/site-packages/airflow/example_dags/example_python_operator.py
[2026-04-10T09:22:25.465+0900] {logging_mixin.py:190} INFO - [2026-04-10T09:22:25.465+0900] {dag.py:3211} INFO - Sync 1 DAGs
[2026-04-10T09:22:25.477+0900] {logging_mixin.py:190} INFO - [2026-04-10T09:22:25.477+0900] {dag.py:4138} INFO - Setting next_dagrun for example_python_operator to None, run_after=None
[2026-04-10T09:22:25.491+0900] {processor.py:208} INFO - Processing /home/airflow/.local/lib/python3.12/site-packages/airflow/example_dags/example_python_operator.py took 0.061 seconds
[2026-04-10T09:22:56.332+0900] {processor.py:186} INFO - Started process (PID=148261) to work on /home/airflow/.local/lib/python3.12/site-packages/airflow/example_dags/example_python_operator.py
[2026-04-10T09:22:56.333+0900] {processor.py:914} INFO - Processing file /home/airflow/.local/lib/python3.12/site-packages/airflow/example_dags/example_python_operator.py for tasks to queue
[2026-04-10T09:22:56.335+0900] {logging_mixin.py:190} INFO - [2026-04-10T09:22:56.335+0900] {dagbag.py:587} INFO - Filling up the DagBag from /home/airflow/.local/lib/python3.12/site-packages/airflow/example_dags/example_python_operator.py
[2026-04-10T09:22:56.345+0900] {processor.py:925} INFO - DAG(s) 'example_python_operator' retrieved from /home/airflow/.local/lib/python3.12/site-packages/airflow/example_dags/example_python_operator.py
[2026-04-10T09:22:56.364+0900] {logging_mixin.py:190} INFO - [2026-04-10T09:22:56.363+0900] {dag.py:3211} INFO - Sync 1 DAGs
[2026-04-10T09:22:56.374+0900] {logging_mixin.py:190} INFO - [2026-04-10T09:22:56.374+0900] {dag.py:4138} INFO - Setting next_dagrun for example_python_operator to None, run_after=None
[2026-04-10T09:22:56.394+0900] {processor.py:208} INFO - Processing /home/airflow/.local/lib/python3.12/site-packages/airflow/example_dags/example_python_operator.py took 0.067 seconds
[2026-04-10T09:23:26.953+0900] {processor.py:186} INFO - Started process (PID=148324) to work on /home/airflow/.local/lib/python3.12/site-packages/airflow/example_dags/example_python_operator.py
[2026-04-10T09:23:26.954+0900] {processor.py:914} INFO - Processing file /home/airflow/.local/lib/python3.12/site-packages/airflow/example_dags/example_python_operator.py for tasks to queue
[2026-04-10T09:23:26.957+0900] {logging_mixin.py:190} INFO - [2026-04-10T09:23:26.957+0900] {dagbag.py:587} INFO - Filling up the DagBag from /home/airflow/.local/lib/python3.12/site-packages/airflow/example_dags/example_python_operator.py
[2026-04-10T09:23:26.967+0900] {processor.py:925} INFO - DAG(s) 'example_python_operator' retrieved from /home/airflow/.local/lib/python3.12/site-packages/airflow/example_dags/example_python_operator.py
[2026-04-10T09:23:26.988+0900] {logging_mixin.py:190} INFO - [2026-04-10T09:23:26.987+0900] {dag.py:3211} INFO - Sync 1 DAGs
[2026-04-10T09:23:26.999+0900] {logging_mixin.py:190} INFO - [2026-04-10T09:23:26.998+0900] {dag.py:4138} INFO - Setting next_dagrun for example_python_operator to None, run_after=None
[2026-04-10T09:23:27.014+0900] {processor.py:208} INFO - Processing /home/airflow/.local/lib/python3.12/site-packages/airflow/example_dags/example_python_operator.py took 0.066 seconds
[2026-04-10T09:23:57.651+0900] {processor.py:186} INFO - Started process (PID=148387) to work on /home/airflow/.local/lib/python3.12/site-packages/airflow/example_dags/example_python_operator.py
[2026-04-10T09:23:57.652+0900] {processor.py:914} INFO - Processing file /home/airflow/.local/lib/python3.12/site-packages/airflow/example_dags/example_python_operator.py for tasks to queue
[2026-04-10T09:23:57.654+0900] {logging_mixin.py:190} INFO - [2026-04-10T09:23:57.654+0900] {dagbag.py:587} INFO - Filling up the DagBag from /home/airflow/.local/lib/python3.12/site-packages/airflow/example_dags/example_python_operator.py
[2026-04-10T09:23:57.664+0900] {processor.py:925} INFO - DAG(s) 'example_python_operator' retrieved from /home/airflow/.local/lib/python3.12/site-packages/airflow/example_dags/example_python_operator.py
[2026-04-10T09:23:57.682+0900] {logging_mixin.py:190} INFO - [2026-04-10T09:23:57.682+0900] {dag.py:3211} INFO - Sync 1 DAGs
[2026-04-10T09:23:57.694+0900] {logging_mixin.py:190} INFO - [2026-04-10T09:23:57.694+0900] {dag.py:4138} INFO - Setting next_dagrun for example_python_operator to None, run_after=None
[2026-04-10T09:23:57.713+0900] {processor.py:208} INFO - Processing /home/airflow/.local/lib/python3.12/site-packages/airflow/example_dags/example_python_operator.py took 0.067 seconds
[2026-04-10T09:24:27.809+0900] {processor.py:186} INFO - Started process (PID=148450) to work on /home/airflow/.local/lib/python3.12/site-packages/airflow/example_dags/example_python_operator.py
[2026-04-10T09:24:27.809+0900] {processor.py:914} INFO - Processing file /home/airflow/.local/lib/python3.12/site-packages/airflow/example_dags/example_python_operator.py for tasks to queue
[2026-04-10T09:24:27.811+0900] {logging_mixin.py:190} INFO - [2026-04-10T09:24:27.811+0900] {dagbag.py:587} INFO - Filling up the DagBag from /home/airflow/.local/lib/python3.12/site-packages/airflow/example_dags/example_python_operator.py
[2026-04-10T09:24:27.822+0900] {processor.py:925} INFO - DAG(s) 'example_python_operator' retrieved from /home/airflow/.local/lib/python3.12/site-packages/airflow/example_dags/example_python_operator.py
[2026-04-10T09:24:27.841+0900] {logging_mixin.py:190} INFO - [2026-04-10T09:24:27.840+0900] {dag.py:3211} INFO - Sync 1 DAGs
[2026-04-10T09:24:27.851+0900] {logging_mixin.py:190} INFO - [2026-04-10T09:24:27.851+0900] {dag.py:4138} INFO - Setting next_dagrun for example_python_operator to None, run_after=None
[2026-04-10T09:24:27.865+0900] {processor.py:208} INFO - Processing /home/airflow/.local/lib/python3.12/site-packages/airflow/example_dags/example_python_operator.py took 0.061 seconds
[2026-04-10T09:24:58.106+0900] {processor.py:186} INFO - Started process (PID=148513) to work on /home/airflow/.local/lib/python3.12/site-packages/airflow/example_dags/example_python_operator.py
[2026-04-10T09:24:58.107+0900] {processor.py:914} INFO - Processing file /home/airflow/.local/lib/python3.12/site-packages/airflow/example_dags/example_python_operator.py for tasks to queue
[2026-04-10T09:24:58.109+0900] {logging_mixin.py:190} INFO - [2026-04-10T09:24:58.109+0900] {dagbag.py:587} INFO - Filling up the DagBag from /home/airflow/.local/lib/python3.12/site-packages/airflow/example_dags/example_python_operator.py
[2026-04-10T09:24:58.119+0900] {processor.py:925} INFO - DAG(s) 'example_python_operator' retrieved from /home/airflow/.local/lib/python3.12/site-packages/airflow/example_dags/example_python_operator.py
[2026-04-10T09:24:58.137+0900] {logging_mixin.py:190} INFO - [2026-04-10T09:24:58.137+0900] {dag.py:3211} INFO - Sync 1 DAGs
[2026-04-10T09:24:58.149+0900] {logging_mixin.py:190} INFO - [2026-04-10T09:24:58.148+0900] {dag.py:4138} INFO - Setting next_dagrun for example_python_operator to None, run_after=None
[2026-04-10T09:24:58.164+0900] {processor.py:208} INFO - Processing /home/airflow/.local/lib/python3.12/site-packages/airflow/example_dags/example_python_operator.py took 0.062 seconds
[2026-04-10T09:25:28.226+0900] {processor.py:186} INFO - Started process (PID=148576) to work on /home/airflow/.local/lib/python3.12/site-packages/airflow/example_dags/example_python_operator.py
[2026-04-10T09:25:28.227+0900] {processor.py:914} INFO - Processing file /home/airflow/.local/lib/python3.12/site-packages/airflow/example_dags/example_python_operator.py for tasks to queue
[2026-04-10T09:25:28.229+0900] {logging_mixin.py:190} INFO - [2026-04-10T09:25:28.229+0900] {dagbag.py:587} INFO - Filling up the DagBag from /home/airflow/.local/lib/python3.12/site-packages/airflow/example_dags/example_python_operator.py
[2026-04-10T09:25:28.237+0900] {processor.py:925} INFO - DAG(s) 'example_python_operator' retrieved from /home/airflow/.local/lib/python3.12/site-packages/airflow/example_dags/example_python_operator.py
[2026-04-10T09:25:28.253+0900] {logging_mixin.py:190} INFO - [2026-04-10T09:25:28.252+0900] {dag.py:3211} INFO - Sync 1 DAGs
[2026-04-10T09:25:28.262+0900] {logging_mixin.py:190} INFO - [2026-04-10T09:25:28.262+0900] {dag.py:4138} INFO - Setting next_dagrun for example_python_operator to None, run_after=None
[2026-04-10T09:25:28.276+0900] {processor.py:208} INFO - Processing /home/airflow/.local/lib/python3.12/site-packages/airflow/example_dags/example_python_operator.py took 0.055 seconds
[2026-04-10T09:25:58.578+0900] {processor.py:186} INFO - Started process (PID=148639) to work on /home/airflow/.local/lib/python3.12/site-packages/airflow/example_dags/example_python_operator.py
[2026-04-10T09:25:58.579+0900] {processor.py:914} INFO - Processing file /home/airflow/.local/lib/python3.12/site-packages/airflow/example_dags/example_python_operator.py for tasks to queue
[2026-04-10T09:25:58.581+0900] {logging_mixin.py:190} INFO - [2026-04-10T09:25:58.581+0900] {dagbag.py:587} INFO - Filling up the DagBag from /home/airflow/.local/lib/python3.12/site-packages/airflow/example_dags/example_python_operator.py
[2026-04-10T09:25:58.591+0900] {processor.py:925} INFO - DAG(s) 'example_python_operator' retrieved from /home/airflow/.local/lib/python3.12/site-packages/airflow/example_dags/example_python_operator.py
[2026-04-10T09:25:58.607+0900] {logging_mixin.py:190} INFO - [2026-04-10T09:25:58.607+0900] {dag.py:3211} INFO - Sync 1 DAGs
[2026-04-10T09:25:58.617+0900] {logging_mixin.py:190} INFO - [2026-04-10T09:25:58.617+0900] {dag.py:4138} INFO - Setting next_dagrun for example_python_operator to None, run_after=None
[2026-04-10T09:25:58.636+0900] {processor.py:208} INFO - Processing /home/airflow/.local/lib/python3.12/site-packages/airflow/example_dags/example_python_operator.py took 0.064 seconds
[2026-04-10T09:26:29.530+0900] {processor.py:186} INFO - Started process (PID=148702) to work on /home/airflow/.local/lib/python3.12/site-packages/airflow/example_dags/example_python_operator.py
[2026-04-10T09:26:29.532+0900] {processor.py:914} INFO - Processing file /home/airflow/.local/lib/python3.12/site-packages/airflow/example_dags/example_python_operator.py for tasks to queue
[2026-04-10T09:26:29.534+0900] {logging_mixin.py:190} INFO - [2026-04-10T09:26:29.533+0900] {dagbag.py:587} INFO - Filling up the DagBag from /home/airflow/.local/lib/python3.12/site-packages/airflow/example_dags/example_python_operator.py
[2026-04-10T09:26:29.543+0900] {processor.py:925} INFO - DAG(s) 'example_python_operator' retrieved from /home/airflow/.local/lib/python3.12/site-packages/airflow/example_dags/example_python_operator.py
[2026-04-10T09:26:29.559+0900] {logging_mixin.py:190} INFO - [2026-04-10T09:26:29.559+0900] {dag.py:3211} INFO - Sync 1 DAGs
[2026-04-10T09:26:29.569+0900] {logging_mixin.py:190} INFO - [2026-04-10T09:26:29.569+0900] {dag.py:4138} INFO - Setting next_dagrun for example_python_operator to None, run_after=None
[2026-04-10T09:26:29.588+0900] {processor.py:208} INFO - Processing /home/airflow/.local/lib/python3.12/site-packages/airflow/example_dags/example_python_operator.py took 0.063 seconds
[2026-04-10T09:27:00.188+0900] {processor.py:186} INFO - Started process (PID=148765) to work on /home/airflow/.local/lib/python3.12/site-packages/airflow/example_dags/example_python_operator.py
[2026-04-10T09:27:00.189+0900] {processor.py:914} INFO - Processing file /home/airflow/.local/lib/python3.12/site-packages/airflow/example_dags/example_python_operator.py for tasks to queue
[2026-04-10T09:27:00.191+0900] {logging_mixin.py:190} INFO - [2026-04-10T09:27:00.191+0900] {dagbag.py:587} INFO - Filling up the DagBag from /home/airflow/.local/lib/python3.12/site-packages/airflow/example_dags/example_python_operator.py
[2026-04-10T09:27:00.202+0900] {processor.py:925} INFO - DAG(s) 'example_python_operator' retrieved from /home/airflow/.local/lib/python3.12/site-packages/airflow/example_dags/example_python_operator.py
[2026-04-10T09:27:00.219+0900] {logging_mixin.py:190} INFO - [2026-04-10T09:27:00.219+0900] {dag.py:3211} INFO - Sync 1 DAGs
[2026-04-10T09:27:00.228+0900] {logging_mixin.py:190} INFO - [2026-04-10T09:27:00.228+0900] {dag.py:4138} INFO - Setting next_dagrun for example_python_operator to None, run_after=None
[2026-04-10T09:27:00.244+0900] {processor.py:208} INFO - Processing /home/airflow/.local/lib/python3.12/site-packages/airflow/example_dags/example_python_operator.py took 0.060 seconds
[2026-04-10T09:27:30.947+0900] {processor.py:186} INFO - Started process (PID=148828) to work on /home/airflow/.local/lib/python3.12/site-packages/airflow/example_dags/example_python_operator.py
[2026-04-10T09:27:30.948+0900] {processor.py:914} INFO - Processing file /home/airflow/.local/lib/python3.12/site-packages/airflow/example_dags/example_python_operator.py for tasks to queue
[2026-04-10T09:27:30.950+0900] {logging_mixin.py:190} INFO - [2026-04-10T09:27:30.950+0900] {dagbag.py:587} INFO - Filling up the DagBag from /home/airflow/.local/lib/python3.12/site-packages/airflow/example_dags/example_python_operator.py
[2026-04-10T09:27:30.962+0900] {processor.py:925} INFO - DAG(s) 'example_python_operator' retrieved from /home/airflow/.local/lib/python3.12/site-packages/airflow/example_dags/example_python_operator.py
[2026-04-10T09:27:30.977+0900] {logging_mixin.py:190} INFO - [2026-04-10T09:27:30.977+0900] {dag.py:3211} INFO - Sync 1 DAGs
[2026-04-10T09:27:30.988+0900] {logging_mixin.py:190} INFO - [2026-04-10T09:27:30.988+0900] {dag.py:4138} INFO - Setting next_dagrun for example_python_operator to None, run_after=None
[2026-04-10T09:27:31.001+0900] {processor.py:208} INFO - Processing /home/airflow/.local/lib/python3.12/site-packages/airflow/example_dags/example_python_operator.py took 0.060 seconds
[2026-04-10T09:28:01.579+0900] {processor.py:186} INFO - Started process (PID=148891) to work on /home/airflow/.local/lib/python3.12/site-packages/airflow/example_dags/example_python_operator.py
[2026-04-10T09:28:01.580+0900] {processor.py:914} INFO - Processing file /home/airflow/.local/lib/python3.12/site-packages/airflow/example_dags/example_python_operator.py for tasks to queue
[2026-04-10T09:28:01.582+0900] {logging_mixin.py:190} INFO - [2026-04-10T09:28:01.581+0900] {dagbag.py:587} INFO - Filling up the DagBag from /home/airflow/.local/lib/python3.12/site-packages/airflow/example_dags/example_python_operator.py
[2026-04-10T09:28:01.590+0900] {processor.py:925} INFO - DAG(s) 'example_python_operator' retrieved from /home/airflow/.local/lib/python3.12/site-packages/airflow/example_dags/example_python_operator.py
[2026-04-10T09:28:01.606+0900] {logging_mixin.py:190} INFO - [2026-04-10T09:28:01.606+0900] {dag.py:3211} INFO - Sync 1 DAGs
[2026-04-10T09:28:01.616+0900] {logging_mixin.py:190} INFO - [2026-04-10T09:28:01.616+0900] {dag.py:4138} INFO - Setting next_dagrun for example_python_operator to None, run_after=None
[2026-04-10T09:28:01.634+0900] {processor.py:208} INFO - Processing /home/airflow/.local/lib/python3.12/site-packages/airflow/example_dags/example_python_operator.py took 0.059 seconds
[2026-04-10T09:28:32.127+0900] {processor.py:186} INFO - Started process (PID=148954) to work on /home/airflow/.local/lib/python3.12/site-packages/airflow/example_dags/example_python_operator.py
[2026-04-10T09:28:32.128+0900] {processor.py:914} INFO - Processing file /home/airflow/.local/lib/python3.12/site-packages/airflow/example_dags/example_python_operator.py for tasks to queue
[2026-04-10T09:28:32.130+0900] {logging_mixin.py:190} INFO - [2026-04-10T09:28:32.130+0900] {dagbag.py:587} INFO - Filling up the DagBag from /home/airflow/.local/lib/python3.12/site-packages/airflow/example_dags/example_python_operator.py
[2026-04-10T09:28:32.140+0900] {processor.py:925} INFO - DAG(s) 'example_python_operator' retrieved from /home/airflow/.local/lib/python3.12/site-packages/airflow/example_dags/example_python_operator.py
[2026-04-10T09:28:32.157+0900] {logging_mixin.py:190} INFO - [2026-04-10T09:28:32.157+0900] {dag.py:3211} INFO - Sync 1 DAGs
[2026-04-10T09:28:32.167+0900] {logging_mixin.py:190} INFO - [2026-04-10T09:28:32.167+0900] {dag.py:4138} INFO - Setting next_dagrun for example_python_operator to None, run_after=None
[2026-04-10T09:28:32.182+0900] {processor.py:208} INFO - Processing /home/airflow/.local/lib/python3.12/site-packages/airflow/example_dags/example_python_operator.py took 0.060 seconds
[2026-04-10T09:29:02.796+0900] {processor.py:186} INFO - Started process (PID=149018) to work on /home/airflow/.local/lib/python3.12/site-packages/airflow/example_dags/example_python_operator.py
[2026-04-10T09:29:02.798+0900] {processor.py:914} INFO - Processing file /home/airflow/.local/lib/python3.12/site-packages/airflow/example_dags/example_python_operator.py for tasks to queue
[2026-04-10T09:29:02.801+0900] {logging_mixin.py:190} INFO - [2026-04-10T09:29:02.801+0900] {dagbag.py:587} INFO - Filling up the DagBag from /home/airflow/.local/lib/python3.12/site-packages/airflow/example_dags/example_python_operator.py
[2026-04-10T09:29:02.817+0900] {processor.py:925} INFO - DAG(s) 'example_python_operator' retrieved from /home/airflow/.local/lib/python3.12/site-packages/airflow/example_dags/example_python_operator.py
[2026-04-10T09:29:02.842+0900] {logging_mixin.py:190} INFO - [2026-04-10T09:29:02.842+0900] {dag.py:3211} INFO - Sync 1 DAGs
[2026-04-10T09:29:02.857+0900] {logging_mixin.py:190} INFO - [2026-04-10T09:29:02.857+0900] {dag.py:4138} INFO - Setting next_dagrun for example_python_operator to None, run_after=None
[2026-04-10T09:29:02.878+0900] {processor.py:208} INFO - Processing /home/airflow/.local/lib/python3.12/site-packages/airflow/example_dags/example_python_operator.py took 0.087 seconds
[2026-04-10T09:29:33.569+0900] {processor.py:186} INFO - Started process (PID=149081) to work on /home/airflow/.local/lib/python3.12/site-packages/airflow/example_dags/example_python_operator.py
[2026-04-10T09:29:33.571+0900] {processor.py:914} INFO - Processing file /home/airflow/.local/lib/python3.12/site-packages/airflow/example_dags/example_python_operator.py for tasks to queue
[2026-04-10T09:29:33.573+0900] {logging_mixin.py:190} INFO - [2026-04-10T09:29:33.573+0900] {dagbag.py:587} INFO - Filling up the DagBag from /home/airflow/.local/lib/python3.12/site-packages/airflow/example_dags/example_python_operator.py
[2026-04-10T09:29:33.583+0900] {processor.py:925} INFO - DAG(s) 'example_python_operator' retrieved from /home/airflow/.local/lib/python3.12/site-packages/airflow/example_dags/example_python_operator.py
[2026-04-10T09:29:33.600+0900] {logging_mixin.py:190} INFO - [2026-04-10T09:29:33.600+0900] {dag.py:3211} INFO - Sync 1 DAGs
[2026-04-10T09:29:33.610+0900] {logging_mixin.py:190} INFO - [2026-04-10T09:29:33.609+0900] {dag.py:4138} INFO - Setting next_dagrun for example_python_operator to None, run_after=None
[2026-04-10T09:29:33.624+0900] {processor.py:208} INFO - Processing /home/airflow/.local/lib/python3.12/site-packages/airflow/example_dags/example_python_operator.py took 0.060 seconds
[2026-04-10T09:30:04.330+0900] {processor.py:186} INFO - Started process (PID=149144) to work on /home/airflow/.local/lib/python3.12/site-packages/airflow/example_dags/example_python_operator.py
[2026-04-10T09:30:04.331+0900] {processor.py:914} INFO - Processing file /home/airflow/.local/lib/python3.12/site-packages/airflow/example_dags/example_python_operator.py for tasks to queue
[2026-04-10T09:30:04.333+0900] {logging_mixin.py:190} INFO - [2026-04-10T09:30:04.332+0900] {dagbag.py:587} INFO - Filling up the DagBag from /home/airflow/.local/lib/python3.12/site-packages/airflow/example_dags/example_python_operator.py
[2026-04-10T09:30:04.343+0900] {processor.py:925} INFO - DAG(s) 'example_python_operator' retrieved from /home/airflow/.local/lib/python3.12/site-packages/airflow/example_dags/example_python_operator.py
[2026-04-10T09:30:04.359+0900] {logging_mixin.py:190} INFO - [2026-04-10T09:30:04.359+0900] {dag.py:3211} INFO - Sync 1 DAGs
[2026-04-10T09:30:04.373+0900] {logging_mixin.py:190} INFO - [2026-04-10T09:30:04.372+0900] {dag.py:4138} INFO - Setting next_dagrun for example_python_operator to None, run_after=None
[2026-04-10T09:30:04.387+0900] {processor.py:208} INFO - Processing /home/airflow/.local/lib/python3.12/site-packages/airflow/example_dags/example_python_operator.py took 0.062 seconds
[2026-04-10T09:30:35.192+0900] {processor.py:186} INFO - Started process (PID=149212) to work on /home/airflow/.local/lib/python3.12/site-packages/airflow/example_dags/example_python_operator.py
[2026-04-10T09:30:35.194+0900] {processor.py:914} INFO - Processing file /home/airflow/.local/lib/python3.12/site-packages/airflow/example_dags/example_python_operator.py for tasks to queue
[2026-04-10T09:30:35.196+0900] {logging_mixin.py:190} INFO - [2026-04-10T09:30:35.195+0900] {dagbag.py:587} INFO - Filling up the DagBag from /home/airflow/.local/lib/python3.12/site-packages/airflow/example_dags/example_python_operator.py
[2026-04-10T09:30:35.206+0900] {processor.py:925} INFO - DAG(s) 'example_python_operator' retrieved from /home/airflow/.local/lib/python3.12/site-packages/airflow/example_dags/example_python_operator.py
[2026-04-10T09:30:35.223+0900] {logging_mixin.py:190} INFO - [2026-04-10T09:30:35.223+0900] {dag.py:3211} INFO - Sync 1 DAGs
[2026-04-10T09:30:35.233+0900] {logging_mixin.py:190} INFO - [2026-04-10T09:30:35.233+0900] {dag.py:4138} INFO - Setting next_dagrun for example_python_operator to None, run_after=None
[2026-04-10T09:30:35.248+0900] {processor.py:208} INFO - Processing /home/airflow/.local/lib/python3.12/site-packages/airflow/example_dags/example_python_operator.py took 0.061 seconds
[2026-04-10T09:31:06.009+0900] {processor.py:186} INFO - Started process (PID=149275) to work on /home/airflow/.local/lib/python3.12/site-packages/airflow/example_dags/example_python_operator.py
[2026-04-10T09:31:06.010+0900] {processor.py:914} INFO - Processing file /home/airflow/.local/lib/python3.12/site-packages/airflow/example_dags/example_python_operator.py for tasks to queue
[2026-04-10T09:31:06.012+0900] {logging_mixin.py:190} INFO - [2026-04-10T09:31:06.012+0900] {dagbag.py:587} INFO - Filling up the DagBag from /home/airflow/.local/lib/python3.12/site-packages/airflow/example_dags/example_python_operator.py
[2026-04-10T09:31:06.021+0900] {processor.py:925} INFO - DAG(s) 'example_python_operator' retrieved from /home/airflow/.local/lib/python3.12/site-packages/airflow/example_dags/example_python_operator.py
[2026-04-10T09:31:06.038+0900] {logging_mixin.py:190} INFO - [2026-04-10T09:31:06.038+0900] {dag.py:3211} INFO - Sync 1 DAGs
[2026-04-10T09:31:06.048+0900] {logging_mixin.py:190} INFO - [2026-04-10T09:31:06.047+0900] {dag.py:4138} INFO - Setting next_dagrun for example_python_operator to None, run_after=None
[2026-04-10T09:31:06.062+0900] {processor.py:208} INFO - Processing /home/airflow/.local/lib/python3.12/site-packages/airflow/example_dags/example_python_operator.py took 0.057 seconds
[2026-04-10T09:31:36.747+0900] {processor.py:186} INFO - Started process (PID=149338) to work on /home/airflow/.local/lib/python3.12/site-packages/airflow/example_dags/example_python_operator.py
[2026-04-10T09:31:36.749+0900] {processor.py:914} INFO - Processing file /home/airflow/.local/lib/python3.12/site-packages/airflow/example_dags/example_python_operator.py for tasks to queue
[2026-04-10T09:31:36.751+0900] {logging_mixin.py:190} INFO - [2026-04-10T09:31:36.751+0900] {dagbag.py:587} INFO - Filling up the DagBag from /home/airflow/.local/lib/python3.12/site-packages/airflow/example_dags/example_python_operator.py
[2026-04-10T09:31:36.760+0900] {processor.py:925} INFO - DAG(s) 'example_python_operator' retrieved from /home/airflow/.local/lib/python3.12/site-packages/airflow/example_dags/example_python_operator.py
[2026-04-10T09:31:36.776+0900] {logging_mixin.py:190} INFO - [2026-04-10T09:31:36.776+0900] {dag.py:3211} INFO - Sync 1 DAGs
[2026-04-10T09:31:36.787+0900] {logging_mixin.py:190} INFO - [2026-04-10T09:31:36.787+0900] {dag.py:4138} INFO - Setting next_dagrun for example_python_operator to None, run_after=None
[2026-04-10T09:31:36.800+0900] {processor.py:208} INFO - Processing /home/airflow/.local/lib/python3.12/site-packages/airflow/example_dags/example_python_operator.py took 0.057 seconds
[2026-04-10T09:32:07.432+0900] {processor.py:186} INFO - Started process (PID=149401) to work on /home/airflow/.local/lib/python3.12/site-packages/airflow/example_dags/example_python_operator.py
[2026-04-10T09:32:07.433+0900] {processor.py:914} INFO - Processing file /home/airflow/.local/lib/python3.12/site-packages/airflow/example_dags/example_python_operator.py for tasks to queue
[2026-04-10T09:32:07.435+0900] {logging_mixin.py:190} INFO - [2026-04-10T09:32:07.435+0900] {dagbag.py:587} INFO - Filling up the DagBag from /home/airflow/.local/lib/python3.12/site-packages/airflow/example_dags/example_python_operator.py
[2026-04-10T09:32:07.444+0900] {processor.py:925} INFO - DAG(s) 'example_python_operator' retrieved from /home/airflow/.local/lib/python3.12/site-packages/airflow/example_dags/example_python_operator.py
[2026-04-10T09:32:07.460+0900] {logging_mixin.py:190} INFO - [2026-04-10T09:32:07.460+0900] {dag.py:3211} INFO - Sync 1 DAGs
[2026-04-10T09:32:07.474+0900] {logging_mixin.py:190} INFO - [2026-04-10T09:32:07.474+0900] {dag.py:4138} INFO - Setting next_dagrun for example_python_operator to None, run_after=None
[2026-04-10T09:32:07.489+0900] {processor.py:208} INFO - Processing /home/airflow/.local/lib/python3.12/site-packages/airflow/example_dags/example_python_operator.py took 0.061 seconds
[2026-04-10T09:32:38.234+0900] {processor.py:186} INFO - Started process (PID=149464) to work on /home/airflow/.local/lib/python3.12/site-packages/airflow/example_dags/example_python_operator.py
[2026-04-10T09:32:38.235+0900] {processor.py:914} INFO - Processing file /home/airflow/.local/lib/python3.12/site-packages/airflow/example_dags/example_python_operator.py for tasks to queue
[2026-04-10T09:32:38.237+0900] {logging_mixin.py:190} INFO - [2026-04-10T09:32:38.236+0900] {dagbag.py:587} INFO - Filling up the DagBag from /home/airflow/.local/lib/python3.12/site-packages/airflow/example_dags/example_python_operator.py
[2026-04-10T09:32:38.246+0900] {processor.py:925} INFO - DAG(s) 'example_python_operator' retrieved from /home/airflow/.local/lib/python3.12/site-packages/airflow/example_dags/example_python_operator.py
[2026-04-10T09:32:38.261+0900] {logging_mixin.py:190} INFO - [2026-04-10T09:32:38.261+0900] {dag.py:3211} INFO - Sync 1 DAGs
[2026-04-10T09:32:38.270+0900] {logging_mixin.py:190} INFO - [2026-04-10T09:32:38.270+0900] {dag.py:4138} INFO - Setting next_dagrun for example_python_operator to None, run_after=None
[2026-04-10T09:32:38.286+0900] {processor.py:208} INFO - Processing /home/airflow/.local/lib/python3.12/site-packages/airflow/example_dags/example_python_operator.py took 0.056 seconds
[2026-04-10T09:33:08.752+0900] {processor.py:186} INFO - Started process (PID=149527) to work on /home/airflow/.local/lib/python3.12/site-packages/airflow/example_dags/example_python_operator.py
[2026-04-10T09:33:08.753+0900] {processor.py:914} INFO - Processing file /home/airflow/.local/lib/python3.12/site-packages/airflow/example_dags/example_python_operator.py for tasks to queue
[2026-04-10T09:33:08.757+0900] {logging_mixin.py:190} INFO - [2026-04-10T09:33:08.757+0900] {dagbag.py:587} INFO - Filling up the DagBag from /home/airflow/.local/lib/python3.12/site-packages/airflow/example_dags/example_python_operator.py
[2026-04-10T09:33:08.771+0900] {processor.py:925} INFO - DAG(s) 'example_python_operator' retrieved from /home/airflow/.local/lib/python3.12/site-packages/airflow/example_dags/example_python_operator.py
[2026-04-10T09:33:08.793+0900] {logging_mixin.py:190} INFO - [2026-04-10T09:33:08.793+0900] {dag.py:3211} INFO - Sync 1 DAGs
[2026-04-10T09:33:08.811+0900] {logging_mixin.py:190} INFO - [2026-04-10T09:33:08.810+0900] {dag.py:4138} INFO - Setting next_dagrun for example_python_operator to None, run_after=None
[2026-04-10T09:33:08.832+0900] {processor.py:208} INFO - Processing /home/airflow/.local/lib/python3.12/site-packages/airflow/example_dags/example_python_operator.py took 0.086 seconds
[2026-04-10T09:33:39.515+0900] {processor.py:186} INFO - Started process (PID=149590) to work on /home/airflow/.local/lib/python3.12/site-packages/airflow/example_dags/example_python_operator.py
[2026-04-10T09:33:39.516+0900] {processor.py:914} INFO - Processing file /home/airflow/.local/lib/python3.12/site-packages/airflow/example_dags/example_python_operator.py for tasks to queue
[2026-04-10T09:33:39.518+0900] {logging_mixin.py:190} INFO - [2026-04-10T09:33:39.518+0900] {dagbag.py:587} INFO - Filling up the DagBag from /home/airflow/.local/lib/python3.12/site-packages/airflow/example_dags/example_python_operator.py
[2026-04-10T09:33:39.527+0900] {processor.py:925} INFO - DAG(s) 'example_python_operator' retrieved from /home/airflow/.local/lib/python3.12/site-packages/airflow/example_dags/example_python_operator.py
[2026-04-10T09:33:39.544+0900] {logging_mixin.py:190} INFO - [2026-04-10T09:33:39.544+0900] {dag.py:3211} INFO - Sync 1 DAGs
[2026-04-10T09:33:39.557+0900] {logging_mixin.py:190} INFO - [2026-04-10T09:33:39.556+0900] {dag.py:4138} INFO - Setting next_dagrun for example_python_operator to None, run_after=None
[2026-04-10T09:33:39.571+0900] {processor.py:208} INFO - Processing /home/airflow/.local/lib/python3.12/site-packages/airflow/example_dags/example_python_operator.py took 0.062 seconds
[2026-04-10T09:34:10.300+0900] {processor.py:186} INFO - Started process (PID=149653) to work on /home/airflow/.local/lib/python3.12/site-packages/airflow/example_dags/example_python_operator.py
[2026-04-10T09:34:10.300+0900] {processor.py:914} INFO - Processing file /home/airflow/.local/lib/python3.12/site-packages/airflow/example_dags/example_python_operator.py for tasks to queue
[2026-04-10T09:34:10.302+0900] {logging_mixin.py:190} INFO - [2026-04-10T09:34:10.302+0900] {dagbag.py:587} INFO - Filling up the DagBag from /home/airflow/.local/lib/python3.12/site-packages/airflow/example_dags/example_python_operator.py
[2026-04-10T09:34:10.311+0900] {processor.py:925} INFO - DAG(s) 'example_python_operator' retrieved from /home/airflow/.local/lib/python3.12/site-packages/airflow/example_dags/example_python_operator.py
[2026-04-10T09:34:10.327+0900] {logging_mixin.py:190} INFO - [2026-04-10T09:34:10.327+0900] {dag.py:3211} INFO - Sync 1 DAGs
[2026-04-10T09:34:10.337+0900] {logging_mixin.py:190} INFO - [2026-04-10T09:34:10.337+0900] {dag.py:4138} INFO - Setting next_dagrun for example_python_operator to None, run_after=None
[2026-04-10T09:34:10.349+0900] {processor.py:208} INFO - Processing /home/airflow/.local/lib/python3.12/site-packages/airflow/example_dags/example_python_operator.py took 0.054 seconds
[2026-04-10T09:34:41.073+0900] {processor.py:186} INFO - Started process (PID=149716) to work on /home/airflow/.local/lib/python3.12/site-packages/airflow/example_dags/example_python_operator.py
[2026-04-10T09:34:41.074+0900] {processor.py:914} INFO - Processing file /home/airflow/.local/lib/python3.12/site-packages/airflow/example_dags/example_python_operator.py for tasks to queue
[2026-04-10T09:34:41.075+0900] {logging_mixin.py:190} INFO - [2026-04-10T09:34:41.075+0900] {dagbag.py:587} INFO - Filling up the DagBag from /home/airflow/.local/lib/python3.12/site-packages/airflow/example_dags/example_python_operator.py
[2026-04-10T09:34:41.085+0900] {processor.py:925} INFO - DAG(s) 'example_python_operator' retrieved from /home/airflow/.local/lib/python3.12/site-packages/airflow/example_dags/example_python_operator.py
[2026-04-10T09:34:41.103+0900] {logging_mixin.py:190} INFO - [2026-04-10T09:34:41.102+0900] {dag.py:3211} INFO - Sync 1 DAGs
[2026-04-10T09:34:41.113+0900] {logging_mixin.py:190} INFO - [2026-04-10T09:34:41.113+0900] {dag.py:4138} INFO - Setting next_dagrun for example_python_operator to None, run_after=None
[2026-04-10T09:34:41.128+0900] {processor.py:208} INFO - Processing /home/airflow/.local/lib/python3.12/site-packages/airflow/example_dags/example_python_operator.py took 0.060 seconds
[2026-04-10T09:35:11.908+0900] {processor.py:186} INFO - Started process (PID=149779) to work on /home/airflow/.local/lib/python3.12/site-packages/airflow/example_dags/example_python_operator.py
[2026-04-10T09:35:11.908+0900] {processor.py:914} INFO - Processing file /home/airflow/.local/lib/python3.12/site-packages/airflow/example_dags/example_python_operator.py for tasks to queue
[2026-04-10T09:35:11.910+0900] {logging_mixin.py:190} INFO - [2026-04-10T09:35:11.910+0900] {dagbag.py:587} INFO - Filling up the DagBag from /home/airflow/.local/lib/python3.12/site-packages/airflow/example_dags/example_python_operator.py
[2026-04-10T09:35:11.920+0900] {processor.py:925} INFO - DAG(s) 'example_python_operator' retrieved from /home/airflow/.local/lib/python3.12/site-packages/airflow/example_dags/example_python_operator.py
[2026-04-10T09:35:11.935+0900] {logging_mixin.py:190} INFO - [2026-04-10T09:35:11.935+0900] {dag.py:3211} INFO - Sync 1 DAGs
[2026-04-10T09:35:11.945+0900] {logging_mixin.py:190} INFO - [2026-04-10T09:35:11.944+0900] {dag.py:4138} INFO - Setting next_dagrun for example_python_operator to None, run_after=None
[2026-04-10T09:35:11.958+0900] {processor.py:208} INFO - Processing /home/airflow/.local/lib/python3.12/site-packages/airflow/example_dags/example_python_operator.py took 0.055 seconds
[2026-04-10T09:35:42.454+0900] {processor.py:186} INFO - Started process (PID=149842) to work on /home/airflow/.local/lib/python3.12/site-packages/airflow/example_dags/example_python_operator.py
[2026-04-10T09:35:42.456+0900] {processor.py:914} INFO - Processing file /home/airflow/.local/lib/python3.12/site-packages/airflow/example_dags/example_python_operator.py for tasks to queue
[2026-04-10T09:35:42.458+0900] {logging_mixin.py:190} INFO - [2026-04-10T09:35:42.458+0900] {dagbag.py:587} INFO - Filling up the DagBag from /home/airflow/.local/lib/python3.12/site-packages/airflow/example_dags/example_python_operator.py
[2026-04-10T09:35:42.468+0900] {processor.py:925} INFO - DAG(s) 'example_python_operator' retrieved from /home/airflow/.local/lib/python3.12/site-packages/airflow/example_dags/example_python_operator.py
[2026-04-10T09:35:42.484+0900] {logging_mixin.py:190} INFO - [2026-04-10T09:35:42.484+0900] {dag.py:3211} INFO - Sync 1 DAGs
[2026-04-10T09:35:42.494+0900] {logging_mixin.py:190} INFO - [2026-04-10T09:35:42.493+0900] {dag.py:4138} INFO - Setting next_dagrun for example_python_operator to None, run_after=None
[2026-04-10T09:35:42.508+0900] {processor.py:208} INFO - Processing /home/airflow/.local/lib/python3.12/site-packages/airflow/example_dags/example_python_operator.py took 0.059 seconds
[2026-04-10T09:36:13.167+0900] {processor.py:186} INFO - Started process (PID=149905) to work on /home/airflow/.local/lib/python3.12/site-packages/airflow/example_dags/example_python_operator.py
[2026-04-10T09:36:13.168+0900] {processor.py:914} INFO - Processing file /home/airflow/.local/lib/python3.12/site-packages/airflow/example_dags/example_python_operator.py for tasks to queue
[2026-04-10T09:36:13.170+0900] {logging_mixin.py:190} INFO - [2026-04-10T09:36:13.170+0900] {dagbag.py:587} INFO - Filling up the DagBag from /home/airflow/.local/lib/python3.12/site-packages/airflow/example_dags/example_python_operator.py
[2026-04-10T09:36:13.179+0900] {processor.py:925} INFO - DAG(s) 'example_python_operator' retrieved from /home/airflow/.local/lib/python3.12/site-packages/airflow/example_dags/example_python_operator.py
[2026-04-10T09:36:13.195+0900] {logging_mixin.py:190} INFO - [2026-04-10T09:36:13.194+0900] {dag.py:3211} INFO - Sync 1 DAGs
[2026-04-10T09:36:13.204+0900] {logging_mixin.py:190} INFO - [2026-04-10T09:36:13.204+0900] {dag.py:4138} INFO - Setting next_dagrun for example_python_operator to None, run_after=None
[2026-04-10T09:36:13.218+0900] {processor.py:208} INFO - Processing /home/airflow/.local/lib/python3.12/site-packages/airflow/example_dags/example_python_operator.py took 0.056 seconds
[2026-04-10T09:36:43.819+0900] {processor.py:186} INFO - Started process (PID=149968) to work on /home/airflow/.local/lib/python3.12/site-packages/airflow/example_dags/example_python_operator.py
[2026-04-10T09:36:43.820+0900] {processor.py:914} INFO - Processing file /home/airflow/.local/lib/python3.12/site-packages/airflow/example_dags/example_python_operator.py for tasks to queue
[2026-04-10T09:36:43.821+0900] {logging_mixin.py:190} INFO - [2026-04-10T09:36:43.821+0900] {dagbag.py:587} INFO - Filling up the DagBag from /home/airflow/.local/lib/python3.12/site-packages/airflow/example_dags/example_python_operator.py
[2026-04-10T09:36:43.831+0900] {processor.py:925} INFO - DAG(s) 'example_python_operator' retrieved from /home/airflow/.local/lib/python3.12/site-packages/airflow/example_dags/example_python_operator.py
[2026-04-10T09:36:43.847+0900] {logging_mixin.py:190} INFO - [2026-04-10T09:36:43.847+0900] {dag.py:3211} INFO - Sync 1 DAGs
[2026-04-10T09:36:43.858+0900] {logging_mixin.py:190} INFO - [2026-04-10T09:36:43.857+0900] {dag.py:4138} INFO - Setting next_dagrun for example_python_operator to None, run_after=None
[2026-04-10T09:36:43.874+0900] {processor.py:208} INFO - Processing /home/airflow/.local/lib/python3.12/site-packages/airflow/example_dags/example_python_operator.py took 0.060 seconds
[2026-04-10T09:37:14.508+0900] {processor.py:186} INFO - Started process (PID=150031) to work on /home/airflow/.local/lib/python3.12/site-packages/airflow/example_dags/example_python_operator.py
[2026-04-10T09:37:14.509+0900] {processor.py:914} INFO - Processing file /home/airflow/.local/lib/python3.12/site-packages/airflow/example_dags/example_python_operator.py for tasks to queue
[2026-04-10T09:37:14.510+0900] {logging_mixin.py:190} INFO - [2026-04-10T09:37:14.510+0900] {dagbag.py:587} INFO - Filling up the DagBag from /home/airflow/.local/lib/python3.12/site-packages/airflow/example_dags/example_python_operator.py
[2026-04-10T09:37:14.520+0900] {processor.py:925} INFO - DAG(s) 'example_python_operator' retrieved from /home/airflow/.local/lib/python3.12/site-packages/airflow/example_dags/example_python_operator.py
[2026-04-10T09:37:14.538+0900] {logging_mixin.py:190} INFO - [2026-04-10T09:37:14.538+0900] {dag.py:3211} INFO - Sync 1 DAGs
[2026-04-10T09:37:14.552+0900] {logging_mixin.py:190} INFO - [2026-04-10T09:37:14.552+0900] {dag.py:4138} INFO - Setting next_dagrun for example_python_operator to None, run_after=None
[2026-04-10T09:37:14.569+0900] {processor.py:208} INFO - Processing /home/airflow/.local/lib/python3.12/site-packages/airflow/example_dags/example_python_operator.py took 0.066 seconds
[2026-04-10T09:37:45.289+0900] {processor.py:186} INFO - Started process (PID=150094) to work on /home/airflow/.local/lib/python3.12/site-packages/airflow/example_dags/example_python_operator.py
[2026-04-10T09:37:45.290+0900] {processor.py:914} INFO - Processing file /home/airflow/.local/lib/python3.12/site-packages/airflow/example_dags/example_python_operator.py for tasks to queue
[2026-04-10T09:37:45.292+0900] {logging_mixin.py:190} INFO - [2026-04-10T09:37:45.292+0900] {dagbag.py:587} INFO - Filling up the DagBag from /home/airflow/.local/lib/python3.12/site-packages/airflow/example_dags/example_python_operator.py
[2026-04-10T09:37:45.301+0900] {processor.py:925} INFO - DAG(s) 'example_python_operator' retrieved from /home/airflow/.local/lib/python3.12/site-packages/airflow/example_dags/example_python_operator.py
[2026-04-10T09:37:45.319+0900] {logging_mixin.py:190} INFO - [2026-04-10T09:37:45.318+0900] {dag.py:3211} INFO - Sync 1 DAGs
[2026-04-10T09:37:45.330+0900] {logging_mixin.py:190} INFO - [2026-04-10T09:37:45.330+0900] {dag.py:4138} INFO - Setting next_dagrun for example_python_operator to None, run_after=None
[2026-04-10T09:37:45.344+0900] {processor.py:208} INFO - Processing /home/airflow/.local/lib/python3.12/site-packages/airflow/example_dags/example_python_operator.py took 0.059 seconds
[2026-04-10T09:38:15.984+0900] {processor.py:186} INFO - Started process (PID=150157) to work on /home/airflow/.local/lib/python3.12/site-packages/airflow/example_dags/example_python_operator.py
[2026-04-10T09:38:15.986+0900] {processor.py:914} INFO - Processing file /home/airflow/.local/lib/python3.12/site-packages/airflow/example_dags/example_python_operator.py for tasks to queue
[2026-04-10T09:38:15.988+0900] {logging_mixin.py:190} INFO - [2026-04-10T09:38:15.988+0900] {dagbag.py:587} INFO - Filling up the DagBag from /home/airflow/.local/lib/python3.12/site-packages/airflow/example_dags/example_python_operator.py
[2026-04-10T09:38:15.998+0900] {processor.py:925} INFO - DAG(s) 'example_python_operator' retrieved from /home/airflow/.local/lib/python3.12/site-packages/airflow/example_dags/example_python_operator.py
[2026-04-10T09:38:16.018+0900] {logging_mixin.py:190} INFO - [2026-04-10T09:38:16.017+0900] {dag.py:3211} INFO - Sync 1 DAGs
[2026-04-10T09:38:16.029+0900] {logging_mixin.py:190} INFO - [2026-04-10T09:38:16.028+0900] {dag.py:4138} INFO - Setting next_dagrun for example_python_operator to None, run_after=None
[2026-04-10T09:38:16.048+0900] {processor.py:208} INFO - Processing /home/airflow/.local/lib/python3.12/site-packages/airflow/example_dags/example_python_operator.py took 0.069 seconds
[2026-04-10T09:38:46.885+0900] {processor.py:186} INFO - Started process (PID=150220) to work on /home/airflow/.local/lib/python3.12/site-packages/airflow/example_dags/example_python_operator.py
[2026-04-10T09:38:46.886+0900] {processor.py:914} INFO - Processing file /home/airflow/.local/lib/python3.12/site-packages/airflow/example_dags/example_python_operator.py for tasks to queue
[2026-04-10T09:38:46.889+0900] {logging_mixin.py:190} INFO - [2026-04-10T09:38:46.889+0900] {dagbag.py:587} INFO - Filling up the DagBag from /home/airflow/.local/lib/python3.12/site-packages/airflow/example_dags/example_python_operator.py
[2026-04-10T09:38:46.898+0900] {processor.py:925} INFO - DAG(s) 'example_python_operator' retrieved from /home/airflow/.local/lib/python3.12/site-packages/airflow/example_dags/example_python_operator.py
[2026-04-10T09:38:46.915+0900] {logging_mixin.py:190} INFO - [2026-04-10T09:38:46.915+0900] {dag.py:3211} INFO - Sync 1 DAGs
[2026-04-10T09:38:46.929+0900] {logging_mixin.py:190} INFO - [2026-04-10T09:38:46.929+0900] {dag.py:4138} INFO - Setting next_dagrun for example_python_operator to None, run_after=None
[2026-04-10T09:38:46.945+0900] {processor.py:208} INFO - Processing /home/airflow/.local/lib/python3.12/site-packages/airflow/example_dags/example_python_operator.py took 0.064 seconds
[2026-04-10T09:39:17.699+0900] {processor.py:186} INFO - Started process (PID=150283) to work on /home/airflow/.local/lib/python3.12/site-packages/airflow/example_dags/example_python_operator.py
[2026-04-10T09:39:17.700+0900] {processor.py:914} INFO - Processing file /home/airflow/.local/lib/python3.12/site-packages/airflow/example_dags/example_python_operator.py for tasks to queue
[2026-04-10T09:39:17.702+0900] {logging_mixin.py:190} INFO - [2026-04-10T09:39:17.702+0900] {dagbag.py:587} INFO - Filling up the DagBag from /home/airflow/.local/lib/python3.12/site-packages/airflow/example_dags/example_python_operator.py
[2026-04-10T09:39:17.711+0900] {processor.py:925} INFO - DAG(s) 'example_python_operator' retrieved from /home/airflow/.local/lib/python3.12/site-packages/airflow/example_dags/example_python_operator.py
[2026-04-10T09:39:17.728+0900] {logging_mixin.py:190} INFO - [2026-04-10T09:39:17.728+0900] {dag.py:3211} INFO - Sync 1 DAGs
[2026-04-10T09:39:17.738+0900] {logging_mixin.py:190} INFO - [2026-04-10T09:39:17.738+0900] {dag.py:4138} INFO - Setting next_dagrun for example_python_operator to None, run_after=None
[2026-04-10T09:39:17.757+0900] {processor.py:208} INFO - Processing /home/airflow/.local/lib/python3.12/site-packages/airflow/example_dags/example_python_operator.py took 0.063 seconds
[2026-04-10T09:39:48.444+0900] {processor.py:186} INFO - Started process (PID=150346) to work on /home/airflow/.local/lib/python3.12/site-packages/airflow/example_dags/example_python_operator.py
[2026-04-10T09:39:48.444+0900] {processor.py:914} INFO - Processing file /home/airflow/.local/lib/python3.12/site-packages/airflow/example_dags/example_python_operator.py for tasks to queue
[2026-04-10T09:39:48.446+0900] {logging_mixin.py:190} INFO - [2026-04-10T09:39:48.446+0900] {dagbag.py:587} INFO - Filling up the DagBag from /home/airflow/.local/lib/python3.12/site-packages/airflow/example_dags/example_python_operator.py
[2026-04-10T09:39:48.456+0900] {processor.py:925} INFO - DAG(s) 'example_python_operator' retrieved from /home/airflow/.local/lib/python3.12/site-packages/airflow/example_dags/example_python_operator.py
[2026-04-10T09:39:48.471+0900] {logging_mixin.py:190} INFO - [2026-04-10T09:39:48.471+0900] {dag.py:3211} INFO - Sync 1 DAGs
[2026-04-10T09:39:48.481+0900] {logging_mixin.py:190} INFO - [2026-04-10T09:39:48.481+0900] {dag.py:4138} INFO - Setting next_dagrun for example_python_operator to None, run_after=None
[2026-04-10T09:39:48.499+0900] {processor.py:208} INFO - Processing /home/airflow/.local/lib/python3.12/site-packages/airflow/example_dags/example_python_operator.py took 0.060 seconds
[2026-04-10T09:40:19.029+0900] {processor.py:186} INFO - Started process (PID=150409) to work on /home/airflow/.local/lib/python3.12/site-packages/airflow/example_dags/example_python_operator.py
[2026-04-10T09:40:19.030+0900] {processor.py:914} INFO - Processing file /home/airflow/.local/lib/python3.12/site-packages/airflow/example_dags/example_python_operator.py for tasks to queue
[2026-04-10T09:40:19.032+0900] {logging_mixin.py:190} INFO - [2026-04-10T09:40:19.032+0900] {dagbag.py:587} INFO - Filling up the DagBag from /home/airflow/.local/lib/python3.12/site-packages/airflow/example_dags/example_python_operator.py
[2026-04-10T09:40:19.040+0900] {processor.py:925} INFO - DAG(s) 'example_python_operator' retrieved from /home/airflow/.local/lib/python3.12/site-packages/airflow/example_dags/example_python_operator.py
[2026-04-10T09:40:19.057+0900] {logging_mixin.py:190} INFO - [2026-04-10T09:40:19.056+0900] {dag.py:3211} INFO - Sync 1 DAGs
[2026-04-10T09:40:19.066+0900] {logging_mixin.py:190} INFO - [2026-04-10T09:40:19.066+0900] {dag.py:4138} INFO - Setting next_dagrun for example_python_operator to None, run_after=None
[2026-04-10T09:40:19.080+0900] {processor.py:208} INFO - Processing /home/airflow/.local/lib/python3.12/site-packages/airflow/example_dags/example_python_operator.py took 0.056 seconds
[2026-04-10T09:40:49.860+0900] {processor.py:186} INFO - Started process (PID=150472) to work on /home/airflow/.local/lib/python3.12/site-packages/airflow/example_dags/example_python_operator.py
[2026-04-10T09:40:49.862+0900] {processor.py:914} INFO - Processing file /home/airflow/.local/lib/python3.12/site-packages/airflow/example_dags/example_python_operator.py for tasks to queue
[2026-04-10T09:40:49.864+0900] {logging_mixin.py:190} INFO - [2026-04-10T09:40:49.863+0900] {dagbag.py:587} INFO - Filling up the DagBag from /home/airflow/.local/lib/python3.12/site-packages/airflow/example_dags/example_python_operator.py
[2026-04-10T09:40:49.872+0900] {processor.py:925} INFO - DAG(s) 'example_python_operator' retrieved from /home/airflow/.local/lib/python3.12/site-packages/airflow/example_dags/example_python_operator.py
[2026-04-10T09:40:49.889+0900] {logging_mixin.py:190} INFO - [2026-04-10T09:40:49.889+0900] {dag.py:3211} INFO - Sync 1 DAGs
[2026-04-10T09:40:49.898+0900] {logging_mixin.py:190} INFO - [2026-04-10T09:40:49.898+0900] {dag.py:4138} INFO - Setting next_dagrun for example_python_operator to None, run_after=None
[2026-04-10T09:40:49.916+0900] {processor.py:208} INFO - Processing /home/airflow/.local/lib/python3.12/site-packages/airflow/example_dags/example_python_operator.py took 0.060 seconds
[2026-04-10T09:41:20.415+0900] {processor.py:186} INFO - Started process (PID=150535) to work on /home/airflow/.local/lib/python3.12/site-packages/airflow/example_dags/example_python_operator.py
[2026-04-10T09:41:20.416+0900] {processor.py:914} INFO - Processing file /home/airflow/.local/lib/python3.12/site-packages/airflow/example_dags/example_python_operator.py for tasks to queue
[2026-04-10T09:41:20.418+0900] {logging_mixin.py:190} INFO - [2026-04-10T09:41:20.417+0900] {dagbag.py:587} INFO - Filling up the DagBag from /home/airflow/.local/lib/python3.12/site-packages/airflow/example_dags/example_python_operator.py
[2026-04-10T09:41:20.427+0900] {processor.py:925} INFO - DAG(s) 'example_python_operator' retrieved from /home/airflow/.local/lib/python3.12/site-packages/airflow/example_dags/example_python_operator.py
[2026-04-10T09:41:20.443+0900] {logging_mixin.py:190} INFO - [2026-04-10T09:41:20.442+0900] {dag.py:3211} INFO - Sync 1 DAGs
[2026-04-10T09:41:20.452+0900] {logging_mixin.py:190} INFO - [2026-04-10T09:41:20.452+0900] {dag.py:4138} INFO - Setting next_dagrun for example_python_operator to None, run_after=None
[2026-04-10T09:41:20.467+0900] {processor.py:208} INFO - Processing /home/airflow/.local/lib/python3.12/site-packages/airflow/example_dags/example_python_operator.py took 0.057 seconds
[2026-04-10T09:41:51.129+0900] {processor.py:186} INFO - Started process (PID=150598) to work on /home/airflow/.local/lib/python3.12/site-packages/airflow/example_dags/example_python_operator.py
[2026-04-10T09:41:51.130+0900] {processor.py:914} INFO - Processing file /home/airflow/.local/lib/python3.12/site-packages/airflow/example_dags/example_python_operator.py for tasks to queue
[2026-04-10T09:41:51.132+0900] {logging_mixin.py:190} INFO - [2026-04-10T09:41:51.132+0900] {dagbag.py:587} INFO - Filling up the DagBag from /home/airflow/.local/lib/python3.12/site-packages/airflow/example_dags/example_python_operator.py
[2026-04-10T09:41:51.141+0900] {processor.py:925} INFO - DAG(s) 'example_python_operator' retrieved from /home/airflow/.local/lib/python3.12/site-packages/airflow/example_dags/example_python_operator.py
[2026-04-10T09:41:51.158+0900] {logging_mixin.py:190} INFO - [2026-04-10T09:41:51.158+0900] {dag.py:3211} INFO - Sync 1 DAGs
[2026-04-10T09:41:51.168+0900] {logging_mixin.py:190} INFO - [2026-04-10T09:41:51.167+0900] {dag.py:4138} INFO - Setting next_dagrun for example_python_operator to None, run_after=None
[2026-04-10T09:41:51.185+0900] {processor.py:208} INFO - Processing /home/airflow/.local/lib/python3.12/site-packages/airflow/example_dags/example_python_operator.py took 0.061 seconds
[2026-04-10T09:42:21.861+0900] {processor.py:186} INFO - Started process (PID=150661) to work on /home/airflow/.local/lib/python3.12/site-packages/airflow/example_dags/example_python_operator.py
[2026-04-10T09:42:21.863+0900] {processor.py:914} INFO - Processing file /home/airflow/.local/lib/python3.12/site-packages/airflow/example_dags/example_python_operator.py for tasks to queue
[2026-04-10T09:42:21.865+0900] {logging_mixin.py:190} INFO - [2026-04-10T09:42:21.864+0900] {dagbag.py:587} INFO - Filling up the DagBag from /home/airflow/.local/lib/python3.12/site-packages/airflow/example_dags/example_python_operator.py
[2026-04-10T09:42:21.873+0900] {processor.py:925} INFO - DAG(s) 'example_python_operator' retrieved from /home/airflow/.local/lib/python3.12/site-packages/airflow/example_dags/example_python_operator.py
[2026-04-10T09:42:21.890+0900] {logging_mixin.py:190} INFO - [2026-04-10T09:42:21.890+0900] {dag.py:3211} INFO - Sync 1 DAGs
[2026-04-10T09:42:21.900+0900] {logging_mixin.py:190} INFO - [2026-04-10T09:42:21.900+0900] {dag.py:4138} INFO - Setting next_dagrun for example_python_operator to None, run_after=None
[2026-04-10T09:42:21.916+0900] {processor.py:208} INFO - Processing /home/airflow/.local/lib/python3.12/site-packages/airflow/example_dags/example_python_operator.py took 0.059 seconds
[2026-04-10T09:42:52.593+0900] {processor.py:186} INFO - Started process (PID=150724) to work on /home/airflow/.local/lib/python3.12/site-packages/airflow/example_dags/example_python_operator.py
[2026-04-10T09:42:52.594+0900] {processor.py:914} INFO - Processing file /home/airflow/.local/lib/python3.12/site-packages/airflow/example_dags/example_python_operator.py for tasks to queue
[2026-04-10T09:42:52.597+0900] {logging_mixin.py:190} INFO - [2026-04-10T09:42:52.596+0900] {dagbag.py:587} INFO - Filling up the DagBag from /home/airflow/.local/lib/python3.12/site-packages/airflow/example_dags/example_python_operator.py
[2026-04-10T09:42:52.606+0900] {processor.py:925} INFO - DAG(s) 'example_python_operator' retrieved from /home/airflow/.local/lib/python3.12/site-packages/airflow/example_dags/example_python_operator.py
[2026-04-10T09:42:52.622+0900] {logging_mixin.py:190} INFO - [2026-04-10T09:42:52.622+0900] {dag.py:3211} INFO - Sync 1 DAGs
[2026-04-10T09:42:52.633+0900] {logging_mixin.py:190} INFO - [2026-04-10T09:42:52.633+0900] {dag.py:4138} INFO - Setting next_dagrun for example_python_operator to None, run_after=None
[2026-04-10T09:42:52.648+0900] {processor.py:208} INFO - Processing /home/airflow/.local/lib/python3.12/site-packages/airflow/example_dags/example_python_operator.py took 0.060 seconds
[2026-04-10T09:43:22.882+0900] {processor.py:186} INFO - Started process (PID=150787) to work on /home/airflow/.local/lib/python3.12/site-packages/airflow/example_dags/example_python_operator.py
[2026-04-10T09:43:22.883+0900] {processor.py:914} INFO - Processing file /home/airflow/.local/lib/python3.12/site-packages/airflow/example_dags/example_python_operator.py for tasks to queue
[2026-04-10T09:43:22.885+0900] {logging_mixin.py:190} INFO - [2026-04-10T09:43:22.885+0900] {dagbag.py:587} INFO - Filling up the DagBag from /home/airflow/.local/lib/python3.12/site-packages/airflow/example_dags/example_python_operator.py
[2026-04-10T09:43:22.894+0900] {processor.py:925} INFO - DAG(s) 'example_python_operator' retrieved from /home/airflow/.local/lib/python3.12/site-packages/airflow/example_dags/example_python_operator.py
[2026-04-10T09:43:22.911+0900] {logging_mixin.py:190} INFO - [2026-04-10T09:43:22.911+0900] {dag.py:3211} INFO - Sync 1 DAGs
[2026-04-10T09:43:22.921+0900] {logging_mixin.py:190} INFO - [2026-04-10T09:43:22.921+0900] {dag.py:4138} INFO - Setting next_dagrun for example_python_operator to None, run_after=None
[2026-04-10T09:43:22.940+0900] {processor.py:208} INFO - Processing /home/airflow/.local/lib/python3.12/site-packages/airflow/example_dags/example_python_operator.py took 0.063 seconds
[2026-04-10T09:43:53.188+0900] {processor.py:186} INFO - Started process (PID=150850) to work on /home/airflow/.local/lib/python3.12/site-packages/airflow/example_dags/example_python_operator.py
[2026-04-10T09:43:53.189+0900] {processor.py:914} INFO - Processing file /home/airflow/.local/lib/python3.12/site-packages/airflow/example_dags/example_python_operator.py for tasks to queue
[2026-04-10T09:43:53.191+0900] {logging_mixin.py:190} INFO - [2026-04-10T09:43:53.191+0900] {dagbag.py:587} INFO - Filling up the DagBag from /home/airflow/.local/lib/python3.12/site-packages/airflow/example_dags/example_python_operator.py
[2026-04-10T09:43:53.201+0900] {processor.py:925} INFO - DAG(s) 'example_python_operator' retrieved from /home/airflow/.local/lib/python3.12/site-packages/airflow/example_dags/example_python_operator.py
[2026-04-10T09:43:53.220+0900] {logging_mixin.py:190} INFO - [2026-04-10T09:43:53.220+0900] {dag.py:3211} INFO - Sync 1 DAGs
[2026-04-10T09:43:53.231+0900] {logging_mixin.py:190} INFO - [2026-04-10T09:43:53.230+0900] {dag.py:4138} INFO - Setting next_dagrun for example_python_operator to None, run_after=None
[2026-04-10T09:43:53.251+0900] {processor.py:208} INFO - Processing /home/airflow/.local/lib/python3.12/site-packages/airflow/example_dags/example_python_operator.py took 0.069 seconds
[2026-04-10T09:44:23.288+0900] {processor.py:186} INFO - Started process (PID=150912) to work on /home/airflow/.local/lib/python3.12/site-packages/airflow/example_dags/example_python_operator.py
[2026-04-10T09:44:23.289+0900] {processor.py:914} INFO - Processing file /home/airflow/.local/lib/python3.12/site-packages/airflow/example_dags/example_python_operator.py for tasks to queue
[2026-04-10T09:44:23.291+0900] {logging_mixin.py:190} INFO - [2026-04-10T09:44:23.291+0900] {dagbag.py:587} INFO - Filling up the DagBag from /home/airflow/.local/lib/python3.12/site-packages/airflow/example_dags/example_python_operator.py
[2026-04-10T09:44:23.301+0900] {processor.py:925} INFO - DAG(s) 'example_python_operator' retrieved from /home/airflow/.local/lib/python3.12/site-packages/airflow/example_dags/example_python_operator.py
[2026-04-10T09:44:23.318+0900] {logging_mixin.py:190} INFO - [2026-04-10T09:44:23.318+0900] {dag.py:3211} INFO - Sync 1 DAGs
[2026-04-10T09:44:23.327+0900] {logging_mixin.py:190} INFO - [2026-04-10T09:44:23.327+0900] {dag.py:4138} INFO - Setting next_dagrun for example_python_operator to None, run_after=None
[2026-04-10T09:44:23.340+0900] {processor.py:208} INFO - Processing /home/airflow/.local/lib/python3.12/site-packages/airflow/example_dags/example_python_operator.py took 0.057 seconds
[2026-04-10T09:44:53.696+0900] {processor.py:186} INFO - Started process (PID=150976) to work on /home/airflow/.local/lib/python3.12/site-packages/airflow/example_dags/example_python_operator.py
[2026-04-10T09:44:53.698+0900] {processor.py:914} INFO - Processing file /home/airflow/.local/lib/python3.12/site-packages/airflow/example_dags/example_python_operator.py for tasks to queue
[2026-04-10T09:44:53.700+0900] {logging_mixin.py:190} INFO - [2026-04-10T09:44:53.700+0900] {dagbag.py:587} INFO - Filling up the DagBag from /home/airflow/.local/lib/python3.12/site-packages/airflow/example_dags/example_python_operator.py
[2026-04-10T09:44:53.711+0900] {processor.py:925} INFO - DAG(s) 'example_python_operator' retrieved from /home/airflow/.local/lib/python3.12/site-packages/airflow/example_dags/example_python_operator.py
[2026-04-10T09:44:53.729+0900] {logging_mixin.py:190} INFO - [2026-04-10T09:44:53.729+0900] {dag.py:3211} INFO - Sync 1 DAGs
[2026-04-10T09:44:53.740+0900] {logging_mixin.py:190} INFO - [2026-04-10T09:44:53.740+0900] {dag.py:4138} INFO - Setting next_dagrun for example_python_operator to None, run_after=None
[2026-04-10T09:44:53.755+0900] {processor.py:208} INFO - Processing /home/airflow/.local/lib/python3.12/site-packages/airflow/example_dags/example_python_operator.py took 0.063 seconds
[2026-04-10T09:45:23.952+0900] {processor.py:186} INFO - Started process (PID=151039) to work on /home/airflow/.local/lib/python3.12/site-packages/airflow/example_dags/example_python_operator.py
[2026-04-10T09:45:23.953+0900] {processor.py:914} INFO - Processing file /home/airflow/.local/lib/python3.12/site-packages/airflow/example_dags/example_python_operator.py for tasks to queue
[2026-04-10T09:45:23.955+0900] {logging_mixin.py:190} INFO - [2026-04-10T09:45:23.955+0900] {dagbag.py:587} INFO - Filling up the DagBag from /home/airflow/.local/lib/python3.12/site-packages/airflow/example_dags/example_python_operator.py
[2026-04-10T09:45:23.965+0900] {processor.py:925} INFO - DAG(s) 'example_python_operator' retrieved from /home/airflow/.local/lib/python3.12/site-packages/airflow/example_dags/example_python_operator.py
[2026-04-10T09:45:23.983+0900] {logging_mixin.py:190} INFO - [2026-04-10T09:45:23.983+0900] {dag.py:3211} INFO - Sync 1 DAGs
[2026-04-10T09:45:23.997+0900] {logging_mixin.py:190} INFO - [2026-04-10T09:45:23.997+0900] {dag.py:4138} INFO - Setting next_dagrun for example_python_operator to None, run_after=None
[2026-04-10T09:45:24.012+0900] {processor.py:208} INFO - Processing /home/airflow/.local/lib/python3.12/site-packages/airflow/example_dags/example_python_operator.py took 0.064 seconds
[2026-04-10T09:45:54.346+0900] {processor.py:186} INFO - Started process (PID=151102) to work on /home/airflow/.local/lib/python3.12/site-packages/airflow/example_dags/example_python_operator.py
[2026-04-10T09:45:54.347+0900] {processor.py:914} INFO - Processing file /home/airflow/.local/lib/python3.12/site-packages/airflow/example_dags/example_python_operator.py for tasks to queue
[2026-04-10T09:45:54.350+0900] {logging_mixin.py:190} INFO - [2026-04-10T09:45:54.349+0900] {dagbag.py:587} INFO - Filling up the DagBag from /home/airflow/.local/lib/python3.12/site-packages/airflow/example_dags/example_python_operator.py
[2026-04-10T09:45:54.360+0900] {processor.py:925} INFO - DAG(s) 'example_python_operator' retrieved from /home/airflow/.local/lib/python3.12/site-packages/airflow/example_dags/example_python_operator.py
[2026-04-10T09:45:54.375+0900] {logging_mixin.py:190} INFO - [2026-04-10T09:45:54.375+0900] {dag.py:3211} INFO - Sync 1 DAGs
[2026-04-10T09:45:54.385+0900] {logging_mixin.py:190} INFO - [2026-04-10T09:45:54.385+0900] {dag.py:4138} INFO - Setting next_dagrun for example_python_operator to None, run_after=None
[2026-04-10T09:45:54.401+0900] {processor.py:208} INFO - Processing /home/airflow/.local/lib/python3.12/site-packages/airflow/example_dags/example_python_operator.py took 0.060 seconds
[2026-04-10T09:46:25.216+0900] {processor.py:186} INFO - Started process (PID=151164) to work on /home/airflow/.local/lib/python3.12/site-packages/airflow/example_dags/example_python_operator.py
[2026-04-10T09:46:25.217+0900] {processor.py:914} INFO - Processing file /home/airflow/.local/lib/python3.12/site-packages/airflow/example_dags/example_python_operator.py for tasks to queue
[2026-04-10T09:46:25.219+0900] {logging_mixin.py:190} INFO - [2026-04-10T09:46:25.218+0900] {dagbag.py:587} INFO - Filling up the DagBag from /home/airflow/.local/lib/python3.12/site-packages/airflow/example_dags/example_python_operator.py
[2026-04-10T09:46:25.228+0900] {processor.py:925} INFO - DAG(s) 'example_python_operator' retrieved from /home/airflow/.local/lib/python3.12/site-packages/airflow/example_dags/example_python_operator.py
[2026-04-10T09:46:25.245+0900] {logging_mixin.py:190} INFO - [2026-04-10T09:46:25.244+0900] {dag.py:3211} INFO - Sync 1 DAGs
[2026-04-10T09:46:25.254+0900] {logging_mixin.py:190} INFO - [2026-04-10T09:46:25.254+0900] {dag.py:4138} INFO - Setting next_dagrun for example_python_operator to None, run_after=None
[2026-04-10T09:46:25.275+0900] {processor.py:208} INFO - Processing /home/airflow/.local/lib/python3.12/site-packages/airflow/example_dags/example_python_operator.py took 0.064 seconds
[2026-04-10T09:46:55.791+0900] {processor.py:186} INFO - Started process (PID=151227) to work on /home/airflow/.local/lib/python3.12/site-packages/airflow/example_dags/example_python_operator.py
[2026-04-10T09:46:55.792+0900] {processor.py:914} INFO - Processing file /home/airflow/.local/lib/python3.12/site-packages/airflow/example_dags/example_python_operator.py for tasks to queue
[2026-04-10T09:46:55.795+0900] {logging_mixin.py:190} INFO - [2026-04-10T09:46:55.794+0900] {dagbag.py:587} INFO - Filling up the DagBag from /home/airflow/.local/lib/python3.12/site-packages/airflow/example_dags/example_python_operator.py
[2026-04-10T09:46:55.805+0900] {processor.py:925} INFO - DAG(s) 'example_python_operator' retrieved from /home/airflow/.local/lib/python3.12/site-packages/airflow/example_dags/example_python_operator.py
[2026-04-10T09:46:55.821+0900] {logging_mixin.py:190} INFO - [2026-04-10T09:46:55.820+0900] {dag.py:3211} INFO - Sync 1 DAGs
[2026-04-10T09:46:55.830+0900] {logging_mixin.py:190} INFO - [2026-04-10T09:46:55.830+0900] {dag.py:4138} INFO - Setting next_dagrun for example_python_operator to None, run_after=None
[2026-04-10T09:46:55.845+0900] {processor.py:208} INFO - Processing /home/airflow/.local/lib/python3.12/site-packages/airflow/example_dags/example_python_operator.py took 0.059 seconds
[2026-04-10T09:47:26.278+0900] {processor.py:186} INFO - Started process (PID=151290) to work on /home/airflow/.local/lib/python3.12/site-packages/airflow/example_dags/example_python_operator.py
[2026-04-10T09:47:26.279+0900] {processor.py:914} INFO - Processing file /home/airflow/.local/lib/python3.12/site-packages/airflow/example_dags/example_python_operator.py for tasks to queue
[2026-04-10T09:47:26.281+0900] {logging_mixin.py:190} INFO - [2026-04-10T09:47:26.281+0900] {dagbag.py:587} INFO - Filling up the DagBag from /home/airflow/.local/lib/python3.12/site-packages/airflow/example_dags/example_python_operator.py
[2026-04-10T09:47:26.291+0900] {processor.py:925} INFO - DAG(s) 'example_python_operator' retrieved from /home/airflow/.local/lib/python3.12/site-packages/airflow/example_dags/example_python_operator.py
[2026-04-10T09:47:26.306+0900] {logging_mixin.py:190} INFO - [2026-04-10T09:47:26.306+0900] {dag.py:3211} INFO - Sync 1 DAGs
[2026-04-10T09:47:26.316+0900] {logging_mixin.py:190} INFO - [2026-04-10T09:47:26.316+0900] {dag.py:4138} INFO - Setting next_dagrun for example_python_operator to None, run_after=None
[2026-04-10T09:47:26.330+0900] {processor.py:208} INFO - Processing /home/airflow/.local/lib/python3.12/site-packages/airflow/example_dags/example_python_operator.py took 0.056 seconds
[2026-04-10T09:47:56.826+0900] {processor.py:186} INFO - Started process (PID=151353) to work on /home/airflow/.local/lib/python3.12/site-packages/airflow/example_dags/example_python_operator.py
[2026-04-10T09:47:56.827+0900] {processor.py:914} INFO - Processing file /home/airflow/.local/lib/python3.12/site-packages/airflow/example_dags/example_python_operator.py for tasks to queue
[2026-04-10T09:47:56.829+0900] {logging_mixin.py:190} INFO - [2026-04-10T09:47:56.828+0900] {dagbag.py:587} INFO - Filling up the DagBag from /home/airflow/.local/lib/python3.12/site-packages/airflow/example_dags/example_python_operator.py
[2026-04-10T09:47:56.838+0900] {processor.py:925} INFO - DAG(s) 'example_python_operator' retrieved from /home/airflow/.local/lib/python3.12/site-packages/airflow/example_dags/example_python_operator.py
[2026-04-10T09:47:56.854+0900] {logging_mixin.py:190} INFO - [2026-04-10T09:47:56.854+0900] {dag.py:3211} INFO - Sync 1 DAGs
[2026-04-10T09:47:56.863+0900] {logging_mixin.py:190} INFO - [2026-04-10T09:47:56.863+0900] {dag.py:4138} INFO - Setting next_dagrun for example_python_operator to None, run_after=None
[2026-04-10T09:47:56.879+0900] {processor.py:208} INFO - Processing /home/airflow/.local/lib/python3.12/site-packages/airflow/example_dags/example_python_operator.py took 0.057 seconds
[2026-04-10T09:48:27.397+0900] {processor.py:186} INFO - Started process (PID=151416) to work on /home/airflow/.local/lib/python3.12/site-packages/airflow/example_dags/example_python_operator.py
[2026-04-10T09:48:27.398+0900] {processor.py:914} INFO - Processing file /home/airflow/.local/lib/python3.12/site-packages/airflow/example_dags/example_python_operator.py for tasks to queue
[2026-04-10T09:48:27.400+0900] {logging_mixin.py:190} INFO - [2026-04-10T09:48:27.400+0900] {dagbag.py:587} INFO - Filling up the DagBag from /home/airflow/.local/lib/python3.12/site-packages/airflow/example_dags/example_python_operator.py
[2026-04-10T09:48:27.410+0900] {processor.py:925} INFO - DAG(s) 'example_python_operator' retrieved from /home/airflow/.local/lib/python3.12/site-packages/airflow/example_dags/example_python_operator.py
[2026-04-10T09:48:27.430+0900] {logging_mixin.py:190} INFO - [2026-04-10T09:48:27.430+0900] {dag.py:3211} INFO - Sync 1 DAGs
[2026-04-10T09:48:27.441+0900] {logging_mixin.py:190} INFO - [2026-04-10T09:48:27.440+0900] {dag.py:4138} INFO - Setting next_dagrun for example_python_operator to None, run_after=None
[2026-04-10T09:48:27.455+0900] {processor.py:208} INFO - Processing /home/airflow/.local/lib/python3.12/site-packages/airflow/example_dags/example_python_operator.py took 0.063 seconds
[2026-04-10T09:48:58.194+0900] {processor.py:186} INFO - Started process (PID=151479) to work on /home/airflow/.local/lib/python3.12/site-packages/airflow/example_dags/example_python_operator.py
[2026-04-10T09:48:58.196+0900] {processor.py:914} INFO - Processing file /home/airflow/.local/lib/python3.12/site-packages/airflow/example_dags/example_python_operator.py for tasks to queue
[2026-04-10T09:48:58.197+0900] {logging_mixin.py:190} INFO - [2026-04-10T09:48:58.197+0900] {dagbag.py:587} INFO - Filling up the DagBag from /home/airflow/.local/lib/python3.12/site-packages/airflow/example_dags/example_python_operator.py
[2026-04-10T09:48:58.207+0900] {processor.py:925} INFO - DAG(s) 'example_python_operator' retrieved from /home/airflow/.local/lib/python3.12/site-packages/airflow/example_dags/example_python_operator.py
[2026-04-10T09:48:58.222+0900] {logging_mixin.py:190} INFO - [2026-04-10T09:48:58.222+0900] {dag.py:3211} INFO - Sync 1 DAGs
[2026-04-10T09:48:58.232+0900] {logging_mixin.py:190} INFO - [2026-04-10T09:48:58.232+0900] {dag.py:4138} INFO - Setting next_dagrun for example_python_operator to None, run_after=None
[2026-04-10T09:48:58.247+0900] {processor.py:208} INFO - Processing /home/airflow/.local/lib/python3.12/site-packages/airflow/example_dags/example_python_operator.py took 0.057 seconds
[2026-04-10T09:49:28.436+0900] {processor.py:186} INFO - Started process (PID=151543) to work on /home/airflow/.local/lib/python3.12/site-packages/airflow/example_dags/example_python_operator.py
[2026-04-10T09:49:28.437+0900] {processor.py:914} INFO - Processing file /home/airflow/.local/lib/python3.12/site-packages/airflow/example_dags/example_python_operator.py for tasks to queue
[2026-04-10T09:49:28.439+0900] {logging_mixin.py:190} INFO - [2026-04-10T09:49:28.438+0900] {dagbag.py:587} INFO - Filling up the DagBag from /home/airflow/.local/lib/python3.12/site-packages/airflow/example_dags/example_python_operator.py
[2026-04-10T09:49:28.448+0900] {processor.py:925} INFO - DAG(s) 'example_python_operator' retrieved from /home/airflow/.local/lib/python3.12/site-packages/airflow/example_dags/example_python_operator.py
[2026-04-10T09:49:28.463+0900] {logging_mixin.py:190} INFO - [2026-04-10T09:49:28.463+0900] {dag.py:3211} INFO - Sync 1 DAGs
[2026-04-10T09:49:28.472+0900] {logging_mixin.py:190} INFO - [2026-04-10T09:49:28.472+0900] {dag.py:4138} INFO - Setting next_dagrun for example_python_operator to None, run_after=None
[2026-04-10T09:49:28.488+0900] {processor.py:208} INFO - Processing /home/airflow/.local/lib/python3.12/site-packages/airflow/example_dags/example_python_operator.py took 0.057 seconds
[2026-04-10T09:49:59.019+0900] {processor.py:186} INFO - Started process (PID=151606) to work on /home/airflow/.local/lib/python3.12/site-packages/airflow/example_dags/example_python_operator.py
[2026-04-10T09:49:59.021+0900] {processor.py:914} INFO - Processing file /home/airflow/.local/lib/python3.12/site-packages/airflow/example_dags/example_python_operator.py for tasks to queue
[2026-04-10T09:49:59.023+0900] {logging_mixin.py:190} INFO - [2026-04-10T09:49:59.023+0900] {dagbag.py:587} INFO - Filling up the DagBag from /home/airflow/.local/lib/python3.12/site-packages/airflow/example_dags/example_python_operator.py
[2026-04-10T09:49:59.034+0900] {processor.py:925} INFO - DAG(s) 'example_python_operator' retrieved from /home/airflow/.local/lib/python3.12/site-packages/airflow/example_dags/example_python_operator.py
[2026-04-10T09:49:59.054+0900] {logging_mixin.py:190} INFO - [2026-04-10T09:49:59.053+0900] {dag.py:3211} INFO - Sync 1 DAGs
[2026-04-10T09:49:59.065+0900] {logging_mixin.py:190} INFO - [2026-04-10T09:49:59.065+0900] {dag.py:4138} INFO - Setting next_dagrun for example_python_operator to None, run_after=None
[2026-04-10T09:49:59.082+0900] {processor.py:208} INFO - Processing /home/airflow/.local/lib/python3.12/site-packages/airflow/example_dags/example_python_operator.py took 0.069 seconds
[2026-04-10T09:50:29.623+0900] {processor.py:186} INFO - Started process (PID=151669) to work on /home/airflow/.local/lib/python3.12/site-packages/airflow/example_dags/example_python_operator.py
[2026-04-10T09:50:29.624+0900] {processor.py:914} INFO - Processing file /home/airflow/.local/lib/python3.12/site-packages/airflow/example_dags/example_python_operator.py for tasks to queue
[2026-04-10T09:50:29.626+0900] {logging_mixin.py:190} INFO - [2026-04-10T09:50:29.626+0900] {dagbag.py:587} INFO - Filling up the DagBag from /home/airflow/.local/lib/python3.12/site-packages/airflow/example_dags/example_python_operator.py
[2026-04-10T09:50:29.636+0900] {processor.py:925} INFO - DAG(s) 'example_python_operator' retrieved from /home/airflow/.local/lib/python3.12/site-packages/airflow/example_dags/example_python_operator.py
[2026-04-10T09:50:29.652+0900] {logging_mixin.py:190} INFO - [2026-04-10T09:50:29.652+0900] {dag.py:3211} INFO - Sync 1 DAGs
[2026-04-10T09:50:29.662+0900] {logging_mixin.py:190} INFO - [2026-04-10T09:50:29.662+0900] {dag.py:4138} INFO - Setting next_dagrun for example_python_operator to None, run_after=None
[2026-04-10T09:50:29.680+0900] {processor.py:208} INFO - Processing /home/airflow/.local/lib/python3.12/site-packages/airflow/example_dags/example_python_operator.py took 0.062 seconds
[2026-04-10T09:51:00.101+0900] {processor.py:186} INFO - Started process (PID=151732) to work on /home/airflow/.local/lib/python3.12/site-packages/airflow/example_dags/example_python_operator.py
[2026-04-10T09:51:00.102+0900] {processor.py:914} INFO - Processing file /home/airflow/.local/lib/python3.12/site-packages/airflow/example_dags/example_python_operator.py for tasks to queue
[2026-04-10T09:51:00.104+0900] {logging_mixin.py:190} INFO - [2026-04-10T09:51:00.103+0900] {dagbag.py:587} INFO - Filling up the DagBag from /home/airflow/.local/lib/python3.12/site-packages/airflow/example_dags/example_python_operator.py
[2026-04-10T09:51:00.113+0900] {processor.py:925} INFO - DAG(s) 'example_python_operator' retrieved from /home/airflow/.local/lib/python3.12/site-packages/airflow/example_dags/example_python_operator.py
[2026-04-10T09:51:00.131+0900] {logging_mixin.py:190} INFO - [2026-04-10T09:51:00.130+0900] {dag.py:3211} INFO - Sync 1 DAGs
[2026-04-10T09:51:00.140+0900] {logging_mixin.py:190} INFO - [2026-04-10T09:51:00.140+0900] {dag.py:4138} INFO - Setting next_dagrun for example_python_operator to None, run_after=None
[2026-04-10T09:51:00.155+0900] {processor.py:208} INFO - Processing /home/airflow/.local/lib/python3.12/site-packages/airflow/example_dags/example_python_operator.py took 0.058 seconds
[2026-04-10T09:51:30.218+0900] {processor.py:186} INFO - Started process (PID=151795) to work on /home/airflow/.local/lib/python3.12/site-packages/airflow/example_dags/example_python_operator.py
[2026-04-10T09:51:30.219+0900] {processor.py:914} INFO - Processing file /home/airflow/.local/lib/python3.12/site-packages/airflow/example_dags/example_python_operator.py for tasks to queue
[2026-04-10T09:51:30.221+0900] {logging_mixin.py:190} INFO - [2026-04-10T09:51:30.221+0900] {dagbag.py:587} INFO - Filling up the DagBag from /home/airflow/.local/lib/python3.12/site-packages/airflow/example_dags/example_python_operator.py
[2026-04-10T09:51:30.231+0900] {processor.py:925} INFO - DAG(s) 'example_python_operator' retrieved from /home/airflow/.local/lib/python3.12/site-packages/airflow/example_dags/example_python_operator.py
[2026-04-10T09:51:30.250+0900] {logging_mixin.py:190} INFO - [2026-04-10T09:51:30.250+0900] {dag.py:3211} INFO - Sync 1 DAGs
[2026-04-10T09:51:30.261+0900] {logging_mixin.py:190} INFO - [2026-04-10T09:51:30.261+0900] {dag.py:4138} INFO - Setting next_dagrun for example_python_operator to None, run_after=None
[2026-04-10T09:51:30.276+0900] {processor.py:208} INFO - Processing /home/airflow/.local/lib/python3.12/site-packages/airflow/example_dags/example_python_operator.py took 0.063 seconds
[2026-04-10T09:52:00.596+0900] {processor.py:186} INFO - Started process (PID=151858) to work on /home/airflow/.local/lib/python3.12/site-packages/airflow/example_dags/example_python_operator.py
[2026-04-10T09:52:00.597+0900] {processor.py:914} INFO - Processing file /home/airflow/.local/lib/python3.12/site-packages/airflow/example_dags/example_python_operator.py for tasks to queue
[2026-04-10T09:52:00.599+0900] {logging_mixin.py:190} INFO - [2026-04-10T09:52:00.598+0900] {dagbag.py:587} INFO - Filling up the DagBag from /home/airflow/.local/lib/python3.12/site-packages/airflow/example_dags/example_python_operator.py
[2026-04-10T09:52:00.608+0900] {processor.py:925} INFO - DAG(s) 'example_python_operator' retrieved from /home/airflow/.local/lib/python3.12/site-packages/airflow/example_dags/example_python_operator.py
[2026-04-10T09:52:00.626+0900] {logging_mixin.py:190} INFO - [2026-04-10T09:52:00.626+0900] {dag.py:3211} INFO - Sync 1 DAGs
[2026-04-10T09:52:00.637+0900] {logging_mixin.py:190} INFO - [2026-04-10T09:52:00.637+0900] {dag.py:4138} INFO - Setting next_dagrun for example_python_operator to None, run_after=None
[2026-04-10T09:52:00.657+0900] {processor.py:208} INFO - Processing /home/airflow/.local/lib/python3.12/site-packages/airflow/example_dags/example_python_operator.py took 0.066 seconds
[2026-04-10T09:52:30.802+0900] {processor.py:186} INFO - Started process (PID=151921) to work on /home/airflow/.local/lib/python3.12/site-packages/airflow/example_dags/example_python_operator.py
[2026-04-10T09:52:30.803+0900] {processor.py:914} INFO - Processing file /home/airflow/.local/lib/python3.12/site-packages/airflow/example_dags/example_python_operator.py for tasks to queue
[2026-04-10T09:52:30.805+0900] {logging_mixin.py:190} INFO - [2026-04-10T09:52:30.804+0900] {dagbag.py:587} INFO - Filling up the DagBag from /home/airflow/.local/lib/python3.12/site-packages/airflow/example_dags/example_python_operator.py
[2026-04-10T09:52:30.813+0900] {processor.py:925} INFO - DAG(s) 'example_python_operator' retrieved from /home/airflow/.local/lib/python3.12/site-packages/airflow/example_dags/example_python_operator.py
[2026-04-10T09:52:30.829+0900] {logging_mixin.py:190} INFO - [2026-04-10T09:52:30.829+0900] {dag.py:3211} INFO - Sync 1 DAGs
[2026-04-10T09:52:30.839+0900] {logging_mixin.py:190} INFO - [2026-04-10T09:52:30.838+0900] {dag.py:4138} INFO - Setting next_dagrun for example_python_operator to None, run_after=None
[2026-04-10T09:52:30.857+0900] {processor.py:208} INFO - Processing /home/airflow/.local/lib/python3.12/site-packages/airflow/example_dags/example_python_operator.py took 0.060 seconds
[2026-04-10T09:53:01.212+0900] {processor.py:186} INFO - Started process (PID=151984) to work on /home/airflow/.local/lib/python3.12/site-packages/airflow/example_dags/example_python_operator.py
[2026-04-10T09:53:01.213+0900] {processor.py:914} INFO - Processing file /home/airflow/.local/lib/python3.12/site-packages/airflow/example_dags/example_python_operator.py for tasks to queue
[2026-04-10T09:53:01.215+0900] {logging_mixin.py:190} INFO - [2026-04-10T09:53:01.214+0900] {dagbag.py:587} INFO - Filling up the DagBag from /home/airflow/.local/lib/python3.12/site-packages/airflow/example_dags/example_python_operator.py
[2026-04-10T09:53:01.225+0900] {processor.py:925} INFO - DAG(s) 'example_python_operator' retrieved from /home/airflow/.local/lib/python3.12/site-packages/airflow/example_dags/example_python_operator.py
[2026-04-10T09:53:01.241+0900] {logging_mixin.py:190} INFO - [2026-04-10T09:53:01.241+0900] {dag.py:3211} INFO - Sync 1 DAGs
[2026-04-10T09:53:01.252+0900] {logging_mixin.py:190} INFO - [2026-04-10T09:53:01.252+0900] {dag.py:4138} INFO - Setting next_dagrun for example_python_operator to None, run_after=None
[2026-04-10T09:53:01.267+0900] {processor.py:208} INFO - Processing /home/airflow/.local/lib/python3.12/site-packages/airflow/example_dags/example_python_operator.py took 0.060 seconds
[2026-04-10T09:53:31.359+0900] {processor.py:186} INFO - Started process (PID=152047) to work on /home/airflow/.local/lib/python3.12/site-packages/airflow/example_dags/example_python_operator.py
[2026-04-10T09:53:31.360+0900] {processor.py:914} INFO - Processing file /home/airflow/.local/lib/python3.12/site-packages/airflow/example_dags/example_python_operator.py for tasks to queue
[2026-04-10T09:53:31.362+0900] {logging_mixin.py:190} INFO - [2026-04-10T09:53:31.361+0900] {dagbag.py:587} INFO - Filling up the DagBag from /home/airflow/.local/lib/python3.12/site-packages/airflow/example_dags/example_python_operator.py
[2026-04-10T09:53:31.371+0900] {processor.py:925} INFO - DAG(s) 'example_python_operator' retrieved from /home/airflow/.local/lib/python3.12/site-packages/airflow/example_dags/example_python_operator.py
[2026-04-10T09:53:31.387+0900] {logging_mixin.py:190} INFO - [2026-04-10T09:53:31.387+0900] {dag.py:3211} INFO - Sync 1 DAGs
[2026-04-10T09:53:31.396+0900] {logging_mixin.py:190} INFO - [2026-04-10T09:53:31.396+0900] {dag.py:4138} INFO - Setting next_dagrun for example_python_operator to None, run_after=None
[2026-04-10T09:53:31.416+0900] {processor.py:208} INFO - Processing /home/airflow/.local/lib/python3.12/site-packages/airflow/example_dags/example_python_operator.py took 0.062 seconds
[2026-04-10T09:54:01.588+0900] {processor.py:186} INFO - Started process (PID=152110) to work on /home/airflow/.local/lib/python3.12/site-packages/airflow/example_dags/example_python_operator.py
[2026-04-10T09:54:01.589+0900] {processor.py:914} INFO - Processing file /home/airflow/.local/lib/python3.12/site-packages/airflow/example_dags/example_python_operator.py for tasks to queue
[2026-04-10T09:54:01.591+0900] {logging_mixin.py:190} INFO - [2026-04-10T09:54:01.591+0900] {dagbag.py:587} INFO - Filling up the DagBag from /home/airflow/.local/lib/python3.12/site-packages/airflow/example_dags/example_python_operator.py
[2026-04-10T09:54:01.600+0900] {processor.py:925} INFO - DAG(s) 'example_python_operator' retrieved from /home/airflow/.local/lib/python3.12/site-packages/airflow/example_dags/example_python_operator.py
[2026-04-10T09:54:01.618+0900] {logging_mixin.py:190} INFO - [2026-04-10T09:54:01.617+0900] {dag.py:3211} INFO - Sync 1 DAGs
[2026-04-10T09:54:01.628+0900] {logging_mixin.py:190} INFO - [2026-04-10T09:54:01.628+0900] {dag.py:4138} INFO - Setting next_dagrun for example_python_operator to None, run_after=None
[2026-04-10T09:54:01.644+0900] {processor.py:208} INFO - Processing /home/airflow/.local/lib/python3.12/site-packages/airflow/example_dags/example_python_operator.py took 0.061 seconds
[2026-04-10T09:54:31.767+0900] {processor.py:186} INFO - Started process (PID=152173) to work on /home/airflow/.local/lib/python3.12/site-packages/airflow/example_dags/example_python_operator.py
[2026-04-10T09:54:31.768+0900] {processor.py:914} INFO - Processing file /home/airflow/.local/lib/python3.12/site-packages/airflow/example_dags/example_python_operator.py for tasks to queue
[2026-04-10T09:54:31.770+0900] {logging_mixin.py:190} INFO - [2026-04-10T09:54:31.770+0900] {dagbag.py:587} INFO - Filling up the DagBag from /home/airflow/.local/lib/python3.12/site-packages/airflow/example_dags/example_python_operator.py
[2026-04-10T09:54:31.779+0900] {processor.py:925} INFO - DAG(s) 'example_python_operator' retrieved from /home/airflow/.local/lib/python3.12/site-packages/airflow/example_dags/example_python_operator.py
[2026-04-10T09:54:31.799+0900] {logging_mixin.py:190} INFO - [2026-04-10T09:54:31.799+0900] {dag.py:3211} INFO - Sync 1 DAGs
[2026-04-10T09:54:31.811+0900] {logging_mixin.py:190} INFO - [2026-04-10T09:54:31.810+0900] {dag.py:4138} INFO - Setting next_dagrun for example_python_operator to None, run_after=None
[2026-04-10T09:54:31.829+0900] {processor.py:208} INFO - Processing /home/airflow/.local/lib/python3.12/site-packages/airflow/example_dags/example_python_operator.py took 0.066 seconds
[2026-04-10T09:55:02.284+0900] {processor.py:186} INFO - Started process (PID=152236) to work on /home/airflow/.local/lib/python3.12/site-packages/airflow/example_dags/example_python_operator.py
[2026-04-10T09:55:02.285+0900] {processor.py:914} INFO - Processing file /home/airflow/.local/lib/python3.12/site-packages/airflow/example_dags/example_python_operator.py for tasks to queue
[2026-04-10T09:55:02.287+0900] {logging_mixin.py:190} INFO - [2026-04-10T09:55:02.286+0900] {dagbag.py:587} INFO - Filling up the DagBag from /home/airflow/.local/lib/python3.12/site-packages/airflow/example_dags/example_python_operator.py
[2026-04-10T09:55:02.296+0900] {processor.py:925} INFO - DAG(s) 'example_python_operator' retrieved from /home/airflow/.local/lib/python3.12/site-packages/airflow/example_dags/example_python_operator.py
[2026-04-10T09:55:02.315+0900] {logging_mixin.py:190} INFO - [2026-04-10T09:55:02.314+0900] {dag.py:3211} INFO - Sync 1 DAGs
[2026-04-10T09:55:02.326+0900] {logging_mixin.py:190} INFO - [2026-04-10T09:55:02.326+0900] {dag.py:4138} INFO - Setting next_dagrun for example_python_operator to None, run_after=None
[2026-04-10T09:55:02.342+0900] {processor.py:208} INFO - Processing /home/airflow/.local/lib/python3.12/site-packages/airflow/example_dags/example_python_operator.py took 0.063 seconds
[2026-04-10T09:55:32.481+0900] {processor.py:186} INFO - Started process (PID=152299) to work on /home/airflow/.local/lib/python3.12/site-packages/airflow/example_dags/example_python_operator.py
[2026-04-10T09:55:32.482+0900] {processor.py:914} INFO - Processing file /home/airflow/.local/lib/python3.12/site-packages/airflow/example_dags/example_python_operator.py for tasks to queue
[2026-04-10T09:55:32.484+0900] {logging_mixin.py:190} INFO - [2026-04-10T09:55:32.483+0900] {dagbag.py:587} INFO - Filling up the DagBag from /home/airflow/.local/lib/python3.12/site-packages/airflow/example_dags/example_python_operator.py
[2026-04-10T09:55:32.493+0900] {processor.py:925} INFO - DAG(s) 'example_python_operator' retrieved from /home/airflow/.local/lib/python3.12/site-packages/airflow/example_dags/example_python_operator.py
[2026-04-10T09:55:32.509+0900] {logging_mixin.py:190} INFO - [2026-04-10T09:55:32.509+0900] {dag.py:3211} INFO - Sync 1 DAGs
[2026-04-10T09:55:32.518+0900] {logging_mixin.py:190} INFO - [2026-04-10T09:55:32.518+0900] {dag.py:4138} INFO - Setting next_dagrun for example_python_operator to None, run_after=None
[2026-04-10T09:55:32.533+0900] {processor.py:208} INFO - Processing /home/airflow/.local/lib/python3.12/site-packages/airflow/example_dags/example_python_operator.py took 0.057 seconds
[2026-04-10T09:56:02.870+0900] {processor.py:186} INFO - Started process (PID=152362) to work on /home/airflow/.local/lib/python3.12/site-packages/airflow/example_dags/example_python_operator.py
[2026-04-10T09:56:02.871+0900] {processor.py:914} INFO - Processing file /home/airflow/.local/lib/python3.12/site-packages/airflow/example_dags/example_python_operator.py for tasks to queue
[2026-04-10T09:56:02.874+0900] {logging_mixin.py:190} INFO - [2026-04-10T09:56:02.874+0900] {dagbag.py:587} INFO - Filling up the DagBag from /home/airflow/.local/lib/python3.12/site-packages/airflow/example_dags/example_python_operator.py
[2026-04-10T09:56:02.884+0900] {processor.py:925} INFO - DAG(s) 'example_python_operator' retrieved from /home/airflow/.local/lib/python3.12/site-packages/airflow/example_dags/example_python_operator.py
[2026-04-10T09:56:02.905+0900] {logging_mixin.py:190} INFO - [2026-04-10T09:56:02.905+0900] {dag.py:3211} INFO - Sync 1 DAGs
[2026-04-10T09:56:02.917+0900] {logging_mixin.py:190} INFO - [2026-04-10T09:56:02.917+0900] {dag.py:4138} INFO - Setting next_dagrun for example_python_operator to None, run_after=None
[2026-04-10T09:56:02.937+0900] {processor.py:208} INFO - Processing /home/airflow/.local/lib/python3.12/site-packages/airflow/example_dags/example_python_operator.py took 0.071 seconds
[2026-04-10T09:56:33.569+0900] {processor.py:186} INFO - Started process (PID=152425) to work on /home/airflow/.local/lib/python3.12/site-packages/airflow/example_dags/example_python_operator.py
[2026-04-10T09:56:33.570+0900] {processor.py:914} INFO - Processing file /home/airflow/.local/lib/python3.12/site-packages/airflow/example_dags/example_python_operator.py for tasks to queue
[2026-04-10T09:56:33.572+0900] {logging_mixin.py:190} INFO - [2026-04-10T09:56:33.572+0900] {dagbag.py:587} INFO - Filling up the DagBag from /home/airflow/.local/lib/python3.12/site-packages/airflow/example_dags/example_python_operator.py
[2026-04-10T09:56:33.582+0900] {processor.py:925} INFO - DAG(s) 'example_python_operator' retrieved from /home/airflow/.local/lib/python3.12/site-packages/airflow/example_dags/example_python_operator.py
[2026-04-10T09:56:33.599+0900] {logging_mixin.py:190} INFO - [2026-04-10T09:56:33.599+0900] {dag.py:3211} INFO - Sync 1 DAGs
[2026-04-10T09:56:33.609+0900] {logging_mixin.py:190} INFO - [2026-04-10T09:56:33.609+0900] {dag.py:4138} INFO - Setting next_dagrun for example_python_operator to None, run_after=None
[2026-04-10T09:56:33.630+0900] {processor.py:208} INFO - Processing /home/airflow/.local/lib/python3.12/site-packages/airflow/example_dags/example_python_operator.py took 0.065 seconds
[2026-04-10T09:57:04.297+0900] {processor.py:186} INFO - Started process (PID=152487) to work on /home/airflow/.local/lib/python3.12/site-packages/airflow/example_dags/example_python_operator.py
[2026-04-10T09:57:04.297+0900] {processor.py:914} INFO - Processing file /home/airflow/.local/lib/python3.12/site-packages/airflow/example_dags/example_python_operator.py for tasks to queue
[2026-04-10T09:57:04.300+0900] {logging_mixin.py:190} INFO - [2026-04-10T09:57:04.300+0900] {dagbag.py:587} INFO - Filling up the DagBag from /home/airflow/.local/lib/python3.12/site-packages/airflow/example_dags/example_python_operator.py
[2026-04-10T09:57:04.310+0900] {processor.py:925} INFO - DAG(s) 'example_python_operator' retrieved from /home/airflow/.local/lib/python3.12/site-packages/airflow/example_dags/example_python_operator.py
[2026-04-10T09:57:04.328+0900] {logging_mixin.py:190} INFO - [2026-04-10T09:57:04.327+0900] {dag.py:3211} INFO - Sync 1 DAGs
[2026-04-10T09:57:04.460+0900] {logging_mixin.py:190} INFO - [2026-04-10T09:57:04.460+0900] {dag.py:4138} INFO - Setting next_dagrun for example_python_operator to None, run_after=None
[2026-04-10T09:57:04.478+0900] {processor.py:208} INFO - Processing /home/airflow/.local/lib/python3.12/site-packages/airflow/example_dags/example_python_operator.py took 0.188 seconds
[2026-04-10T09:57:35.024+0900] {processor.py:186} INFO - Started process (PID=152550) to work on /home/airflow/.local/lib/python3.12/site-packages/airflow/example_dags/example_python_operator.py
[2026-04-10T09:57:35.026+0900] {processor.py:914} INFO - Processing file /home/airflow/.local/lib/python3.12/site-packages/airflow/example_dags/example_python_operator.py for tasks to queue
[2026-04-10T09:57:35.028+0900] {logging_mixin.py:190} INFO - [2026-04-10T09:57:35.028+0900] {dagbag.py:587} INFO - Filling up the DagBag from /home/airflow/.local/lib/python3.12/site-packages/airflow/example_dags/example_python_operator.py
[2026-04-10T09:57:35.038+0900] {processor.py:925} INFO - DAG(s) 'example_python_operator' retrieved from /home/airflow/.local/lib/python3.12/site-packages/airflow/example_dags/example_python_operator.py
[2026-04-10T09:57:35.055+0900] {logging_mixin.py:190} INFO - [2026-04-10T09:57:35.055+0900] {dag.py:3211} INFO - Sync 1 DAGs
[2026-04-10T09:57:35.198+0900] {logging_mixin.py:190} INFO - [2026-04-10T09:57:35.198+0900] {dag.py:4138} INFO - Setting next_dagrun for example_python_operator to None, run_after=None
[2026-04-10T09:57:35.212+0900] {processor.py:208} INFO - Processing /home/airflow/.local/lib/python3.12/site-packages/airflow/example_dags/example_python_operator.py took 0.192 seconds
[2026-04-10T09:58:06.132+0900] {processor.py:186} INFO - Started process (PID=152615) to work on /home/airflow/.local/lib/python3.12/site-packages/airflow/example_dags/example_python_operator.py
[2026-04-10T09:58:06.133+0900] {processor.py:914} INFO - Processing file /home/airflow/.local/lib/python3.12/site-packages/airflow/example_dags/example_python_operator.py for tasks to queue
[2026-04-10T09:58:06.135+0900] {logging_mixin.py:190} INFO - [2026-04-10T09:58:06.135+0900] {dagbag.py:587} INFO - Filling up the DagBag from /home/airflow/.local/lib/python3.12/site-packages/airflow/example_dags/example_python_operator.py
[2026-04-10T09:58:06.144+0900] {processor.py:925} INFO - DAG(s) 'example_python_operator' retrieved from /home/airflow/.local/lib/python3.12/site-packages/airflow/example_dags/example_python_operator.py
[2026-04-10T09:58:06.160+0900] {logging_mixin.py:190} INFO - [2026-04-10T09:58:06.160+0900] {dag.py:3211} INFO - Sync 1 DAGs
[2026-04-10T09:58:06.171+0900] {logging_mixin.py:190} INFO - [2026-04-10T09:58:06.171+0900] {dag.py:4138} INFO - Setting next_dagrun for example_python_operator to None, run_after=None
[2026-04-10T09:58:06.184+0900] {processor.py:208} INFO - Processing /home/airflow/.local/lib/python3.12/site-packages/airflow/example_dags/example_python_operator.py took 0.056 seconds
[2026-04-10T09:58:37.133+0900] {processor.py:186} INFO - Started process (PID=152678) to work on /home/airflow/.local/lib/python3.12/site-packages/airflow/example_dags/example_python_operator.py
[2026-04-10T09:58:37.134+0900] {processor.py:914} INFO - Processing file /home/airflow/.local/lib/python3.12/site-packages/airflow/example_dags/example_python_operator.py for tasks to queue
[2026-04-10T09:58:37.136+0900] {logging_mixin.py:190} INFO - [2026-04-10T09:58:37.136+0900] {dagbag.py:587} INFO - Filling up the DagBag from /home/airflow/.local/lib/python3.12/site-packages/airflow/example_dags/example_python_operator.py
[2026-04-10T09:58:37.148+0900] {processor.py:925} INFO - DAG(s) 'example_python_operator' retrieved from /home/airflow/.local/lib/python3.12/site-packages/airflow/example_dags/example_python_operator.py
[2026-04-10T09:58:37.165+0900] {logging_mixin.py:190} INFO - [2026-04-10T09:58:37.165+0900] {dag.py:3211} INFO - Sync 1 DAGs
[2026-04-10T09:58:37.177+0900] {logging_mixin.py:190} INFO - [2026-04-10T09:58:37.176+0900] {dag.py:4138} INFO - Setting next_dagrun for example_python_operator to None, run_after=None
[2026-04-10T09:58:37.190+0900] {processor.py:208} INFO - Processing /home/airflow/.local/lib/python3.12/site-packages/airflow/example_dags/example_python_operator.py took 0.062 seconds
[2026-04-10T09:59:07.911+0900] {processor.py:186} INFO - Started process (PID=152747) to work on /home/airflow/.local/lib/python3.12/site-packages/airflow/example_dags/example_python_operator.py
[2026-04-10T09:59:07.913+0900] {processor.py:914} INFO - Processing file /home/airflow/.local/lib/python3.12/site-packages/airflow/example_dags/example_python_operator.py for tasks to queue
[2026-04-10T09:59:07.915+0900] {logging_mixin.py:190} INFO - [2026-04-10T09:59:07.915+0900] {dagbag.py:587} INFO - Filling up the DagBag from /home/airflow/.local/lib/python3.12/site-packages/airflow/example_dags/example_python_operator.py
[2026-04-10T09:59:07.924+0900] {processor.py:925} INFO - DAG(s) 'example_python_operator' retrieved from /home/airflow/.local/lib/python3.12/site-packages/airflow/example_dags/example_python_operator.py
[2026-04-10T09:59:07.941+0900] {logging_mixin.py:190} INFO - [2026-04-10T09:59:07.940+0900] {dag.py:3211} INFO - Sync 1 DAGs
[2026-04-10T09:59:07.950+0900] {logging_mixin.py:190} INFO - [2026-04-10T09:59:07.950+0900] {dag.py:4138} INFO - Setting next_dagrun for example_python_operator to None, run_after=None
[2026-04-10T09:59:07.964+0900] {processor.py:208} INFO - Processing /home/airflow/.local/lib/python3.12/site-packages/airflow/example_dags/example_python_operator.py took 0.057 seconds
[2026-04-10T09:59:38.671+0900] {processor.py:186} INFO - Started process (PID=152810) to work on /home/airflow/.local/lib/python3.12/site-packages/airflow/example_dags/example_python_operator.py
[2026-04-10T09:59:38.672+0900] {processor.py:914} INFO - Processing file /home/airflow/.local/lib/python3.12/site-packages/airflow/example_dags/example_python_operator.py for tasks to queue
[2026-04-10T09:59:38.675+0900] {logging_mixin.py:190} INFO - [2026-04-10T09:59:38.674+0900] {dagbag.py:587} INFO - Filling up the DagBag from /home/airflow/.local/lib/python3.12/site-packages/airflow/example_dags/example_python_operator.py
[2026-04-10T09:59:38.684+0900] {processor.py:925} INFO - DAG(s) 'example_python_operator' retrieved from /home/airflow/.local/lib/python3.12/site-packages/airflow/example_dags/example_python_operator.py
[2026-04-10T09:59:38.701+0900] {logging_mixin.py:190} INFO - [2026-04-10T09:59:38.701+0900] {dag.py:3211} INFO - Sync 1 DAGs
[2026-04-10T09:59:38.711+0900] {logging_mixin.py:190} INFO - [2026-04-10T09:59:38.711+0900] {dag.py:4138} INFO - Setting next_dagrun for example_python_operator to None, run_after=None
[2026-04-10T09:59:38.726+0900] {processor.py:208} INFO - Processing /home/airflow/.local/lib/python3.12/site-packages/airflow/example_dags/example_python_operator.py took 0.059 seconds
[2026-04-10T10:00:09.546+0900] {processor.py:186} INFO - Started process (PID=152873) to work on /home/airflow/.local/lib/python3.12/site-packages/airflow/example_dags/example_python_operator.py
[2026-04-10T10:00:09.547+0900] {processor.py:914} INFO - Processing file /home/airflow/.local/lib/python3.12/site-packages/airflow/example_dags/example_python_operator.py for tasks to queue
[2026-04-10T10:00:09.551+0900] {logging_mixin.py:190} INFO - [2026-04-10T10:00:09.551+0900] {dagbag.py:587} INFO - Filling up the DagBag from /home/airflow/.local/lib/python3.12/site-packages/airflow/example_dags/example_python_operator.py
[2026-04-10T10:00:09.567+0900] {processor.py:925} INFO - DAG(s) 'example_python_operator' retrieved from /home/airflow/.local/lib/python3.12/site-packages/airflow/example_dags/example_python_operator.py
[2026-04-10T10:00:09.602+0900] {logging_mixin.py:190} INFO - [2026-04-10T10:00:09.600+0900] {dag.py:3211} INFO - Sync 1 DAGs
[2026-04-10T10:00:09.628+0900] {logging_mixin.py:190} INFO - [2026-04-10T10:00:09.628+0900] {dag.py:4138} INFO - Setting next_dagrun for example_python_operator to None, run_after=None
[2026-04-10T10:00:09.662+0900] {processor.py:208} INFO - Processing /home/airflow/.local/lib/python3.12/site-packages/airflow/example_dags/example_python_operator.py took 0.122 seconds
[2026-04-10T10:00:39.719+0900] {processor.py:186} INFO - Started process (PID=152936) to work on /home/airflow/.local/lib/python3.12/site-packages/airflow/example_dags/example_python_operator.py
[2026-04-10T10:00:39.720+0900] {processor.py:914} INFO - Processing file /home/airflow/.local/lib/python3.12/site-packages/airflow/example_dags/example_python_operator.py for tasks to queue
[2026-04-10T10:00:39.721+0900] {logging_mixin.py:190} INFO - [2026-04-10T10:00:39.721+0900] {dagbag.py:587} INFO - Filling up the DagBag from /home/airflow/.local/lib/python3.12/site-packages/airflow/example_dags/example_python_operator.py
[2026-04-10T10:00:39.730+0900] {processor.py:925} INFO - DAG(s) 'example_python_operator' retrieved from /home/airflow/.local/lib/python3.12/site-packages/airflow/example_dags/example_python_operator.py
[2026-04-10T10:00:39.747+0900] {logging_mixin.py:190} INFO - [2026-04-10T10:00:39.747+0900] {dag.py:3211} INFO - Sync 1 DAGs
[2026-04-10T10:00:39.757+0900] {logging_mixin.py:190} INFO - [2026-04-10T10:00:39.757+0900] {dag.py:4138} INFO - Setting next_dagrun for example_python_operator to None, run_after=None
[2026-04-10T10:00:39.770+0900] {processor.py:208} INFO - Processing /home/airflow/.local/lib/python3.12/site-packages/airflow/example_dags/example_python_operator.py took 0.056 seconds
[2026-04-10T10:01:09.930+0900] {processor.py:186} INFO - Started process (PID=152999) to work on /home/airflow/.local/lib/python3.12/site-packages/airflow/example_dags/example_python_operator.py
[2026-04-10T10:01:09.931+0900] {processor.py:914} INFO - Processing file /home/airflow/.local/lib/python3.12/site-packages/airflow/example_dags/example_python_operator.py for tasks to queue
[2026-04-10T10:01:09.933+0900] {logging_mixin.py:190} INFO - [2026-04-10T10:01:09.933+0900] {dagbag.py:587} INFO - Filling up the DagBag from /home/airflow/.local/lib/python3.12/site-packages/airflow/example_dags/example_python_operator.py
[2026-04-10T10:01:09.944+0900] {processor.py:925} INFO - DAG(s) 'example_python_operator' retrieved from /home/airflow/.local/lib/python3.12/site-packages/airflow/example_dags/example_python_operator.py
[2026-04-10T10:01:09.961+0900] {logging_mixin.py:190} INFO - [2026-04-10T10:01:09.961+0900] {dag.py:3211} INFO - Sync 1 DAGs
[2026-04-10T10:01:09.971+0900] {logging_mixin.py:190} INFO - [2026-04-10T10:01:09.971+0900] {dag.py:4138} INFO - Setting next_dagrun for example_python_operator to None, run_after=None
[2026-04-10T10:01:09.984+0900] {processor.py:208} INFO - Processing /home/airflow/.local/lib/python3.12/site-packages/airflow/example_dags/example_python_operator.py took 0.060 seconds
[2026-04-10T10:01:40.213+0900] {processor.py:186} INFO - Started process (PID=153062) to work on /home/airflow/.local/lib/python3.12/site-packages/airflow/example_dags/example_python_operator.py
[2026-04-10T10:01:40.214+0900] {processor.py:914} INFO - Processing file /home/airflow/.local/lib/python3.12/site-packages/airflow/example_dags/example_python_operator.py for tasks to queue
[2026-04-10T10:01:40.216+0900] {logging_mixin.py:190} INFO - [2026-04-10T10:01:40.216+0900] {dagbag.py:587} INFO - Filling up the DagBag from /home/airflow/.local/lib/python3.12/site-packages/airflow/example_dags/example_python_operator.py
[2026-04-10T10:01:40.226+0900] {processor.py:925} INFO - DAG(s) 'example_python_operator' retrieved from /home/airflow/.local/lib/python3.12/site-packages/airflow/example_dags/example_python_operator.py
[2026-04-10T10:01:40.242+0900] {logging_mixin.py:190} INFO - [2026-04-10T10:01:40.241+0900] {dag.py:3211} INFO - Sync 1 DAGs
[2026-04-10T10:01:40.251+0900] {logging_mixin.py:190} INFO - [2026-04-10T10:01:40.251+0900] {dag.py:4138} INFO - Setting next_dagrun for example_python_operator to None, run_after=None
[2026-04-10T10:01:40.265+0900] {processor.py:208} INFO - Processing /home/airflow/.local/lib/python3.12/site-packages/airflow/example_dags/example_python_operator.py took 0.057 seconds
[2026-04-10T10:02:10.602+0900] {processor.py:186} INFO - Started process (PID=153125) to work on /home/airflow/.local/lib/python3.12/site-packages/airflow/example_dags/example_python_operator.py
[2026-04-10T10:02:10.603+0900] {processor.py:914} INFO - Processing file /home/airflow/.local/lib/python3.12/site-packages/airflow/example_dags/example_python_operator.py for tasks to queue
[2026-04-10T10:02:10.605+0900] {logging_mixin.py:190} INFO - [2026-04-10T10:02:10.605+0900] {dagbag.py:587} INFO - Filling up the DagBag from /home/airflow/.local/lib/python3.12/site-packages/airflow/example_dags/example_python_operator.py
[2026-04-10T10:02:10.614+0900] {processor.py:925} INFO - DAG(s) 'example_python_operator' retrieved from /home/airflow/.local/lib/python3.12/site-packages/airflow/example_dags/example_python_operator.py
[2026-04-10T10:02:10.632+0900] {logging_mixin.py:190} INFO - [2026-04-10T10:02:10.632+0900] {dag.py:3211} INFO - Sync 1 DAGs
[2026-04-10T10:02:10.642+0900] {logging_mixin.py:190} INFO - [2026-04-10T10:02:10.642+0900] {dag.py:4138} INFO - Setting next_dagrun for example_python_operator to None, run_after=None
[2026-04-10T10:02:10.657+0900] {processor.py:208} INFO - Processing /home/airflow/.local/lib/python3.12/site-packages/airflow/example_dags/example_python_operator.py took 0.060 seconds
[2026-04-10T10:02:41.040+0900] {processor.py:186} INFO - Started process (PID=153188) to work on /home/airflow/.local/lib/python3.12/site-packages/airflow/example_dags/example_python_operator.py
[2026-04-10T10:02:41.042+0900] {processor.py:914} INFO - Processing file /home/airflow/.local/lib/python3.12/site-packages/airflow/example_dags/example_python_operator.py for tasks to queue
[2026-04-10T10:02:41.044+0900] {logging_mixin.py:190} INFO - [2026-04-10T10:02:41.044+0900] {dagbag.py:587} INFO - Filling up the DagBag from /home/airflow/.local/lib/python3.12/site-packages/airflow/example_dags/example_python_operator.py
[2026-04-10T10:02:41.054+0900] {processor.py:925} INFO - DAG(s) 'example_python_operator' retrieved from /home/airflow/.local/lib/python3.12/site-packages/airflow/example_dags/example_python_operator.py
[2026-04-10T10:02:41.072+0900] {logging_mixin.py:190} INFO - [2026-04-10T10:02:41.072+0900] {dag.py:3211} INFO - Sync 1 DAGs
[2026-04-10T10:02:41.082+0900] {logging_mixin.py:190} INFO - [2026-04-10T10:02:41.082+0900] {dag.py:4138} INFO - Setting next_dagrun for example_python_operator to None, run_after=None
[2026-04-10T10:02:41.097+0900] {processor.py:208} INFO - Processing /home/airflow/.local/lib/python3.12/site-packages/airflow/example_dags/example_python_operator.py took 0.062 seconds
[2026-04-10T10:03:11.488+0900] {processor.py:186} INFO - Started process (PID=153251) to work on /home/airflow/.local/lib/python3.12/site-packages/airflow/example_dags/example_python_operator.py
[2026-04-10T10:03:11.489+0900] {processor.py:914} INFO - Processing file /home/airflow/.local/lib/python3.12/site-packages/airflow/example_dags/example_python_operator.py for tasks to queue
[2026-04-10T10:03:11.491+0900] {logging_mixin.py:190} INFO - [2026-04-10T10:03:11.491+0900] {dagbag.py:587} INFO - Filling up the DagBag from /home/airflow/.local/lib/python3.12/site-packages/airflow/example_dags/example_python_operator.py
[2026-04-10T10:03:11.509+0900] {processor.py:925} INFO - DAG(s) 'example_python_operator' retrieved from /home/airflow/.local/lib/python3.12/site-packages/airflow/example_dags/example_python_operator.py
[2026-04-10T10:03:11.538+0900] {logging_mixin.py:190} INFO - [2026-04-10T10:03:11.537+0900] {dag.py:3211} INFO - Sync 1 DAGs
[2026-04-10T10:03:11.554+0900] {logging_mixin.py:190} INFO - [2026-04-10T10:03:11.553+0900] {dag.py:4138} INFO - Setting next_dagrun for example_python_operator to None, run_after=None
[2026-04-10T10:03:11.575+0900] {processor.py:208} INFO - Processing /home/airflow/.local/lib/python3.12/site-packages/airflow/example_dags/example_python_operator.py took 0.092 seconds
[2026-04-10T10:03:41.632+0900] {processor.py:186} INFO - Started process (PID=153314) to work on /home/airflow/.local/lib/python3.12/site-packages/airflow/example_dags/example_python_operator.py
[2026-04-10T10:03:41.633+0900] {processor.py:914} INFO - Processing file /home/airflow/.local/lib/python3.12/site-packages/airflow/example_dags/example_python_operator.py for tasks to queue
[2026-04-10T10:03:41.636+0900] {logging_mixin.py:190} INFO - [2026-04-10T10:03:41.635+0900] {dagbag.py:587} INFO - Filling up the DagBag from /home/airflow/.local/lib/python3.12/site-packages/airflow/example_dags/example_python_operator.py
[2026-04-10T10:03:41.646+0900] {processor.py:925} INFO - DAG(s) 'example_python_operator' retrieved from /home/airflow/.local/lib/python3.12/site-packages/airflow/example_dags/example_python_operator.py
[2026-04-10T10:03:41.664+0900] {logging_mixin.py:190} INFO - [2026-04-10T10:03:41.663+0900] {dag.py:3211} INFO - Sync 1 DAGs
[2026-04-10T10:03:41.674+0900] {logging_mixin.py:190} INFO - [2026-04-10T10:03:41.674+0900] {dag.py:4138} INFO - Setting next_dagrun for example_python_operator to None, run_after=None
[2026-04-10T10:03:41.688+0900] {processor.py:208} INFO - Processing /home/airflow/.local/lib/python3.12/site-packages/airflow/example_dags/example_python_operator.py took 0.061 seconds
[2026-04-10T10:04:12.116+0900] {processor.py:186} INFO - Started process (PID=153377) to work on /home/airflow/.local/lib/python3.12/site-packages/airflow/example_dags/example_python_operator.py
[2026-04-10T10:04:12.117+0900] {processor.py:914} INFO - Processing file /home/airflow/.local/lib/python3.12/site-packages/airflow/example_dags/example_python_operator.py for tasks to queue
[2026-04-10T10:04:12.121+0900] {logging_mixin.py:190} INFO - [2026-04-10T10:04:12.120+0900] {dagbag.py:587} INFO - Filling up the DagBag from /home/airflow/.local/lib/python3.12/site-packages/airflow/example_dags/example_python_operator.py
[2026-04-10T10:04:12.135+0900] {processor.py:925} INFO - DAG(s) 'example_python_operator' retrieved from /home/airflow/.local/lib/python3.12/site-packages/airflow/example_dags/example_python_operator.py
[2026-04-10T10:04:12.166+0900] {logging_mixin.py:190} INFO - [2026-04-10T10:04:12.166+0900] {dag.py:3211} INFO - Sync 1 DAGs
[2026-04-10T10:04:12.187+0900] {logging_mixin.py:190} INFO - [2026-04-10T10:04:12.186+0900] {dag.py:4138} INFO - Setting next_dagrun for example_python_operator to None, run_after=None
[2026-04-10T10:04:12.218+0900] {processor.py:208} INFO - Processing /home/airflow/.local/lib/python3.12/site-packages/airflow/example_dags/example_python_operator.py took 0.110 seconds
[2026-04-10T10:04:43.688+0900] {processor.py:186} INFO - Started process (PID=153440) to work on /home/airflow/.local/lib/python3.12/site-packages/airflow/example_dags/example_python_operator.py
[2026-04-10T10:04:43.692+0900] {processor.py:914} INFO - Processing file /home/airflow/.local/lib/python3.12/site-packages/airflow/example_dags/example_python_operator.py for tasks to queue
[2026-04-10T10:04:43.703+0900] {logging_mixin.py:190} INFO - [2026-04-10T10:04:43.701+0900] {dagbag.py:587} INFO - Filling up the DagBag from /home/airflow/.local/lib/python3.12/site-packages/airflow/example_dags/example_python_operator.py
[2026-04-10T10:04:43.740+0900] {processor.py:925} INFO - DAG(s) 'example_python_operator' retrieved from /home/airflow/.local/lib/python3.12/site-packages/airflow/example_dags/example_python_operator.py
[2026-04-10T10:04:43.805+0900] {logging_mixin.py:190} INFO - [2026-04-10T10:04:43.804+0900] {dag.py:3211} INFO - Sync 1 DAGs
[2026-04-10T10:04:43.858+0900] {logging_mixin.py:190} INFO - [2026-04-10T10:04:43.858+0900] {dag.py:4138} INFO - Setting next_dagrun for example_python_operator to None, run_after=None
[2026-04-10T10:04:43.904+0900] {processor.py:208} INFO - Processing /home/airflow/.local/lib/python3.12/site-packages/airflow/example_dags/example_python_operator.py took 0.244 seconds
[2026-04-10T10:05:14.239+0900] {processor.py:186} INFO - Started process (PID=153503) to work on /home/airflow/.local/lib/python3.12/site-packages/airflow/example_dags/example_python_operator.py
[2026-04-10T10:05:14.241+0900] {processor.py:914} INFO - Processing file /home/airflow/.local/lib/python3.12/site-packages/airflow/example_dags/example_python_operator.py for tasks to queue
[2026-04-10T10:05:14.246+0900] {logging_mixin.py:190} INFO - [2026-04-10T10:05:14.245+0900] {dagbag.py:587} INFO - Filling up the DagBag from /home/airflow/.local/lib/python3.12/site-packages/airflow/example_dags/example_python_operator.py
[2026-04-10T10:05:14.269+0900] {processor.py:925} INFO - DAG(s) 'example_python_operator' retrieved from /home/airflow/.local/lib/python3.12/site-packages/airflow/example_dags/example_python_operator.py
[2026-04-10T10:05:14.309+0900] {logging_mixin.py:190} INFO - [2026-04-10T10:05:14.309+0900] {dag.py:3211} INFO - Sync 1 DAGs
[2026-04-10T10:05:14.331+0900] {logging_mixin.py:190} INFO - [2026-04-10T10:05:14.331+0900] {dag.py:4138} INFO - Setting next_dagrun for example_python_operator to None, run_after=None
[2026-04-10T10:05:14.367+0900] {processor.py:208} INFO - Processing /home/airflow/.local/lib/python3.12/site-packages/airflow/example_dags/example_python_operator.py took 0.138 seconds
[2026-04-10T10:05:44.536+0900] {processor.py:186} INFO - Started process (PID=153566) to work on /home/airflow/.local/lib/python3.12/site-packages/airflow/example_dags/example_python_operator.py
[2026-04-10T10:05:44.539+0900] {processor.py:914} INFO - Processing file /home/airflow/.local/lib/python3.12/site-packages/airflow/example_dags/example_python_operator.py for tasks to queue
[2026-04-10T10:05:44.545+0900] {logging_mixin.py:190} INFO - [2026-04-10T10:05:44.544+0900] {dagbag.py:587} INFO - Filling up the DagBag from /home/airflow/.local/lib/python3.12/site-packages/airflow/example_dags/example_python_operator.py
[2026-04-10T10:05:44.564+0900] {processor.py:925} INFO - DAG(s) 'example_python_operator' retrieved from /home/airflow/.local/lib/python3.12/site-packages/airflow/example_dags/example_python_operator.py
[2026-04-10T10:05:44.597+0900] {logging_mixin.py:190} INFO - [2026-04-10T10:05:44.597+0900] {dag.py:3211} INFO - Sync 1 DAGs
[2026-04-10T10:05:44.619+0900] {logging_mixin.py:190} INFO - [2026-04-10T10:05:44.619+0900] {dag.py:4138} INFO - Setting next_dagrun for example_python_operator to None, run_after=None
[2026-04-10T10:05:44.654+0900] {processor.py:208} INFO - Processing /home/airflow/.local/lib/python3.12/site-packages/airflow/example_dags/example_python_operator.py took 0.131 seconds
[2026-04-10T10:06:14.886+0900] {processor.py:186} INFO - Started process (PID=153629) to work on /home/airflow/.local/lib/python3.12/site-packages/airflow/example_dags/example_python_operator.py
[2026-04-10T10:06:14.889+0900] {processor.py:914} INFO - Processing file /home/airflow/.local/lib/python3.12/site-packages/airflow/example_dags/example_python_operator.py for tasks to queue
[2026-04-10T10:06:14.894+0900] {logging_mixin.py:190} INFO - [2026-04-10T10:06:14.893+0900] {dagbag.py:587} INFO - Filling up the DagBag from /home/airflow/.local/lib/python3.12/site-packages/airflow/example_dags/example_python_operator.py
[2026-04-10T10:06:14.915+0900] {processor.py:925} INFO - DAG(s) 'example_python_operator' retrieved from /home/airflow/.local/lib/python3.12/site-packages/airflow/example_dags/example_python_operator.py
[2026-04-10T10:06:14.947+0900] {logging_mixin.py:190} INFO - [2026-04-10T10:06:14.946+0900] {dag.py:3211} INFO - Sync 1 DAGs
[2026-04-10T10:06:14.968+0900] {logging_mixin.py:190} INFO - [2026-04-10T10:06:14.967+0900] {dag.py:4138} INFO - Setting next_dagrun for example_python_operator to None, run_after=None
[2026-04-10T10:06:15.042+0900] {processor.py:208} INFO - Processing /home/airflow/.local/lib/python3.12/site-packages/airflow/example_dags/example_python_operator.py took 0.168 seconds
