[2026-04-10T09:00:11.961+0900] {processor.py:186} INFO - Started process (PID=145466) to work on /home/airflow/.local/lib/python3.12/site-packages/airflow/example_dags/example_dataset_alias_with_no_taskflow.py
[2026-04-10T09:00:11.962+0900] {processor.py:914} INFO - Processing file /home/airflow/.local/lib/python3.12/site-packages/airflow/example_dags/example_dataset_alias_with_no_taskflow.py for tasks to queue
[2026-04-10T09:00:11.964+0900] {logging_mixin.py:190} INFO - [2026-04-10T09:00:11.963+0900] {dagbag.py:587} INFO - Filling up the DagBag from /home/airflow/.local/lib/python3.12/site-packages/airflow/example_dags/example_dataset_alias_with_no_taskflow.py
[2026-04-10T09:00:12.070+0900] {processor.py:925} INFO - DAG(s) 'dataset_alias_example_alias_consumer_with_no_taskflow', 'dataset_s3_bucket_producer_with_no_taskflow', 'dataset_s3_bucket_consumer_with_no_taskflow', 'dataset_alias_example_alias_producer_with_no_taskflow' retrieved from /home/airflow/.local/lib/python3.12/site-packages/airflow/example_dags/example_dataset_alias_with_no_taskflow.py
[2026-04-10T09:00:12.085+0900] {logging_mixin.py:190} INFO - [2026-04-10T09:00:12.085+0900] {dag.py:3211} INFO - Sync 4 DAGs
[2026-04-10T09:00:12.101+0900] {logging_mixin.py:190} INFO - [2026-04-10T09:00:12.101+0900] {dag.py:4138} INFO - Setting next_dagrun for dataset_alias_example_alias_consumer_with_no_taskflow to None, run_after=None
[2026-04-10T09:00:12.103+0900] {logging_mixin.py:190} INFO - [2026-04-10T09:00:12.103+0900] {dag.py:4138} INFO - Setting next_dagrun for dataset_alias_example_alias_producer_with_no_taskflow to None, run_after=None
[2026-04-10T09:00:12.105+0900] {logging_mixin.py:190} INFO - [2026-04-10T09:00:12.104+0900] {dag.py:4138} INFO - Setting next_dagrun for dataset_s3_bucket_consumer_with_no_taskflow to None, run_after=None
[2026-04-10T09:00:12.106+0900] {logging_mixin.py:190} INFO - [2026-04-10T09:00:12.106+0900] {dag.py:4138} INFO - Setting next_dagrun for dataset_s3_bucket_producer_with_no_taskflow to None, run_after=None
[2026-04-10T09:00:12.268+0900] {processor.py:208} INFO - Processing /home/airflow/.local/lib/python3.12/site-packages/airflow/example_dags/example_dataset_alias_with_no_taskflow.py took 0.312 seconds
[2026-04-10T09:00:42.434+0900] {processor.py:186} INFO - Started process (PID=145529) to work on /home/airflow/.local/lib/python3.12/site-packages/airflow/example_dags/example_dataset_alias_with_no_taskflow.py
[2026-04-10T09:00:42.435+0900] {processor.py:914} INFO - Processing file /home/airflow/.local/lib/python3.12/site-packages/airflow/example_dags/example_dataset_alias_with_no_taskflow.py for tasks to queue
[2026-04-10T09:00:42.437+0900] {logging_mixin.py:190} INFO - [2026-04-10T09:00:42.437+0900] {dagbag.py:587} INFO - Filling up the DagBag from /home/airflow/.local/lib/python3.12/site-packages/airflow/example_dags/example_dataset_alias_with_no_taskflow.py
[2026-04-10T09:00:42.536+0900] {processor.py:925} INFO - DAG(s) 'dataset_alias_example_alias_consumer_with_no_taskflow', 'dataset_s3_bucket_producer_with_no_taskflow', 'dataset_s3_bucket_consumer_with_no_taskflow', 'dataset_alias_example_alias_producer_with_no_taskflow' retrieved from /home/airflow/.local/lib/python3.12/site-packages/airflow/example_dags/example_dataset_alias_with_no_taskflow.py
[2026-04-10T09:00:42.550+0900] {logging_mixin.py:190} INFO - [2026-04-10T09:00:42.550+0900] {dag.py:3211} INFO - Sync 4 DAGs
[2026-04-10T09:00:42.564+0900] {logging_mixin.py:190} INFO - [2026-04-10T09:00:42.563+0900] {dag.py:4138} INFO - Setting next_dagrun for dataset_alias_example_alias_consumer_with_no_taskflow to None, run_after=None
[2026-04-10T09:00:42.565+0900] {logging_mixin.py:190} INFO - [2026-04-10T09:00:42.565+0900] {dag.py:4138} INFO - Setting next_dagrun for dataset_alias_example_alias_producer_with_no_taskflow to None, run_after=None
[2026-04-10T09:00:42.566+0900] {logging_mixin.py:190} INFO - [2026-04-10T09:00:42.566+0900] {dag.py:4138} INFO - Setting next_dagrun for dataset_s3_bucket_consumer_with_no_taskflow to None, run_after=None
[2026-04-10T09:00:42.567+0900] {logging_mixin.py:190} INFO - [2026-04-10T09:00:42.567+0900] {dag.py:4138} INFO - Setting next_dagrun for dataset_s3_bucket_producer_with_no_taskflow to None, run_after=None
[2026-04-10T09:00:42.581+0900] {processor.py:208} INFO - Processing /home/airflow/.local/lib/python3.12/site-packages/airflow/example_dags/example_dataset_alias_with_no_taskflow.py took 0.152 seconds
[2026-04-10T09:01:13.399+0900] {processor.py:186} INFO - Started process (PID=145592) to work on /home/airflow/.local/lib/python3.12/site-packages/airflow/example_dags/example_dataset_alias_with_no_taskflow.py
[2026-04-10T09:01:13.400+0900] {processor.py:914} INFO - Processing file /home/airflow/.local/lib/python3.12/site-packages/airflow/example_dags/example_dataset_alias_with_no_taskflow.py for tasks to queue
[2026-04-10T09:01:13.402+0900] {logging_mixin.py:190} INFO - [2026-04-10T09:01:13.401+0900] {dagbag.py:587} INFO - Filling up the DagBag from /home/airflow/.local/lib/python3.12/site-packages/airflow/example_dags/example_dataset_alias_with_no_taskflow.py
[2026-04-10T09:01:13.502+0900] {processor.py:925} INFO - DAG(s) 'dataset_alias_example_alias_producer_with_no_taskflow', 'dataset_s3_bucket_producer_with_no_taskflow', 'dataset_alias_example_alias_consumer_with_no_taskflow', 'dataset_s3_bucket_consumer_with_no_taskflow' retrieved from /home/airflow/.local/lib/python3.12/site-packages/airflow/example_dags/example_dataset_alias_with_no_taskflow.py
[2026-04-10T09:01:13.645+0900] {logging_mixin.py:190} INFO - [2026-04-10T09:01:13.645+0900] {dag.py:3211} INFO - Sync 4 DAGs
[2026-04-10T09:01:13.659+0900] {logging_mixin.py:190} INFO - [2026-04-10T09:01:13.658+0900] {dag.py:4138} INFO - Setting next_dagrun for dataset_alias_example_alias_consumer_with_no_taskflow to None, run_after=None
[2026-04-10T09:01:13.661+0900] {logging_mixin.py:190} INFO - [2026-04-10T09:01:13.661+0900] {dag.py:4138} INFO - Setting next_dagrun for dataset_alias_example_alias_producer_with_no_taskflow to None, run_after=None
[2026-04-10T09:01:13.662+0900] {logging_mixin.py:190} INFO - [2026-04-10T09:01:13.662+0900] {dag.py:4138} INFO - Setting next_dagrun for dataset_s3_bucket_consumer_with_no_taskflow to None, run_after=None
[2026-04-10T09:01:13.664+0900] {logging_mixin.py:190} INFO - [2026-04-10T09:01:13.664+0900] {dag.py:4138} INFO - Setting next_dagrun for dataset_s3_bucket_producer_with_no_taskflow to None, run_after=None
[2026-04-10T09:01:13.677+0900] {processor.py:208} INFO - Processing /home/airflow/.local/lib/python3.12/site-packages/airflow/example_dags/example_dataset_alias_with_no_taskflow.py took 0.282 seconds
[2026-04-10T09:01:43.746+0900] {processor.py:186} INFO - Started process (PID=145655) to work on /home/airflow/.local/lib/python3.12/site-packages/airflow/example_dags/example_dataset_alias_with_no_taskflow.py
[2026-04-10T09:01:43.747+0900] {processor.py:914} INFO - Processing file /home/airflow/.local/lib/python3.12/site-packages/airflow/example_dags/example_dataset_alias_with_no_taskflow.py for tasks to queue
[2026-04-10T09:01:43.750+0900] {logging_mixin.py:190} INFO - [2026-04-10T09:01:43.749+0900] {dagbag.py:587} INFO - Filling up the DagBag from /home/airflow/.local/lib/python3.12/site-packages/airflow/example_dags/example_dataset_alias_with_no_taskflow.py
[2026-04-10T09:01:43.867+0900] {processor.py:925} INFO - DAG(s) 'dataset_alias_example_alias_producer_with_no_taskflow', 'dataset_s3_bucket_consumer_with_no_taskflow', 'dataset_s3_bucket_producer_with_no_taskflow', 'dataset_alias_example_alias_consumer_with_no_taskflow' retrieved from /home/airflow/.local/lib/python3.12/site-packages/airflow/example_dags/example_dataset_alias_with_no_taskflow.py
[2026-04-10T09:01:43.885+0900] {logging_mixin.py:190} INFO - [2026-04-10T09:01:43.885+0900] {dag.py:3211} INFO - Sync 4 DAGs
[2026-04-10T09:01:44.033+0900] {logging_mixin.py:190} INFO - [2026-04-10T09:01:44.033+0900] {dag.py:4138} INFO - Setting next_dagrun for dataset_alias_example_alias_consumer_with_no_taskflow to None, run_after=None
[2026-04-10T09:01:44.036+0900] {logging_mixin.py:190} INFO - [2026-04-10T09:01:44.036+0900] {dag.py:4138} INFO - Setting next_dagrun for dataset_alias_example_alias_producer_with_no_taskflow to None, run_after=None
[2026-04-10T09:01:44.037+0900] {logging_mixin.py:190} INFO - [2026-04-10T09:01:44.037+0900] {dag.py:4138} INFO - Setting next_dagrun for dataset_s3_bucket_consumer_with_no_taskflow to None, run_after=None
[2026-04-10T09:01:44.039+0900] {logging_mixin.py:190} INFO - [2026-04-10T09:01:44.039+0900] {dag.py:4138} INFO - Setting next_dagrun for dataset_s3_bucket_producer_with_no_taskflow to None, run_after=None
[2026-04-10T09:01:44.053+0900] {processor.py:208} INFO - Processing /home/airflow/.local/lib/python3.12/site-packages/airflow/example_dags/example_dataset_alias_with_no_taskflow.py took 0.313 seconds
[2026-04-10T09:02:14.955+0900] {processor.py:186} INFO - Started process (PID=145718) to work on /home/airflow/.local/lib/python3.12/site-packages/airflow/example_dags/example_dataset_alias_with_no_taskflow.py
[2026-04-10T09:02:14.956+0900] {processor.py:914} INFO - Processing file /home/airflow/.local/lib/python3.12/site-packages/airflow/example_dags/example_dataset_alias_with_no_taskflow.py for tasks to queue
[2026-04-10T09:02:14.958+0900] {logging_mixin.py:190} INFO - [2026-04-10T09:02:14.958+0900] {dagbag.py:587} INFO - Filling up the DagBag from /home/airflow/.local/lib/python3.12/site-packages/airflow/example_dags/example_dataset_alias_with_no_taskflow.py
[2026-04-10T09:02:15.059+0900] {processor.py:925} INFO - DAG(s) 'dataset_s3_bucket_consumer_with_no_taskflow', 'dataset_alias_example_alias_producer_with_no_taskflow', 'dataset_s3_bucket_producer_with_no_taskflow', 'dataset_alias_example_alias_consumer_with_no_taskflow' retrieved from /home/airflow/.local/lib/python3.12/site-packages/airflow/example_dags/example_dataset_alias_with_no_taskflow.py
[2026-04-10T09:02:15.074+0900] {logging_mixin.py:190} INFO - [2026-04-10T09:02:15.074+0900] {dag.py:3211} INFO - Sync 4 DAGs
[2026-04-10T09:02:15.217+0900] {logging_mixin.py:190} INFO - [2026-04-10T09:02:15.216+0900] {dag.py:4138} INFO - Setting next_dagrun for dataset_alias_example_alias_consumer_with_no_taskflow to None, run_after=None
[2026-04-10T09:02:15.219+0900] {logging_mixin.py:190} INFO - [2026-04-10T09:02:15.219+0900] {dag.py:4138} INFO - Setting next_dagrun for dataset_alias_example_alias_producer_with_no_taskflow to None, run_after=None
[2026-04-10T09:02:15.220+0900] {logging_mixin.py:190} INFO - [2026-04-10T09:02:15.220+0900] {dag.py:4138} INFO - Setting next_dagrun for dataset_s3_bucket_consumer_with_no_taskflow to None, run_after=None
[2026-04-10T09:02:15.222+0900] {logging_mixin.py:190} INFO - [2026-04-10T09:02:15.222+0900] {dag.py:4138} INFO - Setting next_dagrun for dataset_s3_bucket_producer_with_no_taskflow to None, run_after=None
[2026-04-10T09:02:15.236+0900] {processor.py:208} INFO - Processing /home/airflow/.local/lib/python3.12/site-packages/airflow/example_dags/example_dataset_alias_with_no_taskflow.py took 0.285 seconds
[2026-04-10T09:02:45.905+0900] {processor.py:186} INFO - Started process (PID=145781) to work on /home/airflow/.local/lib/python3.12/site-packages/airflow/example_dags/example_dataset_alias_with_no_taskflow.py
[2026-04-10T09:02:45.907+0900] {processor.py:914} INFO - Processing file /home/airflow/.local/lib/python3.12/site-packages/airflow/example_dags/example_dataset_alias_with_no_taskflow.py for tasks to queue
[2026-04-10T09:02:45.909+0900] {logging_mixin.py:190} INFO - [2026-04-10T09:02:45.909+0900] {dagbag.py:587} INFO - Filling up the DagBag from /home/airflow/.local/lib/python3.12/site-packages/airflow/example_dags/example_dataset_alias_with_no_taskflow.py
[2026-04-10T09:02:46.025+0900] {processor.py:925} INFO - DAG(s) 'dataset_s3_bucket_consumer_with_no_taskflow', 'dataset_alias_example_alias_consumer_with_no_taskflow', 'dataset_alias_example_alias_producer_with_no_taskflow', 'dataset_s3_bucket_producer_with_no_taskflow' retrieved from /home/airflow/.local/lib/python3.12/site-packages/airflow/example_dags/example_dataset_alias_with_no_taskflow.py
[2026-04-10T09:02:46.041+0900] {logging_mixin.py:190} INFO - [2026-04-10T09:02:46.040+0900] {dag.py:3211} INFO - Sync 4 DAGs
[2026-04-10T09:02:46.186+0900] {logging_mixin.py:190} INFO - [2026-04-10T09:02:46.186+0900] {dag.py:4138} INFO - Setting next_dagrun for dataset_alias_example_alias_consumer_with_no_taskflow to None, run_after=None
[2026-04-10T09:02:46.188+0900] {logging_mixin.py:190} INFO - [2026-04-10T09:02:46.188+0900] {dag.py:4138} INFO - Setting next_dagrun for dataset_alias_example_alias_producer_with_no_taskflow to None, run_after=None
[2026-04-10T09:02:46.189+0900] {logging_mixin.py:190} INFO - [2026-04-10T09:02:46.189+0900] {dag.py:4138} INFO - Setting next_dagrun for dataset_s3_bucket_consumer_with_no_taskflow to None, run_after=None
[2026-04-10T09:02:46.191+0900] {logging_mixin.py:190} INFO - [2026-04-10T09:02:46.191+0900] {dag.py:4138} INFO - Setting next_dagrun for dataset_s3_bucket_producer_with_no_taskflow to None, run_after=None
[2026-04-10T09:02:46.205+0900] {processor.py:208} INFO - Processing /home/airflow/.local/lib/python3.12/site-packages/airflow/example_dags/example_dataset_alias_with_no_taskflow.py took 0.306 seconds
[2026-04-10T09:03:16.784+0900] {processor.py:186} INFO - Started process (PID=145844) to work on /home/airflow/.local/lib/python3.12/site-packages/airflow/example_dags/example_dataset_alias_with_no_taskflow.py
[2026-04-10T09:03:16.786+0900] {processor.py:914} INFO - Processing file /home/airflow/.local/lib/python3.12/site-packages/airflow/example_dags/example_dataset_alias_with_no_taskflow.py for tasks to queue
[2026-04-10T09:03:16.788+0900] {logging_mixin.py:190} INFO - [2026-04-10T09:03:16.787+0900] {dagbag.py:587} INFO - Filling up the DagBag from /home/airflow/.local/lib/python3.12/site-packages/airflow/example_dags/example_dataset_alias_with_no_taskflow.py
[2026-04-10T09:03:17.047+0900] {processor.py:925} INFO - DAG(s) 'dataset_s3_bucket_producer_with_no_taskflow', 'dataset_alias_example_alias_producer_with_no_taskflow', 'dataset_alias_example_alias_consumer_with_no_taskflow', 'dataset_s3_bucket_consumer_with_no_taskflow' retrieved from /home/airflow/.local/lib/python3.12/site-packages/airflow/example_dags/example_dataset_alias_with_no_taskflow.py
[2026-04-10T09:03:17.062+0900] {logging_mixin.py:190} INFO - [2026-04-10T09:03:17.061+0900] {dag.py:3211} INFO - Sync 4 DAGs
[2026-04-10T09:03:17.076+0900] {logging_mixin.py:190} INFO - [2026-04-10T09:03:17.076+0900] {dag.py:4138} INFO - Setting next_dagrun for dataset_alias_example_alias_consumer_with_no_taskflow to None, run_after=None
[2026-04-10T09:03:17.078+0900] {logging_mixin.py:190} INFO - [2026-04-10T09:03:17.078+0900] {dag.py:4138} INFO - Setting next_dagrun for dataset_alias_example_alias_producer_with_no_taskflow to None, run_after=None
[2026-04-10T09:03:17.080+0900] {logging_mixin.py:190} INFO - [2026-04-10T09:03:17.080+0900] {dag.py:4138} INFO - Setting next_dagrun for dataset_s3_bucket_consumer_with_no_taskflow to None, run_after=None
[2026-04-10T09:03:17.081+0900] {logging_mixin.py:190} INFO - [2026-04-10T09:03:17.081+0900] {dag.py:4138} INFO - Setting next_dagrun for dataset_s3_bucket_producer_with_no_taskflow to None, run_after=None
[2026-04-10T09:03:17.096+0900] {processor.py:208} INFO - Processing /home/airflow/.local/lib/python3.12/site-packages/airflow/example_dags/example_dataset_alias_with_no_taskflow.py took 0.317 seconds
[2026-04-10T09:03:47.165+0900] {processor.py:186} INFO - Started process (PID=145909) to work on /home/airflow/.local/lib/python3.12/site-packages/airflow/example_dags/example_dataset_alias_with_no_taskflow.py
[2026-04-10T09:03:47.166+0900] {processor.py:914} INFO - Processing file /home/airflow/.local/lib/python3.12/site-packages/airflow/example_dags/example_dataset_alias_with_no_taskflow.py for tasks to queue
[2026-04-10T09:03:47.169+0900] {logging_mixin.py:190} INFO - [2026-04-10T09:03:47.168+0900] {dagbag.py:587} INFO - Filling up the DagBag from /home/airflow/.local/lib/python3.12/site-packages/airflow/example_dags/example_dataset_alias_with_no_taskflow.py
[2026-04-10T09:03:47.428+0900] {processor.py:925} INFO - DAG(s) 'dataset_s3_bucket_producer_with_no_taskflow', 'dataset_s3_bucket_consumer_with_no_taskflow', 'dataset_alias_example_alias_producer_with_no_taskflow', 'dataset_alias_example_alias_consumer_with_no_taskflow' retrieved from /home/airflow/.local/lib/python3.12/site-packages/airflow/example_dags/example_dataset_alias_with_no_taskflow.py
[2026-04-10T09:03:47.442+0900] {logging_mixin.py:190} INFO - [2026-04-10T09:03:47.442+0900] {dag.py:3211} INFO - Sync 4 DAGs
[2026-04-10T09:03:47.457+0900] {logging_mixin.py:190} INFO - [2026-04-10T09:03:47.457+0900] {dag.py:4138} INFO - Setting next_dagrun for dataset_alias_example_alias_consumer_with_no_taskflow to None, run_after=None
[2026-04-10T09:03:47.460+0900] {logging_mixin.py:190} INFO - [2026-04-10T09:03:47.460+0900] {dag.py:4138} INFO - Setting next_dagrun for dataset_alias_example_alias_producer_with_no_taskflow to None, run_after=None
[2026-04-10T09:03:47.463+0900] {logging_mixin.py:190} INFO - [2026-04-10T09:03:47.463+0900] {dag.py:4138} INFO - Setting next_dagrun for dataset_s3_bucket_consumer_with_no_taskflow to None, run_after=None
[2026-04-10T09:03:47.464+0900] {logging_mixin.py:190} INFO - [2026-04-10T09:03:47.464+0900] {dag.py:4138} INFO - Setting next_dagrun for dataset_s3_bucket_producer_with_no_taskflow to None, run_after=None
[2026-04-10T09:03:47.486+0900] {processor.py:208} INFO - Processing /home/airflow/.local/lib/python3.12/site-packages/airflow/example_dags/example_dataset_alias_with_no_taskflow.py took 0.326 seconds
[2026-04-10T09:04:18.286+0900] {processor.py:186} INFO - Started process (PID=145972) to work on /home/airflow/.local/lib/python3.12/site-packages/airflow/example_dags/example_dataset_alias_with_no_taskflow.py
[2026-04-10T09:04:18.287+0900] {processor.py:914} INFO - Processing file /home/airflow/.local/lib/python3.12/site-packages/airflow/example_dags/example_dataset_alias_with_no_taskflow.py for tasks to queue
[2026-04-10T09:04:18.290+0900] {logging_mixin.py:190} INFO - [2026-04-10T09:04:18.290+0900] {dagbag.py:587} INFO - Filling up the DagBag from /home/airflow/.local/lib/python3.12/site-packages/airflow/example_dags/example_dataset_alias_with_no_taskflow.py
[2026-04-10T09:04:18.537+0900] {processor.py:925} INFO - DAG(s) 'dataset_s3_bucket_producer_with_no_taskflow', 'dataset_alias_example_alias_consumer_with_no_taskflow', 'dataset_alias_example_alias_producer_with_no_taskflow', 'dataset_s3_bucket_consumer_with_no_taskflow' retrieved from /home/airflow/.local/lib/python3.12/site-packages/airflow/example_dags/example_dataset_alias_with_no_taskflow.py
[2026-04-10T09:04:18.552+0900] {logging_mixin.py:190} INFO - [2026-04-10T09:04:18.552+0900] {dag.py:3211} INFO - Sync 4 DAGs
[2026-04-10T09:04:18.566+0900] {logging_mixin.py:190} INFO - [2026-04-10T09:04:18.566+0900] {dag.py:4138} INFO - Setting next_dagrun for dataset_alias_example_alias_consumer_with_no_taskflow to None, run_after=None
[2026-04-10T09:04:18.568+0900] {logging_mixin.py:190} INFO - [2026-04-10T09:04:18.568+0900] {dag.py:4138} INFO - Setting next_dagrun for dataset_alias_example_alias_producer_with_no_taskflow to None, run_after=None
[2026-04-10T09:04:18.570+0900] {logging_mixin.py:190} INFO - [2026-04-10T09:04:18.570+0900] {dag.py:4138} INFO - Setting next_dagrun for dataset_s3_bucket_consumer_with_no_taskflow to None, run_after=None
[2026-04-10T09:04:18.571+0900] {logging_mixin.py:190} INFO - [2026-04-10T09:04:18.571+0900] {dag.py:4138} INFO - Setting next_dagrun for dataset_s3_bucket_producer_with_no_taskflow to None, run_after=None
[2026-04-10T09:04:18.591+0900] {processor.py:208} INFO - Processing /home/airflow/.local/lib/python3.12/site-packages/airflow/example_dags/example_dataset_alias_with_no_taskflow.py took 0.310 seconds
[2026-04-10T09:04:49.255+0900] {processor.py:186} INFO - Started process (PID=146035) to work on /home/airflow/.local/lib/python3.12/site-packages/airflow/example_dags/example_dataset_alias_with_no_taskflow.py
[2026-04-10T09:04:49.256+0900] {processor.py:914} INFO - Processing file /home/airflow/.local/lib/python3.12/site-packages/airflow/example_dags/example_dataset_alias_with_no_taskflow.py for tasks to queue
[2026-04-10T09:04:49.258+0900] {logging_mixin.py:190} INFO - [2026-04-10T09:04:49.258+0900] {dagbag.py:587} INFO - Filling up the DagBag from /home/airflow/.local/lib/python3.12/site-packages/airflow/example_dags/example_dataset_alias_with_no_taskflow.py
[2026-04-10T09:04:49.501+0900] {processor.py:925} INFO - DAG(s) 'dataset_s3_bucket_producer_with_no_taskflow', 'dataset_alias_example_alias_consumer_with_no_taskflow', 'dataset_s3_bucket_consumer_with_no_taskflow', 'dataset_alias_example_alias_producer_with_no_taskflow' retrieved from /home/airflow/.local/lib/python3.12/site-packages/airflow/example_dags/example_dataset_alias_with_no_taskflow.py
[2026-04-10T09:04:49.516+0900] {logging_mixin.py:190} INFO - [2026-04-10T09:04:49.516+0900] {dag.py:3211} INFO - Sync 4 DAGs
[2026-04-10T09:04:49.531+0900] {logging_mixin.py:190} INFO - [2026-04-10T09:04:49.531+0900] {dag.py:4138} INFO - Setting next_dagrun for dataset_alias_example_alias_consumer_with_no_taskflow to None, run_after=None
[2026-04-10T09:04:49.533+0900] {logging_mixin.py:190} INFO - [2026-04-10T09:04:49.533+0900] {dag.py:4138} INFO - Setting next_dagrun for dataset_alias_example_alias_producer_with_no_taskflow to None, run_after=None
[2026-04-10T09:04:49.535+0900] {logging_mixin.py:190} INFO - [2026-04-10T09:04:49.534+0900] {dag.py:4138} INFO - Setting next_dagrun for dataset_s3_bucket_consumer_with_no_taskflow to None, run_after=None
[2026-04-10T09:04:49.536+0900] {logging_mixin.py:190} INFO - [2026-04-10T09:04:49.536+0900] {dag.py:4138} INFO - Setting next_dagrun for dataset_s3_bucket_producer_with_no_taskflow to None, run_after=None
[2026-04-10T09:04:49.550+0900] {processor.py:208} INFO - Processing /home/airflow/.local/lib/python3.12/site-packages/airflow/example_dags/example_dataset_alias_with_no_taskflow.py took 0.300 seconds
[2026-04-10T09:05:19.595+0900] {processor.py:186} INFO - Started process (PID=146098) to work on /home/airflow/.local/lib/python3.12/site-packages/airflow/example_dags/example_dataset_alias_with_no_taskflow.py
[2026-04-10T09:05:19.596+0900] {processor.py:914} INFO - Processing file /home/airflow/.local/lib/python3.12/site-packages/airflow/example_dags/example_dataset_alias_with_no_taskflow.py for tasks to queue
[2026-04-10T09:05:19.598+0900] {logging_mixin.py:190} INFO - [2026-04-10T09:05:19.598+0900] {dagbag.py:587} INFO - Filling up the DagBag from /home/airflow/.local/lib/python3.12/site-packages/airflow/example_dags/example_dataset_alias_with_no_taskflow.py
[2026-04-10T09:05:19.843+0900] {processor.py:925} INFO - DAG(s) 'dataset_alias_example_alias_consumer_with_no_taskflow', 'dataset_s3_bucket_producer_with_no_taskflow', 'dataset_s3_bucket_consumer_with_no_taskflow', 'dataset_alias_example_alias_producer_with_no_taskflow' retrieved from /home/airflow/.local/lib/python3.12/site-packages/airflow/example_dags/example_dataset_alias_with_no_taskflow.py
[2026-04-10T09:05:19.855+0900] {logging_mixin.py:190} INFO - [2026-04-10T09:05:19.855+0900] {dag.py:3211} INFO - Sync 4 DAGs
[2026-04-10T09:05:19.868+0900] {logging_mixin.py:190} INFO - [2026-04-10T09:05:19.868+0900] {dag.py:4138} INFO - Setting next_dagrun for dataset_alias_example_alias_consumer_with_no_taskflow to None, run_after=None
[2026-04-10T09:05:19.870+0900] {logging_mixin.py:190} INFO - [2026-04-10T09:05:19.870+0900] {dag.py:4138} INFO - Setting next_dagrun for dataset_alias_example_alias_producer_with_no_taskflow to None, run_after=None
[2026-04-10T09:05:19.872+0900] {logging_mixin.py:190} INFO - [2026-04-10T09:05:19.872+0900] {dag.py:4138} INFO - Setting next_dagrun for dataset_s3_bucket_consumer_with_no_taskflow to None, run_after=None
[2026-04-10T09:05:19.873+0900] {logging_mixin.py:190} INFO - [2026-04-10T09:05:19.873+0900] {dag.py:4138} INFO - Setting next_dagrun for dataset_s3_bucket_producer_with_no_taskflow to None, run_after=None
[2026-04-10T09:05:19.892+0900] {processor.py:208} INFO - Processing /home/airflow/.local/lib/python3.12/site-packages/airflow/example_dags/example_dataset_alias_with_no_taskflow.py took 0.302 seconds
[2026-04-10T09:05:50.403+0900] {processor.py:186} INFO - Started process (PID=146161) to work on /home/airflow/.local/lib/python3.12/site-packages/airflow/example_dags/example_dataset_alias_with_no_taskflow.py
[2026-04-10T09:05:50.404+0900] {processor.py:914} INFO - Processing file /home/airflow/.local/lib/python3.12/site-packages/airflow/example_dags/example_dataset_alias_with_no_taskflow.py for tasks to queue
[2026-04-10T09:05:50.407+0900] {logging_mixin.py:190} INFO - [2026-04-10T09:05:50.406+0900] {dagbag.py:587} INFO - Filling up the DagBag from /home/airflow/.local/lib/python3.12/site-packages/airflow/example_dags/example_dataset_alias_with_no_taskflow.py
[2026-04-10T09:05:50.639+0900] {processor.py:925} INFO - DAG(s) 'dataset_alias_example_alias_consumer_with_no_taskflow', 'dataset_s3_bucket_producer_with_no_taskflow', 'dataset_alias_example_alias_producer_with_no_taskflow', 'dataset_s3_bucket_consumer_with_no_taskflow' retrieved from /home/airflow/.local/lib/python3.12/site-packages/airflow/example_dags/example_dataset_alias_with_no_taskflow.py
[2026-04-10T09:05:50.653+0900] {logging_mixin.py:190} INFO - [2026-04-10T09:05:50.653+0900] {dag.py:3211} INFO - Sync 4 DAGs
[2026-04-10T09:05:50.667+0900] {logging_mixin.py:190} INFO - [2026-04-10T09:05:50.667+0900] {dag.py:4138} INFO - Setting next_dagrun for dataset_alias_example_alias_consumer_with_no_taskflow to None, run_after=None
[2026-04-10T09:05:50.669+0900] {logging_mixin.py:190} INFO - [2026-04-10T09:05:50.669+0900] {dag.py:4138} INFO - Setting next_dagrun for dataset_alias_example_alias_producer_with_no_taskflow to None, run_after=None
[2026-04-10T09:05:50.670+0900] {logging_mixin.py:190} INFO - [2026-04-10T09:05:50.670+0900] {dag.py:4138} INFO - Setting next_dagrun for dataset_s3_bucket_consumer_with_no_taskflow to None, run_after=None
[2026-04-10T09:05:50.671+0900] {logging_mixin.py:190} INFO - [2026-04-10T09:05:50.671+0900] {dag.py:4138} INFO - Setting next_dagrun for dataset_s3_bucket_producer_with_no_taskflow to None, run_after=None
[2026-04-10T09:05:50.691+0900] {processor.py:208} INFO - Processing /home/airflow/.local/lib/python3.12/site-packages/airflow/example_dags/example_dataset_alias_with_no_taskflow.py took 0.293 seconds
[2026-04-10T09:06:20.867+0900] {processor.py:186} INFO - Started process (PID=146225) to work on /home/airflow/.local/lib/python3.12/site-packages/airflow/example_dags/example_dataset_alias_with_no_taskflow.py
[2026-04-10T09:06:20.868+0900] {processor.py:914} INFO - Processing file /home/airflow/.local/lib/python3.12/site-packages/airflow/example_dags/example_dataset_alias_with_no_taskflow.py for tasks to queue
[2026-04-10T09:06:20.871+0900] {logging_mixin.py:190} INFO - [2026-04-10T09:06:20.870+0900] {dagbag.py:587} INFO - Filling up the DagBag from /home/airflow/.local/lib/python3.12/site-packages/airflow/example_dags/example_dataset_alias_with_no_taskflow.py
[2026-04-10T09:06:21.111+0900] {processor.py:925} INFO - DAG(s) 'dataset_s3_bucket_consumer_with_no_taskflow', 'dataset_alias_example_alias_producer_with_no_taskflow', 'dataset_alias_example_alias_consumer_with_no_taskflow', 'dataset_s3_bucket_producer_with_no_taskflow' retrieved from /home/airflow/.local/lib/python3.12/site-packages/airflow/example_dags/example_dataset_alias_with_no_taskflow.py
[2026-04-10T09:06:21.124+0900] {logging_mixin.py:190} INFO - [2026-04-10T09:06:21.123+0900] {dag.py:3211} INFO - Sync 4 DAGs
[2026-04-10T09:06:21.137+0900] {logging_mixin.py:190} INFO - [2026-04-10T09:06:21.137+0900] {dag.py:4138} INFO - Setting next_dagrun for dataset_alias_example_alias_consumer_with_no_taskflow to None, run_after=None
[2026-04-10T09:06:21.139+0900] {logging_mixin.py:190} INFO - [2026-04-10T09:06:21.139+0900] {dag.py:4138} INFO - Setting next_dagrun for dataset_alias_example_alias_producer_with_no_taskflow to None, run_after=None
[2026-04-10T09:06:21.141+0900] {logging_mixin.py:190} INFO - [2026-04-10T09:06:21.141+0900] {dag.py:4138} INFO - Setting next_dagrun for dataset_s3_bucket_consumer_with_no_taskflow to None, run_after=None
[2026-04-10T09:06:21.142+0900] {logging_mixin.py:190} INFO - [2026-04-10T09:06:21.142+0900] {dag.py:4138} INFO - Setting next_dagrun for dataset_s3_bucket_producer_with_no_taskflow to None, run_after=None
[2026-04-10T09:06:21.158+0900] {processor.py:208} INFO - Processing /home/airflow/.local/lib/python3.12/site-packages/airflow/example_dags/example_dataset_alias_with_no_taskflow.py took 0.295 seconds
[2026-04-10T09:06:51.265+0900] {processor.py:186} INFO - Started process (PID=146288) to work on /home/airflow/.local/lib/python3.12/site-packages/airflow/example_dags/example_dataset_alias_with_no_taskflow.py
[2026-04-10T09:06:51.266+0900] {processor.py:914} INFO - Processing file /home/airflow/.local/lib/python3.12/site-packages/airflow/example_dags/example_dataset_alias_with_no_taskflow.py for tasks to queue
[2026-04-10T09:06:51.268+0900] {logging_mixin.py:190} INFO - [2026-04-10T09:06:51.268+0900] {dagbag.py:587} INFO - Filling up the DagBag from /home/airflow/.local/lib/python3.12/site-packages/airflow/example_dags/example_dataset_alias_with_no_taskflow.py
[2026-04-10T09:06:51.509+0900] {processor.py:925} INFO - DAG(s) 'dataset_alias_example_alias_producer_with_no_taskflow', 'dataset_s3_bucket_consumer_with_no_taskflow', 'dataset_s3_bucket_producer_with_no_taskflow', 'dataset_alias_example_alias_consumer_with_no_taskflow' retrieved from /home/airflow/.local/lib/python3.12/site-packages/airflow/example_dags/example_dataset_alias_with_no_taskflow.py
[2026-04-10T09:06:51.524+0900] {logging_mixin.py:190} INFO - [2026-04-10T09:06:51.524+0900] {dag.py:3211} INFO - Sync 4 DAGs
[2026-04-10T09:06:51.536+0900] {logging_mixin.py:190} INFO - [2026-04-10T09:06:51.536+0900] {dag.py:4138} INFO - Setting next_dagrun for dataset_alias_example_alias_consumer_with_no_taskflow to None, run_after=None
[2026-04-10T09:06:51.538+0900] {logging_mixin.py:190} INFO - [2026-04-10T09:06:51.538+0900] {dag.py:4138} INFO - Setting next_dagrun for dataset_alias_example_alias_producer_with_no_taskflow to None, run_after=None
[2026-04-10T09:06:51.540+0900] {logging_mixin.py:190} INFO - [2026-04-10T09:06:51.539+0900] {dag.py:4138} INFO - Setting next_dagrun for dataset_s3_bucket_consumer_with_no_taskflow to None, run_after=None
[2026-04-10T09:06:51.541+0900] {logging_mixin.py:190} INFO - [2026-04-10T09:06:51.540+0900] {dag.py:4138} INFO - Setting next_dagrun for dataset_s3_bucket_producer_with_no_taskflow to None, run_after=None
[2026-04-10T09:06:51.553+0900] {processor.py:208} INFO - Processing /home/airflow/.local/lib/python3.12/site-packages/airflow/example_dags/example_dataset_alias_with_no_taskflow.py took 0.292 seconds
[2026-04-10T09:07:21.643+0900] {processor.py:186} INFO - Started process (PID=146352) to work on /home/airflow/.local/lib/python3.12/site-packages/airflow/example_dags/example_dataset_alias_with_no_taskflow.py
[2026-04-10T09:07:21.645+0900] {processor.py:914} INFO - Processing file /home/airflow/.local/lib/python3.12/site-packages/airflow/example_dags/example_dataset_alias_with_no_taskflow.py for tasks to queue
[2026-04-10T09:07:21.648+0900] {logging_mixin.py:190} INFO - [2026-04-10T09:07:21.648+0900] {dagbag.py:587} INFO - Filling up the DagBag from /home/airflow/.local/lib/python3.12/site-packages/airflow/example_dags/example_dataset_alias_with_no_taskflow.py
[2026-04-10T09:07:21.888+0900] {processor.py:925} INFO - DAG(s) 'dataset_alias_example_alias_consumer_with_no_taskflow', 'dataset_s3_bucket_producer_with_no_taskflow', 'dataset_alias_example_alias_producer_with_no_taskflow', 'dataset_s3_bucket_consumer_with_no_taskflow' retrieved from /home/airflow/.local/lib/python3.12/site-packages/airflow/example_dags/example_dataset_alias_with_no_taskflow.py
[2026-04-10T09:07:21.904+0900] {logging_mixin.py:190} INFO - [2026-04-10T09:07:21.904+0900] {dag.py:3211} INFO - Sync 4 DAGs
[2026-04-10T09:07:21.921+0900] {logging_mixin.py:190} INFO - [2026-04-10T09:07:21.920+0900] {dag.py:4138} INFO - Setting next_dagrun for dataset_alias_example_alias_consumer_with_no_taskflow to None, run_after=None
[2026-04-10T09:07:21.922+0900] {logging_mixin.py:190} INFO - [2026-04-10T09:07:21.922+0900] {dag.py:4138} INFO - Setting next_dagrun for dataset_alias_example_alias_producer_with_no_taskflow to None, run_after=None
[2026-04-10T09:07:21.924+0900] {logging_mixin.py:190} INFO - [2026-04-10T09:07:21.924+0900] {dag.py:4138} INFO - Setting next_dagrun for dataset_s3_bucket_consumer_with_no_taskflow to None, run_after=None
[2026-04-10T09:07:21.925+0900] {logging_mixin.py:190} INFO - [2026-04-10T09:07:21.925+0900] {dag.py:4138} INFO - Setting next_dagrun for dataset_s3_bucket_producer_with_no_taskflow to None, run_after=None
[2026-04-10T09:07:21.948+0900] {processor.py:208} INFO - Processing /home/airflow/.local/lib/python3.12/site-packages/airflow/example_dags/example_dataset_alias_with_no_taskflow.py took 0.310 seconds
[2026-04-10T09:07:52.754+0900] {processor.py:186} INFO - Started process (PID=146415) to work on /home/airflow/.local/lib/python3.12/site-packages/airflow/example_dags/example_dataset_alias_with_no_taskflow.py
[2026-04-10T09:07:52.756+0900] {processor.py:914} INFO - Processing file /home/airflow/.local/lib/python3.12/site-packages/airflow/example_dags/example_dataset_alias_with_no_taskflow.py for tasks to queue
[2026-04-10T09:07:52.758+0900] {logging_mixin.py:190} INFO - [2026-04-10T09:07:52.758+0900] {dagbag.py:587} INFO - Filling up the DagBag from /home/airflow/.local/lib/python3.12/site-packages/airflow/example_dags/example_dataset_alias_with_no_taskflow.py
[2026-04-10T09:07:52.988+0900] {processor.py:925} INFO - DAG(s) 'dataset_s3_bucket_producer_with_no_taskflow', 'dataset_alias_example_alias_consumer_with_no_taskflow', 'dataset_alias_example_alias_producer_with_no_taskflow', 'dataset_s3_bucket_consumer_with_no_taskflow' retrieved from /home/airflow/.local/lib/python3.12/site-packages/airflow/example_dags/example_dataset_alias_with_no_taskflow.py
[2026-04-10T09:07:53.004+0900] {logging_mixin.py:190} INFO - [2026-04-10T09:07:53.003+0900] {dag.py:3211} INFO - Sync 4 DAGs
[2026-04-10T09:07:53.017+0900] {logging_mixin.py:190} INFO - [2026-04-10T09:07:53.017+0900] {dag.py:4138} INFO - Setting next_dagrun for dataset_alias_example_alias_consumer_with_no_taskflow to None, run_after=None
[2026-04-10T09:07:53.020+0900] {logging_mixin.py:190} INFO - [2026-04-10T09:07:53.019+0900] {dag.py:4138} INFO - Setting next_dagrun for dataset_alias_example_alias_producer_with_no_taskflow to None, run_after=None
[2026-04-10T09:07:53.021+0900] {logging_mixin.py:190} INFO - [2026-04-10T09:07:53.021+0900] {dag.py:4138} INFO - Setting next_dagrun for dataset_s3_bucket_consumer_with_no_taskflow to None, run_after=None
[2026-04-10T09:07:53.022+0900] {logging_mixin.py:190} INFO - [2026-04-10T09:07:53.022+0900] {dag.py:4138} INFO - Setting next_dagrun for dataset_s3_bucket_producer_with_no_taskflow to None, run_after=None
[2026-04-10T09:07:53.036+0900] {processor.py:208} INFO - Processing /home/airflow/.local/lib/python3.12/site-packages/airflow/example_dags/example_dataset_alias_with_no_taskflow.py took 0.286 seconds
[2026-04-10T09:08:24.004+0900] {processor.py:186} INFO - Started process (PID=146478) to work on /home/airflow/.local/lib/python3.12/site-packages/airflow/example_dags/example_dataset_alias_with_no_taskflow.py
[2026-04-10T09:08:24.005+0900] {processor.py:914} INFO - Processing file /home/airflow/.local/lib/python3.12/site-packages/airflow/example_dags/example_dataset_alias_with_no_taskflow.py for tasks to queue
[2026-04-10T09:08:24.007+0900] {logging_mixin.py:190} INFO - [2026-04-10T09:08:24.007+0900] {dagbag.py:587} INFO - Filling up the DagBag from /home/airflow/.local/lib/python3.12/site-packages/airflow/example_dags/example_dataset_alias_with_no_taskflow.py
[2026-04-10T09:08:24.256+0900] {processor.py:925} INFO - DAG(s) 'dataset_alias_example_alias_consumer_with_no_taskflow', 'dataset_s3_bucket_consumer_with_no_taskflow', 'dataset_s3_bucket_producer_with_no_taskflow', 'dataset_alias_example_alias_producer_with_no_taskflow' retrieved from /home/airflow/.local/lib/python3.12/site-packages/airflow/example_dags/example_dataset_alias_with_no_taskflow.py
[2026-04-10T09:08:24.272+0900] {logging_mixin.py:190} INFO - [2026-04-10T09:08:24.271+0900] {dag.py:3211} INFO - Sync 4 DAGs
[2026-04-10T09:08:24.286+0900] {logging_mixin.py:190} INFO - [2026-04-10T09:08:24.285+0900] {dag.py:4138} INFO - Setting next_dagrun for dataset_alias_example_alias_consumer_with_no_taskflow to None, run_after=None
[2026-04-10T09:08:24.288+0900] {logging_mixin.py:190} INFO - [2026-04-10T09:08:24.287+0900] {dag.py:4138} INFO - Setting next_dagrun for dataset_alias_example_alias_producer_with_no_taskflow to None, run_after=None
[2026-04-10T09:08:24.289+0900] {logging_mixin.py:190} INFO - [2026-04-10T09:08:24.289+0900] {dag.py:4138} INFO - Setting next_dagrun for dataset_s3_bucket_consumer_with_no_taskflow to None, run_after=None
[2026-04-10T09:08:24.290+0900] {logging_mixin.py:190} INFO - [2026-04-10T09:08:24.290+0900] {dag.py:4138} INFO - Setting next_dagrun for dataset_s3_bucket_producer_with_no_taskflow to None, run_after=None
[2026-04-10T09:08:24.304+0900] {processor.py:208} INFO - Processing /home/airflow/.local/lib/python3.12/site-packages/airflow/example_dags/example_dataset_alias_with_no_taskflow.py took 0.305 seconds
[2026-04-10T09:08:54.791+0900] {processor.py:186} INFO - Started process (PID=146541) to work on /home/airflow/.local/lib/python3.12/site-packages/airflow/example_dags/example_dataset_alias_with_no_taskflow.py
[2026-04-10T09:08:54.792+0900] {processor.py:914} INFO - Processing file /home/airflow/.local/lib/python3.12/site-packages/airflow/example_dags/example_dataset_alias_with_no_taskflow.py for tasks to queue
[2026-04-10T09:08:54.795+0900] {logging_mixin.py:190} INFO - [2026-04-10T09:08:54.794+0900] {dagbag.py:587} INFO - Filling up the DagBag from /home/airflow/.local/lib/python3.12/site-packages/airflow/example_dags/example_dataset_alias_with_no_taskflow.py
[2026-04-10T09:08:55.041+0900] {processor.py:925} INFO - DAG(s) 'dataset_alias_example_alias_consumer_with_no_taskflow', 'dataset_s3_bucket_consumer_with_no_taskflow', 'dataset_alias_example_alias_producer_with_no_taskflow', 'dataset_s3_bucket_producer_with_no_taskflow' retrieved from /home/airflow/.local/lib/python3.12/site-packages/airflow/example_dags/example_dataset_alias_with_no_taskflow.py
[2026-04-10T09:08:55.057+0900] {logging_mixin.py:190} INFO - [2026-04-10T09:08:55.057+0900] {dag.py:3211} INFO - Sync 4 DAGs
[2026-04-10T09:08:55.074+0900] {logging_mixin.py:190} INFO - [2026-04-10T09:08:55.074+0900] {dag.py:4138} INFO - Setting next_dagrun for dataset_alias_example_alias_consumer_with_no_taskflow to None, run_after=None
[2026-04-10T09:08:55.076+0900] {logging_mixin.py:190} INFO - [2026-04-10T09:08:55.076+0900] {dag.py:4138} INFO - Setting next_dagrun for dataset_alias_example_alias_producer_with_no_taskflow to None, run_after=None
[2026-04-10T09:08:55.078+0900] {logging_mixin.py:190} INFO - [2026-04-10T09:08:55.077+0900] {dag.py:4138} INFO - Setting next_dagrun for dataset_s3_bucket_consumer_with_no_taskflow to None, run_after=None
[2026-04-10T09:08:55.079+0900] {logging_mixin.py:190} INFO - [2026-04-10T09:08:55.079+0900] {dag.py:4138} INFO - Setting next_dagrun for dataset_s3_bucket_producer_with_no_taskflow to None, run_after=None
[2026-04-10T09:08:55.093+0900] {processor.py:208} INFO - Processing /home/airflow/.local/lib/python3.12/site-packages/airflow/example_dags/example_dataset_alias_with_no_taskflow.py took 0.307 seconds
[2026-04-10T09:09:25.297+0900] {processor.py:186} INFO - Started process (PID=146604) to work on /home/airflow/.local/lib/python3.12/site-packages/airflow/example_dags/example_dataset_alias_with_no_taskflow.py
[2026-04-10T09:09:25.298+0900] {processor.py:914} INFO - Processing file /home/airflow/.local/lib/python3.12/site-packages/airflow/example_dags/example_dataset_alias_with_no_taskflow.py for tasks to queue
[2026-04-10T09:09:25.300+0900] {logging_mixin.py:190} INFO - [2026-04-10T09:09:25.300+0900] {dagbag.py:587} INFO - Filling up the DagBag from /home/airflow/.local/lib/python3.12/site-packages/airflow/example_dags/example_dataset_alias_with_no_taskflow.py
[2026-04-10T09:09:25.517+0900] {processor.py:925} INFO - DAG(s) 'dataset_s3_bucket_consumer_with_no_taskflow', 'dataset_s3_bucket_producer_with_no_taskflow', 'dataset_alias_example_alias_consumer_with_no_taskflow', 'dataset_alias_example_alias_producer_with_no_taskflow' retrieved from /home/airflow/.local/lib/python3.12/site-packages/airflow/example_dags/example_dataset_alias_with_no_taskflow.py
[2026-04-10T09:09:25.530+0900] {logging_mixin.py:190} INFO - [2026-04-10T09:09:25.530+0900] {dag.py:3211} INFO - Sync 4 DAGs
[2026-04-10T09:09:25.543+0900] {logging_mixin.py:190} INFO - [2026-04-10T09:09:25.543+0900] {dag.py:4138} INFO - Setting next_dagrun for dataset_alias_example_alias_consumer_with_no_taskflow to None, run_after=None
[2026-04-10T09:09:25.545+0900] {logging_mixin.py:190} INFO - [2026-04-10T09:09:25.545+0900] {dag.py:4138} INFO - Setting next_dagrun for dataset_alias_example_alias_producer_with_no_taskflow to None, run_after=None
[2026-04-10T09:09:25.546+0900] {logging_mixin.py:190} INFO - [2026-04-10T09:09:25.546+0900] {dag.py:4138} INFO - Setting next_dagrun for dataset_s3_bucket_consumer_with_no_taskflow to None, run_after=None
[2026-04-10T09:09:25.547+0900] {logging_mixin.py:190} INFO - [2026-04-10T09:09:25.547+0900] {dag.py:4138} INFO - Setting next_dagrun for dataset_s3_bucket_producer_with_no_taskflow to None, run_after=None
[2026-04-10T09:09:25.559+0900] {processor.py:208} INFO - Processing /home/airflow/.local/lib/python3.12/site-packages/airflow/example_dags/example_dataset_alias_with_no_taskflow.py took 0.267 seconds
[2026-04-10T09:09:56.395+0900] {processor.py:186} INFO - Started process (PID=146667) to work on /home/airflow/.local/lib/python3.12/site-packages/airflow/example_dags/example_dataset_alias_with_no_taskflow.py
[2026-04-10T09:09:56.396+0900] {processor.py:914} INFO - Processing file /home/airflow/.local/lib/python3.12/site-packages/airflow/example_dags/example_dataset_alias_with_no_taskflow.py for tasks to queue
[2026-04-10T09:09:56.398+0900] {logging_mixin.py:190} INFO - [2026-04-10T09:09:56.398+0900] {dagbag.py:587} INFO - Filling up the DagBag from /home/airflow/.local/lib/python3.12/site-packages/airflow/example_dags/example_dataset_alias_with_no_taskflow.py
[2026-04-10T09:09:56.608+0900] {processor.py:925} INFO - DAG(s) 'dataset_alias_example_alias_producer_with_no_taskflow', 'dataset_alias_example_alias_consumer_with_no_taskflow', 'dataset_s3_bucket_producer_with_no_taskflow', 'dataset_s3_bucket_consumer_with_no_taskflow' retrieved from /home/airflow/.local/lib/python3.12/site-packages/airflow/example_dags/example_dataset_alias_with_no_taskflow.py
[2026-04-10T09:09:56.623+0900] {logging_mixin.py:190} INFO - [2026-04-10T09:09:56.623+0900] {dag.py:3211} INFO - Sync 4 DAGs
[2026-04-10T09:09:56.636+0900] {logging_mixin.py:190} INFO - [2026-04-10T09:09:56.636+0900] {dag.py:4138} INFO - Setting next_dagrun for dataset_alias_example_alias_consumer_with_no_taskflow to None, run_after=None
[2026-04-10T09:09:56.638+0900] {logging_mixin.py:190} INFO - [2026-04-10T09:09:56.638+0900] {dag.py:4138} INFO - Setting next_dagrun for dataset_alias_example_alias_producer_with_no_taskflow to None, run_after=None
[2026-04-10T09:09:56.639+0900] {logging_mixin.py:190} INFO - [2026-04-10T09:09:56.639+0900] {dag.py:4138} INFO - Setting next_dagrun for dataset_s3_bucket_consumer_with_no_taskflow to None, run_after=None
[2026-04-10T09:09:56.640+0900] {logging_mixin.py:190} INFO - [2026-04-10T09:09:56.640+0900] {dag.py:4138} INFO - Setting next_dagrun for dataset_s3_bucket_producer_with_no_taskflow to None, run_after=None
[2026-04-10T09:09:56.657+0900] {processor.py:208} INFO - Processing /home/airflow/.local/lib/python3.12/site-packages/airflow/example_dags/example_dataset_alias_with_no_taskflow.py took 0.266 seconds
[2026-04-10T09:10:27.204+0900] {processor.py:186} INFO - Started process (PID=146730) to work on /home/airflow/.local/lib/python3.12/site-packages/airflow/example_dags/example_dataset_alias_with_no_taskflow.py
[2026-04-10T09:10:27.206+0900] {processor.py:914} INFO - Processing file /home/airflow/.local/lib/python3.12/site-packages/airflow/example_dags/example_dataset_alias_with_no_taskflow.py for tasks to queue
[2026-04-10T09:10:27.209+0900] {logging_mixin.py:190} INFO - [2026-04-10T09:10:27.208+0900] {dagbag.py:587} INFO - Filling up the DagBag from /home/airflow/.local/lib/python3.12/site-packages/airflow/example_dags/example_dataset_alias_with_no_taskflow.py
[2026-04-10T09:10:27.421+0900] {processor.py:925} INFO - DAG(s) 'dataset_alias_example_alias_consumer_with_no_taskflow', 'dataset_s3_bucket_producer_with_no_taskflow', 'dataset_alias_example_alias_producer_with_no_taskflow', 'dataset_s3_bucket_consumer_with_no_taskflow' retrieved from /home/airflow/.local/lib/python3.12/site-packages/airflow/example_dags/example_dataset_alias_with_no_taskflow.py
[2026-04-10T09:10:27.433+0900] {logging_mixin.py:190} INFO - [2026-04-10T09:10:27.432+0900] {dag.py:3211} INFO - Sync 4 DAGs
[2026-04-10T09:10:27.445+0900] {logging_mixin.py:190} INFO - [2026-04-10T09:10:27.445+0900] {dag.py:4138} INFO - Setting next_dagrun for dataset_alias_example_alias_consumer_with_no_taskflow to None, run_after=None
[2026-04-10T09:10:27.447+0900] {logging_mixin.py:190} INFO - [2026-04-10T09:10:27.447+0900] {dag.py:4138} INFO - Setting next_dagrun for dataset_alias_example_alias_producer_with_no_taskflow to None, run_after=None
[2026-04-10T09:10:27.448+0900] {logging_mixin.py:190} INFO - [2026-04-10T09:10:27.448+0900] {dag.py:4138} INFO - Setting next_dagrun for dataset_s3_bucket_consumer_with_no_taskflow to None, run_after=None
[2026-04-10T09:10:27.449+0900] {logging_mixin.py:190} INFO - [2026-04-10T09:10:27.449+0900] {dag.py:4138} INFO - Setting next_dagrun for dataset_s3_bucket_producer_with_no_taskflow to None, run_after=None
[2026-04-10T09:10:27.468+0900] {processor.py:208} INFO - Processing /home/airflow/.local/lib/python3.12/site-packages/airflow/example_dags/example_dataset_alias_with_no_taskflow.py took 0.269 seconds
[2026-04-10T09:10:58.406+0900] {processor.py:186} INFO - Started process (PID=146793) to work on /home/airflow/.local/lib/python3.12/site-packages/airflow/example_dags/example_dataset_alias_with_no_taskflow.py
[2026-04-10T09:10:58.407+0900] {processor.py:914} INFO - Processing file /home/airflow/.local/lib/python3.12/site-packages/airflow/example_dags/example_dataset_alias_with_no_taskflow.py for tasks to queue
[2026-04-10T09:10:58.409+0900] {logging_mixin.py:190} INFO - [2026-04-10T09:10:58.409+0900] {dagbag.py:587} INFO - Filling up the DagBag from /home/airflow/.local/lib/python3.12/site-packages/airflow/example_dags/example_dataset_alias_with_no_taskflow.py
[2026-04-10T09:10:58.535+0900] {processor.py:925} INFO - DAG(s) 'dataset_alias_example_alias_producer_with_no_taskflow', 'dataset_s3_bucket_consumer_with_no_taskflow', 'dataset_alias_example_alias_consumer_with_no_taskflow', 'dataset_s3_bucket_producer_with_no_taskflow' retrieved from /home/airflow/.local/lib/python3.12/site-packages/airflow/example_dags/example_dataset_alias_with_no_taskflow.py
[2026-04-10T09:10:58.552+0900] {logging_mixin.py:190} INFO - [2026-04-10T09:10:58.552+0900] {dag.py:3211} INFO - Sync 4 DAGs
[2026-04-10T09:10:58.571+0900] {logging_mixin.py:190} INFO - [2026-04-10T09:10:58.571+0900] {dag.py:4138} INFO - Setting next_dagrun for dataset_alias_example_alias_consumer_with_no_taskflow to None, run_after=None
[2026-04-10T09:10:58.573+0900] {logging_mixin.py:190} INFO - [2026-04-10T09:10:58.573+0900] {dag.py:4138} INFO - Setting next_dagrun for dataset_alias_example_alias_producer_with_no_taskflow to None, run_after=None
[2026-04-10T09:10:58.575+0900] {logging_mixin.py:190} INFO - [2026-04-10T09:10:58.574+0900] {dag.py:4138} INFO - Setting next_dagrun for dataset_s3_bucket_consumer_with_no_taskflow to None, run_after=None
[2026-04-10T09:10:58.576+0900] {logging_mixin.py:190} INFO - [2026-04-10T09:10:58.576+0900] {dag.py:4138} INFO - Setting next_dagrun for dataset_s3_bucket_producer_with_no_taskflow to None, run_after=None
[2026-04-10T09:10:58.596+0900] {processor.py:208} INFO - Processing /home/airflow/.local/lib/python3.12/site-packages/airflow/example_dags/example_dataset_alias_with_no_taskflow.py took 0.195 seconds
[2026-04-10T09:11:28.687+0900] {processor.py:186} INFO - Started process (PID=146856) to work on /home/airflow/.local/lib/python3.12/site-packages/airflow/example_dags/example_dataset_alias_with_no_taskflow.py
[2026-04-10T09:11:28.688+0900] {processor.py:914} INFO - Processing file /home/airflow/.local/lib/python3.12/site-packages/airflow/example_dags/example_dataset_alias_with_no_taskflow.py for tasks to queue
[2026-04-10T09:11:28.691+0900] {logging_mixin.py:190} INFO - [2026-04-10T09:11:28.691+0900] {dagbag.py:587} INFO - Filling up the DagBag from /home/airflow/.local/lib/python3.12/site-packages/airflow/example_dags/example_dataset_alias_with_no_taskflow.py
[2026-04-10T09:11:28.804+0900] {processor.py:925} INFO - DAG(s) 'dataset_alias_example_alias_producer_with_no_taskflow', 'dataset_s3_bucket_producer_with_no_taskflow', 'dataset_s3_bucket_consumer_with_no_taskflow', 'dataset_alias_example_alias_consumer_with_no_taskflow' retrieved from /home/airflow/.local/lib/python3.12/site-packages/airflow/example_dags/example_dataset_alias_with_no_taskflow.py
[2026-04-10T09:11:28.820+0900] {logging_mixin.py:190} INFO - [2026-04-10T09:11:28.820+0900] {dag.py:3211} INFO - Sync 4 DAGs
[2026-04-10T09:11:28.836+0900] {logging_mixin.py:190} INFO - [2026-04-10T09:11:28.836+0900] {dag.py:4138} INFO - Setting next_dagrun for dataset_alias_example_alias_consumer_with_no_taskflow to None, run_after=None
[2026-04-10T09:11:28.839+0900] {logging_mixin.py:190} INFO - [2026-04-10T09:11:28.839+0900] {dag.py:4138} INFO - Setting next_dagrun for dataset_alias_example_alias_producer_with_no_taskflow to None, run_after=None
[2026-04-10T09:11:28.840+0900] {logging_mixin.py:190} INFO - [2026-04-10T09:11:28.840+0900] {dag.py:4138} INFO - Setting next_dagrun for dataset_s3_bucket_consumer_with_no_taskflow to None, run_after=None
[2026-04-10T09:11:28.842+0900] {logging_mixin.py:190} INFO - [2026-04-10T09:11:28.842+0900] {dag.py:4138} INFO - Setting next_dagrun for dataset_s3_bucket_producer_with_no_taskflow to None, run_after=None
[2026-04-10T09:11:28.859+0900] {processor.py:208} INFO - Processing /home/airflow/.local/lib/python3.12/site-packages/airflow/example_dags/example_dataset_alias_with_no_taskflow.py took 0.177 seconds
[2026-04-10T09:11:58.910+0900] {processor.py:186} INFO - Started process (PID=146919) to work on /home/airflow/.local/lib/python3.12/site-packages/airflow/example_dags/example_dataset_alias_with_no_taskflow.py
[2026-04-10T09:11:58.911+0900] {processor.py:914} INFO - Processing file /home/airflow/.local/lib/python3.12/site-packages/airflow/example_dags/example_dataset_alias_with_no_taskflow.py for tasks to queue
[2026-04-10T09:11:58.914+0900] {logging_mixin.py:190} INFO - [2026-04-10T09:11:58.914+0900] {dagbag.py:587} INFO - Filling up the DagBag from /home/airflow/.local/lib/python3.12/site-packages/airflow/example_dags/example_dataset_alias_with_no_taskflow.py
[2026-04-10T09:11:59.023+0900] {processor.py:925} INFO - DAG(s) 'dataset_alias_example_alias_producer_with_no_taskflow', 'dataset_s3_bucket_consumer_with_no_taskflow', 'dataset_alias_example_alias_consumer_with_no_taskflow', 'dataset_s3_bucket_producer_with_no_taskflow' retrieved from /home/airflow/.local/lib/python3.12/site-packages/airflow/example_dags/example_dataset_alias_with_no_taskflow.py
[2026-04-10T09:11:59.037+0900] {logging_mixin.py:190} INFO - [2026-04-10T09:11:59.037+0900] {dag.py:3211} INFO - Sync 4 DAGs
[2026-04-10T09:11:59.054+0900] {logging_mixin.py:190} INFO - [2026-04-10T09:11:59.053+0900] {dag.py:4138} INFO - Setting next_dagrun for dataset_alias_example_alias_consumer_with_no_taskflow to None, run_after=None
[2026-04-10T09:11:59.056+0900] {logging_mixin.py:190} INFO - [2026-04-10T09:11:59.056+0900] {dag.py:4138} INFO - Setting next_dagrun for dataset_alias_example_alias_producer_with_no_taskflow to None, run_after=None
[2026-04-10T09:11:59.057+0900] {logging_mixin.py:190} INFO - [2026-04-10T09:11:59.057+0900] {dag.py:4138} INFO - Setting next_dagrun for dataset_s3_bucket_consumer_with_no_taskflow to None, run_after=None
[2026-04-10T09:11:59.058+0900] {logging_mixin.py:190} INFO - [2026-04-10T09:11:59.058+0900] {dag.py:4138} INFO - Setting next_dagrun for dataset_s3_bucket_producer_with_no_taskflow to None, run_after=None
[2026-04-10T09:11:59.074+0900] {processor.py:208} INFO - Processing /home/airflow/.local/lib/python3.12/site-packages/airflow/example_dags/example_dataset_alias_with_no_taskflow.py took 0.168 seconds
[2026-04-10T09:12:30.016+0900] {processor.py:186} INFO - Started process (PID=146982) to work on /home/airflow/.local/lib/python3.12/site-packages/airflow/example_dags/example_dataset_alias_with_no_taskflow.py
[2026-04-10T09:12:30.017+0900] {processor.py:914} INFO - Processing file /home/airflow/.local/lib/python3.12/site-packages/airflow/example_dags/example_dataset_alias_with_no_taskflow.py for tasks to queue
[2026-04-10T09:12:30.020+0900] {logging_mixin.py:190} INFO - [2026-04-10T09:12:30.019+0900] {dagbag.py:587} INFO - Filling up the DagBag from /home/airflow/.local/lib/python3.12/site-packages/airflow/example_dags/example_dataset_alias_with_no_taskflow.py
[2026-04-10T09:12:30.140+0900] {processor.py:925} INFO - DAG(s) 'dataset_alias_example_alias_consumer_with_no_taskflow', 'dataset_alias_example_alias_producer_with_no_taskflow', 'dataset_s3_bucket_producer_with_no_taskflow', 'dataset_s3_bucket_consumer_with_no_taskflow' retrieved from /home/airflow/.local/lib/python3.12/site-packages/airflow/example_dags/example_dataset_alias_with_no_taskflow.py
[2026-04-10T09:12:30.155+0900] {logging_mixin.py:190} INFO - [2026-04-10T09:12:30.155+0900] {dag.py:3211} INFO - Sync 4 DAGs
[2026-04-10T09:12:30.172+0900] {logging_mixin.py:190} INFO - [2026-04-10T09:12:30.171+0900] {dag.py:4138} INFO - Setting next_dagrun for dataset_alias_example_alias_consumer_with_no_taskflow to None, run_after=None
[2026-04-10T09:12:30.174+0900] {logging_mixin.py:190} INFO - [2026-04-10T09:12:30.174+0900] {dag.py:4138} INFO - Setting next_dagrun for dataset_alias_example_alias_producer_with_no_taskflow to None, run_after=None
[2026-04-10T09:12:30.175+0900] {logging_mixin.py:190} INFO - [2026-04-10T09:12:30.175+0900] {dag.py:4138} INFO - Setting next_dagrun for dataset_s3_bucket_consumer_with_no_taskflow to None, run_after=None
[2026-04-10T09:12:30.176+0900] {logging_mixin.py:190} INFO - [2026-04-10T09:12:30.176+0900] {dag.py:4138} INFO - Setting next_dagrun for dataset_s3_bucket_producer_with_no_taskflow to None, run_after=None
[2026-04-10T09:12:30.198+0900] {processor.py:208} INFO - Processing /home/airflow/.local/lib/python3.12/site-packages/airflow/example_dags/example_dataset_alias_with_no_taskflow.py took 0.186 seconds
[2026-04-10T09:13:00.261+0900] {processor.py:186} INFO - Started process (PID=147045) to work on /home/airflow/.local/lib/python3.12/site-packages/airflow/example_dags/example_dataset_alias_with_no_taskflow.py
[2026-04-10T09:13:00.262+0900] {processor.py:914} INFO - Processing file /home/airflow/.local/lib/python3.12/site-packages/airflow/example_dags/example_dataset_alias_with_no_taskflow.py for tasks to queue
[2026-04-10T09:13:00.265+0900] {logging_mixin.py:190} INFO - [2026-04-10T09:13:00.264+0900] {dagbag.py:587} INFO - Filling up the DagBag from /home/airflow/.local/lib/python3.12/site-packages/airflow/example_dags/example_dataset_alias_with_no_taskflow.py
[2026-04-10T09:13:00.374+0900] {processor.py:925} INFO - DAG(s) 'dataset_s3_bucket_producer_with_no_taskflow', 'dataset_s3_bucket_consumer_with_no_taskflow', 'dataset_alias_example_alias_consumer_with_no_taskflow', 'dataset_alias_example_alias_producer_with_no_taskflow' retrieved from /home/airflow/.local/lib/python3.12/site-packages/airflow/example_dags/example_dataset_alias_with_no_taskflow.py
[2026-04-10T09:13:00.390+0900] {logging_mixin.py:190} INFO - [2026-04-10T09:13:00.390+0900] {dag.py:3211} INFO - Sync 4 DAGs
[2026-04-10T09:13:00.407+0900] {logging_mixin.py:190} INFO - [2026-04-10T09:13:00.406+0900] {dag.py:4138} INFO - Setting next_dagrun for dataset_alias_example_alias_consumer_with_no_taskflow to None, run_after=None
[2026-04-10T09:13:00.409+0900] {logging_mixin.py:190} INFO - [2026-04-10T09:13:00.409+0900] {dag.py:4138} INFO - Setting next_dagrun for dataset_alias_example_alias_producer_with_no_taskflow to None, run_after=None
[2026-04-10T09:13:00.410+0900] {logging_mixin.py:190} INFO - [2026-04-10T09:13:00.410+0900] {dag.py:4138} INFO - Setting next_dagrun for dataset_s3_bucket_consumer_with_no_taskflow to None, run_after=None
[2026-04-10T09:13:00.411+0900] {logging_mixin.py:190} INFO - [2026-04-10T09:13:00.411+0900] {dag.py:4138} INFO - Setting next_dagrun for dataset_s3_bucket_producer_with_no_taskflow to None, run_after=None
[2026-04-10T09:13:00.427+0900] {processor.py:208} INFO - Processing /home/airflow/.local/lib/python3.12/site-packages/airflow/example_dags/example_dataset_alias_with_no_taskflow.py took 0.170 seconds
[2026-04-10T09:13:31.010+0900] {processor.py:186} INFO - Started process (PID=147108) to work on /home/airflow/.local/lib/python3.12/site-packages/airflow/example_dags/example_dataset_alias_with_no_taskflow.py
[2026-04-10T09:13:31.011+0900] {processor.py:914} INFO - Processing file /home/airflow/.local/lib/python3.12/site-packages/airflow/example_dags/example_dataset_alias_with_no_taskflow.py for tasks to queue
[2026-04-10T09:13:31.014+0900] {logging_mixin.py:190} INFO - [2026-04-10T09:13:31.014+0900] {dagbag.py:587} INFO - Filling up the DagBag from /home/airflow/.local/lib/python3.12/site-packages/airflow/example_dags/example_dataset_alias_with_no_taskflow.py
[2026-04-10T09:13:31.125+0900] {processor.py:925} INFO - DAG(s) 'dataset_alias_example_alias_producer_with_no_taskflow', 'dataset_s3_bucket_producer_with_no_taskflow', 'dataset_alias_example_alias_consumer_with_no_taskflow', 'dataset_s3_bucket_consumer_with_no_taskflow' retrieved from /home/airflow/.local/lib/python3.12/site-packages/airflow/example_dags/example_dataset_alias_with_no_taskflow.py
[2026-04-10T09:13:31.140+0900] {logging_mixin.py:190} INFO - [2026-04-10T09:13:31.140+0900] {dag.py:3211} INFO - Sync 4 DAGs
[2026-04-10T09:13:31.156+0900] {logging_mixin.py:190} INFO - [2026-04-10T09:13:31.155+0900] {dag.py:4138} INFO - Setting next_dagrun for dataset_alias_example_alias_consumer_with_no_taskflow to None, run_after=None
[2026-04-10T09:13:31.158+0900] {logging_mixin.py:190} INFO - [2026-04-10T09:13:31.158+0900] {dag.py:4138} INFO - Setting next_dagrun for dataset_alias_example_alias_producer_with_no_taskflow to None, run_after=None
[2026-04-10T09:13:31.159+0900] {logging_mixin.py:190} INFO - [2026-04-10T09:13:31.159+0900] {dag.py:4138} INFO - Setting next_dagrun for dataset_s3_bucket_consumer_with_no_taskflow to None, run_after=None
[2026-04-10T09:13:31.161+0900] {logging_mixin.py:190} INFO - [2026-04-10T09:13:31.161+0900] {dag.py:4138} INFO - Setting next_dagrun for dataset_s3_bucket_producer_with_no_taskflow to None, run_after=None
[2026-04-10T09:13:31.178+0900] {processor.py:208} INFO - Processing /home/airflow/.local/lib/python3.12/site-packages/airflow/example_dags/example_dataset_alias_with_no_taskflow.py took 0.174 seconds
[2026-04-10T09:14:01.913+0900] {processor.py:186} INFO - Started process (PID=147171) to work on /home/airflow/.local/lib/python3.12/site-packages/airflow/example_dags/example_dataset_alias_with_no_taskflow.py
[2026-04-10T09:14:01.914+0900] {processor.py:914} INFO - Processing file /home/airflow/.local/lib/python3.12/site-packages/airflow/example_dags/example_dataset_alias_with_no_taskflow.py for tasks to queue
[2026-04-10T09:14:01.917+0900] {logging_mixin.py:190} INFO - [2026-04-10T09:14:01.917+0900] {dagbag.py:587} INFO - Filling up the DagBag from /home/airflow/.local/lib/python3.12/site-packages/airflow/example_dags/example_dataset_alias_with_no_taskflow.py
[2026-04-10T09:14:02.045+0900] {processor.py:925} INFO - DAG(s) 'dataset_alias_example_alias_producer_with_no_taskflow', 'dataset_alias_example_alias_consumer_with_no_taskflow', 'dataset_s3_bucket_consumer_with_no_taskflow', 'dataset_s3_bucket_producer_with_no_taskflow' retrieved from /home/airflow/.local/lib/python3.12/site-packages/airflow/example_dags/example_dataset_alias_with_no_taskflow.py
[2026-04-10T09:14:02.064+0900] {logging_mixin.py:190} INFO - [2026-04-10T09:14:02.063+0900] {dag.py:3211} INFO - Sync 4 DAGs
[2026-04-10T09:14:02.082+0900] {logging_mixin.py:190} INFO - [2026-04-10T09:14:02.081+0900] {dag.py:4138} INFO - Setting next_dagrun for dataset_alias_example_alias_consumer_with_no_taskflow to None, run_after=None
[2026-04-10T09:14:02.084+0900] {logging_mixin.py:190} INFO - [2026-04-10T09:14:02.084+0900] {dag.py:4138} INFO - Setting next_dagrun for dataset_alias_example_alias_producer_with_no_taskflow to None, run_after=None
[2026-04-10T09:14:02.085+0900] {logging_mixin.py:190} INFO - [2026-04-10T09:14:02.085+0900] {dag.py:4138} INFO - Setting next_dagrun for dataset_s3_bucket_consumer_with_no_taskflow to None, run_after=None
[2026-04-10T09:14:02.088+0900] {logging_mixin.py:190} INFO - [2026-04-10T09:14:02.088+0900] {dag.py:4138} INFO - Setting next_dagrun for dataset_s3_bucket_producer_with_no_taskflow to None, run_after=None
[2026-04-10T09:14:02.106+0900] {processor.py:208} INFO - Processing /home/airflow/.local/lib/python3.12/site-packages/airflow/example_dags/example_dataset_alias_with_no_taskflow.py took 0.197 seconds
[2026-04-10T09:14:32.456+0900] {processor.py:186} INFO - Started process (PID=147234) to work on /home/airflow/.local/lib/python3.12/site-packages/airflow/example_dags/example_dataset_alias_with_no_taskflow.py
[2026-04-10T09:14:32.457+0900] {processor.py:914} INFO - Processing file /home/airflow/.local/lib/python3.12/site-packages/airflow/example_dags/example_dataset_alias_with_no_taskflow.py for tasks to queue
[2026-04-10T09:14:32.460+0900] {logging_mixin.py:190} INFO - [2026-04-10T09:14:32.459+0900] {dagbag.py:587} INFO - Filling up the DagBag from /home/airflow/.local/lib/python3.12/site-packages/airflow/example_dags/example_dataset_alias_with_no_taskflow.py
[2026-04-10T09:14:32.575+0900] {processor.py:925} INFO - DAG(s) 'dataset_alias_example_alias_producer_with_no_taskflow', 'dataset_s3_bucket_producer_with_no_taskflow', 'dataset_s3_bucket_consumer_with_no_taskflow', 'dataset_alias_example_alias_consumer_with_no_taskflow' retrieved from /home/airflow/.local/lib/python3.12/site-packages/airflow/example_dags/example_dataset_alias_with_no_taskflow.py
[2026-04-10T09:14:32.590+0900] {logging_mixin.py:190} INFO - [2026-04-10T09:14:32.590+0900] {dag.py:3211} INFO - Sync 4 DAGs
[2026-04-10T09:14:32.606+0900] {logging_mixin.py:190} INFO - [2026-04-10T09:14:32.605+0900] {dag.py:4138} INFO - Setting next_dagrun for dataset_alias_example_alias_consumer_with_no_taskflow to None, run_after=None
[2026-04-10T09:14:32.608+0900] {logging_mixin.py:190} INFO - [2026-04-10T09:14:32.608+0900] {dag.py:4138} INFO - Setting next_dagrun for dataset_alias_example_alias_producer_with_no_taskflow to None, run_after=None
[2026-04-10T09:14:32.609+0900] {logging_mixin.py:190} INFO - [2026-04-10T09:14:32.609+0900] {dag.py:4138} INFO - Setting next_dagrun for dataset_s3_bucket_consumer_with_no_taskflow to None, run_after=None
[2026-04-10T09:14:32.611+0900] {logging_mixin.py:190} INFO - [2026-04-10T09:14:32.611+0900] {dag.py:4138} INFO - Setting next_dagrun for dataset_s3_bucket_producer_with_no_taskflow to None, run_after=None
[2026-04-10T09:14:32.633+0900] {processor.py:208} INFO - Processing /home/airflow/.local/lib/python3.12/site-packages/airflow/example_dags/example_dataset_alias_with_no_taskflow.py took 0.182 seconds
[2026-04-10T09:15:03.343+0900] {processor.py:186} INFO - Started process (PID=147303) to work on /home/airflow/.local/lib/python3.12/site-packages/airflow/example_dags/example_dataset_alias_with_no_taskflow.py
[2026-04-10T09:15:03.344+0900] {processor.py:914} INFO - Processing file /home/airflow/.local/lib/python3.12/site-packages/airflow/example_dags/example_dataset_alias_with_no_taskflow.py for tasks to queue
[2026-04-10T09:15:03.347+0900] {logging_mixin.py:190} INFO - [2026-04-10T09:15:03.346+0900] {dagbag.py:587} INFO - Filling up the DagBag from /home/airflow/.local/lib/python3.12/site-packages/airflow/example_dags/example_dataset_alias_with_no_taskflow.py
[2026-04-10T09:15:03.467+0900] {processor.py:925} INFO - DAG(s) 'dataset_alias_example_alias_consumer_with_no_taskflow', 'dataset_s3_bucket_consumer_with_no_taskflow', 'dataset_alias_example_alias_producer_with_no_taskflow', 'dataset_s3_bucket_producer_with_no_taskflow' retrieved from /home/airflow/.local/lib/python3.12/site-packages/airflow/example_dags/example_dataset_alias_with_no_taskflow.py
[2026-04-10T09:15:03.484+0900] {logging_mixin.py:190} INFO - [2026-04-10T09:15:03.483+0900] {dag.py:3211} INFO - Sync 4 DAGs
[2026-04-10T09:15:03.500+0900] {logging_mixin.py:190} INFO - [2026-04-10T09:15:03.500+0900] {dag.py:4138} INFO - Setting next_dagrun for dataset_alias_example_alias_consumer_with_no_taskflow to None, run_after=None
[2026-04-10T09:15:03.502+0900] {logging_mixin.py:190} INFO - [2026-04-10T09:15:03.502+0900] {dag.py:4138} INFO - Setting next_dagrun for dataset_alias_example_alias_producer_with_no_taskflow to None, run_after=None
[2026-04-10T09:15:03.504+0900] {logging_mixin.py:190} INFO - [2026-04-10T09:15:03.504+0900] {dag.py:4138} INFO - Setting next_dagrun for dataset_s3_bucket_consumer_with_no_taskflow to None, run_after=None
[2026-04-10T09:15:03.506+0900] {logging_mixin.py:190} INFO - [2026-04-10T09:15:03.506+0900] {dag.py:4138} INFO - Setting next_dagrun for dataset_s3_bucket_producer_with_no_taskflow to None, run_after=None
[2026-04-10T09:15:03.526+0900] {processor.py:208} INFO - Processing /home/airflow/.local/lib/python3.12/site-packages/airflow/example_dags/example_dataset_alias_with_no_taskflow.py took 0.187 seconds
[2026-04-10T09:15:34.451+0900] {processor.py:186} INFO - Started process (PID=147366) to work on /home/airflow/.local/lib/python3.12/site-packages/airflow/example_dags/example_dataset_alias_with_no_taskflow.py
[2026-04-10T09:15:34.452+0900] {processor.py:914} INFO - Processing file /home/airflow/.local/lib/python3.12/site-packages/airflow/example_dags/example_dataset_alias_with_no_taskflow.py for tasks to queue
[2026-04-10T09:15:34.454+0900] {logging_mixin.py:190} INFO - [2026-04-10T09:15:34.454+0900] {dagbag.py:587} INFO - Filling up the DagBag from /home/airflow/.local/lib/python3.12/site-packages/airflow/example_dags/example_dataset_alias_with_no_taskflow.py
[2026-04-10T09:15:34.554+0900] {processor.py:925} INFO - DAG(s) 'dataset_alias_example_alias_producer_with_no_taskflow', 'dataset_s3_bucket_consumer_with_no_taskflow', 'dataset_s3_bucket_producer_with_no_taskflow', 'dataset_alias_example_alias_consumer_with_no_taskflow' retrieved from /home/airflow/.local/lib/python3.12/site-packages/airflow/example_dags/example_dataset_alias_with_no_taskflow.py
[2026-04-10T09:15:34.568+0900] {logging_mixin.py:190} INFO - [2026-04-10T09:15:34.568+0900] {dag.py:3211} INFO - Sync 4 DAGs
[2026-04-10T09:15:34.582+0900] {logging_mixin.py:190} INFO - [2026-04-10T09:15:34.582+0900] {dag.py:4138} INFO - Setting next_dagrun for dataset_alias_example_alias_consumer_with_no_taskflow to None, run_after=None
[2026-04-10T09:15:34.584+0900] {logging_mixin.py:190} INFO - [2026-04-10T09:15:34.584+0900] {dag.py:4138} INFO - Setting next_dagrun for dataset_alias_example_alias_producer_with_no_taskflow to None, run_after=None
[2026-04-10T09:15:34.585+0900] {logging_mixin.py:190} INFO - [2026-04-10T09:15:34.585+0900] {dag.py:4138} INFO - Setting next_dagrun for dataset_s3_bucket_consumer_with_no_taskflow to None, run_after=None
[2026-04-10T09:15:34.586+0900] {logging_mixin.py:190} INFO - [2026-04-10T09:15:34.586+0900] {dag.py:4138} INFO - Setting next_dagrun for dataset_s3_bucket_producer_with_no_taskflow to None, run_after=None
[2026-04-10T09:15:34.604+0900] {processor.py:208} INFO - Processing /home/airflow/.local/lib/python3.12/site-packages/airflow/example_dags/example_dataset_alias_with_no_taskflow.py took 0.158 seconds
[2026-04-10T09:16:05.145+0900] {processor.py:186} INFO - Started process (PID=147429) to work on /home/airflow/.local/lib/python3.12/site-packages/airflow/example_dags/example_dataset_alias_with_no_taskflow.py
[2026-04-10T09:16:05.146+0900] {processor.py:914} INFO - Processing file /home/airflow/.local/lib/python3.12/site-packages/airflow/example_dags/example_dataset_alias_with_no_taskflow.py for tasks to queue
[2026-04-10T09:16:05.149+0900] {logging_mixin.py:190} INFO - [2026-04-10T09:16:05.148+0900] {dagbag.py:587} INFO - Filling up the DagBag from /home/airflow/.local/lib/python3.12/site-packages/airflow/example_dags/example_dataset_alias_with_no_taskflow.py
[2026-04-10T09:16:05.279+0900] {processor.py:925} INFO - DAG(s) 'dataset_alias_example_alias_producer_with_no_taskflow', 'dataset_s3_bucket_producer_with_no_taskflow', 'dataset_s3_bucket_consumer_with_no_taskflow', 'dataset_alias_example_alias_consumer_with_no_taskflow' retrieved from /home/airflow/.local/lib/python3.12/site-packages/airflow/example_dags/example_dataset_alias_with_no_taskflow.py
[2026-04-10T09:16:05.295+0900] {logging_mixin.py:190} INFO - [2026-04-10T09:16:05.295+0900] {dag.py:3211} INFO - Sync 4 DAGs
[2026-04-10T09:16:05.311+0900] {logging_mixin.py:190} INFO - [2026-04-10T09:16:05.311+0900] {dag.py:4138} INFO - Setting next_dagrun for dataset_alias_example_alias_consumer_with_no_taskflow to None, run_after=None
[2026-04-10T09:16:05.314+0900] {logging_mixin.py:190} INFO - [2026-04-10T09:16:05.314+0900] {dag.py:4138} INFO - Setting next_dagrun for dataset_alias_example_alias_producer_with_no_taskflow to None, run_after=None
[2026-04-10T09:16:05.315+0900] {logging_mixin.py:190} INFO - [2026-04-10T09:16:05.315+0900] {dag.py:4138} INFO - Setting next_dagrun for dataset_s3_bucket_consumer_with_no_taskflow to None, run_after=None
[2026-04-10T09:16:05.317+0900] {logging_mixin.py:190} INFO - [2026-04-10T09:16:05.317+0900] {dag.py:4138} INFO - Setting next_dagrun for dataset_s3_bucket_producer_with_no_taskflow to None, run_after=None
[2026-04-10T09:16:05.339+0900] {processor.py:208} INFO - Processing /home/airflow/.local/lib/python3.12/site-packages/airflow/example_dags/example_dataset_alias_with_no_taskflow.py took 0.201 seconds
[2026-04-10T09:16:35.948+0900] {processor.py:186} INFO - Started process (PID=147492) to work on /home/airflow/.local/lib/python3.12/site-packages/airflow/example_dags/example_dataset_alias_with_no_taskflow.py
[2026-04-10T09:16:35.949+0900] {processor.py:914} INFO - Processing file /home/airflow/.local/lib/python3.12/site-packages/airflow/example_dags/example_dataset_alias_with_no_taskflow.py for tasks to queue
[2026-04-10T09:16:35.951+0900] {logging_mixin.py:190} INFO - [2026-04-10T09:16:35.951+0900] {dagbag.py:587} INFO - Filling up the DagBag from /home/airflow/.local/lib/python3.12/site-packages/airflow/example_dags/example_dataset_alias_with_no_taskflow.py
[2026-04-10T09:16:36.056+0900] {processor.py:925} INFO - DAG(s) 'dataset_s3_bucket_producer_with_no_taskflow', 'dataset_s3_bucket_consumer_with_no_taskflow', 'dataset_alias_example_alias_producer_with_no_taskflow', 'dataset_alias_example_alias_consumer_with_no_taskflow' retrieved from /home/airflow/.local/lib/python3.12/site-packages/airflow/example_dags/example_dataset_alias_with_no_taskflow.py
[2026-04-10T09:16:36.073+0900] {logging_mixin.py:190} INFO - [2026-04-10T09:16:36.072+0900] {dag.py:3211} INFO - Sync 4 DAGs
[2026-04-10T09:16:36.088+0900] {logging_mixin.py:190} INFO - [2026-04-10T09:16:36.088+0900] {dag.py:4138} INFO - Setting next_dagrun for dataset_alias_example_alias_consumer_with_no_taskflow to None, run_after=None
[2026-04-10T09:16:36.091+0900] {logging_mixin.py:190} INFO - [2026-04-10T09:16:36.091+0900] {dag.py:4138} INFO - Setting next_dagrun for dataset_alias_example_alias_producer_with_no_taskflow to None, run_after=None
[2026-04-10T09:16:36.093+0900] {logging_mixin.py:190} INFO - [2026-04-10T09:16:36.092+0900] {dag.py:4138} INFO - Setting next_dagrun for dataset_s3_bucket_consumer_with_no_taskflow to None, run_after=None
[2026-04-10T09:16:36.094+0900] {logging_mixin.py:190} INFO - [2026-04-10T09:16:36.094+0900] {dag.py:4138} INFO - Setting next_dagrun for dataset_s3_bucket_producer_with_no_taskflow to None, run_after=None
[2026-04-10T09:16:36.116+0900] {processor.py:208} INFO - Processing /home/airflow/.local/lib/python3.12/site-packages/airflow/example_dags/example_dataset_alias_with_no_taskflow.py took 0.173 seconds
[2026-04-10T09:17:06.786+0900] {processor.py:186} INFO - Started process (PID=147555) to work on /home/airflow/.local/lib/python3.12/site-packages/airflow/example_dags/example_dataset_alias_with_no_taskflow.py
[2026-04-10T09:17:06.787+0900] {processor.py:914} INFO - Processing file /home/airflow/.local/lib/python3.12/site-packages/airflow/example_dags/example_dataset_alias_with_no_taskflow.py for tasks to queue
[2026-04-10T09:17:06.790+0900] {logging_mixin.py:190} INFO - [2026-04-10T09:17:06.790+0900] {dagbag.py:587} INFO - Filling up the DagBag from /home/airflow/.local/lib/python3.12/site-packages/airflow/example_dags/example_dataset_alias_with_no_taskflow.py
[2026-04-10T09:17:06.906+0900] {processor.py:925} INFO - DAG(s) 'dataset_s3_bucket_producer_with_no_taskflow', 'dataset_alias_example_alias_consumer_with_no_taskflow', 'dataset_s3_bucket_consumer_with_no_taskflow', 'dataset_alias_example_alias_producer_with_no_taskflow' retrieved from /home/airflow/.local/lib/python3.12/site-packages/airflow/example_dags/example_dataset_alias_with_no_taskflow.py
[2026-04-10T09:17:06.926+0900] {logging_mixin.py:190} INFO - [2026-04-10T09:17:06.926+0900] {dag.py:3211} INFO - Sync 4 DAGs
[2026-04-10T09:17:06.941+0900] {logging_mixin.py:190} INFO - [2026-04-10T09:17:06.941+0900] {dag.py:4138} INFO - Setting next_dagrun for dataset_alias_example_alias_consumer_with_no_taskflow to None, run_after=None
[2026-04-10T09:17:06.943+0900] {logging_mixin.py:190} INFO - [2026-04-10T09:17:06.943+0900] {dag.py:4138} INFO - Setting next_dagrun for dataset_alias_example_alias_producer_with_no_taskflow to None, run_after=None
[2026-04-10T09:17:06.945+0900] {logging_mixin.py:190} INFO - [2026-04-10T09:17:06.945+0900] {dag.py:4138} INFO - Setting next_dagrun for dataset_s3_bucket_consumer_with_no_taskflow to None, run_after=None
[2026-04-10T09:17:06.947+0900] {logging_mixin.py:190} INFO - [2026-04-10T09:17:06.947+0900] {dag.py:4138} INFO - Setting next_dagrun for dataset_s3_bucket_producer_with_no_taskflow to None, run_after=None
[2026-04-10T09:17:06.962+0900] {processor.py:208} INFO - Processing /home/airflow/.local/lib/python3.12/site-packages/airflow/example_dags/example_dataset_alias_with_no_taskflow.py took 0.181 seconds
[2026-04-10T09:17:37.391+0900] {processor.py:186} INFO - Started process (PID=147618) to work on /home/airflow/.local/lib/python3.12/site-packages/airflow/example_dags/example_dataset_alias_with_no_taskflow.py
[2026-04-10T09:17:37.392+0900] {processor.py:914} INFO - Processing file /home/airflow/.local/lib/python3.12/site-packages/airflow/example_dags/example_dataset_alias_with_no_taskflow.py for tasks to queue
[2026-04-10T09:17:37.394+0900] {logging_mixin.py:190} INFO - [2026-04-10T09:17:37.394+0900] {dagbag.py:587} INFO - Filling up the DagBag from /home/airflow/.local/lib/python3.12/site-packages/airflow/example_dags/example_dataset_alias_with_no_taskflow.py
[2026-04-10T09:17:37.510+0900] {processor.py:925} INFO - DAG(s) 'dataset_alias_example_alias_consumer_with_no_taskflow', 'dataset_alias_example_alias_producer_with_no_taskflow', 'dataset_s3_bucket_producer_with_no_taskflow', 'dataset_s3_bucket_consumer_with_no_taskflow' retrieved from /home/airflow/.local/lib/python3.12/site-packages/airflow/example_dags/example_dataset_alias_with_no_taskflow.py
[2026-04-10T09:17:37.526+0900] {logging_mixin.py:190} INFO - [2026-04-10T09:17:37.526+0900] {dag.py:3211} INFO - Sync 4 DAGs
[2026-04-10T09:17:37.545+0900] {logging_mixin.py:190} INFO - [2026-04-10T09:17:37.545+0900] {dag.py:4138} INFO - Setting next_dagrun for dataset_alias_example_alias_consumer_with_no_taskflow to None, run_after=None
[2026-04-10T09:17:37.548+0900] {logging_mixin.py:190} INFO - [2026-04-10T09:17:37.548+0900] {dag.py:4138} INFO - Setting next_dagrun for dataset_alias_example_alias_producer_with_no_taskflow to None, run_after=None
[2026-04-10T09:17:37.549+0900] {logging_mixin.py:190} INFO - [2026-04-10T09:17:37.549+0900] {dag.py:4138} INFO - Setting next_dagrun for dataset_s3_bucket_consumer_with_no_taskflow to None, run_after=None
[2026-04-10T09:17:37.550+0900] {logging_mixin.py:190} INFO - [2026-04-10T09:17:37.550+0900] {dag.py:4138} INFO - Setting next_dagrun for dataset_s3_bucket_producer_with_no_taskflow to None, run_after=None
[2026-04-10T09:17:37.570+0900] {processor.py:208} INFO - Processing /home/airflow/.local/lib/python3.12/site-packages/airflow/example_dags/example_dataset_alias_with_no_taskflow.py took 0.184 seconds
[2026-04-10T09:18:08.308+0900] {processor.py:186} INFO - Started process (PID=147681) to work on /home/airflow/.local/lib/python3.12/site-packages/airflow/example_dags/example_dataset_alias_with_no_taskflow.py
[2026-04-10T09:18:08.309+0900] {processor.py:914} INFO - Processing file /home/airflow/.local/lib/python3.12/site-packages/airflow/example_dags/example_dataset_alias_with_no_taskflow.py for tasks to queue
[2026-04-10T09:18:08.312+0900] {logging_mixin.py:190} INFO - [2026-04-10T09:18:08.312+0900] {dagbag.py:587} INFO - Filling up the DagBag from /home/airflow/.local/lib/python3.12/site-packages/airflow/example_dags/example_dataset_alias_with_no_taskflow.py
[2026-04-10T09:18:08.427+0900] {processor.py:925} INFO - DAG(s) 'dataset_s3_bucket_producer_with_no_taskflow', 'dataset_s3_bucket_consumer_with_no_taskflow', 'dataset_alias_example_alias_producer_with_no_taskflow', 'dataset_alias_example_alias_consumer_with_no_taskflow' retrieved from /home/airflow/.local/lib/python3.12/site-packages/airflow/example_dags/example_dataset_alias_with_no_taskflow.py
[2026-04-10T09:18:08.444+0900] {logging_mixin.py:190} INFO - [2026-04-10T09:18:08.444+0900] {dag.py:3211} INFO - Sync 4 DAGs
[2026-04-10T09:18:08.462+0900] {logging_mixin.py:190} INFO - [2026-04-10T09:18:08.462+0900] {dag.py:4138} INFO - Setting next_dagrun for dataset_alias_example_alias_consumer_with_no_taskflow to None, run_after=None
[2026-04-10T09:18:08.465+0900] {logging_mixin.py:190} INFO - [2026-04-10T09:18:08.465+0900] {dag.py:4138} INFO - Setting next_dagrun for dataset_alias_example_alias_producer_with_no_taskflow to None, run_after=None
[2026-04-10T09:18:08.466+0900] {logging_mixin.py:190} INFO - [2026-04-10T09:18:08.466+0900] {dag.py:4138} INFO - Setting next_dagrun for dataset_s3_bucket_consumer_with_no_taskflow to None, run_after=None
[2026-04-10T09:18:08.467+0900] {logging_mixin.py:190} INFO - [2026-04-10T09:18:08.467+0900] {dag.py:4138} INFO - Setting next_dagrun for dataset_s3_bucket_producer_with_no_taskflow to None, run_after=None
[2026-04-10T09:18:08.484+0900] {processor.py:208} INFO - Processing /home/airflow/.local/lib/python3.12/site-packages/airflow/example_dags/example_dataset_alias_with_no_taskflow.py took 0.182 seconds
[2026-04-10T09:18:38.943+0900] {processor.py:186} INFO - Started process (PID=147744) to work on /home/airflow/.local/lib/python3.12/site-packages/airflow/example_dags/example_dataset_alias_with_no_taskflow.py
[2026-04-10T09:18:38.944+0900] {processor.py:914} INFO - Processing file /home/airflow/.local/lib/python3.12/site-packages/airflow/example_dags/example_dataset_alias_with_no_taskflow.py for tasks to queue
[2026-04-10T09:18:38.946+0900] {logging_mixin.py:190} INFO - [2026-04-10T09:18:38.946+0900] {dagbag.py:587} INFO - Filling up the DagBag from /home/airflow/.local/lib/python3.12/site-packages/airflow/example_dags/example_dataset_alias_with_no_taskflow.py
[2026-04-10T09:18:39.058+0900] {processor.py:925} INFO - DAG(s) 'dataset_s3_bucket_producer_with_no_taskflow', 'dataset_alias_example_alias_producer_with_no_taskflow', 'dataset_s3_bucket_consumer_with_no_taskflow', 'dataset_alias_example_alias_consumer_with_no_taskflow' retrieved from /home/airflow/.local/lib/python3.12/site-packages/airflow/example_dags/example_dataset_alias_with_no_taskflow.py
[2026-04-10T09:18:39.075+0900] {logging_mixin.py:190} INFO - [2026-04-10T09:18:39.075+0900] {dag.py:3211} INFO - Sync 4 DAGs
[2026-04-10T09:18:39.093+0900] {logging_mixin.py:190} INFO - [2026-04-10T09:18:39.093+0900] {dag.py:4138} INFO - Setting next_dagrun for dataset_alias_example_alias_consumer_with_no_taskflow to None, run_after=None
[2026-04-10T09:18:39.095+0900] {logging_mixin.py:190} INFO - [2026-04-10T09:18:39.095+0900] {dag.py:4138} INFO - Setting next_dagrun for dataset_alias_example_alias_producer_with_no_taskflow to None, run_after=None
[2026-04-10T09:18:39.097+0900] {logging_mixin.py:190} INFO - [2026-04-10T09:18:39.097+0900] {dag.py:4138} INFO - Setting next_dagrun for dataset_s3_bucket_consumer_with_no_taskflow to None, run_after=None
[2026-04-10T09:18:39.098+0900] {logging_mixin.py:190} INFO - [2026-04-10T09:18:39.098+0900] {dag.py:4138} INFO - Setting next_dagrun for dataset_s3_bucket_producer_with_no_taskflow to None, run_after=None
[2026-04-10T09:18:39.119+0900] {processor.py:208} INFO - Processing /home/airflow/.local/lib/python3.12/site-packages/airflow/example_dags/example_dataset_alias_with_no_taskflow.py took 0.181 seconds
[2026-04-10T09:19:09.846+0900] {processor.py:186} INFO - Started process (PID=147807) to work on /home/airflow/.local/lib/python3.12/site-packages/airflow/example_dags/example_dataset_alias_with_no_taskflow.py
[2026-04-10T09:19:09.847+0900] {processor.py:914} INFO - Processing file /home/airflow/.local/lib/python3.12/site-packages/airflow/example_dags/example_dataset_alias_with_no_taskflow.py for tasks to queue
[2026-04-10T09:19:09.850+0900] {logging_mixin.py:190} INFO - [2026-04-10T09:19:09.850+0900] {dagbag.py:587} INFO - Filling up the DagBag from /home/airflow/.local/lib/python3.12/site-packages/airflow/example_dags/example_dataset_alias_with_no_taskflow.py
[2026-04-10T09:19:09.955+0900] {processor.py:925} INFO - DAG(s) 'dataset_s3_bucket_producer_with_no_taskflow', 'dataset_s3_bucket_consumer_with_no_taskflow', 'dataset_alias_example_alias_producer_with_no_taskflow', 'dataset_alias_example_alias_consumer_with_no_taskflow' retrieved from /home/airflow/.local/lib/python3.12/site-packages/airflow/example_dags/example_dataset_alias_with_no_taskflow.py
[2026-04-10T09:19:09.969+0900] {logging_mixin.py:190} INFO - [2026-04-10T09:19:09.969+0900] {dag.py:3211} INFO - Sync 4 DAGs
[2026-04-10T09:19:09.985+0900] {logging_mixin.py:190} INFO - [2026-04-10T09:19:09.985+0900] {dag.py:4138} INFO - Setting next_dagrun for dataset_alias_example_alias_consumer_with_no_taskflow to None, run_after=None
[2026-04-10T09:19:09.987+0900] {logging_mixin.py:190} INFO - [2026-04-10T09:19:09.987+0900] {dag.py:4138} INFO - Setting next_dagrun for dataset_alias_example_alias_producer_with_no_taskflow to None, run_after=None
[2026-04-10T09:19:09.988+0900] {logging_mixin.py:190} INFO - [2026-04-10T09:19:09.988+0900] {dag.py:4138} INFO - Setting next_dagrun for dataset_s3_bucket_consumer_with_no_taskflow to None, run_after=None
[2026-04-10T09:19:09.989+0900] {logging_mixin.py:190} INFO - [2026-04-10T09:19:09.989+0900] {dag.py:4138} INFO - Setting next_dagrun for dataset_s3_bucket_producer_with_no_taskflow to None, run_after=None
[2026-04-10T09:19:10.009+0900] {processor.py:208} INFO - Processing /home/airflow/.local/lib/python3.12/site-packages/airflow/example_dags/example_dataset_alias_with_no_taskflow.py took 0.168 seconds
[2026-04-10T09:19:41.014+0900] {processor.py:186} INFO - Started process (PID=147870) to work on /home/airflow/.local/lib/python3.12/site-packages/airflow/example_dags/example_dataset_alias_with_no_taskflow.py
[2026-04-10T09:19:41.015+0900] {processor.py:914} INFO - Processing file /home/airflow/.local/lib/python3.12/site-packages/airflow/example_dags/example_dataset_alias_with_no_taskflow.py for tasks to queue
[2026-04-10T09:19:41.017+0900] {logging_mixin.py:190} INFO - [2026-04-10T09:19:41.017+0900] {dagbag.py:587} INFO - Filling up the DagBag from /home/airflow/.local/lib/python3.12/site-packages/airflow/example_dags/example_dataset_alias_with_no_taskflow.py
[2026-04-10T09:19:41.116+0900] {processor.py:925} INFO - DAG(s) 'dataset_alias_example_alias_consumer_with_no_taskflow', 'dataset_s3_bucket_consumer_with_no_taskflow', 'dataset_s3_bucket_producer_with_no_taskflow', 'dataset_alias_example_alias_producer_with_no_taskflow' retrieved from /home/airflow/.local/lib/python3.12/site-packages/airflow/example_dags/example_dataset_alias_with_no_taskflow.py
[2026-04-10T09:19:41.130+0900] {logging_mixin.py:190} INFO - [2026-04-10T09:19:41.130+0900] {dag.py:3211} INFO - Sync 4 DAGs
[2026-04-10T09:19:41.146+0900] {logging_mixin.py:190} INFO - [2026-04-10T09:19:41.145+0900] {dag.py:4138} INFO - Setting next_dagrun for dataset_alias_example_alias_consumer_with_no_taskflow to None, run_after=None
[2026-04-10T09:19:41.148+0900] {logging_mixin.py:190} INFO - [2026-04-10T09:19:41.147+0900] {dag.py:4138} INFO - Setting next_dagrun for dataset_alias_example_alias_producer_with_no_taskflow to None, run_after=None
[2026-04-10T09:19:41.149+0900] {logging_mixin.py:190} INFO - [2026-04-10T09:19:41.149+0900] {dag.py:4138} INFO - Setting next_dagrun for dataset_s3_bucket_consumer_with_no_taskflow to None, run_after=None
[2026-04-10T09:19:41.150+0900] {logging_mixin.py:190} INFO - [2026-04-10T09:19:41.150+0900] {dag.py:4138} INFO - Setting next_dagrun for dataset_s3_bucket_producer_with_no_taskflow to None, run_after=None
[2026-04-10T09:19:41.167+0900] {processor.py:208} INFO - Processing /home/airflow/.local/lib/python3.12/site-packages/airflow/example_dags/example_dataset_alias_with_no_taskflow.py took 0.157 seconds
[2026-04-10T09:20:11.833+0900] {processor.py:186} INFO - Started process (PID=147933) to work on /home/airflow/.local/lib/python3.12/site-packages/airflow/example_dags/example_dataset_alias_with_no_taskflow.py
[2026-04-10T09:20:11.834+0900] {processor.py:914} INFO - Processing file /home/airflow/.local/lib/python3.12/site-packages/airflow/example_dags/example_dataset_alias_with_no_taskflow.py for tasks to queue
[2026-04-10T09:20:11.836+0900] {logging_mixin.py:190} INFO - [2026-04-10T09:20:11.836+0900] {dagbag.py:587} INFO - Filling up the DagBag from /home/airflow/.local/lib/python3.12/site-packages/airflow/example_dags/example_dataset_alias_with_no_taskflow.py
[2026-04-10T09:20:11.937+0900] {processor.py:925} INFO - DAG(s) 'dataset_s3_bucket_consumer_with_no_taskflow', 'dataset_alias_example_alias_consumer_with_no_taskflow', 'dataset_s3_bucket_producer_with_no_taskflow', 'dataset_alias_example_alias_producer_with_no_taskflow' retrieved from /home/airflow/.local/lib/python3.12/site-packages/airflow/example_dags/example_dataset_alias_with_no_taskflow.py
[2026-04-10T09:20:11.951+0900] {logging_mixin.py:190} INFO - [2026-04-10T09:20:11.951+0900] {dag.py:3211} INFO - Sync 4 DAGs
[2026-04-10T09:20:11.966+0900] {logging_mixin.py:190} INFO - [2026-04-10T09:20:11.966+0900] {dag.py:4138} INFO - Setting next_dagrun for dataset_alias_example_alias_consumer_with_no_taskflow to None, run_after=None
[2026-04-10T09:20:11.968+0900] {logging_mixin.py:190} INFO - [2026-04-10T09:20:11.968+0900] {dag.py:4138} INFO - Setting next_dagrun for dataset_alias_example_alias_producer_with_no_taskflow to None, run_after=None
[2026-04-10T09:20:11.970+0900] {logging_mixin.py:190} INFO - [2026-04-10T09:20:11.970+0900] {dag.py:4138} INFO - Setting next_dagrun for dataset_s3_bucket_consumer_with_no_taskflow to None, run_after=None
[2026-04-10T09:20:11.971+0900] {logging_mixin.py:190} INFO - [2026-04-10T09:20:11.971+0900] {dag.py:4138} INFO - Setting next_dagrun for dataset_s3_bucket_producer_with_no_taskflow to None, run_after=None
[2026-04-10T09:20:11.991+0900] {processor.py:208} INFO - Processing /home/airflow/.local/lib/python3.12/site-packages/airflow/example_dags/example_dataset_alias_with_no_taskflow.py took 0.162 seconds
[2026-04-10T09:20:42.486+0900] {processor.py:186} INFO - Started process (PID=147996) to work on /home/airflow/.local/lib/python3.12/site-packages/airflow/example_dags/example_dataset_alias_with_no_taskflow.py
[2026-04-10T09:20:42.487+0900] {processor.py:914} INFO - Processing file /home/airflow/.local/lib/python3.12/site-packages/airflow/example_dags/example_dataset_alias_with_no_taskflow.py for tasks to queue
[2026-04-10T09:20:42.489+0900] {logging_mixin.py:190} INFO - [2026-04-10T09:20:42.489+0900] {dagbag.py:587} INFO - Filling up the DagBag from /home/airflow/.local/lib/python3.12/site-packages/airflow/example_dags/example_dataset_alias_with_no_taskflow.py
[2026-04-10T09:20:42.595+0900] {processor.py:925} INFO - DAG(s) 'dataset_s3_bucket_consumer_with_no_taskflow', 'dataset_alias_example_alias_consumer_with_no_taskflow', 'dataset_s3_bucket_producer_with_no_taskflow', 'dataset_alias_example_alias_producer_with_no_taskflow' retrieved from /home/airflow/.local/lib/python3.12/site-packages/airflow/example_dags/example_dataset_alias_with_no_taskflow.py
[2026-04-10T09:20:42.609+0900] {logging_mixin.py:190} INFO - [2026-04-10T09:20:42.609+0900] {dag.py:3211} INFO - Sync 4 DAGs
[2026-04-10T09:20:42.625+0900] {logging_mixin.py:190} INFO - [2026-04-10T09:20:42.625+0900] {dag.py:4138} INFO - Setting next_dagrun for dataset_alias_example_alias_consumer_with_no_taskflow to None, run_after=None
[2026-04-10T09:20:42.628+0900] {logging_mixin.py:190} INFO - [2026-04-10T09:20:42.628+0900] {dag.py:4138} INFO - Setting next_dagrun for dataset_alias_example_alias_producer_with_no_taskflow to None, run_after=None
[2026-04-10T09:20:42.630+0900] {logging_mixin.py:190} INFO - [2026-04-10T09:20:42.630+0900] {dag.py:4138} INFO - Setting next_dagrun for dataset_s3_bucket_consumer_with_no_taskflow to None, run_after=None
[2026-04-10T09:20:42.632+0900] {logging_mixin.py:190} INFO - [2026-04-10T09:20:42.632+0900] {dag.py:4138} INFO - Setting next_dagrun for dataset_s3_bucket_producer_with_no_taskflow to None, run_after=None
[2026-04-10T09:20:42.649+0900] {processor.py:208} INFO - Processing /home/airflow/.local/lib/python3.12/site-packages/airflow/example_dags/example_dataset_alias_with_no_taskflow.py took 0.168 seconds
[2026-04-10T09:21:13.342+0900] {processor.py:186} INFO - Started process (PID=148059) to work on /home/airflow/.local/lib/python3.12/site-packages/airflow/example_dags/example_dataset_alias_with_no_taskflow.py
[2026-04-10T09:21:13.343+0900] {processor.py:914} INFO - Processing file /home/airflow/.local/lib/python3.12/site-packages/airflow/example_dags/example_dataset_alias_with_no_taskflow.py for tasks to queue
[2026-04-10T09:21:13.345+0900] {logging_mixin.py:190} INFO - [2026-04-10T09:21:13.345+0900] {dagbag.py:587} INFO - Filling up the DagBag from /home/airflow/.local/lib/python3.12/site-packages/airflow/example_dags/example_dataset_alias_with_no_taskflow.py
[2026-04-10T09:21:13.453+0900] {processor.py:925} INFO - DAG(s) 'dataset_s3_bucket_producer_with_no_taskflow', 'dataset_alias_example_alias_consumer_with_no_taskflow', 'dataset_s3_bucket_consumer_with_no_taskflow', 'dataset_alias_example_alias_producer_with_no_taskflow' retrieved from /home/airflow/.local/lib/python3.12/site-packages/airflow/example_dags/example_dataset_alias_with_no_taskflow.py
[2026-04-10T09:21:13.467+0900] {logging_mixin.py:190} INFO - [2026-04-10T09:21:13.467+0900] {dag.py:3211} INFO - Sync 4 DAGs
[2026-04-10T09:21:13.482+0900] {logging_mixin.py:190} INFO - [2026-04-10T09:21:13.482+0900] {dag.py:4138} INFO - Setting next_dagrun for dataset_alias_example_alias_consumer_with_no_taskflow to None, run_after=None
[2026-04-10T09:21:13.484+0900] {logging_mixin.py:190} INFO - [2026-04-10T09:21:13.484+0900] {dag.py:4138} INFO - Setting next_dagrun for dataset_alias_example_alias_producer_with_no_taskflow to None, run_after=None
[2026-04-10T09:21:13.486+0900] {logging_mixin.py:190} INFO - [2026-04-10T09:21:13.485+0900] {dag.py:4138} INFO - Setting next_dagrun for dataset_s3_bucket_consumer_with_no_taskflow to None, run_after=None
[2026-04-10T09:21:13.487+0900] {logging_mixin.py:190} INFO - [2026-04-10T09:21:13.487+0900] {dag.py:4138} INFO - Setting next_dagrun for dataset_s3_bucket_producer_with_no_taskflow to None, run_after=None
[2026-04-10T09:21:13.503+0900] {processor.py:208} INFO - Processing /home/airflow/.local/lib/python3.12/site-packages/airflow/example_dags/example_dataset_alias_with_no_taskflow.py took 0.167 seconds
[2026-04-10T09:21:44.126+0900] {processor.py:186} INFO - Started process (PID=148122) to work on /home/airflow/.local/lib/python3.12/site-packages/airflow/example_dags/example_dataset_alias_with_no_taskflow.py
[2026-04-10T09:21:44.127+0900] {processor.py:914} INFO - Processing file /home/airflow/.local/lib/python3.12/site-packages/airflow/example_dags/example_dataset_alias_with_no_taskflow.py for tasks to queue
[2026-04-10T09:21:44.130+0900] {logging_mixin.py:190} INFO - [2026-04-10T09:21:44.130+0900] {dagbag.py:587} INFO - Filling up the DagBag from /home/airflow/.local/lib/python3.12/site-packages/airflow/example_dags/example_dataset_alias_with_no_taskflow.py
[2026-04-10T09:21:44.239+0900] {processor.py:925} INFO - DAG(s) 'dataset_s3_bucket_consumer_with_no_taskflow', 'dataset_alias_example_alias_producer_with_no_taskflow', 'dataset_alias_example_alias_consumer_with_no_taskflow', 'dataset_s3_bucket_producer_with_no_taskflow' retrieved from /home/airflow/.local/lib/python3.12/site-packages/airflow/example_dags/example_dataset_alias_with_no_taskflow.py
[2026-04-10T09:21:44.253+0900] {logging_mixin.py:190} INFO - [2026-04-10T09:21:44.253+0900] {dag.py:3211} INFO - Sync 4 DAGs
[2026-04-10T09:21:44.267+0900] {logging_mixin.py:190} INFO - [2026-04-10T09:21:44.267+0900] {dag.py:4138} INFO - Setting next_dagrun for dataset_alias_example_alias_consumer_with_no_taskflow to None, run_after=None
[2026-04-10T09:21:44.269+0900] {logging_mixin.py:190} INFO - [2026-04-10T09:21:44.269+0900] {dag.py:4138} INFO - Setting next_dagrun for dataset_alias_example_alias_producer_with_no_taskflow to None, run_after=None
[2026-04-10T09:21:44.271+0900] {logging_mixin.py:190} INFO - [2026-04-10T09:21:44.270+0900] {dag.py:4138} INFO - Setting next_dagrun for dataset_s3_bucket_consumer_with_no_taskflow to None, run_after=None
[2026-04-10T09:21:44.272+0900] {logging_mixin.py:190} INFO - [2026-04-10T09:21:44.272+0900] {dag.py:4138} INFO - Setting next_dagrun for dataset_s3_bucket_producer_with_no_taskflow to None, run_after=None
[2026-04-10T09:21:44.291+0900] {processor.py:208} INFO - Processing /home/airflow/.local/lib/python3.12/site-packages/airflow/example_dags/example_dataset_alias_with_no_taskflow.py took 0.170 seconds
[2026-04-10T09:22:14.888+0900] {processor.py:186} INFO - Started process (PID=148185) to work on /home/airflow/.local/lib/python3.12/site-packages/airflow/example_dags/example_dataset_alias_with_no_taskflow.py
[2026-04-10T09:22:14.889+0900] {processor.py:914} INFO - Processing file /home/airflow/.local/lib/python3.12/site-packages/airflow/example_dags/example_dataset_alias_with_no_taskflow.py for tasks to queue
[2026-04-10T09:22:14.891+0900] {logging_mixin.py:190} INFO - [2026-04-10T09:22:14.891+0900] {dagbag.py:587} INFO - Filling up the DagBag from /home/airflow/.local/lib/python3.12/site-packages/airflow/example_dags/example_dataset_alias_with_no_taskflow.py
[2026-04-10T09:22:14.998+0900] {processor.py:925} INFO - DAG(s) 'dataset_s3_bucket_producer_with_no_taskflow', 'dataset_alias_example_alias_consumer_with_no_taskflow', 'dataset_s3_bucket_consumer_with_no_taskflow', 'dataset_alias_example_alias_producer_with_no_taskflow' retrieved from /home/airflow/.local/lib/python3.12/site-packages/airflow/example_dags/example_dataset_alias_with_no_taskflow.py
[2026-04-10T09:22:15.016+0900] {logging_mixin.py:190} INFO - [2026-04-10T09:22:15.016+0900] {dag.py:3211} INFO - Sync 4 DAGs
[2026-04-10T09:22:15.034+0900] {logging_mixin.py:190} INFO - [2026-04-10T09:22:15.034+0900] {dag.py:4138} INFO - Setting next_dagrun for dataset_alias_example_alias_consumer_with_no_taskflow to None, run_after=None
[2026-04-10T09:22:15.037+0900] {logging_mixin.py:190} INFO - [2026-04-10T09:22:15.037+0900] {dag.py:4138} INFO - Setting next_dagrun for dataset_alias_example_alias_producer_with_no_taskflow to None, run_after=None
[2026-04-10T09:22:15.038+0900] {logging_mixin.py:190} INFO - [2026-04-10T09:22:15.038+0900] {dag.py:4138} INFO - Setting next_dagrun for dataset_s3_bucket_consumer_with_no_taskflow to None, run_after=None
[2026-04-10T09:22:15.039+0900] {logging_mixin.py:190} INFO - [2026-04-10T09:22:15.039+0900] {dag.py:4138} INFO - Setting next_dagrun for dataset_s3_bucket_producer_with_no_taskflow to None, run_after=None
[2026-04-10T09:22:15.060+0900] {processor.py:208} INFO - Processing /home/airflow/.local/lib/python3.12/site-packages/airflow/example_dags/example_dataset_alias_with_no_taskflow.py took 0.178 seconds
[2026-04-10T09:22:45.801+0900] {processor.py:186} INFO - Started process (PID=148248) to work on /home/airflow/.local/lib/python3.12/site-packages/airflow/example_dags/example_dataset_alias_with_no_taskflow.py
[2026-04-10T09:22:45.802+0900] {processor.py:914} INFO - Processing file /home/airflow/.local/lib/python3.12/site-packages/airflow/example_dags/example_dataset_alias_with_no_taskflow.py for tasks to queue
[2026-04-10T09:22:45.804+0900] {logging_mixin.py:190} INFO - [2026-04-10T09:22:45.804+0900] {dagbag.py:587} INFO - Filling up the DagBag from /home/airflow/.local/lib/python3.12/site-packages/airflow/example_dags/example_dataset_alias_with_no_taskflow.py
[2026-04-10T09:22:45.919+0900] {processor.py:925} INFO - DAG(s) 'dataset_alias_example_alias_producer_with_no_taskflow', 'dataset_alias_example_alias_consumer_with_no_taskflow', 'dataset_s3_bucket_producer_with_no_taskflow', 'dataset_s3_bucket_consumer_with_no_taskflow' retrieved from /home/airflow/.local/lib/python3.12/site-packages/airflow/example_dags/example_dataset_alias_with_no_taskflow.py
[2026-04-10T09:22:45.934+0900] {logging_mixin.py:190} INFO - [2026-04-10T09:22:45.934+0900] {dag.py:3211} INFO - Sync 4 DAGs
[2026-04-10T09:22:45.952+0900] {logging_mixin.py:190} INFO - [2026-04-10T09:22:45.952+0900] {dag.py:4138} INFO - Setting next_dagrun for dataset_alias_example_alias_consumer_with_no_taskflow to None, run_after=None
[2026-04-10T09:22:45.955+0900] {logging_mixin.py:190} INFO - [2026-04-10T09:22:45.955+0900] {dag.py:4138} INFO - Setting next_dagrun for dataset_alias_example_alias_producer_with_no_taskflow to None, run_after=None
[2026-04-10T09:22:45.957+0900] {logging_mixin.py:190} INFO - [2026-04-10T09:22:45.957+0900] {dag.py:4138} INFO - Setting next_dagrun for dataset_s3_bucket_consumer_with_no_taskflow to None, run_after=None
[2026-04-10T09:22:45.958+0900] {logging_mixin.py:190} INFO - [2026-04-10T09:22:45.958+0900] {dag.py:4138} INFO - Setting next_dagrun for dataset_s3_bucket_producer_with_no_taskflow to None, run_after=None
[2026-04-10T09:22:45.974+0900] {processor.py:208} INFO - Processing /home/airflow/.local/lib/python3.12/site-packages/airflow/example_dags/example_dataset_alias_with_no_taskflow.py took 0.177 seconds
[2026-04-10T09:23:16.399+0900] {processor.py:186} INFO - Started process (PID=148311) to work on /home/airflow/.local/lib/python3.12/site-packages/airflow/example_dags/example_dataset_alias_with_no_taskflow.py
[2026-04-10T09:23:16.401+0900] {processor.py:914} INFO - Processing file /home/airflow/.local/lib/python3.12/site-packages/airflow/example_dags/example_dataset_alias_with_no_taskflow.py for tasks to queue
[2026-04-10T09:23:16.403+0900] {logging_mixin.py:190} INFO - [2026-04-10T09:23:16.402+0900] {dagbag.py:587} INFO - Filling up the DagBag from /home/airflow/.local/lib/python3.12/site-packages/airflow/example_dags/example_dataset_alias_with_no_taskflow.py
[2026-04-10T09:23:16.508+0900] {processor.py:925} INFO - DAG(s) 'dataset_alias_example_alias_consumer_with_no_taskflow', 'dataset_alias_example_alias_producer_with_no_taskflow', 'dataset_s3_bucket_producer_with_no_taskflow', 'dataset_s3_bucket_consumer_with_no_taskflow' retrieved from /home/airflow/.local/lib/python3.12/site-packages/airflow/example_dags/example_dataset_alias_with_no_taskflow.py
[2026-04-10T09:23:16.522+0900] {logging_mixin.py:190} INFO - [2026-04-10T09:23:16.521+0900] {dag.py:3211} INFO - Sync 4 DAGs
[2026-04-10T09:23:16.537+0900] {logging_mixin.py:190} INFO - [2026-04-10T09:23:16.536+0900] {dag.py:4138} INFO - Setting next_dagrun for dataset_alias_example_alias_consumer_with_no_taskflow to None, run_after=None
[2026-04-10T09:23:16.539+0900] {logging_mixin.py:190} INFO - [2026-04-10T09:23:16.538+0900] {dag.py:4138} INFO - Setting next_dagrun for dataset_alias_example_alias_producer_with_no_taskflow to None, run_after=None
[2026-04-10T09:23:16.540+0900] {logging_mixin.py:190} INFO - [2026-04-10T09:23:16.540+0900] {dag.py:4138} INFO - Setting next_dagrun for dataset_s3_bucket_consumer_with_no_taskflow to None, run_after=None
[2026-04-10T09:23:16.541+0900] {logging_mixin.py:190} INFO - [2026-04-10T09:23:16.541+0900] {dag.py:4138} INFO - Setting next_dagrun for dataset_s3_bucket_producer_with_no_taskflow to None, run_after=None
[2026-04-10T09:23:16.558+0900] {processor.py:208} INFO - Processing /home/airflow/.local/lib/python3.12/site-packages/airflow/example_dags/example_dataset_alias_with_no_taskflow.py took 0.164 seconds
[2026-04-10T09:23:47.122+0900] {processor.py:186} INFO - Started process (PID=148374) to work on /home/airflow/.local/lib/python3.12/site-packages/airflow/example_dags/example_dataset_alias_with_no_taskflow.py
[2026-04-10T09:23:47.124+0900] {processor.py:914} INFO - Processing file /home/airflow/.local/lib/python3.12/site-packages/airflow/example_dags/example_dataset_alias_with_no_taskflow.py for tasks to queue
[2026-04-10T09:23:47.126+0900] {logging_mixin.py:190} INFO - [2026-04-10T09:23:47.126+0900] {dagbag.py:587} INFO - Filling up the DagBag from /home/airflow/.local/lib/python3.12/site-packages/airflow/example_dags/example_dataset_alias_with_no_taskflow.py
[2026-04-10T09:23:47.232+0900] {processor.py:925} INFO - DAG(s) 'dataset_alias_example_alias_producer_with_no_taskflow', 'dataset_alias_example_alias_consumer_with_no_taskflow', 'dataset_s3_bucket_consumer_with_no_taskflow', 'dataset_s3_bucket_producer_with_no_taskflow' retrieved from /home/airflow/.local/lib/python3.12/site-packages/airflow/example_dags/example_dataset_alias_with_no_taskflow.py
[2026-04-10T09:23:47.246+0900] {logging_mixin.py:190} INFO - [2026-04-10T09:23:47.246+0900] {dag.py:3211} INFO - Sync 4 DAGs
[2026-04-10T09:23:47.262+0900] {logging_mixin.py:190} INFO - [2026-04-10T09:23:47.261+0900] {dag.py:4138} INFO - Setting next_dagrun for dataset_alias_example_alias_consumer_with_no_taskflow to None, run_after=None
[2026-04-10T09:23:47.264+0900] {logging_mixin.py:190} INFO - [2026-04-10T09:23:47.264+0900] {dag.py:4138} INFO - Setting next_dagrun for dataset_alias_example_alias_producer_with_no_taskflow to None, run_after=None
[2026-04-10T09:23:47.265+0900] {logging_mixin.py:190} INFO - [2026-04-10T09:23:47.265+0900] {dag.py:4138} INFO - Setting next_dagrun for dataset_s3_bucket_consumer_with_no_taskflow to None, run_after=None
[2026-04-10T09:23:47.266+0900] {logging_mixin.py:190} INFO - [2026-04-10T09:23:47.266+0900] {dag.py:4138} INFO - Setting next_dagrun for dataset_s3_bucket_producer_with_no_taskflow to None, run_after=None
[2026-04-10T09:23:47.287+0900] {processor.py:208} INFO - Processing /home/airflow/.local/lib/python3.12/site-packages/airflow/example_dags/example_dataset_alias_with_no_taskflow.py took 0.168 seconds
[2026-04-10T09:24:18.147+0900] {processor.py:186} INFO - Started process (PID=148437) to work on /home/airflow/.local/lib/python3.12/site-packages/airflow/example_dags/example_dataset_alias_with_no_taskflow.py
[2026-04-10T09:24:18.148+0900] {processor.py:914} INFO - Processing file /home/airflow/.local/lib/python3.12/site-packages/airflow/example_dags/example_dataset_alias_with_no_taskflow.py for tasks to queue
[2026-04-10T09:24:18.150+0900] {logging_mixin.py:190} INFO - [2026-04-10T09:24:18.150+0900] {dagbag.py:587} INFO - Filling up the DagBag from /home/airflow/.local/lib/python3.12/site-packages/airflow/example_dags/example_dataset_alias_with_no_taskflow.py
[2026-04-10T09:24:18.264+0900] {processor.py:925} INFO - DAG(s) 'dataset_alias_example_alias_consumer_with_no_taskflow', 'dataset_s3_bucket_consumer_with_no_taskflow', 'dataset_s3_bucket_producer_with_no_taskflow', 'dataset_alias_example_alias_producer_with_no_taskflow' retrieved from /home/airflow/.local/lib/python3.12/site-packages/airflow/example_dags/example_dataset_alias_with_no_taskflow.py
[2026-04-10T09:24:18.277+0900] {logging_mixin.py:190} INFO - [2026-04-10T09:24:18.277+0900] {dag.py:3211} INFO - Sync 4 DAGs
[2026-04-10T09:24:18.291+0900] {logging_mixin.py:190} INFO - [2026-04-10T09:24:18.291+0900] {dag.py:4138} INFO - Setting next_dagrun for dataset_alias_example_alias_consumer_with_no_taskflow to None, run_after=None
[2026-04-10T09:24:18.294+0900] {logging_mixin.py:190} INFO - [2026-04-10T09:24:18.293+0900] {dag.py:4138} INFO - Setting next_dagrun for dataset_alias_example_alias_producer_with_no_taskflow to None, run_after=None
[2026-04-10T09:24:18.295+0900] {logging_mixin.py:190} INFO - [2026-04-10T09:24:18.295+0900] {dag.py:4138} INFO - Setting next_dagrun for dataset_s3_bucket_consumer_with_no_taskflow to None, run_after=None
[2026-04-10T09:24:18.296+0900] {logging_mixin.py:190} INFO - [2026-04-10T09:24:18.295+0900] {dag.py:4138} INFO - Setting next_dagrun for dataset_s3_bucket_producer_with_no_taskflow to None, run_after=None
[2026-04-10T09:24:18.314+0900] {processor.py:208} INFO - Processing /home/airflow/.local/lib/python3.12/site-packages/airflow/example_dags/example_dataset_alias_with_no_taskflow.py took 0.171 seconds
[2026-04-10T09:24:48.372+0900] {processor.py:186} INFO - Started process (PID=148500) to work on /home/airflow/.local/lib/python3.12/site-packages/airflow/example_dags/example_dataset_alias_with_no_taskflow.py
[2026-04-10T09:24:48.373+0900] {processor.py:914} INFO - Processing file /home/airflow/.local/lib/python3.12/site-packages/airflow/example_dags/example_dataset_alias_with_no_taskflow.py for tasks to queue
[2026-04-10T09:24:48.375+0900] {logging_mixin.py:190} INFO - [2026-04-10T09:24:48.374+0900] {dagbag.py:587} INFO - Filling up the DagBag from /home/airflow/.local/lib/python3.12/site-packages/airflow/example_dags/example_dataset_alias_with_no_taskflow.py
[2026-04-10T09:24:48.508+0900] {processor.py:925} INFO - DAG(s) 'dataset_s3_bucket_consumer_with_no_taskflow', 'dataset_s3_bucket_producer_with_no_taskflow', 'dataset_alias_example_alias_consumer_with_no_taskflow', 'dataset_alias_example_alias_producer_with_no_taskflow' retrieved from /home/airflow/.local/lib/python3.12/site-packages/airflow/example_dags/example_dataset_alias_with_no_taskflow.py
[2026-04-10T09:24:48.526+0900] {logging_mixin.py:190} INFO - [2026-04-10T09:24:48.526+0900] {dag.py:3211} INFO - Sync 4 DAGs
[2026-04-10T09:24:48.545+0900] {logging_mixin.py:190} INFO - [2026-04-10T09:24:48.545+0900] {dag.py:4138} INFO - Setting next_dagrun for dataset_alias_example_alias_consumer_with_no_taskflow to None, run_after=None
[2026-04-10T09:24:48.548+0900] {logging_mixin.py:190} INFO - [2026-04-10T09:24:48.547+0900] {dag.py:4138} INFO - Setting next_dagrun for dataset_alias_example_alias_producer_with_no_taskflow to None, run_after=None
[2026-04-10T09:24:48.549+0900] {logging_mixin.py:190} INFO - [2026-04-10T09:24:48.549+0900] {dag.py:4138} INFO - Setting next_dagrun for dataset_s3_bucket_consumer_with_no_taskflow to None, run_after=None
[2026-04-10T09:24:48.551+0900] {logging_mixin.py:190} INFO - [2026-04-10T09:24:48.551+0900] {dag.py:4138} INFO - Setting next_dagrun for dataset_s3_bucket_producer_with_no_taskflow to None, run_after=None
[2026-04-10T09:24:48.573+0900] {processor.py:208} INFO - Processing /home/airflow/.local/lib/python3.12/site-packages/airflow/example_dags/example_dataset_alias_with_no_taskflow.py took 0.207 seconds
[2026-04-10T09:25:19.449+0900] {processor.py:186} INFO - Started process (PID=148563) to work on /home/airflow/.local/lib/python3.12/site-packages/airflow/example_dags/example_dataset_alias_with_no_taskflow.py
[2026-04-10T09:25:19.449+0900] {processor.py:914} INFO - Processing file /home/airflow/.local/lib/python3.12/site-packages/airflow/example_dags/example_dataset_alias_with_no_taskflow.py for tasks to queue
[2026-04-10T09:25:19.451+0900] {logging_mixin.py:190} INFO - [2026-04-10T09:25:19.451+0900] {dagbag.py:587} INFO - Filling up the DagBag from /home/airflow/.local/lib/python3.12/site-packages/airflow/example_dags/example_dataset_alias_with_no_taskflow.py
[2026-04-10T09:25:19.595+0900] {processor.py:925} INFO - DAG(s) 'dataset_alias_example_alias_consumer_with_no_taskflow', 'dataset_s3_bucket_consumer_with_no_taskflow', 'dataset_s3_bucket_producer_with_no_taskflow', 'dataset_alias_example_alias_producer_with_no_taskflow' retrieved from /home/airflow/.local/lib/python3.12/site-packages/airflow/example_dags/example_dataset_alias_with_no_taskflow.py
[2026-04-10T09:25:19.611+0900] {logging_mixin.py:190} INFO - [2026-04-10T09:25:19.611+0900] {dag.py:3211} INFO - Sync 4 DAGs
[2026-04-10T09:25:19.629+0900] {logging_mixin.py:190} INFO - [2026-04-10T09:25:19.628+0900] {dag.py:4138} INFO - Setting next_dagrun for dataset_alias_example_alias_consumer_with_no_taskflow to None, run_after=None
[2026-04-10T09:25:19.631+0900] {logging_mixin.py:190} INFO - [2026-04-10T09:25:19.631+0900] {dag.py:4138} INFO - Setting next_dagrun for dataset_alias_example_alias_producer_with_no_taskflow to None, run_after=None
[2026-04-10T09:25:19.633+0900] {logging_mixin.py:190} INFO - [2026-04-10T09:25:19.633+0900] {dag.py:4138} INFO - Setting next_dagrun for dataset_s3_bucket_consumer_with_no_taskflow to None, run_after=None
[2026-04-10T09:25:19.635+0900] {logging_mixin.py:190} INFO - [2026-04-10T09:25:19.634+0900] {dag.py:4138} INFO - Setting next_dagrun for dataset_s3_bucket_producer_with_no_taskflow to None, run_after=None
[2026-04-10T09:25:19.656+0900] {processor.py:208} INFO - Processing /home/airflow/.local/lib/python3.12/site-packages/airflow/example_dags/example_dataset_alias_with_no_taskflow.py took 0.211 seconds
[2026-04-10T09:25:49.771+0900] {processor.py:186} INFO - Started process (PID=148626) to work on /home/airflow/.local/lib/python3.12/site-packages/airflow/example_dags/example_dataset_alias_with_no_taskflow.py
[2026-04-10T09:25:49.773+0900] {processor.py:914} INFO - Processing file /home/airflow/.local/lib/python3.12/site-packages/airflow/example_dags/example_dataset_alias_with_no_taskflow.py for tasks to queue
[2026-04-10T09:25:49.777+0900] {logging_mixin.py:190} INFO - [2026-04-10T09:25:49.776+0900] {dagbag.py:587} INFO - Filling up the DagBag from /home/airflow/.local/lib/python3.12/site-packages/airflow/example_dags/example_dataset_alias_with_no_taskflow.py
[2026-04-10T09:25:49.956+0900] {processor.py:925} INFO - DAG(s) 'dataset_s3_bucket_producer_with_no_taskflow', 'dataset_alias_example_alias_producer_with_no_taskflow', 'dataset_alias_example_alias_consumer_with_no_taskflow', 'dataset_s3_bucket_consumer_with_no_taskflow' retrieved from /home/airflow/.local/lib/python3.12/site-packages/airflow/example_dags/example_dataset_alias_with_no_taskflow.py
[2026-04-10T09:25:49.981+0900] {logging_mixin.py:190} INFO - [2026-04-10T09:25:49.981+0900] {dag.py:3211} INFO - Sync 4 DAGs
[2026-04-10T09:25:50.001+0900] {logging_mixin.py:190} INFO - [2026-04-10T09:25:50.000+0900] {dag.py:4138} INFO - Setting next_dagrun for dataset_alias_example_alias_consumer_with_no_taskflow to None, run_after=None
[2026-04-10T09:25:50.004+0900] {logging_mixin.py:190} INFO - [2026-04-10T09:25:50.004+0900] {dag.py:4138} INFO - Setting next_dagrun for dataset_alias_example_alias_producer_with_no_taskflow to None, run_after=None
[2026-04-10T09:25:50.005+0900] {logging_mixin.py:190} INFO - [2026-04-10T09:25:50.005+0900] {dag.py:4138} INFO - Setting next_dagrun for dataset_s3_bucket_consumer_with_no_taskflow to None, run_after=None
[2026-04-10T09:25:50.007+0900] {logging_mixin.py:190} INFO - [2026-04-10T09:25:50.007+0900] {dag.py:4138} INFO - Setting next_dagrun for dataset_s3_bucket_producer_with_no_taskflow to None, run_after=None
[2026-04-10T09:25:50.025+0900] {processor.py:208} INFO - Processing /home/airflow/.local/lib/python3.12/site-packages/airflow/example_dags/example_dataset_alias_with_no_taskflow.py took 0.259 seconds
[2026-04-10T09:26:20.960+0900] {processor.py:186} INFO - Started process (PID=148689) to work on /home/airflow/.local/lib/python3.12/site-packages/airflow/example_dags/example_dataset_alias_with_no_taskflow.py
[2026-04-10T09:26:20.961+0900] {processor.py:914} INFO - Processing file /home/airflow/.local/lib/python3.12/site-packages/airflow/example_dags/example_dataset_alias_with_no_taskflow.py for tasks to queue
[2026-04-10T09:26:20.963+0900] {logging_mixin.py:190} INFO - [2026-04-10T09:26:20.963+0900] {dagbag.py:587} INFO - Filling up the DagBag from /home/airflow/.local/lib/python3.12/site-packages/airflow/example_dags/example_dataset_alias_with_no_taskflow.py
[2026-04-10T09:26:21.068+0900] {processor.py:925} INFO - DAG(s) 'dataset_alias_example_alias_consumer_with_no_taskflow', 'dataset_alias_example_alias_producer_with_no_taskflow', 'dataset_s3_bucket_consumer_with_no_taskflow', 'dataset_s3_bucket_producer_with_no_taskflow' retrieved from /home/airflow/.local/lib/python3.12/site-packages/airflow/example_dags/example_dataset_alias_with_no_taskflow.py
[2026-04-10T09:26:21.084+0900] {logging_mixin.py:190} INFO - [2026-04-10T09:26:21.084+0900] {dag.py:3211} INFO - Sync 4 DAGs
[2026-04-10T09:26:21.098+0900] {logging_mixin.py:190} INFO - [2026-04-10T09:26:21.098+0900] {dag.py:4138} INFO - Setting next_dagrun for dataset_alias_example_alias_consumer_with_no_taskflow to None, run_after=None
[2026-04-10T09:26:21.101+0900] {logging_mixin.py:190} INFO - [2026-04-10T09:26:21.100+0900] {dag.py:4138} INFO - Setting next_dagrun for dataset_alias_example_alias_producer_with_no_taskflow to None, run_after=None
[2026-04-10T09:26:21.102+0900] {logging_mixin.py:190} INFO - [2026-04-10T09:26:21.102+0900] {dag.py:4138} INFO - Setting next_dagrun for dataset_s3_bucket_consumer_with_no_taskflow to None, run_after=None
[2026-04-10T09:26:21.103+0900] {logging_mixin.py:190} INFO - [2026-04-10T09:26:21.103+0900] {dag.py:4138} INFO - Setting next_dagrun for dataset_s3_bucket_producer_with_no_taskflow to None, run_after=None
[2026-04-10T09:26:21.121+0900] {processor.py:208} INFO - Processing /home/airflow/.local/lib/python3.12/site-packages/airflow/example_dags/example_dataset_alias_with_no_taskflow.py took 0.167 seconds
[2026-04-10T09:26:51.540+0900] {processor.py:186} INFO - Started process (PID=148752) to work on /home/airflow/.local/lib/python3.12/site-packages/airflow/example_dags/example_dataset_alias_with_no_taskflow.py
[2026-04-10T09:26:51.541+0900] {processor.py:914} INFO - Processing file /home/airflow/.local/lib/python3.12/site-packages/airflow/example_dags/example_dataset_alias_with_no_taskflow.py for tasks to queue
[2026-04-10T09:26:51.543+0900] {logging_mixin.py:190} INFO - [2026-04-10T09:26:51.543+0900] {dagbag.py:587} INFO - Filling up the DagBag from /home/airflow/.local/lib/python3.12/site-packages/airflow/example_dags/example_dataset_alias_with_no_taskflow.py
[2026-04-10T09:26:51.650+0900] {processor.py:925} INFO - DAG(s) 'dataset_alias_example_alias_producer_with_no_taskflow', 'dataset_alias_example_alias_consumer_with_no_taskflow', 'dataset_s3_bucket_consumer_with_no_taskflow', 'dataset_s3_bucket_producer_with_no_taskflow' retrieved from /home/airflow/.local/lib/python3.12/site-packages/airflow/example_dags/example_dataset_alias_with_no_taskflow.py
[2026-04-10T09:26:51.666+0900] {logging_mixin.py:190} INFO - [2026-04-10T09:26:51.666+0900] {dag.py:3211} INFO - Sync 4 DAGs
[2026-04-10T09:26:51.681+0900] {logging_mixin.py:190} INFO - [2026-04-10T09:26:51.681+0900] {dag.py:4138} INFO - Setting next_dagrun for dataset_alias_example_alias_consumer_with_no_taskflow to None, run_after=None
[2026-04-10T09:26:51.682+0900] {logging_mixin.py:190} INFO - [2026-04-10T09:26:51.682+0900] {dag.py:4138} INFO - Setting next_dagrun for dataset_alias_example_alias_producer_with_no_taskflow to None, run_after=None
[2026-04-10T09:26:51.684+0900] {logging_mixin.py:190} INFO - [2026-04-10T09:26:51.683+0900] {dag.py:4138} INFO - Setting next_dagrun for dataset_s3_bucket_consumer_with_no_taskflow to None, run_after=None
[2026-04-10T09:26:51.685+0900] {logging_mixin.py:190} INFO - [2026-04-10T09:26:51.685+0900] {dag.py:4138} INFO - Setting next_dagrun for dataset_s3_bucket_producer_with_no_taskflow to None, run_after=None
[2026-04-10T09:26:51.707+0900] {processor.py:208} INFO - Processing /home/airflow/.local/lib/python3.12/site-packages/airflow/example_dags/example_dataset_alias_with_no_taskflow.py took 0.172 seconds
[2026-04-10T09:27:22.350+0900] {processor.py:186} INFO - Started process (PID=148815) to work on /home/airflow/.local/lib/python3.12/site-packages/airflow/example_dags/example_dataset_alias_with_no_taskflow.py
[2026-04-10T09:27:22.351+0900] {processor.py:914} INFO - Processing file /home/airflow/.local/lib/python3.12/site-packages/airflow/example_dags/example_dataset_alias_with_no_taskflow.py for tasks to queue
[2026-04-10T09:27:22.354+0900] {logging_mixin.py:190} INFO - [2026-04-10T09:27:22.353+0900] {dagbag.py:587} INFO - Filling up the DagBag from /home/airflow/.local/lib/python3.12/site-packages/airflow/example_dags/example_dataset_alias_with_no_taskflow.py
[2026-04-10T09:27:22.459+0900] {processor.py:925} INFO - DAG(s) 'dataset_s3_bucket_consumer_with_no_taskflow', 'dataset_alias_example_alias_consumer_with_no_taskflow', 'dataset_alias_example_alias_producer_with_no_taskflow', 'dataset_s3_bucket_producer_with_no_taskflow' retrieved from /home/airflow/.local/lib/python3.12/site-packages/airflow/example_dags/example_dataset_alias_with_no_taskflow.py
[2026-04-10T09:27:22.473+0900] {logging_mixin.py:190} INFO - [2026-04-10T09:27:22.473+0900] {dag.py:3211} INFO - Sync 4 DAGs
[2026-04-10T09:27:22.489+0900] {logging_mixin.py:190} INFO - [2026-04-10T09:27:22.489+0900] {dag.py:4138} INFO - Setting next_dagrun for dataset_alias_example_alias_consumer_with_no_taskflow to None, run_after=None
[2026-04-10T09:27:22.492+0900] {logging_mixin.py:190} INFO - [2026-04-10T09:27:22.491+0900] {dag.py:4138} INFO - Setting next_dagrun for dataset_alias_example_alias_producer_with_no_taskflow to None, run_after=None
[2026-04-10T09:27:22.493+0900] {logging_mixin.py:190} INFO - [2026-04-10T09:27:22.493+0900] {dag.py:4138} INFO - Setting next_dagrun for dataset_s3_bucket_consumer_with_no_taskflow to None, run_after=None
[2026-04-10T09:27:22.494+0900] {logging_mixin.py:190} INFO - [2026-04-10T09:27:22.494+0900] {dag.py:4138} INFO - Setting next_dagrun for dataset_s3_bucket_producer_with_no_taskflow to None, run_after=None
[2026-04-10T09:27:22.512+0900] {processor.py:208} INFO - Processing /home/airflow/.local/lib/python3.12/site-packages/airflow/example_dags/example_dataset_alias_with_no_taskflow.py took 0.166 seconds
[2026-04-10T09:27:53.033+0900] {processor.py:186} INFO - Started process (PID=148878) to work on /home/airflow/.local/lib/python3.12/site-packages/airflow/example_dags/example_dataset_alias_with_no_taskflow.py
[2026-04-10T09:27:53.034+0900] {processor.py:914} INFO - Processing file /home/airflow/.local/lib/python3.12/site-packages/airflow/example_dags/example_dataset_alias_with_no_taskflow.py for tasks to queue
[2026-04-10T09:27:53.036+0900] {logging_mixin.py:190} INFO - [2026-04-10T09:27:53.036+0900] {dagbag.py:587} INFO - Filling up the DagBag from /home/airflow/.local/lib/python3.12/site-packages/airflow/example_dags/example_dataset_alias_with_no_taskflow.py
[2026-04-10T09:27:53.139+0900] {processor.py:925} INFO - DAG(s) 'dataset_s3_bucket_producer_with_no_taskflow', 'dataset_alias_example_alias_producer_with_no_taskflow', 'dataset_s3_bucket_consumer_with_no_taskflow', 'dataset_alias_example_alias_consumer_with_no_taskflow' retrieved from /home/airflow/.local/lib/python3.12/site-packages/airflow/example_dags/example_dataset_alias_with_no_taskflow.py
[2026-04-10T09:27:53.154+0900] {logging_mixin.py:190} INFO - [2026-04-10T09:27:53.153+0900] {dag.py:3211} INFO - Sync 4 DAGs
[2026-04-10T09:27:53.169+0900] {logging_mixin.py:190} INFO - [2026-04-10T09:27:53.169+0900] {dag.py:4138} INFO - Setting next_dagrun for dataset_alias_example_alias_consumer_with_no_taskflow to None, run_after=None
[2026-04-10T09:27:53.171+0900] {logging_mixin.py:190} INFO - [2026-04-10T09:27:53.171+0900] {dag.py:4138} INFO - Setting next_dagrun for dataset_alias_example_alias_producer_with_no_taskflow to None, run_after=None
[2026-04-10T09:27:53.172+0900] {logging_mixin.py:190} INFO - [2026-04-10T09:27:53.172+0900] {dag.py:4138} INFO - Setting next_dagrun for dataset_s3_bucket_consumer_with_no_taskflow to None, run_after=None
[2026-04-10T09:27:53.173+0900] {logging_mixin.py:190} INFO - [2026-04-10T09:27:53.173+0900] {dag.py:4138} INFO - Setting next_dagrun for dataset_s3_bucket_producer_with_no_taskflow to None, run_after=None
[2026-04-10T09:27:53.186+0900] {processor.py:208} INFO - Processing /home/airflow/.local/lib/python3.12/site-packages/airflow/example_dags/example_dataset_alias_with_no_taskflow.py took 0.158 seconds
[2026-04-10T09:28:23.603+0900] {processor.py:186} INFO - Started process (PID=148941) to work on /home/airflow/.local/lib/python3.12/site-packages/airflow/example_dags/example_dataset_alias_with_no_taskflow.py
[2026-04-10T09:28:23.604+0900] {processor.py:914} INFO - Processing file /home/airflow/.local/lib/python3.12/site-packages/airflow/example_dags/example_dataset_alias_with_no_taskflow.py for tasks to queue
[2026-04-10T09:28:23.606+0900] {logging_mixin.py:190} INFO - [2026-04-10T09:28:23.606+0900] {dagbag.py:587} INFO - Filling up the DagBag from /home/airflow/.local/lib/python3.12/site-packages/airflow/example_dags/example_dataset_alias_with_no_taskflow.py
[2026-04-10T09:28:23.710+0900] {processor.py:925} INFO - DAG(s) 'dataset_alias_example_alias_consumer_with_no_taskflow', 'dataset_s3_bucket_producer_with_no_taskflow', 'dataset_s3_bucket_consumer_with_no_taskflow', 'dataset_alias_example_alias_producer_with_no_taskflow' retrieved from /home/airflow/.local/lib/python3.12/site-packages/airflow/example_dags/example_dataset_alias_with_no_taskflow.py
[2026-04-10T09:28:23.725+0900] {logging_mixin.py:190} INFO - [2026-04-10T09:28:23.725+0900] {dag.py:3211} INFO - Sync 4 DAGs
[2026-04-10T09:28:23.740+0900] {logging_mixin.py:190} INFO - [2026-04-10T09:28:23.740+0900] {dag.py:4138} INFO - Setting next_dagrun for dataset_alias_example_alias_consumer_with_no_taskflow to None, run_after=None
[2026-04-10T09:28:23.743+0900] {logging_mixin.py:190} INFO - [2026-04-10T09:28:23.743+0900] {dag.py:4138} INFO - Setting next_dagrun for dataset_alias_example_alias_producer_with_no_taskflow to None, run_after=None
[2026-04-10T09:28:23.744+0900] {logging_mixin.py:190} INFO - [2026-04-10T09:28:23.744+0900] {dag.py:4138} INFO - Setting next_dagrun for dataset_s3_bucket_consumer_with_no_taskflow to None, run_after=None
[2026-04-10T09:28:23.746+0900] {logging_mixin.py:190} INFO - [2026-04-10T09:28:23.746+0900] {dag.py:4138} INFO - Setting next_dagrun for dataset_s3_bucket_producer_with_no_taskflow to None, run_after=None
[2026-04-10T09:28:23.766+0900] {processor.py:208} INFO - Processing /home/airflow/.local/lib/python3.12/site-packages/airflow/example_dags/example_dataset_alias_with_no_taskflow.py took 0.167 seconds
[2026-04-10T09:28:54.196+0900] {processor.py:186} INFO - Started process (PID=149005) to work on /home/airflow/.local/lib/python3.12/site-packages/airflow/example_dags/example_dataset_alias_with_no_taskflow.py
[2026-04-10T09:28:54.197+0900] {processor.py:914} INFO - Processing file /home/airflow/.local/lib/python3.12/site-packages/airflow/example_dags/example_dataset_alias_with_no_taskflow.py for tasks to queue
[2026-04-10T09:28:54.200+0900] {logging_mixin.py:190} INFO - [2026-04-10T09:28:54.200+0900] {dagbag.py:587} INFO - Filling up the DagBag from /home/airflow/.local/lib/python3.12/site-packages/airflow/example_dags/example_dataset_alias_with_no_taskflow.py
[2026-04-10T09:28:54.320+0900] {processor.py:925} INFO - DAG(s) 'dataset_s3_bucket_consumer_with_no_taskflow', 'dataset_alias_example_alias_producer_with_no_taskflow', 'dataset_alias_example_alias_consumer_with_no_taskflow', 'dataset_s3_bucket_producer_with_no_taskflow' retrieved from /home/airflow/.local/lib/python3.12/site-packages/airflow/example_dags/example_dataset_alias_with_no_taskflow.py
[2026-04-10T09:28:54.333+0900] {logging_mixin.py:190} INFO - [2026-04-10T09:28:54.333+0900] {dag.py:3211} INFO - Sync 4 DAGs
[2026-04-10T09:28:54.348+0900] {logging_mixin.py:190} INFO - [2026-04-10T09:28:54.347+0900] {dag.py:4138} INFO - Setting next_dagrun for dataset_alias_example_alias_consumer_with_no_taskflow to None, run_after=None
[2026-04-10T09:28:54.350+0900] {logging_mixin.py:190} INFO - [2026-04-10T09:28:54.350+0900] {dag.py:4138} INFO - Setting next_dagrun for dataset_alias_example_alias_producer_with_no_taskflow to None, run_after=None
[2026-04-10T09:28:54.351+0900] {logging_mixin.py:190} INFO - [2026-04-10T09:28:54.351+0900] {dag.py:4138} INFO - Setting next_dagrun for dataset_s3_bucket_consumer_with_no_taskflow to None, run_after=None
[2026-04-10T09:28:54.353+0900] {logging_mixin.py:190} INFO - [2026-04-10T09:28:54.353+0900] {dag.py:4138} INFO - Setting next_dagrun for dataset_s3_bucket_producer_with_no_taskflow to None, run_after=None
[2026-04-10T09:28:54.368+0900] {processor.py:208} INFO - Processing /home/airflow/.local/lib/python3.12/site-packages/airflow/example_dags/example_dataset_alias_with_no_taskflow.py took 0.176 seconds
[2026-04-10T09:29:25.043+0900] {processor.py:186} INFO - Started process (PID=149068) to work on /home/airflow/.local/lib/python3.12/site-packages/airflow/example_dags/example_dataset_alias_with_no_taskflow.py
[2026-04-10T09:29:25.044+0900] {processor.py:914} INFO - Processing file /home/airflow/.local/lib/python3.12/site-packages/airflow/example_dags/example_dataset_alias_with_no_taskflow.py for tasks to queue
[2026-04-10T09:29:25.047+0900] {logging_mixin.py:190} INFO - [2026-04-10T09:29:25.047+0900] {dagbag.py:587} INFO - Filling up the DagBag from /home/airflow/.local/lib/python3.12/site-packages/airflow/example_dags/example_dataset_alias_with_no_taskflow.py
[2026-04-10T09:29:25.163+0900] {processor.py:925} INFO - DAG(s) 'dataset_s3_bucket_consumer_with_no_taskflow', 'dataset_s3_bucket_producer_with_no_taskflow', 'dataset_alias_example_alias_producer_with_no_taskflow', 'dataset_alias_example_alias_consumer_with_no_taskflow' retrieved from /home/airflow/.local/lib/python3.12/site-packages/airflow/example_dags/example_dataset_alias_with_no_taskflow.py
[2026-04-10T09:29:25.180+0900] {logging_mixin.py:190} INFO - [2026-04-10T09:29:25.180+0900] {dag.py:3211} INFO - Sync 4 DAGs
[2026-04-10T09:29:25.199+0900] {logging_mixin.py:190} INFO - [2026-04-10T09:29:25.199+0900] {dag.py:4138} INFO - Setting next_dagrun for dataset_alias_example_alias_consumer_with_no_taskflow to None, run_after=None
[2026-04-10T09:29:25.201+0900] {logging_mixin.py:190} INFO - [2026-04-10T09:29:25.201+0900] {dag.py:4138} INFO - Setting next_dagrun for dataset_alias_example_alias_producer_with_no_taskflow to None, run_after=None
[2026-04-10T09:29:25.203+0900] {logging_mixin.py:190} INFO - [2026-04-10T09:29:25.203+0900] {dag.py:4138} INFO - Setting next_dagrun for dataset_s3_bucket_consumer_with_no_taskflow to None, run_after=None
[2026-04-10T09:29:25.204+0900] {logging_mixin.py:190} INFO - [2026-04-10T09:29:25.204+0900] {dag.py:4138} INFO - Setting next_dagrun for dataset_s3_bucket_producer_with_no_taskflow to None, run_after=None
[2026-04-10T09:29:25.225+0900] {processor.py:208} INFO - Processing /home/airflow/.local/lib/python3.12/site-packages/airflow/example_dags/example_dataset_alias_with_no_taskflow.py took 0.187 seconds
[2026-04-10T09:29:55.822+0900] {processor.py:186} INFO - Started process (PID=149131) to work on /home/airflow/.local/lib/python3.12/site-packages/airflow/example_dags/example_dataset_alias_with_no_taskflow.py
[2026-04-10T09:29:55.823+0900] {processor.py:914} INFO - Processing file /home/airflow/.local/lib/python3.12/site-packages/airflow/example_dags/example_dataset_alias_with_no_taskflow.py for tasks to queue
[2026-04-10T09:29:55.826+0900] {logging_mixin.py:190} INFO - [2026-04-10T09:29:55.826+0900] {dagbag.py:587} INFO - Filling up the DagBag from /home/airflow/.local/lib/python3.12/site-packages/airflow/example_dags/example_dataset_alias_with_no_taskflow.py
[2026-04-10T09:29:55.932+0900] {processor.py:925} INFO - DAG(s) 'dataset_s3_bucket_consumer_with_no_taskflow', 'dataset_alias_example_alias_consumer_with_no_taskflow', 'dataset_alias_example_alias_producer_with_no_taskflow', 'dataset_s3_bucket_producer_with_no_taskflow' retrieved from /home/airflow/.local/lib/python3.12/site-packages/airflow/example_dags/example_dataset_alias_with_no_taskflow.py
[2026-04-10T09:29:55.948+0900] {logging_mixin.py:190} INFO - [2026-04-10T09:29:55.947+0900] {dag.py:3211} INFO - Sync 4 DAGs
[2026-04-10T09:29:55.964+0900] {logging_mixin.py:190} INFO - [2026-04-10T09:29:55.964+0900] {dag.py:4138} INFO - Setting next_dagrun for dataset_alias_example_alias_consumer_with_no_taskflow to None, run_after=None
[2026-04-10T09:29:55.966+0900] {logging_mixin.py:190} INFO - [2026-04-10T09:29:55.966+0900] {dag.py:4138} INFO - Setting next_dagrun for dataset_alias_example_alias_producer_with_no_taskflow to None, run_after=None
[2026-04-10T09:29:55.968+0900] {logging_mixin.py:190} INFO - [2026-04-10T09:29:55.968+0900] {dag.py:4138} INFO - Setting next_dagrun for dataset_s3_bucket_consumer_with_no_taskflow to None, run_after=None
[2026-04-10T09:29:55.969+0900] {logging_mixin.py:190} INFO - [2026-04-10T09:29:55.969+0900] {dag.py:4138} INFO - Setting next_dagrun for dataset_s3_bucket_producer_with_no_taskflow to None, run_after=None
[2026-04-10T09:29:55.988+0900] {processor.py:208} INFO - Processing /home/airflow/.local/lib/python3.12/site-packages/airflow/example_dags/example_dataset_alias_with_no_taskflow.py took 0.171 seconds
[2026-04-10T09:30:26.707+0900] {processor.py:186} INFO - Started process (PID=149193) to work on /home/airflow/.local/lib/python3.12/site-packages/airflow/example_dags/example_dataset_alias_with_no_taskflow.py
[2026-04-10T09:30:26.707+0900] {processor.py:914} INFO - Processing file /home/airflow/.local/lib/python3.12/site-packages/airflow/example_dags/example_dataset_alias_with_no_taskflow.py for tasks to queue
[2026-04-10T09:30:26.710+0900] {logging_mixin.py:190} INFO - [2026-04-10T09:30:26.709+0900] {dagbag.py:587} INFO - Filling up the DagBag from /home/airflow/.local/lib/python3.12/site-packages/airflow/example_dags/example_dataset_alias_with_no_taskflow.py
[2026-04-10T09:30:26.810+0900] {processor.py:925} INFO - DAG(s) 'dataset_s3_bucket_producer_with_no_taskflow', 'dataset_s3_bucket_consumer_with_no_taskflow', 'dataset_alias_example_alias_producer_with_no_taskflow', 'dataset_alias_example_alias_consumer_with_no_taskflow' retrieved from /home/airflow/.local/lib/python3.12/site-packages/airflow/example_dags/example_dataset_alias_with_no_taskflow.py
[2026-04-10T09:30:26.824+0900] {logging_mixin.py:190} INFO - [2026-04-10T09:30:26.824+0900] {dag.py:3211} INFO - Sync 4 DAGs
[2026-04-10T09:30:26.838+0900] {logging_mixin.py:190} INFO - [2026-04-10T09:30:26.838+0900] {dag.py:4138} INFO - Setting next_dagrun for dataset_alias_example_alias_consumer_with_no_taskflow to None, run_after=None
[2026-04-10T09:30:26.840+0900] {logging_mixin.py:190} INFO - [2026-04-10T09:30:26.840+0900] {dag.py:4138} INFO - Setting next_dagrun for dataset_alias_example_alias_producer_with_no_taskflow to None, run_after=None
[2026-04-10T09:30:26.841+0900] {logging_mixin.py:190} INFO - [2026-04-10T09:30:26.841+0900] {dag.py:4138} INFO - Setting next_dagrun for dataset_s3_bucket_consumer_with_no_taskflow to None, run_after=None
[2026-04-10T09:30:26.843+0900] {logging_mixin.py:190} INFO - [2026-04-10T09:30:26.842+0900] {dag.py:4138} INFO - Setting next_dagrun for dataset_s3_bucket_producer_with_no_taskflow to None, run_after=None
[2026-04-10T09:30:26.857+0900] {processor.py:208} INFO - Processing /home/airflow/.local/lib/python3.12/site-packages/airflow/example_dags/example_dataset_alias_with_no_taskflow.py took 0.155 seconds
[2026-04-10T09:30:57.400+0900] {processor.py:186} INFO - Started process (PID=149256) to work on /home/airflow/.local/lib/python3.12/site-packages/airflow/example_dags/example_dataset_alias_with_no_taskflow.py
[2026-04-10T09:30:57.400+0900] {processor.py:914} INFO - Processing file /home/airflow/.local/lib/python3.12/site-packages/airflow/example_dags/example_dataset_alias_with_no_taskflow.py for tasks to queue
[2026-04-10T09:30:57.402+0900] {logging_mixin.py:190} INFO - [2026-04-10T09:30:57.402+0900] {dagbag.py:587} INFO - Filling up the DagBag from /home/airflow/.local/lib/python3.12/site-packages/airflow/example_dags/example_dataset_alias_with_no_taskflow.py
[2026-04-10T09:30:57.523+0900] {processor.py:925} INFO - DAG(s) 'dataset_s3_bucket_producer_with_no_taskflow', 'dataset_alias_example_alias_producer_with_no_taskflow', 'dataset_alias_example_alias_consumer_with_no_taskflow', 'dataset_s3_bucket_consumer_with_no_taskflow' retrieved from /home/airflow/.local/lib/python3.12/site-packages/airflow/example_dags/example_dataset_alias_with_no_taskflow.py
[2026-04-10T09:30:57.545+0900] {logging_mixin.py:190} INFO - [2026-04-10T09:30:57.545+0900] {dag.py:3211} INFO - Sync 4 DAGs
[2026-04-10T09:30:57.563+0900] {logging_mixin.py:190} INFO - [2026-04-10T09:30:57.563+0900] {dag.py:4138} INFO - Setting next_dagrun for dataset_alias_example_alias_consumer_with_no_taskflow to None, run_after=None
[2026-04-10T09:30:57.566+0900] {logging_mixin.py:190} INFO - [2026-04-10T09:30:57.566+0900] {dag.py:4138} INFO - Setting next_dagrun for dataset_alias_example_alias_producer_with_no_taskflow to None, run_after=None
[2026-04-10T09:30:57.567+0900] {logging_mixin.py:190} INFO - [2026-04-10T09:30:57.567+0900] {dag.py:4138} INFO - Setting next_dagrun for dataset_s3_bucket_consumer_with_no_taskflow to None, run_after=None
[2026-04-10T09:30:57.568+0900] {logging_mixin.py:190} INFO - [2026-04-10T09:30:57.568+0900] {dag.py:4138} INFO - Setting next_dagrun for dataset_s3_bucket_producer_with_no_taskflow to None, run_after=None
[2026-04-10T09:30:57.585+0900] {processor.py:208} INFO - Processing /home/airflow/.local/lib/python3.12/site-packages/airflow/example_dags/example_dataset_alias_with_no_taskflow.py took 0.190 seconds
[2026-04-10T09:31:28.097+0900] {processor.py:186} INFO - Started process (PID=149319) to work on /home/airflow/.local/lib/python3.12/site-packages/airflow/example_dags/example_dataset_alias_with_no_taskflow.py
[2026-04-10T09:31:28.098+0900] {processor.py:914} INFO - Processing file /home/airflow/.local/lib/python3.12/site-packages/airflow/example_dags/example_dataset_alias_with_no_taskflow.py for tasks to queue
[2026-04-10T09:31:28.100+0900] {logging_mixin.py:190} INFO - [2026-04-10T09:31:28.100+0900] {dagbag.py:587} INFO - Filling up the DagBag from /home/airflow/.local/lib/python3.12/site-packages/airflow/example_dags/example_dataset_alias_with_no_taskflow.py
[2026-04-10T09:31:28.205+0900] {processor.py:925} INFO - DAG(s) 'dataset_alias_example_alias_consumer_with_no_taskflow', 'dataset_s3_bucket_consumer_with_no_taskflow', 'dataset_s3_bucket_producer_with_no_taskflow', 'dataset_alias_example_alias_producer_with_no_taskflow' retrieved from /home/airflow/.local/lib/python3.12/site-packages/airflow/example_dags/example_dataset_alias_with_no_taskflow.py
[2026-04-10T09:31:28.219+0900] {logging_mixin.py:190} INFO - [2026-04-10T09:31:28.219+0900] {dag.py:3211} INFO - Sync 4 DAGs
[2026-04-10T09:31:28.233+0900] {logging_mixin.py:190} INFO - [2026-04-10T09:31:28.233+0900] {dag.py:4138} INFO - Setting next_dagrun for dataset_alias_example_alias_consumer_with_no_taskflow to None, run_after=None
[2026-04-10T09:31:28.235+0900] {logging_mixin.py:190} INFO - [2026-04-10T09:31:28.235+0900] {dag.py:4138} INFO - Setting next_dagrun for dataset_alias_example_alias_producer_with_no_taskflow to None, run_after=None
[2026-04-10T09:31:28.236+0900] {logging_mixin.py:190} INFO - [2026-04-10T09:31:28.236+0900] {dag.py:4138} INFO - Setting next_dagrun for dataset_s3_bucket_consumer_with_no_taskflow to None, run_after=None
[2026-04-10T09:31:28.238+0900] {logging_mixin.py:190} INFO - [2026-04-10T09:31:28.238+0900] {dag.py:4138} INFO - Setting next_dagrun for dataset_s3_bucket_producer_with_no_taskflow to None, run_after=None
[2026-04-10T09:31:28.252+0900] {processor.py:208} INFO - Processing /home/airflow/.local/lib/python3.12/site-packages/airflow/example_dags/example_dataset_alias_with_no_taskflow.py took 0.160 seconds
[2026-04-10T09:31:58.850+0900] {processor.py:186} INFO - Started process (PID=149382) to work on /home/airflow/.local/lib/python3.12/site-packages/airflow/example_dags/example_dataset_alias_with_no_taskflow.py
[2026-04-10T09:31:58.851+0900] {processor.py:914} INFO - Processing file /home/airflow/.local/lib/python3.12/site-packages/airflow/example_dags/example_dataset_alias_with_no_taskflow.py for tasks to queue
[2026-04-10T09:31:58.854+0900] {logging_mixin.py:190} INFO - [2026-04-10T09:31:58.853+0900] {dagbag.py:587} INFO - Filling up the DagBag from /home/airflow/.local/lib/python3.12/site-packages/airflow/example_dags/example_dataset_alias_with_no_taskflow.py
[2026-04-10T09:31:58.952+0900] {processor.py:925} INFO - DAG(s) 'dataset_alias_example_alias_producer_with_no_taskflow', 'dataset_alias_example_alias_consumer_with_no_taskflow', 'dataset_s3_bucket_consumer_with_no_taskflow', 'dataset_s3_bucket_producer_with_no_taskflow' retrieved from /home/airflow/.local/lib/python3.12/site-packages/airflow/example_dags/example_dataset_alias_with_no_taskflow.py
[2026-04-10T09:31:58.966+0900] {logging_mixin.py:190} INFO - [2026-04-10T09:31:58.966+0900] {dag.py:3211} INFO - Sync 4 DAGs
[2026-04-10T09:31:58.980+0900] {logging_mixin.py:190} INFO - [2026-04-10T09:31:58.980+0900] {dag.py:4138} INFO - Setting next_dagrun for dataset_alias_example_alias_consumer_with_no_taskflow to None, run_after=None
[2026-04-10T09:31:58.982+0900] {logging_mixin.py:190} INFO - [2026-04-10T09:31:58.982+0900] {dag.py:4138} INFO - Setting next_dagrun for dataset_alias_example_alias_producer_with_no_taskflow to None, run_after=None
[2026-04-10T09:31:58.983+0900] {logging_mixin.py:190} INFO - [2026-04-10T09:31:58.983+0900] {dag.py:4138} INFO - Setting next_dagrun for dataset_s3_bucket_consumer_with_no_taskflow to None, run_after=None
[2026-04-10T09:31:58.984+0900] {logging_mixin.py:190} INFO - [2026-04-10T09:31:58.984+0900] {dag.py:4138} INFO - Setting next_dagrun for dataset_s3_bucket_producer_with_no_taskflow to None, run_after=None
[2026-04-10T09:31:58.999+0900] {processor.py:208} INFO - Processing /home/airflow/.local/lib/python3.12/site-packages/airflow/example_dags/example_dataset_alias_with_no_taskflow.py took 0.154 seconds
[2026-04-10T09:32:29.657+0900] {processor.py:186} INFO - Started process (PID=149445) to work on /home/airflow/.local/lib/python3.12/site-packages/airflow/example_dags/example_dataset_alias_with_no_taskflow.py
[2026-04-10T09:32:29.658+0900] {processor.py:914} INFO - Processing file /home/airflow/.local/lib/python3.12/site-packages/airflow/example_dags/example_dataset_alias_with_no_taskflow.py for tasks to queue
[2026-04-10T09:32:29.660+0900] {logging_mixin.py:190} INFO - [2026-04-10T09:32:29.660+0900] {dagbag.py:587} INFO - Filling up the DagBag from /home/airflow/.local/lib/python3.12/site-packages/airflow/example_dags/example_dataset_alias_with_no_taskflow.py
[2026-04-10T09:32:29.777+0900] {processor.py:925} INFO - DAG(s) 'dataset_s3_bucket_consumer_with_no_taskflow', 'dataset_alias_example_alias_producer_with_no_taskflow', 'dataset_s3_bucket_producer_with_no_taskflow', 'dataset_alias_example_alias_consumer_with_no_taskflow' retrieved from /home/airflow/.local/lib/python3.12/site-packages/airflow/example_dags/example_dataset_alias_with_no_taskflow.py
[2026-04-10T09:32:29.793+0900] {logging_mixin.py:190} INFO - [2026-04-10T09:32:29.793+0900] {dag.py:3211} INFO - Sync 4 DAGs
[2026-04-10T09:32:29.809+0900] {logging_mixin.py:190} INFO - [2026-04-10T09:32:29.809+0900] {dag.py:4138} INFO - Setting next_dagrun for dataset_alias_example_alias_consumer_with_no_taskflow to None, run_after=None
[2026-04-10T09:32:29.811+0900] {logging_mixin.py:190} INFO - [2026-04-10T09:32:29.811+0900] {dag.py:4138} INFO - Setting next_dagrun for dataset_alias_example_alias_producer_with_no_taskflow to None, run_after=None
[2026-04-10T09:32:29.813+0900] {logging_mixin.py:190} INFO - [2026-04-10T09:32:29.812+0900] {dag.py:4138} INFO - Setting next_dagrun for dataset_s3_bucket_consumer_with_no_taskflow to None, run_after=None
[2026-04-10T09:32:29.814+0900] {logging_mixin.py:190} INFO - [2026-04-10T09:32:29.814+0900] {dag.py:4138} INFO - Setting next_dagrun for dataset_s3_bucket_producer_with_no_taskflow to None, run_after=None
[2026-04-10T09:32:29.836+0900] {processor.py:208} INFO - Processing /home/airflow/.local/lib/python3.12/site-packages/airflow/example_dags/example_dataset_alias_with_no_taskflow.py took 0.184 seconds
[2026-04-10T09:33:00.200+0900] {processor.py:186} INFO - Started process (PID=149508) to work on /home/airflow/.local/lib/python3.12/site-packages/airflow/example_dags/example_dataset_alias_with_no_taskflow.py
[2026-04-10T09:33:00.201+0900] {processor.py:914} INFO - Processing file /home/airflow/.local/lib/python3.12/site-packages/airflow/example_dags/example_dataset_alias_with_no_taskflow.py for tasks to queue
[2026-04-10T09:33:00.204+0900] {logging_mixin.py:190} INFO - [2026-04-10T09:33:00.204+0900] {dagbag.py:587} INFO - Filling up the DagBag from /home/airflow/.local/lib/python3.12/site-packages/airflow/example_dags/example_dataset_alias_with_no_taskflow.py
[2026-04-10T09:33:00.329+0900] {processor.py:925} INFO - DAG(s) 'dataset_alias_example_alias_consumer_with_no_taskflow', 'dataset_s3_bucket_producer_with_no_taskflow', 'dataset_alias_example_alias_producer_with_no_taskflow', 'dataset_s3_bucket_consumer_with_no_taskflow' retrieved from /home/airflow/.local/lib/python3.12/site-packages/airflow/example_dags/example_dataset_alias_with_no_taskflow.py
[2026-04-10T09:33:00.347+0900] {logging_mixin.py:190} INFO - [2026-04-10T09:33:00.347+0900] {dag.py:3211} INFO - Sync 4 DAGs
[2026-04-10T09:33:00.366+0900] {logging_mixin.py:190} INFO - [2026-04-10T09:33:00.366+0900] {dag.py:4138} INFO - Setting next_dagrun for dataset_alias_example_alias_consumer_with_no_taskflow to None, run_after=None
[2026-04-10T09:33:00.368+0900] {logging_mixin.py:190} INFO - [2026-04-10T09:33:00.368+0900] {dag.py:4138} INFO - Setting next_dagrun for dataset_alias_example_alias_producer_with_no_taskflow to None, run_after=None
[2026-04-10T09:33:00.370+0900] {logging_mixin.py:190} INFO - [2026-04-10T09:33:00.370+0900] {dag.py:4138} INFO - Setting next_dagrun for dataset_s3_bucket_consumer_with_no_taskflow to None, run_after=None
[2026-04-10T09:33:00.372+0900] {logging_mixin.py:190} INFO - [2026-04-10T09:33:00.372+0900] {dag.py:4138} INFO - Setting next_dagrun for dataset_s3_bucket_producer_with_no_taskflow to None, run_after=None
[2026-04-10T09:33:00.395+0900] {processor.py:208} INFO - Processing /home/airflow/.local/lib/python3.12/site-packages/airflow/example_dags/example_dataset_alias_with_no_taskflow.py took 0.200 seconds
[2026-04-10T09:33:30.935+0900] {processor.py:186} INFO - Started process (PID=149571) to work on /home/airflow/.local/lib/python3.12/site-packages/airflow/example_dags/example_dataset_alias_with_no_taskflow.py
[2026-04-10T09:33:30.937+0900] {processor.py:914} INFO - Processing file /home/airflow/.local/lib/python3.12/site-packages/airflow/example_dags/example_dataset_alias_with_no_taskflow.py for tasks to queue
[2026-04-10T09:33:30.939+0900] {logging_mixin.py:190} INFO - [2026-04-10T09:33:30.939+0900] {dagbag.py:587} INFO - Filling up the DagBag from /home/airflow/.local/lib/python3.12/site-packages/airflow/example_dags/example_dataset_alias_with_no_taskflow.py
[2026-04-10T09:33:31.039+0900] {processor.py:925} INFO - DAG(s) 'dataset_alias_example_alias_consumer_with_no_taskflow', 'dataset_s3_bucket_producer_with_no_taskflow', 'dataset_alias_example_alias_producer_with_no_taskflow', 'dataset_s3_bucket_consumer_with_no_taskflow' retrieved from /home/airflow/.local/lib/python3.12/site-packages/airflow/example_dags/example_dataset_alias_with_no_taskflow.py
[2026-04-10T09:33:31.054+0900] {logging_mixin.py:190} INFO - [2026-04-10T09:33:31.054+0900] {dag.py:3211} INFO - Sync 4 DAGs
[2026-04-10T09:33:31.070+0900] {logging_mixin.py:190} INFO - [2026-04-10T09:33:31.069+0900] {dag.py:4138} INFO - Setting next_dagrun for dataset_alias_example_alias_consumer_with_no_taskflow to None, run_after=None
[2026-04-10T09:33:31.072+0900] {logging_mixin.py:190} INFO - [2026-04-10T09:33:31.071+0900] {dag.py:4138} INFO - Setting next_dagrun for dataset_alias_example_alias_producer_with_no_taskflow to None, run_after=None
[2026-04-10T09:33:31.073+0900] {logging_mixin.py:190} INFO - [2026-04-10T09:33:31.073+0900] {dag.py:4138} INFO - Setting next_dagrun for dataset_s3_bucket_consumer_with_no_taskflow to None, run_after=None
[2026-04-10T09:33:31.074+0900] {logging_mixin.py:190} INFO - [2026-04-10T09:33:31.074+0900] {dag.py:4138} INFO - Setting next_dagrun for dataset_s3_bucket_producer_with_no_taskflow to None, run_after=None
[2026-04-10T09:33:31.095+0900] {processor.py:208} INFO - Processing /home/airflow/.local/lib/python3.12/site-packages/airflow/example_dags/example_dataset_alias_with_no_taskflow.py took 0.165 seconds
[2026-04-10T09:34:01.807+0900] {processor.py:186} INFO - Started process (PID=149634) to work on /home/airflow/.local/lib/python3.12/site-packages/airflow/example_dags/example_dataset_alias_with_no_taskflow.py
[2026-04-10T09:34:01.809+0900] {processor.py:914} INFO - Processing file /home/airflow/.local/lib/python3.12/site-packages/airflow/example_dags/example_dataset_alias_with_no_taskflow.py for tasks to queue
[2026-04-10T09:34:01.811+0900] {logging_mixin.py:190} INFO - [2026-04-10T09:34:01.811+0900] {dagbag.py:587} INFO - Filling up the DagBag from /home/airflow/.local/lib/python3.12/site-packages/airflow/example_dags/example_dataset_alias_with_no_taskflow.py
[2026-04-10T09:34:01.909+0900] {processor.py:925} INFO - DAG(s) 'dataset_s3_bucket_consumer_with_no_taskflow', 'dataset_s3_bucket_producer_with_no_taskflow', 'dataset_alias_example_alias_consumer_with_no_taskflow', 'dataset_alias_example_alias_producer_with_no_taskflow' retrieved from /home/airflow/.local/lib/python3.12/site-packages/airflow/example_dags/example_dataset_alias_with_no_taskflow.py
[2026-04-10T09:34:01.930+0900] {logging_mixin.py:190} INFO - [2026-04-10T09:34:01.930+0900] {dag.py:3211} INFO - Sync 4 DAGs
[2026-04-10T09:34:01.949+0900] {logging_mixin.py:190} INFO - [2026-04-10T09:34:01.949+0900] {dag.py:4138} INFO - Setting next_dagrun for dataset_alias_example_alias_consumer_with_no_taskflow to None, run_after=None
[2026-04-10T09:34:01.952+0900] {logging_mixin.py:190} INFO - [2026-04-10T09:34:01.952+0900] {dag.py:4138} INFO - Setting next_dagrun for dataset_alias_example_alias_producer_with_no_taskflow to None, run_after=None
[2026-04-10T09:34:01.953+0900] {logging_mixin.py:190} INFO - [2026-04-10T09:34:01.953+0900] {dag.py:4138} INFO - Setting next_dagrun for dataset_s3_bucket_consumer_with_no_taskflow to None, run_after=None
[2026-04-10T09:34:01.955+0900] {logging_mixin.py:190} INFO - [2026-04-10T09:34:01.955+0900] {dag.py:4138} INFO - Setting next_dagrun for dataset_s3_bucket_producer_with_no_taskflow to None, run_after=None
[2026-04-10T09:34:01.970+0900] {processor.py:208} INFO - Processing /home/airflow/.local/lib/python3.12/site-packages/airflow/example_dags/example_dataset_alias_with_no_taskflow.py took 0.167 seconds
[2026-04-10T09:34:32.445+0900] {processor.py:186} INFO - Started process (PID=149697) to work on /home/airflow/.local/lib/python3.12/site-packages/airflow/example_dags/example_dataset_alias_with_no_taskflow.py
[2026-04-10T09:34:32.446+0900] {processor.py:914} INFO - Processing file /home/airflow/.local/lib/python3.12/site-packages/airflow/example_dags/example_dataset_alias_with_no_taskflow.py for tasks to queue
[2026-04-10T09:34:32.448+0900] {logging_mixin.py:190} INFO - [2026-04-10T09:34:32.448+0900] {dagbag.py:587} INFO - Filling up the DagBag from /home/airflow/.local/lib/python3.12/site-packages/airflow/example_dags/example_dataset_alias_with_no_taskflow.py
[2026-04-10T09:34:32.549+0900] {processor.py:925} INFO - DAG(s) 'dataset_s3_bucket_consumer_with_no_taskflow', 'dataset_alias_example_alias_producer_with_no_taskflow', 'dataset_s3_bucket_producer_with_no_taskflow', 'dataset_alias_example_alias_consumer_with_no_taskflow' retrieved from /home/airflow/.local/lib/python3.12/site-packages/airflow/example_dags/example_dataset_alias_with_no_taskflow.py
[2026-04-10T09:34:32.567+0900] {logging_mixin.py:190} INFO - [2026-04-10T09:34:32.567+0900] {dag.py:3211} INFO - Sync 4 DAGs
[2026-04-10T09:34:32.586+0900] {logging_mixin.py:190} INFO - [2026-04-10T09:34:32.586+0900] {dag.py:4138} INFO - Setting next_dagrun for dataset_alias_example_alias_consumer_with_no_taskflow to None, run_after=None
[2026-04-10T09:34:32.588+0900] {logging_mixin.py:190} INFO - [2026-04-10T09:34:32.588+0900] {dag.py:4138} INFO - Setting next_dagrun for dataset_alias_example_alias_producer_with_no_taskflow to None, run_after=None
[2026-04-10T09:34:32.590+0900] {logging_mixin.py:190} INFO - [2026-04-10T09:34:32.590+0900] {dag.py:4138} INFO - Setting next_dagrun for dataset_s3_bucket_consumer_with_no_taskflow to None, run_after=None
[2026-04-10T09:34:32.591+0900] {logging_mixin.py:190} INFO - [2026-04-10T09:34:32.591+0900] {dag.py:4138} INFO - Setting next_dagrun for dataset_s3_bucket_producer_with_no_taskflow to None, run_after=None
[2026-04-10T09:34:32.609+0900] {processor.py:208} INFO - Processing /home/airflow/.local/lib/python3.12/site-packages/airflow/example_dags/example_dataset_alias_with_no_taskflow.py took 0.169 seconds
[2026-04-10T09:35:03.336+0900] {processor.py:186} INFO - Started process (PID=149760) to work on /home/airflow/.local/lib/python3.12/site-packages/airflow/example_dags/example_dataset_alias_with_no_taskflow.py
[2026-04-10T09:35:03.338+0900] {processor.py:914} INFO - Processing file /home/airflow/.local/lib/python3.12/site-packages/airflow/example_dags/example_dataset_alias_with_no_taskflow.py for tasks to queue
[2026-04-10T09:35:03.341+0900] {logging_mixin.py:190} INFO - [2026-04-10T09:35:03.340+0900] {dagbag.py:587} INFO - Filling up the DagBag from /home/airflow/.local/lib/python3.12/site-packages/airflow/example_dags/example_dataset_alias_with_no_taskflow.py
[2026-04-10T09:35:03.456+0900] {processor.py:925} INFO - DAG(s) 'dataset_s3_bucket_producer_with_no_taskflow', 'dataset_alias_example_alias_producer_with_no_taskflow', 'dataset_alias_example_alias_consumer_with_no_taskflow', 'dataset_s3_bucket_consumer_with_no_taskflow' retrieved from /home/airflow/.local/lib/python3.12/site-packages/airflow/example_dags/example_dataset_alias_with_no_taskflow.py
[2026-04-10T09:35:03.472+0900] {logging_mixin.py:190} INFO - [2026-04-10T09:35:03.472+0900] {dag.py:3211} INFO - Sync 4 DAGs
[2026-04-10T09:35:03.489+0900] {logging_mixin.py:190} INFO - [2026-04-10T09:35:03.488+0900] {dag.py:4138} INFO - Setting next_dagrun for dataset_alias_example_alias_consumer_with_no_taskflow to None, run_after=None
[2026-04-10T09:35:03.491+0900] {logging_mixin.py:190} INFO - [2026-04-10T09:35:03.491+0900] {dag.py:4138} INFO - Setting next_dagrun for dataset_alias_example_alias_producer_with_no_taskflow to None, run_after=None
[2026-04-10T09:35:03.492+0900] {logging_mixin.py:190} INFO - [2026-04-10T09:35:03.492+0900] {dag.py:4138} INFO - Setting next_dagrun for dataset_s3_bucket_consumer_with_no_taskflow to None, run_after=None
[2026-04-10T09:35:03.494+0900] {logging_mixin.py:190} INFO - [2026-04-10T09:35:03.493+0900] {dag.py:4138} INFO - Setting next_dagrun for dataset_s3_bucket_producer_with_no_taskflow to None, run_after=None
[2026-04-10T09:35:03.513+0900] {processor.py:208} INFO - Processing /home/airflow/.local/lib/python3.12/site-packages/airflow/example_dags/example_dataset_alias_with_no_taskflow.py took 0.182 seconds
[2026-04-10T09:35:33.874+0900] {processor.py:186} INFO - Started process (PID=149823) to work on /home/airflow/.local/lib/python3.12/site-packages/airflow/example_dags/example_dataset_alias_with_no_taskflow.py
[2026-04-10T09:35:33.875+0900] {processor.py:914} INFO - Processing file /home/airflow/.local/lib/python3.12/site-packages/airflow/example_dags/example_dataset_alias_with_no_taskflow.py for tasks to queue
[2026-04-10T09:35:33.877+0900] {logging_mixin.py:190} INFO - [2026-04-10T09:35:33.877+0900] {dagbag.py:587} INFO - Filling up the DagBag from /home/airflow/.local/lib/python3.12/site-packages/airflow/example_dags/example_dataset_alias_with_no_taskflow.py
[2026-04-10T09:35:33.984+0900] {processor.py:925} INFO - DAG(s) 'dataset_s3_bucket_consumer_with_no_taskflow', 'dataset_alias_example_alias_consumer_with_no_taskflow', 'dataset_alias_example_alias_producer_with_no_taskflow', 'dataset_s3_bucket_producer_with_no_taskflow' retrieved from /home/airflow/.local/lib/python3.12/site-packages/airflow/example_dags/example_dataset_alias_with_no_taskflow.py
[2026-04-10T09:35:34.000+0900] {logging_mixin.py:190} INFO - [2026-04-10T09:35:34.000+0900] {dag.py:3211} INFO - Sync 4 DAGs
[2026-04-10T09:35:34.017+0900] {logging_mixin.py:190} INFO - [2026-04-10T09:35:34.017+0900] {dag.py:4138} INFO - Setting next_dagrun for dataset_alias_example_alias_consumer_with_no_taskflow to None, run_after=None
[2026-04-10T09:35:34.019+0900] {logging_mixin.py:190} INFO - [2026-04-10T09:35:34.019+0900] {dag.py:4138} INFO - Setting next_dagrun for dataset_alias_example_alias_producer_with_no_taskflow to None, run_after=None
[2026-04-10T09:35:34.021+0900] {logging_mixin.py:190} INFO - [2026-04-10T09:35:34.020+0900] {dag.py:4138} INFO - Setting next_dagrun for dataset_s3_bucket_consumer_with_no_taskflow to None, run_after=None
[2026-04-10T09:35:34.021+0900] {logging_mixin.py:190} INFO - [2026-04-10T09:35:34.021+0900] {dag.py:4138} INFO - Setting next_dagrun for dataset_s3_bucket_producer_with_no_taskflow to None, run_after=None
[2026-04-10T09:35:34.036+0900] {processor.py:208} INFO - Processing /home/airflow/.local/lib/python3.12/site-packages/airflow/example_dags/example_dataset_alias_with_no_taskflow.py took 0.166 seconds
[2026-04-10T09:36:04.671+0900] {processor.py:186} INFO - Started process (PID=149886) to work on /home/airflow/.local/lib/python3.12/site-packages/airflow/example_dags/example_dataset_alias_with_no_taskflow.py
[2026-04-10T09:36:04.671+0900] {processor.py:914} INFO - Processing file /home/airflow/.local/lib/python3.12/site-packages/airflow/example_dags/example_dataset_alias_with_no_taskflow.py for tasks to queue
[2026-04-10T09:36:04.673+0900] {logging_mixin.py:190} INFO - [2026-04-10T09:36:04.673+0900] {dagbag.py:587} INFO - Filling up the DagBag from /home/airflow/.local/lib/python3.12/site-packages/airflow/example_dags/example_dataset_alias_with_no_taskflow.py
[2026-04-10T09:36:04.779+0900] {processor.py:925} INFO - DAG(s) 'dataset_s3_bucket_producer_with_no_taskflow', 'dataset_s3_bucket_consumer_with_no_taskflow', 'dataset_alias_example_alias_producer_with_no_taskflow', 'dataset_alias_example_alias_consumer_with_no_taskflow' retrieved from /home/airflow/.local/lib/python3.12/site-packages/airflow/example_dags/example_dataset_alias_with_no_taskflow.py
[2026-04-10T09:36:04.793+0900] {logging_mixin.py:190} INFO - [2026-04-10T09:36:04.793+0900] {dag.py:3211} INFO - Sync 4 DAGs
[2026-04-10T09:36:04.810+0900] {logging_mixin.py:190} INFO - [2026-04-10T09:36:04.810+0900] {dag.py:4138} INFO - Setting next_dagrun for dataset_alias_example_alias_consumer_with_no_taskflow to None, run_after=None
[2026-04-10T09:36:04.812+0900] {logging_mixin.py:190} INFO - [2026-04-10T09:36:04.812+0900] {dag.py:4138} INFO - Setting next_dagrun for dataset_alias_example_alias_producer_with_no_taskflow to None, run_after=None
[2026-04-10T09:36:04.813+0900] {logging_mixin.py:190} INFO - [2026-04-10T09:36:04.813+0900] {dag.py:4138} INFO - Setting next_dagrun for dataset_s3_bucket_consumer_with_no_taskflow to None, run_after=None
[2026-04-10T09:36:04.814+0900] {logging_mixin.py:190} INFO - [2026-04-10T09:36:04.814+0900] {dag.py:4138} INFO - Setting next_dagrun for dataset_s3_bucket_producer_with_no_taskflow to None, run_after=None
[2026-04-10T09:36:04.829+0900] {processor.py:208} INFO - Processing /home/airflow/.local/lib/python3.12/site-packages/airflow/example_dags/example_dataset_alias_with_no_taskflow.py took 0.163 seconds
[2026-04-10T09:36:35.288+0900] {processor.py:186} INFO - Started process (PID=149955) to work on /home/airflow/.local/lib/python3.12/site-packages/airflow/example_dags/example_dataset_alias_with_no_taskflow.py
[2026-04-10T09:36:35.289+0900] {processor.py:914} INFO - Processing file /home/airflow/.local/lib/python3.12/site-packages/airflow/example_dags/example_dataset_alias_with_no_taskflow.py for tasks to queue
[2026-04-10T09:36:35.291+0900] {logging_mixin.py:190} INFO - [2026-04-10T09:36:35.291+0900] {dagbag.py:587} INFO - Filling up the DagBag from /home/airflow/.local/lib/python3.12/site-packages/airflow/example_dags/example_dataset_alias_with_no_taskflow.py
[2026-04-10T09:36:35.396+0900] {processor.py:925} INFO - DAG(s) 'dataset_s3_bucket_producer_with_no_taskflow', 'dataset_s3_bucket_consumer_with_no_taskflow', 'dataset_alias_example_alias_producer_with_no_taskflow', 'dataset_alias_example_alias_consumer_with_no_taskflow' retrieved from /home/airflow/.local/lib/python3.12/site-packages/airflow/example_dags/example_dataset_alias_with_no_taskflow.py
[2026-04-10T09:36:35.413+0900] {logging_mixin.py:190} INFO - [2026-04-10T09:36:35.413+0900] {dag.py:3211} INFO - Sync 4 DAGs
[2026-04-10T09:36:35.432+0900] {logging_mixin.py:190} INFO - [2026-04-10T09:36:35.432+0900] {dag.py:4138} INFO - Setting next_dagrun for dataset_alias_example_alias_consumer_with_no_taskflow to None, run_after=None
[2026-04-10T09:36:35.434+0900] {logging_mixin.py:190} INFO - [2026-04-10T09:36:35.434+0900] {dag.py:4138} INFO - Setting next_dagrun for dataset_alias_example_alias_producer_with_no_taskflow to None, run_after=None
[2026-04-10T09:36:35.436+0900] {logging_mixin.py:190} INFO - [2026-04-10T09:36:35.436+0900] {dag.py:4138} INFO - Setting next_dagrun for dataset_s3_bucket_consumer_with_no_taskflow to None, run_after=None
[2026-04-10T09:36:35.438+0900] {logging_mixin.py:190} INFO - [2026-04-10T09:36:35.438+0900] {dag.py:4138} INFO - Setting next_dagrun for dataset_s3_bucket_producer_with_no_taskflow to None, run_after=None
[2026-04-10T09:36:35.454+0900] {processor.py:208} INFO - Processing /home/airflow/.local/lib/python3.12/site-packages/airflow/example_dags/example_dataset_alias_with_no_taskflow.py took 0.171 seconds
[2026-04-10T09:37:05.957+0900] {processor.py:186} INFO - Started process (PID=150018) to work on /home/airflow/.local/lib/python3.12/site-packages/airflow/example_dags/example_dataset_alias_with_no_taskflow.py
[2026-04-10T09:37:05.958+0900] {processor.py:914} INFO - Processing file /home/airflow/.local/lib/python3.12/site-packages/airflow/example_dags/example_dataset_alias_with_no_taskflow.py for tasks to queue
[2026-04-10T09:37:05.960+0900] {logging_mixin.py:190} INFO - [2026-04-10T09:37:05.960+0900] {dagbag.py:587} INFO - Filling up the DagBag from /home/airflow/.local/lib/python3.12/site-packages/airflow/example_dags/example_dataset_alias_with_no_taskflow.py
[2026-04-10T09:37:06.076+0900] {processor.py:925} INFO - DAG(s) 'dataset_alias_example_alias_producer_with_no_taskflow', 'dataset_s3_bucket_producer_with_no_taskflow', 'dataset_s3_bucket_consumer_with_no_taskflow', 'dataset_alias_example_alias_consumer_with_no_taskflow' retrieved from /home/airflow/.local/lib/python3.12/site-packages/airflow/example_dags/example_dataset_alias_with_no_taskflow.py
[2026-04-10T09:37:06.091+0900] {logging_mixin.py:190} INFO - [2026-04-10T09:37:06.091+0900] {dag.py:3211} INFO - Sync 4 DAGs
[2026-04-10T09:37:06.108+0900] {logging_mixin.py:190} INFO - [2026-04-10T09:37:06.107+0900] {dag.py:4138} INFO - Setting next_dagrun for dataset_alias_example_alias_consumer_with_no_taskflow to None, run_after=None
[2026-04-10T09:37:06.110+0900] {logging_mixin.py:190} INFO - [2026-04-10T09:37:06.110+0900] {dag.py:4138} INFO - Setting next_dagrun for dataset_alias_example_alias_producer_with_no_taskflow to None, run_after=None
[2026-04-10T09:37:06.111+0900] {logging_mixin.py:190} INFO - [2026-04-10T09:37:06.111+0900] {dag.py:4138} INFO - Setting next_dagrun for dataset_s3_bucket_consumer_with_no_taskflow to None, run_after=None
[2026-04-10T09:37:06.112+0900] {logging_mixin.py:190} INFO - [2026-04-10T09:37:06.112+0900] {dag.py:4138} INFO - Setting next_dagrun for dataset_s3_bucket_producer_with_no_taskflow to None, run_after=None
[2026-04-10T09:37:06.129+0900] {processor.py:208} INFO - Processing /home/airflow/.local/lib/python3.12/site-packages/airflow/example_dags/example_dataset_alias_with_no_taskflow.py took 0.177 seconds
[2026-04-10T09:37:36.696+0900] {processor.py:186} INFO - Started process (PID=150081) to work on /home/airflow/.local/lib/python3.12/site-packages/airflow/example_dags/example_dataset_alias_with_no_taskflow.py
[2026-04-10T09:37:36.697+0900] {processor.py:914} INFO - Processing file /home/airflow/.local/lib/python3.12/site-packages/airflow/example_dags/example_dataset_alias_with_no_taskflow.py for tasks to queue
[2026-04-10T09:37:36.700+0900] {logging_mixin.py:190} INFO - [2026-04-10T09:37:36.700+0900] {dagbag.py:587} INFO - Filling up the DagBag from /home/airflow/.local/lib/python3.12/site-packages/airflow/example_dags/example_dataset_alias_with_no_taskflow.py
[2026-04-10T09:37:36.802+0900] {processor.py:925} INFO - DAG(s) 'dataset_alias_example_alias_consumer_with_no_taskflow', 'dataset_s3_bucket_producer_with_no_taskflow', 'dataset_alias_example_alias_producer_with_no_taskflow', 'dataset_s3_bucket_consumer_with_no_taskflow' retrieved from /home/airflow/.local/lib/python3.12/site-packages/airflow/example_dags/example_dataset_alias_with_no_taskflow.py
[2026-04-10T09:37:36.816+0900] {logging_mixin.py:190} INFO - [2026-04-10T09:37:36.816+0900] {dag.py:3211} INFO - Sync 4 DAGs
[2026-04-10T09:37:36.832+0900] {logging_mixin.py:190} INFO - [2026-04-10T09:37:36.832+0900] {dag.py:4138} INFO - Setting next_dagrun for dataset_alias_example_alias_consumer_with_no_taskflow to None, run_after=None
[2026-04-10T09:37:36.835+0900] {logging_mixin.py:190} INFO - [2026-04-10T09:37:36.834+0900] {dag.py:4138} INFO - Setting next_dagrun for dataset_alias_example_alias_producer_with_no_taskflow to None, run_after=None
[2026-04-10T09:37:36.836+0900] {logging_mixin.py:190} INFO - [2026-04-10T09:37:36.836+0900] {dag.py:4138} INFO - Setting next_dagrun for dataset_s3_bucket_consumer_with_no_taskflow to None, run_after=None
[2026-04-10T09:37:36.837+0900] {logging_mixin.py:190} INFO - [2026-04-10T09:37:36.837+0900] {dag.py:4138} INFO - Setting next_dagrun for dataset_s3_bucket_producer_with_no_taskflow to None, run_after=None
[2026-04-10T09:37:36.853+0900] {processor.py:208} INFO - Processing /home/airflow/.local/lib/python3.12/site-packages/airflow/example_dags/example_dataset_alias_with_no_taskflow.py took 0.162 seconds
[2026-04-10T09:38:07.434+0900] {processor.py:186} INFO - Started process (PID=150144) to work on /home/airflow/.local/lib/python3.12/site-packages/airflow/example_dags/example_dataset_alias_with_no_taskflow.py
[2026-04-10T09:38:07.435+0900] {processor.py:914} INFO - Processing file /home/airflow/.local/lib/python3.12/site-packages/airflow/example_dags/example_dataset_alias_with_no_taskflow.py for tasks to queue
[2026-04-10T09:38:07.438+0900] {logging_mixin.py:190} INFO - [2026-04-10T09:38:07.437+0900] {dagbag.py:587} INFO - Filling up the DagBag from /home/airflow/.local/lib/python3.12/site-packages/airflow/example_dags/example_dataset_alias_with_no_taskflow.py
[2026-04-10T09:38:07.540+0900] {processor.py:925} INFO - DAG(s) 'dataset_s3_bucket_producer_with_no_taskflow', 'dataset_alias_example_alias_consumer_with_no_taskflow', 'dataset_s3_bucket_consumer_with_no_taskflow', 'dataset_alias_example_alias_producer_with_no_taskflow' retrieved from /home/airflow/.local/lib/python3.12/site-packages/airflow/example_dags/example_dataset_alias_with_no_taskflow.py
[2026-04-10T09:38:07.556+0900] {logging_mixin.py:190} INFO - [2026-04-10T09:38:07.556+0900] {dag.py:3211} INFO - Sync 4 DAGs
[2026-04-10T09:38:07.572+0900] {logging_mixin.py:190} INFO - [2026-04-10T09:38:07.572+0900] {dag.py:4138} INFO - Setting next_dagrun for dataset_alias_example_alias_consumer_with_no_taskflow to None, run_after=None
[2026-04-10T09:38:07.575+0900] {logging_mixin.py:190} INFO - [2026-04-10T09:38:07.575+0900] {dag.py:4138} INFO - Setting next_dagrun for dataset_alias_example_alias_producer_with_no_taskflow to None, run_after=None
[2026-04-10T09:38:07.576+0900] {logging_mixin.py:190} INFO - [2026-04-10T09:38:07.576+0900] {dag.py:4138} INFO - Setting next_dagrun for dataset_s3_bucket_consumer_with_no_taskflow to None, run_after=None
[2026-04-10T09:38:07.578+0900] {logging_mixin.py:190} INFO - [2026-04-10T09:38:07.578+0900] {dag.py:4138} INFO - Setting next_dagrun for dataset_s3_bucket_producer_with_no_taskflow to None, run_after=None
[2026-04-10T09:38:07.594+0900] {processor.py:208} INFO - Processing /home/airflow/.local/lib/python3.12/site-packages/airflow/example_dags/example_dataset_alias_with_no_taskflow.py took 0.165 seconds
[2026-04-10T09:38:38.277+0900] {processor.py:186} INFO - Started process (PID=150207) to work on /home/airflow/.local/lib/python3.12/site-packages/airflow/example_dags/example_dataset_alias_with_no_taskflow.py
[2026-04-10T09:38:38.279+0900] {processor.py:914} INFO - Processing file /home/airflow/.local/lib/python3.12/site-packages/airflow/example_dags/example_dataset_alias_with_no_taskflow.py for tasks to queue
[2026-04-10T09:38:38.281+0900] {logging_mixin.py:190} INFO - [2026-04-10T09:38:38.281+0900] {dagbag.py:587} INFO - Filling up the DagBag from /home/airflow/.local/lib/python3.12/site-packages/airflow/example_dags/example_dataset_alias_with_no_taskflow.py
[2026-04-10T09:38:38.386+0900] {processor.py:925} INFO - DAG(s) 'dataset_alias_example_alias_consumer_with_no_taskflow', 'dataset_s3_bucket_producer_with_no_taskflow', 'dataset_s3_bucket_consumer_with_no_taskflow', 'dataset_alias_example_alias_producer_with_no_taskflow' retrieved from /home/airflow/.local/lib/python3.12/site-packages/airflow/example_dags/example_dataset_alias_with_no_taskflow.py
[2026-04-10T09:38:38.401+0900] {logging_mixin.py:190} INFO - [2026-04-10T09:38:38.400+0900] {dag.py:3211} INFO - Sync 4 DAGs
[2026-04-10T09:38:38.416+0900] {logging_mixin.py:190} INFO - [2026-04-10T09:38:38.416+0900] {dag.py:4138} INFO - Setting next_dagrun for dataset_alias_example_alias_consumer_with_no_taskflow to None, run_after=None
[2026-04-10T09:38:38.418+0900] {logging_mixin.py:190} INFO - [2026-04-10T09:38:38.418+0900] {dag.py:4138} INFO - Setting next_dagrun for dataset_alias_example_alias_producer_with_no_taskflow to None, run_after=None
[2026-04-10T09:38:38.420+0900] {logging_mixin.py:190} INFO - [2026-04-10T09:38:38.420+0900] {dag.py:4138} INFO - Setting next_dagrun for dataset_s3_bucket_consumer_with_no_taskflow to None, run_after=None
[2026-04-10T09:38:38.422+0900] {logging_mixin.py:190} INFO - [2026-04-10T09:38:38.422+0900] {dag.py:4138} INFO - Setting next_dagrun for dataset_s3_bucket_producer_with_no_taskflow to None, run_after=None
[2026-04-10T09:38:38.437+0900] {processor.py:208} INFO - Processing /home/airflow/.local/lib/python3.12/site-packages/airflow/example_dags/example_dataset_alias_with_no_taskflow.py took 0.165 seconds
[2026-04-10T09:39:09.160+0900] {processor.py:186} INFO - Started process (PID=150270) to work on /home/airflow/.local/lib/python3.12/site-packages/airflow/example_dags/example_dataset_alias_with_no_taskflow.py
[2026-04-10T09:39:09.161+0900] {processor.py:914} INFO - Processing file /home/airflow/.local/lib/python3.12/site-packages/airflow/example_dags/example_dataset_alias_with_no_taskflow.py for tasks to queue
[2026-04-10T09:39:09.163+0900] {logging_mixin.py:190} INFO - [2026-04-10T09:39:09.163+0900] {dagbag.py:587} INFO - Filling up the DagBag from /home/airflow/.local/lib/python3.12/site-packages/airflow/example_dags/example_dataset_alias_with_no_taskflow.py
[2026-04-10T09:39:09.261+0900] {processor.py:925} INFO - DAG(s) 'dataset_s3_bucket_producer_with_no_taskflow', 'dataset_alias_example_alias_producer_with_no_taskflow', 'dataset_s3_bucket_consumer_with_no_taskflow', 'dataset_alias_example_alias_consumer_with_no_taskflow' retrieved from /home/airflow/.local/lib/python3.12/site-packages/airflow/example_dags/example_dataset_alias_with_no_taskflow.py
[2026-04-10T09:39:09.276+0900] {logging_mixin.py:190} INFO - [2026-04-10T09:39:09.276+0900] {dag.py:3211} INFO - Sync 4 DAGs
[2026-04-10T09:39:09.289+0900] {logging_mixin.py:190} INFO - [2026-04-10T09:39:09.289+0900] {dag.py:4138} INFO - Setting next_dagrun for dataset_alias_example_alias_consumer_with_no_taskflow to None, run_after=None
[2026-04-10T09:39:09.291+0900] {logging_mixin.py:190} INFO - [2026-04-10T09:39:09.291+0900] {dag.py:4138} INFO - Setting next_dagrun for dataset_alias_example_alias_producer_with_no_taskflow to None, run_after=None
[2026-04-10T09:39:09.292+0900] {logging_mixin.py:190} INFO - [2026-04-10T09:39:09.292+0900] {dag.py:4138} INFO - Setting next_dagrun for dataset_s3_bucket_consumer_with_no_taskflow to None, run_after=None
[2026-04-10T09:39:09.293+0900] {logging_mixin.py:190} INFO - [2026-04-10T09:39:09.293+0900] {dag.py:4138} INFO - Setting next_dagrun for dataset_s3_bucket_producer_with_no_taskflow to None, run_after=None
[2026-04-10T09:39:09.311+0900] {processor.py:208} INFO - Processing /home/airflow/.local/lib/python3.12/site-packages/airflow/example_dags/example_dataset_alias_with_no_taskflow.py took 0.155 seconds
[2026-04-10T09:39:39.950+0900] {processor.py:186} INFO - Started process (PID=150333) to work on /home/airflow/.local/lib/python3.12/site-packages/airflow/example_dags/example_dataset_alias_with_no_taskflow.py
[2026-04-10T09:39:39.951+0900] {processor.py:914} INFO - Processing file /home/airflow/.local/lib/python3.12/site-packages/airflow/example_dags/example_dataset_alias_with_no_taskflow.py for tasks to queue
[2026-04-10T09:39:39.953+0900] {logging_mixin.py:190} INFO - [2026-04-10T09:39:39.952+0900] {dagbag.py:587} INFO - Filling up the DagBag from /home/airflow/.local/lib/python3.12/site-packages/airflow/example_dags/example_dataset_alias_with_no_taskflow.py
[2026-04-10T09:39:40.055+0900] {processor.py:925} INFO - DAG(s) 'dataset_alias_example_alias_producer_with_no_taskflow', 'dataset_s3_bucket_producer_with_no_taskflow', 'dataset_s3_bucket_consumer_with_no_taskflow', 'dataset_alias_example_alias_consumer_with_no_taskflow' retrieved from /home/airflow/.local/lib/python3.12/site-packages/airflow/example_dags/example_dataset_alias_with_no_taskflow.py
[2026-04-10T09:39:40.072+0900] {logging_mixin.py:190} INFO - [2026-04-10T09:39:40.072+0900] {dag.py:3211} INFO - Sync 4 DAGs
[2026-04-10T09:39:40.086+0900] {logging_mixin.py:190} INFO - [2026-04-10T09:39:40.086+0900] {dag.py:4138} INFO - Setting next_dagrun for dataset_alias_example_alias_consumer_with_no_taskflow to None, run_after=None
[2026-04-10T09:39:40.088+0900] {logging_mixin.py:190} INFO - [2026-04-10T09:39:40.088+0900] {dag.py:4138} INFO - Setting next_dagrun for dataset_alias_example_alias_producer_with_no_taskflow to None, run_after=None
[2026-04-10T09:39:40.089+0900] {logging_mixin.py:190} INFO - [2026-04-10T09:39:40.089+0900] {dag.py:4138} INFO - Setting next_dagrun for dataset_s3_bucket_consumer_with_no_taskflow to None, run_after=None
[2026-04-10T09:39:40.090+0900] {logging_mixin.py:190} INFO - [2026-04-10T09:39:40.090+0900] {dag.py:4138} INFO - Setting next_dagrun for dataset_s3_bucket_producer_with_no_taskflow to None, run_after=None
[2026-04-10T09:39:40.104+0900] {processor.py:208} INFO - Processing /home/airflow/.local/lib/python3.12/site-packages/airflow/example_dags/example_dataset_alias_with_no_taskflow.py took 0.159 seconds
[2026-04-10T09:40:10.468+0900] {processor.py:186} INFO - Started process (PID=150396) to work on /home/airflow/.local/lib/python3.12/site-packages/airflow/example_dags/example_dataset_alias_with_no_taskflow.py
[2026-04-10T09:40:10.469+0900] {processor.py:914} INFO - Processing file /home/airflow/.local/lib/python3.12/site-packages/airflow/example_dags/example_dataset_alias_with_no_taskflow.py for tasks to queue
[2026-04-10T09:40:10.472+0900] {logging_mixin.py:190} INFO - [2026-04-10T09:40:10.471+0900] {dagbag.py:587} INFO - Filling up the DagBag from /home/airflow/.local/lib/python3.12/site-packages/airflow/example_dags/example_dataset_alias_with_no_taskflow.py
[2026-04-10T09:40:10.574+0900] {processor.py:925} INFO - DAG(s) 'dataset_alias_example_alias_producer_with_no_taskflow', 'dataset_s3_bucket_producer_with_no_taskflow', 'dataset_alias_example_alias_consumer_with_no_taskflow', 'dataset_s3_bucket_consumer_with_no_taskflow' retrieved from /home/airflow/.local/lib/python3.12/site-packages/airflow/example_dags/example_dataset_alias_with_no_taskflow.py
[2026-04-10T09:40:10.589+0900] {logging_mixin.py:190} INFO - [2026-04-10T09:40:10.588+0900] {dag.py:3211} INFO - Sync 4 DAGs
[2026-04-10T09:40:10.603+0900] {logging_mixin.py:190} INFO - [2026-04-10T09:40:10.603+0900] {dag.py:4138} INFO - Setting next_dagrun for dataset_alias_example_alias_consumer_with_no_taskflow to None, run_after=None
[2026-04-10T09:40:10.605+0900] {logging_mixin.py:190} INFO - [2026-04-10T09:40:10.605+0900] {dag.py:4138} INFO - Setting next_dagrun for dataset_alias_example_alias_producer_with_no_taskflow to None, run_after=None
[2026-04-10T09:40:10.606+0900] {logging_mixin.py:190} INFO - [2026-04-10T09:40:10.606+0900] {dag.py:4138} INFO - Setting next_dagrun for dataset_s3_bucket_consumer_with_no_taskflow to None, run_after=None
[2026-04-10T09:40:10.608+0900] {logging_mixin.py:190} INFO - [2026-04-10T09:40:10.608+0900] {dag.py:4138} INFO - Setting next_dagrun for dataset_s3_bucket_producer_with_no_taskflow to None, run_after=None
[2026-04-10T09:40:10.627+0900] {processor.py:208} INFO - Processing /home/airflow/.local/lib/python3.12/site-packages/airflow/example_dags/example_dataset_alias_with_no_taskflow.py took 0.166 seconds
[2026-04-10T09:40:41.343+0900] {processor.py:186} INFO - Started process (PID=150459) to work on /home/airflow/.local/lib/python3.12/site-packages/airflow/example_dags/example_dataset_alias_with_no_taskflow.py
[2026-04-10T09:40:41.344+0900] {processor.py:914} INFO - Processing file /home/airflow/.local/lib/python3.12/site-packages/airflow/example_dags/example_dataset_alias_with_no_taskflow.py for tasks to queue
[2026-04-10T09:40:41.346+0900] {logging_mixin.py:190} INFO - [2026-04-10T09:40:41.346+0900] {dagbag.py:587} INFO - Filling up the DagBag from /home/airflow/.local/lib/python3.12/site-packages/airflow/example_dags/example_dataset_alias_with_no_taskflow.py
[2026-04-10T09:40:41.456+0900] {processor.py:925} INFO - DAG(s) 'dataset_alias_example_alias_producer_with_no_taskflow', 'dataset_s3_bucket_consumer_with_no_taskflow', 'dataset_s3_bucket_producer_with_no_taskflow', 'dataset_alias_example_alias_consumer_with_no_taskflow' retrieved from /home/airflow/.local/lib/python3.12/site-packages/airflow/example_dags/example_dataset_alias_with_no_taskflow.py
[2026-04-10T09:40:41.471+0900] {logging_mixin.py:190} INFO - [2026-04-10T09:40:41.471+0900] {dag.py:3211} INFO - Sync 4 DAGs
[2026-04-10T09:40:41.487+0900] {logging_mixin.py:190} INFO - [2026-04-10T09:40:41.487+0900] {dag.py:4138} INFO - Setting next_dagrun for dataset_alias_example_alias_consumer_with_no_taskflow to None, run_after=None
[2026-04-10T09:40:41.490+0900] {logging_mixin.py:190} INFO - [2026-04-10T09:40:41.490+0900] {dag.py:4138} INFO - Setting next_dagrun for dataset_alias_example_alias_producer_with_no_taskflow to None, run_after=None
[2026-04-10T09:40:41.491+0900] {logging_mixin.py:190} INFO - [2026-04-10T09:40:41.491+0900] {dag.py:4138} INFO - Setting next_dagrun for dataset_s3_bucket_consumer_with_no_taskflow to None, run_after=None
[2026-04-10T09:40:41.493+0900] {logging_mixin.py:190} INFO - [2026-04-10T09:40:41.493+0900] {dag.py:4138} INFO - Setting next_dagrun for dataset_s3_bucket_producer_with_no_taskflow to None, run_after=None
[2026-04-10T09:40:41.507+0900] {processor.py:208} INFO - Processing /home/airflow/.local/lib/python3.12/site-packages/airflow/example_dags/example_dataset_alias_with_no_taskflow.py took 0.169 seconds
[2026-04-10T09:41:11.856+0900] {processor.py:186} INFO - Started process (PID=150522) to work on /home/airflow/.local/lib/python3.12/site-packages/airflow/example_dags/example_dataset_alias_with_no_taskflow.py
[2026-04-10T09:41:11.857+0900] {processor.py:914} INFO - Processing file /home/airflow/.local/lib/python3.12/site-packages/airflow/example_dags/example_dataset_alias_with_no_taskflow.py for tasks to queue
[2026-04-10T09:41:11.859+0900] {logging_mixin.py:190} INFO - [2026-04-10T09:41:11.858+0900] {dagbag.py:587} INFO - Filling up the DagBag from /home/airflow/.local/lib/python3.12/site-packages/airflow/example_dags/example_dataset_alias_with_no_taskflow.py
[2026-04-10T09:41:11.963+0900] {processor.py:925} INFO - DAG(s) 'dataset_s3_bucket_producer_with_no_taskflow', 'dataset_alias_example_alias_consumer_with_no_taskflow', 'dataset_s3_bucket_consumer_with_no_taskflow', 'dataset_alias_example_alias_producer_with_no_taskflow' retrieved from /home/airflow/.local/lib/python3.12/site-packages/airflow/example_dags/example_dataset_alias_with_no_taskflow.py
[2026-04-10T09:41:11.975+0900] {logging_mixin.py:190} INFO - [2026-04-10T09:41:11.975+0900] {dag.py:3211} INFO - Sync 4 DAGs
[2026-04-10T09:41:11.991+0900] {logging_mixin.py:190} INFO - [2026-04-10T09:41:11.991+0900] {dag.py:4138} INFO - Setting next_dagrun for dataset_alias_example_alias_consumer_with_no_taskflow to None, run_after=None
[2026-04-10T09:41:11.993+0900] {logging_mixin.py:190} INFO - [2026-04-10T09:41:11.993+0900] {dag.py:4138} INFO - Setting next_dagrun for dataset_alias_example_alias_producer_with_no_taskflow to None, run_after=None
[2026-04-10T09:41:11.995+0900] {logging_mixin.py:190} INFO - [2026-04-10T09:41:11.995+0900] {dag.py:4138} INFO - Setting next_dagrun for dataset_s3_bucket_consumer_with_no_taskflow to None, run_after=None
[2026-04-10T09:41:11.996+0900] {logging_mixin.py:190} INFO - [2026-04-10T09:41:11.996+0900] {dag.py:4138} INFO - Setting next_dagrun for dataset_s3_bucket_producer_with_no_taskflow to None, run_after=None
[2026-04-10T09:41:12.011+0900] {processor.py:208} INFO - Processing /home/airflow/.local/lib/python3.12/site-packages/airflow/example_dags/example_dataset_alias_with_no_taskflow.py took 0.160 seconds
[2026-04-10T09:41:42.531+0900] {processor.py:186} INFO - Started process (PID=150585) to work on /home/airflow/.local/lib/python3.12/site-packages/airflow/example_dags/example_dataset_alias_with_no_taskflow.py
[2026-04-10T09:41:42.532+0900] {processor.py:914} INFO - Processing file /home/airflow/.local/lib/python3.12/site-packages/airflow/example_dags/example_dataset_alias_with_no_taskflow.py for tasks to queue
[2026-04-10T09:41:42.534+0900] {logging_mixin.py:190} INFO - [2026-04-10T09:41:42.534+0900] {dagbag.py:587} INFO - Filling up the DagBag from /home/airflow/.local/lib/python3.12/site-packages/airflow/example_dags/example_dataset_alias_with_no_taskflow.py
[2026-04-10T09:41:42.640+0900] {processor.py:925} INFO - DAG(s) 'dataset_s3_bucket_consumer_with_no_taskflow', 'dataset_s3_bucket_producer_with_no_taskflow', 'dataset_alias_example_alias_consumer_with_no_taskflow', 'dataset_alias_example_alias_producer_with_no_taskflow' retrieved from /home/airflow/.local/lib/python3.12/site-packages/airflow/example_dags/example_dataset_alias_with_no_taskflow.py
[2026-04-10T09:41:42.654+0900] {logging_mixin.py:190} INFO - [2026-04-10T09:41:42.653+0900] {dag.py:3211} INFO - Sync 4 DAGs
[2026-04-10T09:41:42.669+0900] {logging_mixin.py:190} INFO - [2026-04-10T09:41:42.669+0900] {dag.py:4138} INFO - Setting next_dagrun for dataset_alias_example_alias_consumer_with_no_taskflow to None, run_after=None
[2026-04-10T09:41:42.671+0900] {logging_mixin.py:190} INFO - [2026-04-10T09:41:42.671+0900] {dag.py:4138} INFO - Setting next_dagrun for dataset_alias_example_alias_producer_with_no_taskflow to None, run_after=None
[2026-04-10T09:41:42.672+0900] {logging_mixin.py:190} INFO - [2026-04-10T09:41:42.672+0900] {dag.py:4138} INFO - Setting next_dagrun for dataset_s3_bucket_consumer_with_no_taskflow to None, run_after=None
[2026-04-10T09:41:42.674+0900] {logging_mixin.py:190} INFO - [2026-04-10T09:41:42.674+0900] {dag.py:4138} INFO - Setting next_dagrun for dataset_s3_bucket_producer_with_no_taskflow to None, run_after=None
[2026-04-10T09:41:42.691+0900] {processor.py:208} INFO - Processing /home/airflow/.local/lib/python3.12/site-packages/airflow/example_dags/example_dataset_alias_with_no_taskflow.py took 0.165 seconds
[2026-04-10T09:42:13.323+0900] {processor.py:186} INFO - Started process (PID=150648) to work on /home/airflow/.local/lib/python3.12/site-packages/airflow/example_dags/example_dataset_alias_with_no_taskflow.py
[2026-04-10T09:42:13.324+0900] {processor.py:914} INFO - Processing file /home/airflow/.local/lib/python3.12/site-packages/airflow/example_dags/example_dataset_alias_with_no_taskflow.py for tasks to queue
[2026-04-10T09:42:13.326+0900] {logging_mixin.py:190} INFO - [2026-04-10T09:42:13.326+0900] {dagbag.py:587} INFO - Filling up the DagBag from /home/airflow/.local/lib/python3.12/site-packages/airflow/example_dags/example_dataset_alias_with_no_taskflow.py
[2026-04-10T09:42:13.440+0900] {processor.py:925} INFO - DAG(s) 'dataset_alias_example_alias_consumer_with_no_taskflow', 'dataset_alias_example_alias_producer_with_no_taskflow', 'dataset_s3_bucket_consumer_with_no_taskflow', 'dataset_s3_bucket_producer_with_no_taskflow' retrieved from /home/airflow/.local/lib/python3.12/site-packages/airflow/example_dags/example_dataset_alias_with_no_taskflow.py
[2026-04-10T09:42:13.455+0900] {logging_mixin.py:190} INFO - [2026-04-10T09:42:13.455+0900] {dag.py:3211} INFO - Sync 4 DAGs
[2026-04-10T09:42:13.474+0900] {logging_mixin.py:190} INFO - [2026-04-10T09:42:13.474+0900] {dag.py:4138} INFO - Setting next_dagrun for dataset_alias_example_alias_consumer_with_no_taskflow to None, run_after=None
[2026-04-10T09:42:13.477+0900] {logging_mixin.py:190} INFO - [2026-04-10T09:42:13.476+0900] {dag.py:4138} INFO - Setting next_dagrun for dataset_alias_example_alias_producer_with_no_taskflow to None, run_after=None
[2026-04-10T09:42:13.478+0900] {logging_mixin.py:190} INFO - [2026-04-10T09:42:13.478+0900] {dag.py:4138} INFO - Setting next_dagrun for dataset_s3_bucket_consumer_with_no_taskflow to None, run_after=None
[2026-04-10T09:42:13.479+0900] {logging_mixin.py:190} INFO - [2026-04-10T09:42:13.479+0900] {dag.py:4138} INFO - Setting next_dagrun for dataset_s3_bucket_producer_with_no_taskflow to None, run_after=None
[2026-04-10T09:42:13.494+0900] {processor.py:208} INFO - Processing /home/airflow/.local/lib/python3.12/site-packages/airflow/example_dags/example_dataset_alias_with_no_taskflow.py took 0.175 seconds
[2026-04-10T09:42:44.038+0900] {processor.py:186} INFO - Started process (PID=150711) to work on /home/airflow/.local/lib/python3.12/site-packages/airflow/example_dags/example_dataset_alias_with_no_taskflow.py
[2026-04-10T09:42:44.039+0900] {processor.py:914} INFO - Processing file /home/airflow/.local/lib/python3.12/site-packages/airflow/example_dags/example_dataset_alias_with_no_taskflow.py for tasks to queue
[2026-04-10T09:42:44.042+0900] {logging_mixin.py:190} INFO - [2026-04-10T09:42:44.041+0900] {dagbag.py:587} INFO - Filling up the DagBag from /home/airflow/.local/lib/python3.12/site-packages/airflow/example_dags/example_dataset_alias_with_no_taskflow.py
[2026-04-10T09:42:44.157+0900] {processor.py:925} INFO - DAG(s) 'dataset_alias_example_alias_consumer_with_no_taskflow', 'dataset_s3_bucket_producer_with_no_taskflow', 'dataset_s3_bucket_consumer_with_no_taskflow', 'dataset_alias_example_alias_producer_with_no_taskflow' retrieved from /home/airflow/.local/lib/python3.12/site-packages/airflow/example_dags/example_dataset_alias_with_no_taskflow.py
[2026-04-10T09:42:44.174+0900] {logging_mixin.py:190} INFO - [2026-04-10T09:42:44.174+0900] {dag.py:3211} INFO - Sync 4 DAGs
[2026-04-10T09:42:44.191+0900] {logging_mixin.py:190} INFO - [2026-04-10T09:42:44.191+0900] {dag.py:4138} INFO - Setting next_dagrun for dataset_alias_example_alias_consumer_with_no_taskflow to None, run_after=None
[2026-04-10T09:42:44.193+0900] {logging_mixin.py:190} INFO - [2026-04-10T09:42:44.193+0900] {dag.py:4138} INFO - Setting next_dagrun for dataset_alias_example_alias_producer_with_no_taskflow to None, run_after=None
[2026-04-10T09:42:44.195+0900] {logging_mixin.py:190} INFO - [2026-04-10T09:42:44.195+0900] {dag.py:4138} INFO - Setting next_dagrun for dataset_s3_bucket_consumer_with_no_taskflow to None, run_after=None
[2026-04-10T09:42:44.196+0900] {logging_mixin.py:190} INFO - [2026-04-10T09:42:44.196+0900] {dag.py:4138} INFO - Setting next_dagrun for dataset_s3_bucket_producer_with_no_taskflow to None, run_after=None
[2026-04-10T09:42:44.215+0900] {processor.py:208} INFO - Processing /home/airflow/.local/lib/python3.12/site-packages/airflow/example_dags/example_dataset_alias_with_no_taskflow.py took 0.182 seconds
[2026-04-10T09:43:15.084+0900] {processor.py:186} INFO - Started process (PID=150774) to work on /home/airflow/.local/lib/python3.12/site-packages/airflow/example_dags/example_dataset_alias_with_no_taskflow.py
[2026-04-10T09:43:15.085+0900] {processor.py:914} INFO - Processing file /home/airflow/.local/lib/python3.12/site-packages/airflow/example_dags/example_dataset_alias_with_no_taskflow.py for tasks to queue
[2026-04-10T09:43:15.087+0900] {logging_mixin.py:190} INFO - [2026-04-10T09:43:15.087+0900] {dagbag.py:587} INFO - Filling up the DagBag from /home/airflow/.local/lib/python3.12/site-packages/airflow/example_dags/example_dataset_alias_with_no_taskflow.py
[2026-04-10T09:43:15.210+0900] {processor.py:925} INFO - DAG(s) 'dataset_alias_example_alias_producer_with_no_taskflow', 'dataset_alias_example_alias_consumer_with_no_taskflow', 'dataset_s3_bucket_producer_with_no_taskflow', 'dataset_s3_bucket_consumer_with_no_taskflow' retrieved from /home/airflow/.local/lib/python3.12/site-packages/airflow/example_dags/example_dataset_alias_with_no_taskflow.py
[2026-04-10T09:43:15.227+0900] {logging_mixin.py:190} INFO - [2026-04-10T09:43:15.227+0900] {dag.py:3211} INFO - Sync 4 DAGs
[2026-04-10T09:43:15.244+0900] {logging_mixin.py:190} INFO - [2026-04-10T09:43:15.244+0900] {dag.py:4138} INFO - Setting next_dagrun for dataset_alias_example_alias_consumer_with_no_taskflow to None, run_after=None
[2026-04-10T09:43:15.246+0900] {logging_mixin.py:190} INFO - [2026-04-10T09:43:15.246+0900] {dag.py:4138} INFO - Setting next_dagrun for dataset_alias_example_alias_producer_with_no_taskflow to None, run_after=None
[2026-04-10T09:43:15.248+0900] {logging_mixin.py:190} INFO - [2026-04-10T09:43:15.248+0900] {dag.py:4138} INFO - Setting next_dagrun for dataset_s3_bucket_consumer_with_no_taskflow to None, run_after=None
[2026-04-10T09:43:15.249+0900] {logging_mixin.py:190} INFO - [2026-04-10T09:43:15.249+0900] {dag.py:4138} INFO - Setting next_dagrun for dataset_s3_bucket_producer_with_no_taskflow to None, run_after=None
[2026-04-10T09:43:15.271+0900] {processor.py:208} INFO - Processing /home/airflow/.local/lib/python3.12/site-packages/airflow/example_dags/example_dataset_alias_with_no_taskflow.py took 0.192 seconds
[2026-04-10T09:43:45.354+0900] {processor.py:186} INFO - Started process (PID=150837) to work on /home/airflow/.local/lib/python3.12/site-packages/airflow/example_dags/example_dataset_alias_with_no_taskflow.py
[2026-04-10T09:43:45.355+0900] {processor.py:914} INFO - Processing file /home/airflow/.local/lib/python3.12/site-packages/airflow/example_dags/example_dataset_alias_with_no_taskflow.py for tasks to queue
[2026-04-10T09:43:45.357+0900] {logging_mixin.py:190} INFO - [2026-04-10T09:43:45.356+0900] {dagbag.py:587} INFO - Filling up the DagBag from /home/airflow/.local/lib/python3.12/site-packages/airflow/example_dags/example_dataset_alias_with_no_taskflow.py
[2026-04-10T09:43:45.470+0900] {processor.py:925} INFO - DAG(s) 'dataset_s3_bucket_consumer_with_no_taskflow', 'dataset_alias_example_alias_producer_with_no_taskflow', 'dataset_alias_example_alias_consumer_with_no_taskflow', 'dataset_s3_bucket_producer_with_no_taskflow' retrieved from /home/airflow/.local/lib/python3.12/site-packages/airflow/example_dags/example_dataset_alias_with_no_taskflow.py
[2026-04-10T09:43:45.486+0900] {logging_mixin.py:190} INFO - [2026-04-10T09:43:45.485+0900] {dag.py:3211} INFO - Sync 4 DAGs
[2026-04-10T09:43:45.502+0900] {logging_mixin.py:190} INFO - [2026-04-10T09:43:45.501+0900] {dag.py:4138} INFO - Setting next_dagrun for dataset_alias_example_alias_consumer_with_no_taskflow to None, run_after=None
[2026-04-10T09:43:45.504+0900] {logging_mixin.py:190} INFO - [2026-04-10T09:43:45.503+0900] {dag.py:4138} INFO - Setting next_dagrun for dataset_alias_example_alias_producer_with_no_taskflow to None, run_after=None
[2026-04-10T09:43:45.505+0900] {logging_mixin.py:190} INFO - [2026-04-10T09:43:45.505+0900] {dag.py:4138} INFO - Setting next_dagrun for dataset_s3_bucket_consumer_with_no_taskflow to None, run_after=None
[2026-04-10T09:43:45.506+0900] {logging_mixin.py:190} INFO - [2026-04-10T09:43:45.506+0900] {dag.py:4138} INFO - Setting next_dagrun for dataset_s3_bucket_producer_with_no_taskflow to None, run_after=None
[2026-04-10T09:43:45.522+0900] {processor.py:208} INFO - Processing /home/airflow/.local/lib/python3.12/site-packages/airflow/example_dags/example_dataset_alias_with_no_taskflow.py took 0.172 seconds
[2026-04-10T09:44:16.568+0900] {processor.py:186} INFO - Started process (PID=150902) to work on /home/airflow/.local/lib/python3.12/site-packages/airflow/example_dags/example_dataset_alias_with_no_taskflow.py
[2026-04-10T09:44:16.569+0900] {processor.py:914} INFO - Processing file /home/airflow/.local/lib/python3.12/site-packages/airflow/example_dags/example_dataset_alias_with_no_taskflow.py for tasks to queue
[2026-04-10T09:44:16.572+0900] {logging_mixin.py:190} INFO - [2026-04-10T09:44:16.571+0900] {dagbag.py:587} INFO - Filling up the DagBag from /home/airflow/.local/lib/python3.12/site-packages/airflow/example_dags/example_dataset_alias_with_no_taskflow.py
[2026-04-10T09:44:16.677+0900] {processor.py:925} INFO - DAG(s) 'dataset_s3_bucket_consumer_with_no_taskflow', 'dataset_s3_bucket_producer_with_no_taskflow', 'dataset_alias_example_alias_consumer_with_no_taskflow', 'dataset_alias_example_alias_producer_with_no_taskflow' retrieved from /home/airflow/.local/lib/python3.12/site-packages/airflow/example_dags/example_dataset_alias_with_no_taskflow.py
[2026-04-10T09:44:16.693+0900] {logging_mixin.py:190} INFO - [2026-04-10T09:44:16.693+0900] {dag.py:3211} INFO - Sync 4 DAGs
[2026-04-10T09:44:16.709+0900] {logging_mixin.py:190} INFO - [2026-04-10T09:44:16.709+0900] {dag.py:4138} INFO - Setting next_dagrun for dataset_alias_example_alias_consumer_with_no_taskflow to None, run_after=None
[2026-04-10T09:44:16.711+0900] {logging_mixin.py:190} INFO - [2026-04-10T09:44:16.710+0900] {dag.py:4138} INFO - Setting next_dagrun for dataset_alias_example_alias_producer_with_no_taskflow to None, run_after=None
[2026-04-10T09:44:16.712+0900] {logging_mixin.py:190} INFO - [2026-04-10T09:44:16.712+0900] {dag.py:4138} INFO - Setting next_dagrun for dataset_s3_bucket_consumer_with_no_taskflow to None, run_after=None
[2026-04-10T09:44:16.713+0900] {logging_mixin.py:190} INFO - [2026-04-10T09:44:16.713+0900] {dag.py:4138} INFO - Setting next_dagrun for dataset_s3_bucket_producer_with_no_taskflow to None, run_after=None
[2026-04-10T09:44:16.728+0900] {processor.py:208} INFO - Processing /home/airflow/.local/lib/python3.12/site-packages/airflow/example_dags/example_dataset_alias_with_no_taskflow.py took 0.165 seconds
[2026-04-10T09:44:47.017+0900] {processor.py:186} INFO - Started process (PID=150965) to work on /home/airflow/.local/lib/python3.12/site-packages/airflow/example_dags/example_dataset_alias_with_no_taskflow.py
[2026-04-10T09:44:47.018+0900] {processor.py:914} INFO - Processing file /home/airflow/.local/lib/python3.12/site-packages/airflow/example_dags/example_dataset_alias_with_no_taskflow.py for tasks to queue
[2026-04-10T09:44:47.020+0900] {logging_mixin.py:190} INFO - [2026-04-10T09:44:47.020+0900] {dagbag.py:587} INFO - Filling up the DagBag from /home/airflow/.local/lib/python3.12/site-packages/airflow/example_dags/example_dataset_alias_with_no_taskflow.py
[2026-04-10T09:44:47.143+0900] {processor.py:925} INFO - DAG(s) 'dataset_s3_bucket_consumer_with_no_taskflow', 'dataset_alias_example_alias_producer_with_no_taskflow', 'dataset_s3_bucket_producer_with_no_taskflow', 'dataset_alias_example_alias_consumer_with_no_taskflow' retrieved from /home/airflow/.local/lib/python3.12/site-packages/airflow/example_dags/example_dataset_alias_with_no_taskflow.py
[2026-04-10T09:44:47.159+0900] {logging_mixin.py:190} INFO - [2026-04-10T09:44:47.159+0900] {dag.py:3211} INFO - Sync 4 DAGs
[2026-04-10T09:44:47.175+0900] {logging_mixin.py:190} INFO - [2026-04-10T09:44:47.175+0900] {dag.py:4138} INFO - Setting next_dagrun for dataset_alias_example_alias_consumer_with_no_taskflow to None, run_after=None
[2026-04-10T09:44:47.178+0900] {logging_mixin.py:190} INFO - [2026-04-10T09:44:47.177+0900] {dag.py:4138} INFO - Setting next_dagrun for dataset_alias_example_alias_producer_with_no_taskflow to None, run_after=None
[2026-04-10T09:44:47.179+0900] {logging_mixin.py:190} INFO - [2026-04-10T09:44:47.179+0900] {dag.py:4138} INFO - Setting next_dagrun for dataset_s3_bucket_consumer_with_no_taskflow to None, run_after=None
[2026-04-10T09:44:47.180+0900] {logging_mixin.py:190} INFO - [2026-04-10T09:44:47.180+0900] {dag.py:4138} INFO - Setting next_dagrun for dataset_s3_bucket_producer_with_no_taskflow to None, run_after=None
[2026-04-10T09:44:47.198+0900] {processor.py:208} INFO - Processing /home/airflow/.local/lib/python3.12/site-packages/airflow/example_dags/example_dataset_alias_with_no_taskflow.py took 0.187 seconds
[2026-04-10T09:45:18.036+0900] {processor.py:186} INFO - Started process (PID=151028) to work on /home/airflow/.local/lib/python3.12/site-packages/airflow/example_dags/example_dataset_alias_with_no_taskflow.py
[2026-04-10T09:45:18.037+0900] {processor.py:914} INFO - Processing file /home/airflow/.local/lib/python3.12/site-packages/airflow/example_dags/example_dataset_alias_with_no_taskflow.py for tasks to queue
[2026-04-10T09:45:18.040+0900] {logging_mixin.py:190} INFO - [2026-04-10T09:45:18.039+0900] {dagbag.py:587} INFO - Filling up the DagBag from /home/airflow/.local/lib/python3.12/site-packages/airflow/example_dags/example_dataset_alias_with_no_taskflow.py
[2026-04-10T09:45:18.141+0900] {processor.py:925} INFO - DAG(s) 'dataset_alias_example_alias_producer_with_no_taskflow', 'dataset_s3_bucket_producer_with_no_taskflow', 'dataset_alias_example_alias_consumer_with_no_taskflow', 'dataset_s3_bucket_consumer_with_no_taskflow' retrieved from /home/airflow/.local/lib/python3.12/site-packages/airflow/example_dags/example_dataset_alias_with_no_taskflow.py
[2026-04-10T09:45:18.155+0900] {logging_mixin.py:190} INFO - [2026-04-10T09:45:18.155+0900] {dag.py:3211} INFO - Sync 4 DAGs
[2026-04-10T09:45:18.169+0900] {logging_mixin.py:190} INFO - [2026-04-10T09:45:18.169+0900] {dag.py:4138} INFO - Setting next_dagrun for dataset_alias_example_alias_consumer_with_no_taskflow to None, run_after=None
[2026-04-10T09:45:18.171+0900] {logging_mixin.py:190} INFO - [2026-04-10T09:45:18.171+0900] {dag.py:4138} INFO - Setting next_dagrun for dataset_alias_example_alias_producer_with_no_taskflow to None, run_after=None
[2026-04-10T09:45:18.172+0900] {logging_mixin.py:190} INFO - [2026-04-10T09:45:18.172+0900] {dag.py:4138} INFO - Setting next_dagrun for dataset_s3_bucket_consumer_with_no_taskflow to None, run_after=None
[2026-04-10T09:45:18.174+0900] {logging_mixin.py:190} INFO - [2026-04-10T09:45:18.173+0900] {dag.py:4138} INFO - Setting next_dagrun for dataset_s3_bucket_producer_with_no_taskflow to None, run_after=None
[2026-04-10T09:45:18.192+0900] {processor.py:208} INFO - Processing /home/airflow/.local/lib/python3.12/site-packages/airflow/example_dags/example_dataset_alias_with_no_taskflow.py took 0.161 seconds
[2026-04-10T09:45:48.505+0900] {processor.py:186} INFO - Started process (PID=151093) to work on /home/airflow/.local/lib/python3.12/site-packages/airflow/example_dags/example_dataset_alias_with_no_taskflow.py
[2026-04-10T09:45:48.506+0900] {processor.py:914} INFO - Processing file /home/airflow/.local/lib/python3.12/site-packages/airflow/example_dags/example_dataset_alias_with_no_taskflow.py for tasks to queue
[2026-04-10T09:45:48.509+0900] {logging_mixin.py:190} INFO - [2026-04-10T09:45:48.508+0900] {dagbag.py:587} INFO - Filling up the DagBag from /home/airflow/.local/lib/python3.12/site-packages/airflow/example_dags/example_dataset_alias_with_no_taskflow.py
[2026-04-10T09:45:48.612+0900] {processor.py:925} INFO - DAG(s) 'dataset_alias_example_alias_consumer_with_no_taskflow', 'dataset_s3_bucket_producer_with_no_taskflow', 'dataset_alias_example_alias_producer_with_no_taskflow', 'dataset_s3_bucket_consumer_with_no_taskflow' retrieved from /home/airflow/.local/lib/python3.12/site-packages/airflow/example_dags/example_dataset_alias_with_no_taskflow.py
[2026-04-10T09:45:48.626+0900] {logging_mixin.py:190} INFO - [2026-04-10T09:45:48.626+0900] {dag.py:3211} INFO - Sync 4 DAGs
[2026-04-10T09:45:48.639+0900] {logging_mixin.py:190} INFO - [2026-04-10T09:45:48.639+0900] {dag.py:4138} INFO - Setting next_dagrun for dataset_alias_example_alias_consumer_with_no_taskflow to None, run_after=None
[2026-04-10T09:45:48.641+0900] {logging_mixin.py:190} INFO - [2026-04-10T09:45:48.641+0900] {dag.py:4138} INFO - Setting next_dagrun for dataset_alias_example_alias_producer_with_no_taskflow to None, run_after=None
[2026-04-10T09:45:48.643+0900] {logging_mixin.py:190} INFO - [2026-04-10T09:45:48.643+0900] {dag.py:4138} INFO - Setting next_dagrun for dataset_s3_bucket_consumer_with_no_taskflow to None, run_after=None
[2026-04-10T09:45:48.644+0900] {logging_mixin.py:190} INFO - [2026-04-10T09:45:48.644+0900] {dag.py:4138} INFO - Setting next_dagrun for dataset_s3_bucket_producer_with_no_taskflow to None, run_after=None
[2026-04-10T09:45:48.658+0900] {processor.py:208} INFO - Processing /home/airflow/.local/lib/python3.12/site-packages/airflow/example_dags/example_dataset_alias_with_no_taskflow.py took 0.158 seconds
[2026-04-10T09:46:18.847+0900] {processor.py:186} INFO - Started process (PID=151156) to work on /home/airflow/.local/lib/python3.12/site-packages/airflow/example_dags/example_dataset_alias_with_no_taskflow.py
[2026-04-10T09:46:18.848+0900] {processor.py:914} INFO - Processing file /home/airflow/.local/lib/python3.12/site-packages/airflow/example_dags/example_dataset_alias_with_no_taskflow.py for tasks to queue
[2026-04-10T09:46:18.850+0900] {logging_mixin.py:190} INFO - [2026-04-10T09:46:18.850+0900] {dagbag.py:587} INFO - Filling up the DagBag from /home/airflow/.local/lib/python3.12/site-packages/airflow/example_dags/example_dataset_alias_with_no_taskflow.py
[2026-04-10T09:46:18.950+0900] {processor.py:925} INFO - DAG(s) 'dataset_alias_example_alias_consumer_with_no_taskflow', 'dataset_s3_bucket_consumer_with_no_taskflow', 'dataset_s3_bucket_producer_with_no_taskflow', 'dataset_alias_example_alias_producer_with_no_taskflow' retrieved from /home/airflow/.local/lib/python3.12/site-packages/airflow/example_dags/example_dataset_alias_with_no_taskflow.py
[2026-04-10T09:46:18.965+0900] {logging_mixin.py:190} INFO - [2026-04-10T09:46:18.965+0900] {dag.py:3211} INFO - Sync 4 DAGs
[2026-04-10T09:46:18.979+0900] {logging_mixin.py:190} INFO - [2026-04-10T09:46:18.978+0900] {dag.py:4138} INFO - Setting next_dagrun for dataset_alias_example_alias_consumer_with_no_taskflow to None, run_after=None
[2026-04-10T09:46:18.981+0900] {logging_mixin.py:190} INFO - [2026-04-10T09:46:18.981+0900] {dag.py:4138} INFO - Setting next_dagrun for dataset_alias_example_alias_producer_with_no_taskflow to None, run_after=None
[2026-04-10T09:46:18.982+0900] {logging_mixin.py:190} INFO - [2026-04-10T09:46:18.982+0900] {dag.py:4138} INFO - Setting next_dagrun for dataset_s3_bucket_consumer_with_no_taskflow to None, run_after=None
[2026-04-10T09:46:18.983+0900] {logging_mixin.py:190} INFO - [2026-04-10T09:46:18.983+0900] {dag.py:4138} INFO - Setting next_dagrun for dataset_s3_bucket_producer_with_no_taskflow to None, run_after=None
[2026-04-10T09:46:18.997+0900] {processor.py:208} INFO - Processing /home/airflow/.local/lib/python3.12/site-packages/airflow/example_dags/example_dataset_alias_with_no_taskflow.py took 0.154 seconds
[2026-04-10T09:46:49.452+0900] {processor.py:186} INFO - Started process (PID=151219) to work on /home/airflow/.local/lib/python3.12/site-packages/airflow/example_dags/example_dataset_alias_with_no_taskflow.py
[2026-04-10T09:46:49.453+0900] {processor.py:914} INFO - Processing file /home/airflow/.local/lib/python3.12/site-packages/airflow/example_dags/example_dataset_alias_with_no_taskflow.py for tasks to queue
[2026-04-10T09:46:49.455+0900] {logging_mixin.py:190} INFO - [2026-04-10T09:46:49.455+0900] {dagbag.py:587} INFO - Filling up the DagBag from /home/airflow/.local/lib/python3.12/site-packages/airflow/example_dags/example_dataset_alias_with_no_taskflow.py
[2026-04-10T09:46:49.562+0900] {processor.py:925} INFO - DAG(s) 'dataset_s3_bucket_producer_with_no_taskflow', 'dataset_alias_example_alias_producer_with_no_taskflow', 'dataset_alias_example_alias_consumer_with_no_taskflow', 'dataset_s3_bucket_consumer_with_no_taskflow' retrieved from /home/airflow/.local/lib/python3.12/site-packages/airflow/example_dags/example_dataset_alias_with_no_taskflow.py
[2026-04-10T09:46:49.575+0900] {logging_mixin.py:190} INFO - [2026-04-10T09:46:49.575+0900] {dag.py:3211} INFO - Sync 4 DAGs
[2026-04-10T09:46:49.711+0900] {logging_mixin.py:190} INFO - [2026-04-10T09:46:49.711+0900] {dag.py:4138} INFO - Setting next_dagrun for dataset_alias_example_alias_consumer_with_no_taskflow to None, run_after=None
[2026-04-10T09:46:49.714+0900] {logging_mixin.py:190} INFO - [2026-04-10T09:46:49.713+0900] {dag.py:4138} INFO - Setting next_dagrun for dataset_alias_example_alias_producer_with_no_taskflow to None, run_after=None
[2026-04-10T09:46:49.715+0900] {logging_mixin.py:190} INFO - [2026-04-10T09:46:49.715+0900] {dag.py:4138} INFO - Setting next_dagrun for dataset_s3_bucket_consumer_with_no_taskflow to None, run_after=None
[2026-04-10T09:46:49.716+0900] {logging_mixin.py:190} INFO - [2026-04-10T09:46:49.716+0900] {dag.py:4138} INFO - Setting next_dagrun for dataset_s3_bucket_producer_with_no_taskflow to None, run_after=None
[2026-04-10T09:46:49.736+0900] {processor.py:208} INFO - Processing /home/airflow/.local/lib/python3.12/site-packages/airflow/example_dags/example_dataset_alias_with_no_taskflow.py took 0.288 seconds
[2026-04-10T09:47:19.937+0900] {processor.py:186} INFO - Started process (PID=151282) to work on /home/airflow/.local/lib/python3.12/site-packages/airflow/example_dags/example_dataset_alias_with_no_taskflow.py
[2026-04-10T09:47:19.938+0900] {processor.py:914} INFO - Processing file /home/airflow/.local/lib/python3.12/site-packages/airflow/example_dags/example_dataset_alias_with_no_taskflow.py for tasks to queue
[2026-04-10T09:47:19.941+0900] {logging_mixin.py:190} INFO - [2026-04-10T09:47:19.941+0900] {dagbag.py:587} INFO - Filling up the DagBag from /home/airflow/.local/lib/python3.12/site-packages/airflow/example_dags/example_dataset_alias_with_no_taskflow.py
[2026-04-10T09:47:20.042+0900] {processor.py:925} INFO - DAG(s) 'dataset_s3_bucket_producer_with_no_taskflow', 'dataset_s3_bucket_consumer_with_no_taskflow', 'dataset_alias_example_alias_consumer_with_no_taskflow', 'dataset_alias_example_alias_producer_with_no_taskflow' retrieved from /home/airflow/.local/lib/python3.12/site-packages/airflow/example_dags/example_dataset_alias_with_no_taskflow.py
[2026-04-10T09:47:20.059+0900] {logging_mixin.py:190} INFO - [2026-04-10T09:47:20.059+0900] {dag.py:3211} INFO - Sync 4 DAGs
[2026-04-10T09:47:20.212+0900] {logging_mixin.py:190} INFO - [2026-04-10T09:47:20.212+0900] {dag.py:4138} INFO - Setting next_dagrun for dataset_alias_example_alias_consumer_with_no_taskflow to None, run_after=None
[2026-04-10T09:47:20.214+0900] {logging_mixin.py:190} INFO - [2026-04-10T09:47:20.214+0900] {dag.py:4138} INFO - Setting next_dagrun for dataset_alias_example_alias_producer_with_no_taskflow to None, run_after=None
[2026-04-10T09:47:20.215+0900] {logging_mixin.py:190} INFO - [2026-04-10T09:47:20.215+0900] {dag.py:4138} INFO - Setting next_dagrun for dataset_s3_bucket_consumer_with_no_taskflow to None, run_after=None
[2026-04-10T09:47:20.216+0900] {logging_mixin.py:190} INFO - [2026-04-10T09:47:20.216+0900] {dag.py:4138} INFO - Setting next_dagrun for dataset_s3_bucket_producer_with_no_taskflow to None, run_after=None
[2026-04-10T09:47:20.233+0900] {processor.py:208} INFO - Processing /home/airflow/.local/lib/python3.12/site-packages/airflow/example_dags/example_dataset_alias_with_no_taskflow.py took 0.300 seconds
[2026-04-10T09:47:50.478+0900] {processor.py:186} INFO - Started process (PID=151345) to work on /home/airflow/.local/lib/python3.12/site-packages/airflow/example_dags/example_dataset_alias_with_no_taskflow.py
[2026-04-10T09:47:50.479+0900] {processor.py:914} INFO - Processing file /home/airflow/.local/lib/python3.12/site-packages/airflow/example_dags/example_dataset_alias_with_no_taskflow.py for tasks to queue
[2026-04-10T09:47:50.481+0900] {logging_mixin.py:190} INFO - [2026-04-10T09:47:50.480+0900] {dagbag.py:587} INFO - Filling up the DagBag from /home/airflow/.local/lib/python3.12/site-packages/airflow/example_dags/example_dataset_alias_with_no_taskflow.py
[2026-04-10T09:47:50.580+0900] {processor.py:925} INFO - DAG(s) 'dataset_alias_example_alias_consumer_with_no_taskflow', 'dataset_alias_example_alias_producer_with_no_taskflow', 'dataset_s3_bucket_producer_with_no_taskflow', 'dataset_s3_bucket_consumer_with_no_taskflow' retrieved from /home/airflow/.local/lib/python3.12/site-packages/airflow/example_dags/example_dataset_alias_with_no_taskflow.py
[2026-04-10T09:47:50.592+0900] {logging_mixin.py:190} INFO - [2026-04-10T09:47:50.592+0900] {dag.py:3211} INFO - Sync 4 DAGs
[2026-04-10T09:47:50.734+0900] {logging_mixin.py:190} INFO - [2026-04-10T09:47:50.734+0900] {dag.py:4138} INFO - Setting next_dagrun for dataset_alias_example_alias_consumer_with_no_taskflow to None, run_after=None
[2026-04-10T09:47:50.736+0900] {logging_mixin.py:190} INFO - [2026-04-10T09:47:50.736+0900] {dag.py:4138} INFO - Setting next_dagrun for dataset_alias_example_alias_producer_with_no_taskflow to None, run_after=None
[2026-04-10T09:47:50.738+0900] {logging_mixin.py:190} INFO - [2026-04-10T09:47:50.738+0900] {dag.py:4138} INFO - Setting next_dagrun for dataset_s3_bucket_consumer_with_no_taskflow to None, run_after=None
[2026-04-10T09:47:50.739+0900] {logging_mixin.py:190} INFO - [2026-04-10T09:47:50.739+0900] {dag.py:4138} INFO - Setting next_dagrun for dataset_s3_bucket_producer_with_no_taskflow to None, run_after=None
[2026-04-10T09:47:50.756+0900] {processor.py:208} INFO - Processing /home/airflow/.local/lib/python3.12/site-packages/airflow/example_dags/example_dataset_alias_with_no_taskflow.py took 0.283 seconds
[2026-04-10T09:48:21.035+0900] {processor.py:186} INFO - Started process (PID=151408) to work on /home/airflow/.local/lib/python3.12/site-packages/airflow/example_dags/example_dataset_alias_with_no_taskflow.py
[2026-04-10T09:48:21.036+0900] {processor.py:914} INFO - Processing file /home/airflow/.local/lib/python3.12/site-packages/airflow/example_dags/example_dataset_alias_with_no_taskflow.py for tasks to queue
[2026-04-10T09:48:21.039+0900] {logging_mixin.py:190} INFO - [2026-04-10T09:48:21.038+0900] {dagbag.py:587} INFO - Filling up the DagBag from /home/airflow/.local/lib/python3.12/site-packages/airflow/example_dags/example_dataset_alias_with_no_taskflow.py
[2026-04-10T09:48:21.140+0900] {processor.py:925} INFO - DAG(s) 'dataset_s3_bucket_consumer_with_no_taskflow', 'dataset_s3_bucket_producer_with_no_taskflow', 'dataset_alias_example_alias_consumer_with_no_taskflow', 'dataset_alias_example_alias_producer_with_no_taskflow' retrieved from /home/airflow/.local/lib/python3.12/site-packages/airflow/example_dags/example_dataset_alias_with_no_taskflow.py
[2026-04-10T09:48:21.155+0900] {logging_mixin.py:190} INFO - [2026-04-10T09:48:21.155+0900] {dag.py:3211} INFO - Sync 4 DAGs
[2026-04-10T09:48:21.170+0900] {logging_mixin.py:190} INFO - [2026-04-10T09:48:21.169+0900] {dag.py:4138} INFO - Setting next_dagrun for dataset_alias_example_alias_consumer_with_no_taskflow to None, run_after=None
[2026-04-10T09:48:21.172+0900] {logging_mixin.py:190} INFO - [2026-04-10T09:48:21.172+0900] {dag.py:4138} INFO - Setting next_dagrun for dataset_alias_example_alias_producer_with_no_taskflow to None, run_after=None
[2026-04-10T09:48:21.173+0900] {logging_mixin.py:190} INFO - [2026-04-10T09:48:21.173+0900] {dag.py:4138} INFO - Setting next_dagrun for dataset_s3_bucket_consumer_with_no_taskflow to None, run_after=None
[2026-04-10T09:48:21.174+0900] {logging_mixin.py:190} INFO - [2026-04-10T09:48:21.174+0900] {dag.py:4138} INFO - Setting next_dagrun for dataset_s3_bucket_producer_with_no_taskflow to None, run_after=None
[2026-04-10T09:48:21.326+0900] {processor.py:208} INFO - Processing /home/airflow/.local/lib/python3.12/site-packages/airflow/example_dags/example_dataset_alias_with_no_taskflow.py took 0.295 seconds
[2026-04-10T09:48:51.838+0900] {processor.py:186} INFO - Started process (PID=151471) to work on /home/airflow/.local/lib/python3.12/site-packages/airflow/example_dags/example_dataset_alias_with_no_taskflow.py
[2026-04-10T09:48:51.839+0900] {processor.py:914} INFO - Processing file /home/airflow/.local/lib/python3.12/site-packages/airflow/example_dags/example_dataset_alias_with_no_taskflow.py for tasks to queue
[2026-04-10T09:48:51.841+0900] {logging_mixin.py:190} INFO - [2026-04-10T09:48:51.841+0900] {dagbag.py:587} INFO - Filling up the DagBag from /home/airflow/.local/lib/python3.12/site-packages/airflow/example_dags/example_dataset_alias_with_no_taskflow.py
[2026-04-10T09:48:51.946+0900] {processor.py:925} INFO - DAG(s) 'dataset_s3_bucket_consumer_with_no_taskflow', 'dataset_s3_bucket_producer_with_no_taskflow', 'dataset_alias_example_alias_producer_with_no_taskflow', 'dataset_alias_example_alias_consumer_with_no_taskflow' retrieved from /home/airflow/.local/lib/python3.12/site-packages/airflow/example_dags/example_dataset_alias_with_no_taskflow.py
[2026-04-10T09:48:51.960+0900] {logging_mixin.py:190} INFO - [2026-04-10T09:48:51.959+0900] {dag.py:3211} INFO - Sync 4 DAGs
[2026-04-10T09:48:51.973+0900] {logging_mixin.py:190} INFO - [2026-04-10T09:48:51.973+0900] {dag.py:4138} INFO - Setting next_dagrun for dataset_alias_example_alias_consumer_with_no_taskflow to None, run_after=None
[2026-04-10T09:48:51.975+0900] {logging_mixin.py:190} INFO - [2026-04-10T09:48:51.975+0900] {dag.py:4138} INFO - Setting next_dagrun for dataset_alias_example_alias_producer_with_no_taskflow to None, run_after=None
[2026-04-10T09:48:51.977+0900] {logging_mixin.py:190} INFO - [2026-04-10T09:48:51.977+0900] {dag.py:4138} INFO - Setting next_dagrun for dataset_s3_bucket_consumer_with_no_taskflow to None, run_after=None
[2026-04-10T09:48:51.978+0900] {logging_mixin.py:190} INFO - [2026-04-10T09:48:51.978+0900] {dag.py:4138} INFO - Setting next_dagrun for dataset_s3_bucket_producer_with_no_taskflow to None, run_after=None
[2026-04-10T09:48:51.991+0900] {processor.py:208} INFO - Processing /home/airflow/.local/lib/python3.12/site-packages/airflow/example_dags/example_dataset_alias_with_no_taskflow.py took 0.158 seconds
[2026-04-10T09:49:22.041+0900] {processor.py:186} INFO - Started process (PID=151535) to work on /home/airflow/.local/lib/python3.12/site-packages/airflow/example_dags/example_dataset_alias_with_no_taskflow.py
[2026-04-10T09:49:22.042+0900] {processor.py:914} INFO - Processing file /home/airflow/.local/lib/python3.12/site-packages/airflow/example_dags/example_dataset_alias_with_no_taskflow.py for tasks to queue
[2026-04-10T09:49:22.045+0900] {logging_mixin.py:190} INFO - [2026-04-10T09:49:22.045+0900] {dagbag.py:587} INFO - Filling up the DagBag from /home/airflow/.local/lib/python3.12/site-packages/airflow/example_dags/example_dataset_alias_with_no_taskflow.py
[2026-04-10T09:49:22.152+0900] {processor.py:925} INFO - DAG(s) 'dataset_s3_bucket_producer_with_no_taskflow', 'dataset_alias_example_alias_producer_with_no_taskflow', 'dataset_alias_example_alias_consumer_with_no_taskflow', 'dataset_s3_bucket_consumer_with_no_taskflow' retrieved from /home/airflow/.local/lib/python3.12/site-packages/airflow/example_dags/example_dataset_alias_with_no_taskflow.py
[2026-04-10T09:49:22.291+0900] {logging_mixin.py:190} INFO - [2026-04-10T09:49:22.290+0900] {dag.py:3211} INFO - Sync 4 DAGs
[2026-04-10T09:49:22.303+0900] {logging_mixin.py:190} INFO - [2026-04-10T09:49:22.303+0900] {dag.py:4138} INFO - Setting next_dagrun for dataset_alias_example_alias_consumer_with_no_taskflow to None, run_after=None
[2026-04-10T09:49:22.305+0900] {logging_mixin.py:190} INFO - [2026-04-10T09:49:22.305+0900] {dag.py:4138} INFO - Setting next_dagrun for dataset_alias_example_alias_producer_with_no_taskflow to None, run_after=None
[2026-04-10T09:49:22.307+0900] {logging_mixin.py:190} INFO - [2026-04-10T09:49:22.307+0900] {dag.py:4138} INFO - Setting next_dagrun for dataset_s3_bucket_consumer_with_no_taskflow to None, run_after=None
[2026-04-10T09:49:22.308+0900] {logging_mixin.py:190} INFO - [2026-04-10T09:49:22.308+0900] {dag.py:4138} INFO - Setting next_dagrun for dataset_s3_bucket_producer_with_no_taskflow to None, run_after=None
[2026-04-10T09:49:22.320+0900] {processor.py:208} INFO - Processing /home/airflow/.local/lib/python3.12/site-packages/airflow/example_dags/example_dataset_alias_with_no_taskflow.py took 0.283 seconds
[2026-04-10T09:49:53.532+0900] {processor.py:186} INFO - Started process (PID=151601) to work on /home/airflow/.local/lib/python3.12/site-packages/airflow/example_dags/example_dataset_alias_with_no_taskflow.py
[2026-04-10T09:49:53.533+0900] {processor.py:914} INFO - Processing file /home/airflow/.local/lib/python3.12/site-packages/airflow/example_dags/example_dataset_alias_with_no_taskflow.py for tasks to queue
[2026-04-10T09:49:53.535+0900] {logging_mixin.py:190} INFO - [2026-04-10T09:49:53.535+0900] {dagbag.py:587} INFO - Filling up the DagBag from /home/airflow/.local/lib/python3.12/site-packages/airflow/example_dags/example_dataset_alias_with_no_taskflow.py
[2026-04-10T09:49:53.661+0900] {processor.py:925} INFO - DAG(s) 'dataset_s3_bucket_consumer_with_no_taskflow', 'dataset_s3_bucket_producer_with_no_taskflow', 'dataset_alias_example_alias_consumer_with_no_taskflow', 'dataset_alias_example_alias_producer_with_no_taskflow' retrieved from /home/airflow/.local/lib/python3.12/site-packages/airflow/example_dags/example_dataset_alias_with_no_taskflow.py
[2026-04-10T09:49:53.808+0900] {logging_mixin.py:190} INFO - [2026-04-10T09:49:53.808+0900] {dag.py:3211} INFO - Sync 4 DAGs
[2026-04-10T09:49:53.821+0900] {logging_mixin.py:190} INFO - [2026-04-10T09:49:53.821+0900] {dag.py:4138} INFO - Setting next_dagrun for dataset_alias_example_alias_consumer_with_no_taskflow to None, run_after=None
[2026-04-10T09:49:53.824+0900] {logging_mixin.py:190} INFO - [2026-04-10T09:49:53.823+0900] {dag.py:4138} INFO - Setting next_dagrun for dataset_alias_example_alias_producer_with_no_taskflow to None, run_after=None
[2026-04-10T09:49:53.825+0900] {logging_mixin.py:190} INFO - [2026-04-10T09:49:53.825+0900] {dag.py:4138} INFO - Setting next_dagrun for dataset_s3_bucket_consumer_with_no_taskflow to None, run_after=None
[2026-04-10T09:49:53.827+0900] {logging_mixin.py:190} INFO - [2026-04-10T09:49:53.827+0900] {dag.py:4138} INFO - Setting next_dagrun for dataset_s3_bucket_producer_with_no_taskflow to None, run_after=None
[2026-04-10T09:49:53.843+0900] {processor.py:208} INFO - Processing /home/airflow/.local/lib/python3.12/site-packages/airflow/example_dags/example_dataset_alias_with_no_taskflow.py took 0.316 seconds
[2026-04-10T09:50:24.167+0900] {processor.py:186} INFO - Started process (PID=151664) to work on /home/airflow/.local/lib/python3.12/site-packages/airflow/example_dags/example_dataset_alias_with_no_taskflow.py
[2026-04-10T09:50:24.168+0900] {processor.py:914} INFO - Processing file /home/airflow/.local/lib/python3.12/site-packages/airflow/example_dags/example_dataset_alias_with_no_taskflow.py for tasks to queue
[2026-04-10T09:50:24.170+0900] {logging_mixin.py:190} INFO - [2026-04-10T09:50:24.169+0900] {dagbag.py:587} INFO - Filling up the DagBag from /home/airflow/.local/lib/python3.12/site-packages/airflow/example_dags/example_dataset_alias_with_no_taskflow.py
[2026-04-10T09:50:24.276+0900] {processor.py:925} INFO - DAG(s) 'dataset_alias_example_alias_producer_with_no_taskflow', 'dataset_s3_bucket_producer_with_no_taskflow', 'dataset_alias_example_alias_consumer_with_no_taskflow', 'dataset_s3_bucket_consumer_with_no_taskflow' retrieved from /home/airflow/.local/lib/python3.12/site-packages/airflow/example_dags/example_dataset_alias_with_no_taskflow.py
[2026-04-10T09:50:24.419+0900] {logging_mixin.py:190} INFO - [2026-04-10T09:50:24.419+0900] {dag.py:3211} INFO - Sync 4 DAGs
[2026-04-10T09:50:24.433+0900] {logging_mixin.py:190} INFO - [2026-04-10T09:50:24.433+0900] {dag.py:4138} INFO - Setting next_dagrun for dataset_alias_example_alias_consumer_with_no_taskflow to None, run_after=None
[2026-04-10T09:50:24.435+0900] {logging_mixin.py:190} INFO - [2026-04-10T09:50:24.435+0900] {dag.py:4138} INFO - Setting next_dagrun for dataset_alias_example_alias_producer_with_no_taskflow to None, run_after=None
[2026-04-10T09:50:24.436+0900] {logging_mixin.py:190} INFO - [2026-04-10T09:50:24.436+0900] {dag.py:4138} INFO - Setting next_dagrun for dataset_s3_bucket_consumer_with_no_taskflow to None, run_after=None
[2026-04-10T09:50:24.437+0900] {logging_mixin.py:190} INFO - [2026-04-10T09:50:24.437+0900] {dag.py:4138} INFO - Setting next_dagrun for dataset_s3_bucket_producer_with_no_taskflow to None, run_after=None
[2026-04-10T09:50:24.450+0900] {processor.py:208} INFO - Processing /home/airflow/.local/lib/python3.12/site-packages/airflow/example_dags/example_dataset_alias_with_no_taskflow.py took 0.288 seconds
[2026-04-10T09:50:54.636+0900] {processor.py:186} INFO - Started process (PID=151727) to work on /home/airflow/.local/lib/python3.12/site-packages/airflow/example_dags/example_dataset_alias_with_no_taskflow.py
[2026-04-10T09:50:54.637+0900] {processor.py:914} INFO - Processing file /home/airflow/.local/lib/python3.12/site-packages/airflow/example_dags/example_dataset_alias_with_no_taskflow.py for tasks to queue
[2026-04-10T09:50:54.639+0900] {logging_mixin.py:190} INFO - [2026-04-10T09:50:54.638+0900] {dagbag.py:587} INFO - Filling up the DagBag from /home/airflow/.local/lib/python3.12/site-packages/airflow/example_dags/example_dataset_alias_with_no_taskflow.py
[2026-04-10T09:50:54.738+0900] {processor.py:925} INFO - DAG(s) 'dataset_s3_bucket_consumer_with_no_taskflow', 'dataset_s3_bucket_producer_with_no_taskflow', 'dataset_alias_example_alias_consumer_with_no_taskflow', 'dataset_alias_example_alias_producer_with_no_taskflow' retrieved from /home/airflow/.local/lib/python3.12/site-packages/airflow/example_dags/example_dataset_alias_with_no_taskflow.py
[2026-04-10T09:50:54.887+0900] {logging_mixin.py:190} INFO - [2026-04-10T09:50:54.887+0900] {dag.py:3211} INFO - Sync 4 DAGs
[2026-04-10T09:50:54.902+0900] {logging_mixin.py:190} INFO - [2026-04-10T09:50:54.902+0900] {dag.py:4138} INFO - Setting next_dagrun for dataset_alias_example_alias_consumer_with_no_taskflow to None, run_after=None
[2026-04-10T09:50:54.904+0900] {logging_mixin.py:190} INFO - [2026-04-10T09:50:54.904+0900] {dag.py:4138} INFO - Setting next_dagrun for dataset_alias_example_alias_producer_with_no_taskflow to None, run_after=None
[2026-04-10T09:50:54.906+0900] {logging_mixin.py:190} INFO - [2026-04-10T09:50:54.906+0900] {dag.py:4138} INFO - Setting next_dagrun for dataset_s3_bucket_consumer_with_no_taskflow to None, run_after=None
[2026-04-10T09:50:54.907+0900] {logging_mixin.py:190} INFO - [2026-04-10T09:50:54.907+0900] {dag.py:4138} INFO - Setting next_dagrun for dataset_s3_bucket_producer_with_no_taskflow to None, run_after=None
[2026-04-10T09:50:54.923+0900] {processor.py:208} INFO - Processing /home/airflow/.local/lib/python3.12/site-packages/airflow/example_dags/example_dataset_alias_with_no_taskflow.py took 0.291 seconds
[2026-04-10T09:51:25.664+0900] {processor.py:186} INFO - Started process (PID=151790) to work on /home/airflow/.local/lib/python3.12/site-packages/airflow/example_dags/example_dataset_alias_with_no_taskflow.py
[2026-04-10T09:51:25.665+0900] {processor.py:914} INFO - Processing file /home/airflow/.local/lib/python3.12/site-packages/airflow/example_dags/example_dataset_alias_with_no_taskflow.py for tasks to queue
[2026-04-10T09:51:25.667+0900] {logging_mixin.py:190} INFO - [2026-04-10T09:51:25.666+0900] {dagbag.py:587} INFO - Filling up the DagBag from /home/airflow/.local/lib/python3.12/site-packages/airflow/example_dags/example_dataset_alias_with_no_taskflow.py
[2026-04-10T09:51:25.901+0900] {processor.py:925} INFO - DAG(s) 'dataset_s3_bucket_producer_with_no_taskflow', 'dataset_s3_bucket_consumer_with_no_taskflow', 'dataset_alias_example_alias_consumer_with_no_taskflow', 'dataset_alias_example_alias_producer_with_no_taskflow' retrieved from /home/airflow/.local/lib/python3.12/site-packages/airflow/example_dags/example_dataset_alias_with_no_taskflow.py
[2026-04-10T09:51:25.917+0900] {logging_mixin.py:190} INFO - [2026-04-10T09:51:25.917+0900] {dag.py:3211} INFO - Sync 4 DAGs
[2026-04-10T09:51:25.931+0900] {logging_mixin.py:190} INFO - [2026-04-10T09:51:25.931+0900] {dag.py:4138} INFO - Setting next_dagrun for dataset_alias_example_alias_consumer_with_no_taskflow to None, run_after=None
[2026-04-10T09:51:25.933+0900] {logging_mixin.py:190} INFO - [2026-04-10T09:51:25.933+0900] {dag.py:4138} INFO - Setting next_dagrun for dataset_alias_example_alias_producer_with_no_taskflow to None, run_after=None
[2026-04-10T09:51:25.935+0900] {logging_mixin.py:190} INFO - [2026-04-10T09:51:25.934+0900] {dag.py:4138} INFO - Setting next_dagrun for dataset_s3_bucket_consumer_with_no_taskflow to None, run_after=None
[2026-04-10T09:51:25.936+0900] {logging_mixin.py:190} INFO - [2026-04-10T09:51:25.936+0900] {dag.py:4138} INFO - Setting next_dagrun for dataset_s3_bucket_producer_with_no_taskflow to None, run_after=None
[2026-04-10T09:51:25.949+0900] {processor.py:208} INFO - Processing /home/airflow/.local/lib/python3.12/site-packages/airflow/example_dags/example_dataset_alias_with_no_taskflow.py took 0.290 seconds
[2026-04-10T09:51:56.290+0900] {processor.py:186} INFO - Started process (PID=151853) to work on /home/airflow/.local/lib/python3.12/site-packages/airflow/example_dags/example_dataset_alias_with_no_taskflow.py
[2026-04-10T09:51:56.291+0900] {processor.py:914} INFO - Processing file /home/airflow/.local/lib/python3.12/site-packages/airflow/example_dags/example_dataset_alias_with_no_taskflow.py for tasks to queue
[2026-04-10T09:51:56.293+0900] {logging_mixin.py:190} INFO - [2026-04-10T09:51:56.293+0900] {dagbag.py:587} INFO - Filling up the DagBag from /home/airflow/.local/lib/python3.12/site-packages/airflow/example_dags/example_dataset_alias_with_no_taskflow.py
[2026-04-10T09:51:56.528+0900] {processor.py:925} INFO - DAG(s) 'dataset_alias_example_alias_producer_with_no_taskflow', 'dataset_s3_bucket_consumer_with_no_taskflow', 'dataset_s3_bucket_producer_with_no_taskflow', 'dataset_alias_example_alias_consumer_with_no_taskflow' retrieved from /home/airflow/.local/lib/python3.12/site-packages/airflow/example_dags/example_dataset_alias_with_no_taskflow.py
[2026-04-10T09:51:56.542+0900] {logging_mixin.py:190} INFO - [2026-04-10T09:51:56.542+0900] {dag.py:3211} INFO - Sync 4 DAGs
[2026-04-10T09:51:56.557+0900] {logging_mixin.py:190} INFO - [2026-04-10T09:51:56.557+0900] {dag.py:4138} INFO - Setting next_dagrun for dataset_alias_example_alias_consumer_with_no_taskflow to None, run_after=None
[2026-04-10T09:51:56.560+0900] {logging_mixin.py:190} INFO - [2026-04-10T09:51:56.559+0900] {dag.py:4138} INFO - Setting next_dagrun for dataset_alias_example_alias_producer_with_no_taskflow to None, run_after=None
[2026-04-10T09:51:56.561+0900] {logging_mixin.py:190} INFO - [2026-04-10T09:51:56.561+0900] {dag.py:4138} INFO - Setting next_dagrun for dataset_s3_bucket_consumer_with_no_taskflow to None, run_after=None
[2026-04-10T09:51:56.562+0900] {logging_mixin.py:190} INFO - [2026-04-10T09:51:56.562+0900] {dag.py:4138} INFO - Setting next_dagrun for dataset_s3_bucket_producer_with_no_taskflow to None, run_after=None
[2026-04-10T09:51:56.576+0900] {processor.py:208} INFO - Processing /home/airflow/.local/lib/python3.12/site-packages/airflow/example_dags/example_dataset_alias_with_no_taskflow.py took 0.291 seconds
[2026-04-10T09:52:26.671+0900] {processor.py:186} INFO - Started process (PID=151917) to work on /home/airflow/.local/lib/python3.12/site-packages/airflow/example_dags/example_dataset_alias_with_no_taskflow.py
[2026-04-10T09:52:26.672+0900] {processor.py:914} INFO - Processing file /home/airflow/.local/lib/python3.12/site-packages/airflow/example_dags/example_dataset_alias_with_no_taskflow.py for tasks to queue
[2026-04-10T09:52:26.674+0900] {logging_mixin.py:190} INFO - [2026-04-10T09:52:26.674+0900] {dagbag.py:587} INFO - Filling up the DagBag from /home/airflow/.local/lib/python3.12/site-packages/airflow/example_dags/example_dataset_alias_with_no_taskflow.py
[2026-04-10T09:52:26.925+0900] {processor.py:925} INFO - DAG(s) 'dataset_s3_bucket_producer_with_no_taskflow', 'dataset_alias_example_alias_producer_with_no_taskflow', 'dataset_alias_example_alias_consumer_with_no_taskflow', 'dataset_s3_bucket_consumer_with_no_taskflow' retrieved from /home/airflow/.local/lib/python3.12/site-packages/airflow/example_dags/example_dataset_alias_with_no_taskflow.py
[2026-04-10T09:52:26.940+0900] {logging_mixin.py:190} INFO - [2026-04-10T09:52:26.940+0900] {dag.py:3211} INFO - Sync 4 DAGs
[2026-04-10T09:52:26.953+0900] {logging_mixin.py:190} INFO - [2026-04-10T09:52:26.953+0900] {dag.py:4138} INFO - Setting next_dagrun for dataset_alias_example_alias_consumer_with_no_taskflow to None, run_after=None
[2026-04-10T09:52:26.955+0900] {logging_mixin.py:190} INFO - [2026-04-10T09:52:26.955+0900] {dag.py:4138} INFO - Setting next_dagrun for dataset_alias_example_alias_producer_with_no_taskflow to None, run_after=None
[2026-04-10T09:52:26.956+0900] {logging_mixin.py:190} INFO - [2026-04-10T09:52:26.956+0900] {dag.py:4138} INFO - Setting next_dagrun for dataset_s3_bucket_consumer_with_no_taskflow to None, run_after=None
[2026-04-10T09:52:26.957+0900] {logging_mixin.py:190} INFO - [2026-04-10T09:52:26.957+0900] {dag.py:4138} INFO - Setting next_dagrun for dataset_s3_bucket_producer_with_no_taskflow to None, run_after=None
[2026-04-10T09:52:26.970+0900] {processor.py:208} INFO - Processing /home/airflow/.local/lib/python3.12/site-packages/airflow/example_dags/example_dataset_alias_with_no_taskflow.py took 0.305 seconds
[2026-04-10T09:52:57.069+0900] {processor.py:186} INFO - Started process (PID=151980) to work on /home/airflow/.local/lib/python3.12/site-packages/airflow/example_dags/example_dataset_alias_with_no_taskflow.py
[2026-04-10T09:52:57.070+0900] {processor.py:914} INFO - Processing file /home/airflow/.local/lib/python3.12/site-packages/airflow/example_dags/example_dataset_alias_with_no_taskflow.py for tasks to queue
[2026-04-10T09:52:57.072+0900] {logging_mixin.py:190} INFO - [2026-04-10T09:52:57.072+0900] {dagbag.py:587} INFO - Filling up the DagBag from /home/airflow/.local/lib/python3.12/site-packages/airflow/example_dags/example_dataset_alias_with_no_taskflow.py
[2026-04-10T09:52:57.290+0900] {processor.py:925} INFO - DAG(s) 'dataset_alias_example_alias_consumer_with_no_taskflow', 'dataset_s3_bucket_consumer_with_no_taskflow', 'dataset_alias_example_alias_producer_with_no_taskflow', 'dataset_s3_bucket_producer_with_no_taskflow' retrieved from /home/airflow/.local/lib/python3.12/site-packages/airflow/example_dags/example_dataset_alias_with_no_taskflow.py
[2026-04-10T09:52:57.302+0900] {logging_mixin.py:190} INFO - [2026-04-10T09:52:57.302+0900] {dag.py:3211} INFO - Sync 4 DAGs
[2026-04-10T09:52:57.316+0900] {logging_mixin.py:190} INFO - [2026-04-10T09:52:57.315+0900] {dag.py:4138} INFO - Setting next_dagrun for dataset_alias_example_alias_consumer_with_no_taskflow to None, run_after=None
[2026-04-10T09:52:57.317+0900] {logging_mixin.py:190} INFO - [2026-04-10T09:52:57.317+0900] {dag.py:4138} INFO - Setting next_dagrun for dataset_alias_example_alias_producer_with_no_taskflow to None, run_after=None
[2026-04-10T09:52:57.319+0900] {logging_mixin.py:190} INFO - [2026-04-10T09:52:57.319+0900] {dag.py:4138} INFO - Setting next_dagrun for dataset_s3_bucket_consumer_with_no_taskflow to None, run_after=None
[2026-04-10T09:52:57.322+0900] {logging_mixin.py:190} INFO - [2026-04-10T09:52:57.322+0900] {dag.py:4138} INFO - Setting next_dagrun for dataset_s3_bucket_producer_with_no_taskflow to None, run_after=None
[2026-04-10T09:52:57.343+0900] {processor.py:208} INFO - Processing /home/airflow/.local/lib/python3.12/site-packages/airflow/example_dags/example_dataset_alias_with_no_taskflow.py took 0.279 seconds
[2026-04-10T09:53:27.938+0900] {processor.py:186} INFO - Started process (PID=152043) to work on /home/airflow/.local/lib/python3.12/site-packages/airflow/example_dags/example_dataset_alias_with_no_taskflow.py
[2026-04-10T09:53:27.939+0900] {processor.py:914} INFO - Processing file /home/airflow/.local/lib/python3.12/site-packages/airflow/example_dags/example_dataset_alias_with_no_taskflow.py for tasks to queue
[2026-04-10T09:53:27.941+0900] {logging_mixin.py:190} INFO - [2026-04-10T09:53:27.941+0900] {dagbag.py:587} INFO - Filling up the DagBag from /home/airflow/.local/lib/python3.12/site-packages/airflow/example_dags/example_dataset_alias_with_no_taskflow.py
[2026-04-10T09:53:28.166+0900] {processor.py:925} INFO - DAG(s) 'dataset_s3_bucket_producer_with_no_taskflow', 'dataset_alias_example_alias_consumer_with_no_taskflow', 'dataset_s3_bucket_consumer_with_no_taskflow', 'dataset_alias_example_alias_producer_with_no_taskflow' retrieved from /home/airflow/.local/lib/python3.12/site-packages/airflow/example_dags/example_dataset_alias_with_no_taskflow.py
[2026-04-10T09:53:28.180+0900] {logging_mixin.py:190} INFO - [2026-04-10T09:53:28.180+0900] {dag.py:3211} INFO - Sync 4 DAGs
[2026-04-10T09:53:28.194+0900] {logging_mixin.py:190} INFO - [2026-04-10T09:53:28.194+0900] {dag.py:4138} INFO - Setting next_dagrun for dataset_alias_example_alias_consumer_with_no_taskflow to None, run_after=None
[2026-04-10T09:53:28.196+0900] {logging_mixin.py:190} INFO - [2026-04-10T09:53:28.196+0900] {dag.py:4138} INFO - Setting next_dagrun for dataset_alias_example_alias_producer_with_no_taskflow to None, run_after=None
[2026-04-10T09:53:28.198+0900] {logging_mixin.py:190} INFO - [2026-04-10T09:53:28.198+0900] {dag.py:4138} INFO - Setting next_dagrun for dataset_s3_bucket_consumer_with_no_taskflow to None, run_after=None
[2026-04-10T09:53:28.199+0900] {logging_mixin.py:190} INFO - [2026-04-10T09:53:28.199+0900] {dag.py:4138} INFO - Setting next_dagrun for dataset_s3_bucket_producer_with_no_taskflow to None, run_after=None
[2026-04-10T09:53:28.211+0900] {processor.py:208} INFO - Processing /home/airflow/.local/lib/python3.12/site-packages/airflow/example_dags/example_dataset_alias_with_no_taskflow.py took 0.278 seconds
[2026-04-10T09:53:58.400+0900] {processor.py:186} INFO - Started process (PID=152106) to work on /home/airflow/.local/lib/python3.12/site-packages/airflow/example_dags/example_dataset_alias_with_no_taskflow.py
[2026-04-10T09:53:58.401+0900] {processor.py:914} INFO - Processing file /home/airflow/.local/lib/python3.12/site-packages/airflow/example_dags/example_dataset_alias_with_no_taskflow.py for tasks to queue
[2026-04-10T09:53:58.403+0900] {logging_mixin.py:190} INFO - [2026-04-10T09:53:58.403+0900] {dagbag.py:587} INFO - Filling up the DagBag from /home/airflow/.local/lib/python3.12/site-packages/airflow/example_dags/example_dataset_alias_with_no_taskflow.py
[2026-04-10T09:53:58.629+0900] {processor.py:925} INFO - DAG(s) 'dataset_s3_bucket_consumer_with_no_taskflow', 'dataset_s3_bucket_producer_with_no_taskflow', 'dataset_alias_example_alias_consumer_with_no_taskflow', 'dataset_alias_example_alias_producer_with_no_taskflow' retrieved from /home/airflow/.local/lib/python3.12/site-packages/airflow/example_dags/example_dataset_alias_with_no_taskflow.py
[2026-04-10T09:53:58.642+0900] {logging_mixin.py:190} INFO - [2026-04-10T09:53:58.641+0900] {dag.py:3211} INFO - Sync 4 DAGs
[2026-04-10T09:53:58.655+0900] {logging_mixin.py:190} INFO - [2026-04-10T09:53:58.655+0900] {dag.py:4138} INFO - Setting next_dagrun for dataset_alias_example_alias_consumer_with_no_taskflow to None, run_after=None
[2026-04-10T09:53:58.657+0900] {logging_mixin.py:190} INFO - [2026-04-10T09:53:58.657+0900] {dag.py:4138} INFO - Setting next_dagrun for dataset_alias_example_alias_producer_with_no_taskflow to None, run_after=None
[2026-04-10T09:53:58.659+0900] {logging_mixin.py:190} INFO - [2026-04-10T09:53:58.658+0900] {dag.py:4138} INFO - Setting next_dagrun for dataset_s3_bucket_consumer_with_no_taskflow to None, run_after=None
[2026-04-10T09:53:58.660+0900] {logging_mixin.py:190} INFO - [2026-04-10T09:53:58.659+0900] {dag.py:4138} INFO - Setting next_dagrun for dataset_s3_bucket_producer_with_no_taskflow to None, run_after=None
[2026-04-10T09:53:58.677+0900] {processor.py:208} INFO - Processing /home/airflow/.local/lib/python3.12/site-packages/airflow/example_dags/example_dataset_alias_with_no_taskflow.py took 0.282 seconds
[2026-04-10T09:54:29.597+0900] {processor.py:186} INFO - Started process (PID=152169) to work on /home/airflow/.local/lib/python3.12/site-packages/airflow/example_dags/example_dataset_alias_with_no_taskflow.py
[2026-04-10T09:54:29.598+0900] {processor.py:914} INFO - Processing file /home/airflow/.local/lib/python3.12/site-packages/airflow/example_dags/example_dataset_alias_with_no_taskflow.py for tasks to queue
[2026-04-10T09:54:29.600+0900] {logging_mixin.py:190} INFO - [2026-04-10T09:54:29.599+0900] {dagbag.py:587} INFO - Filling up the DagBag from /home/airflow/.local/lib/python3.12/site-packages/airflow/example_dags/example_dataset_alias_with_no_taskflow.py
[2026-04-10T09:54:29.824+0900] {processor.py:925} INFO - DAG(s) 'dataset_alias_example_alias_producer_with_no_taskflow', 'dataset_alias_example_alias_consumer_with_no_taskflow', 'dataset_s3_bucket_producer_with_no_taskflow', 'dataset_s3_bucket_consumer_with_no_taskflow' retrieved from /home/airflow/.local/lib/python3.12/site-packages/airflow/example_dags/example_dataset_alias_with_no_taskflow.py
[2026-04-10T09:54:29.835+0900] {logging_mixin.py:190} INFO - [2026-04-10T09:54:29.835+0900] {dag.py:3211} INFO - Sync 4 DAGs
[2026-04-10T09:54:29.848+0900] {logging_mixin.py:190} INFO - [2026-04-10T09:54:29.848+0900] {dag.py:4138} INFO - Setting next_dagrun for dataset_alias_example_alias_consumer_with_no_taskflow to None, run_after=None
[2026-04-10T09:54:29.850+0900] {logging_mixin.py:190} INFO - [2026-04-10T09:54:29.850+0900] {dag.py:4138} INFO - Setting next_dagrun for dataset_alias_example_alias_producer_with_no_taskflow to None, run_after=None
[2026-04-10T09:54:29.851+0900] {logging_mixin.py:190} INFO - [2026-04-10T09:54:29.851+0900] {dag.py:4138} INFO - Setting next_dagrun for dataset_s3_bucket_consumer_with_no_taskflow to None, run_after=None
[2026-04-10T09:54:29.852+0900] {logging_mixin.py:190} INFO - [2026-04-10T09:54:29.852+0900] {dag.py:4138} INFO - Setting next_dagrun for dataset_s3_bucket_producer_with_no_taskflow to None, run_after=None
[2026-04-10T09:54:29.866+0900] {processor.py:208} INFO - Processing /home/airflow/.local/lib/python3.12/site-packages/airflow/example_dags/example_dataset_alias_with_no_taskflow.py took 0.274 seconds
[2026-04-10T09:55:00.112+0900] {processor.py:186} INFO - Started process (PID=152232) to work on /home/airflow/.local/lib/python3.12/site-packages/airflow/example_dags/example_dataset_alias_with_no_taskflow.py
[2026-04-10T09:55:00.114+0900] {processor.py:914} INFO - Processing file /home/airflow/.local/lib/python3.12/site-packages/airflow/example_dags/example_dataset_alias_with_no_taskflow.py for tasks to queue
[2026-04-10T09:55:00.117+0900] {logging_mixin.py:190} INFO - [2026-04-10T09:55:00.117+0900] {dagbag.py:587} INFO - Filling up the DagBag from /home/airflow/.local/lib/python3.12/site-packages/airflow/example_dags/example_dataset_alias_with_no_taskflow.py
[2026-04-10T09:55:00.343+0900] {processor.py:925} INFO - DAG(s) 'dataset_s3_bucket_producer_with_no_taskflow', 'dataset_s3_bucket_consumer_with_no_taskflow', 'dataset_alias_example_alias_consumer_with_no_taskflow', 'dataset_alias_example_alias_producer_with_no_taskflow' retrieved from /home/airflow/.local/lib/python3.12/site-packages/airflow/example_dags/example_dataset_alias_with_no_taskflow.py
[2026-04-10T09:55:00.357+0900] {logging_mixin.py:190} INFO - [2026-04-10T09:55:00.356+0900] {dag.py:3211} INFO - Sync 4 DAGs
[2026-04-10T09:55:00.370+0900] {logging_mixin.py:190} INFO - [2026-04-10T09:55:00.369+0900] {dag.py:4138} INFO - Setting next_dagrun for dataset_alias_example_alias_consumer_with_no_taskflow to None, run_after=None
[2026-04-10T09:55:00.372+0900] {logging_mixin.py:190} INFO - [2026-04-10T09:55:00.372+0900] {dag.py:4138} INFO - Setting next_dagrun for dataset_alias_example_alias_producer_with_no_taskflow to None, run_after=None
[2026-04-10T09:55:00.373+0900] {logging_mixin.py:190} INFO - [2026-04-10T09:55:00.373+0900] {dag.py:4138} INFO - Setting next_dagrun for dataset_s3_bucket_consumer_with_no_taskflow to None, run_after=None
[2026-04-10T09:55:00.374+0900] {logging_mixin.py:190} INFO - [2026-04-10T09:55:00.374+0900] {dag.py:4138} INFO - Setting next_dagrun for dataset_s3_bucket_producer_with_no_taskflow to None, run_after=None
[2026-04-10T09:55:00.387+0900] {processor.py:208} INFO - Processing /home/airflow/.local/lib/python3.12/site-packages/airflow/example_dags/example_dataset_alias_with_no_taskflow.py took 0.281 seconds
[2026-04-10T09:55:30.933+0900] {processor.py:186} INFO - Started process (PID=152295) to work on /home/airflow/.local/lib/python3.12/site-packages/airflow/example_dags/example_dataset_alias_with_no_taskflow.py
[2026-04-10T09:55:30.934+0900] {processor.py:914} INFO - Processing file /home/airflow/.local/lib/python3.12/site-packages/airflow/example_dags/example_dataset_alias_with_no_taskflow.py for tasks to queue
[2026-04-10T09:55:30.937+0900] {logging_mixin.py:190} INFO - [2026-04-10T09:55:30.937+0900] {dagbag.py:587} INFO - Filling up the DagBag from /home/airflow/.local/lib/python3.12/site-packages/airflow/example_dags/example_dataset_alias_with_no_taskflow.py
[2026-04-10T09:55:31.187+0900] {processor.py:925} INFO - DAG(s) 'dataset_alias_example_alias_producer_with_no_taskflow', 'dataset_s3_bucket_producer_with_no_taskflow', 'dataset_alias_example_alias_consumer_with_no_taskflow', 'dataset_s3_bucket_consumer_with_no_taskflow' retrieved from /home/airflow/.local/lib/python3.12/site-packages/airflow/example_dags/example_dataset_alias_with_no_taskflow.py
[2026-04-10T09:55:31.201+0900] {logging_mixin.py:190} INFO - [2026-04-10T09:55:31.201+0900] {dag.py:3211} INFO - Sync 4 DAGs
[2026-04-10T09:55:31.216+0900] {logging_mixin.py:190} INFO - [2026-04-10T09:55:31.215+0900] {dag.py:4138} INFO - Setting next_dagrun for dataset_alias_example_alias_consumer_with_no_taskflow to None, run_after=None
[2026-04-10T09:55:31.218+0900] {logging_mixin.py:190} INFO - [2026-04-10T09:55:31.218+0900] {dag.py:4138} INFO - Setting next_dagrun for dataset_alias_example_alias_producer_with_no_taskflow to None, run_after=None
[2026-04-10T09:55:31.219+0900] {logging_mixin.py:190} INFO - [2026-04-10T09:55:31.219+0900] {dag.py:4138} INFO - Setting next_dagrun for dataset_s3_bucket_consumer_with_no_taskflow to None, run_after=None
[2026-04-10T09:55:31.220+0900] {logging_mixin.py:190} INFO - [2026-04-10T09:55:31.220+0900] {dag.py:4138} INFO - Setting next_dagrun for dataset_s3_bucket_producer_with_no_taskflow to None, run_after=None
[2026-04-10T09:55:31.240+0900] {processor.py:208} INFO - Processing /home/airflow/.local/lib/python3.12/site-packages/airflow/example_dags/example_dataset_alias_with_no_taskflow.py took 0.315 seconds
[2026-04-10T09:56:01.553+0900] {processor.py:186} INFO - Started process (PID=152358) to work on /home/airflow/.local/lib/python3.12/site-packages/airflow/example_dags/example_dataset_alias_with_no_taskflow.py
[2026-04-10T09:56:01.555+0900] {processor.py:914} INFO - Processing file /home/airflow/.local/lib/python3.12/site-packages/airflow/example_dags/example_dataset_alias_with_no_taskflow.py for tasks to queue
[2026-04-10T09:56:01.558+0900] {logging_mixin.py:190} INFO - [2026-04-10T09:56:01.557+0900] {dagbag.py:587} INFO - Filling up the DagBag from /home/airflow/.local/lib/python3.12/site-packages/airflow/example_dags/example_dataset_alias_with_no_taskflow.py
[2026-04-10T09:56:01.812+0900] {processor.py:925} INFO - DAG(s) 'dataset_alias_example_alias_producer_with_no_taskflow', 'dataset_s3_bucket_consumer_with_no_taskflow', 'dataset_alias_example_alias_consumer_with_no_taskflow', 'dataset_s3_bucket_producer_with_no_taskflow' retrieved from /home/airflow/.local/lib/python3.12/site-packages/airflow/example_dags/example_dataset_alias_with_no_taskflow.py
[2026-04-10T09:56:01.828+0900] {logging_mixin.py:190} INFO - [2026-04-10T09:56:01.828+0900] {dag.py:3211} INFO - Sync 4 DAGs
[2026-04-10T09:56:01.847+0900] {logging_mixin.py:190} INFO - [2026-04-10T09:56:01.847+0900] {dag.py:4138} INFO - Setting next_dagrun for dataset_alias_example_alias_consumer_with_no_taskflow to None, run_after=None
[2026-04-10T09:56:01.850+0900] {logging_mixin.py:190} INFO - [2026-04-10T09:56:01.850+0900] {dag.py:4138} INFO - Setting next_dagrun for dataset_alias_example_alias_producer_with_no_taskflow to None, run_after=None
[2026-04-10T09:56:01.851+0900] {logging_mixin.py:190} INFO - [2026-04-10T09:56:01.851+0900] {dag.py:4138} INFO - Setting next_dagrun for dataset_s3_bucket_consumer_with_no_taskflow to None, run_after=None
[2026-04-10T09:56:01.852+0900] {logging_mixin.py:190} INFO - [2026-04-10T09:56:01.852+0900] {dag.py:4138} INFO - Setting next_dagrun for dataset_s3_bucket_producer_with_no_taskflow to None, run_after=None
[2026-04-10T09:56:01.869+0900] {processor.py:208} INFO - Processing /home/airflow/.local/lib/python3.12/site-packages/airflow/example_dags/example_dataset_alias_with_no_taskflow.py took 0.321 seconds
[2026-04-10T09:56:32.131+0900] {processor.py:186} INFO - Started process (PID=152421) to work on /home/airflow/.local/lib/python3.12/site-packages/airflow/example_dags/example_dataset_alias_with_no_taskflow.py
[2026-04-10T09:56:32.132+0900] {processor.py:914} INFO - Processing file /home/airflow/.local/lib/python3.12/site-packages/airflow/example_dags/example_dataset_alias_with_no_taskflow.py for tasks to queue
[2026-04-10T09:56:32.134+0900] {logging_mixin.py:190} INFO - [2026-04-10T09:56:32.134+0900] {dagbag.py:587} INFO - Filling up the DagBag from /home/airflow/.local/lib/python3.12/site-packages/airflow/example_dags/example_dataset_alias_with_no_taskflow.py
[2026-04-10T09:56:32.367+0900] {processor.py:925} INFO - DAG(s) 'dataset_alias_example_alias_producer_with_no_taskflow', 'dataset_s3_bucket_consumer_with_no_taskflow', 'dataset_s3_bucket_producer_with_no_taskflow', 'dataset_alias_example_alias_consumer_with_no_taskflow' retrieved from /home/airflow/.local/lib/python3.12/site-packages/airflow/example_dags/example_dataset_alias_with_no_taskflow.py
[2026-04-10T09:56:32.381+0900] {logging_mixin.py:190} INFO - [2026-04-10T09:56:32.381+0900] {dag.py:3211} INFO - Sync 4 DAGs
[2026-04-10T09:56:32.395+0900] {logging_mixin.py:190} INFO - [2026-04-10T09:56:32.394+0900] {dag.py:4138} INFO - Setting next_dagrun for dataset_alias_example_alias_consumer_with_no_taskflow to None, run_after=None
[2026-04-10T09:56:32.397+0900] {logging_mixin.py:190} INFO - [2026-04-10T09:56:32.397+0900] {dag.py:4138} INFO - Setting next_dagrun for dataset_alias_example_alias_producer_with_no_taskflow to None, run_after=None
[2026-04-10T09:56:32.398+0900] {logging_mixin.py:190} INFO - [2026-04-10T09:56:32.398+0900] {dag.py:4138} INFO - Setting next_dagrun for dataset_s3_bucket_consumer_with_no_taskflow to None, run_after=None
[2026-04-10T09:56:32.399+0900] {logging_mixin.py:190} INFO - [2026-04-10T09:56:32.399+0900] {dag.py:4138} INFO - Setting next_dagrun for dataset_s3_bucket_producer_with_no_taskflow to None, run_after=None
[2026-04-10T09:56:32.415+0900] {processor.py:208} INFO - Processing /home/airflow/.local/lib/python3.12/site-packages/airflow/example_dags/example_dataset_alias_with_no_taskflow.py took 0.288 seconds
[2026-04-10T09:57:02.824+0900] {processor.py:186} INFO - Started process (PID=152483) to work on /home/airflow/.local/lib/python3.12/site-packages/airflow/example_dags/example_dataset_alias_with_no_taskflow.py
[2026-04-10T09:57:02.825+0900] {processor.py:914} INFO - Processing file /home/airflow/.local/lib/python3.12/site-packages/airflow/example_dags/example_dataset_alias_with_no_taskflow.py for tasks to queue
[2026-04-10T09:57:02.827+0900] {logging_mixin.py:190} INFO - [2026-04-10T09:57:02.827+0900] {dagbag.py:587} INFO - Filling up the DagBag from /home/airflow/.local/lib/python3.12/site-packages/airflow/example_dags/example_dataset_alias_with_no_taskflow.py
[2026-04-10T09:57:03.088+0900] {processor.py:925} INFO - DAG(s) 'dataset_s3_bucket_consumer_with_no_taskflow', 'dataset_alias_example_alias_producer_with_no_taskflow', 'dataset_alias_example_alias_consumer_with_no_taskflow', 'dataset_s3_bucket_producer_with_no_taskflow' retrieved from /home/airflow/.local/lib/python3.12/site-packages/airflow/example_dags/example_dataset_alias_with_no_taskflow.py
[2026-04-10T09:57:03.102+0900] {logging_mixin.py:190} INFO - [2026-04-10T09:57:03.101+0900] {dag.py:3211} INFO - Sync 4 DAGs
[2026-04-10T09:57:03.116+0900] {logging_mixin.py:190} INFO - [2026-04-10T09:57:03.116+0900] {dag.py:4138} INFO - Setting next_dagrun for dataset_alias_example_alias_consumer_with_no_taskflow to None, run_after=None
[2026-04-10T09:57:03.119+0900] {logging_mixin.py:190} INFO - [2026-04-10T09:57:03.118+0900] {dag.py:4138} INFO - Setting next_dagrun for dataset_alias_example_alias_producer_with_no_taskflow to None, run_after=None
[2026-04-10T09:57:03.120+0900] {logging_mixin.py:190} INFO - [2026-04-10T09:57:03.120+0900] {dag.py:4138} INFO - Setting next_dagrun for dataset_s3_bucket_consumer_with_no_taskflow to None, run_after=None
[2026-04-10T09:57:03.121+0900] {logging_mixin.py:190} INFO - [2026-04-10T09:57:03.121+0900] {dag.py:4138} INFO - Setting next_dagrun for dataset_s3_bucket_producer_with_no_taskflow to None, run_after=None
[2026-04-10T09:57:03.135+0900] {processor.py:208} INFO - Processing /home/airflow/.local/lib/python3.12/site-packages/airflow/example_dags/example_dataset_alias_with_no_taskflow.py took 0.316 seconds
[2026-04-10T09:57:33.556+0900] {processor.py:186} INFO - Started process (PID=152546) to work on /home/airflow/.local/lib/python3.12/site-packages/airflow/example_dags/example_dataset_alias_with_no_taskflow.py
[2026-04-10T09:57:33.557+0900] {processor.py:914} INFO - Processing file /home/airflow/.local/lib/python3.12/site-packages/airflow/example_dags/example_dataset_alias_with_no_taskflow.py for tasks to queue
[2026-04-10T09:57:33.560+0900] {logging_mixin.py:190} INFO - [2026-04-10T09:57:33.560+0900] {dagbag.py:587} INFO - Filling up the DagBag from /home/airflow/.local/lib/python3.12/site-packages/airflow/example_dags/example_dataset_alias_with_no_taskflow.py
[2026-04-10T09:57:33.805+0900] {processor.py:925} INFO - DAG(s) 'dataset_s3_bucket_consumer_with_no_taskflow', 'dataset_s3_bucket_producer_with_no_taskflow', 'dataset_alias_example_alias_consumer_with_no_taskflow', 'dataset_alias_example_alias_producer_with_no_taskflow' retrieved from /home/airflow/.local/lib/python3.12/site-packages/airflow/example_dags/example_dataset_alias_with_no_taskflow.py
[2026-04-10T09:57:33.819+0900] {logging_mixin.py:190} INFO - [2026-04-10T09:57:33.819+0900] {dag.py:3211} INFO - Sync 4 DAGs
[2026-04-10T09:57:33.834+0900] {logging_mixin.py:190} INFO - [2026-04-10T09:57:33.834+0900] {dag.py:4138} INFO - Setting next_dagrun for dataset_alias_example_alias_consumer_with_no_taskflow to None, run_after=None
[2026-04-10T09:57:33.836+0900] {logging_mixin.py:190} INFO - [2026-04-10T09:57:33.836+0900] {dag.py:4138} INFO - Setting next_dagrun for dataset_alias_example_alias_producer_with_no_taskflow to None, run_after=None
[2026-04-10T09:57:33.838+0900] {logging_mixin.py:190} INFO - [2026-04-10T09:57:33.837+0900] {dag.py:4138} INFO - Setting next_dagrun for dataset_s3_bucket_consumer_with_no_taskflow to None, run_after=None
[2026-04-10T09:57:33.839+0900] {logging_mixin.py:190} INFO - [2026-04-10T09:57:33.839+0900] {dag.py:4138} INFO - Setting next_dagrun for dataset_s3_bucket_producer_with_no_taskflow to None, run_after=None
[2026-04-10T09:57:33.854+0900] {processor.py:208} INFO - Processing /home/airflow/.local/lib/python3.12/site-packages/airflow/example_dags/example_dataset_alias_with_no_taskflow.py took 0.303 seconds
[2026-04-10T09:58:04.867+0900] {processor.py:186} INFO - Started process (PID=152610) to work on /home/airflow/.local/lib/python3.12/site-packages/airflow/example_dags/example_dataset_alias_with_no_taskflow.py
[2026-04-10T09:58:04.868+0900] {processor.py:914} INFO - Processing file /home/airflow/.local/lib/python3.12/site-packages/airflow/example_dags/example_dataset_alias_with_no_taskflow.py for tasks to queue
[2026-04-10T09:58:04.870+0900] {logging_mixin.py:190} INFO - [2026-04-10T09:58:04.869+0900] {dagbag.py:587} INFO - Filling up the DagBag from /home/airflow/.local/lib/python3.12/site-packages/airflow/example_dags/example_dataset_alias_with_no_taskflow.py
[2026-04-10T09:58:04.971+0900] {processor.py:925} INFO - DAG(s) 'dataset_alias_example_alias_producer_with_no_taskflow', 'dataset_s3_bucket_producer_with_no_taskflow', 'dataset_alias_example_alias_consumer_with_no_taskflow', 'dataset_s3_bucket_consumer_with_no_taskflow' retrieved from /home/airflow/.local/lib/python3.12/site-packages/airflow/example_dags/example_dataset_alias_with_no_taskflow.py
[2026-04-10T09:58:04.984+0900] {logging_mixin.py:190} INFO - [2026-04-10T09:58:04.984+0900] {dag.py:3211} INFO - Sync 4 DAGs
[2026-04-10T09:58:04.999+0900] {logging_mixin.py:190} INFO - [2026-04-10T09:58:04.999+0900] {dag.py:4138} INFO - Setting next_dagrun for dataset_alias_example_alias_consumer_with_no_taskflow to None, run_after=None
[2026-04-10T09:58:05.002+0900] {logging_mixin.py:190} INFO - [2026-04-10T09:58:05.001+0900] {dag.py:4138} INFO - Setting next_dagrun for dataset_alias_example_alias_producer_with_no_taskflow to None, run_after=None
[2026-04-10T09:58:05.003+0900] {logging_mixin.py:190} INFO - [2026-04-10T09:58:05.003+0900] {dag.py:4138} INFO - Setting next_dagrun for dataset_s3_bucket_consumer_with_no_taskflow to None, run_after=None
[2026-04-10T09:58:05.004+0900] {logging_mixin.py:190} INFO - [2026-04-10T09:58:05.004+0900] {dag.py:4138} INFO - Setting next_dagrun for dataset_s3_bucket_producer_with_no_taskflow to None, run_after=None
[2026-04-10T09:58:05.019+0900] {processor.py:208} INFO - Processing /home/airflow/.local/lib/python3.12/site-packages/airflow/example_dags/example_dataset_alias_with_no_taskflow.py took 0.157 seconds
[2026-04-10T09:58:35.808+0900] {processor.py:186} INFO - Started process (PID=152673) to work on /home/airflow/.local/lib/python3.12/site-packages/airflow/example_dags/example_dataset_alias_with_no_taskflow.py
[2026-04-10T09:58:35.810+0900] {processor.py:914} INFO - Processing file /home/airflow/.local/lib/python3.12/site-packages/airflow/example_dags/example_dataset_alias_with_no_taskflow.py for tasks to queue
[2026-04-10T09:58:35.812+0900] {logging_mixin.py:190} INFO - [2026-04-10T09:58:35.811+0900] {dagbag.py:587} INFO - Filling up the DagBag from /home/airflow/.local/lib/python3.12/site-packages/airflow/example_dags/example_dataset_alias_with_no_taskflow.py
[2026-04-10T09:58:35.955+0900] {processor.py:925} INFO - DAG(s) 'dataset_alias_example_alias_producer_with_no_taskflow', 'dataset_alias_example_alias_consumer_with_no_taskflow', 'dataset_s3_bucket_producer_with_no_taskflow', 'dataset_s3_bucket_consumer_with_no_taskflow' retrieved from /home/airflow/.local/lib/python3.12/site-packages/airflow/example_dags/example_dataset_alias_with_no_taskflow.py
[2026-04-10T09:58:35.972+0900] {logging_mixin.py:190} INFO - [2026-04-10T09:58:35.972+0900] {dag.py:3211} INFO - Sync 4 DAGs
[2026-04-10T09:58:35.989+0900] {logging_mixin.py:190} INFO - [2026-04-10T09:58:35.989+0900] {dag.py:4138} INFO - Setting next_dagrun for dataset_alias_example_alias_consumer_with_no_taskflow to None, run_after=None
[2026-04-10T09:58:35.992+0900] {logging_mixin.py:190} INFO - [2026-04-10T09:58:35.991+0900] {dag.py:4138} INFO - Setting next_dagrun for dataset_alias_example_alias_producer_with_no_taskflow to None, run_after=None
[2026-04-10T09:58:35.994+0900] {logging_mixin.py:190} INFO - [2026-04-10T09:58:35.994+0900] {dag.py:4138} INFO - Setting next_dagrun for dataset_s3_bucket_consumer_with_no_taskflow to None, run_after=None
[2026-04-10T09:58:35.995+0900] {logging_mixin.py:190} INFO - [2026-04-10T09:58:35.995+0900] {dag.py:4138} INFO - Setting next_dagrun for dataset_s3_bucket_producer_with_no_taskflow to None, run_after=None
[2026-04-10T09:58:36.010+0900] {processor.py:208} INFO - Processing /home/airflow/.local/lib/python3.12/site-packages/airflow/example_dags/example_dataset_alias_with_no_taskflow.py took 0.206 seconds
[2026-04-10T09:59:06.607+0900] {processor.py:186} INFO - Started process (PID=152736) to work on /home/airflow/.local/lib/python3.12/site-packages/airflow/example_dags/example_dataset_alias_with_no_taskflow.py
[2026-04-10T09:59:06.608+0900] {processor.py:914} INFO - Processing file /home/airflow/.local/lib/python3.12/site-packages/airflow/example_dags/example_dataset_alias_with_no_taskflow.py for tasks to queue
[2026-04-10T09:59:06.610+0900] {logging_mixin.py:190} INFO - [2026-04-10T09:59:06.609+0900] {dagbag.py:587} INFO - Filling up the DagBag from /home/airflow/.local/lib/python3.12/site-packages/airflow/example_dags/example_dataset_alias_with_no_taskflow.py
[2026-04-10T09:59:06.730+0900] {processor.py:925} INFO - DAG(s) 'dataset_s3_bucket_producer_with_no_taskflow', 'dataset_s3_bucket_consumer_with_no_taskflow', 'dataset_alias_example_alias_consumer_with_no_taskflow', 'dataset_alias_example_alias_producer_with_no_taskflow' retrieved from /home/airflow/.local/lib/python3.12/site-packages/airflow/example_dags/example_dataset_alias_with_no_taskflow.py
[2026-04-10T09:59:06.745+0900] {logging_mixin.py:190} INFO - [2026-04-10T09:59:06.745+0900] {dag.py:3211} INFO - Sync 4 DAGs
[2026-04-10T09:59:06.762+0900] {logging_mixin.py:190} INFO - [2026-04-10T09:59:06.762+0900] {dag.py:4138} INFO - Setting next_dagrun for dataset_alias_example_alias_consumer_with_no_taskflow to None, run_after=None
[2026-04-10T09:59:06.764+0900] {logging_mixin.py:190} INFO - [2026-04-10T09:59:06.764+0900] {dag.py:4138} INFO - Setting next_dagrun for dataset_alias_example_alias_producer_with_no_taskflow to None, run_after=None
[2026-04-10T09:59:06.766+0900] {logging_mixin.py:190} INFO - [2026-04-10T09:59:06.766+0900] {dag.py:4138} INFO - Setting next_dagrun for dataset_s3_bucket_consumer_with_no_taskflow to None, run_after=None
[2026-04-10T09:59:06.767+0900] {logging_mixin.py:190} INFO - [2026-04-10T09:59:06.767+0900] {dag.py:4138} INFO - Setting next_dagrun for dataset_s3_bucket_producer_with_no_taskflow to None, run_after=None
[2026-04-10T09:59:06.783+0900] {processor.py:208} INFO - Processing /home/airflow/.local/lib/python3.12/site-packages/airflow/example_dags/example_dataset_alias_with_no_taskflow.py took 0.181 seconds
[2026-04-10T09:59:37.390+0900] {processor.py:186} INFO - Started process (PID=152799) to work on /home/airflow/.local/lib/python3.12/site-packages/airflow/example_dags/example_dataset_alias_with_no_taskflow.py
[2026-04-10T09:59:37.391+0900] {processor.py:914} INFO - Processing file /home/airflow/.local/lib/python3.12/site-packages/airflow/example_dags/example_dataset_alias_with_no_taskflow.py for tasks to queue
[2026-04-10T09:59:37.393+0900] {logging_mixin.py:190} INFO - [2026-04-10T09:59:37.393+0900] {dagbag.py:587} INFO - Filling up the DagBag from /home/airflow/.local/lib/python3.12/site-packages/airflow/example_dags/example_dataset_alias_with_no_taskflow.py
[2026-04-10T09:59:37.504+0900] {processor.py:925} INFO - DAG(s) 'dataset_s3_bucket_producer_with_no_taskflow', 'dataset_s3_bucket_consumer_with_no_taskflow', 'dataset_alias_example_alias_consumer_with_no_taskflow', 'dataset_alias_example_alias_producer_with_no_taskflow' retrieved from /home/airflow/.local/lib/python3.12/site-packages/airflow/example_dags/example_dataset_alias_with_no_taskflow.py
[2026-04-10T09:59:37.518+0900] {logging_mixin.py:190} INFO - [2026-04-10T09:59:37.517+0900] {dag.py:3211} INFO - Sync 4 DAGs
[2026-04-10T09:59:37.532+0900] {logging_mixin.py:190} INFO - [2026-04-10T09:59:37.532+0900] {dag.py:4138} INFO - Setting next_dagrun for dataset_alias_example_alias_consumer_with_no_taskflow to None, run_after=None
[2026-04-10T09:59:37.534+0900] {logging_mixin.py:190} INFO - [2026-04-10T09:59:37.534+0900] {dag.py:4138} INFO - Setting next_dagrun for dataset_alias_example_alias_producer_with_no_taskflow to None, run_after=None
[2026-04-10T09:59:37.535+0900] {logging_mixin.py:190} INFO - [2026-04-10T09:59:37.535+0900] {dag.py:4138} INFO - Setting next_dagrun for dataset_s3_bucket_consumer_with_no_taskflow to None, run_after=None
[2026-04-10T09:59:37.536+0900] {logging_mixin.py:190} INFO - [2026-04-10T09:59:37.536+0900] {dag.py:4138} INFO - Setting next_dagrun for dataset_s3_bucket_producer_with_no_taskflow to None, run_after=None
[2026-04-10T09:59:37.554+0900] {processor.py:208} INFO - Processing /home/airflow/.local/lib/python3.12/site-packages/airflow/example_dags/example_dataset_alias_with_no_taskflow.py took 0.169 seconds
[2026-04-10T10:00:08.232+0900] {processor.py:186} INFO - Started process (PID=152868) to work on /home/airflow/.local/lib/python3.12/site-packages/airflow/example_dags/example_dataset_alias_with_no_taskflow.py
[2026-04-10T10:00:08.233+0900] {processor.py:914} INFO - Processing file /home/airflow/.local/lib/python3.12/site-packages/airflow/example_dags/example_dataset_alias_with_no_taskflow.py for tasks to queue
[2026-04-10T10:00:08.235+0900] {logging_mixin.py:190} INFO - [2026-04-10T10:00:08.234+0900] {dagbag.py:587} INFO - Filling up the DagBag from /home/airflow/.local/lib/python3.12/site-packages/airflow/example_dags/example_dataset_alias_with_no_taskflow.py
[2026-04-10T10:00:08.349+0900] {processor.py:925} INFO - DAG(s) 'dataset_alias_example_alias_producer_with_no_taskflow', 'dataset_s3_bucket_consumer_with_no_taskflow', 'dataset_s3_bucket_producer_with_no_taskflow', 'dataset_alias_example_alias_consumer_with_no_taskflow' retrieved from /home/airflow/.local/lib/python3.12/site-packages/airflow/example_dags/example_dataset_alias_with_no_taskflow.py
[2026-04-10T10:00:08.365+0900] {logging_mixin.py:190} INFO - [2026-04-10T10:00:08.365+0900] {dag.py:3211} INFO - Sync 4 DAGs
[2026-04-10T10:00:08.380+0900] {logging_mixin.py:190} INFO - [2026-04-10T10:00:08.380+0900] {dag.py:4138} INFO - Setting next_dagrun for dataset_alias_example_alias_consumer_with_no_taskflow to None, run_after=None
[2026-04-10T10:00:08.382+0900] {logging_mixin.py:190} INFO - [2026-04-10T10:00:08.382+0900] {dag.py:4138} INFO - Setting next_dagrun for dataset_alias_example_alias_producer_with_no_taskflow to None, run_after=None
[2026-04-10T10:00:08.383+0900] {logging_mixin.py:190} INFO - [2026-04-10T10:00:08.383+0900] {dag.py:4138} INFO - Setting next_dagrun for dataset_s3_bucket_consumer_with_no_taskflow to None, run_after=None
[2026-04-10T10:00:08.384+0900] {logging_mixin.py:190} INFO - [2026-04-10T10:00:08.384+0900] {dag.py:4138} INFO - Setting next_dagrun for dataset_s3_bucket_producer_with_no_taskflow to None, run_after=None
[2026-04-10T10:00:08.397+0900] {processor.py:208} INFO - Processing /home/airflow/.local/lib/python3.12/site-packages/airflow/example_dags/example_dataset_alias_with_no_taskflow.py took 0.170 seconds
[2026-04-10T10:00:38.462+0900] {processor.py:186} INFO - Started process (PID=152931) to work on /home/airflow/.local/lib/python3.12/site-packages/airflow/example_dags/example_dataset_alias_with_no_taskflow.py
[2026-04-10T10:00:38.463+0900] {processor.py:914} INFO - Processing file /home/airflow/.local/lib/python3.12/site-packages/airflow/example_dags/example_dataset_alias_with_no_taskflow.py for tasks to queue
[2026-04-10T10:00:38.465+0900] {logging_mixin.py:190} INFO - [2026-04-10T10:00:38.465+0900] {dagbag.py:587} INFO - Filling up the DagBag from /home/airflow/.local/lib/python3.12/site-packages/airflow/example_dags/example_dataset_alias_with_no_taskflow.py
[2026-04-10T10:00:38.567+0900] {processor.py:925} INFO - DAG(s) 'dataset_s3_bucket_producer_with_no_taskflow', 'dataset_alias_example_alias_consumer_with_no_taskflow', 'dataset_s3_bucket_consumer_with_no_taskflow', 'dataset_alias_example_alias_producer_with_no_taskflow' retrieved from /home/airflow/.local/lib/python3.12/site-packages/airflow/example_dags/example_dataset_alias_with_no_taskflow.py
[2026-04-10T10:00:38.580+0900] {logging_mixin.py:190} INFO - [2026-04-10T10:00:38.580+0900] {dag.py:3211} INFO - Sync 4 DAGs
[2026-04-10T10:00:38.596+0900] {logging_mixin.py:190} INFO - [2026-04-10T10:00:38.595+0900] {dag.py:4138} INFO - Setting next_dagrun for dataset_alias_example_alias_consumer_with_no_taskflow to None, run_after=None
[2026-04-10T10:00:38.598+0900] {logging_mixin.py:190} INFO - [2026-04-10T10:00:38.598+0900] {dag.py:4138} INFO - Setting next_dagrun for dataset_alias_example_alias_producer_with_no_taskflow to None, run_after=None
[2026-04-10T10:00:38.599+0900] {logging_mixin.py:190} INFO - [2026-04-10T10:00:38.599+0900] {dag.py:4138} INFO - Setting next_dagrun for dataset_s3_bucket_consumer_with_no_taskflow to None, run_after=None
[2026-04-10T10:00:38.600+0900] {logging_mixin.py:190} INFO - [2026-04-10T10:00:38.600+0900] {dag.py:4138} INFO - Setting next_dagrun for dataset_s3_bucket_producer_with_no_taskflow to None, run_after=None
[2026-04-10T10:00:38.616+0900] {processor.py:208} INFO - Processing /home/airflow/.local/lib/python3.12/site-packages/airflow/example_dags/example_dataset_alias_with_no_taskflow.py took 0.158 seconds
[2026-04-10T10:01:08.666+0900] {processor.py:186} INFO - Started process (PID=152994) to work on /home/airflow/.local/lib/python3.12/site-packages/airflow/example_dags/example_dataset_alias_with_no_taskflow.py
[2026-04-10T10:01:08.667+0900] {processor.py:914} INFO - Processing file /home/airflow/.local/lib/python3.12/site-packages/airflow/example_dags/example_dataset_alias_with_no_taskflow.py for tasks to queue
[2026-04-10T10:01:08.669+0900] {logging_mixin.py:190} INFO - [2026-04-10T10:01:08.669+0900] {dagbag.py:587} INFO - Filling up the DagBag from /home/airflow/.local/lib/python3.12/site-packages/airflow/example_dags/example_dataset_alias_with_no_taskflow.py
[2026-04-10T10:01:08.772+0900] {processor.py:925} INFO - DAG(s) 'dataset_alias_example_alias_consumer_with_no_taskflow', 'dataset_alias_example_alias_producer_with_no_taskflow', 'dataset_s3_bucket_producer_with_no_taskflow', 'dataset_s3_bucket_consumer_with_no_taskflow' retrieved from /home/airflow/.local/lib/python3.12/site-packages/airflow/example_dags/example_dataset_alias_with_no_taskflow.py
[2026-04-10T10:01:08.786+0900] {logging_mixin.py:190} INFO - [2026-04-10T10:01:08.786+0900] {dag.py:3211} INFO - Sync 4 DAGs
[2026-04-10T10:01:08.800+0900] {logging_mixin.py:190} INFO - [2026-04-10T10:01:08.799+0900] {dag.py:4138} INFO - Setting next_dagrun for dataset_alias_example_alias_consumer_with_no_taskflow to None, run_after=None
[2026-04-10T10:01:08.802+0900] {logging_mixin.py:190} INFO - [2026-04-10T10:01:08.801+0900] {dag.py:4138} INFO - Setting next_dagrun for dataset_alias_example_alias_producer_with_no_taskflow to None, run_after=None
[2026-04-10T10:01:08.803+0900] {logging_mixin.py:190} INFO - [2026-04-10T10:01:08.803+0900] {dag.py:4138} INFO - Setting next_dagrun for dataset_s3_bucket_consumer_with_no_taskflow to None, run_after=None
[2026-04-10T10:01:08.804+0900] {logging_mixin.py:190} INFO - [2026-04-10T10:01:08.804+0900] {dag.py:4138} INFO - Setting next_dagrun for dataset_s3_bucket_producer_with_no_taskflow to None, run_after=None
[2026-04-10T10:01:08.817+0900] {processor.py:208} INFO - Processing /home/airflow/.local/lib/python3.12/site-packages/airflow/example_dags/example_dataset_alias_with_no_taskflow.py took 0.155 seconds
[2026-04-10T10:01:38.909+0900] {processor.py:186} INFO - Started process (PID=153057) to work on /home/airflow/.local/lib/python3.12/site-packages/airflow/example_dags/example_dataset_alias_with_no_taskflow.py
[2026-04-10T10:01:38.911+0900] {processor.py:914} INFO - Processing file /home/airflow/.local/lib/python3.12/site-packages/airflow/example_dags/example_dataset_alias_with_no_taskflow.py for tasks to queue
[2026-04-10T10:01:38.913+0900] {logging_mixin.py:190} INFO - [2026-04-10T10:01:38.913+0900] {dagbag.py:587} INFO - Filling up the DagBag from /home/airflow/.local/lib/python3.12/site-packages/airflow/example_dags/example_dataset_alias_with_no_taskflow.py
[2026-04-10T10:01:39.026+0900] {processor.py:925} INFO - DAG(s) 'dataset_alias_example_alias_producer_with_no_taskflow', 'dataset_alias_example_alias_consumer_with_no_taskflow', 'dataset_s3_bucket_consumer_with_no_taskflow', 'dataset_s3_bucket_producer_with_no_taskflow' retrieved from /home/airflow/.local/lib/python3.12/site-packages/airflow/example_dags/example_dataset_alias_with_no_taskflow.py
[2026-04-10T10:01:39.042+0900] {logging_mixin.py:190} INFO - [2026-04-10T10:01:39.042+0900] {dag.py:3211} INFO - Sync 4 DAGs
[2026-04-10T10:01:39.059+0900] {logging_mixin.py:190} INFO - [2026-04-10T10:01:39.059+0900] {dag.py:4138} INFO - Setting next_dagrun for dataset_alias_example_alias_consumer_with_no_taskflow to None, run_after=None
[2026-04-10T10:01:39.062+0900] {logging_mixin.py:190} INFO - [2026-04-10T10:01:39.061+0900] {dag.py:4138} INFO - Setting next_dagrun for dataset_alias_example_alias_producer_with_no_taskflow to None, run_after=None
[2026-04-10T10:01:39.063+0900] {logging_mixin.py:190} INFO - [2026-04-10T10:01:39.063+0900] {dag.py:4138} INFO - Setting next_dagrun for dataset_s3_bucket_consumer_with_no_taskflow to None, run_after=None
[2026-04-10T10:01:39.064+0900] {logging_mixin.py:190} INFO - [2026-04-10T10:01:39.064+0900] {dag.py:4138} INFO - Setting next_dagrun for dataset_s3_bucket_producer_with_no_taskflow to None, run_after=None
[2026-04-10T10:01:39.081+0900] {processor.py:208} INFO - Processing /home/airflow/.local/lib/python3.12/site-packages/airflow/example_dags/example_dataset_alias_with_no_taskflow.py took 0.179 seconds
[2026-04-10T10:02:09.318+0900] {processor.py:186} INFO - Started process (PID=153120) to work on /home/airflow/.local/lib/python3.12/site-packages/airflow/example_dags/example_dataset_alias_with_no_taskflow.py
[2026-04-10T10:02:09.320+0900] {processor.py:914} INFO - Processing file /home/airflow/.local/lib/python3.12/site-packages/airflow/example_dags/example_dataset_alias_with_no_taskflow.py for tasks to queue
[2026-04-10T10:02:09.322+0900] {logging_mixin.py:190} INFO - [2026-04-10T10:02:09.322+0900] {dagbag.py:587} INFO - Filling up the DagBag from /home/airflow/.local/lib/python3.12/site-packages/airflow/example_dags/example_dataset_alias_with_no_taskflow.py
[2026-04-10T10:02:09.428+0900] {processor.py:925} INFO - DAG(s) 'dataset_alias_example_alias_consumer_with_no_taskflow', 'dataset_s3_bucket_producer_with_no_taskflow', 'dataset_s3_bucket_consumer_with_no_taskflow', 'dataset_alias_example_alias_producer_with_no_taskflow' retrieved from /home/airflow/.local/lib/python3.12/site-packages/airflow/example_dags/example_dataset_alias_with_no_taskflow.py
[2026-04-10T10:02:09.443+0900] {logging_mixin.py:190} INFO - [2026-04-10T10:02:09.443+0900] {dag.py:3211} INFO - Sync 4 DAGs
[2026-04-10T10:02:09.459+0900] {logging_mixin.py:190} INFO - [2026-04-10T10:02:09.459+0900] {dag.py:4138} INFO - Setting next_dagrun for dataset_alias_example_alias_consumer_with_no_taskflow to None, run_after=None
[2026-04-10T10:02:09.463+0900] {logging_mixin.py:190} INFO - [2026-04-10T10:02:09.462+0900] {dag.py:4138} INFO - Setting next_dagrun for dataset_alias_example_alias_producer_with_no_taskflow to None, run_after=None
[2026-04-10T10:02:09.464+0900] {logging_mixin.py:190} INFO - [2026-04-10T10:02:09.464+0900] {dag.py:4138} INFO - Setting next_dagrun for dataset_s3_bucket_consumer_with_no_taskflow to None, run_after=None
[2026-04-10T10:02:09.465+0900] {logging_mixin.py:190} INFO - [2026-04-10T10:02:09.465+0900] {dag.py:4138} INFO - Setting next_dagrun for dataset_s3_bucket_producer_with_no_taskflow to None, run_after=None
[2026-04-10T10:02:09.480+0900] {processor.py:208} INFO - Processing /home/airflow/.local/lib/python3.12/site-packages/airflow/example_dags/example_dataset_alias_with_no_taskflow.py took 0.167 seconds
[2026-04-10T10:02:39.721+0900] {processor.py:186} INFO - Started process (PID=153183) to work on /home/airflow/.local/lib/python3.12/site-packages/airflow/example_dags/example_dataset_alias_with_no_taskflow.py
[2026-04-10T10:02:39.722+0900] {processor.py:914} INFO - Processing file /home/airflow/.local/lib/python3.12/site-packages/airflow/example_dags/example_dataset_alias_with_no_taskflow.py for tasks to queue
[2026-04-10T10:02:39.725+0900] {logging_mixin.py:190} INFO - [2026-04-10T10:02:39.724+0900] {dagbag.py:587} INFO - Filling up the DagBag from /home/airflow/.local/lib/python3.12/site-packages/airflow/example_dags/example_dataset_alias_with_no_taskflow.py
[2026-04-10T10:02:39.845+0900] {processor.py:925} INFO - DAG(s) 'dataset_alias_example_alias_consumer_with_no_taskflow', 'dataset_s3_bucket_consumer_with_no_taskflow', 'dataset_s3_bucket_producer_with_no_taskflow', 'dataset_alias_example_alias_producer_with_no_taskflow' retrieved from /home/airflow/.local/lib/python3.12/site-packages/airflow/example_dags/example_dataset_alias_with_no_taskflow.py
[2026-04-10T10:02:39.865+0900] {logging_mixin.py:190} INFO - [2026-04-10T10:02:39.865+0900] {dag.py:3211} INFO - Sync 4 DAGs
[2026-04-10T10:02:39.882+0900] {logging_mixin.py:190} INFO - [2026-04-10T10:02:39.881+0900] {dag.py:4138} INFO - Setting next_dagrun for dataset_alias_example_alias_consumer_with_no_taskflow to None, run_after=None
[2026-04-10T10:02:39.884+0900] {logging_mixin.py:190} INFO - [2026-04-10T10:02:39.884+0900] {dag.py:4138} INFO - Setting next_dagrun for dataset_alias_example_alias_producer_with_no_taskflow to None, run_after=None
[2026-04-10T10:02:39.886+0900] {logging_mixin.py:190} INFO - [2026-04-10T10:02:39.885+0900] {dag.py:4138} INFO - Setting next_dagrun for dataset_s3_bucket_consumer_with_no_taskflow to None, run_after=None
[2026-04-10T10:02:39.887+0900] {logging_mixin.py:190} INFO - [2026-04-10T10:02:39.887+0900] {dag.py:4138} INFO - Setting next_dagrun for dataset_s3_bucket_producer_with_no_taskflow to None, run_after=None
[2026-04-10T10:02:39.904+0900] {processor.py:208} INFO - Processing /home/airflow/.local/lib/python3.12/site-packages/airflow/example_dags/example_dataset_alias_with_no_taskflow.py took 0.188 seconds
[2026-04-10T10:03:10.199+0900] {processor.py:186} INFO - Started process (PID=153246) to work on /home/airflow/.local/lib/python3.12/site-packages/airflow/example_dags/example_dataset_alias_with_no_taskflow.py
[2026-04-10T10:03:10.200+0900] {processor.py:914} INFO - Processing file /home/airflow/.local/lib/python3.12/site-packages/airflow/example_dags/example_dataset_alias_with_no_taskflow.py for tasks to queue
[2026-04-10T10:03:10.202+0900] {logging_mixin.py:190} INFO - [2026-04-10T10:03:10.202+0900] {dagbag.py:587} INFO - Filling up the DagBag from /home/airflow/.local/lib/python3.12/site-packages/airflow/example_dags/example_dataset_alias_with_no_taskflow.py
[2026-04-10T10:03:10.316+0900] {processor.py:925} INFO - DAG(s) 'dataset_alias_example_alias_consumer_with_no_taskflow', 'dataset_s3_bucket_producer_with_no_taskflow', 'dataset_alias_example_alias_producer_with_no_taskflow', 'dataset_s3_bucket_consumer_with_no_taskflow' retrieved from /home/airflow/.local/lib/python3.12/site-packages/airflow/example_dags/example_dataset_alias_with_no_taskflow.py
[2026-04-10T10:03:10.333+0900] {logging_mixin.py:190} INFO - [2026-04-10T10:03:10.333+0900] {dag.py:3211} INFO - Sync 4 DAGs
[2026-04-10T10:03:10.349+0900] {logging_mixin.py:190} INFO - [2026-04-10T10:03:10.348+0900] {dag.py:4138} INFO - Setting next_dagrun for dataset_alias_example_alias_consumer_with_no_taskflow to None, run_after=None
[2026-04-10T10:03:10.351+0900] {logging_mixin.py:190} INFO - [2026-04-10T10:03:10.351+0900] {dag.py:4138} INFO - Setting next_dagrun for dataset_alias_example_alias_producer_with_no_taskflow to None, run_after=None
[2026-04-10T10:03:10.352+0900] {logging_mixin.py:190} INFO - [2026-04-10T10:03:10.352+0900] {dag.py:4138} INFO - Setting next_dagrun for dataset_s3_bucket_consumer_with_no_taskflow to None, run_after=None
[2026-04-10T10:03:10.354+0900] {logging_mixin.py:190} INFO - [2026-04-10T10:03:10.353+0900] {dag.py:4138} INFO - Setting next_dagrun for dataset_s3_bucket_producer_with_no_taskflow to None, run_after=None
[2026-04-10T10:03:10.368+0900] {processor.py:208} INFO - Processing /home/airflow/.local/lib/python3.12/site-packages/airflow/example_dags/example_dataset_alias_with_no_taskflow.py took 0.174 seconds
[2026-04-10T10:03:40.435+0900] {processor.py:186} INFO - Started process (PID=153310) to work on /home/airflow/.local/lib/python3.12/site-packages/airflow/example_dags/example_dataset_alias_with_no_taskflow.py
[2026-04-10T10:03:40.436+0900] {processor.py:914} INFO - Processing file /home/airflow/.local/lib/python3.12/site-packages/airflow/example_dags/example_dataset_alias_with_no_taskflow.py for tasks to queue
[2026-04-10T10:03:40.438+0900] {logging_mixin.py:190} INFO - [2026-04-10T10:03:40.438+0900] {dagbag.py:587} INFO - Filling up the DagBag from /home/airflow/.local/lib/python3.12/site-packages/airflow/example_dags/example_dataset_alias_with_no_taskflow.py
[2026-04-10T10:03:40.548+0900] {processor.py:925} INFO - DAG(s) 'dataset_s3_bucket_producer_with_no_taskflow', 'dataset_s3_bucket_consumer_with_no_taskflow', 'dataset_alias_example_alias_consumer_with_no_taskflow', 'dataset_alias_example_alias_producer_with_no_taskflow' retrieved from /home/airflow/.local/lib/python3.12/site-packages/airflow/example_dags/example_dataset_alias_with_no_taskflow.py
[2026-04-10T10:03:40.565+0900] {logging_mixin.py:190} INFO - [2026-04-10T10:03:40.565+0900] {dag.py:3211} INFO - Sync 4 DAGs
[2026-04-10T10:03:40.580+0900] {logging_mixin.py:190} INFO - [2026-04-10T10:03:40.580+0900] {dag.py:4138} INFO - Setting next_dagrun for dataset_alias_example_alias_consumer_with_no_taskflow to None, run_after=None
[2026-04-10T10:03:40.582+0900] {logging_mixin.py:190} INFO - [2026-04-10T10:03:40.582+0900] {dag.py:4138} INFO - Setting next_dagrun for dataset_alias_example_alias_producer_with_no_taskflow to None, run_after=None
[2026-04-10T10:03:40.583+0900] {logging_mixin.py:190} INFO - [2026-04-10T10:03:40.583+0900] {dag.py:4138} INFO - Setting next_dagrun for dataset_s3_bucket_consumer_with_no_taskflow to None, run_after=None
[2026-04-10T10:03:40.584+0900] {logging_mixin.py:190} INFO - [2026-04-10T10:03:40.584+0900] {dag.py:4138} INFO - Setting next_dagrun for dataset_s3_bucket_producer_with_no_taskflow to None, run_after=None
[2026-04-10T10:03:40.599+0900] {processor.py:208} INFO - Processing /home/airflow/.local/lib/python3.12/site-packages/airflow/example_dags/example_dataset_alias_with_no_taskflow.py took 0.169 seconds
[2026-04-10T10:04:10.734+0900] {processor.py:186} INFO - Started process (PID=153372) to work on /home/airflow/.local/lib/python3.12/site-packages/airflow/example_dags/example_dataset_alias_with_no_taskflow.py
[2026-04-10T10:04:10.735+0900] {processor.py:914} INFO - Processing file /home/airflow/.local/lib/python3.12/site-packages/airflow/example_dags/example_dataset_alias_with_no_taskflow.py for tasks to queue
[2026-04-10T10:04:10.737+0900] {logging_mixin.py:190} INFO - [2026-04-10T10:04:10.737+0900] {dagbag.py:587} INFO - Filling up the DagBag from /home/airflow/.local/lib/python3.12/site-packages/airflow/example_dags/example_dataset_alias_with_no_taskflow.py
[2026-04-10T10:04:10.880+0900] {processor.py:925} INFO - DAG(s) 'dataset_alias_example_alias_consumer_with_no_taskflow', 'dataset_s3_bucket_producer_with_no_taskflow', 'dataset_alias_example_alias_producer_with_no_taskflow', 'dataset_s3_bucket_consumer_with_no_taskflow' retrieved from /home/airflow/.local/lib/python3.12/site-packages/airflow/example_dags/example_dataset_alias_with_no_taskflow.py
[2026-04-10T10:04:10.900+0900] {logging_mixin.py:190} INFO - [2026-04-10T10:04:10.900+0900] {dag.py:3211} INFO - Sync 4 DAGs
[2026-04-10T10:04:10.925+0900] {logging_mixin.py:190} INFO - [2026-04-10T10:04:10.924+0900] {dag.py:4138} INFO - Setting next_dagrun for dataset_alias_example_alias_consumer_with_no_taskflow to None, run_after=None
[2026-04-10T10:04:10.928+0900] {logging_mixin.py:190} INFO - [2026-04-10T10:04:10.928+0900] {dag.py:4138} INFO - Setting next_dagrun for dataset_alias_example_alias_producer_with_no_taskflow to None, run_after=None
[2026-04-10T10:04:10.930+0900] {logging_mixin.py:190} INFO - [2026-04-10T10:04:10.930+0900] {dag.py:4138} INFO - Setting next_dagrun for dataset_s3_bucket_consumer_with_no_taskflow to None, run_after=None
[2026-04-10T10:04:10.932+0900] {logging_mixin.py:190} INFO - [2026-04-10T10:04:10.932+0900] {dag.py:4138} INFO - Setting next_dagrun for dataset_s3_bucket_producer_with_no_taskflow to None, run_after=None
[2026-04-10T10:04:10.952+0900] {processor.py:208} INFO - Processing /home/airflow/.local/lib/python3.12/site-packages/airflow/example_dags/example_dataset_alias_with_no_taskflow.py took 0.224 seconds
[2026-04-10T10:04:41.247+0900] {processor.py:186} INFO - Started process (PID=153435) to work on /home/airflow/.local/lib/python3.12/site-packages/airflow/example_dags/example_dataset_alias_with_no_taskflow.py
[2026-04-10T10:04:41.250+0900] {processor.py:914} INFO - Processing file /home/airflow/.local/lib/python3.12/site-packages/airflow/example_dags/example_dataset_alias_with_no_taskflow.py for tasks to queue
[2026-04-10T10:04:41.262+0900] {logging_mixin.py:190} INFO - [2026-04-10T10:04:41.260+0900] {dagbag.py:587} INFO - Filling up the DagBag from /home/airflow/.local/lib/python3.12/site-packages/airflow/example_dags/example_dataset_alias_with_no_taskflow.py
[2026-04-10T10:04:41.772+0900] {processor.py:925} INFO - DAG(s) 'dataset_alias_example_alias_consumer_with_no_taskflow', 'dataset_s3_bucket_producer_with_no_taskflow', 'dataset_s3_bucket_consumer_with_no_taskflow', 'dataset_alias_example_alias_producer_with_no_taskflow' retrieved from /home/airflow/.local/lib/python3.12/site-packages/airflow/example_dags/example_dataset_alias_with_no_taskflow.py
[2026-04-10T10:04:41.855+0900] {logging_mixin.py:190} INFO - [2026-04-10T10:04:41.854+0900] {dag.py:3211} INFO - Sync 4 DAGs
[2026-04-10T10:04:41.941+0900] {logging_mixin.py:190} INFO - [2026-04-10T10:04:41.940+0900] {dag.py:4138} INFO - Setting next_dagrun for dataset_alias_example_alias_consumer_with_no_taskflow to None, run_after=None
[2026-04-10T10:04:41.950+0900] {logging_mixin.py:190} INFO - [2026-04-10T10:04:41.950+0900] {dag.py:4138} INFO - Setting next_dagrun for dataset_alias_example_alias_producer_with_no_taskflow to None, run_after=None
[2026-04-10T10:04:41.955+0900] {logging_mixin.py:190} INFO - [2026-04-10T10:04:41.955+0900] {dag.py:4138} INFO - Setting next_dagrun for dataset_s3_bucket_consumer_with_no_taskflow to None, run_after=None
[2026-04-10T10:04:41.961+0900] {logging_mixin.py:190} INFO - [2026-04-10T10:04:41.960+0900] {dag.py:4138} INFO - Setting next_dagrun for dataset_s3_bucket_producer_with_no_taskflow to None, run_after=None
[2026-04-10T10:04:42.015+0900] {processor.py:208} INFO - Processing /home/airflow/.local/lib/python3.12/site-packages/airflow/example_dags/example_dataset_alias_with_no_taskflow.py took 0.780 seconds
[2026-04-10T10:05:12.835+0900] {processor.py:186} INFO - Started process (PID=153499) to work on /home/airflow/.local/lib/python3.12/site-packages/airflow/example_dags/example_dataset_alias_with_no_taskflow.py
[2026-04-10T10:05:12.837+0900] {processor.py:914} INFO - Processing file /home/airflow/.local/lib/python3.12/site-packages/airflow/example_dags/example_dataset_alias_with_no_taskflow.py for tasks to queue
[2026-04-10T10:05:12.842+0900] {logging_mixin.py:190} INFO - [2026-04-10T10:05:12.841+0900] {dagbag.py:587} INFO - Filling up the DagBag from /home/airflow/.local/lib/python3.12/site-packages/airflow/example_dags/example_dataset_alias_with_no_taskflow.py
[2026-04-10T10:05:13.046+0900] {processor.py:925} INFO - DAG(s) 'dataset_alias_example_alias_consumer_with_no_taskflow', 'dataset_s3_bucket_consumer_with_no_taskflow', 'dataset_alias_example_alias_producer_with_no_taskflow', 'dataset_s3_bucket_producer_with_no_taskflow' retrieved from /home/airflow/.local/lib/python3.12/site-packages/airflow/example_dags/example_dataset_alias_with_no_taskflow.py
[2026-04-10T10:05:13.076+0900] {logging_mixin.py:190} INFO - [2026-04-10T10:05:13.076+0900] {dag.py:3211} INFO - Sync 4 DAGs
[2026-04-10T10:05:13.110+0900] {logging_mixin.py:190} INFO - [2026-04-10T10:05:13.110+0900] {dag.py:4138} INFO - Setting next_dagrun for dataset_alias_example_alias_consumer_with_no_taskflow to None, run_after=None
[2026-04-10T10:05:13.115+0900] {logging_mixin.py:190} INFO - [2026-04-10T10:05:13.115+0900] {dag.py:4138} INFO - Setting next_dagrun for dataset_alias_example_alias_producer_with_no_taskflow to None, run_after=None
[2026-04-10T10:05:13.118+0900] {logging_mixin.py:190} INFO - [2026-04-10T10:05:13.117+0900] {dag.py:4138} INFO - Setting next_dagrun for dataset_s3_bucket_consumer_with_no_taskflow to None, run_after=None
[2026-04-10T10:05:13.121+0900] {logging_mixin.py:190} INFO - [2026-04-10T10:05:13.120+0900] {dag.py:4138} INFO - Setting next_dagrun for dataset_s3_bucket_producer_with_no_taskflow to None, run_after=None
[2026-04-10T10:05:13.161+0900] {processor.py:208} INFO - Processing /home/airflow/.local/lib/python3.12/site-packages/airflow/example_dags/example_dataset_alias_with_no_taskflow.py took 0.335 seconds
[2026-04-10T10:05:43.384+0900] {processor.py:186} INFO - Started process (PID=153563) to work on /home/airflow/.local/lib/python3.12/site-packages/airflow/example_dags/example_dataset_alias_with_no_taskflow.py
[2026-04-10T10:05:43.387+0900] {processor.py:914} INFO - Processing file /home/airflow/.local/lib/python3.12/site-packages/airflow/example_dags/example_dataset_alias_with_no_taskflow.py for tasks to queue
[2026-04-10T10:05:43.391+0900] {logging_mixin.py:190} INFO - [2026-04-10T10:05:43.391+0900] {dagbag.py:587} INFO - Filling up the DagBag from /home/airflow/.local/lib/python3.12/site-packages/airflow/example_dags/example_dataset_alias_with_no_taskflow.py
[2026-04-10T10:05:43.625+0900] {processor.py:925} INFO - DAG(s) 'dataset_s3_bucket_consumer_with_no_taskflow', 'dataset_alias_example_alias_consumer_with_no_taskflow', 'dataset_s3_bucket_producer_with_no_taskflow', 'dataset_alias_example_alias_producer_with_no_taskflow' retrieved from /home/airflow/.local/lib/python3.12/site-packages/airflow/example_dags/example_dataset_alias_with_no_taskflow.py
[2026-04-10T10:05:43.662+0900] {logging_mixin.py:190} INFO - [2026-04-10T10:05:43.662+0900] {dag.py:3211} INFO - Sync 4 DAGs
[2026-04-10T10:05:43.697+0900] {logging_mixin.py:190} INFO - [2026-04-10T10:05:43.696+0900] {dag.py:4138} INFO - Setting next_dagrun for dataset_alias_example_alias_consumer_with_no_taskflow to None, run_after=None
[2026-04-10T10:05:43.702+0900] {logging_mixin.py:190} INFO - [2026-04-10T10:05:43.702+0900] {dag.py:4138} INFO - Setting next_dagrun for dataset_alias_example_alias_producer_with_no_taskflow to None, run_after=None
[2026-04-10T10:05:43.705+0900] {logging_mixin.py:190} INFO - [2026-04-10T10:05:43.704+0900] {dag.py:4138} INFO - Setting next_dagrun for dataset_s3_bucket_consumer_with_no_taskflow to None, run_after=None
[2026-04-10T10:05:43.707+0900] {logging_mixin.py:190} INFO - [2026-04-10T10:05:43.707+0900] {dag.py:4138} INFO - Setting next_dagrun for dataset_s3_bucket_producer_with_no_taskflow to None, run_after=None
[2026-04-10T10:05:43.743+0900] {processor.py:208} INFO - Processing /home/airflow/.local/lib/python3.12/site-packages/airflow/example_dags/example_dataset_alias_with_no_taskflow.py took 0.372 seconds
[2026-04-10T10:06:14.467+0900] {processor.py:186} INFO - Started process (PID=153626) to work on /home/airflow/.local/lib/python3.12/site-packages/airflow/example_dags/example_dataset_alias_with_no_taskflow.py
[2026-04-10T10:06:14.468+0900] {processor.py:914} INFO - Processing file /home/airflow/.local/lib/python3.12/site-packages/airflow/example_dags/example_dataset_alias_with_no_taskflow.py for tasks to queue
[2026-04-10T10:06:14.472+0900] {logging_mixin.py:190} INFO - [2026-04-10T10:06:14.471+0900] {dagbag.py:587} INFO - Filling up the DagBag from /home/airflow/.local/lib/python3.12/site-packages/airflow/example_dags/example_dataset_alias_with_no_taskflow.py
[2026-04-10T10:06:14.689+0900] {processor.py:925} INFO - DAG(s) 'dataset_s3_bucket_producer_with_no_taskflow', 'dataset_alias_example_alias_producer_with_no_taskflow', 'dataset_s3_bucket_consumer_with_no_taskflow', 'dataset_alias_example_alias_consumer_with_no_taskflow' retrieved from /home/airflow/.local/lib/python3.12/site-packages/airflow/example_dags/example_dataset_alias_with_no_taskflow.py
[2026-04-10T10:06:14.730+0900] {logging_mixin.py:190} INFO - [2026-04-10T10:06:14.729+0900] {dag.py:3211} INFO - Sync 4 DAGs
[2026-04-10T10:06:14.768+0900] {logging_mixin.py:190} INFO - [2026-04-10T10:06:14.768+0900] {dag.py:4138} INFO - Setting next_dagrun for dataset_alias_example_alias_consumer_with_no_taskflow to None, run_after=None
[2026-04-10T10:06:14.773+0900] {logging_mixin.py:190} INFO - [2026-04-10T10:06:14.773+0900] {dag.py:4138} INFO - Setting next_dagrun for dataset_alias_example_alias_producer_with_no_taskflow to None, run_after=None
[2026-04-10T10:06:14.776+0900] {logging_mixin.py:190} INFO - [2026-04-10T10:06:14.776+0900] {dag.py:4138} INFO - Setting next_dagrun for dataset_s3_bucket_consumer_with_no_taskflow to None, run_after=None
[2026-04-10T10:06:14.780+0900] {logging_mixin.py:190} INFO - [2026-04-10T10:06:14.779+0900] {dag.py:4138} INFO - Setting next_dagrun for dataset_s3_bucket_producer_with_no_taskflow to None, run_after=None
[2026-04-10T10:06:14.816+0900] {processor.py:208} INFO - Processing /home/airflow/.local/lib/python3.12/site-packages/airflow/example_dags/example_dataset_alias_with_no_taskflow.py took 0.361 seconds
