[2026-04-10T09:00:18.457+0900] {processor.py:186} INFO - Started process (PID=145471) to work on /home/airflow/.local/lib/python3.12/site-packages/airflow/example_dags/example_datasets.py
[2026-04-10T09:00:18.458+0900] {processor.py:914} INFO - Processing file /home/airflow/.local/lib/python3.12/site-packages/airflow/example_dags/example_datasets.py for tasks to queue
[2026-04-10T09:00:18.460+0900] {logging_mixin.py:190} INFO - [2026-04-10T09:00:18.460+0900] {dagbag.py:587} INFO - Filling up the DagBag from /home/airflow/.local/lib/python3.12/site-packages/airflow/example_dags/example_datasets.py
[2026-04-10T09:00:18.570+0900] {processor.py:925} INFO - DAG(s) 'conditional_dataset_and_time_based_timetable', 'dataset_consumes_unknown_never_scheduled', 'consume_1_or_2_with_dataset_expressions', 'dataset_consumes_1_and_2', 'dataset_produces_2', 'consume_1_or_both_2_and_3_with_dataset_expressions', 'dataset_consumes_1_never_scheduled', 'dataset_consumes_1', 'consume_1_and_2_with_dataset_expressions', 'dataset_produces_1' retrieved from /home/airflow/.local/lib/python3.12/site-packages/airflow/example_dags/example_datasets.py
[2026-04-10T09:00:18.602+0900] {logging_mixin.py:190} INFO - [2026-04-10T09:00:18.601+0900] {dag.py:3211} INFO - Sync 10 DAGs
[2026-04-10T09:00:18.764+0900] {logging_mixin.py:190} INFO - [2026-04-10T09:00:18.764+0900] {dag.py:4138} INFO - Setting next_dagrun for conditional_dataset_and_time_based_timetable to 2026-04-08 01:00:00+00:00, run_after=2026-04-08 01:00:00+00:00
[2026-04-10T09:00:18.767+0900] {logging_mixin.py:190} INFO - [2026-04-10T09:00:18.767+0900] {dag.py:4138} INFO - Setting next_dagrun for consume_1_and_2_with_dataset_expressions to None, run_after=None
[2026-04-10T09:00:18.769+0900] {logging_mixin.py:190} INFO - [2026-04-10T09:00:18.769+0900] {dag.py:4138} INFO - Setting next_dagrun for consume_1_or_2_with_dataset_expressions to None, run_after=None
[2026-04-10T09:00:18.771+0900] {logging_mixin.py:190} INFO - [2026-04-10T09:00:18.770+0900] {dag.py:4138} INFO - Setting next_dagrun for consume_1_or_both_2_and_3_with_dataset_expressions to None, run_after=None
[2026-04-10T09:00:18.772+0900] {logging_mixin.py:190} INFO - [2026-04-10T09:00:18.772+0900] {dag.py:4138} INFO - Setting next_dagrun for dataset_consumes_1 to None, run_after=None
[2026-04-10T09:00:18.773+0900] {logging_mixin.py:190} INFO - [2026-04-10T09:00:18.773+0900] {dag.py:4138} INFO - Setting next_dagrun for dataset_consumes_1_and_2 to None, run_after=None
[2026-04-10T09:00:18.775+0900] {logging_mixin.py:190} INFO - [2026-04-10T09:00:18.775+0900] {dag.py:4138} INFO - Setting next_dagrun for dataset_consumes_1_never_scheduled to None, run_after=None
[2026-04-10T09:00:18.777+0900] {logging_mixin.py:190} INFO - [2026-04-10T09:00:18.777+0900] {dag.py:4138} INFO - Setting next_dagrun for dataset_consumes_unknown_never_scheduled to None, run_after=None
[2026-04-10T09:00:18.780+0900] {logging_mixin.py:190} INFO - [2026-04-10T09:00:18.780+0900] {dag.py:4138} INFO - Setting next_dagrun for dataset_produces_1 to 2026-04-09 00:00:00+00:00, run_after=2026-04-10 00:00:00+00:00
[2026-04-10T09:00:18.781+0900] {logging_mixin.py:190} INFO - [2026-04-10T09:00:18.781+0900] {dag.py:4138} INFO - Setting next_dagrun for dataset_produces_2 to None, run_after=None
[2026-04-10T09:00:18.802+0900] {processor.py:208} INFO - Processing /home/airflow/.local/lib/python3.12/site-packages/airflow/example_dags/example_datasets.py took 0.350 seconds
[2026-04-10T09:00:49.711+0900] {processor.py:186} INFO - Started process (PID=145534) to work on /home/airflow/.local/lib/python3.12/site-packages/airflow/example_dags/example_datasets.py
[2026-04-10T09:00:49.712+0900] {processor.py:914} INFO - Processing file /home/airflow/.local/lib/python3.12/site-packages/airflow/example_dags/example_datasets.py for tasks to queue
[2026-04-10T09:00:49.714+0900] {logging_mixin.py:190} INFO - [2026-04-10T09:00:49.714+0900] {dagbag.py:587} INFO - Filling up the DagBag from /home/airflow/.local/lib/python3.12/site-packages/airflow/example_dags/example_datasets.py
[2026-04-10T09:00:49.821+0900] {processor.py:925} INFO - DAG(s) 'dataset_produces_2', 'conditional_dataset_and_time_based_timetable', 'dataset_consumes_unknown_never_scheduled', 'dataset_produces_1', 'consume_1_and_2_with_dataset_expressions', 'consume_1_or_both_2_and_3_with_dataset_expressions', 'dataset_consumes_1_and_2', 'dataset_consumes_1_never_scheduled', 'consume_1_or_2_with_dataset_expressions', 'dataset_consumes_1' retrieved from /home/airflow/.local/lib/python3.12/site-packages/airflow/example_dags/example_datasets.py
[2026-04-10T09:00:49.853+0900] {logging_mixin.py:190} INFO - [2026-04-10T09:00:49.853+0900] {dag.py:3211} INFO - Sync 10 DAGs
[2026-04-10T09:00:49.877+0900] {logging_mixin.py:190} INFO - [2026-04-10T09:00:49.877+0900] {dag.py:4138} INFO - Setting next_dagrun for conditional_dataset_and_time_based_timetable to 2026-04-08 01:00:00+00:00, run_after=2026-04-08 01:00:00+00:00
[2026-04-10T09:00:49.880+0900] {logging_mixin.py:190} INFO - [2026-04-10T09:00:49.880+0900] {dag.py:4138} INFO - Setting next_dagrun for consume_1_and_2_with_dataset_expressions to None, run_after=None
[2026-04-10T09:00:49.883+0900] {logging_mixin.py:190} INFO - [2026-04-10T09:00:49.883+0900] {dag.py:4138} INFO - Setting next_dagrun for consume_1_or_2_with_dataset_expressions to None, run_after=None
[2026-04-10T09:00:49.884+0900] {logging_mixin.py:190} INFO - [2026-04-10T09:00:49.884+0900] {dag.py:4138} INFO - Setting next_dagrun for consume_1_or_both_2_and_3_with_dataset_expressions to None, run_after=None
[2026-04-10T09:00:49.885+0900] {logging_mixin.py:190} INFO - [2026-04-10T09:00:49.885+0900] {dag.py:4138} INFO - Setting next_dagrun for dataset_consumes_1 to None, run_after=None
[2026-04-10T09:00:49.886+0900] {logging_mixin.py:190} INFO - [2026-04-10T09:00:49.886+0900] {dag.py:4138} INFO - Setting next_dagrun for dataset_consumes_1_and_2 to None, run_after=None
[2026-04-10T09:00:49.887+0900] {logging_mixin.py:190} INFO - [2026-04-10T09:00:49.887+0900] {dag.py:4138} INFO - Setting next_dagrun for dataset_consumes_1_never_scheduled to None, run_after=None
[2026-04-10T09:00:49.888+0900] {logging_mixin.py:190} INFO - [2026-04-10T09:00:49.888+0900] {dag.py:4138} INFO - Setting next_dagrun for dataset_consumes_unknown_never_scheduled to None, run_after=None
[2026-04-10T09:00:49.890+0900] {logging_mixin.py:190} INFO - [2026-04-10T09:00:49.890+0900] {dag.py:4138} INFO - Setting next_dagrun for dataset_produces_1 to 2026-04-09 00:00:00+00:00, run_after=2026-04-10 00:00:00+00:00
[2026-04-10T09:00:49.891+0900] {logging_mixin.py:190} INFO - [2026-04-10T09:00:49.891+0900] {dag.py:4138} INFO - Setting next_dagrun for dataset_produces_2 to None, run_after=None
[2026-04-10T09:00:50.040+0900] {processor.py:208} INFO - Processing /home/airflow/.local/lib/python3.12/site-packages/airflow/example_dags/example_datasets.py took 0.334 seconds
[2026-04-10T09:01:20.888+0900] {processor.py:186} INFO - Started process (PID=145597) to work on /home/airflow/.local/lib/python3.12/site-packages/airflow/example_dags/example_datasets.py
[2026-04-10T09:01:20.889+0900] {processor.py:914} INFO - Processing file /home/airflow/.local/lib/python3.12/site-packages/airflow/example_dags/example_datasets.py for tasks to queue
[2026-04-10T09:01:20.892+0900] {logging_mixin.py:190} INFO - [2026-04-10T09:01:20.891+0900] {dagbag.py:587} INFO - Filling up the DagBag from /home/airflow/.local/lib/python3.12/site-packages/airflow/example_dags/example_datasets.py
[2026-04-10T09:01:21.163+0900] {processor.py:925} INFO - DAG(s) 'consume_1_or_2_with_dataset_expressions', 'dataset_consumes_unknown_never_scheduled', 'dataset_consumes_1_and_2', 'dataset_consumes_1', 'conditional_dataset_and_time_based_timetable', 'dataset_produces_1', 'dataset_produces_2', 'consume_1_or_both_2_and_3_with_dataset_expressions', 'dataset_consumes_1_never_scheduled', 'consume_1_and_2_with_dataset_expressions' retrieved from /home/airflow/.local/lib/python3.12/site-packages/airflow/example_dags/example_datasets.py
[2026-04-10T09:01:21.191+0900] {logging_mixin.py:190} INFO - [2026-04-10T09:01:21.191+0900] {dag.py:3211} INFO - Sync 10 DAGs
[2026-04-10T09:01:21.206+0900] {logging_mixin.py:190} INFO - [2026-04-10T09:01:21.206+0900] {dag.py:4138} INFO - Setting next_dagrun for conditional_dataset_and_time_based_timetable to 2026-04-08 01:00:00+00:00, run_after=2026-04-08 01:00:00+00:00
[2026-04-10T09:01:21.209+0900] {logging_mixin.py:190} INFO - [2026-04-10T09:01:21.209+0900] {dag.py:4138} INFO - Setting next_dagrun for consume_1_and_2_with_dataset_expressions to None, run_after=None
[2026-04-10T09:01:21.210+0900] {logging_mixin.py:190} INFO - [2026-04-10T09:01:21.210+0900] {dag.py:4138} INFO - Setting next_dagrun for consume_1_or_2_with_dataset_expressions to None, run_after=None
[2026-04-10T09:01:21.211+0900] {logging_mixin.py:190} INFO - [2026-04-10T09:01:21.211+0900] {dag.py:4138} INFO - Setting next_dagrun for consume_1_or_both_2_and_3_with_dataset_expressions to None, run_after=None
[2026-04-10T09:01:21.212+0900] {logging_mixin.py:190} INFO - [2026-04-10T09:01:21.212+0900] {dag.py:4138} INFO - Setting next_dagrun for dataset_consumes_1 to None, run_after=None
[2026-04-10T09:01:21.213+0900] {logging_mixin.py:190} INFO - [2026-04-10T09:01:21.213+0900] {dag.py:4138} INFO - Setting next_dagrun for dataset_consumes_1_and_2 to None, run_after=None
[2026-04-10T09:01:21.214+0900] {logging_mixin.py:190} INFO - [2026-04-10T09:01:21.214+0900] {dag.py:4138} INFO - Setting next_dagrun for dataset_consumes_1_never_scheduled to None, run_after=None
[2026-04-10T09:01:21.215+0900] {logging_mixin.py:190} INFO - [2026-04-10T09:01:21.215+0900] {dag.py:4138} INFO - Setting next_dagrun for dataset_consumes_unknown_never_scheduled to None, run_after=None
[2026-04-10T09:01:21.216+0900] {logging_mixin.py:190} INFO - [2026-04-10T09:01:21.216+0900] {dag.py:4138} INFO - Setting next_dagrun for dataset_produces_1 to 2026-04-09 00:00:00+00:00, run_after=2026-04-10 00:00:00+00:00
[2026-04-10T09:01:21.217+0900] {logging_mixin.py:190} INFO - [2026-04-10T09:01:21.217+0900] {dag.py:4138} INFO - Setting next_dagrun for dataset_produces_2 to None, run_after=None
[2026-04-10T09:01:21.236+0900] {processor.py:208} INFO - Processing /home/airflow/.local/lib/python3.12/site-packages/airflow/example_dags/example_datasets.py took 0.353 seconds
[2026-04-10T09:01:51.315+0900] {processor.py:186} INFO - Started process (PID=145661) to work on /home/airflow/.local/lib/python3.12/site-packages/airflow/example_dags/example_datasets.py
[2026-04-10T09:01:51.316+0900] {processor.py:914} INFO - Processing file /home/airflow/.local/lib/python3.12/site-packages/airflow/example_dags/example_datasets.py for tasks to queue
[2026-04-10T09:01:51.318+0900] {logging_mixin.py:190} INFO - [2026-04-10T09:01:51.317+0900] {dagbag.py:587} INFO - Filling up the DagBag from /home/airflow/.local/lib/python3.12/site-packages/airflow/example_dags/example_datasets.py
[2026-04-10T09:01:51.425+0900] {processor.py:925} INFO - DAG(s) 'dataset_produces_1', 'consume_1_or_2_with_dataset_expressions', 'dataset_consumes_1_never_scheduled', 'dataset_consumes_1', 'conditional_dataset_and_time_based_timetable', 'dataset_consumes_unknown_never_scheduled', 'dataset_produces_2', 'consume_1_or_both_2_and_3_with_dataset_expressions', 'dataset_consumes_1_and_2', 'consume_1_and_2_with_dataset_expressions' retrieved from /home/airflow/.local/lib/python3.12/site-packages/airflow/example_dags/example_datasets.py
[2026-04-10T09:01:51.616+0900] {logging_mixin.py:190} INFO - [2026-04-10T09:01:51.616+0900] {dag.py:3211} INFO - Sync 10 DAGs
[2026-04-10T09:01:51.637+0900] {logging_mixin.py:190} INFO - [2026-04-10T09:01:51.636+0900] {dag.py:4138} INFO - Setting next_dagrun for conditional_dataset_and_time_based_timetable to 2026-04-08 01:00:00+00:00, run_after=2026-04-08 01:00:00+00:00
[2026-04-10T09:01:51.640+0900] {logging_mixin.py:190} INFO - [2026-04-10T09:01:51.640+0900] {dag.py:4138} INFO - Setting next_dagrun for consume_1_and_2_with_dataset_expressions to None, run_after=None
[2026-04-10T09:01:51.642+0900] {logging_mixin.py:190} INFO - [2026-04-10T09:01:51.642+0900] {dag.py:4138} INFO - Setting next_dagrun for consume_1_or_2_with_dataset_expressions to None, run_after=None
[2026-04-10T09:01:51.645+0900] {logging_mixin.py:190} INFO - [2026-04-10T09:01:51.644+0900] {dag.py:4138} INFO - Setting next_dagrun for consume_1_or_both_2_and_3_with_dataset_expressions to None, run_after=None
[2026-04-10T09:01:51.646+0900] {logging_mixin.py:190} INFO - [2026-04-10T09:01:51.646+0900] {dag.py:4138} INFO - Setting next_dagrun for dataset_consumes_1 to None, run_after=None
[2026-04-10T09:01:51.648+0900] {logging_mixin.py:190} INFO - [2026-04-10T09:01:51.648+0900] {dag.py:4138} INFO - Setting next_dagrun for dataset_consumes_1_and_2 to None, run_after=None
[2026-04-10T09:01:51.649+0900] {logging_mixin.py:190} INFO - [2026-04-10T09:01:51.649+0900] {dag.py:4138} INFO - Setting next_dagrun for dataset_consumes_1_never_scheduled to None, run_after=None
[2026-04-10T09:01:51.651+0900] {logging_mixin.py:190} INFO - [2026-04-10T09:01:51.650+0900] {dag.py:4138} INFO - Setting next_dagrun for dataset_consumes_unknown_never_scheduled to None, run_after=None
[2026-04-10T09:01:51.653+0900] {logging_mixin.py:190} INFO - [2026-04-10T09:01:51.653+0900] {dag.py:4138} INFO - Setting next_dagrun for dataset_produces_1 to 2026-04-09 00:00:00+00:00, run_after=2026-04-10 00:00:00+00:00
[2026-04-10T09:01:51.654+0900] {logging_mixin.py:190} INFO - [2026-04-10T09:01:51.654+0900] {dag.py:4138} INFO - Setting next_dagrun for dataset_produces_2 to None, run_after=None
[2026-04-10T09:01:51.685+0900] {processor.py:208} INFO - Processing /home/airflow/.local/lib/python3.12/site-packages/airflow/example_dags/example_datasets.py took 0.375 seconds
[2026-04-10T09:02:22.502+0900] {processor.py:186} INFO - Started process (PID=145723) to work on /home/airflow/.local/lib/python3.12/site-packages/airflow/example_dags/example_datasets.py
[2026-04-10T09:02:22.503+0900] {processor.py:914} INFO - Processing file /home/airflow/.local/lib/python3.12/site-packages/airflow/example_dags/example_datasets.py for tasks to queue
[2026-04-10T09:02:22.505+0900] {logging_mixin.py:190} INFO - [2026-04-10T09:02:22.505+0900] {dagbag.py:587} INFO - Filling up the DagBag from /home/airflow/.local/lib/python3.12/site-packages/airflow/example_dags/example_datasets.py
[2026-04-10T09:02:22.611+0900] {processor.py:925} INFO - DAG(s) 'consume_1_and_2_with_dataset_expressions', 'consume_1_or_2_with_dataset_expressions', 'consume_1_or_both_2_and_3_with_dataset_expressions', 'dataset_produces_2', 'dataset_produces_1', 'dataset_consumes_1', 'dataset_consumes_1_and_2', 'dataset_consumes_unknown_never_scheduled', 'dataset_consumes_1_never_scheduled', 'conditional_dataset_and_time_based_timetable' retrieved from /home/airflow/.local/lib/python3.12/site-packages/airflow/example_dags/example_datasets.py
[2026-04-10T09:02:22.784+0900] {logging_mixin.py:190} INFO - [2026-04-10T09:02:22.783+0900] {dag.py:3211} INFO - Sync 10 DAGs
[2026-04-10T09:02:22.799+0900] {logging_mixin.py:190} INFO - [2026-04-10T09:02:22.799+0900] {dag.py:4138} INFO - Setting next_dagrun for conditional_dataset_and_time_based_timetable to 2026-04-08 01:00:00+00:00, run_after=2026-04-08 01:00:00+00:00
[2026-04-10T09:02:22.801+0900] {logging_mixin.py:190} INFO - [2026-04-10T09:02:22.801+0900] {dag.py:4138} INFO - Setting next_dagrun for consume_1_and_2_with_dataset_expressions to None, run_after=None
[2026-04-10T09:02:22.803+0900] {logging_mixin.py:190} INFO - [2026-04-10T09:02:22.803+0900] {dag.py:4138} INFO - Setting next_dagrun for consume_1_or_2_with_dataset_expressions to None, run_after=None
[2026-04-10T09:02:22.804+0900] {logging_mixin.py:190} INFO - [2026-04-10T09:02:22.804+0900] {dag.py:4138} INFO - Setting next_dagrun for consume_1_or_both_2_and_3_with_dataset_expressions to None, run_after=None
[2026-04-10T09:02:22.806+0900] {logging_mixin.py:190} INFO - [2026-04-10T09:02:22.805+0900] {dag.py:4138} INFO - Setting next_dagrun for dataset_consumes_1 to None, run_after=None
[2026-04-10T09:02:22.807+0900] {logging_mixin.py:190} INFO - [2026-04-10T09:02:22.807+0900] {dag.py:4138} INFO - Setting next_dagrun for dataset_consumes_1_and_2 to None, run_after=None
[2026-04-10T09:02:22.808+0900] {logging_mixin.py:190} INFO - [2026-04-10T09:02:22.808+0900] {dag.py:4138} INFO - Setting next_dagrun for dataset_consumes_1_never_scheduled to None, run_after=None
[2026-04-10T09:02:22.809+0900] {logging_mixin.py:190} INFO - [2026-04-10T09:02:22.809+0900] {dag.py:4138} INFO - Setting next_dagrun for dataset_consumes_unknown_never_scheduled to None, run_after=None
[2026-04-10T09:02:22.811+0900] {logging_mixin.py:190} INFO - [2026-04-10T09:02:22.811+0900] {dag.py:4138} INFO - Setting next_dagrun for dataset_produces_1 to 2026-04-09 00:00:00+00:00, run_after=2026-04-10 00:00:00+00:00
[2026-04-10T09:02:22.812+0900] {logging_mixin.py:190} INFO - [2026-04-10T09:02:22.812+0900] {dag.py:4138} INFO - Setting next_dagrun for dataset_produces_2 to None, run_after=None
[2026-04-10T09:02:22.832+0900] {processor.py:208} INFO - Processing /home/airflow/.local/lib/python3.12/site-packages/airflow/example_dags/example_datasets.py took 0.335 seconds
[2026-04-10T09:02:53.246+0900] {processor.py:186} INFO - Started process (PID=145786) to work on /home/airflow/.local/lib/python3.12/site-packages/airflow/example_dags/example_datasets.py
[2026-04-10T09:02:53.247+0900] {processor.py:914} INFO - Processing file /home/airflow/.local/lib/python3.12/site-packages/airflow/example_dags/example_datasets.py for tasks to queue
[2026-04-10T09:02:53.249+0900] {logging_mixin.py:190} INFO - [2026-04-10T09:02:53.249+0900] {dagbag.py:587} INFO - Filling up the DagBag from /home/airflow/.local/lib/python3.12/site-packages/airflow/example_dags/example_datasets.py
[2026-04-10T09:02:53.496+0900] {processor.py:925} INFO - DAG(s) 'consume_1_or_2_with_dataset_expressions', 'consume_1_or_both_2_and_3_with_dataset_expressions', 'consume_1_and_2_with_dataset_expressions', 'conditional_dataset_and_time_based_timetable', 'dataset_consumes_1_never_scheduled', 'dataset_consumes_1', 'dataset_produces_1', 'dataset_consumes_1_and_2', 'dataset_consumes_unknown_never_scheduled', 'dataset_produces_2' retrieved from /home/airflow/.local/lib/python3.12/site-packages/airflow/example_dags/example_datasets.py
[2026-04-10T09:02:53.524+0900] {logging_mixin.py:190} INFO - [2026-04-10T09:02:53.524+0900] {dag.py:3211} INFO - Sync 10 DAGs
[2026-04-10T09:02:53.542+0900] {logging_mixin.py:190} INFO - [2026-04-10T09:02:53.542+0900] {dag.py:4138} INFO - Setting next_dagrun for conditional_dataset_and_time_based_timetable to 2026-04-08 01:00:00+00:00, run_after=2026-04-08 01:00:00+00:00
[2026-04-10T09:02:53.545+0900] {logging_mixin.py:190} INFO - [2026-04-10T09:02:53.545+0900] {dag.py:4138} INFO - Setting next_dagrun for consume_1_and_2_with_dataset_expressions to None, run_after=None
[2026-04-10T09:02:53.546+0900] {logging_mixin.py:190} INFO - [2026-04-10T09:02:53.546+0900] {dag.py:4138} INFO - Setting next_dagrun for consume_1_or_2_with_dataset_expressions to None, run_after=None
[2026-04-10T09:02:53.548+0900] {logging_mixin.py:190} INFO - [2026-04-10T09:02:53.547+0900] {dag.py:4138} INFO - Setting next_dagrun for consume_1_or_both_2_and_3_with_dataset_expressions to None, run_after=None
[2026-04-10T09:02:53.549+0900] {logging_mixin.py:190} INFO - [2026-04-10T09:02:53.549+0900] {dag.py:4138} INFO - Setting next_dagrun for dataset_consumes_1 to None, run_after=None
[2026-04-10T09:02:53.550+0900] {logging_mixin.py:190} INFO - [2026-04-10T09:02:53.550+0900] {dag.py:4138} INFO - Setting next_dagrun for dataset_consumes_1_and_2 to None, run_after=None
[2026-04-10T09:02:53.551+0900] {logging_mixin.py:190} INFO - [2026-04-10T09:02:53.551+0900] {dag.py:4138} INFO - Setting next_dagrun for dataset_consumes_1_never_scheduled to None, run_after=None
[2026-04-10T09:02:53.552+0900] {logging_mixin.py:190} INFO - [2026-04-10T09:02:53.552+0900] {dag.py:4138} INFO - Setting next_dagrun for dataset_consumes_unknown_never_scheduled to None, run_after=None
[2026-04-10T09:02:53.554+0900] {logging_mixin.py:190} INFO - [2026-04-10T09:02:53.554+0900] {dag.py:4138} INFO - Setting next_dagrun for dataset_produces_1 to 2026-04-09 00:00:00+00:00, run_after=2026-04-10 00:00:00+00:00
[2026-04-10T09:02:53.556+0900] {logging_mixin.py:190} INFO - [2026-04-10T09:02:53.555+0900] {dag.py:4138} INFO - Setting next_dagrun for dataset_produces_2 to None, run_after=None
[2026-04-10T09:02:53.576+0900] {processor.py:208} INFO - Processing /home/airflow/.local/lib/python3.12/site-packages/airflow/example_dags/example_datasets.py took 0.335 seconds
[2026-04-10T09:03:24.064+0900] {processor.py:186} INFO - Started process (PID=145849) to work on /home/airflow/.local/lib/python3.12/site-packages/airflow/example_dags/example_datasets.py
[2026-04-10T09:03:24.066+0900] {processor.py:914} INFO - Processing file /home/airflow/.local/lib/python3.12/site-packages/airflow/example_dags/example_datasets.py for tasks to queue
[2026-04-10T09:03:24.069+0900] {logging_mixin.py:190} INFO - [2026-04-10T09:03:24.068+0900] {dagbag.py:587} INFO - Filling up the DagBag from /home/airflow/.local/lib/python3.12/site-packages/airflow/example_dags/example_datasets.py
[2026-04-10T09:03:24.371+0900] {processor.py:925} INFO - DAG(s) 'consume_1_or_both_2_and_3_with_dataset_expressions', 'dataset_produces_1', 'dataset_consumes_unknown_never_scheduled', 'dataset_consumes_1_and_2', 'consume_1_or_2_with_dataset_expressions', 'conditional_dataset_and_time_based_timetable', 'consume_1_and_2_with_dataset_expressions', 'dataset_consumes_1', 'dataset_produces_2', 'dataset_consumes_1_never_scheduled' retrieved from /home/airflow/.local/lib/python3.12/site-packages/airflow/example_dags/example_datasets.py
[2026-04-10T09:03:24.402+0900] {logging_mixin.py:190} INFO - [2026-04-10T09:03:24.402+0900] {dag.py:3211} INFO - Sync 10 DAGs
[2026-04-10T09:03:24.419+0900] {logging_mixin.py:190} INFO - [2026-04-10T09:03:24.419+0900] {dag.py:4138} INFO - Setting next_dagrun for conditional_dataset_and_time_based_timetable to 2026-04-08 01:00:00+00:00, run_after=2026-04-08 01:00:00+00:00
[2026-04-10T09:03:24.422+0900] {logging_mixin.py:190} INFO - [2026-04-10T09:03:24.422+0900] {dag.py:4138} INFO - Setting next_dagrun for consume_1_and_2_with_dataset_expressions to None, run_after=None
[2026-04-10T09:03:24.423+0900] {logging_mixin.py:190} INFO - [2026-04-10T09:03:24.423+0900] {dag.py:4138} INFO - Setting next_dagrun for consume_1_or_2_with_dataset_expressions to None, run_after=None
[2026-04-10T09:03:24.424+0900] {logging_mixin.py:190} INFO - [2026-04-10T09:03:24.424+0900] {dag.py:4138} INFO - Setting next_dagrun for consume_1_or_both_2_and_3_with_dataset_expressions to None, run_after=None
[2026-04-10T09:03:24.425+0900] {logging_mixin.py:190} INFO - [2026-04-10T09:03:24.425+0900] {dag.py:4138} INFO - Setting next_dagrun for dataset_consumes_1 to None, run_after=None
[2026-04-10T09:03:24.426+0900] {logging_mixin.py:190} INFO - [2026-04-10T09:03:24.426+0900] {dag.py:4138} INFO - Setting next_dagrun for dataset_consumes_1_and_2 to None, run_after=None
[2026-04-10T09:03:24.427+0900] {logging_mixin.py:190} INFO - [2026-04-10T09:03:24.427+0900] {dag.py:4138} INFO - Setting next_dagrun for dataset_consumes_1_never_scheduled to None, run_after=None
[2026-04-10T09:03:24.428+0900] {logging_mixin.py:190} INFO - [2026-04-10T09:03:24.428+0900] {dag.py:4138} INFO - Setting next_dagrun for dataset_consumes_unknown_never_scheduled to None, run_after=None
[2026-04-10T09:03:24.430+0900] {logging_mixin.py:190} INFO - [2026-04-10T09:03:24.430+0900] {dag.py:4138} INFO - Setting next_dagrun for dataset_produces_1 to 2026-04-09 00:00:00+00:00, run_after=2026-04-10 00:00:00+00:00
[2026-04-10T09:03:24.431+0900] {logging_mixin.py:190} INFO - [2026-04-10T09:03:24.431+0900] {dag.py:4138} INFO - Setting next_dagrun for dataset_produces_2 to None, run_after=None
[2026-04-10T09:03:24.453+0900] {processor.py:208} INFO - Processing /home/airflow/.local/lib/python3.12/site-packages/airflow/example_dags/example_datasets.py took 0.396 seconds
[2026-04-10T09:03:55.253+0900] {processor.py:186} INFO - Started process (PID=145912) to work on /home/airflow/.local/lib/python3.12/site-packages/airflow/example_dags/example_datasets.py
[2026-04-10T09:03:55.254+0900] {processor.py:914} INFO - Processing file /home/airflow/.local/lib/python3.12/site-packages/airflow/example_dags/example_datasets.py for tasks to queue
[2026-04-10T09:03:55.256+0900] {logging_mixin.py:190} INFO - [2026-04-10T09:03:55.256+0900] {dagbag.py:587} INFO - Filling up the DagBag from /home/airflow/.local/lib/python3.12/site-packages/airflow/example_dags/example_datasets.py
[2026-04-10T09:03:55.530+0900] {processor.py:925} INFO - DAG(s) 'dataset_consumes_1', 'consume_1_or_both_2_and_3_with_dataset_expressions', 'dataset_consumes_1_never_scheduled', 'consume_1_or_2_with_dataset_expressions', 'consume_1_and_2_with_dataset_expressions', 'dataset_produces_2', 'dataset_produces_1', 'conditional_dataset_and_time_based_timetable', 'dataset_consumes_unknown_never_scheduled', 'dataset_consumes_1_and_2' retrieved from /home/airflow/.local/lib/python3.12/site-packages/airflow/example_dags/example_datasets.py
[2026-04-10T09:03:55.560+0900] {logging_mixin.py:190} INFO - [2026-04-10T09:03:55.560+0900] {dag.py:3211} INFO - Sync 10 DAGs
[2026-04-10T09:03:55.576+0900] {logging_mixin.py:190} INFO - [2026-04-10T09:03:55.576+0900] {dag.py:4138} INFO - Setting next_dagrun for conditional_dataset_and_time_based_timetable to 2026-04-08 01:00:00+00:00, run_after=2026-04-08 01:00:00+00:00
[2026-04-10T09:03:55.579+0900] {logging_mixin.py:190} INFO - [2026-04-10T09:03:55.579+0900] {dag.py:4138} INFO - Setting next_dagrun for consume_1_and_2_with_dataset_expressions to None, run_after=None
[2026-04-10T09:03:55.580+0900] {logging_mixin.py:190} INFO - [2026-04-10T09:03:55.580+0900] {dag.py:4138} INFO - Setting next_dagrun for consume_1_or_2_with_dataset_expressions to None, run_after=None
[2026-04-10T09:03:55.581+0900] {logging_mixin.py:190} INFO - [2026-04-10T09:03:55.581+0900] {dag.py:4138} INFO - Setting next_dagrun for consume_1_or_both_2_and_3_with_dataset_expressions to None, run_after=None
[2026-04-10T09:03:55.582+0900] {logging_mixin.py:190} INFO - [2026-04-10T09:03:55.582+0900] {dag.py:4138} INFO - Setting next_dagrun for dataset_consumes_1 to None, run_after=None
[2026-04-10T09:03:55.583+0900] {logging_mixin.py:190} INFO - [2026-04-10T09:03:55.583+0900] {dag.py:4138} INFO - Setting next_dagrun for dataset_consumes_1_and_2 to None, run_after=None
[2026-04-10T09:03:55.584+0900] {logging_mixin.py:190} INFO - [2026-04-10T09:03:55.584+0900] {dag.py:4138} INFO - Setting next_dagrun for dataset_consumes_1_never_scheduled to None, run_after=None
[2026-04-10T09:03:55.585+0900] {logging_mixin.py:190} INFO - [2026-04-10T09:03:55.585+0900] {dag.py:4138} INFO - Setting next_dagrun for dataset_consumes_unknown_never_scheduled to None, run_after=None
[2026-04-10T09:03:55.587+0900] {logging_mixin.py:190} INFO - [2026-04-10T09:03:55.587+0900] {dag.py:4138} INFO - Setting next_dagrun for dataset_produces_1 to 2026-04-09 00:00:00+00:00, run_after=2026-04-10 00:00:00+00:00
[2026-04-10T09:03:55.588+0900] {logging_mixin.py:190} INFO - [2026-04-10T09:03:55.588+0900] {dag.py:4138} INFO - Setting next_dagrun for dataset_produces_2 to None, run_after=None
[2026-04-10T09:03:55.610+0900] {processor.py:208} INFO - Processing /home/airflow/.local/lib/python3.12/site-packages/airflow/example_dags/example_datasets.py took 0.361 seconds
[2026-04-10T09:04:25.700+0900] {processor.py:186} INFO - Started process (PID=145975) to work on /home/airflow/.local/lib/python3.12/site-packages/airflow/example_dags/example_datasets.py
[2026-04-10T09:04:25.701+0900] {processor.py:914} INFO - Processing file /home/airflow/.local/lib/python3.12/site-packages/airflow/example_dags/example_datasets.py for tasks to queue
[2026-04-10T09:04:25.703+0900] {logging_mixin.py:190} INFO - [2026-04-10T09:04:25.703+0900] {dagbag.py:587} INFO - Filling up the DagBag from /home/airflow/.local/lib/python3.12/site-packages/airflow/example_dags/example_datasets.py
[2026-04-10T09:04:25.952+0900] {processor.py:925} INFO - DAG(s) 'dataset_produces_2', 'dataset_produces_1', 'consume_1_and_2_with_dataset_expressions', 'dataset_consumes_unknown_never_scheduled', 'consume_1_or_2_with_dataset_expressions', 'dataset_consumes_1_and_2', 'dataset_consumes_1_never_scheduled', 'dataset_consumes_1', 'consume_1_or_both_2_and_3_with_dataset_expressions', 'conditional_dataset_and_time_based_timetable' retrieved from /home/airflow/.local/lib/python3.12/site-packages/airflow/example_dags/example_datasets.py
[2026-04-10T09:04:25.979+0900] {logging_mixin.py:190} INFO - [2026-04-10T09:04:25.979+0900] {dag.py:3211} INFO - Sync 10 DAGs
[2026-04-10T09:04:25.995+0900] {logging_mixin.py:190} INFO - [2026-04-10T09:04:25.995+0900] {dag.py:4138} INFO - Setting next_dagrun for conditional_dataset_and_time_based_timetable to 2026-04-08 01:00:00+00:00, run_after=2026-04-08 01:00:00+00:00
[2026-04-10T09:04:25.998+0900] {logging_mixin.py:190} INFO - [2026-04-10T09:04:25.997+0900] {dag.py:4138} INFO - Setting next_dagrun for consume_1_and_2_with_dataset_expressions to None, run_after=None
[2026-04-10T09:04:25.999+0900] {logging_mixin.py:190} INFO - [2026-04-10T09:04:25.999+0900] {dag.py:4138} INFO - Setting next_dagrun for consume_1_or_2_with_dataset_expressions to None, run_after=None
[2026-04-10T09:04:26.000+0900] {logging_mixin.py:190} INFO - [2026-04-10T09:04:26.000+0900] {dag.py:4138} INFO - Setting next_dagrun for consume_1_or_both_2_and_3_with_dataset_expressions to None, run_after=None
[2026-04-10T09:04:26.001+0900] {logging_mixin.py:190} INFO - [2026-04-10T09:04:26.001+0900] {dag.py:4138} INFO - Setting next_dagrun for dataset_consumes_1 to None, run_after=None
[2026-04-10T09:04:26.002+0900] {logging_mixin.py:190} INFO - [2026-04-10T09:04:26.001+0900] {dag.py:4138} INFO - Setting next_dagrun for dataset_consumes_1_and_2 to None, run_after=None
[2026-04-10T09:04:26.003+0900] {logging_mixin.py:190} INFO - [2026-04-10T09:04:26.003+0900] {dag.py:4138} INFO - Setting next_dagrun for dataset_consumes_1_never_scheduled to None, run_after=None
[2026-04-10T09:04:26.004+0900] {logging_mixin.py:190} INFO - [2026-04-10T09:04:26.004+0900] {dag.py:4138} INFO - Setting next_dagrun for dataset_consumes_unknown_never_scheduled to None, run_after=None
[2026-04-10T09:04:26.006+0900] {logging_mixin.py:190} INFO - [2026-04-10T09:04:26.006+0900] {dag.py:4138} INFO - Setting next_dagrun for dataset_produces_1 to 2026-04-09 00:00:00+00:00, run_after=2026-04-10 00:00:00+00:00
[2026-04-10T09:04:26.007+0900] {logging_mixin.py:190} INFO - [2026-04-10T09:04:26.007+0900] {dag.py:4138} INFO - Setting next_dagrun for dataset_produces_2 to None, run_after=None
[2026-04-10T09:04:26.027+0900] {processor.py:208} INFO - Processing /home/airflow/.local/lib/python3.12/site-packages/airflow/example_dags/example_datasets.py took 0.332 seconds
[2026-04-10T09:04:56.421+0900] {processor.py:186} INFO - Started process (PID=146038) to work on /home/airflow/.local/lib/python3.12/site-packages/airflow/example_dags/example_datasets.py
[2026-04-10T09:04:56.422+0900] {processor.py:914} INFO - Processing file /home/airflow/.local/lib/python3.12/site-packages/airflow/example_dags/example_datasets.py for tasks to queue
[2026-04-10T09:04:56.424+0900] {logging_mixin.py:190} INFO - [2026-04-10T09:04:56.424+0900] {dagbag.py:587} INFO - Filling up the DagBag from /home/airflow/.local/lib/python3.12/site-packages/airflow/example_dags/example_datasets.py
[2026-04-10T09:04:56.694+0900] {processor.py:925} INFO - DAG(s) 'consume_1_or_both_2_and_3_with_dataset_expressions', 'dataset_consumes_1_never_scheduled', 'conditional_dataset_and_time_based_timetable', 'dataset_produces_2', 'dataset_consumes_1', 'consume_1_or_2_with_dataset_expressions', 'dataset_produces_1', 'dataset_consumes_unknown_never_scheduled', 'consume_1_and_2_with_dataset_expressions', 'dataset_consumes_1_and_2' retrieved from /home/airflow/.local/lib/python3.12/site-packages/airflow/example_dags/example_datasets.py
[2026-04-10T09:04:56.725+0900] {logging_mixin.py:190} INFO - [2026-04-10T09:04:56.725+0900] {dag.py:3211} INFO - Sync 10 DAGs
[2026-04-10T09:04:56.743+0900] {logging_mixin.py:190} INFO - [2026-04-10T09:04:56.743+0900] {dag.py:4138} INFO - Setting next_dagrun for conditional_dataset_and_time_based_timetable to 2026-04-08 01:00:00+00:00, run_after=2026-04-08 01:00:00+00:00
[2026-04-10T09:04:56.746+0900] {logging_mixin.py:190} INFO - [2026-04-10T09:04:56.746+0900] {dag.py:4138} INFO - Setting next_dagrun for consume_1_and_2_with_dataset_expressions to None, run_after=None
[2026-04-10T09:04:56.748+0900] {logging_mixin.py:190} INFO - [2026-04-10T09:04:56.748+0900] {dag.py:4138} INFO - Setting next_dagrun for consume_1_or_2_with_dataset_expressions to None, run_after=None
[2026-04-10T09:04:56.750+0900] {logging_mixin.py:190} INFO - [2026-04-10T09:04:56.749+0900] {dag.py:4138} INFO - Setting next_dagrun for consume_1_or_both_2_and_3_with_dataset_expressions to None, run_after=None
[2026-04-10T09:04:56.750+0900] {logging_mixin.py:190} INFO - [2026-04-10T09:04:56.750+0900] {dag.py:4138} INFO - Setting next_dagrun for dataset_consumes_1 to None, run_after=None
[2026-04-10T09:04:56.752+0900] {logging_mixin.py:190} INFO - [2026-04-10T09:04:56.751+0900] {dag.py:4138} INFO - Setting next_dagrun for dataset_consumes_1_and_2 to None, run_after=None
[2026-04-10T09:04:56.752+0900] {logging_mixin.py:190} INFO - [2026-04-10T09:04:56.752+0900] {dag.py:4138} INFO - Setting next_dagrun for dataset_consumes_1_never_scheduled to None, run_after=None
[2026-04-10T09:04:56.753+0900] {logging_mixin.py:190} INFO - [2026-04-10T09:04:56.753+0900] {dag.py:4138} INFO - Setting next_dagrun for dataset_consumes_unknown_never_scheduled to None, run_after=None
[2026-04-10T09:04:56.755+0900] {logging_mixin.py:190} INFO - [2026-04-10T09:04:56.755+0900] {dag.py:4138} INFO - Setting next_dagrun for dataset_produces_1 to 2026-04-09 00:00:00+00:00, run_after=2026-04-10 00:00:00+00:00
[2026-04-10T09:04:56.756+0900] {logging_mixin.py:190} INFO - [2026-04-10T09:04:56.756+0900] {dag.py:4138} INFO - Setting next_dagrun for dataset_produces_2 to None, run_after=None
[2026-04-10T09:04:56.779+0900] {processor.py:208} INFO - Processing /home/airflow/.local/lib/python3.12/site-packages/airflow/example_dags/example_datasets.py took 0.363 seconds
[2026-04-10T09:05:27.665+0900] {processor.py:186} INFO - Started process (PID=146101) to work on /home/airflow/.local/lib/python3.12/site-packages/airflow/example_dags/example_datasets.py
[2026-04-10T09:05:27.666+0900] {processor.py:914} INFO - Processing file /home/airflow/.local/lib/python3.12/site-packages/airflow/example_dags/example_datasets.py for tasks to queue
[2026-04-10T09:05:27.668+0900] {logging_mixin.py:190} INFO - [2026-04-10T09:05:27.668+0900] {dagbag.py:587} INFO - Filling up the DagBag from /home/airflow/.local/lib/python3.12/site-packages/airflow/example_dags/example_datasets.py
[2026-04-10T09:05:27.944+0900] {processor.py:925} INFO - DAG(s) 'dataset_consumes_unknown_never_scheduled', 'consume_1_or_2_with_dataset_expressions', 'conditional_dataset_and_time_based_timetable', 'consume_1_and_2_with_dataset_expressions', 'dataset_produces_1', 'dataset_consumes_1', 'dataset_produces_2', 'dataset_consumes_1_and_2', 'consume_1_or_both_2_and_3_with_dataset_expressions', 'dataset_consumes_1_never_scheduled' retrieved from /home/airflow/.local/lib/python3.12/site-packages/airflow/example_dags/example_datasets.py
[2026-04-10T09:05:27.973+0900] {logging_mixin.py:190} INFO - [2026-04-10T09:05:27.973+0900] {dag.py:3211} INFO - Sync 10 DAGs
[2026-04-10T09:05:27.990+0900] {logging_mixin.py:190} INFO - [2026-04-10T09:05:27.990+0900] {dag.py:4138} INFO - Setting next_dagrun for conditional_dataset_and_time_based_timetable to 2026-04-08 01:00:00+00:00, run_after=2026-04-08 01:00:00+00:00
[2026-04-10T09:05:27.994+0900] {logging_mixin.py:190} INFO - [2026-04-10T09:05:27.994+0900] {dag.py:4138} INFO - Setting next_dagrun for consume_1_and_2_with_dataset_expressions to None, run_after=None
[2026-04-10T09:05:27.996+0900] {logging_mixin.py:190} INFO - [2026-04-10T09:05:27.996+0900] {dag.py:4138} INFO - Setting next_dagrun for consume_1_or_2_with_dataset_expressions to None, run_after=None
[2026-04-10T09:05:27.997+0900] {logging_mixin.py:190} INFO - [2026-04-10T09:05:27.997+0900] {dag.py:4138} INFO - Setting next_dagrun for consume_1_or_both_2_and_3_with_dataset_expressions to None, run_after=None
[2026-04-10T09:05:27.999+0900] {logging_mixin.py:190} INFO - [2026-04-10T09:05:27.999+0900] {dag.py:4138} INFO - Setting next_dagrun for dataset_consumes_1 to None, run_after=None
[2026-04-10T09:05:28.000+0900] {logging_mixin.py:190} INFO - [2026-04-10T09:05:28.000+0900] {dag.py:4138} INFO - Setting next_dagrun for dataset_consumes_1_and_2 to None, run_after=None
[2026-04-10T09:05:28.002+0900] {logging_mixin.py:190} INFO - [2026-04-10T09:05:28.002+0900] {dag.py:4138} INFO - Setting next_dagrun for dataset_consumes_1_never_scheduled to None, run_after=None
[2026-04-10T09:05:28.004+0900] {logging_mixin.py:190} INFO - [2026-04-10T09:05:28.004+0900] {dag.py:4138} INFO - Setting next_dagrun for dataset_consumes_unknown_never_scheduled to None, run_after=None
[2026-04-10T09:05:28.006+0900] {logging_mixin.py:190} INFO - [2026-04-10T09:05:28.006+0900] {dag.py:4138} INFO - Setting next_dagrun for dataset_produces_1 to 2026-04-09 00:00:00+00:00, run_after=2026-04-10 00:00:00+00:00
[2026-04-10T09:05:28.008+0900] {logging_mixin.py:190} INFO - [2026-04-10T09:05:28.008+0900] {dag.py:4138} INFO - Setting next_dagrun for dataset_produces_2 to None, run_after=None
[2026-04-10T09:05:28.032+0900] {processor.py:208} INFO - Processing /home/airflow/.local/lib/python3.12/site-packages/airflow/example_dags/example_datasets.py took 0.372 seconds
[2026-04-10T09:05:58.797+0900] {processor.py:186} INFO - Started process (PID=146164) to work on /home/airflow/.local/lib/python3.12/site-packages/airflow/example_dags/example_datasets.py
[2026-04-10T09:05:58.798+0900] {processor.py:914} INFO - Processing file /home/airflow/.local/lib/python3.12/site-packages/airflow/example_dags/example_datasets.py for tasks to queue
[2026-04-10T09:05:58.800+0900] {logging_mixin.py:190} INFO - [2026-04-10T09:05:58.799+0900] {dagbag.py:587} INFO - Filling up the DagBag from /home/airflow/.local/lib/python3.12/site-packages/airflow/example_dags/example_datasets.py
[2026-04-10T09:05:59.039+0900] {processor.py:925} INFO - DAG(s) 'dataset_consumes_1', 'conditional_dataset_and_time_based_timetable', 'consume_1_or_both_2_and_3_with_dataset_expressions', 'consume_1_and_2_with_dataset_expressions', 'consume_1_or_2_with_dataset_expressions', 'dataset_consumes_unknown_never_scheduled', 'dataset_consumes_1_never_scheduled', 'dataset_produces_2', 'dataset_consumes_1_and_2', 'dataset_produces_1' retrieved from /home/airflow/.local/lib/python3.12/site-packages/airflow/example_dags/example_datasets.py
[2026-04-10T09:05:59.065+0900] {logging_mixin.py:190} INFO - [2026-04-10T09:05:59.065+0900] {dag.py:3211} INFO - Sync 10 DAGs
[2026-04-10T09:05:59.082+0900] {logging_mixin.py:190} INFO - [2026-04-10T09:05:59.082+0900] {dag.py:4138} INFO - Setting next_dagrun for conditional_dataset_and_time_based_timetable to 2026-04-08 01:00:00+00:00, run_after=2026-04-08 01:00:00+00:00
[2026-04-10T09:05:59.085+0900] {logging_mixin.py:190} INFO - [2026-04-10T09:05:59.084+0900] {dag.py:4138} INFO - Setting next_dagrun for consume_1_and_2_with_dataset_expressions to None, run_after=None
[2026-04-10T09:05:59.086+0900] {logging_mixin.py:190} INFO - [2026-04-10T09:05:59.086+0900] {dag.py:4138} INFO - Setting next_dagrun for consume_1_or_2_with_dataset_expressions to None, run_after=None
[2026-04-10T09:05:59.087+0900] {logging_mixin.py:190} INFO - [2026-04-10T09:05:59.087+0900] {dag.py:4138} INFO - Setting next_dagrun for consume_1_or_both_2_and_3_with_dataset_expressions to None, run_after=None
[2026-04-10T09:05:59.088+0900] {logging_mixin.py:190} INFO - [2026-04-10T09:05:59.088+0900] {dag.py:4138} INFO - Setting next_dagrun for dataset_consumes_1 to None, run_after=None
[2026-04-10T09:05:59.090+0900] {logging_mixin.py:190} INFO - [2026-04-10T09:05:59.090+0900] {dag.py:4138} INFO - Setting next_dagrun for dataset_consumes_1_and_2 to None, run_after=None
[2026-04-10T09:05:59.091+0900] {logging_mixin.py:190} INFO - [2026-04-10T09:05:59.091+0900] {dag.py:4138} INFO - Setting next_dagrun for dataset_consumes_1_never_scheduled to None, run_after=None
[2026-04-10T09:05:59.093+0900] {logging_mixin.py:190} INFO - [2026-04-10T09:05:59.093+0900] {dag.py:4138} INFO - Setting next_dagrun for dataset_consumes_unknown_never_scheduled to None, run_after=None
[2026-04-10T09:05:59.094+0900] {logging_mixin.py:190} INFO - [2026-04-10T09:05:59.094+0900] {dag.py:4138} INFO - Setting next_dagrun for dataset_produces_1 to 2026-04-09 00:00:00+00:00, run_after=2026-04-10 00:00:00+00:00
[2026-04-10T09:05:59.096+0900] {logging_mixin.py:190} INFO - [2026-04-10T09:05:59.096+0900] {dag.py:4138} INFO - Setting next_dagrun for dataset_produces_2 to None, run_after=None
[2026-04-10T09:05:59.118+0900] {processor.py:208} INFO - Processing /home/airflow/.local/lib/python3.12/site-packages/airflow/example_dags/example_datasets.py took 0.326 seconds
[2026-04-10T09:06:29.241+0900] {processor.py:186} INFO - Started process (PID=146228) to work on /home/airflow/.local/lib/python3.12/site-packages/airflow/example_dags/example_datasets.py
[2026-04-10T09:06:29.242+0900] {processor.py:914} INFO - Processing file /home/airflow/.local/lib/python3.12/site-packages/airflow/example_dags/example_datasets.py for tasks to queue
[2026-04-10T09:06:29.244+0900] {logging_mixin.py:190} INFO - [2026-04-10T09:06:29.243+0900] {dagbag.py:587} INFO - Filling up the DagBag from /home/airflow/.local/lib/python3.12/site-packages/airflow/example_dags/example_datasets.py
[2026-04-10T09:06:29.505+0900] {processor.py:925} INFO - DAG(s) 'dataset_consumes_1_and_2', 'dataset_produces_2', 'consume_1_or_2_with_dataset_expressions', 'dataset_consumes_1_never_scheduled', 'dataset_produces_1', 'conditional_dataset_and_time_based_timetable', 'dataset_consumes_unknown_never_scheduled', 'consume_1_or_both_2_and_3_with_dataset_expressions', 'consume_1_and_2_with_dataset_expressions', 'dataset_consumes_1' retrieved from /home/airflow/.local/lib/python3.12/site-packages/airflow/example_dags/example_datasets.py
[2026-04-10T09:06:29.536+0900] {logging_mixin.py:190} INFO - [2026-04-10T09:06:29.535+0900] {dag.py:3211} INFO - Sync 10 DAGs
[2026-04-10T09:06:29.550+0900] {logging_mixin.py:190} INFO - [2026-04-10T09:06:29.550+0900] {dag.py:4138} INFO - Setting next_dagrun for conditional_dataset_and_time_based_timetable to 2026-04-08 01:00:00+00:00, run_after=2026-04-08 01:00:00+00:00
[2026-04-10T09:06:29.553+0900] {logging_mixin.py:190} INFO - [2026-04-10T09:06:29.552+0900] {dag.py:4138} INFO - Setting next_dagrun for consume_1_and_2_with_dataset_expressions to None, run_after=None
[2026-04-10T09:06:29.554+0900] {logging_mixin.py:190} INFO - [2026-04-10T09:06:29.554+0900] {dag.py:4138} INFO - Setting next_dagrun for consume_1_or_2_with_dataset_expressions to None, run_after=None
[2026-04-10T09:06:29.555+0900] {logging_mixin.py:190} INFO - [2026-04-10T09:06:29.555+0900] {dag.py:4138} INFO - Setting next_dagrun for consume_1_or_both_2_and_3_with_dataset_expressions to None, run_after=None
[2026-04-10T09:06:29.557+0900] {logging_mixin.py:190} INFO - [2026-04-10T09:06:29.557+0900] {dag.py:4138} INFO - Setting next_dagrun for dataset_consumes_1 to None, run_after=None
[2026-04-10T09:06:29.558+0900] {logging_mixin.py:190} INFO - [2026-04-10T09:06:29.558+0900] {dag.py:4138} INFO - Setting next_dagrun for dataset_consumes_1_and_2 to None, run_after=None
[2026-04-10T09:06:29.559+0900] {logging_mixin.py:190} INFO - [2026-04-10T09:06:29.559+0900] {dag.py:4138} INFO - Setting next_dagrun for dataset_consumes_1_never_scheduled to None, run_after=None
[2026-04-10T09:06:29.560+0900] {logging_mixin.py:190} INFO - [2026-04-10T09:06:29.560+0900] {dag.py:4138} INFO - Setting next_dagrun for dataset_consumes_unknown_never_scheduled to None, run_after=None
[2026-04-10T09:06:29.562+0900] {logging_mixin.py:190} INFO - [2026-04-10T09:06:29.562+0900] {dag.py:4138} INFO - Setting next_dagrun for dataset_produces_1 to 2026-04-09 00:00:00+00:00, run_after=2026-04-10 00:00:00+00:00
[2026-04-10T09:06:29.563+0900] {logging_mixin.py:190} INFO - [2026-04-10T09:06:29.563+0900] {dag.py:4138} INFO - Setting next_dagrun for dataset_produces_2 to None, run_after=None
[2026-04-10T09:06:29.580+0900] {processor.py:208} INFO - Processing /home/airflow/.local/lib/python3.12/site-packages/airflow/example_dags/example_datasets.py took 0.345 seconds
[2026-04-10T09:06:59.642+0900] {processor.py:186} INFO - Started process (PID=146291) to work on /home/airflow/.local/lib/python3.12/site-packages/airflow/example_dags/example_datasets.py
[2026-04-10T09:06:59.643+0900] {processor.py:914} INFO - Processing file /home/airflow/.local/lib/python3.12/site-packages/airflow/example_dags/example_datasets.py for tasks to queue
[2026-04-10T09:06:59.647+0900] {logging_mixin.py:190} INFO - [2026-04-10T09:06:59.647+0900] {dagbag.py:587} INFO - Filling up the DagBag from /home/airflow/.local/lib/python3.12/site-packages/airflow/example_dags/example_datasets.py
[2026-04-10T09:06:59.996+0900] {processor.py:925} INFO - DAG(s) 'dataset_produces_2', 'consume_1_and_2_with_dataset_expressions', 'conditional_dataset_and_time_based_timetable', 'dataset_consumes_1', 'consume_1_or_2_with_dataset_expressions', 'dataset_produces_1', 'dataset_consumes_1_never_scheduled', 'consume_1_or_both_2_and_3_with_dataset_expressions', 'dataset_consumes_unknown_never_scheduled', 'dataset_consumes_1_and_2' retrieved from /home/airflow/.local/lib/python3.12/site-packages/airflow/example_dags/example_datasets.py
[2026-04-10T09:07:00.040+0900] {logging_mixin.py:190} INFO - [2026-04-10T09:07:00.039+0900] {dag.py:3211} INFO - Sync 10 DAGs
[2026-04-10T09:07:00.062+0900] {logging_mixin.py:190} INFO - [2026-04-10T09:07:00.062+0900] {dag.py:4138} INFO - Setting next_dagrun for conditional_dataset_and_time_based_timetable to 2026-04-08 01:00:00+00:00, run_after=2026-04-08 01:00:00+00:00
[2026-04-10T09:07:00.066+0900] {logging_mixin.py:190} INFO - [2026-04-10T09:07:00.066+0900] {dag.py:4138} INFO - Setting next_dagrun for consume_1_and_2_with_dataset_expressions to None, run_after=None
[2026-04-10T09:07:00.069+0900] {logging_mixin.py:190} INFO - [2026-04-10T09:07:00.068+0900] {dag.py:4138} INFO - Setting next_dagrun for consume_1_or_2_with_dataset_expressions to None, run_after=None
[2026-04-10T09:07:00.070+0900] {logging_mixin.py:190} INFO - [2026-04-10T09:07:00.070+0900] {dag.py:4138} INFO - Setting next_dagrun for consume_1_or_both_2_and_3_with_dataset_expressions to None, run_after=None
[2026-04-10T09:07:00.073+0900] {logging_mixin.py:190} INFO - [2026-04-10T09:07:00.073+0900] {dag.py:4138} INFO - Setting next_dagrun for dataset_consumes_1 to None, run_after=None
[2026-04-10T09:07:00.075+0900] {logging_mixin.py:190} INFO - [2026-04-10T09:07:00.075+0900] {dag.py:4138} INFO - Setting next_dagrun for dataset_consumes_1_and_2 to None, run_after=None
[2026-04-10T09:07:00.077+0900] {logging_mixin.py:190} INFO - [2026-04-10T09:07:00.076+0900] {dag.py:4138} INFO - Setting next_dagrun for dataset_consumes_1_never_scheduled to None, run_after=None
[2026-04-10T09:07:00.078+0900] {logging_mixin.py:190} INFO - [2026-04-10T09:07:00.078+0900] {dag.py:4138} INFO - Setting next_dagrun for dataset_consumes_unknown_never_scheduled to None, run_after=None
[2026-04-10T09:07:00.081+0900] {logging_mixin.py:190} INFO - [2026-04-10T09:07:00.081+0900] {dag.py:4138} INFO - Setting next_dagrun for dataset_produces_1 to 2026-04-09 00:00:00+00:00, run_after=2026-04-10 00:00:00+00:00
[2026-04-10T09:07:00.082+0900] {logging_mixin.py:190} INFO - [2026-04-10T09:07:00.082+0900] {dag.py:4138} INFO - Setting next_dagrun for dataset_produces_2 to None, run_after=None
[2026-04-10T09:07:00.110+0900] {processor.py:208} INFO - Processing /home/airflow/.local/lib/python3.12/site-packages/airflow/example_dags/example_datasets.py took 0.476 seconds
[2026-04-10T09:07:30.389+0900] {processor.py:186} INFO - Started process (PID=146354) to work on /home/airflow/.local/lib/python3.12/site-packages/airflow/example_dags/example_datasets.py
[2026-04-10T09:07:30.390+0900] {processor.py:914} INFO - Processing file /home/airflow/.local/lib/python3.12/site-packages/airflow/example_dags/example_datasets.py for tasks to queue
[2026-04-10T09:07:30.392+0900] {logging_mixin.py:190} INFO - [2026-04-10T09:07:30.392+0900] {dagbag.py:587} INFO - Filling up the DagBag from /home/airflow/.local/lib/python3.12/site-packages/airflow/example_dags/example_datasets.py
[2026-04-10T09:07:30.623+0900] {processor.py:925} INFO - DAG(s) 'consume_1_or_both_2_and_3_with_dataset_expressions', 'conditional_dataset_and_time_based_timetable', 'dataset_consumes_1_never_scheduled', 'dataset_consumes_unknown_never_scheduled', 'consume_1_or_2_with_dataset_expressions', 'dataset_produces_2', 'dataset_consumes_1_and_2', 'consume_1_and_2_with_dataset_expressions', 'dataset_consumes_1', 'dataset_produces_1' retrieved from /home/airflow/.local/lib/python3.12/site-packages/airflow/example_dags/example_datasets.py
[2026-04-10T09:07:30.660+0900] {logging_mixin.py:190} INFO - [2026-04-10T09:07:30.659+0900] {dag.py:3211} INFO - Sync 10 DAGs
[2026-04-10T09:07:30.677+0900] {logging_mixin.py:190} INFO - [2026-04-10T09:07:30.677+0900] {dag.py:4138} INFO - Setting next_dagrun for conditional_dataset_and_time_based_timetable to 2026-04-08 01:00:00+00:00, run_after=2026-04-08 01:00:00+00:00
[2026-04-10T09:07:30.679+0900] {logging_mixin.py:190} INFO - [2026-04-10T09:07:30.679+0900] {dag.py:4138} INFO - Setting next_dagrun for consume_1_and_2_with_dataset_expressions to None, run_after=None
[2026-04-10T09:07:30.681+0900] {logging_mixin.py:190} INFO - [2026-04-10T09:07:30.681+0900] {dag.py:4138} INFO - Setting next_dagrun for consume_1_or_2_with_dataset_expressions to None, run_after=None
[2026-04-10T09:07:30.682+0900] {logging_mixin.py:190} INFO - [2026-04-10T09:07:30.682+0900] {dag.py:4138} INFO - Setting next_dagrun for consume_1_or_both_2_and_3_with_dataset_expressions to None, run_after=None
[2026-04-10T09:07:30.683+0900] {logging_mixin.py:190} INFO - [2026-04-10T09:07:30.683+0900] {dag.py:4138} INFO - Setting next_dagrun for dataset_consumes_1 to None, run_after=None
[2026-04-10T09:07:30.684+0900] {logging_mixin.py:190} INFO - [2026-04-10T09:07:30.684+0900] {dag.py:4138} INFO - Setting next_dagrun for dataset_consumes_1_and_2 to None, run_after=None
[2026-04-10T09:07:30.685+0900] {logging_mixin.py:190} INFO - [2026-04-10T09:07:30.685+0900] {dag.py:4138} INFO - Setting next_dagrun for dataset_consumes_1_never_scheduled to None, run_after=None
[2026-04-10T09:07:30.686+0900] {logging_mixin.py:190} INFO - [2026-04-10T09:07:30.686+0900] {dag.py:4138} INFO - Setting next_dagrun for dataset_consumes_unknown_never_scheduled to None, run_after=None
[2026-04-10T09:07:30.688+0900] {logging_mixin.py:190} INFO - [2026-04-10T09:07:30.688+0900] {dag.py:4138} INFO - Setting next_dagrun for dataset_produces_1 to 2026-04-09 00:00:00+00:00, run_after=2026-04-10 00:00:00+00:00
[2026-04-10T09:07:30.689+0900] {logging_mixin.py:190} INFO - [2026-04-10T09:07:30.689+0900] {dag.py:4138} INFO - Setting next_dagrun for dataset_produces_2 to None, run_after=None
[2026-04-10T09:07:30.710+0900] {processor.py:208} INFO - Processing /home/airflow/.local/lib/python3.12/site-packages/airflow/example_dags/example_datasets.py took 0.325 seconds
[2026-04-10T09:08:00.871+0900] {processor.py:186} INFO - Started process (PID=146416) to work on /home/airflow/.local/lib/python3.12/site-packages/airflow/example_dags/example_datasets.py
[2026-04-10T09:08:00.873+0900] {processor.py:914} INFO - Processing file /home/airflow/.local/lib/python3.12/site-packages/airflow/example_dags/example_datasets.py for tasks to queue
[2026-04-10T09:08:00.875+0900] {logging_mixin.py:190} INFO - [2026-04-10T09:08:00.874+0900] {dagbag.py:587} INFO - Filling up the DagBag from /home/airflow/.local/lib/python3.12/site-packages/airflow/example_dags/example_datasets.py
[2026-04-10T09:08:01.122+0900] {processor.py:925} INFO - DAG(s) 'conditional_dataset_and_time_based_timetable', 'consume_1_or_both_2_and_3_with_dataset_expressions', 'consume_1_or_2_with_dataset_expressions', 'dataset_consumes_1_never_scheduled', 'dataset_produces_2', 'dataset_consumes_unknown_never_scheduled', 'dataset_consumes_1_and_2', 'dataset_produces_1', 'consume_1_and_2_with_dataset_expressions', 'dataset_consumes_1' retrieved from /home/airflow/.local/lib/python3.12/site-packages/airflow/example_dags/example_datasets.py
[2026-04-10T09:08:01.155+0900] {logging_mixin.py:190} INFO - [2026-04-10T09:08:01.155+0900] {dag.py:3211} INFO - Sync 10 DAGs
[2026-04-10T09:08:01.171+0900] {logging_mixin.py:190} INFO - [2026-04-10T09:08:01.171+0900] {dag.py:4138} INFO - Setting next_dagrun for conditional_dataset_and_time_based_timetable to 2026-04-08 01:00:00+00:00, run_after=2026-04-08 01:00:00+00:00
[2026-04-10T09:08:01.174+0900] {logging_mixin.py:190} INFO - [2026-04-10T09:08:01.174+0900] {dag.py:4138} INFO - Setting next_dagrun for consume_1_and_2_with_dataset_expressions to None, run_after=None
[2026-04-10T09:08:01.176+0900] {logging_mixin.py:190} INFO - [2026-04-10T09:08:01.176+0900] {dag.py:4138} INFO - Setting next_dagrun for consume_1_or_2_with_dataset_expressions to None, run_after=None
[2026-04-10T09:08:01.178+0900] {logging_mixin.py:190} INFO - [2026-04-10T09:08:01.178+0900] {dag.py:4138} INFO - Setting next_dagrun for consume_1_or_both_2_and_3_with_dataset_expressions to None, run_after=None
[2026-04-10T09:08:01.179+0900] {logging_mixin.py:190} INFO - [2026-04-10T09:08:01.179+0900] {dag.py:4138} INFO - Setting next_dagrun for dataset_consumes_1 to None, run_after=None
[2026-04-10T09:08:01.181+0900] {logging_mixin.py:190} INFO - [2026-04-10T09:08:01.181+0900] {dag.py:4138} INFO - Setting next_dagrun for dataset_consumes_1_and_2 to None, run_after=None
[2026-04-10T09:08:01.182+0900] {logging_mixin.py:190} INFO - [2026-04-10T09:08:01.182+0900] {dag.py:4138} INFO - Setting next_dagrun for dataset_consumes_1_never_scheduled to None, run_after=None
[2026-04-10T09:08:01.183+0900] {logging_mixin.py:190} INFO - [2026-04-10T09:08:01.183+0900] {dag.py:4138} INFO - Setting next_dagrun for dataset_consumes_unknown_never_scheduled to None, run_after=None
[2026-04-10T09:08:01.185+0900] {logging_mixin.py:190} INFO - [2026-04-10T09:08:01.185+0900] {dag.py:4138} INFO - Setting next_dagrun for dataset_produces_1 to 2026-04-09 00:00:00+00:00, run_after=2026-04-10 00:00:00+00:00
[2026-04-10T09:08:01.187+0900] {logging_mixin.py:190} INFO - [2026-04-10T09:08:01.187+0900] {dag.py:4138} INFO - Setting next_dagrun for dataset_produces_2 to None, run_after=None
[2026-04-10T09:08:01.209+0900] {processor.py:208} INFO - Processing /home/airflow/.local/lib/python3.12/site-packages/airflow/example_dags/example_datasets.py took 0.342 seconds
[2026-04-10T09:08:31.392+0900] {processor.py:186} INFO - Started process (PID=146479) to work on /home/airflow/.local/lib/python3.12/site-packages/airflow/example_dags/example_datasets.py
[2026-04-10T09:08:31.393+0900] {processor.py:914} INFO - Processing file /home/airflow/.local/lib/python3.12/site-packages/airflow/example_dags/example_datasets.py for tasks to queue
[2026-04-10T09:08:31.396+0900] {logging_mixin.py:190} INFO - [2026-04-10T09:08:31.395+0900] {dagbag.py:587} INFO - Filling up the DagBag from /home/airflow/.local/lib/python3.12/site-packages/airflow/example_dags/example_datasets.py
[2026-04-10T09:08:31.656+0900] {processor.py:925} INFO - DAG(s) 'consume_1_or_2_with_dataset_expressions', 'dataset_consumes_1_never_scheduled', 'dataset_consumes_1_and_2', 'consume_1_or_both_2_and_3_with_dataset_expressions', 'dataset_consumes_unknown_never_scheduled', 'dataset_produces_1', 'dataset_consumes_1', 'conditional_dataset_and_time_based_timetable', 'consume_1_and_2_with_dataset_expressions', 'dataset_produces_2' retrieved from /home/airflow/.local/lib/python3.12/site-packages/airflow/example_dags/example_datasets.py
[2026-04-10T09:08:31.686+0900] {logging_mixin.py:190} INFO - [2026-04-10T09:08:31.686+0900] {dag.py:3211} INFO - Sync 10 DAGs
[2026-04-10T09:08:31.702+0900] {logging_mixin.py:190} INFO - [2026-04-10T09:08:31.702+0900] {dag.py:4138} INFO - Setting next_dagrun for conditional_dataset_and_time_based_timetable to 2026-04-08 01:00:00+00:00, run_after=2026-04-08 01:00:00+00:00
[2026-04-10T09:08:31.705+0900] {logging_mixin.py:190} INFO - [2026-04-10T09:08:31.705+0900] {dag.py:4138} INFO - Setting next_dagrun for consume_1_and_2_with_dataset_expressions to None, run_after=None
[2026-04-10T09:08:31.706+0900] {logging_mixin.py:190} INFO - [2026-04-10T09:08:31.706+0900] {dag.py:4138} INFO - Setting next_dagrun for consume_1_or_2_with_dataset_expressions to None, run_after=None
[2026-04-10T09:08:31.707+0900] {logging_mixin.py:190} INFO - [2026-04-10T09:08:31.707+0900] {dag.py:4138} INFO - Setting next_dagrun for consume_1_or_both_2_and_3_with_dataset_expressions to None, run_after=None
[2026-04-10T09:08:31.708+0900] {logging_mixin.py:190} INFO - [2026-04-10T09:08:31.708+0900] {dag.py:4138} INFO - Setting next_dagrun for dataset_consumes_1 to None, run_after=None
[2026-04-10T09:08:31.709+0900] {logging_mixin.py:190} INFO - [2026-04-10T09:08:31.709+0900] {dag.py:4138} INFO - Setting next_dagrun for dataset_consumes_1_and_2 to None, run_after=None
[2026-04-10T09:08:31.710+0900] {logging_mixin.py:190} INFO - [2026-04-10T09:08:31.710+0900] {dag.py:4138} INFO - Setting next_dagrun for dataset_consumes_1_never_scheduled to None, run_after=None
[2026-04-10T09:08:31.711+0900] {logging_mixin.py:190} INFO - [2026-04-10T09:08:31.711+0900] {dag.py:4138} INFO - Setting next_dagrun for dataset_consumes_unknown_never_scheduled to None, run_after=None
[2026-04-10T09:08:31.713+0900] {logging_mixin.py:190} INFO - [2026-04-10T09:08:31.713+0900] {dag.py:4138} INFO - Setting next_dagrun for dataset_produces_1 to 2026-04-09 00:00:00+00:00, run_after=2026-04-10 00:00:00+00:00
[2026-04-10T09:08:31.714+0900] {logging_mixin.py:190} INFO - [2026-04-10T09:08:31.714+0900] {dag.py:4138} INFO - Setting next_dagrun for dataset_produces_2 to None, run_after=None
[2026-04-10T09:08:31.732+0900] {processor.py:208} INFO - Processing /home/airflow/.local/lib/python3.12/site-packages/airflow/example_dags/example_datasets.py took 0.344 seconds
[2026-04-10T09:09:01.859+0900] {processor.py:186} INFO - Started process (PID=146542) to work on /home/airflow/.local/lib/python3.12/site-packages/airflow/example_dags/example_datasets.py
[2026-04-10T09:09:01.860+0900] {processor.py:914} INFO - Processing file /home/airflow/.local/lib/python3.12/site-packages/airflow/example_dags/example_datasets.py for tasks to queue
[2026-04-10T09:09:01.862+0900] {logging_mixin.py:190} INFO - [2026-04-10T09:09:01.862+0900] {dagbag.py:587} INFO - Filling up the DagBag from /home/airflow/.local/lib/python3.12/site-packages/airflow/example_dags/example_datasets.py
[2026-04-10T09:09:02.110+0900] {processor.py:925} INFO - DAG(s) 'dataset_produces_1', 'consume_1_or_2_with_dataset_expressions', 'dataset_consumes_unknown_never_scheduled', 'dataset_consumes_1_and_2', 'dataset_consumes_1', 'dataset_produces_2', 'conditional_dataset_and_time_based_timetable', 'consume_1_and_2_with_dataset_expressions', 'dataset_consumes_1_never_scheduled', 'consume_1_or_both_2_and_3_with_dataset_expressions' retrieved from /home/airflow/.local/lib/python3.12/site-packages/airflow/example_dags/example_datasets.py
[2026-04-10T09:09:02.141+0900] {logging_mixin.py:190} INFO - [2026-04-10T09:09:02.140+0900] {dag.py:3211} INFO - Sync 10 DAGs
[2026-04-10T09:09:02.157+0900] {logging_mixin.py:190} INFO - [2026-04-10T09:09:02.157+0900] {dag.py:4138} INFO - Setting next_dagrun for conditional_dataset_and_time_based_timetable to 2026-04-08 01:00:00+00:00, run_after=2026-04-08 01:00:00+00:00
[2026-04-10T09:09:02.160+0900] {logging_mixin.py:190} INFO - [2026-04-10T09:09:02.159+0900] {dag.py:4138} INFO - Setting next_dagrun for consume_1_and_2_with_dataset_expressions to None, run_after=None
[2026-04-10T09:09:02.162+0900] {logging_mixin.py:190} INFO - [2026-04-10T09:09:02.161+0900] {dag.py:4138} INFO - Setting next_dagrun for consume_1_or_2_with_dataset_expressions to None, run_after=None
[2026-04-10T09:09:02.163+0900] {logging_mixin.py:190} INFO - [2026-04-10T09:09:02.163+0900] {dag.py:4138} INFO - Setting next_dagrun for consume_1_or_both_2_and_3_with_dataset_expressions to None, run_after=None
[2026-04-10T09:09:02.164+0900] {logging_mixin.py:190} INFO - [2026-04-10T09:09:02.164+0900] {dag.py:4138} INFO - Setting next_dagrun for dataset_consumes_1 to None, run_after=None
[2026-04-10T09:09:02.165+0900] {logging_mixin.py:190} INFO - [2026-04-10T09:09:02.165+0900] {dag.py:4138} INFO - Setting next_dagrun for dataset_consumes_1_and_2 to None, run_after=None
[2026-04-10T09:09:02.166+0900] {logging_mixin.py:190} INFO - [2026-04-10T09:09:02.166+0900] {dag.py:4138} INFO - Setting next_dagrun for dataset_consumes_1_never_scheduled to None, run_after=None
[2026-04-10T09:09:02.167+0900] {logging_mixin.py:190} INFO - [2026-04-10T09:09:02.167+0900] {dag.py:4138} INFO - Setting next_dagrun for dataset_consumes_unknown_never_scheduled to None, run_after=None
[2026-04-10T09:09:02.169+0900] {logging_mixin.py:190} INFO - [2026-04-10T09:09:02.169+0900] {dag.py:4138} INFO - Setting next_dagrun for dataset_produces_1 to 2026-04-09 00:00:00+00:00, run_after=2026-04-10 00:00:00+00:00
[2026-04-10T09:09:02.170+0900] {logging_mixin.py:190} INFO - [2026-04-10T09:09:02.170+0900] {dag.py:4138} INFO - Setting next_dagrun for dataset_produces_2 to None, run_after=None
[2026-04-10T09:09:02.191+0900] {processor.py:208} INFO - Processing /home/airflow/.local/lib/python3.12/site-packages/airflow/example_dags/example_datasets.py took 0.337 seconds
[2026-04-10T09:09:32.539+0900] {processor.py:186} INFO - Started process (PID=146611) to work on /home/airflow/.local/lib/python3.12/site-packages/airflow/example_dags/example_datasets.py
[2026-04-10T09:09:32.541+0900] {processor.py:914} INFO - Processing file /home/airflow/.local/lib/python3.12/site-packages/airflow/example_dags/example_datasets.py for tasks to queue
[2026-04-10T09:09:32.543+0900] {logging_mixin.py:190} INFO - [2026-04-10T09:09:32.542+0900] {dagbag.py:587} INFO - Filling up the DagBag from /home/airflow/.local/lib/python3.12/site-packages/airflow/example_dags/example_datasets.py
[2026-04-10T09:09:32.804+0900] {processor.py:925} INFO - DAG(s) 'dataset_produces_2', 'dataset_consumes_1_never_scheduled', 'consume_1_or_both_2_and_3_with_dataset_expressions', 'consume_1_and_2_with_dataset_expressions', 'dataset_produces_1', 'conditional_dataset_and_time_based_timetable', 'dataset_consumes_unknown_never_scheduled', 'consume_1_or_2_with_dataset_expressions', 'dataset_consumes_1_and_2', 'dataset_consumes_1' retrieved from /home/airflow/.local/lib/python3.12/site-packages/airflow/example_dags/example_datasets.py
[2026-04-10T09:09:32.836+0900] {logging_mixin.py:190} INFO - [2026-04-10T09:09:32.836+0900] {dag.py:3211} INFO - Sync 10 DAGs
[2026-04-10T09:09:32.855+0900] {logging_mixin.py:190} INFO - [2026-04-10T09:09:32.854+0900] {dag.py:4138} INFO - Setting next_dagrun for conditional_dataset_and_time_based_timetable to 2026-04-08 01:00:00+00:00, run_after=2026-04-08 01:00:00+00:00
[2026-04-10T09:09:32.858+0900] {logging_mixin.py:190} INFO - [2026-04-10T09:09:32.857+0900] {dag.py:4138} INFO - Setting next_dagrun for consume_1_and_2_with_dataset_expressions to None, run_after=None
[2026-04-10T09:09:32.859+0900] {logging_mixin.py:190} INFO - [2026-04-10T09:09:32.859+0900] {dag.py:4138} INFO - Setting next_dagrun for consume_1_or_2_with_dataset_expressions to None, run_after=None
[2026-04-10T09:09:32.861+0900] {logging_mixin.py:190} INFO - [2026-04-10T09:09:32.861+0900] {dag.py:4138} INFO - Setting next_dagrun for consume_1_or_both_2_and_3_with_dataset_expressions to None, run_after=None
[2026-04-10T09:09:32.862+0900] {logging_mixin.py:190} INFO - [2026-04-10T09:09:32.862+0900] {dag.py:4138} INFO - Setting next_dagrun for dataset_consumes_1 to None, run_after=None
[2026-04-10T09:09:32.863+0900] {logging_mixin.py:190} INFO - [2026-04-10T09:09:32.863+0900] {dag.py:4138} INFO - Setting next_dagrun for dataset_consumes_1_and_2 to None, run_after=None
[2026-04-10T09:09:32.865+0900] {logging_mixin.py:190} INFO - [2026-04-10T09:09:32.865+0900] {dag.py:4138} INFO - Setting next_dagrun for dataset_consumes_1_never_scheduled to None, run_after=None
[2026-04-10T09:09:32.866+0900] {logging_mixin.py:190} INFO - [2026-04-10T09:09:32.866+0900] {dag.py:4138} INFO - Setting next_dagrun for dataset_consumes_unknown_never_scheduled to None, run_after=None
[2026-04-10T09:09:32.868+0900] {logging_mixin.py:190} INFO - [2026-04-10T09:09:32.868+0900] {dag.py:4138} INFO - Setting next_dagrun for dataset_produces_1 to 2026-04-09 00:00:00+00:00, run_after=2026-04-10 00:00:00+00:00
[2026-04-10T09:09:32.869+0900] {logging_mixin.py:190} INFO - [2026-04-10T09:09:32.869+0900] {dag.py:4138} INFO - Setting next_dagrun for dataset_produces_2 to None, run_after=None
[2026-04-10T09:09:32.891+0900] {processor.py:208} INFO - Processing /home/airflow/.local/lib/python3.12/site-packages/airflow/example_dags/example_datasets.py took 0.356 seconds
[2026-04-10T09:10:03.637+0900] {processor.py:186} INFO - Started process (PID=146674) to work on /home/airflow/.local/lib/python3.12/site-packages/airflow/example_dags/example_datasets.py
[2026-04-10T09:10:03.638+0900] {processor.py:914} INFO - Processing file /home/airflow/.local/lib/python3.12/site-packages/airflow/example_dags/example_datasets.py for tasks to queue
[2026-04-10T09:10:03.640+0900] {logging_mixin.py:190} INFO - [2026-04-10T09:10:03.640+0900] {dagbag.py:587} INFO - Filling up the DagBag from /home/airflow/.local/lib/python3.12/site-packages/airflow/example_dags/example_datasets.py
[2026-04-10T09:10:03.885+0900] {processor.py:925} INFO - DAG(s) 'dataset_consumes_1_never_scheduled', 'dataset_consumes_unknown_never_scheduled', 'dataset_produces_2', 'consume_1_or_2_with_dataset_expressions', 'consume_1_or_both_2_and_3_with_dataset_expressions', 'consume_1_and_2_with_dataset_expressions', 'dataset_consumes_1_and_2', 'dataset_produces_1', 'conditional_dataset_and_time_based_timetable', 'dataset_consumes_1' retrieved from /home/airflow/.local/lib/python3.12/site-packages/airflow/example_dags/example_datasets.py
[2026-04-10T09:10:03.915+0900] {logging_mixin.py:190} INFO - [2026-04-10T09:10:03.915+0900] {dag.py:3211} INFO - Sync 10 DAGs
[2026-04-10T09:10:03.932+0900] {logging_mixin.py:190} INFO - [2026-04-10T09:10:03.932+0900] {dag.py:4138} INFO - Setting next_dagrun for conditional_dataset_and_time_based_timetable to 2026-04-08 01:00:00+00:00, run_after=2026-04-08 01:00:00+00:00
[2026-04-10T09:10:03.934+0900] {logging_mixin.py:190} INFO - [2026-04-10T09:10:03.934+0900] {dag.py:4138} INFO - Setting next_dagrun for consume_1_and_2_with_dataset_expressions to None, run_after=None
[2026-04-10T09:10:03.936+0900] {logging_mixin.py:190} INFO - [2026-04-10T09:10:03.936+0900] {dag.py:4138} INFO - Setting next_dagrun for consume_1_or_2_with_dataset_expressions to None, run_after=None
[2026-04-10T09:10:03.937+0900] {logging_mixin.py:190} INFO - [2026-04-10T09:10:03.937+0900] {dag.py:4138} INFO - Setting next_dagrun for consume_1_or_both_2_and_3_with_dataset_expressions to None, run_after=None
[2026-04-10T09:10:03.938+0900] {logging_mixin.py:190} INFO - [2026-04-10T09:10:03.938+0900] {dag.py:4138} INFO - Setting next_dagrun for dataset_consumes_1 to None, run_after=None
[2026-04-10T09:10:03.939+0900] {logging_mixin.py:190} INFO - [2026-04-10T09:10:03.939+0900] {dag.py:4138} INFO - Setting next_dagrun for dataset_consumes_1_and_2 to None, run_after=None
[2026-04-10T09:10:03.941+0900] {logging_mixin.py:190} INFO - [2026-04-10T09:10:03.940+0900] {dag.py:4138} INFO - Setting next_dagrun for dataset_consumes_1_never_scheduled to None, run_after=None
[2026-04-10T09:10:03.942+0900] {logging_mixin.py:190} INFO - [2026-04-10T09:10:03.942+0900] {dag.py:4138} INFO - Setting next_dagrun for dataset_consumes_unknown_never_scheduled to None, run_after=None
[2026-04-10T09:10:03.944+0900] {logging_mixin.py:190} INFO - [2026-04-10T09:10:03.944+0900] {dag.py:4138} INFO - Setting next_dagrun for dataset_produces_1 to 2026-04-09 00:00:00+00:00, run_after=2026-04-10 00:00:00+00:00
[2026-04-10T09:10:03.945+0900] {logging_mixin.py:190} INFO - [2026-04-10T09:10:03.945+0900] {dag.py:4138} INFO - Setting next_dagrun for dataset_produces_2 to None, run_after=None
[2026-04-10T09:10:03.965+0900] {processor.py:208} INFO - Processing /home/airflow/.local/lib/python3.12/site-packages/airflow/example_dags/example_datasets.py took 0.333 seconds
[2026-04-10T09:10:34.503+0900] {processor.py:186} INFO - Started process (PID=146739) to work on /home/airflow/.local/lib/python3.12/site-packages/airflow/example_dags/example_datasets.py
[2026-04-10T09:10:34.504+0900] {processor.py:914} INFO - Processing file /home/airflow/.local/lib/python3.12/site-packages/airflow/example_dags/example_datasets.py for tasks to queue
[2026-04-10T09:10:34.506+0900] {logging_mixin.py:190} INFO - [2026-04-10T09:10:34.506+0900] {dagbag.py:587} INFO - Filling up the DagBag from /home/airflow/.local/lib/python3.12/site-packages/airflow/example_dags/example_datasets.py
[2026-04-10T09:10:34.721+0900] {processor.py:925} INFO - DAG(s) 'consume_1_or_2_with_dataset_expressions', 'dataset_consumes_1_never_scheduled', 'dataset_consumes_unknown_never_scheduled', 'consume_1_and_2_with_dataset_expressions', 'dataset_produces_1', 'dataset_produces_2', 'dataset_consumes_1_and_2', 'conditional_dataset_and_time_based_timetable', 'dataset_consumes_1', 'consume_1_or_both_2_and_3_with_dataset_expressions' retrieved from /home/airflow/.local/lib/python3.12/site-packages/airflow/example_dags/example_datasets.py
[2026-04-10T09:10:34.761+0900] {logging_mixin.py:190} INFO - [2026-04-10T09:10:34.761+0900] {dag.py:3211} INFO - Sync 10 DAGs
[2026-04-10T09:10:34.781+0900] {logging_mixin.py:190} INFO - [2026-04-10T09:10:34.781+0900] {dag.py:4138} INFO - Setting next_dagrun for conditional_dataset_and_time_based_timetable to 2026-04-08 01:00:00+00:00, run_after=2026-04-08 01:00:00+00:00
[2026-04-10T09:10:34.784+0900] {logging_mixin.py:190} INFO - [2026-04-10T09:10:34.784+0900] {dag.py:4138} INFO - Setting next_dagrun for consume_1_and_2_with_dataset_expressions to None, run_after=None
[2026-04-10T09:10:34.785+0900] {logging_mixin.py:190} INFO - [2026-04-10T09:10:34.785+0900] {dag.py:4138} INFO - Setting next_dagrun for consume_1_or_2_with_dataset_expressions to None, run_after=None
[2026-04-10T09:10:34.787+0900] {logging_mixin.py:190} INFO - [2026-04-10T09:10:34.787+0900] {dag.py:4138} INFO - Setting next_dagrun for consume_1_or_both_2_and_3_with_dataset_expressions to None, run_after=None
[2026-04-10T09:10:34.788+0900] {logging_mixin.py:190} INFO - [2026-04-10T09:10:34.788+0900] {dag.py:4138} INFO - Setting next_dagrun for dataset_consumes_1 to None, run_after=None
[2026-04-10T09:10:34.789+0900] {logging_mixin.py:190} INFO - [2026-04-10T09:10:34.789+0900] {dag.py:4138} INFO - Setting next_dagrun for dataset_consumes_1_and_2 to None, run_after=None
[2026-04-10T09:10:34.790+0900] {logging_mixin.py:190} INFO - [2026-04-10T09:10:34.790+0900] {dag.py:4138} INFO - Setting next_dagrun for dataset_consumes_1_never_scheduled to None, run_after=None
[2026-04-10T09:10:34.791+0900] {logging_mixin.py:190} INFO - [2026-04-10T09:10:34.791+0900] {dag.py:4138} INFO - Setting next_dagrun for dataset_consumes_unknown_never_scheduled to None, run_after=None
[2026-04-10T09:10:34.793+0900] {logging_mixin.py:190} INFO - [2026-04-10T09:10:34.793+0900] {dag.py:4138} INFO - Setting next_dagrun for dataset_produces_1 to 2026-04-09 00:00:00+00:00, run_after=2026-04-10 00:00:00+00:00
[2026-04-10T09:10:34.794+0900] {logging_mixin.py:190} INFO - [2026-04-10T09:10:34.794+0900] {dag.py:4138} INFO - Setting next_dagrun for dataset_produces_2 to None, run_after=None
[2026-04-10T09:10:34.814+0900] {processor.py:208} INFO - Processing /home/airflow/.local/lib/python3.12/site-packages/airflow/example_dags/example_datasets.py took 0.316 seconds
[2026-04-10T09:11:05.687+0900] {processor.py:186} INFO - Started process (PID=146802) to work on /home/airflow/.local/lib/python3.12/site-packages/airflow/example_dags/example_datasets.py
[2026-04-10T09:11:05.689+0900] {processor.py:914} INFO - Processing file /home/airflow/.local/lib/python3.12/site-packages/airflow/example_dags/example_datasets.py for tasks to queue
[2026-04-10T09:11:05.691+0900] {logging_mixin.py:190} INFO - [2026-04-10T09:11:05.691+0900] {dagbag.py:587} INFO - Filling up the DagBag from /home/airflow/.local/lib/python3.12/site-packages/airflow/example_dags/example_datasets.py
[2026-04-10T09:11:05.803+0900] {processor.py:925} INFO - DAG(s) 'dataset_consumes_unknown_never_scheduled', 'dataset_consumes_1_and_2', 'dataset_produces_2', 'consume_1_or_2_with_dataset_expressions', 'dataset_consumes_1_never_scheduled', 'consume_1_or_both_2_and_3_with_dataset_expressions', 'dataset_consumes_1', 'consume_1_and_2_with_dataset_expressions', 'dataset_produces_1', 'conditional_dataset_and_time_based_timetable' retrieved from /home/airflow/.local/lib/python3.12/site-packages/airflow/example_dags/example_datasets.py
[2026-04-10T09:11:05.833+0900] {logging_mixin.py:190} INFO - [2026-04-10T09:11:05.833+0900] {dag.py:3211} INFO - Sync 10 DAGs
[2026-04-10T09:11:05.851+0900] {logging_mixin.py:190} INFO - [2026-04-10T09:11:05.851+0900] {dag.py:4138} INFO - Setting next_dagrun for conditional_dataset_and_time_based_timetable to 2026-04-08 01:00:00+00:00, run_after=2026-04-08 01:00:00+00:00
[2026-04-10T09:11:05.854+0900] {logging_mixin.py:190} INFO - [2026-04-10T09:11:05.854+0900] {dag.py:4138} INFO - Setting next_dagrun for consume_1_and_2_with_dataset_expressions to None, run_after=None
[2026-04-10T09:11:05.855+0900] {logging_mixin.py:190} INFO - [2026-04-10T09:11:05.855+0900] {dag.py:4138} INFO - Setting next_dagrun for consume_1_or_2_with_dataset_expressions to None, run_after=None
[2026-04-10T09:11:05.857+0900] {logging_mixin.py:190} INFO - [2026-04-10T09:11:05.856+0900] {dag.py:4138} INFO - Setting next_dagrun for consume_1_or_both_2_and_3_with_dataset_expressions to None, run_after=None
[2026-04-10T09:11:05.857+0900] {logging_mixin.py:190} INFO - [2026-04-10T09:11:05.857+0900] {dag.py:4138} INFO - Setting next_dagrun for dataset_consumes_1 to None, run_after=None
[2026-04-10T09:11:05.858+0900] {logging_mixin.py:190} INFO - [2026-04-10T09:11:05.858+0900] {dag.py:4138} INFO - Setting next_dagrun for dataset_consumes_1_and_2 to None, run_after=None
[2026-04-10T09:11:05.860+0900] {logging_mixin.py:190} INFO - [2026-04-10T09:11:05.859+0900] {dag.py:4138} INFO - Setting next_dagrun for dataset_consumes_1_never_scheduled to None, run_after=None
[2026-04-10T09:11:05.861+0900] {logging_mixin.py:190} INFO - [2026-04-10T09:11:05.860+0900] {dag.py:4138} INFO - Setting next_dagrun for dataset_consumes_unknown_never_scheduled to None, run_after=None
[2026-04-10T09:11:05.862+0900] {logging_mixin.py:190} INFO - [2026-04-10T09:11:05.862+0900] {dag.py:4138} INFO - Setting next_dagrun for dataset_produces_1 to 2026-04-09 00:00:00+00:00, run_after=2026-04-10 00:00:00+00:00
[2026-04-10T09:11:05.863+0900] {logging_mixin.py:190} INFO - [2026-04-10T09:11:05.863+0900] {dag.py:4138} INFO - Setting next_dagrun for dataset_produces_2 to None, run_after=None
[2026-04-10T09:11:05.883+0900] {processor.py:208} INFO - Processing /home/airflow/.local/lib/python3.12/site-packages/airflow/example_dags/example_datasets.py took 0.201 seconds
[2026-04-10T09:11:35.947+0900] {processor.py:186} INFO - Started process (PID=146865) to work on /home/airflow/.local/lib/python3.12/site-packages/airflow/example_dags/example_datasets.py
[2026-04-10T09:11:35.948+0900] {processor.py:914} INFO - Processing file /home/airflow/.local/lib/python3.12/site-packages/airflow/example_dags/example_datasets.py for tasks to queue
[2026-04-10T09:11:35.951+0900] {logging_mixin.py:190} INFO - [2026-04-10T09:11:35.950+0900] {dagbag.py:587} INFO - Filling up the DagBag from /home/airflow/.local/lib/python3.12/site-packages/airflow/example_dags/example_datasets.py
[2026-04-10T09:11:36.056+0900] {processor.py:925} INFO - DAG(s) 'dataset_produces_1', 'consume_1_and_2_with_dataset_expressions', 'conditional_dataset_and_time_based_timetable', 'dataset_consumes_1_and_2', 'dataset_consumes_1', 'consume_1_or_2_with_dataset_expressions', 'consume_1_or_both_2_and_3_with_dataset_expressions', 'dataset_consumes_1_never_scheduled', 'dataset_consumes_unknown_never_scheduled', 'dataset_produces_2' retrieved from /home/airflow/.local/lib/python3.12/site-packages/airflow/example_dags/example_datasets.py
[2026-04-10T09:11:36.088+0900] {logging_mixin.py:190} INFO - [2026-04-10T09:11:36.088+0900] {dag.py:3211} INFO - Sync 10 DAGs
[2026-04-10T09:11:36.108+0900] {logging_mixin.py:190} INFO - [2026-04-10T09:11:36.107+0900] {dag.py:4138} INFO - Setting next_dagrun for conditional_dataset_and_time_based_timetable to 2026-04-08 01:00:00+00:00, run_after=2026-04-08 01:00:00+00:00
[2026-04-10T09:11:36.111+0900] {logging_mixin.py:190} INFO - [2026-04-10T09:11:36.110+0900] {dag.py:4138} INFO - Setting next_dagrun for consume_1_and_2_with_dataset_expressions to None, run_after=None
[2026-04-10T09:11:36.113+0900] {logging_mixin.py:190} INFO - [2026-04-10T09:11:36.113+0900] {dag.py:4138} INFO - Setting next_dagrun for consume_1_or_2_with_dataset_expressions to None, run_after=None
[2026-04-10T09:11:36.114+0900] {logging_mixin.py:190} INFO - [2026-04-10T09:11:36.114+0900] {dag.py:4138} INFO - Setting next_dagrun for consume_1_or_both_2_and_3_with_dataset_expressions to None, run_after=None
[2026-04-10T09:11:36.116+0900] {logging_mixin.py:190} INFO - [2026-04-10T09:11:36.115+0900] {dag.py:4138} INFO - Setting next_dagrun for dataset_consumes_1 to None, run_after=None
[2026-04-10T09:11:36.117+0900] {logging_mixin.py:190} INFO - [2026-04-10T09:11:36.117+0900] {dag.py:4138} INFO - Setting next_dagrun for dataset_consumes_1_and_2 to None, run_after=None
[2026-04-10T09:11:36.119+0900] {logging_mixin.py:190} INFO - [2026-04-10T09:11:36.119+0900] {dag.py:4138} INFO - Setting next_dagrun for dataset_consumes_1_never_scheduled to None, run_after=None
[2026-04-10T09:11:36.120+0900] {logging_mixin.py:190} INFO - [2026-04-10T09:11:36.120+0900] {dag.py:4138} INFO - Setting next_dagrun for dataset_consumes_unknown_never_scheduled to None, run_after=None
[2026-04-10T09:11:36.122+0900] {logging_mixin.py:190} INFO - [2026-04-10T09:11:36.122+0900] {dag.py:4138} INFO - Setting next_dagrun for dataset_produces_1 to 2026-04-09 00:00:00+00:00, run_after=2026-04-10 00:00:00+00:00
[2026-04-10T09:11:36.123+0900] {logging_mixin.py:190} INFO - [2026-04-10T09:11:36.123+0900] {dag.py:4138} INFO - Setting next_dagrun for dataset_produces_2 to None, run_after=None
[2026-04-10T09:11:36.151+0900] {processor.py:208} INFO - Processing /home/airflow/.local/lib/python3.12/site-packages/airflow/example_dags/example_datasets.py took 0.209 seconds
[2026-04-10T09:12:06.244+0900] {processor.py:186} INFO - Started process (PID=146929) to work on /home/airflow/.local/lib/python3.12/site-packages/airflow/example_dags/example_datasets.py
[2026-04-10T09:12:06.245+0900] {processor.py:914} INFO - Processing file /home/airflow/.local/lib/python3.12/site-packages/airflow/example_dags/example_datasets.py for tasks to queue
[2026-04-10T09:12:06.247+0900] {logging_mixin.py:190} INFO - [2026-04-10T09:12:06.247+0900] {dagbag.py:587} INFO - Filling up the DagBag from /home/airflow/.local/lib/python3.12/site-packages/airflow/example_dags/example_datasets.py
[2026-04-10T09:12:06.360+0900] {processor.py:925} INFO - DAG(s) 'consume_1_or_2_with_dataset_expressions', 'dataset_consumes_unknown_never_scheduled', 'conditional_dataset_and_time_based_timetable', 'dataset_consumes_1_and_2', 'dataset_produces_1', 'consume_1_or_both_2_and_3_with_dataset_expressions', 'dataset_consumes_1', 'dataset_produces_2', 'dataset_consumes_1_never_scheduled', 'consume_1_and_2_with_dataset_expressions' retrieved from /home/airflow/.local/lib/python3.12/site-packages/airflow/example_dags/example_datasets.py
[2026-04-10T09:12:06.391+0900] {logging_mixin.py:190} INFO - [2026-04-10T09:12:06.391+0900] {dag.py:3211} INFO - Sync 10 DAGs
[2026-04-10T09:12:06.411+0900] {logging_mixin.py:190} INFO - [2026-04-10T09:12:06.411+0900] {dag.py:4138} INFO - Setting next_dagrun for conditional_dataset_and_time_based_timetable to 2026-04-08 01:00:00+00:00, run_after=2026-04-08 01:00:00+00:00
[2026-04-10T09:12:06.414+0900] {logging_mixin.py:190} INFO - [2026-04-10T09:12:06.414+0900] {dag.py:4138} INFO - Setting next_dagrun for consume_1_and_2_with_dataset_expressions to None, run_after=None
[2026-04-10T09:12:06.416+0900] {logging_mixin.py:190} INFO - [2026-04-10T09:12:06.416+0900] {dag.py:4138} INFO - Setting next_dagrun for consume_1_or_2_with_dataset_expressions to None, run_after=None
[2026-04-10T09:12:06.418+0900] {logging_mixin.py:190} INFO - [2026-04-10T09:12:06.417+0900] {dag.py:4138} INFO - Setting next_dagrun for consume_1_or_both_2_and_3_with_dataset_expressions to None, run_after=None
[2026-04-10T09:12:06.419+0900] {logging_mixin.py:190} INFO - [2026-04-10T09:12:06.419+0900] {dag.py:4138} INFO - Setting next_dagrun for dataset_consumes_1 to None, run_after=None
[2026-04-10T09:12:06.420+0900] {logging_mixin.py:190} INFO - [2026-04-10T09:12:06.420+0900] {dag.py:4138} INFO - Setting next_dagrun for dataset_consumes_1_and_2 to None, run_after=None
[2026-04-10T09:12:06.421+0900] {logging_mixin.py:190} INFO - [2026-04-10T09:12:06.421+0900] {dag.py:4138} INFO - Setting next_dagrun for dataset_consumes_1_never_scheduled to None, run_after=None
[2026-04-10T09:12:06.422+0900] {logging_mixin.py:190} INFO - [2026-04-10T09:12:06.422+0900] {dag.py:4138} INFO - Setting next_dagrun for dataset_consumes_unknown_never_scheduled to None, run_after=None
[2026-04-10T09:12:06.423+0900] {logging_mixin.py:190} INFO - [2026-04-10T09:12:06.423+0900] {dag.py:4138} INFO - Setting next_dagrun for dataset_produces_1 to 2026-04-09 00:00:00+00:00, run_after=2026-04-10 00:00:00+00:00
[2026-04-10T09:12:06.424+0900] {logging_mixin.py:190} INFO - [2026-04-10T09:12:06.424+0900] {dag.py:4138} INFO - Setting next_dagrun for dataset_produces_2 to None, run_after=None
[2026-04-10T09:12:06.449+0900] {processor.py:208} INFO - Processing /home/airflow/.local/lib/python3.12/site-packages/airflow/example_dags/example_datasets.py took 0.210 seconds
[2026-04-10T09:12:37.290+0900] {processor.py:186} INFO - Started process (PID=146991) to work on /home/airflow/.local/lib/python3.12/site-packages/airflow/example_dags/example_datasets.py
[2026-04-10T09:12:37.291+0900] {processor.py:914} INFO - Processing file /home/airflow/.local/lib/python3.12/site-packages/airflow/example_dags/example_datasets.py for tasks to queue
[2026-04-10T09:12:37.293+0900] {logging_mixin.py:190} INFO - [2026-04-10T09:12:37.292+0900] {dagbag.py:587} INFO - Filling up the DagBag from /home/airflow/.local/lib/python3.12/site-packages/airflow/example_dags/example_datasets.py
[2026-04-10T09:12:37.399+0900] {processor.py:925} INFO - DAG(s) 'consume_1_or_both_2_and_3_with_dataset_expressions', 'dataset_produces_2', 'conditional_dataset_and_time_based_timetable', 'dataset_produces_1', 'consume_1_and_2_with_dataset_expressions', 'dataset_consumes_unknown_never_scheduled', 'dataset_consumes_1_never_scheduled', 'consume_1_or_2_with_dataset_expressions', 'dataset_consumes_1_and_2', 'dataset_consumes_1' retrieved from /home/airflow/.local/lib/python3.12/site-packages/airflow/example_dags/example_datasets.py
[2026-04-10T09:12:37.426+0900] {logging_mixin.py:190} INFO - [2026-04-10T09:12:37.426+0900] {dag.py:3211} INFO - Sync 10 DAGs
[2026-04-10T09:12:37.445+0900] {logging_mixin.py:190} INFO - [2026-04-10T09:12:37.444+0900] {dag.py:4138} INFO - Setting next_dagrun for conditional_dataset_and_time_based_timetable to 2026-04-08 01:00:00+00:00, run_after=2026-04-08 01:00:00+00:00
[2026-04-10T09:12:37.447+0900] {logging_mixin.py:190} INFO - [2026-04-10T09:12:37.447+0900] {dag.py:4138} INFO - Setting next_dagrun for consume_1_and_2_with_dataset_expressions to None, run_after=None
[2026-04-10T09:12:37.448+0900] {logging_mixin.py:190} INFO - [2026-04-10T09:12:37.448+0900] {dag.py:4138} INFO - Setting next_dagrun for consume_1_or_2_with_dataset_expressions to None, run_after=None
[2026-04-10T09:12:37.449+0900] {logging_mixin.py:190} INFO - [2026-04-10T09:12:37.449+0900] {dag.py:4138} INFO - Setting next_dagrun for consume_1_or_both_2_and_3_with_dataset_expressions to None, run_after=None
[2026-04-10T09:12:37.450+0900] {logging_mixin.py:190} INFO - [2026-04-10T09:12:37.450+0900] {dag.py:4138} INFO - Setting next_dagrun for dataset_consumes_1 to None, run_after=None
[2026-04-10T09:12:37.452+0900] {logging_mixin.py:190} INFO - [2026-04-10T09:12:37.452+0900] {dag.py:4138} INFO - Setting next_dagrun for dataset_consumes_1_and_2 to None, run_after=None
[2026-04-10T09:12:37.453+0900] {logging_mixin.py:190} INFO - [2026-04-10T09:12:37.453+0900] {dag.py:4138} INFO - Setting next_dagrun for dataset_consumes_1_never_scheduled to None, run_after=None
[2026-04-10T09:12:37.454+0900] {logging_mixin.py:190} INFO - [2026-04-10T09:12:37.454+0900] {dag.py:4138} INFO - Setting next_dagrun for dataset_consumes_unknown_never_scheduled to None, run_after=None
[2026-04-10T09:12:37.456+0900] {logging_mixin.py:190} INFO - [2026-04-10T09:12:37.455+0900] {dag.py:4138} INFO - Setting next_dagrun for dataset_produces_1 to 2026-04-09 00:00:00+00:00, run_after=2026-04-10 00:00:00+00:00
[2026-04-10T09:12:37.457+0900] {logging_mixin.py:190} INFO - [2026-04-10T09:12:37.457+0900] {dag.py:4138} INFO - Setting next_dagrun for dataset_produces_2 to None, run_after=None
[2026-04-10T09:12:37.478+0900] {processor.py:208} INFO - Processing /home/airflow/.local/lib/python3.12/site-packages/airflow/example_dags/example_datasets.py took 0.193 seconds
[2026-04-10T09:13:07.517+0900] {processor.py:186} INFO - Started process (PID=147054) to work on /home/airflow/.local/lib/python3.12/site-packages/airflow/example_dags/example_datasets.py
[2026-04-10T09:13:07.519+0900] {processor.py:914} INFO - Processing file /home/airflow/.local/lib/python3.12/site-packages/airflow/example_dags/example_datasets.py for tasks to queue
[2026-04-10T09:13:07.521+0900] {logging_mixin.py:190} INFO - [2026-04-10T09:13:07.521+0900] {dagbag.py:587} INFO - Filling up the DagBag from /home/airflow/.local/lib/python3.12/site-packages/airflow/example_dags/example_datasets.py
[2026-04-10T09:13:07.635+0900] {processor.py:925} INFO - DAG(s) 'dataset_produces_2', 'dataset_consumes_1', 'consume_1_and_2_with_dataset_expressions', 'conditional_dataset_and_time_based_timetable', 'consume_1_or_both_2_and_3_with_dataset_expressions', 'dataset_consumes_1_never_scheduled', 'dataset_consumes_unknown_never_scheduled', 'dataset_produces_1', 'dataset_consumes_1_and_2', 'consume_1_or_2_with_dataset_expressions' retrieved from /home/airflow/.local/lib/python3.12/site-packages/airflow/example_dags/example_datasets.py
[2026-04-10T09:13:07.664+0900] {logging_mixin.py:190} INFO - [2026-04-10T09:13:07.664+0900] {dag.py:3211} INFO - Sync 10 DAGs
[2026-04-10T09:13:07.683+0900] {logging_mixin.py:190} INFO - [2026-04-10T09:13:07.682+0900] {dag.py:4138} INFO - Setting next_dagrun for conditional_dataset_and_time_based_timetable to 2026-04-08 01:00:00+00:00, run_after=2026-04-08 01:00:00+00:00
[2026-04-10T09:13:07.685+0900] {logging_mixin.py:190} INFO - [2026-04-10T09:13:07.685+0900] {dag.py:4138} INFO - Setting next_dagrun for consume_1_and_2_with_dataset_expressions to None, run_after=None
[2026-04-10T09:13:07.687+0900] {logging_mixin.py:190} INFO - [2026-04-10T09:13:07.687+0900] {dag.py:4138} INFO - Setting next_dagrun for consume_1_or_2_with_dataset_expressions to None, run_after=None
[2026-04-10T09:13:07.688+0900] {logging_mixin.py:190} INFO - [2026-04-10T09:13:07.688+0900] {dag.py:4138} INFO - Setting next_dagrun for consume_1_or_both_2_and_3_with_dataset_expressions to None, run_after=None
[2026-04-10T09:13:07.690+0900] {logging_mixin.py:190} INFO - [2026-04-10T09:13:07.689+0900] {dag.py:4138} INFO - Setting next_dagrun for dataset_consumes_1 to None, run_after=None
[2026-04-10T09:13:07.691+0900] {logging_mixin.py:190} INFO - [2026-04-10T09:13:07.691+0900] {dag.py:4138} INFO - Setting next_dagrun for dataset_consumes_1_and_2 to None, run_after=None
[2026-04-10T09:13:07.692+0900] {logging_mixin.py:190} INFO - [2026-04-10T09:13:07.692+0900] {dag.py:4138} INFO - Setting next_dagrun for dataset_consumes_1_never_scheduled to None, run_after=None
[2026-04-10T09:13:07.693+0900] {logging_mixin.py:190} INFO - [2026-04-10T09:13:07.693+0900] {dag.py:4138} INFO - Setting next_dagrun for dataset_consumes_unknown_never_scheduled to None, run_after=None
[2026-04-10T09:13:07.694+0900] {logging_mixin.py:190} INFO - [2026-04-10T09:13:07.694+0900] {dag.py:4138} INFO - Setting next_dagrun for dataset_produces_1 to 2026-04-09 00:00:00+00:00, run_after=2026-04-10 00:00:00+00:00
[2026-04-10T09:13:07.695+0900] {logging_mixin.py:190} INFO - [2026-04-10T09:13:07.695+0900] {dag.py:4138} INFO - Setting next_dagrun for dataset_produces_2 to None, run_after=None
[2026-04-10T09:13:07.718+0900] {processor.py:208} INFO - Processing /home/airflow/.local/lib/python3.12/site-packages/airflow/example_dags/example_datasets.py took 0.206 seconds
[2026-04-10T09:13:38.269+0900] {processor.py:186} INFO - Started process (PID=147119) to work on /home/airflow/.local/lib/python3.12/site-packages/airflow/example_dags/example_datasets.py
[2026-04-10T09:13:38.270+0900] {processor.py:914} INFO - Processing file /home/airflow/.local/lib/python3.12/site-packages/airflow/example_dags/example_datasets.py for tasks to queue
[2026-04-10T09:13:38.272+0900] {logging_mixin.py:190} INFO - [2026-04-10T09:13:38.272+0900] {dagbag.py:587} INFO - Filling up the DagBag from /home/airflow/.local/lib/python3.12/site-packages/airflow/example_dags/example_datasets.py
[2026-04-10T09:13:38.378+0900] {processor.py:925} INFO - DAG(s) 'consume_1_and_2_with_dataset_expressions', 'consume_1_or_both_2_and_3_with_dataset_expressions', 'dataset_produces_1', 'consume_1_or_2_with_dataset_expressions', 'dataset_produces_2', 'conditional_dataset_and_time_based_timetable', 'dataset_consumes_unknown_never_scheduled', 'dataset_consumes_1_never_scheduled', 'dataset_consumes_1', 'dataset_consumes_1_and_2' retrieved from /home/airflow/.local/lib/python3.12/site-packages/airflow/example_dags/example_datasets.py
[2026-04-10T09:13:38.410+0900] {logging_mixin.py:190} INFO - [2026-04-10T09:13:38.410+0900] {dag.py:3211} INFO - Sync 10 DAGs
[2026-04-10T09:13:38.429+0900] {logging_mixin.py:190} INFO - [2026-04-10T09:13:38.429+0900] {dag.py:4138} INFO - Setting next_dagrun for conditional_dataset_and_time_based_timetable to 2026-04-08 01:00:00+00:00, run_after=2026-04-08 01:00:00+00:00
[2026-04-10T09:13:38.432+0900] {logging_mixin.py:190} INFO - [2026-04-10T09:13:38.432+0900] {dag.py:4138} INFO - Setting next_dagrun for consume_1_and_2_with_dataset_expressions to None, run_after=None
[2026-04-10T09:13:38.433+0900] {logging_mixin.py:190} INFO - [2026-04-10T09:13:38.433+0900] {dag.py:4138} INFO - Setting next_dagrun for consume_1_or_2_with_dataset_expressions to None, run_after=None
[2026-04-10T09:13:38.435+0900] {logging_mixin.py:190} INFO - [2026-04-10T09:13:38.434+0900] {dag.py:4138} INFO - Setting next_dagrun for consume_1_or_both_2_and_3_with_dataset_expressions to None, run_after=None
[2026-04-10T09:13:38.436+0900] {logging_mixin.py:190} INFO - [2026-04-10T09:13:38.436+0900] {dag.py:4138} INFO - Setting next_dagrun for dataset_consumes_1 to None, run_after=None
[2026-04-10T09:13:38.437+0900] {logging_mixin.py:190} INFO - [2026-04-10T09:13:38.437+0900] {dag.py:4138} INFO - Setting next_dagrun for dataset_consumes_1_and_2 to None, run_after=None
[2026-04-10T09:13:38.438+0900] {logging_mixin.py:190} INFO - [2026-04-10T09:13:38.438+0900] {dag.py:4138} INFO - Setting next_dagrun for dataset_consumes_1_never_scheduled to None, run_after=None
[2026-04-10T09:13:38.439+0900] {logging_mixin.py:190} INFO - [2026-04-10T09:13:38.439+0900] {dag.py:4138} INFO - Setting next_dagrun for dataset_consumes_unknown_never_scheduled to None, run_after=None
[2026-04-10T09:13:38.441+0900] {logging_mixin.py:190} INFO - [2026-04-10T09:13:38.440+0900] {dag.py:4138} INFO - Setting next_dagrun for dataset_produces_1 to 2026-04-09 00:00:00+00:00, run_after=2026-04-10 00:00:00+00:00
[2026-04-10T09:13:38.442+0900] {logging_mixin.py:190} INFO - [2026-04-10T09:13:38.442+0900] {dag.py:4138} INFO - Setting next_dagrun for dataset_produces_2 to None, run_after=None
[2026-04-10T09:13:38.466+0900] {processor.py:208} INFO - Processing /home/airflow/.local/lib/python3.12/site-packages/airflow/example_dags/example_datasets.py took 0.201 seconds
[2026-04-10T09:14:09.107+0900] {processor.py:186} INFO - Started process (PID=147182) to work on /home/airflow/.local/lib/python3.12/site-packages/airflow/example_dags/example_datasets.py
[2026-04-10T09:14:09.108+0900] {processor.py:914} INFO - Processing file /home/airflow/.local/lib/python3.12/site-packages/airflow/example_dags/example_datasets.py for tasks to queue
[2026-04-10T09:14:09.110+0900] {logging_mixin.py:190} INFO - [2026-04-10T09:14:09.110+0900] {dagbag.py:587} INFO - Filling up the DagBag from /home/airflow/.local/lib/python3.12/site-packages/airflow/example_dags/example_datasets.py
[2026-04-10T09:14:09.214+0900] {processor.py:925} INFO - DAG(s) 'consume_1_and_2_with_dataset_expressions', 'dataset_consumes_1_never_scheduled', 'dataset_produces_1', 'dataset_consumes_unknown_never_scheduled', 'dataset_consumes_1_and_2', 'consume_1_or_both_2_and_3_with_dataset_expressions', 'dataset_consumes_1', 'consume_1_or_2_with_dataset_expressions', 'dataset_produces_2', 'conditional_dataset_and_time_based_timetable' retrieved from /home/airflow/.local/lib/python3.12/site-packages/airflow/example_dags/example_datasets.py
[2026-04-10T09:14:09.247+0900] {logging_mixin.py:190} INFO - [2026-04-10T09:14:09.246+0900] {dag.py:3211} INFO - Sync 10 DAGs
[2026-04-10T09:14:09.265+0900] {logging_mixin.py:190} INFO - [2026-04-10T09:14:09.265+0900] {dag.py:4138} INFO - Setting next_dagrun for conditional_dataset_and_time_based_timetable to 2026-04-08 01:00:00+00:00, run_after=2026-04-08 01:00:00+00:00
[2026-04-10T09:14:09.268+0900] {logging_mixin.py:190} INFO - [2026-04-10T09:14:09.268+0900] {dag.py:4138} INFO - Setting next_dagrun for consume_1_and_2_with_dataset_expressions to None, run_after=None
[2026-04-10T09:14:09.270+0900] {logging_mixin.py:190} INFO - [2026-04-10T09:14:09.270+0900] {dag.py:4138} INFO - Setting next_dagrun for consume_1_or_2_with_dataset_expressions to None, run_after=None
[2026-04-10T09:14:09.271+0900] {logging_mixin.py:190} INFO - [2026-04-10T09:14:09.271+0900] {dag.py:4138} INFO - Setting next_dagrun for consume_1_or_both_2_and_3_with_dataset_expressions to None, run_after=None
[2026-04-10T09:14:09.272+0900] {logging_mixin.py:190} INFO - [2026-04-10T09:14:09.272+0900] {dag.py:4138} INFO - Setting next_dagrun for dataset_consumes_1 to None, run_after=None
[2026-04-10T09:14:09.274+0900] {logging_mixin.py:190} INFO - [2026-04-10T09:14:09.274+0900] {dag.py:4138} INFO - Setting next_dagrun for dataset_consumes_1_and_2 to None, run_after=None
[2026-04-10T09:14:09.275+0900] {logging_mixin.py:190} INFO - [2026-04-10T09:14:09.275+0900] {dag.py:4138} INFO - Setting next_dagrun for dataset_consumes_1_never_scheduled to None, run_after=None
[2026-04-10T09:14:09.277+0900] {logging_mixin.py:190} INFO - [2026-04-10T09:14:09.277+0900] {dag.py:4138} INFO - Setting next_dagrun for dataset_consumes_unknown_never_scheduled to None, run_after=None
[2026-04-10T09:14:09.279+0900] {logging_mixin.py:190} INFO - [2026-04-10T09:14:09.279+0900] {dag.py:4138} INFO - Setting next_dagrun for dataset_produces_1 to 2026-04-09 00:00:00+00:00, run_after=2026-04-10 00:00:00+00:00
[2026-04-10T09:14:09.280+0900] {logging_mixin.py:190} INFO - [2026-04-10T09:14:09.280+0900] {dag.py:4138} INFO - Setting next_dagrun for dataset_produces_2 to None, run_after=None
[2026-04-10T09:14:09.304+0900] {processor.py:208} INFO - Processing /home/airflow/.local/lib/python3.12/site-packages/airflow/example_dags/example_datasets.py took 0.201 seconds
[2026-04-10T09:14:39.642+0900] {processor.py:186} INFO - Started process (PID=147245) to work on /home/airflow/.local/lib/python3.12/site-packages/airflow/example_dags/example_datasets.py
[2026-04-10T09:14:39.643+0900] {processor.py:914} INFO - Processing file /home/airflow/.local/lib/python3.12/site-packages/airflow/example_dags/example_datasets.py for tasks to queue
[2026-04-10T09:14:39.645+0900] {logging_mixin.py:190} INFO - [2026-04-10T09:14:39.645+0900] {dagbag.py:587} INFO - Filling up the DagBag from /home/airflow/.local/lib/python3.12/site-packages/airflow/example_dags/example_datasets.py
[2026-04-10T09:14:39.750+0900] {processor.py:925} INFO - DAG(s) 'dataset_consumes_1_and_2', 'dataset_consumes_1_never_scheduled', 'dataset_consumes_unknown_never_scheduled', 'dataset_produces_1', 'dataset_consumes_1', 'consume_1_and_2_with_dataset_expressions', 'consume_1_or_2_with_dataset_expressions', 'conditional_dataset_and_time_based_timetable', 'consume_1_or_both_2_and_3_with_dataset_expressions', 'dataset_produces_2' retrieved from /home/airflow/.local/lib/python3.12/site-packages/airflow/example_dags/example_datasets.py
[2026-04-10T09:14:39.781+0900] {logging_mixin.py:190} INFO - [2026-04-10T09:14:39.781+0900] {dag.py:3211} INFO - Sync 10 DAGs
[2026-04-10T09:14:39.798+0900] {logging_mixin.py:190} INFO - [2026-04-10T09:14:39.798+0900] {dag.py:4138} INFO - Setting next_dagrun for conditional_dataset_and_time_based_timetable to 2026-04-08 01:00:00+00:00, run_after=2026-04-08 01:00:00+00:00
[2026-04-10T09:14:39.801+0900] {logging_mixin.py:190} INFO - [2026-04-10T09:14:39.801+0900] {dag.py:4138} INFO - Setting next_dagrun for consume_1_and_2_with_dataset_expressions to None, run_after=None
[2026-04-10T09:14:39.803+0900] {logging_mixin.py:190} INFO - [2026-04-10T09:14:39.803+0900] {dag.py:4138} INFO - Setting next_dagrun for consume_1_or_2_with_dataset_expressions to None, run_after=None
[2026-04-10T09:14:39.804+0900] {logging_mixin.py:190} INFO - [2026-04-10T09:14:39.804+0900] {dag.py:4138} INFO - Setting next_dagrun for consume_1_or_both_2_and_3_with_dataset_expressions to None, run_after=None
[2026-04-10T09:14:39.806+0900] {logging_mixin.py:190} INFO - [2026-04-10T09:14:39.806+0900] {dag.py:4138} INFO - Setting next_dagrun for dataset_consumes_1 to None, run_after=None
[2026-04-10T09:14:39.807+0900] {logging_mixin.py:190} INFO - [2026-04-10T09:14:39.807+0900] {dag.py:4138} INFO - Setting next_dagrun for dataset_consumes_1_and_2 to None, run_after=None
[2026-04-10T09:14:39.809+0900] {logging_mixin.py:190} INFO - [2026-04-10T09:14:39.808+0900] {dag.py:4138} INFO - Setting next_dagrun for dataset_consumes_1_never_scheduled to None, run_after=None
[2026-04-10T09:14:39.810+0900] {logging_mixin.py:190} INFO - [2026-04-10T09:14:39.810+0900] {dag.py:4138} INFO - Setting next_dagrun for dataset_consumes_unknown_never_scheduled to None, run_after=None
[2026-04-10T09:14:39.812+0900] {logging_mixin.py:190} INFO - [2026-04-10T09:14:39.812+0900] {dag.py:4138} INFO - Setting next_dagrun for dataset_produces_1 to 2026-04-09 00:00:00+00:00, run_after=2026-04-10 00:00:00+00:00
[2026-04-10T09:14:39.813+0900] {logging_mixin.py:190} INFO - [2026-04-10T09:14:39.813+0900] {dag.py:4138} INFO - Setting next_dagrun for dataset_produces_2 to None, run_after=None
[2026-04-10T09:14:39.838+0900] {processor.py:208} INFO - Processing /home/airflow/.local/lib/python3.12/site-packages/airflow/example_dags/example_datasets.py took 0.201 seconds
[2026-04-10T09:15:10.797+0900] {processor.py:186} INFO - Started process (PID=147308) to work on /home/airflow/.local/lib/python3.12/site-packages/airflow/example_dags/example_datasets.py
[2026-04-10T09:15:10.798+0900] {processor.py:914} INFO - Processing file /home/airflow/.local/lib/python3.12/site-packages/airflow/example_dags/example_datasets.py for tasks to queue
[2026-04-10T09:15:10.800+0900] {logging_mixin.py:190} INFO - [2026-04-10T09:15:10.800+0900] {dagbag.py:587} INFO - Filling up the DagBag from /home/airflow/.local/lib/python3.12/site-packages/airflow/example_dags/example_datasets.py
[2026-04-10T09:15:10.913+0900] {processor.py:925} INFO - DAG(s) 'dataset_consumes_unknown_never_scheduled', 'dataset_consumes_1_never_scheduled', 'consume_1_and_2_with_dataset_expressions', 'dataset_consumes_1', 'dataset_produces_1', 'conditional_dataset_and_time_based_timetable', 'dataset_produces_2', 'consume_1_or_2_with_dataset_expressions', 'dataset_consumes_1_and_2', 'consume_1_or_both_2_and_3_with_dataset_expressions' retrieved from /home/airflow/.local/lib/python3.12/site-packages/airflow/example_dags/example_datasets.py
[2026-04-10T09:15:10.945+0900] {logging_mixin.py:190} INFO - [2026-04-10T09:15:10.945+0900] {dag.py:3211} INFO - Sync 10 DAGs
[2026-04-10T09:15:10.966+0900] {logging_mixin.py:190} INFO - [2026-04-10T09:15:10.965+0900] {dag.py:4138} INFO - Setting next_dagrun for conditional_dataset_and_time_based_timetable to 2026-04-08 01:00:00+00:00, run_after=2026-04-08 01:00:00+00:00
[2026-04-10T09:15:10.969+0900] {logging_mixin.py:190} INFO - [2026-04-10T09:15:10.969+0900] {dag.py:4138} INFO - Setting next_dagrun for consume_1_and_2_with_dataset_expressions to None, run_after=None
[2026-04-10T09:15:10.971+0900] {logging_mixin.py:190} INFO - [2026-04-10T09:15:10.970+0900] {dag.py:4138} INFO - Setting next_dagrun for consume_1_or_2_with_dataset_expressions to None, run_after=None
[2026-04-10T09:15:10.972+0900] {logging_mixin.py:190} INFO - [2026-04-10T09:15:10.972+0900] {dag.py:4138} INFO - Setting next_dagrun for consume_1_or_both_2_and_3_with_dataset_expressions to None, run_after=None
[2026-04-10T09:15:10.974+0900] {logging_mixin.py:190} INFO - [2026-04-10T09:15:10.973+0900] {dag.py:4138} INFO - Setting next_dagrun for dataset_consumes_1 to None, run_after=None
[2026-04-10T09:15:10.975+0900] {logging_mixin.py:190} INFO - [2026-04-10T09:15:10.975+0900] {dag.py:4138} INFO - Setting next_dagrun for dataset_consumes_1_and_2 to None, run_after=None
[2026-04-10T09:15:10.976+0900] {logging_mixin.py:190} INFO - [2026-04-10T09:15:10.976+0900] {dag.py:4138} INFO - Setting next_dagrun for dataset_consumes_1_never_scheduled to None, run_after=None
[2026-04-10T09:15:10.978+0900] {logging_mixin.py:190} INFO - [2026-04-10T09:15:10.977+0900] {dag.py:4138} INFO - Setting next_dagrun for dataset_consumes_unknown_never_scheduled to None, run_after=None
[2026-04-10T09:15:10.979+0900] {logging_mixin.py:190} INFO - [2026-04-10T09:15:10.979+0900] {dag.py:4138} INFO - Setting next_dagrun for dataset_produces_1 to 2026-04-09 00:00:00+00:00, run_after=2026-04-10 00:00:00+00:00
[2026-04-10T09:15:10.980+0900] {logging_mixin.py:190} INFO - [2026-04-10T09:15:10.980+0900] {dag.py:4138} INFO - Setting next_dagrun for dataset_produces_2 to None, run_after=None
[2026-04-10T09:15:11.006+0900] {processor.py:208} INFO - Processing /home/airflow/.local/lib/python3.12/site-packages/airflow/example_dags/example_datasets.py took 0.214 seconds
[2026-04-10T09:15:41.880+0900] {processor.py:186} INFO - Started process (PID=147374) to work on /home/airflow/.local/lib/python3.12/site-packages/airflow/example_dags/example_datasets.py
[2026-04-10T09:15:41.881+0900] {processor.py:914} INFO - Processing file /home/airflow/.local/lib/python3.12/site-packages/airflow/example_dags/example_datasets.py for tasks to queue
[2026-04-10T09:15:41.884+0900] {logging_mixin.py:190} INFO - [2026-04-10T09:15:41.883+0900] {dagbag.py:587} INFO - Filling up the DagBag from /home/airflow/.local/lib/python3.12/site-packages/airflow/example_dags/example_datasets.py
[2026-04-10T09:15:42.003+0900] {processor.py:925} INFO - DAG(s) 'dataset_consumes_1_and_2', 'dataset_produces_2', 'consume_1_and_2_with_dataset_expressions', 'dataset_consumes_1_never_scheduled', 'consume_1_or_both_2_and_3_with_dataset_expressions', 'consume_1_or_2_with_dataset_expressions', 'conditional_dataset_and_time_based_timetable', 'dataset_consumes_1', 'dataset_produces_1', 'dataset_consumes_unknown_never_scheduled' retrieved from /home/airflow/.local/lib/python3.12/site-packages/airflow/example_dags/example_datasets.py
[2026-04-10T09:15:42.037+0900] {logging_mixin.py:190} INFO - [2026-04-10T09:15:42.037+0900] {dag.py:3211} INFO - Sync 10 DAGs
[2026-04-10T09:15:42.057+0900] {logging_mixin.py:190} INFO - [2026-04-10T09:15:42.057+0900] {dag.py:4138} INFO - Setting next_dagrun for conditional_dataset_and_time_based_timetable to 2026-04-08 01:00:00+00:00, run_after=2026-04-08 01:00:00+00:00
[2026-04-10T09:15:42.061+0900] {logging_mixin.py:190} INFO - [2026-04-10T09:15:42.061+0900] {dag.py:4138} INFO - Setting next_dagrun for consume_1_and_2_with_dataset_expressions to None, run_after=None
[2026-04-10T09:15:42.062+0900] {logging_mixin.py:190} INFO - [2026-04-10T09:15:42.062+0900] {dag.py:4138} INFO - Setting next_dagrun for consume_1_or_2_with_dataset_expressions to None, run_after=None
[2026-04-10T09:15:42.064+0900] {logging_mixin.py:190} INFO - [2026-04-10T09:15:42.064+0900] {dag.py:4138} INFO - Setting next_dagrun for consume_1_or_both_2_and_3_with_dataset_expressions to None, run_after=None
[2026-04-10T09:15:42.065+0900] {logging_mixin.py:190} INFO - [2026-04-10T09:15:42.065+0900] {dag.py:4138} INFO - Setting next_dagrun for dataset_consumes_1 to None, run_after=None
[2026-04-10T09:15:42.066+0900] {logging_mixin.py:190} INFO - [2026-04-10T09:15:42.066+0900] {dag.py:4138} INFO - Setting next_dagrun for dataset_consumes_1_and_2 to None, run_after=None
[2026-04-10T09:15:42.068+0900] {logging_mixin.py:190} INFO - [2026-04-10T09:15:42.067+0900] {dag.py:4138} INFO - Setting next_dagrun for dataset_consumes_1_never_scheduled to None, run_after=None
[2026-04-10T09:15:42.069+0900] {logging_mixin.py:190} INFO - [2026-04-10T09:15:42.069+0900] {dag.py:4138} INFO - Setting next_dagrun for dataset_consumes_unknown_never_scheduled to None, run_after=None
[2026-04-10T09:15:42.071+0900] {logging_mixin.py:190} INFO - [2026-04-10T09:15:42.071+0900] {dag.py:4138} INFO - Setting next_dagrun for dataset_produces_1 to 2026-04-09 00:00:00+00:00, run_after=2026-04-10 00:00:00+00:00
[2026-04-10T09:15:42.072+0900] {logging_mixin.py:190} INFO - [2026-04-10T09:15:42.072+0900] {dag.py:4138} INFO - Setting next_dagrun for dataset_produces_2 to None, run_after=None
[2026-04-10T09:15:42.096+0900] {processor.py:208} INFO - Processing /home/airflow/.local/lib/python3.12/site-packages/airflow/example_dags/example_datasets.py took 0.221 seconds
[2026-04-10T09:16:12.578+0900] {processor.py:186} INFO - Started process (PID=147437) to work on /home/airflow/.local/lib/python3.12/site-packages/airflow/example_dags/example_datasets.py
[2026-04-10T09:16:12.579+0900] {processor.py:914} INFO - Processing file /home/airflow/.local/lib/python3.12/site-packages/airflow/example_dags/example_datasets.py for tasks to queue
[2026-04-10T09:16:12.581+0900] {logging_mixin.py:190} INFO - [2026-04-10T09:16:12.581+0900] {dagbag.py:587} INFO - Filling up the DagBag from /home/airflow/.local/lib/python3.12/site-packages/airflow/example_dags/example_datasets.py
[2026-04-10T09:16:12.691+0900] {processor.py:925} INFO - DAG(s) 'consume_1_and_2_with_dataset_expressions', 'dataset_consumes_unknown_never_scheduled', 'dataset_consumes_1_never_scheduled', 'conditional_dataset_and_time_based_timetable', 'dataset_produces_1', 'dataset_consumes_1', 'consume_1_or_both_2_and_3_with_dataset_expressions', 'consume_1_or_2_with_dataset_expressions', 'dataset_consumes_1_and_2', 'dataset_produces_2' retrieved from /home/airflow/.local/lib/python3.12/site-packages/airflow/example_dags/example_datasets.py
[2026-04-10T09:16:12.728+0900] {logging_mixin.py:190} INFO - [2026-04-10T09:16:12.728+0900] {dag.py:3211} INFO - Sync 10 DAGs
[2026-04-10T09:16:12.748+0900] {logging_mixin.py:190} INFO - [2026-04-10T09:16:12.747+0900] {dag.py:4138} INFO - Setting next_dagrun for conditional_dataset_and_time_based_timetable to 2026-04-08 01:00:00+00:00, run_after=2026-04-08 01:00:00+00:00
[2026-04-10T09:16:12.751+0900] {logging_mixin.py:190} INFO - [2026-04-10T09:16:12.751+0900] {dag.py:4138} INFO - Setting next_dagrun for consume_1_and_2_with_dataset_expressions to None, run_after=None
[2026-04-10T09:16:12.752+0900] {logging_mixin.py:190} INFO - [2026-04-10T09:16:12.752+0900] {dag.py:4138} INFO - Setting next_dagrun for consume_1_or_2_with_dataset_expressions to None, run_after=None
[2026-04-10T09:16:12.753+0900] {logging_mixin.py:190} INFO - [2026-04-10T09:16:12.753+0900] {dag.py:4138} INFO - Setting next_dagrun for consume_1_or_both_2_and_3_with_dataset_expressions to None, run_after=None
[2026-04-10T09:16:12.755+0900] {logging_mixin.py:190} INFO - [2026-04-10T09:16:12.755+0900] {dag.py:4138} INFO - Setting next_dagrun for dataset_consumes_1 to None, run_after=None
[2026-04-10T09:16:12.756+0900] {logging_mixin.py:190} INFO - [2026-04-10T09:16:12.756+0900] {dag.py:4138} INFO - Setting next_dagrun for dataset_consumes_1_and_2 to None, run_after=None
[2026-04-10T09:16:12.758+0900] {logging_mixin.py:190} INFO - [2026-04-10T09:16:12.758+0900] {dag.py:4138} INFO - Setting next_dagrun for dataset_consumes_1_never_scheduled to None, run_after=None
[2026-04-10T09:16:12.759+0900] {logging_mixin.py:190} INFO - [2026-04-10T09:16:12.759+0900] {dag.py:4138} INFO - Setting next_dagrun for dataset_consumes_unknown_never_scheduled to None, run_after=None
[2026-04-10T09:16:12.762+0900] {logging_mixin.py:190} INFO - [2026-04-10T09:16:12.762+0900] {dag.py:4138} INFO - Setting next_dagrun for dataset_produces_1 to 2026-04-09 00:00:00+00:00, run_after=2026-04-10 00:00:00+00:00
[2026-04-10T09:16:12.763+0900] {logging_mixin.py:190} INFO - [2026-04-10T09:16:12.763+0900] {dag.py:4138} INFO - Setting next_dagrun for dataset_produces_2 to None, run_after=None
[2026-04-10T09:16:12.788+0900] {processor.py:208} INFO - Processing /home/airflow/.local/lib/python3.12/site-packages/airflow/example_dags/example_datasets.py took 0.215 seconds
[2026-04-10T09:16:43.367+0900] {processor.py:186} INFO - Started process (PID=147500) to work on /home/airflow/.local/lib/python3.12/site-packages/airflow/example_dags/example_datasets.py
[2026-04-10T09:16:43.368+0900] {processor.py:914} INFO - Processing file /home/airflow/.local/lib/python3.12/site-packages/airflow/example_dags/example_datasets.py for tasks to queue
[2026-04-10T09:16:43.370+0900] {logging_mixin.py:190} INFO - [2026-04-10T09:16:43.370+0900] {dagbag.py:587} INFO - Filling up the DagBag from /home/airflow/.local/lib/python3.12/site-packages/airflow/example_dags/example_datasets.py
[2026-04-10T09:16:43.471+0900] {processor.py:925} INFO - DAG(s) 'conditional_dataset_and_time_based_timetable', 'consume_1_and_2_with_dataset_expressions', 'consume_1_or_2_with_dataset_expressions', 'dataset_consumes_1', 'dataset_produces_2', 'consume_1_or_both_2_and_3_with_dataset_expressions', 'dataset_consumes_1_never_scheduled', 'dataset_consumes_1_and_2', 'dataset_consumes_unknown_never_scheduled', 'dataset_produces_1' retrieved from /home/airflow/.local/lib/python3.12/site-packages/airflow/example_dags/example_datasets.py
[2026-04-10T09:16:43.503+0900] {logging_mixin.py:190} INFO - [2026-04-10T09:16:43.503+0900] {dag.py:3211} INFO - Sync 10 DAGs
[2026-04-10T09:16:43.522+0900] {logging_mixin.py:190} INFO - [2026-04-10T09:16:43.521+0900] {dag.py:4138} INFO - Setting next_dagrun for conditional_dataset_and_time_based_timetable to 2026-04-08 01:00:00+00:00, run_after=2026-04-08 01:00:00+00:00
[2026-04-10T09:16:43.524+0900] {logging_mixin.py:190} INFO - [2026-04-10T09:16:43.524+0900] {dag.py:4138} INFO - Setting next_dagrun for consume_1_and_2_with_dataset_expressions to None, run_after=None
[2026-04-10T09:16:43.525+0900] {logging_mixin.py:190} INFO - [2026-04-10T09:16:43.525+0900] {dag.py:4138} INFO - Setting next_dagrun for consume_1_or_2_with_dataset_expressions to None, run_after=None
[2026-04-10T09:16:43.527+0900] {logging_mixin.py:190} INFO - [2026-04-10T09:16:43.527+0900] {dag.py:4138} INFO - Setting next_dagrun for consume_1_or_both_2_and_3_with_dataset_expressions to None, run_after=None
[2026-04-10T09:16:43.528+0900] {logging_mixin.py:190} INFO - [2026-04-10T09:16:43.528+0900] {dag.py:4138} INFO - Setting next_dagrun for dataset_consumes_1 to None, run_after=None
[2026-04-10T09:16:43.529+0900] {logging_mixin.py:190} INFO - [2026-04-10T09:16:43.529+0900] {dag.py:4138} INFO - Setting next_dagrun for dataset_consumes_1_and_2 to None, run_after=None
[2026-04-10T09:16:43.530+0900] {logging_mixin.py:190} INFO - [2026-04-10T09:16:43.529+0900] {dag.py:4138} INFO - Setting next_dagrun for dataset_consumes_1_never_scheduled to None, run_after=None
[2026-04-10T09:16:43.530+0900] {logging_mixin.py:190} INFO - [2026-04-10T09:16:43.530+0900] {dag.py:4138} INFO - Setting next_dagrun for dataset_consumes_unknown_never_scheduled to None, run_after=None
[2026-04-10T09:16:43.532+0900] {logging_mixin.py:190} INFO - [2026-04-10T09:16:43.532+0900] {dag.py:4138} INFO - Setting next_dagrun for dataset_produces_1 to 2026-04-09 00:00:00+00:00, run_after=2026-04-10 00:00:00+00:00
[2026-04-10T09:16:43.533+0900] {logging_mixin.py:190} INFO - [2026-04-10T09:16:43.533+0900] {dag.py:4138} INFO - Setting next_dagrun for dataset_produces_2 to None, run_after=None
[2026-04-10T09:16:43.559+0900] {processor.py:208} INFO - Processing /home/airflow/.local/lib/python3.12/site-packages/airflow/example_dags/example_datasets.py took 0.197 seconds
[2026-04-10T09:17:14.077+0900] {processor.py:186} INFO - Started process (PID=147563) to work on /home/airflow/.local/lib/python3.12/site-packages/airflow/example_dags/example_datasets.py
[2026-04-10T09:17:14.079+0900] {processor.py:914} INFO - Processing file /home/airflow/.local/lib/python3.12/site-packages/airflow/example_dags/example_datasets.py for tasks to queue
[2026-04-10T09:17:14.082+0900] {logging_mixin.py:190} INFO - [2026-04-10T09:17:14.081+0900] {dagbag.py:587} INFO - Filling up the DagBag from /home/airflow/.local/lib/python3.12/site-packages/airflow/example_dags/example_datasets.py
[2026-04-10T09:17:14.185+0900] {processor.py:925} INFO - DAG(s) 'dataset_consumes_1', 'consume_1_or_both_2_and_3_with_dataset_expressions', 'dataset_consumes_1_never_scheduled', 'consume_1_and_2_with_dataset_expressions', 'dataset_consumes_1_and_2', 'conditional_dataset_and_time_based_timetable', 'dataset_produces_1', 'dataset_consumes_unknown_never_scheduled', 'consume_1_or_2_with_dataset_expressions', 'dataset_produces_2' retrieved from /home/airflow/.local/lib/python3.12/site-packages/airflow/example_dags/example_datasets.py
[2026-04-10T09:17:14.215+0900] {logging_mixin.py:190} INFO - [2026-04-10T09:17:14.215+0900] {dag.py:3211} INFO - Sync 10 DAGs
[2026-04-10T09:17:14.235+0900] {logging_mixin.py:190} INFO - [2026-04-10T09:17:14.235+0900] {dag.py:4138} INFO - Setting next_dagrun for conditional_dataset_and_time_based_timetable to 2026-04-08 01:00:00+00:00, run_after=2026-04-08 01:00:00+00:00
[2026-04-10T09:17:14.238+0900] {logging_mixin.py:190} INFO - [2026-04-10T09:17:14.238+0900] {dag.py:4138} INFO - Setting next_dagrun for consume_1_and_2_with_dataset_expressions to None, run_after=None
[2026-04-10T09:17:14.239+0900] {logging_mixin.py:190} INFO - [2026-04-10T09:17:14.239+0900] {dag.py:4138} INFO - Setting next_dagrun for consume_1_or_2_with_dataset_expressions to None, run_after=None
[2026-04-10T09:17:14.241+0900] {logging_mixin.py:190} INFO - [2026-04-10T09:17:14.241+0900] {dag.py:4138} INFO - Setting next_dagrun for consume_1_or_both_2_and_3_with_dataset_expressions to None, run_after=None
[2026-04-10T09:17:14.242+0900] {logging_mixin.py:190} INFO - [2026-04-10T09:17:14.242+0900] {dag.py:4138} INFO - Setting next_dagrun for dataset_consumes_1 to None, run_after=None
[2026-04-10T09:17:14.244+0900] {logging_mixin.py:190} INFO - [2026-04-10T09:17:14.244+0900] {dag.py:4138} INFO - Setting next_dagrun for dataset_consumes_1_and_2 to None, run_after=None
[2026-04-10T09:17:14.245+0900] {logging_mixin.py:190} INFO - [2026-04-10T09:17:14.245+0900] {dag.py:4138} INFO - Setting next_dagrun for dataset_consumes_1_never_scheduled to None, run_after=None
[2026-04-10T09:17:14.246+0900] {logging_mixin.py:190} INFO - [2026-04-10T09:17:14.246+0900] {dag.py:4138} INFO - Setting next_dagrun for dataset_consumes_unknown_never_scheduled to None, run_after=None
[2026-04-10T09:17:14.248+0900] {logging_mixin.py:190} INFO - [2026-04-10T09:17:14.248+0900] {dag.py:4138} INFO - Setting next_dagrun for dataset_produces_1 to 2026-04-09 00:00:00+00:00, run_after=2026-04-10 00:00:00+00:00
[2026-04-10T09:17:14.249+0900] {logging_mixin.py:190} INFO - [2026-04-10T09:17:14.249+0900] {dag.py:4138} INFO - Setting next_dagrun for dataset_produces_2 to None, run_after=None
[2026-04-10T09:17:14.271+0900] {processor.py:208} INFO - Processing /home/airflow/.local/lib/python3.12/site-packages/airflow/example_dags/example_datasets.py took 0.198 seconds
[2026-04-10T09:17:44.776+0900] {processor.py:186} INFO - Started process (PID=147626) to work on /home/airflow/.local/lib/python3.12/site-packages/airflow/example_dags/example_datasets.py
[2026-04-10T09:17:44.778+0900] {processor.py:914} INFO - Processing file /home/airflow/.local/lib/python3.12/site-packages/airflow/example_dags/example_datasets.py for tasks to queue
[2026-04-10T09:17:44.780+0900] {logging_mixin.py:190} INFO - [2026-04-10T09:17:44.780+0900] {dagbag.py:587} INFO - Filling up the DagBag from /home/airflow/.local/lib/python3.12/site-packages/airflow/example_dags/example_datasets.py
[2026-04-10T09:17:44.902+0900] {processor.py:925} INFO - DAG(s) 'conditional_dataset_and_time_based_timetable', 'consume_1_and_2_with_dataset_expressions', 'dataset_produces_2', 'dataset_produces_1', 'dataset_consumes_unknown_never_scheduled', 'dataset_consumes_1_never_scheduled', 'dataset_consumes_1_and_2', 'consume_1_or_both_2_and_3_with_dataset_expressions', 'dataset_consumes_1', 'consume_1_or_2_with_dataset_expressions' retrieved from /home/airflow/.local/lib/python3.12/site-packages/airflow/example_dags/example_datasets.py
[2026-04-10T09:17:44.941+0900] {logging_mixin.py:190} INFO - [2026-04-10T09:17:44.940+0900] {dag.py:3211} INFO - Sync 10 DAGs
[2026-04-10T09:17:44.962+0900] {logging_mixin.py:190} INFO - [2026-04-10T09:17:44.961+0900] {dag.py:4138} INFO - Setting next_dagrun for conditional_dataset_and_time_based_timetable to 2026-04-08 01:00:00+00:00, run_after=2026-04-08 01:00:00+00:00
[2026-04-10T09:17:44.965+0900] {logging_mixin.py:190} INFO - [2026-04-10T09:17:44.965+0900] {dag.py:4138} INFO - Setting next_dagrun for consume_1_and_2_with_dataset_expressions to None, run_after=None
[2026-04-10T09:17:44.966+0900] {logging_mixin.py:190} INFO - [2026-04-10T09:17:44.966+0900] {dag.py:4138} INFO - Setting next_dagrun for consume_1_or_2_with_dataset_expressions to None, run_after=None
[2026-04-10T09:17:44.968+0900] {logging_mixin.py:190} INFO - [2026-04-10T09:17:44.968+0900] {dag.py:4138} INFO - Setting next_dagrun for consume_1_or_both_2_and_3_with_dataset_expressions to None, run_after=None
[2026-04-10T09:17:44.969+0900] {logging_mixin.py:190} INFO - [2026-04-10T09:17:44.969+0900] {dag.py:4138} INFO - Setting next_dagrun for dataset_consumes_1 to None, run_after=None
[2026-04-10T09:17:44.970+0900] {logging_mixin.py:190} INFO - [2026-04-10T09:17:44.970+0900] {dag.py:4138} INFO - Setting next_dagrun for dataset_consumes_1_and_2 to None, run_after=None
[2026-04-10T09:17:44.972+0900] {logging_mixin.py:190} INFO - [2026-04-10T09:17:44.971+0900] {dag.py:4138} INFO - Setting next_dagrun for dataset_consumes_1_never_scheduled to None, run_after=None
[2026-04-10T09:17:44.973+0900] {logging_mixin.py:190} INFO - [2026-04-10T09:17:44.973+0900] {dag.py:4138} INFO - Setting next_dagrun for dataset_consumes_unknown_never_scheduled to None, run_after=None
[2026-04-10T09:17:44.975+0900] {logging_mixin.py:190} INFO - [2026-04-10T09:17:44.974+0900] {dag.py:4138} INFO - Setting next_dagrun for dataset_produces_1 to 2026-04-09 00:00:00+00:00, run_after=2026-04-10 00:00:00+00:00
[2026-04-10T09:17:44.976+0900] {logging_mixin.py:190} INFO - [2026-04-10T09:17:44.976+0900] {dag.py:4138} INFO - Setting next_dagrun for dataset_produces_2 to None, run_after=None
[2026-04-10T09:17:45.013+0900] {processor.py:208} INFO - Processing /home/airflow/.local/lib/python3.12/site-packages/airflow/example_dags/example_datasets.py took 0.242 seconds
[2026-04-10T09:18:15.706+0900] {processor.py:186} INFO - Started process (PID=147689) to work on /home/airflow/.local/lib/python3.12/site-packages/airflow/example_dags/example_datasets.py
[2026-04-10T09:18:15.708+0900] {processor.py:914} INFO - Processing file /home/airflow/.local/lib/python3.12/site-packages/airflow/example_dags/example_datasets.py for tasks to queue
[2026-04-10T09:18:15.710+0900] {logging_mixin.py:190} INFO - [2026-04-10T09:18:15.710+0900] {dagbag.py:587} INFO - Filling up the DagBag from /home/airflow/.local/lib/python3.12/site-packages/airflow/example_dags/example_datasets.py
[2026-04-10T09:18:15.829+0900] {processor.py:925} INFO - DAG(s) 'dataset_produces_2', 'consume_1_or_both_2_and_3_with_dataset_expressions', 'dataset_consumes_unknown_never_scheduled', 'consume_1_and_2_with_dataset_expressions', 'conditional_dataset_and_time_based_timetable', 'dataset_consumes_1_and_2', 'dataset_consumes_1_never_scheduled', 'consume_1_or_2_with_dataset_expressions', 'dataset_produces_1', 'dataset_consumes_1' retrieved from /home/airflow/.local/lib/python3.12/site-packages/airflow/example_dags/example_datasets.py
[2026-04-10T09:18:15.880+0900] {logging_mixin.py:190} INFO - [2026-04-10T09:18:15.880+0900] {dag.py:3211} INFO - Sync 10 DAGs
[2026-04-10T09:18:15.905+0900] {logging_mixin.py:190} INFO - [2026-04-10T09:18:15.905+0900] {dag.py:4138} INFO - Setting next_dagrun for conditional_dataset_and_time_based_timetable to 2026-04-08 01:00:00+00:00, run_after=2026-04-08 01:00:00+00:00
[2026-04-10T09:18:15.908+0900] {logging_mixin.py:190} INFO - [2026-04-10T09:18:15.908+0900] {dag.py:4138} INFO - Setting next_dagrun for consume_1_and_2_with_dataset_expressions to None, run_after=None
[2026-04-10T09:18:15.910+0900] {logging_mixin.py:190} INFO - [2026-04-10T09:18:15.910+0900] {dag.py:4138} INFO - Setting next_dagrun for consume_1_or_2_with_dataset_expressions to None, run_after=None
[2026-04-10T09:18:15.912+0900] {logging_mixin.py:190} INFO - [2026-04-10T09:18:15.912+0900] {dag.py:4138} INFO - Setting next_dagrun for consume_1_or_both_2_and_3_with_dataset_expressions to None, run_after=None
[2026-04-10T09:18:15.913+0900] {logging_mixin.py:190} INFO - [2026-04-10T09:18:15.913+0900] {dag.py:4138} INFO - Setting next_dagrun for dataset_consumes_1 to None, run_after=None
[2026-04-10T09:18:15.914+0900] {logging_mixin.py:190} INFO - [2026-04-10T09:18:15.914+0900] {dag.py:4138} INFO - Setting next_dagrun for dataset_consumes_1_and_2 to None, run_after=None
[2026-04-10T09:18:15.916+0900] {logging_mixin.py:190} INFO - [2026-04-10T09:18:15.916+0900] {dag.py:4138} INFO - Setting next_dagrun for dataset_consumes_1_never_scheduled to None, run_after=None
[2026-04-10T09:18:15.919+0900] {logging_mixin.py:190} INFO - [2026-04-10T09:18:15.919+0900] {dag.py:4138} INFO - Setting next_dagrun for dataset_consumes_unknown_never_scheduled to None, run_after=None
[2026-04-10T09:18:15.921+0900] {logging_mixin.py:190} INFO - [2026-04-10T09:18:15.921+0900] {dag.py:4138} INFO - Setting next_dagrun for dataset_produces_1 to 2026-04-09 00:00:00+00:00, run_after=2026-04-10 00:00:00+00:00
[2026-04-10T09:18:15.923+0900] {logging_mixin.py:190} INFO - [2026-04-10T09:18:15.923+0900] {dag.py:4138} INFO - Setting next_dagrun for dataset_produces_2 to None, run_after=None
[2026-04-10T09:18:15.950+0900] {processor.py:208} INFO - Processing /home/airflow/.local/lib/python3.12/site-packages/airflow/example_dags/example_datasets.py took 0.249 seconds
[2026-04-10T09:18:46.348+0900] {processor.py:186} INFO - Started process (PID=147752) to work on /home/airflow/.local/lib/python3.12/site-packages/airflow/example_dags/example_datasets.py
[2026-04-10T09:18:46.349+0900] {processor.py:914} INFO - Processing file /home/airflow/.local/lib/python3.12/site-packages/airflow/example_dags/example_datasets.py for tasks to queue
[2026-04-10T09:18:46.351+0900] {logging_mixin.py:190} INFO - [2026-04-10T09:18:46.351+0900] {dagbag.py:587} INFO - Filling up the DagBag from /home/airflow/.local/lib/python3.12/site-packages/airflow/example_dags/example_datasets.py
[2026-04-10T09:18:46.454+0900] {processor.py:925} INFO - DAG(s) 'dataset_produces_2', 'dataset_consumes_1_and_2', 'conditional_dataset_and_time_based_timetable', 'dataset_consumes_1_never_scheduled', 'dataset_consumes_unknown_never_scheduled', 'consume_1_or_both_2_and_3_with_dataset_expressions', 'dataset_consumes_1', 'consume_1_or_2_with_dataset_expressions', 'consume_1_and_2_with_dataset_expressions', 'dataset_produces_1' retrieved from /home/airflow/.local/lib/python3.12/site-packages/airflow/example_dags/example_datasets.py
[2026-04-10T09:18:46.484+0900] {logging_mixin.py:190} INFO - [2026-04-10T09:18:46.484+0900] {dag.py:3211} INFO - Sync 10 DAGs
[2026-04-10T09:18:46.502+0900] {logging_mixin.py:190} INFO - [2026-04-10T09:18:46.502+0900] {dag.py:4138} INFO - Setting next_dagrun for conditional_dataset_and_time_based_timetable to 2026-04-08 01:00:00+00:00, run_after=2026-04-08 01:00:00+00:00
[2026-04-10T09:18:46.505+0900] {logging_mixin.py:190} INFO - [2026-04-10T09:18:46.505+0900] {dag.py:4138} INFO - Setting next_dagrun for consume_1_and_2_with_dataset_expressions to None, run_after=None
[2026-04-10T09:18:46.507+0900] {logging_mixin.py:190} INFO - [2026-04-10T09:18:46.507+0900] {dag.py:4138} INFO - Setting next_dagrun for consume_1_or_2_with_dataset_expressions to None, run_after=None
[2026-04-10T09:18:46.508+0900] {logging_mixin.py:190} INFO - [2026-04-10T09:18:46.508+0900] {dag.py:4138} INFO - Setting next_dagrun for consume_1_or_both_2_and_3_with_dataset_expressions to None, run_after=None
[2026-04-10T09:18:46.510+0900] {logging_mixin.py:190} INFO - [2026-04-10T09:18:46.510+0900] {dag.py:4138} INFO - Setting next_dagrun for dataset_consumes_1 to None, run_after=None
[2026-04-10T09:18:46.511+0900] {logging_mixin.py:190} INFO - [2026-04-10T09:18:46.511+0900] {dag.py:4138} INFO - Setting next_dagrun for dataset_consumes_1_and_2 to None, run_after=None
[2026-04-10T09:18:46.512+0900] {logging_mixin.py:190} INFO - [2026-04-10T09:18:46.512+0900] {dag.py:4138} INFO - Setting next_dagrun for dataset_consumes_1_never_scheduled to None, run_after=None
[2026-04-10T09:18:46.514+0900] {logging_mixin.py:190} INFO - [2026-04-10T09:18:46.513+0900] {dag.py:4138} INFO - Setting next_dagrun for dataset_consumes_unknown_never_scheduled to None, run_after=None
[2026-04-10T09:18:46.515+0900] {logging_mixin.py:190} INFO - [2026-04-10T09:18:46.515+0900] {dag.py:4138} INFO - Setting next_dagrun for dataset_produces_1 to 2026-04-09 00:00:00+00:00, run_after=2026-04-10 00:00:00+00:00
[2026-04-10T09:18:46.517+0900] {logging_mixin.py:190} INFO - [2026-04-10T09:18:46.517+0900] {dag.py:4138} INFO - Setting next_dagrun for dataset_produces_2 to None, run_after=None
[2026-04-10T09:18:46.538+0900] {processor.py:208} INFO - Processing /home/airflow/.local/lib/python3.12/site-packages/airflow/example_dags/example_datasets.py took 0.195 seconds
[2026-04-10T09:19:17.319+0900] {processor.py:186} INFO - Started process (PID=147815) to work on /home/airflow/.local/lib/python3.12/site-packages/airflow/example_dags/example_datasets.py
[2026-04-10T09:19:17.320+0900] {processor.py:914} INFO - Processing file /home/airflow/.local/lib/python3.12/site-packages/airflow/example_dags/example_datasets.py for tasks to queue
[2026-04-10T09:19:17.323+0900] {logging_mixin.py:190} INFO - [2026-04-10T09:19:17.322+0900] {dagbag.py:587} INFO - Filling up the DagBag from /home/airflow/.local/lib/python3.12/site-packages/airflow/example_dags/example_datasets.py
[2026-04-10T09:19:17.437+0900] {processor.py:925} INFO - DAG(s) 'dataset_consumes_1_never_scheduled', 'dataset_produces_2', 'consume_1_or_2_with_dataset_expressions', 'dataset_consumes_1', 'dataset_consumes_1_and_2', 'consume_1_and_2_with_dataset_expressions', 'dataset_consumes_unknown_never_scheduled', 'consume_1_or_both_2_and_3_with_dataset_expressions', 'conditional_dataset_and_time_based_timetable', 'dataset_produces_1' retrieved from /home/airflow/.local/lib/python3.12/site-packages/airflow/example_dags/example_datasets.py
[2026-04-10T09:19:17.470+0900] {logging_mixin.py:190} INFO - [2026-04-10T09:19:17.470+0900] {dag.py:3211} INFO - Sync 10 DAGs
[2026-04-10T09:19:17.493+0900] {logging_mixin.py:190} INFO - [2026-04-10T09:19:17.493+0900] {dag.py:4138} INFO - Setting next_dagrun for conditional_dataset_and_time_based_timetable to 2026-04-08 01:00:00+00:00, run_after=2026-04-08 01:00:00+00:00
[2026-04-10T09:19:17.496+0900] {logging_mixin.py:190} INFO - [2026-04-10T09:19:17.496+0900] {dag.py:4138} INFO - Setting next_dagrun for consume_1_and_2_with_dataset_expressions to None, run_after=None
[2026-04-10T09:19:17.498+0900] {logging_mixin.py:190} INFO - [2026-04-10T09:19:17.498+0900] {dag.py:4138} INFO - Setting next_dagrun for consume_1_or_2_with_dataset_expressions to None, run_after=None
[2026-04-10T09:19:17.499+0900] {logging_mixin.py:190} INFO - [2026-04-10T09:19:17.499+0900] {dag.py:4138} INFO - Setting next_dagrun for consume_1_or_both_2_and_3_with_dataset_expressions to None, run_after=None
[2026-04-10T09:19:17.500+0900] {logging_mixin.py:190} INFO - [2026-04-10T09:19:17.500+0900] {dag.py:4138} INFO - Setting next_dagrun for dataset_consumes_1 to None, run_after=None
[2026-04-10T09:19:17.502+0900] {logging_mixin.py:190} INFO - [2026-04-10T09:19:17.502+0900] {dag.py:4138} INFO - Setting next_dagrun for dataset_consumes_1_and_2 to None, run_after=None
[2026-04-10T09:19:17.503+0900] {logging_mixin.py:190} INFO - [2026-04-10T09:19:17.503+0900] {dag.py:4138} INFO - Setting next_dagrun for dataset_consumes_1_never_scheduled to None, run_after=None
[2026-04-10T09:19:17.504+0900] {logging_mixin.py:190} INFO - [2026-04-10T09:19:17.504+0900] {dag.py:4138} INFO - Setting next_dagrun for dataset_consumes_unknown_never_scheduled to None, run_after=None
[2026-04-10T09:19:17.506+0900] {logging_mixin.py:190} INFO - [2026-04-10T09:19:17.506+0900] {dag.py:4138} INFO - Setting next_dagrun for dataset_produces_1 to 2026-04-09 00:00:00+00:00, run_after=2026-04-10 00:00:00+00:00
[2026-04-10T09:19:17.507+0900] {logging_mixin.py:190} INFO - [2026-04-10T09:19:17.507+0900] {dag.py:4138} INFO - Setting next_dagrun for dataset_produces_2 to None, run_after=None
[2026-04-10T09:19:17.530+0900] {processor.py:208} INFO - Processing /home/airflow/.local/lib/python3.12/site-packages/airflow/example_dags/example_datasets.py took 0.215 seconds
[2026-04-10T09:19:48.373+0900] {processor.py:186} INFO - Started process (PID=147878) to work on /home/airflow/.local/lib/python3.12/site-packages/airflow/example_dags/example_datasets.py
[2026-04-10T09:19:48.375+0900] {processor.py:914} INFO - Processing file /home/airflow/.local/lib/python3.12/site-packages/airflow/example_dags/example_datasets.py for tasks to queue
[2026-04-10T09:19:48.377+0900] {logging_mixin.py:190} INFO - [2026-04-10T09:19:48.377+0900] {dagbag.py:587} INFO - Filling up the DagBag from /home/airflow/.local/lib/python3.12/site-packages/airflow/example_dags/example_datasets.py
[2026-04-10T09:19:48.490+0900] {processor.py:925} INFO - DAG(s) 'consume_1_or_both_2_and_3_with_dataset_expressions', 'conditional_dataset_and_time_based_timetable', 'dataset_consumes_unknown_never_scheduled', 'dataset_consumes_1_and_2', 'dataset_consumes_1_never_scheduled', 'consume_1_and_2_with_dataset_expressions', 'dataset_consumes_1', 'dataset_produces_2', 'dataset_produces_1', 'consume_1_or_2_with_dataset_expressions' retrieved from /home/airflow/.local/lib/python3.12/site-packages/airflow/example_dags/example_datasets.py
[2026-04-10T09:19:48.520+0900] {logging_mixin.py:190} INFO - [2026-04-10T09:19:48.519+0900] {dag.py:3211} INFO - Sync 10 DAGs
[2026-04-10T09:19:48.540+0900] {logging_mixin.py:190} INFO - [2026-04-10T09:19:48.540+0900] {dag.py:4138} INFO - Setting next_dagrun for conditional_dataset_and_time_based_timetable to 2026-04-08 01:00:00+00:00, run_after=2026-04-08 01:00:00+00:00
[2026-04-10T09:19:48.543+0900] {logging_mixin.py:190} INFO - [2026-04-10T09:19:48.543+0900] {dag.py:4138} INFO - Setting next_dagrun for consume_1_and_2_with_dataset_expressions to None, run_after=None
[2026-04-10T09:19:48.544+0900] {logging_mixin.py:190} INFO - [2026-04-10T09:19:48.544+0900] {dag.py:4138} INFO - Setting next_dagrun for consume_1_or_2_with_dataset_expressions to None, run_after=None
[2026-04-10T09:19:48.545+0900] {logging_mixin.py:190} INFO - [2026-04-10T09:19:48.545+0900] {dag.py:4138} INFO - Setting next_dagrun for consume_1_or_both_2_and_3_with_dataset_expressions to None, run_after=None
[2026-04-10T09:19:48.547+0900] {logging_mixin.py:190} INFO - [2026-04-10T09:19:48.546+0900] {dag.py:4138} INFO - Setting next_dagrun for dataset_consumes_1 to None, run_after=None
[2026-04-10T09:19:48.548+0900] {logging_mixin.py:190} INFO - [2026-04-10T09:19:48.547+0900] {dag.py:4138} INFO - Setting next_dagrun for dataset_consumes_1_and_2 to None, run_after=None
[2026-04-10T09:19:48.549+0900] {logging_mixin.py:190} INFO - [2026-04-10T09:19:48.549+0900] {dag.py:4138} INFO - Setting next_dagrun for dataset_consumes_1_never_scheduled to None, run_after=None
[2026-04-10T09:19:48.550+0900] {logging_mixin.py:190} INFO - [2026-04-10T09:19:48.550+0900] {dag.py:4138} INFO - Setting next_dagrun for dataset_consumes_unknown_never_scheduled to None, run_after=None
[2026-04-10T09:19:48.552+0900] {logging_mixin.py:190} INFO - [2026-04-10T09:19:48.552+0900] {dag.py:4138} INFO - Setting next_dagrun for dataset_produces_1 to 2026-04-09 00:00:00+00:00, run_after=2026-04-10 00:00:00+00:00
[2026-04-10T09:19:48.553+0900] {logging_mixin.py:190} INFO - [2026-04-10T09:19:48.553+0900] {dag.py:4138} INFO - Setting next_dagrun for dataset_produces_2 to None, run_after=None
[2026-04-10T09:19:48.576+0900] {processor.py:208} INFO - Processing /home/airflow/.local/lib/python3.12/site-packages/airflow/example_dags/example_datasets.py took 0.208 seconds
[2026-04-10T09:20:19.120+0900] {processor.py:186} INFO - Started process (PID=147941) to work on /home/airflow/.local/lib/python3.12/site-packages/airflow/example_dags/example_datasets.py
[2026-04-10T09:20:19.121+0900] {processor.py:914} INFO - Processing file /home/airflow/.local/lib/python3.12/site-packages/airflow/example_dags/example_datasets.py for tasks to queue
[2026-04-10T09:20:19.123+0900] {logging_mixin.py:190} INFO - [2026-04-10T09:20:19.123+0900] {dagbag.py:587} INFO - Filling up the DagBag from /home/airflow/.local/lib/python3.12/site-packages/airflow/example_dags/example_datasets.py
[2026-04-10T09:20:19.228+0900] {processor.py:925} INFO - DAG(s) 'dataset_produces_1', 'consume_1_and_2_with_dataset_expressions', 'dataset_produces_2', 'consume_1_or_2_with_dataset_expressions', 'dataset_consumes_unknown_never_scheduled', 'conditional_dataset_and_time_based_timetable', 'dataset_consumes_1_never_scheduled', 'dataset_consumes_1_and_2', 'dataset_consumes_1', 'consume_1_or_both_2_and_3_with_dataset_expressions' retrieved from /home/airflow/.local/lib/python3.12/site-packages/airflow/example_dags/example_datasets.py
[2026-04-10T09:20:19.256+0900] {logging_mixin.py:190} INFO - [2026-04-10T09:20:19.255+0900] {dag.py:3211} INFO - Sync 10 DAGs
[2026-04-10T09:20:19.273+0900] {logging_mixin.py:190} INFO - [2026-04-10T09:20:19.273+0900] {dag.py:4138} INFO - Setting next_dagrun for conditional_dataset_and_time_based_timetable to 2026-04-08 01:00:00+00:00, run_after=2026-04-08 01:00:00+00:00
[2026-04-10T09:20:19.277+0900] {logging_mixin.py:190} INFO - [2026-04-10T09:20:19.276+0900] {dag.py:4138} INFO - Setting next_dagrun for consume_1_and_2_with_dataset_expressions to None, run_after=None
[2026-04-10T09:20:19.278+0900] {logging_mixin.py:190} INFO - [2026-04-10T09:20:19.278+0900] {dag.py:4138} INFO - Setting next_dagrun for consume_1_or_2_with_dataset_expressions to None, run_after=None
[2026-04-10T09:20:19.280+0900] {logging_mixin.py:190} INFO - [2026-04-10T09:20:19.280+0900] {dag.py:4138} INFO - Setting next_dagrun for consume_1_or_both_2_and_3_with_dataset_expressions to None, run_after=None
[2026-04-10T09:20:19.281+0900] {logging_mixin.py:190} INFO - [2026-04-10T09:20:19.281+0900] {dag.py:4138} INFO - Setting next_dagrun for dataset_consumes_1 to None, run_after=None
[2026-04-10T09:20:19.283+0900] {logging_mixin.py:190} INFO - [2026-04-10T09:20:19.283+0900] {dag.py:4138} INFO - Setting next_dagrun for dataset_consumes_1_and_2 to None, run_after=None
[2026-04-10T09:20:19.284+0900] {logging_mixin.py:190} INFO - [2026-04-10T09:20:19.284+0900] {dag.py:4138} INFO - Setting next_dagrun for dataset_consumes_1_never_scheduled to None, run_after=None
[2026-04-10T09:20:19.286+0900] {logging_mixin.py:190} INFO - [2026-04-10T09:20:19.286+0900] {dag.py:4138} INFO - Setting next_dagrun for dataset_consumes_unknown_never_scheduled to None, run_after=None
[2026-04-10T09:20:19.288+0900] {logging_mixin.py:190} INFO - [2026-04-10T09:20:19.288+0900] {dag.py:4138} INFO - Setting next_dagrun for dataset_produces_1 to 2026-04-09 00:00:00+00:00, run_after=2026-04-10 00:00:00+00:00
[2026-04-10T09:20:19.290+0900] {logging_mixin.py:190} INFO - [2026-04-10T09:20:19.289+0900] {dag.py:4138} INFO - Setting next_dagrun for dataset_produces_2 to None, run_after=None
[2026-04-10T09:20:19.315+0900] {processor.py:208} INFO - Processing /home/airflow/.local/lib/python3.12/site-packages/airflow/example_dags/example_datasets.py took 0.199 seconds
[2026-04-10T09:20:49.823+0900] {processor.py:186} INFO - Started process (PID=148004) to work on /home/airflow/.local/lib/python3.12/site-packages/airflow/example_dags/example_datasets.py
[2026-04-10T09:20:49.824+0900] {processor.py:914} INFO - Processing file /home/airflow/.local/lib/python3.12/site-packages/airflow/example_dags/example_datasets.py for tasks to queue
[2026-04-10T09:20:49.826+0900] {logging_mixin.py:190} INFO - [2026-04-10T09:20:49.826+0900] {dagbag.py:587} INFO - Filling up the DagBag from /home/airflow/.local/lib/python3.12/site-packages/airflow/example_dags/example_datasets.py
[2026-04-10T09:20:49.932+0900] {processor.py:925} INFO - DAG(s) 'dataset_consumes_1_never_scheduled', 'dataset_consumes_1_and_2', 'dataset_consumes_unknown_never_scheduled', 'dataset_produces_2', 'conditional_dataset_and_time_based_timetable', 'dataset_produces_1', 'consume_1_or_both_2_and_3_with_dataset_expressions', 'dataset_consumes_1', 'consume_1_or_2_with_dataset_expressions', 'consume_1_and_2_with_dataset_expressions' retrieved from /home/airflow/.local/lib/python3.12/site-packages/airflow/example_dags/example_datasets.py
[2026-04-10T09:20:49.961+0900] {logging_mixin.py:190} INFO - [2026-04-10T09:20:49.961+0900] {dag.py:3211} INFO - Sync 10 DAGs
[2026-04-10T09:20:49.979+0900] {logging_mixin.py:190} INFO - [2026-04-10T09:20:49.979+0900] {dag.py:4138} INFO - Setting next_dagrun for conditional_dataset_and_time_based_timetable to 2026-04-08 01:00:00+00:00, run_after=2026-04-08 01:00:00+00:00
[2026-04-10T09:20:49.982+0900] {logging_mixin.py:190} INFO - [2026-04-10T09:20:49.982+0900] {dag.py:4138} INFO - Setting next_dagrun for consume_1_and_2_with_dataset_expressions to None, run_after=None
[2026-04-10T09:20:49.983+0900] {logging_mixin.py:190} INFO - [2026-04-10T09:20:49.983+0900] {dag.py:4138} INFO - Setting next_dagrun for consume_1_or_2_with_dataset_expressions to None, run_after=None
[2026-04-10T09:20:49.984+0900] {logging_mixin.py:190} INFO - [2026-04-10T09:20:49.984+0900] {dag.py:4138} INFO - Setting next_dagrun for consume_1_or_both_2_and_3_with_dataset_expressions to None, run_after=None
[2026-04-10T09:20:49.985+0900] {logging_mixin.py:190} INFO - [2026-04-10T09:20:49.985+0900] {dag.py:4138} INFO - Setting next_dagrun for dataset_consumes_1 to None, run_after=None
[2026-04-10T09:20:49.986+0900] {logging_mixin.py:190} INFO - [2026-04-10T09:20:49.986+0900] {dag.py:4138} INFO - Setting next_dagrun for dataset_consumes_1_and_2 to None, run_after=None
[2026-04-10T09:20:49.987+0900] {logging_mixin.py:190} INFO - [2026-04-10T09:20:49.987+0900] {dag.py:4138} INFO - Setting next_dagrun for dataset_consumes_1_never_scheduled to None, run_after=None
[2026-04-10T09:20:49.988+0900] {logging_mixin.py:190} INFO - [2026-04-10T09:20:49.988+0900] {dag.py:4138} INFO - Setting next_dagrun for dataset_consumes_unknown_never_scheduled to None, run_after=None
[2026-04-10T09:20:49.990+0900] {logging_mixin.py:190} INFO - [2026-04-10T09:20:49.990+0900] {dag.py:4138} INFO - Setting next_dagrun for dataset_produces_1 to 2026-04-09 00:00:00+00:00, run_after=2026-04-10 00:00:00+00:00
[2026-04-10T09:20:49.991+0900] {logging_mixin.py:190} INFO - [2026-04-10T09:20:49.991+0900] {dag.py:4138} INFO - Setting next_dagrun for dataset_produces_2 to None, run_after=None
[2026-04-10T09:20:50.012+0900] {processor.py:208} INFO - Processing /home/airflow/.local/lib/python3.12/site-packages/airflow/example_dags/example_datasets.py took 0.194 seconds
[2026-04-10T09:21:20.639+0900] {processor.py:186} INFO - Started process (PID=148067) to work on /home/airflow/.local/lib/python3.12/site-packages/airflow/example_dags/example_datasets.py
[2026-04-10T09:21:20.640+0900] {processor.py:914} INFO - Processing file /home/airflow/.local/lib/python3.12/site-packages/airflow/example_dags/example_datasets.py for tasks to queue
[2026-04-10T09:21:20.642+0900] {logging_mixin.py:190} INFO - [2026-04-10T09:21:20.642+0900] {dagbag.py:587} INFO - Filling up the DagBag from /home/airflow/.local/lib/python3.12/site-packages/airflow/example_dags/example_datasets.py
[2026-04-10T09:21:20.742+0900] {processor.py:925} INFO - DAG(s) 'dataset_consumes_1_and_2', 'consume_1_or_2_with_dataset_expressions', 'conditional_dataset_and_time_based_timetable', 'consume_1_and_2_with_dataset_expressions', 'dataset_produces_2', 'consume_1_or_both_2_and_3_with_dataset_expressions', 'dataset_consumes_1', 'dataset_produces_1', 'dataset_consumes_unknown_never_scheduled', 'dataset_consumes_1_never_scheduled' retrieved from /home/airflow/.local/lib/python3.12/site-packages/airflow/example_dags/example_datasets.py
[2026-04-10T09:21:20.774+0900] {logging_mixin.py:190} INFO - [2026-04-10T09:21:20.773+0900] {dag.py:3211} INFO - Sync 10 DAGs
[2026-04-10T09:21:20.791+0900] {logging_mixin.py:190} INFO - [2026-04-10T09:21:20.790+0900] {dag.py:4138} INFO - Setting next_dagrun for conditional_dataset_and_time_based_timetable to 2026-04-08 01:00:00+00:00, run_after=2026-04-08 01:00:00+00:00
[2026-04-10T09:21:20.793+0900] {logging_mixin.py:190} INFO - [2026-04-10T09:21:20.793+0900] {dag.py:4138} INFO - Setting next_dagrun for consume_1_and_2_with_dataset_expressions to None, run_after=None
[2026-04-10T09:21:20.795+0900] {logging_mixin.py:190} INFO - [2026-04-10T09:21:20.795+0900] {dag.py:4138} INFO - Setting next_dagrun for consume_1_or_2_with_dataset_expressions to None, run_after=None
[2026-04-10T09:21:20.796+0900] {logging_mixin.py:190} INFO - [2026-04-10T09:21:20.796+0900] {dag.py:4138} INFO - Setting next_dagrun for consume_1_or_both_2_and_3_with_dataset_expressions to None, run_after=None
[2026-04-10T09:21:20.797+0900] {logging_mixin.py:190} INFO - [2026-04-10T09:21:20.797+0900] {dag.py:4138} INFO - Setting next_dagrun for dataset_consumes_1 to None, run_after=None
[2026-04-10T09:21:20.799+0900] {logging_mixin.py:190} INFO - [2026-04-10T09:21:20.799+0900] {dag.py:4138} INFO - Setting next_dagrun for dataset_consumes_1_and_2 to None, run_after=None
[2026-04-10T09:21:20.800+0900] {logging_mixin.py:190} INFO - [2026-04-10T09:21:20.800+0900] {dag.py:4138} INFO - Setting next_dagrun for dataset_consumes_1_never_scheduled to None, run_after=None
[2026-04-10T09:21:20.802+0900] {logging_mixin.py:190} INFO - [2026-04-10T09:21:20.802+0900] {dag.py:4138} INFO - Setting next_dagrun for dataset_consumes_unknown_never_scheduled to None, run_after=None
[2026-04-10T09:21:20.804+0900] {logging_mixin.py:190} INFO - [2026-04-10T09:21:20.804+0900] {dag.py:4138} INFO - Setting next_dagrun for dataset_produces_1 to 2026-04-09 00:00:00+00:00, run_after=2026-04-10 00:00:00+00:00
[2026-04-10T09:21:20.805+0900] {logging_mixin.py:190} INFO - [2026-04-10T09:21:20.805+0900] {dag.py:4138} INFO - Setting next_dagrun for dataset_produces_2 to None, run_after=None
[2026-04-10T09:21:20.829+0900] {processor.py:208} INFO - Processing /home/airflow/.local/lib/python3.12/site-packages/airflow/example_dags/example_datasets.py took 0.195 seconds
[2026-04-10T09:21:51.447+0900] {processor.py:186} INFO - Started process (PID=148130) to work on /home/airflow/.local/lib/python3.12/site-packages/airflow/example_dags/example_datasets.py
[2026-04-10T09:21:51.449+0900] {processor.py:914} INFO - Processing file /home/airflow/.local/lib/python3.12/site-packages/airflow/example_dags/example_datasets.py for tasks to queue
[2026-04-10T09:21:51.451+0900] {logging_mixin.py:190} INFO - [2026-04-10T09:21:51.451+0900] {dagbag.py:587} INFO - Filling up the DagBag from /home/airflow/.local/lib/python3.12/site-packages/airflow/example_dags/example_datasets.py
[2026-04-10T09:21:51.569+0900] {processor.py:925} INFO - DAG(s) 'dataset_consumes_unknown_never_scheduled', 'consume_1_or_2_with_dataset_expressions', 'consume_1_or_both_2_and_3_with_dataset_expressions', 'dataset_consumes_1_never_scheduled', 'consume_1_and_2_with_dataset_expressions', 'conditional_dataset_and_time_based_timetable', 'dataset_produces_2', 'dataset_produces_1', 'dataset_consumes_1_and_2', 'dataset_consumes_1' retrieved from /home/airflow/.local/lib/python3.12/site-packages/airflow/example_dags/example_datasets.py
[2026-04-10T09:21:51.600+0900] {logging_mixin.py:190} INFO - [2026-04-10T09:21:51.599+0900] {dag.py:3211} INFO - Sync 10 DAGs
[2026-04-10T09:21:51.619+0900] {logging_mixin.py:190} INFO - [2026-04-10T09:21:51.618+0900] {dag.py:4138} INFO - Setting next_dagrun for conditional_dataset_and_time_based_timetable to 2026-04-08 01:00:00+00:00, run_after=2026-04-08 01:00:00+00:00
[2026-04-10T09:21:51.622+0900] {logging_mixin.py:190} INFO - [2026-04-10T09:21:51.621+0900] {dag.py:4138} INFO - Setting next_dagrun for consume_1_and_2_with_dataset_expressions to None, run_after=None
[2026-04-10T09:21:51.623+0900] {logging_mixin.py:190} INFO - [2026-04-10T09:21:51.623+0900] {dag.py:4138} INFO - Setting next_dagrun for consume_1_or_2_with_dataset_expressions to None, run_after=None
[2026-04-10T09:21:51.625+0900] {logging_mixin.py:190} INFO - [2026-04-10T09:21:51.625+0900] {dag.py:4138} INFO - Setting next_dagrun for consume_1_or_both_2_and_3_with_dataset_expressions to None, run_after=None
[2026-04-10T09:21:51.626+0900] {logging_mixin.py:190} INFO - [2026-04-10T09:21:51.626+0900] {dag.py:4138} INFO - Setting next_dagrun for dataset_consumes_1 to None, run_after=None
[2026-04-10T09:21:51.628+0900] {logging_mixin.py:190} INFO - [2026-04-10T09:21:51.628+0900] {dag.py:4138} INFO - Setting next_dagrun for dataset_consumes_1_and_2 to None, run_after=None
[2026-04-10T09:21:51.630+0900] {logging_mixin.py:190} INFO - [2026-04-10T09:21:51.630+0900] {dag.py:4138} INFO - Setting next_dagrun for dataset_consumes_1_never_scheduled to None, run_after=None
[2026-04-10T09:21:51.631+0900] {logging_mixin.py:190} INFO - [2026-04-10T09:21:51.631+0900] {dag.py:4138} INFO - Setting next_dagrun for dataset_consumes_unknown_never_scheduled to None, run_after=None
[2026-04-10T09:21:51.633+0900] {logging_mixin.py:190} INFO - [2026-04-10T09:21:51.633+0900] {dag.py:4138} INFO - Setting next_dagrun for dataset_produces_1 to 2026-04-09 00:00:00+00:00, run_after=2026-04-10 00:00:00+00:00
[2026-04-10T09:21:51.635+0900] {logging_mixin.py:190} INFO - [2026-04-10T09:21:51.635+0900] {dag.py:4138} INFO - Setting next_dagrun for dataset_produces_2 to None, run_after=None
[2026-04-10T09:21:51.658+0900] {processor.py:208} INFO - Processing /home/airflow/.local/lib/python3.12/site-packages/airflow/example_dags/example_datasets.py took 0.216 seconds
[2026-04-10T09:22:22.176+0900] {processor.py:186} INFO - Started process (PID=148193) to work on /home/airflow/.local/lib/python3.12/site-packages/airflow/example_dags/example_datasets.py
[2026-04-10T09:22:22.177+0900] {processor.py:914} INFO - Processing file /home/airflow/.local/lib/python3.12/site-packages/airflow/example_dags/example_datasets.py for tasks to queue
[2026-04-10T09:22:22.179+0900] {logging_mixin.py:190} INFO - [2026-04-10T09:22:22.179+0900] {dagbag.py:587} INFO - Filling up the DagBag from /home/airflow/.local/lib/python3.12/site-packages/airflow/example_dags/example_datasets.py
[2026-04-10T09:22:22.292+0900] {processor.py:925} INFO - DAG(s) 'dataset_consumes_1_and_2', 'dataset_produces_2', 'consume_1_or_both_2_and_3_with_dataset_expressions', 'dataset_consumes_1_never_scheduled', 'dataset_produces_1', 'conditional_dataset_and_time_based_timetable', 'consume_1_and_2_with_dataset_expressions', 'dataset_consumes_1', 'consume_1_or_2_with_dataset_expressions', 'dataset_consumes_unknown_never_scheduled' retrieved from /home/airflow/.local/lib/python3.12/site-packages/airflow/example_dags/example_datasets.py
[2026-04-10T09:22:22.323+0900] {logging_mixin.py:190} INFO - [2026-04-10T09:22:22.323+0900] {dag.py:3211} INFO - Sync 10 DAGs
[2026-04-10T09:22:22.341+0900] {logging_mixin.py:190} INFO - [2026-04-10T09:22:22.341+0900] {dag.py:4138} INFO - Setting next_dagrun for conditional_dataset_and_time_based_timetable to 2026-04-08 01:00:00+00:00, run_after=2026-04-08 01:00:00+00:00
[2026-04-10T09:22:22.344+0900] {logging_mixin.py:190} INFO - [2026-04-10T09:22:22.344+0900] {dag.py:4138} INFO - Setting next_dagrun for consume_1_and_2_with_dataset_expressions to None, run_after=None
[2026-04-10T09:22:22.345+0900] {logging_mixin.py:190} INFO - [2026-04-10T09:22:22.345+0900] {dag.py:4138} INFO - Setting next_dagrun for consume_1_or_2_with_dataset_expressions to None, run_after=None
[2026-04-10T09:22:22.346+0900] {logging_mixin.py:190} INFO - [2026-04-10T09:22:22.346+0900] {dag.py:4138} INFO - Setting next_dagrun for consume_1_or_both_2_and_3_with_dataset_expressions to None, run_after=None
[2026-04-10T09:22:22.348+0900] {logging_mixin.py:190} INFO - [2026-04-10T09:22:22.347+0900] {dag.py:4138} INFO - Setting next_dagrun for dataset_consumes_1 to None, run_after=None
[2026-04-10T09:22:22.349+0900] {logging_mixin.py:190} INFO - [2026-04-10T09:22:22.348+0900] {dag.py:4138} INFO - Setting next_dagrun for dataset_consumes_1_and_2 to None, run_after=None
[2026-04-10T09:22:22.350+0900] {logging_mixin.py:190} INFO - [2026-04-10T09:22:22.350+0900] {dag.py:4138} INFO - Setting next_dagrun for dataset_consumes_1_never_scheduled to None, run_after=None
[2026-04-10T09:22:22.351+0900] {logging_mixin.py:190} INFO - [2026-04-10T09:22:22.351+0900] {dag.py:4138} INFO - Setting next_dagrun for dataset_consumes_unknown_never_scheduled to None, run_after=None
[2026-04-10T09:22:22.353+0900] {logging_mixin.py:190} INFO - [2026-04-10T09:22:22.352+0900] {dag.py:4138} INFO - Setting next_dagrun for dataset_produces_1 to 2026-04-09 00:00:00+00:00, run_after=2026-04-10 00:00:00+00:00
[2026-04-10T09:22:22.354+0900] {logging_mixin.py:190} INFO - [2026-04-10T09:22:22.354+0900] {dag.py:4138} INFO - Setting next_dagrun for dataset_produces_2 to None, run_after=None
[2026-04-10T09:22:22.377+0900] {processor.py:208} INFO - Processing /home/airflow/.local/lib/python3.12/site-packages/airflow/example_dags/example_datasets.py took 0.206 seconds
[2026-04-10T09:22:53.058+0900] {processor.py:186} INFO - Started process (PID=148256) to work on /home/airflow/.local/lib/python3.12/site-packages/airflow/example_dags/example_datasets.py
[2026-04-10T09:22:53.059+0900] {processor.py:914} INFO - Processing file /home/airflow/.local/lib/python3.12/site-packages/airflow/example_dags/example_datasets.py for tasks to queue
[2026-04-10T09:22:53.061+0900] {logging_mixin.py:190} INFO - [2026-04-10T09:22:53.060+0900] {dagbag.py:587} INFO - Filling up the DagBag from /home/airflow/.local/lib/python3.12/site-packages/airflow/example_dags/example_datasets.py
[2026-04-10T09:22:53.170+0900] {processor.py:925} INFO - DAG(s) 'dataset_produces_2', 'consume_1_or_both_2_and_3_with_dataset_expressions', 'dataset_consumes_1_and_2', 'consume_1_or_2_with_dataset_expressions', 'dataset_produces_1', 'dataset_consumes_1_never_scheduled', 'conditional_dataset_and_time_based_timetable', 'consume_1_and_2_with_dataset_expressions', 'dataset_consumes_1', 'dataset_consumes_unknown_never_scheduled' retrieved from /home/airflow/.local/lib/python3.12/site-packages/airflow/example_dags/example_datasets.py
[2026-04-10T09:22:53.204+0900] {logging_mixin.py:190} INFO - [2026-04-10T09:22:53.204+0900] {dag.py:3211} INFO - Sync 10 DAGs
[2026-04-10T09:22:53.228+0900] {logging_mixin.py:190} INFO - [2026-04-10T09:22:53.228+0900] {dag.py:4138} INFO - Setting next_dagrun for conditional_dataset_and_time_based_timetable to 2026-04-08 01:00:00+00:00, run_after=2026-04-08 01:00:00+00:00
[2026-04-10T09:22:53.232+0900] {logging_mixin.py:190} INFO - [2026-04-10T09:22:53.231+0900] {dag.py:4138} INFO - Setting next_dagrun for consume_1_and_2_with_dataset_expressions to None, run_after=None
[2026-04-10T09:22:53.233+0900] {logging_mixin.py:190} INFO - [2026-04-10T09:22:53.233+0900] {dag.py:4138} INFO - Setting next_dagrun for consume_1_or_2_with_dataset_expressions to None, run_after=None
[2026-04-10T09:22:53.234+0900] {logging_mixin.py:190} INFO - [2026-04-10T09:22:53.234+0900] {dag.py:4138} INFO - Setting next_dagrun for consume_1_or_both_2_and_3_with_dataset_expressions to None, run_after=None
[2026-04-10T09:22:53.235+0900] {logging_mixin.py:190} INFO - [2026-04-10T09:22:53.235+0900] {dag.py:4138} INFO - Setting next_dagrun for dataset_consumes_1 to None, run_after=None
[2026-04-10T09:22:53.236+0900] {logging_mixin.py:190} INFO - [2026-04-10T09:22:53.236+0900] {dag.py:4138} INFO - Setting next_dagrun for dataset_consumes_1_and_2 to None, run_after=None
[2026-04-10T09:22:53.238+0900] {logging_mixin.py:190} INFO - [2026-04-10T09:22:53.238+0900] {dag.py:4138} INFO - Setting next_dagrun for dataset_consumes_1_never_scheduled to None, run_after=None
[2026-04-10T09:22:53.239+0900] {logging_mixin.py:190} INFO - [2026-04-10T09:22:53.239+0900] {dag.py:4138} INFO - Setting next_dagrun for dataset_consumes_unknown_never_scheduled to None, run_after=None
[2026-04-10T09:22:53.241+0900] {logging_mixin.py:190} INFO - [2026-04-10T09:22:53.241+0900] {dag.py:4138} INFO - Setting next_dagrun for dataset_produces_1 to 2026-04-09 00:00:00+00:00, run_after=2026-04-10 00:00:00+00:00
[2026-04-10T09:22:53.242+0900] {logging_mixin.py:190} INFO - [2026-04-10T09:22:53.242+0900] {dag.py:4138} INFO - Setting next_dagrun for dataset_produces_2 to None, run_after=None
[2026-04-10T09:22:53.267+0900] {processor.py:208} INFO - Processing /home/airflow/.local/lib/python3.12/site-packages/airflow/example_dags/example_datasets.py took 0.214 seconds
[2026-04-10T09:23:23.713+0900] {processor.py:186} INFO - Started process (PID=148319) to work on /home/airflow/.local/lib/python3.12/site-packages/airflow/example_dags/example_datasets.py
[2026-04-10T09:23:23.714+0900] {processor.py:914} INFO - Processing file /home/airflow/.local/lib/python3.12/site-packages/airflow/example_dags/example_datasets.py for tasks to queue
[2026-04-10T09:23:23.716+0900] {logging_mixin.py:190} INFO - [2026-04-10T09:23:23.716+0900] {dagbag.py:587} INFO - Filling up the DagBag from /home/airflow/.local/lib/python3.12/site-packages/airflow/example_dags/example_datasets.py
[2026-04-10T09:23:23.814+0900] {processor.py:925} INFO - DAG(s) 'consume_1_or_2_with_dataset_expressions', 'consume_1_and_2_with_dataset_expressions', 'dataset_consumes_unknown_never_scheduled', 'dataset_consumes_1', 'consume_1_or_both_2_and_3_with_dataset_expressions', 'conditional_dataset_and_time_based_timetable', 'dataset_consumes_1_never_scheduled', 'dataset_produces_2', 'dataset_produces_1', 'dataset_consumes_1_and_2' retrieved from /home/airflow/.local/lib/python3.12/site-packages/airflow/example_dags/example_datasets.py
[2026-04-10T09:23:23.843+0900] {logging_mixin.py:190} INFO - [2026-04-10T09:23:23.843+0900] {dag.py:3211} INFO - Sync 10 DAGs
[2026-04-10T09:23:23.861+0900] {logging_mixin.py:190} INFO - [2026-04-10T09:23:23.861+0900] {dag.py:4138} INFO - Setting next_dagrun for conditional_dataset_and_time_based_timetable to 2026-04-08 01:00:00+00:00, run_after=2026-04-08 01:00:00+00:00
[2026-04-10T09:23:23.863+0900] {logging_mixin.py:190} INFO - [2026-04-10T09:23:23.863+0900] {dag.py:4138} INFO - Setting next_dagrun for consume_1_and_2_with_dataset_expressions to None, run_after=None
[2026-04-10T09:23:23.865+0900] {logging_mixin.py:190} INFO - [2026-04-10T09:23:23.864+0900] {dag.py:4138} INFO - Setting next_dagrun for consume_1_or_2_with_dataset_expressions to None, run_after=None
[2026-04-10T09:23:23.865+0900] {logging_mixin.py:190} INFO - [2026-04-10T09:23:23.865+0900] {dag.py:4138} INFO - Setting next_dagrun for consume_1_or_both_2_and_3_with_dataset_expressions to None, run_after=None
[2026-04-10T09:23:23.866+0900] {logging_mixin.py:190} INFO - [2026-04-10T09:23:23.866+0900] {dag.py:4138} INFO - Setting next_dagrun for dataset_consumes_1 to None, run_after=None
[2026-04-10T09:23:23.867+0900] {logging_mixin.py:190} INFO - [2026-04-10T09:23:23.867+0900] {dag.py:4138} INFO - Setting next_dagrun for dataset_consumes_1_and_2 to None, run_after=None
[2026-04-10T09:23:23.868+0900] {logging_mixin.py:190} INFO - [2026-04-10T09:23:23.868+0900] {dag.py:4138} INFO - Setting next_dagrun for dataset_consumes_1_never_scheduled to None, run_after=None
[2026-04-10T09:23:23.869+0900] {logging_mixin.py:190} INFO - [2026-04-10T09:23:23.869+0900] {dag.py:4138} INFO - Setting next_dagrun for dataset_consumes_unknown_never_scheduled to None, run_after=None
[2026-04-10T09:23:23.871+0900] {logging_mixin.py:190} INFO - [2026-04-10T09:23:23.871+0900] {dag.py:4138} INFO - Setting next_dagrun for dataset_produces_1 to 2026-04-09 00:00:00+00:00, run_after=2026-04-10 00:00:00+00:00
[2026-04-10T09:23:23.872+0900] {logging_mixin.py:190} INFO - [2026-04-10T09:23:23.872+0900] {dag.py:4138} INFO - Setting next_dagrun for dataset_produces_2 to None, run_after=None
[2026-04-10T09:23:23.893+0900] {processor.py:208} INFO - Processing /home/airflow/.local/lib/python3.12/site-packages/airflow/example_dags/example_datasets.py took 0.184 seconds
[2026-04-10T09:23:54.390+0900] {processor.py:186} INFO - Started process (PID=148382) to work on /home/airflow/.local/lib/python3.12/site-packages/airflow/example_dags/example_datasets.py
[2026-04-10T09:23:54.391+0900] {processor.py:914} INFO - Processing file /home/airflow/.local/lib/python3.12/site-packages/airflow/example_dags/example_datasets.py for tasks to queue
[2026-04-10T09:23:54.393+0900] {logging_mixin.py:190} INFO - [2026-04-10T09:23:54.392+0900] {dagbag.py:587} INFO - Filling up the DagBag from /home/airflow/.local/lib/python3.12/site-packages/airflow/example_dags/example_datasets.py
[2026-04-10T09:23:54.500+0900] {processor.py:925} INFO - DAG(s) 'consume_1_or_2_with_dataset_expressions', 'dataset_produces_2', 'dataset_consumes_1_never_scheduled', 'dataset_consumes_unknown_never_scheduled', 'dataset_consumes_1', 'dataset_consumes_1_and_2', 'dataset_produces_1', 'consume_1_or_both_2_and_3_with_dataset_expressions', 'consume_1_and_2_with_dataset_expressions', 'conditional_dataset_and_time_based_timetable' retrieved from /home/airflow/.local/lib/python3.12/site-packages/airflow/example_dags/example_datasets.py
[2026-04-10T09:23:54.533+0900] {logging_mixin.py:190} INFO - [2026-04-10T09:23:54.533+0900] {dag.py:3211} INFO - Sync 10 DAGs
[2026-04-10T09:23:54.553+0900] {logging_mixin.py:190} INFO - [2026-04-10T09:23:54.553+0900] {dag.py:4138} INFO - Setting next_dagrun for conditional_dataset_and_time_based_timetable to 2026-04-08 01:00:00+00:00, run_after=2026-04-08 01:00:00+00:00
[2026-04-10T09:23:54.556+0900] {logging_mixin.py:190} INFO - [2026-04-10T09:23:54.556+0900] {dag.py:4138} INFO - Setting next_dagrun for consume_1_and_2_with_dataset_expressions to None, run_after=None
[2026-04-10T09:23:54.557+0900] {logging_mixin.py:190} INFO - [2026-04-10T09:23:54.557+0900] {dag.py:4138} INFO - Setting next_dagrun for consume_1_or_2_with_dataset_expressions to None, run_after=None
[2026-04-10T09:23:54.559+0900] {logging_mixin.py:190} INFO - [2026-04-10T09:23:54.559+0900] {dag.py:4138} INFO - Setting next_dagrun for consume_1_or_both_2_and_3_with_dataset_expressions to None, run_after=None
[2026-04-10T09:23:54.560+0900] {logging_mixin.py:190} INFO - [2026-04-10T09:23:54.560+0900] {dag.py:4138} INFO - Setting next_dagrun for dataset_consumes_1 to None, run_after=None
[2026-04-10T09:23:54.561+0900] {logging_mixin.py:190} INFO - [2026-04-10T09:23:54.561+0900] {dag.py:4138} INFO - Setting next_dagrun for dataset_consumes_1_and_2 to None, run_after=None
[2026-04-10T09:23:54.562+0900] {logging_mixin.py:190} INFO - [2026-04-10T09:23:54.562+0900] {dag.py:4138} INFO - Setting next_dagrun for dataset_consumes_1_never_scheduled to None, run_after=None
[2026-04-10T09:23:54.563+0900] {logging_mixin.py:190} INFO - [2026-04-10T09:23:54.563+0900] {dag.py:4138} INFO - Setting next_dagrun for dataset_consumes_unknown_never_scheduled to None, run_after=None
[2026-04-10T09:23:54.565+0900] {logging_mixin.py:190} INFO - [2026-04-10T09:23:54.565+0900] {dag.py:4138} INFO - Setting next_dagrun for dataset_produces_1 to 2026-04-09 00:00:00+00:00, run_after=2026-04-10 00:00:00+00:00
[2026-04-10T09:23:54.567+0900] {logging_mixin.py:190} INFO - [2026-04-10T09:23:54.567+0900] {dag.py:4138} INFO - Setting next_dagrun for dataset_produces_2 to None, run_after=None
[2026-04-10T09:23:54.593+0900] {processor.py:208} INFO - Processing /home/airflow/.local/lib/python3.12/site-packages/airflow/example_dags/example_datasets.py took 0.208 seconds
[2026-04-10T09:24:24.696+0900] {processor.py:186} INFO - Started process (PID=148446) to work on /home/airflow/.local/lib/python3.12/site-packages/airflow/example_dags/example_datasets.py
[2026-04-10T09:24:24.697+0900] {processor.py:914} INFO - Processing file /home/airflow/.local/lib/python3.12/site-packages/airflow/example_dags/example_datasets.py for tasks to queue
[2026-04-10T09:24:24.699+0900] {logging_mixin.py:190} INFO - [2026-04-10T09:24:24.699+0900] {dagbag.py:587} INFO - Filling up the DagBag from /home/airflow/.local/lib/python3.12/site-packages/airflow/example_dags/example_datasets.py
[2026-04-10T09:24:24.799+0900] {processor.py:925} INFO - DAG(s) 'consume_1_or_both_2_and_3_with_dataset_expressions', 'dataset_consumes_1', 'dataset_consumes_1_never_scheduled', 'dataset_produces_2', 'conditional_dataset_and_time_based_timetable', 'dataset_consumes_unknown_never_scheduled', 'dataset_produces_1', 'consume_1_or_2_with_dataset_expressions', 'consume_1_and_2_with_dataset_expressions', 'dataset_consumes_1_and_2' retrieved from /home/airflow/.local/lib/python3.12/site-packages/airflow/example_dags/example_datasets.py
[2026-04-10T09:24:24.828+0900] {logging_mixin.py:190} INFO - [2026-04-10T09:24:24.828+0900] {dag.py:3211} INFO - Sync 10 DAGs
[2026-04-10T09:24:24.845+0900] {logging_mixin.py:190} INFO - [2026-04-10T09:24:24.845+0900] {dag.py:4138} INFO - Setting next_dagrun for conditional_dataset_and_time_based_timetable to 2026-04-08 01:00:00+00:00, run_after=2026-04-08 01:00:00+00:00
[2026-04-10T09:24:24.847+0900] {logging_mixin.py:190} INFO - [2026-04-10T09:24:24.847+0900] {dag.py:4138} INFO - Setting next_dagrun for consume_1_and_2_with_dataset_expressions to None, run_after=None
[2026-04-10T09:24:24.848+0900] {logging_mixin.py:190} INFO - [2026-04-10T09:24:24.848+0900] {dag.py:4138} INFO - Setting next_dagrun for consume_1_or_2_with_dataset_expressions to None, run_after=None
[2026-04-10T09:24:24.849+0900] {logging_mixin.py:190} INFO - [2026-04-10T09:24:24.849+0900] {dag.py:4138} INFO - Setting next_dagrun for consume_1_or_both_2_and_3_with_dataset_expressions to None, run_after=None
[2026-04-10T09:24:24.850+0900] {logging_mixin.py:190} INFO - [2026-04-10T09:24:24.850+0900] {dag.py:4138} INFO - Setting next_dagrun for dataset_consumes_1 to None, run_after=None
[2026-04-10T09:24:24.851+0900] {logging_mixin.py:190} INFO - [2026-04-10T09:24:24.851+0900] {dag.py:4138} INFO - Setting next_dagrun for dataset_consumes_1_and_2 to None, run_after=None
[2026-04-10T09:24:24.852+0900] {logging_mixin.py:190} INFO - [2026-04-10T09:24:24.851+0900] {dag.py:4138} INFO - Setting next_dagrun for dataset_consumes_1_never_scheduled to None, run_after=None
[2026-04-10T09:24:24.852+0900] {logging_mixin.py:190} INFO - [2026-04-10T09:24:24.852+0900] {dag.py:4138} INFO - Setting next_dagrun for dataset_consumes_unknown_never_scheduled to None, run_after=None
[2026-04-10T09:24:24.854+0900] {logging_mixin.py:190} INFO - [2026-04-10T09:24:24.854+0900] {dag.py:4138} INFO - Setting next_dagrun for dataset_produces_1 to 2026-04-09 00:00:00+00:00, run_after=2026-04-10 00:00:00+00:00
[2026-04-10T09:24:24.855+0900] {logging_mixin.py:190} INFO - [2026-04-10T09:24:24.855+0900] {dag.py:4138} INFO - Setting next_dagrun for dataset_produces_2 to None, run_after=None
[2026-04-10T09:24:24.877+0900] {processor.py:208} INFO - Processing /home/airflow/.local/lib/python3.12/site-packages/airflow/example_dags/example_datasets.py took 0.186 seconds
[2026-04-10T09:24:55.067+0900] {processor.py:186} INFO - Started process (PID=148509) to work on /home/airflow/.local/lib/python3.12/site-packages/airflow/example_dags/example_datasets.py
[2026-04-10T09:24:55.068+0900] {processor.py:914} INFO - Processing file /home/airflow/.local/lib/python3.12/site-packages/airflow/example_dags/example_datasets.py for tasks to queue
[2026-04-10T09:24:55.070+0900] {logging_mixin.py:190} INFO - [2026-04-10T09:24:55.070+0900] {dagbag.py:587} INFO - Filling up the DagBag from /home/airflow/.local/lib/python3.12/site-packages/airflow/example_dags/example_datasets.py
[2026-04-10T09:24:55.187+0900] {processor.py:925} INFO - DAG(s) 'dataset_produces_1', 'consume_1_and_2_with_dataset_expressions', 'dataset_produces_2', 'consume_1_or_2_with_dataset_expressions', 'dataset_consumes_1_never_scheduled', 'dataset_consumes_unknown_never_scheduled', 'dataset_consumes_1_and_2', 'conditional_dataset_and_time_based_timetable', 'dataset_consumes_1', 'consume_1_or_both_2_and_3_with_dataset_expressions' retrieved from /home/airflow/.local/lib/python3.12/site-packages/airflow/example_dags/example_datasets.py
[2026-04-10T09:24:55.219+0900] {logging_mixin.py:190} INFO - [2026-04-10T09:24:55.219+0900] {dag.py:3211} INFO - Sync 10 DAGs
[2026-04-10T09:24:55.239+0900] {logging_mixin.py:190} INFO - [2026-04-10T09:24:55.239+0900] {dag.py:4138} INFO - Setting next_dagrun for conditional_dataset_and_time_based_timetable to 2026-04-08 01:00:00+00:00, run_after=2026-04-08 01:00:00+00:00
[2026-04-10T09:24:55.242+0900] {logging_mixin.py:190} INFO - [2026-04-10T09:24:55.242+0900] {dag.py:4138} INFO - Setting next_dagrun for consume_1_and_2_with_dataset_expressions to None, run_after=None
[2026-04-10T09:24:55.244+0900] {logging_mixin.py:190} INFO - [2026-04-10T09:24:55.243+0900] {dag.py:4138} INFO - Setting next_dagrun for consume_1_or_2_with_dataset_expressions to None, run_after=None
[2026-04-10T09:24:55.245+0900] {logging_mixin.py:190} INFO - [2026-04-10T09:24:55.244+0900] {dag.py:4138} INFO - Setting next_dagrun for consume_1_or_both_2_and_3_with_dataset_expressions to None, run_after=None
[2026-04-10T09:24:55.246+0900] {logging_mixin.py:190} INFO - [2026-04-10T09:24:55.245+0900] {dag.py:4138} INFO - Setting next_dagrun for dataset_consumes_1 to None, run_after=None
[2026-04-10T09:24:55.247+0900] {logging_mixin.py:190} INFO - [2026-04-10T09:24:55.247+0900] {dag.py:4138} INFO - Setting next_dagrun for dataset_consumes_1_and_2 to None, run_after=None
[2026-04-10T09:24:55.248+0900] {logging_mixin.py:190} INFO - [2026-04-10T09:24:55.247+0900] {dag.py:4138} INFO - Setting next_dagrun for dataset_consumes_1_never_scheduled to None, run_after=None
[2026-04-10T09:24:55.249+0900] {logging_mixin.py:190} INFO - [2026-04-10T09:24:55.248+0900] {dag.py:4138} INFO - Setting next_dagrun for dataset_consumes_unknown_never_scheduled to None, run_after=None
[2026-04-10T09:24:55.250+0900] {logging_mixin.py:190} INFO - [2026-04-10T09:24:55.250+0900] {dag.py:4138} INFO - Setting next_dagrun for dataset_produces_1 to 2026-04-09 00:00:00+00:00, run_after=2026-04-10 00:00:00+00:00
[2026-04-10T09:24:55.251+0900] {logging_mixin.py:190} INFO - [2026-04-10T09:24:55.251+0900] {dag.py:4138} INFO - Setting next_dagrun for dataset_produces_2 to None, run_after=None
[2026-04-10T09:24:55.282+0900] {processor.py:208} INFO - Processing /home/airflow/.local/lib/python3.12/site-packages/airflow/example_dags/example_datasets.py took 0.220 seconds
[2026-04-10T09:25:25.952+0900] {processor.py:186} INFO - Started process (PID=148571) to work on /home/airflow/.local/lib/python3.12/site-packages/airflow/example_dags/example_datasets.py
[2026-04-10T09:25:25.953+0900] {processor.py:914} INFO - Processing file /home/airflow/.local/lib/python3.12/site-packages/airflow/example_dags/example_datasets.py for tasks to queue
[2026-04-10T09:25:25.955+0900] {logging_mixin.py:190} INFO - [2026-04-10T09:25:25.955+0900] {dagbag.py:587} INFO - Filling up the DagBag from /home/airflow/.local/lib/python3.12/site-packages/airflow/example_dags/example_datasets.py
[2026-04-10T09:25:26.070+0900] {processor.py:925} INFO - DAG(s) 'dataset_produces_2', 'conditional_dataset_and_time_based_timetable', 'consume_1_or_2_with_dataset_expressions', 'dataset_consumes_1', 'dataset_consumes_unknown_never_scheduled', 'consume_1_and_2_with_dataset_expressions', 'dataset_consumes_1_never_scheduled', 'dataset_produces_1', 'dataset_consumes_1_and_2', 'consume_1_or_both_2_and_3_with_dataset_expressions' retrieved from /home/airflow/.local/lib/python3.12/site-packages/airflow/example_dags/example_datasets.py
[2026-04-10T09:25:26.105+0900] {logging_mixin.py:190} INFO - [2026-04-10T09:25:26.105+0900] {dag.py:3211} INFO - Sync 10 DAGs
[2026-04-10T09:25:26.126+0900] {logging_mixin.py:190} INFO - [2026-04-10T09:25:26.126+0900] {dag.py:4138} INFO - Setting next_dagrun for conditional_dataset_and_time_based_timetable to 2026-04-08 01:00:00+00:00, run_after=2026-04-08 01:00:00+00:00
[2026-04-10T09:25:26.130+0900] {logging_mixin.py:190} INFO - [2026-04-10T09:25:26.130+0900] {dag.py:4138} INFO - Setting next_dagrun for consume_1_and_2_with_dataset_expressions to None, run_after=None
[2026-04-10T09:25:26.131+0900] {logging_mixin.py:190} INFO - [2026-04-10T09:25:26.131+0900] {dag.py:4138} INFO - Setting next_dagrun for consume_1_or_2_with_dataset_expressions to None, run_after=None
[2026-04-10T09:25:26.133+0900] {logging_mixin.py:190} INFO - [2026-04-10T09:25:26.133+0900] {dag.py:4138} INFO - Setting next_dagrun for consume_1_or_both_2_and_3_with_dataset_expressions to None, run_after=None
[2026-04-10T09:25:26.134+0900] {logging_mixin.py:190} INFO - [2026-04-10T09:25:26.134+0900] {dag.py:4138} INFO - Setting next_dagrun for dataset_consumes_1 to None, run_after=None
[2026-04-10T09:25:26.135+0900] {logging_mixin.py:190} INFO - [2026-04-10T09:25:26.135+0900] {dag.py:4138} INFO - Setting next_dagrun for dataset_consumes_1_and_2 to None, run_after=None
[2026-04-10T09:25:26.137+0900] {logging_mixin.py:190} INFO - [2026-04-10T09:25:26.137+0900] {dag.py:4138} INFO - Setting next_dagrun for dataset_consumes_1_never_scheduled to None, run_after=None
[2026-04-10T09:25:26.138+0900] {logging_mixin.py:190} INFO - [2026-04-10T09:25:26.138+0900] {dag.py:4138} INFO - Setting next_dagrun for dataset_consumes_unknown_never_scheduled to None, run_after=None
[2026-04-10T09:25:26.140+0900] {logging_mixin.py:190} INFO - [2026-04-10T09:25:26.140+0900] {dag.py:4138} INFO - Setting next_dagrun for dataset_produces_1 to 2026-04-09 00:00:00+00:00, run_after=2026-04-10 00:00:00+00:00
[2026-04-10T09:25:26.142+0900] {logging_mixin.py:190} INFO - [2026-04-10T09:25:26.141+0900] {dag.py:4138} INFO - Setting next_dagrun for dataset_produces_2 to None, run_after=None
[2026-04-10T09:25:26.168+0900] {processor.py:208} INFO - Processing /home/airflow/.local/lib/python3.12/site-packages/airflow/example_dags/example_datasets.py took 0.221 seconds
[2026-04-10T09:25:56.304+0900] {processor.py:186} INFO - Started process (PID=148634) to work on /home/airflow/.local/lib/python3.12/site-packages/airflow/example_dags/example_datasets.py
[2026-04-10T09:25:56.305+0900] {processor.py:914} INFO - Processing file /home/airflow/.local/lib/python3.12/site-packages/airflow/example_dags/example_datasets.py for tasks to queue
[2026-04-10T09:25:56.308+0900] {logging_mixin.py:190} INFO - [2026-04-10T09:25:56.307+0900] {dagbag.py:587} INFO - Filling up the DagBag from /home/airflow/.local/lib/python3.12/site-packages/airflow/example_dags/example_datasets.py
[2026-04-10T09:25:56.413+0900] {processor.py:925} INFO - DAG(s) 'dataset_consumes_1_never_scheduled', 'dataset_produces_2', 'dataset_consumes_1', 'dataset_produces_1', 'conditional_dataset_and_time_based_timetable', 'consume_1_or_2_with_dataset_expressions', 'consume_1_and_2_with_dataset_expressions', 'dataset_consumes_unknown_never_scheduled', 'dataset_consumes_1_and_2', 'consume_1_or_both_2_and_3_with_dataset_expressions' retrieved from /home/airflow/.local/lib/python3.12/site-packages/airflow/example_dags/example_datasets.py
[2026-04-10T09:25:56.458+0900] {logging_mixin.py:190} INFO - [2026-04-10T09:25:56.458+0900] {dag.py:3211} INFO - Sync 10 DAGs
[2026-04-10T09:25:56.479+0900] {logging_mixin.py:190} INFO - [2026-04-10T09:25:56.479+0900] {dag.py:4138} INFO - Setting next_dagrun for conditional_dataset_and_time_based_timetable to 2026-04-08 01:00:00+00:00, run_after=2026-04-08 01:00:00+00:00
[2026-04-10T09:25:56.482+0900] {logging_mixin.py:190} INFO - [2026-04-10T09:25:56.482+0900] {dag.py:4138} INFO - Setting next_dagrun for consume_1_and_2_with_dataset_expressions to None, run_after=None
[2026-04-10T09:25:56.484+0900] {logging_mixin.py:190} INFO - [2026-04-10T09:25:56.484+0900] {dag.py:4138} INFO - Setting next_dagrun for consume_1_or_2_with_dataset_expressions to None, run_after=None
[2026-04-10T09:25:56.486+0900] {logging_mixin.py:190} INFO - [2026-04-10T09:25:56.486+0900] {dag.py:4138} INFO - Setting next_dagrun for consume_1_or_both_2_and_3_with_dataset_expressions to None, run_after=None
[2026-04-10T09:25:56.487+0900] {logging_mixin.py:190} INFO - [2026-04-10T09:25:56.487+0900] {dag.py:4138} INFO - Setting next_dagrun for dataset_consumes_1 to None, run_after=None
[2026-04-10T09:25:56.489+0900] {logging_mixin.py:190} INFO - [2026-04-10T09:25:56.488+0900] {dag.py:4138} INFO - Setting next_dagrun for dataset_consumes_1_and_2 to None, run_after=None
[2026-04-10T09:25:56.490+0900] {logging_mixin.py:190} INFO - [2026-04-10T09:25:56.490+0900] {dag.py:4138} INFO - Setting next_dagrun for dataset_consumes_1_never_scheduled to None, run_after=None
[2026-04-10T09:25:56.491+0900] {logging_mixin.py:190} INFO - [2026-04-10T09:25:56.491+0900] {dag.py:4138} INFO - Setting next_dagrun for dataset_consumes_unknown_never_scheduled to None, run_after=None
[2026-04-10T09:25:56.495+0900] {logging_mixin.py:190} INFO - [2026-04-10T09:25:56.495+0900] {dag.py:4138} INFO - Setting next_dagrun for dataset_produces_1 to 2026-04-09 00:00:00+00:00, run_after=2026-04-10 00:00:00+00:00
[2026-04-10T09:25:56.496+0900] {logging_mixin.py:190} INFO - [2026-04-10T09:25:56.496+0900] {dag.py:4138} INFO - Setting next_dagrun for dataset_produces_2 to None, run_after=None
[2026-04-10T09:25:56.517+0900] {processor.py:208} INFO - Processing /home/airflow/.local/lib/python3.12/site-packages/airflow/example_dags/example_datasets.py took 0.219 seconds
[2026-04-10T09:26:27.267+0900] {processor.py:186} INFO - Started process (PID=148697) to work on /home/airflow/.local/lib/python3.12/site-packages/airflow/example_dags/example_datasets.py
[2026-04-10T09:26:27.268+0900] {processor.py:914} INFO - Processing file /home/airflow/.local/lib/python3.12/site-packages/airflow/example_dags/example_datasets.py for tasks to queue
[2026-04-10T09:26:27.270+0900] {logging_mixin.py:190} INFO - [2026-04-10T09:26:27.270+0900] {dagbag.py:587} INFO - Filling up the DagBag from /home/airflow/.local/lib/python3.12/site-packages/airflow/example_dags/example_datasets.py
[2026-04-10T09:26:27.386+0900] {processor.py:925} INFO - DAG(s) 'dataset_consumes_1_never_scheduled', 'dataset_produces_2', 'consume_1_or_both_2_and_3_with_dataset_expressions', 'dataset_consumes_unknown_never_scheduled', 'conditional_dataset_and_time_based_timetable', 'dataset_produces_1', 'consume_1_or_2_with_dataset_expressions', 'consume_1_and_2_with_dataset_expressions', 'dataset_consumes_1_and_2', 'dataset_consumes_1' retrieved from /home/airflow/.local/lib/python3.12/site-packages/airflow/example_dags/example_datasets.py
[2026-04-10T09:26:27.419+0900] {logging_mixin.py:190} INFO - [2026-04-10T09:26:27.419+0900] {dag.py:3211} INFO - Sync 10 DAGs
[2026-04-10T09:26:27.439+0900] {logging_mixin.py:190} INFO - [2026-04-10T09:26:27.438+0900] {dag.py:4138} INFO - Setting next_dagrun for conditional_dataset_and_time_based_timetable to 2026-04-08 01:00:00+00:00, run_after=2026-04-08 01:00:00+00:00
[2026-04-10T09:26:27.441+0900] {logging_mixin.py:190} INFO - [2026-04-10T09:26:27.441+0900] {dag.py:4138} INFO - Setting next_dagrun for consume_1_and_2_with_dataset_expressions to None, run_after=None
[2026-04-10T09:26:27.443+0900] {logging_mixin.py:190} INFO - [2026-04-10T09:26:27.443+0900] {dag.py:4138} INFO - Setting next_dagrun for consume_1_or_2_with_dataset_expressions to None, run_after=None
[2026-04-10T09:26:27.445+0900] {logging_mixin.py:190} INFO - [2026-04-10T09:26:27.444+0900] {dag.py:4138} INFO - Setting next_dagrun for consume_1_or_both_2_and_3_with_dataset_expressions to None, run_after=None
[2026-04-10T09:26:27.447+0900] {logging_mixin.py:190} INFO - [2026-04-10T09:26:27.446+0900] {dag.py:4138} INFO - Setting next_dagrun for dataset_consumes_1 to None, run_after=None
[2026-04-10T09:26:27.448+0900] {logging_mixin.py:190} INFO - [2026-04-10T09:26:27.448+0900] {dag.py:4138} INFO - Setting next_dagrun for dataset_consumes_1_and_2 to None, run_after=None
[2026-04-10T09:26:27.450+0900] {logging_mixin.py:190} INFO - [2026-04-10T09:26:27.449+0900] {dag.py:4138} INFO - Setting next_dagrun for dataset_consumes_1_never_scheduled to None, run_after=None
[2026-04-10T09:26:27.451+0900] {logging_mixin.py:190} INFO - [2026-04-10T09:26:27.451+0900] {dag.py:4138} INFO - Setting next_dagrun for dataset_consumes_unknown_never_scheduled to None, run_after=None
[2026-04-10T09:26:27.453+0900] {logging_mixin.py:190} INFO - [2026-04-10T09:26:27.453+0900] {dag.py:4138} INFO - Setting next_dagrun for dataset_produces_1 to 2026-04-09 00:00:00+00:00, run_after=2026-04-10 00:00:00+00:00
[2026-04-10T09:26:27.454+0900] {logging_mixin.py:190} INFO - [2026-04-10T09:26:27.454+0900] {dag.py:4138} INFO - Setting next_dagrun for dataset_produces_2 to None, run_after=None
[2026-04-10T09:26:27.477+0900] {processor.py:208} INFO - Processing /home/airflow/.local/lib/python3.12/site-packages/airflow/example_dags/example_datasets.py took 0.215 seconds
[2026-04-10T09:26:57.881+0900] {processor.py:186} INFO - Started process (PID=148760) to work on /home/airflow/.local/lib/python3.12/site-packages/airflow/example_dags/example_datasets.py
[2026-04-10T09:26:57.883+0900] {processor.py:914} INFO - Processing file /home/airflow/.local/lib/python3.12/site-packages/airflow/example_dags/example_datasets.py for tasks to queue
[2026-04-10T09:26:57.885+0900] {logging_mixin.py:190} INFO - [2026-04-10T09:26:57.884+0900] {dagbag.py:587} INFO - Filling up the DagBag from /home/airflow/.local/lib/python3.12/site-packages/airflow/example_dags/example_datasets.py
[2026-04-10T09:26:58.005+0900] {processor.py:925} INFO - DAG(s) 'dataset_consumes_1', 'consume_1_or_2_with_dataset_expressions', 'conditional_dataset_and_time_based_timetable', 'dataset_produces_1', 'consume_1_or_both_2_and_3_with_dataset_expressions', 'dataset_produces_2', 'dataset_consumes_1_and_2', 'dataset_consumes_unknown_never_scheduled', 'consume_1_and_2_with_dataset_expressions', 'dataset_consumes_1_never_scheduled' retrieved from /home/airflow/.local/lib/python3.12/site-packages/airflow/example_dags/example_datasets.py
[2026-04-10T09:26:58.061+0900] {logging_mixin.py:190} INFO - [2026-04-10T09:26:58.060+0900] {dag.py:3211} INFO - Sync 10 DAGs
[2026-04-10T09:26:58.091+0900] {logging_mixin.py:190} INFO - [2026-04-10T09:26:58.091+0900] {dag.py:4138} INFO - Setting next_dagrun for conditional_dataset_and_time_based_timetable to 2026-04-08 01:00:00+00:00, run_after=2026-04-08 01:00:00+00:00
[2026-04-10T09:26:58.095+0900] {logging_mixin.py:190} INFO - [2026-04-10T09:26:58.095+0900] {dag.py:4138} INFO - Setting next_dagrun for consume_1_and_2_with_dataset_expressions to None, run_after=None
[2026-04-10T09:26:58.097+0900] {logging_mixin.py:190} INFO - [2026-04-10T09:26:58.097+0900] {dag.py:4138} INFO - Setting next_dagrun for consume_1_or_2_with_dataset_expressions to None, run_after=None
[2026-04-10T09:26:58.099+0900] {logging_mixin.py:190} INFO - [2026-04-10T09:26:58.099+0900] {dag.py:4138} INFO - Setting next_dagrun for consume_1_or_both_2_and_3_with_dataset_expressions to None, run_after=None
[2026-04-10T09:26:58.101+0900] {logging_mixin.py:190} INFO - [2026-04-10T09:26:58.101+0900] {dag.py:4138} INFO - Setting next_dagrun for dataset_consumes_1 to None, run_after=None
[2026-04-10T09:26:58.103+0900] {logging_mixin.py:190} INFO - [2026-04-10T09:26:58.103+0900] {dag.py:4138} INFO - Setting next_dagrun for dataset_consumes_1_and_2 to None, run_after=None
[2026-04-10T09:26:58.105+0900] {logging_mixin.py:190} INFO - [2026-04-10T09:26:58.105+0900] {dag.py:4138} INFO - Setting next_dagrun for dataset_consumes_1_never_scheduled to None, run_after=None
[2026-04-10T09:26:58.107+0900] {logging_mixin.py:190} INFO - [2026-04-10T09:26:58.106+0900] {dag.py:4138} INFO - Setting next_dagrun for dataset_consumes_unknown_never_scheduled to None, run_after=None
[2026-04-10T09:26:58.109+0900] {logging_mixin.py:190} INFO - [2026-04-10T09:26:58.109+0900] {dag.py:4138} INFO - Setting next_dagrun for dataset_produces_1 to 2026-04-09 00:00:00+00:00, run_after=2026-04-10 00:00:00+00:00
[2026-04-10T09:26:58.111+0900] {logging_mixin.py:190} INFO - [2026-04-10T09:26:58.110+0900] {dag.py:4138} INFO - Setting next_dagrun for dataset_produces_2 to None, run_after=None
[2026-04-10T09:26:58.135+0900] {processor.py:208} INFO - Processing /home/airflow/.local/lib/python3.12/site-packages/airflow/example_dags/example_datasets.py took 0.259 seconds
[2026-04-10T09:27:28.682+0900] {processor.py:186} INFO - Started process (PID=148823) to work on /home/airflow/.local/lib/python3.12/site-packages/airflow/example_dags/example_datasets.py
[2026-04-10T09:27:28.683+0900] {processor.py:914} INFO - Processing file /home/airflow/.local/lib/python3.12/site-packages/airflow/example_dags/example_datasets.py for tasks to queue
[2026-04-10T09:27:28.686+0900] {logging_mixin.py:190} INFO - [2026-04-10T09:27:28.686+0900] {dagbag.py:587} INFO - Filling up the DagBag from /home/airflow/.local/lib/python3.12/site-packages/airflow/example_dags/example_datasets.py
[2026-04-10T09:27:28.798+0900] {processor.py:925} INFO - DAG(s) 'dataset_consumes_1_and_2', 'dataset_consumes_1', 'consume_1_or_2_with_dataset_expressions', 'dataset_consumes_unknown_never_scheduled', 'consume_1_and_2_with_dataset_expressions', 'dataset_produces_1', 'consume_1_or_both_2_and_3_with_dataset_expressions', 'dataset_consumes_1_never_scheduled', 'conditional_dataset_and_time_based_timetable', 'dataset_produces_2' retrieved from /home/airflow/.local/lib/python3.12/site-packages/airflow/example_dags/example_datasets.py
[2026-04-10T09:27:28.831+0900] {logging_mixin.py:190} INFO - [2026-04-10T09:27:28.831+0900] {dag.py:3211} INFO - Sync 10 DAGs
[2026-04-10T09:27:28.852+0900] {logging_mixin.py:190} INFO - [2026-04-10T09:27:28.852+0900] {dag.py:4138} INFO - Setting next_dagrun for conditional_dataset_and_time_based_timetable to 2026-04-08 01:00:00+00:00, run_after=2026-04-08 01:00:00+00:00
[2026-04-10T09:27:28.855+0900] {logging_mixin.py:190} INFO - [2026-04-10T09:27:28.855+0900] {dag.py:4138} INFO - Setting next_dagrun for consume_1_and_2_with_dataset_expressions to None, run_after=None
[2026-04-10T09:27:28.857+0900] {logging_mixin.py:190} INFO - [2026-04-10T09:27:28.857+0900] {dag.py:4138} INFO - Setting next_dagrun for consume_1_or_2_with_dataset_expressions to None, run_after=None
[2026-04-10T09:27:28.858+0900] {logging_mixin.py:190} INFO - [2026-04-10T09:27:28.858+0900] {dag.py:4138} INFO - Setting next_dagrun for consume_1_or_both_2_and_3_with_dataset_expressions to None, run_after=None
[2026-04-10T09:27:28.860+0900] {logging_mixin.py:190} INFO - [2026-04-10T09:27:28.859+0900] {dag.py:4138} INFO - Setting next_dagrun for dataset_consumes_1 to None, run_after=None
[2026-04-10T09:27:28.861+0900] {logging_mixin.py:190} INFO - [2026-04-10T09:27:28.861+0900] {dag.py:4138} INFO - Setting next_dagrun for dataset_consumes_1_and_2 to None, run_after=None
[2026-04-10T09:27:28.863+0900] {logging_mixin.py:190} INFO - [2026-04-10T09:27:28.863+0900] {dag.py:4138} INFO - Setting next_dagrun for dataset_consumes_1_never_scheduled to None, run_after=None
[2026-04-10T09:27:28.864+0900] {logging_mixin.py:190} INFO - [2026-04-10T09:27:28.864+0900] {dag.py:4138} INFO - Setting next_dagrun for dataset_consumes_unknown_never_scheduled to None, run_after=None
[2026-04-10T09:27:28.867+0900] {logging_mixin.py:190} INFO - [2026-04-10T09:27:28.866+0900] {dag.py:4138} INFO - Setting next_dagrun for dataset_produces_1 to 2026-04-09 00:00:00+00:00, run_after=2026-04-10 00:00:00+00:00
[2026-04-10T09:27:28.868+0900] {logging_mixin.py:190} INFO - [2026-04-10T09:27:28.868+0900] {dag.py:4138} INFO - Setting next_dagrun for dataset_produces_2 to None, run_after=None
[2026-04-10T09:27:28.894+0900] {processor.py:208} INFO - Processing /home/airflow/.local/lib/python3.12/site-packages/airflow/example_dags/example_datasets.py took 0.217 seconds
[2026-04-10T09:27:59.322+0900] {processor.py:186} INFO - Started process (PID=148886) to work on /home/airflow/.local/lib/python3.12/site-packages/airflow/example_dags/example_datasets.py
[2026-04-10T09:27:59.323+0900] {processor.py:914} INFO - Processing file /home/airflow/.local/lib/python3.12/site-packages/airflow/example_dags/example_datasets.py for tasks to queue
[2026-04-10T09:27:59.325+0900] {logging_mixin.py:190} INFO - [2026-04-10T09:27:59.325+0900] {dagbag.py:587} INFO - Filling up the DagBag from /home/airflow/.local/lib/python3.12/site-packages/airflow/example_dags/example_datasets.py
[2026-04-10T09:27:59.434+0900] {processor.py:925} INFO - DAG(s) 'dataset_consumes_1', 'conditional_dataset_and_time_based_timetable', 'dataset_consumes_1_and_2', 'consume_1_or_2_with_dataset_expressions', 'dataset_consumes_1_never_scheduled', 'dataset_consumes_unknown_never_scheduled', 'dataset_produces_2', 'dataset_produces_1', 'consume_1_and_2_with_dataset_expressions', 'consume_1_or_both_2_and_3_with_dataset_expressions' retrieved from /home/airflow/.local/lib/python3.12/site-packages/airflow/example_dags/example_datasets.py
[2026-04-10T09:27:59.470+0900] {logging_mixin.py:190} INFO - [2026-04-10T09:27:59.469+0900] {dag.py:3211} INFO - Sync 10 DAGs
[2026-04-10T09:27:59.491+0900] {logging_mixin.py:190} INFO - [2026-04-10T09:27:59.490+0900] {dag.py:4138} INFO - Setting next_dagrun for conditional_dataset_and_time_based_timetable to 2026-04-08 01:00:00+00:00, run_after=2026-04-08 01:00:00+00:00
[2026-04-10T09:27:59.494+0900] {logging_mixin.py:190} INFO - [2026-04-10T09:27:59.493+0900] {dag.py:4138} INFO - Setting next_dagrun for consume_1_and_2_with_dataset_expressions to None, run_after=None
[2026-04-10T09:27:59.495+0900] {logging_mixin.py:190} INFO - [2026-04-10T09:27:59.495+0900] {dag.py:4138} INFO - Setting next_dagrun for consume_1_or_2_with_dataset_expressions to None, run_after=None
[2026-04-10T09:27:59.497+0900] {logging_mixin.py:190} INFO - [2026-04-10T09:27:59.496+0900] {dag.py:4138} INFO - Setting next_dagrun for consume_1_or_both_2_and_3_with_dataset_expressions to None, run_after=None
[2026-04-10T09:27:59.498+0900] {logging_mixin.py:190} INFO - [2026-04-10T09:27:59.498+0900] {dag.py:4138} INFO - Setting next_dagrun for dataset_consumes_1 to None, run_after=None
[2026-04-10T09:27:59.499+0900] {logging_mixin.py:190} INFO - [2026-04-10T09:27:59.499+0900] {dag.py:4138} INFO - Setting next_dagrun for dataset_consumes_1_and_2 to None, run_after=None
[2026-04-10T09:27:59.501+0900] {logging_mixin.py:190} INFO - [2026-04-10T09:27:59.501+0900] {dag.py:4138} INFO - Setting next_dagrun for dataset_consumes_1_never_scheduled to None, run_after=None
[2026-04-10T09:27:59.502+0900] {logging_mixin.py:190} INFO - [2026-04-10T09:27:59.502+0900] {dag.py:4138} INFO - Setting next_dagrun for dataset_consumes_unknown_never_scheduled to None, run_after=None
[2026-04-10T09:27:59.504+0900] {logging_mixin.py:190} INFO - [2026-04-10T09:27:59.504+0900] {dag.py:4138} INFO - Setting next_dagrun for dataset_produces_1 to 2026-04-09 00:00:00+00:00, run_after=2026-04-10 00:00:00+00:00
[2026-04-10T09:27:59.505+0900] {logging_mixin.py:190} INFO - [2026-04-10T09:27:59.505+0900] {dag.py:4138} INFO - Setting next_dagrun for dataset_produces_2 to None, run_after=None
[2026-04-10T09:27:59.528+0900] {processor.py:208} INFO - Processing /home/airflow/.local/lib/python3.12/site-packages/airflow/example_dags/example_datasets.py took 0.211 seconds
[2026-04-10T09:28:29.857+0900] {processor.py:186} INFO - Started process (PID=148949) to work on /home/airflow/.local/lib/python3.12/site-packages/airflow/example_dags/example_datasets.py
[2026-04-10T09:28:29.858+0900] {processor.py:914} INFO - Processing file /home/airflow/.local/lib/python3.12/site-packages/airflow/example_dags/example_datasets.py for tasks to queue
[2026-04-10T09:28:29.861+0900] {logging_mixin.py:190} INFO - [2026-04-10T09:28:29.860+0900] {dagbag.py:587} INFO - Filling up the DagBag from /home/airflow/.local/lib/python3.12/site-packages/airflow/example_dags/example_datasets.py
[2026-04-10T09:28:29.984+0900] {processor.py:925} INFO - DAG(s) 'consume_1_or_2_with_dataset_expressions', 'dataset_consumes_unknown_never_scheduled', 'dataset_consumes_1_never_scheduled', 'dataset_consumes_1', 'dataset_produces_1', 'conditional_dataset_and_time_based_timetable', 'consume_1_or_both_2_and_3_with_dataset_expressions', 'consume_1_and_2_with_dataset_expressions', 'dataset_produces_2', 'dataset_consumes_1_and_2' retrieved from /home/airflow/.local/lib/python3.12/site-packages/airflow/example_dags/example_datasets.py
[2026-04-10T09:28:30.019+0900] {logging_mixin.py:190} INFO - [2026-04-10T09:28:30.018+0900] {dag.py:3211} INFO - Sync 10 DAGs
[2026-04-10T09:28:30.040+0900] {logging_mixin.py:190} INFO - [2026-04-10T09:28:30.040+0900] {dag.py:4138} INFO - Setting next_dagrun for conditional_dataset_and_time_based_timetable to 2026-04-08 01:00:00+00:00, run_after=2026-04-08 01:00:00+00:00
[2026-04-10T09:28:30.044+0900] {logging_mixin.py:190} INFO - [2026-04-10T09:28:30.044+0900] {dag.py:4138} INFO - Setting next_dagrun for consume_1_and_2_with_dataset_expressions to None, run_after=None
[2026-04-10T09:28:30.046+0900] {logging_mixin.py:190} INFO - [2026-04-10T09:28:30.046+0900] {dag.py:4138} INFO - Setting next_dagrun for consume_1_or_2_with_dataset_expressions to None, run_after=None
[2026-04-10T09:28:30.047+0900] {logging_mixin.py:190} INFO - [2026-04-10T09:28:30.047+0900] {dag.py:4138} INFO - Setting next_dagrun for consume_1_or_both_2_and_3_with_dataset_expressions to None, run_after=None
[2026-04-10T09:28:30.048+0900] {logging_mixin.py:190} INFO - [2026-04-10T09:28:30.048+0900] {dag.py:4138} INFO - Setting next_dagrun for dataset_consumes_1 to None, run_after=None
[2026-04-10T09:28:30.049+0900] {logging_mixin.py:190} INFO - [2026-04-10T09:28:30.049+0900] {dag.py:4138} INFO - Setting next_dagrun for dataset_consumes_1_and_2 to None, run_after=None
[2026-04-10T09:28:30.050+0900] {logging_mixin.py:190} INFO - [2026-04-10T09:28:30.050+0900] {dag.py:4138} INFO - Setting next_dagrun for dataset_consumes_1_never_scheduled to None, run_after=None
[2026-04-10T09:28:30.051+0900] {logging_mixin.py:190} INFO - [2026-04-10T09:28:30.051+0900] {dag.py:4138} INFO - Setting next_dagrun for dataset_consumes_unknown_never_scheduled to None, run_after=None
[2026-04-10T09:28:30.052+0900] {logging_mixin.py:190} INFO - [2026-04-10T09:28:30.052+0900] {dag.py:4138} INFO - Setting next_dagrun for dataset_produces_1 to 2026-04-09 00:00:00+00:00, run_after=2026-04-10 00:00:00+00:00
[2026-04-10T09:28:30.054+0900] {logging_mixin.py:190} INFO - [2026-04-10T09:28:30.054+0900] {dag.py:4138} INFO - Setting next_dagrun for dataset_produces_2 to None, run_after=None
[2026-04-10T09:28:30.077+0900] {processor.py:208} INFO - Processing /home/airflow/.local/lib/python3.12/site-packages/airflow/example_dags/example_datasets.py took 0.225 seconds
[2026-04-10T09:29:00.528+0900] {processor.py:186} INFO - Started process (PID=149013) to work on /home/airflow/.local/lib/python3.12/site-packages/airflow/example_dags/example_datasets.py
[2026-04-10T09:29:00.530+0900] {processor.py:914} INFO - Processing file /home/airflow/.local/lib/python3.12/site-packages/airflow/example_dags/example_datasets.py for tasks to queue
[2026-04-10T09:29:00.532+0900] {logging_mixin.py:190} INFO - [2026-04-10T09:29:00.532+0900] {dagbag.py:587} INFO - Filling up the DagBag from /home/airflow/.local/lib/python3.12/site-packages/airflow/example_dags/example_datasets.py
[2026-04-10T09:29:00.641+0900] {processor.py:925} INFO - DAG(s) 'dataset_consumes_unknown_never_scheduled', 'consume_1_and_2_with_dataset_expressions', 'dataset_produces_1', 'consume_1_or_2_with_dataset_expressions', 'conditional_dataset_and_time_based_timetable', 'dataset_consumes_1', 'dataset_produces_2', 'consume_1_or_both_2_and_3_with_dataset_expressions', 'dataset_consumes_1_and_2', 'dataset_consumes_1_never_scheduled' retrieved from /home/airflow/.local/lib/python3.12/site-packages/airflow/example_dags/example_datasets.py
[2026-04-10T09:29:00.673+0900] {logging_mixin.py:190} INFO - [2026-04-10T09:29:00.673+0900] {dag.py:3211} INFO - Sync 10 DAGs
[2026-04-10T09:29:00.697+0900] {logging_mixin.py:190} INFO - [2026-04-10T09:29:00.697+0900] {dag.py:4138} INFO - Setting next_dagrun for conditional_dataset_and_time_based_timetable to 2026-04-08 01:00:00+00:00, run_after=2026-04-08 01:00:00+00:00
[2026-04-10T09:29:00.701+0900] {logging_mixin.py:190} INFO - [2026-04-10T09:29:00.701+0900] {dag.py:4138} INFO - Setting next_dagrun for consume_1_and_2_with_dataset_expressions to None, run_after=None
[2026-04-10T09:29:00.702+0900] {logging_mixin.py:190} INFO - [2026-04-10T09:29:00.702+0900] {dag.py:4138} INFO - Setting next_dagrun for consume_1_or_2_with_dataset_expressions to None, run_after=None
[2026-04-10T09:29:00.704+0900] {logging_mixin.py:190} INFO - [2026-04-10T09:29:00.704+0900] {dag.py:4138} INFO - Setting next_dagrun for consume_1_or_both_2_and_3_with_dataset_expressions to None, run_after=None
[2026-04-10T09:29:00.705+0900] {logging_mixin.py:190} INFO - [2026-04-10T09:29:00.705+0900] {dag.py:4138} INFO - Setting next_dagrun for dataset_consumes_1 to None, run_after=None
[2026-04-10T09:29:00.706+0900] {logging_mixin.py:190} INFO - [2026-04-10T09:29:00.706+0900] {dag.py:4138} INFO - Setting next_dagrun for dataset_consumes_1_and_2 to None, run_after=None
[2026-04-10T09:29:00.708+0900] {logging_mixin.py:190} INFO - [2026-04-10T09:29:00.707+0900] {dag.py:4138} INFO - Setting next_dagrun for dataset_consumes_1_never_scheduled to None, run_after=None
[2026-04-10T09:29:00.709+0900] {logging_mixin.py:190} INFO - [2026-04-10T09:29:00.709+0900] {dag.py:4138} INFO - Setting next_dagrun for dataset_consumes_unknown_never_scheduled to None, run_after=None
[2026-04-10T09:29:00.712+0900] {logging_mixin.py:190} INFO - [2026-04-10T09:29:00.711+0900] {dag.py:4138} INFO - Setting next_dagrun for dataset_produces_1 to 2026-04-09 00:00:00+00:00, run_after=2026-04-10 00:00:00+00:00
[2026-04-10T09:29:00.713+0900] {logging_mixin.py:190} INFO - [2026-04-10T09:29:00.713+0900] {dag.py:4138} INFO - Setting next_dagrun for dataset_produces_2 to None, run_after=None
[2026-04-10T09:29:00.736+0900] {processor.py:208} INFO - Processing /home/airflow/.local/lib/python3.12/site-packages/airflow/example_dags/example_datasets.py took 0.212 seconds
[2026-04-10T09:29:31.296+0900] {processor.py:186} INFO - Started process (PID=149076) to work on /home/airflow/.local/lib/python3.12/site-packages/airflow/example_dags/example_datasets.py
[2026-04-10T09:29:31.297+0900] {processor.py:914} INFO - Processing file /home/airflow/.local/lib/python3.12/site-packages/airflow/example_dags/example_datasets.py for tasks to queue
[2026-04-10T09:29:31.299+0900] {logging_mixin.py:190} INFO - [2026-04-10T09:29:31.299+0900] {dagbag.py:587} INFO - Filling up the DagBag from /home/airflow/.local/lib/python3.12/site-packages/airflow/example_dags/example_datasets.py
[2026-04-10T09:29:31.409+0900] {processor.py:925} INFO - DAG(s) 'consume_1_or_2_with_dataset_expressions', 'dataset_consumes_1', 'consume_1_or_both_2_and_3_with_dataset_expressions', 'dataset_produces_1', 'dataset_consumes_1_never_scheduled', 'consume_1_and_2_with_dataset_expressions', 'dataset_consumes_1_and_2', 'dataset_consumes_unknown_never_scheduled', 'dataset_produces_2', 'conditional_dataset_and_time_based_timetable' retrieved from /home/airflow/.local/lib/python3.12/site-packages/airflow/example_dags/example_datasets.py
[2026-04-10T09:29:31.439+0900] {logging_mixin.py:190} INFO - [2026-04-10T09:29:31.439+0900] {dag.py:3211} INFO - Sync 10 DAGs
[2026-04-10T09:29:31.459+0900] {logging_mixin.py:190} INFO - [2026-04-10T09:29:31.459+0900] {dag.py:4138} INFO - Setting next_dagrun for conditional_dataset_and_time_based_timetable to 2026-04-08 01:00:00+00:00, run_after=2026-04-08 01:00:00+00:00
[2026-04-10T09:29:31.463+0900] {logging_mixin.py:190} INFO - [2026-04-10T09:29:31.463+0900] {dag.py:4138} INFO - Setting next_dagrun for consume_1_and_2_with_dataset_expressions to None, run_after=None
[2026-04-10T09:29:31.464+0900] {logging_mixin.py:190} INFO - [2026-04-10T09:29:31.464+0900] {dag.py:4138} INFO - Setting next_dagrun for consume_1_or_2_with_dataset_expressions to None, run_after=None
[2026-04-10T09:29:31.466+0900] {logging_mixin.py:190} INFO - [2026-04-10T09:29:31.466+0900] {dag.py:4138} INFO - Setting next_dagrun for consume_1_or_both_2_and_3_with_dataset_expressions to None, run_after=None
[2026-04-10T09:29:31.468+0900] {logging_mixin.py:190} INFO - [2026-04-10T09:29:31.467+0900] {dag.py:4138} INFO - Setting next_dagrun for dataset_consumes_1 to None, run_after=None
[2026-04-10T09:29:31.469+0900] {logging_mixin.py:190} INFO - [2026-04-10T09:29:31.469+0900] {dag.py:4138} INFO - Setting next_dagrun for dataset_consumes_1_and_2 to None, run_after=None
[2026-04-10T09:29:31.470+0900] {logging_mixin.py:190} INFO - [2026-04-10T09:29:31.470+0900] {dag.py:4138} INFO - Setting next_dagrun for dataset_consumes_1_never_scheduled to None, run_after=None
[2026-04-10T09:29:31.472+0900] {logging_mixin.py:190} INFO - [2026-04-10T09:29:31.472+0900] {dag.py:4138} INFO - Setting next_dagrun for dataset_consumes_unknown_never_scheduled to None, run_after=None
[2026-04-10T09:29:31.474+0900] {logging_mixin.py:190} INFO - [2026-04-10T09:29:31.474+0900] {dag.py:4138} INFO - Setting next_dagrun for dataset_produces_1 to 2026-04-09 00:00:00+00:00, run_after=2026-04-10 00:00:00+00:00
[2026-04-10T09:29:31.476+0900] {logging_mixin.py:190} INFO - [2026-04-10T09:29:31.476+0900] {dag.py:4138} INFO - Setting next_dagrun for dataset_produces_2 to None, run_after=None
[2026-04-10T09:29:31.505+0900] {processor.py:208} INFO - Processing /home/airflow/.local/lib/python3.12/site-packages/airflow/example_dags/example_datasets.py took 0.214 seconds
[2026-04-10T09:30:02.079+0900] {processor.py:186} INFO - Started process (PID=149139) to work on /home/airflow/.local/lib/python3.12/site-packages/airflow/example_dags/example_datasets.py
[2026-04-10T09:30:02.081+0900] {processor.py:914} INFO - Processing file /home/airflow/.local/lib/python3.12/site-packages/airflow/example_dags/example_datasets.py for tasks to queue
[2026-04-10T09:30:02.083+0900] {logging_mixin.py:190} INFO - [2026-04-10T09:30:02.083+0900] {dagbag.py:587} INFO - Filling up the DagBag from /home/airflow/.local/lib/python3.12/site-packages/airflow/example_dags/example_datasets.py
[2026-04-10T09:30:02.186+0900] {processor.py:925} INFO - DAG(s) 'consume_1_or_both_2_and_3_with_dataset_expressions', 'dataset_consumes_1_never_scheduled', 'dataset_produces_1', 'dataset_consumes_1_and_2', 'dataset_consumes_unknown_never_scheduled', 'consume_1_and_2_with_dataset_expressions', 'conditional_dataset_and_time_based_timetable', 'consume_1_or_2_with_dataset_expressions', 'dataset_consumes_1', 'dataset_produces_2' retrieved from /home/airflow/.local/lib/python3.12/site-packages/airflow/example_dags/example_datasets.py
[2026-04-10T09:30:02.216+0900] {logging_mixin.py:190} INFO - [2026-04-10T09:30:02.216+0900] {dag.py:3211} INFO - Sync 10 DAGs
[2026-04-10T09:30:02.239+0900] {logging_mixin.py:190} INFO - [2026-04-10T09:30:02.239+0900] {dag.py:4138} INFO - Setting next_dagrun for conditional_dataset_and_time_based_timetable to 2026-04-08 01:00:00+00:00, run_after=2026-04-08 01:00:00+00:00
[2026-04-10T09:30:02.243+0900] {logging_mixin.py:190} INFO - [2026-04-10T09:30:02.243+0900] {dag.py:4138} INFO - Setting next_dagrun for consume_1_and_2_with_dataset_expressions to None, run_after=None
[2026-04-10T09:30:02.245+0900] {logging_mixin.py:190} INFO - [2026-04-10T09:30:02.245+0900] {dag.py:4138} INFO - Setting next_dagrun for consume_1_or_2_with_dataset_expressions to None, run_after=None
[2026-04-10T09:30:02.246+0900] {logging_mixin.py:190} INFO - [2026-04-10T09:30:02.246+0900] {dag.py:4138} INFO - Setting next_dagrun for consume_1_or_both_2_and_3_with_dataset_expressions to None, run_after=None
[2026-04-10T09:30:02.248+0900] {logging_mixin.py:190} INFO - [2026-04-10T09:30:02.248+0900] {dag.py:4138} INFO - Setting next_dagrun for dataset_consumes_1 to None, run_after=None
[2026-04-10T09:30:02.249+0900] {logging_mixin.py:190} INFO - [2026-04-10T09:30:02.249+0900] {dag.py:4138} INFO - Setting next_dagrun for dataset_consumes_1_and_2 to None, run_after=None
[2026-04-10T09:30:02.251+0900] {logging_mixin.py:190} INFO - [2026-04-10T09:30:02.250+0900] {dag.py:4138} INFO - Setting next_dagrun for dataset_consumes_1_never_scheduled to None, run_after=None
[2026-04-10T09:30:02.252+0900] {logging_mixin.py:190} INFO - [2026-04-10T09:30:02.252+0900] {dag.py:4138} INFO - Setting next_dagrun for dataset_consumes_unknown_never_scheduled to None, run_after=None
[2026-04-10T09:30:02.254+0900] {logging_mixin.py:190} INFO - [2026-04-10T09:30:02.254+0900] {dag.py:4138} INFO - Setting next_dagrun for dataset_produces_1 to 2026-04-09 00:00:00+00:00, run_after=2026-04-10 00:00:00+00:00
[2026-04-10T09:30:02.256+0900] {logging_mixin.py:190} INFO - [2026-04-10T09:30:02.255+0900] {dag.py:4138} INFO - Setting next_dagrun for dataset_produces_2 to None, run_after=None
[2026-04-10T09:30:02.277+0900] {processor.py:208} INFO - Processing /home/airflow/.local/lib/python3.12/site-packages/airflow/example_dags/example_datasets.py took 0.202 seconds
[2026-04-10T09:30:32.953+0900] {processor.py:186} INFO - Started process (PID=149201) to work on /home/airflow/.local/lib/python3.12/site-packages/airflow/example_dags/example_datasets.py
[2026-04-10T09:30:32.954+0900] {processor.py:914} INFO - Processing file /home/airflow/.local/lib/python3.12/site-packages/airflow/example_dags/example_datasets.py for tasks to queue
[2026-04-10T09:30:32.957+0900] {logging_mixin.py:190} INFO - [2026-04-10T09:30:32.956+0900] {dagbag.py:587} INFO - Filling up the DagBag from /home/airflow/.local/lib/python3.12/site-packages/airflow/example_dags/example_datasets.py
[2026-04-10T09:30:33.060+0900] {processor.py:925} INFO - DAG(s) 'dataset_consumes_1_and_2', 'dataset_produces_1', 'conditional_dataset_and_time_based_timetable', 'dataset_consumes_1_never_scheduled', 'dataset_consumes_unknown_never_scheduled', 'consume_1_or_both_2_and_3_with_dataset_expressions', 'dataset_produces_2', 'consume_1_or_2_with_dataset_expressions', 'dataset_consumes_1', 'consume_1_and_2_with_dataset_expressions' retrieved from /home/airflow/.local/lib/python3.12/site-packages/airflow/example_dags/example_datasets.py
[2026-04-10T09:30:33.089+0900] {logging_mixin.py:190} INFO - [2026-04-10T09:30:33.089+0900] {dag.py:3211} INFO - Sync 10 DAGs
[2026-04-10T09:30:33.109+0900] {logging_mixin.py:190} INFO - [2026-04-10T09:30:33.108+0900] {dag.py:4138} INFO - Setting next_dagrun for conditional_dataset_and_time_based_timetable to 2026-04-08 01:00:00+00:00, run_after=2026-04-08 01:00:00+00:00
[2026-04-10T09:30:33.111+0900] {logging_mixin.py:190} INFO - [2026-04-10T09:30:33.111+0900] {dag.py:4138} INFO - Setting next_dagrun for consume_1_and_2_with_dataset_expressions to None, run_after=None
[2026-04-10T09:30:33.112+0900] {logging_mixin.py:190} INFO - [2026-04-10T09:30:33.112+0900] {dag.py:4138} INFO - Setting next_dagrun for consume_1_or_2_with_dataset_expressions to None, run_after=None
[2026-04-10T09:30:33.114+0900] {logging_mixin.py:190} INFO - [2026-04-10T09:30:33.113+0900] {dag.py:4138} INFO - Setting next_dagrun for consume_1_or_both_2_and_3_with_dataset_expressions to None, run_after=None
[2026-04-10T09:30:33.114+0900] {logging_mixin.py:190} INFO - [2026-04-10T09:30:33.114+0900] {dag.py:4138} INFO - Setting next_dagrun for dataset_consumes_1 to None, run_after=None
[2026-04-10T09:30:33.116+0900] {logging_mixin.py:190} INFO - [2026-04-10T09:30:33.115+0900] {dag.py:4138} INFO - Setting next_dagrun for dataset_consumes_1_and_2 to None, run_after=None
[2026-04-10T09:30:33.117+0900] {logging_mixin.py:190} INFO - [2026-04-10T09:30:33.117+0900] {dag.py:4138} INFO - Setting next_dagrun for dataset_consumes_1_never_scheduled to None, run_after=None
[2026-04-10T09:30:33.118+0900] {logging_mixin.py:190} INFO - [2026-04-10T09:30:33.118+0900] {dag.py:4138} INFO - Setting next_dagrun for dataset_consumes_unknown_never_scheduled to None, run_after=None
[2026-04-10T09:30:33.119+0900] {logging_mixin.py:190} INFO - [2026-04-10T09:30:33.119+0900] {dag.py:4138} INFO - Setting next_dagrun for dataset_produces_1 to 2026-04-09 00:00:00+00:00, run_after=2026-04-10 00:00:00+00:00
[2026-04-10T09:30:33.121+0900] {logging_mixin.py:190} INFO - [2026-04-10T09:30:33.120+0900] {dag.py:4138} INFO - Setting next_dagrun for dataset_produces_2 to None, run_after=None
[2026-04-10T09:30:33.142+0900] {processor.py:208} INFO - Processing /home/airflow/.local/lib/python3.12/site-packages/airflow/example_dags/example_datasets.py took 0.194 seconds
[2026-04-10T09:31:03.762+0900] {processor.py:186} INFO - Started process (PID=149264) to work on /home/airflow/.local/lib/python3.12/site-packages/airflow/example_dags/example_datasets.py
[2026-04-10T09:31:03.763+0900] {processor.py:914} INFO - Processing file /home/airflow/.local/lib/python3.12/site-packages/airflow/example_dags/example_datasets.py for tasks to queue
[2026-04-10T09:31:03.765+0900] {logging_mixin.py:190} INFO - [2026-04-10T09:31:03.765+0900] {dagbag.py:587} INFO - Filling up the DagBag from /home/airflow/.local/lib/python3.12/site-packages/airflow/example_dags/example_datasets.py
[2026-04-10T09:31:03.875+0900] {processor.py:925} INFO - DAG(s) 'dataset_produces_1', 'conditional_dataset_and_time_based_timetable', 'dataset_consumes_1', 'consume_1_and_2_with_dataset_expressions', 'dataset_consumes_1_and_2', 'dataset_consumes_1_never_scheduled', 'dataset_consumes_unknown_never_scheduled', 'consume_1_or_2_with_dataset_expressions', 'dataset_produces_2', 'consume_1_or_both_2_and_3_with_dataset_expressions' retrieved from /home/airflow/.local/lib/python3.12/site-packages/airflow/example_dags/example_datasets.py
[2026-04-10T09:31:03.906+0900] {logging_mixin.py:190} INFO - [2026-04-10T09:31:03.906+0900] {dag.py:3211} INFO - Sync 10 DAGs
[2026-04-10T09:31:03.926+0900] {logging_mixin.py:190} INFO - [2026-04-10T09:31:03.926+0900] {dag.py:4138} INFO - Setting next_dagrun for conditional_dataset_and_time_based_timetable to 2026-04-08 01:00:00+00:00, run_after=2026-04-08 01:00:00+00:00
[2026-04-10T09:31:03.929+0900] {logging_mixin.py:190} INFO - [2026-04-10T09:31:03.929+0900] {dag.py:4138} INFO - Setting next_dagrun for consume_1_and_2_with_dataset_expressions to None, run_after=None
[2026-04-10T09:31:03.931+0900] {logging_mixin.py:190} INFO - [2026-04-10T09:31:03.931+0900] {dag.py:4138} INFO - Setting next_dagrun for consume_1_or_2_with_dataset_expressions to None, run_after=None
[2026-04-10T09:31:03.932+0900] {logging_mixin.py:190} INFO - [2026-04-10T09:31:03.932+0900] {dag.py:4138} INFO - Setting next_dagrun for consume_1_or_both_2_and_3_with_dataset_expressions to None, run_after=None
[2026-04-10T09:31:03.934+0900] {logging_mixin.py:190} INFO - [2026-04-10T09:31:03.933+0900] {dag.py:4138} INFO - Setting next_dagrun for dataset_consumes_1 to None, run_after=None
[2026-04-10T09:31:03.935+0900] {logging_mixin.py:190} INFO - [2026-04-10T09:31:03.934+0900] {dag.py:4138} INFO - Setting next_dagrun for dataset_consumes_1_and_2 to None, run_after=None
[2026-04-10T09:31:03.936+0900] {logging_mixin.py:190} INFO - [2026-04-10T09:31:03.935+0900] {dag.py:4138} INFO - Setting next_dagrun for dataset_consumes_1_never_scheduled to None, run_after=None
[2026-04-10T09:31:03.936+0900] {logging_mixin.py:190} INFO - [2026-04-10T09:31:03.936+0900] {dag.py:4138} INFO - Setting next_dagrun for dataset_consumes_unknown_never_scheduled to None, run_after=None
[2026-04-10T09:31:03.938+0900] {logging_mixin.py:190} INFO - [2026-04-10T09:31:03.938+0900] {dag.py:4138} INFO - Setting next_dagrun for dataset_produces_1 to 2026-04-09 00:00:00+00:00, run_after=2026-04-10 00:00:00+00:00
[2026-04-10T09:31:03.939+0900] {logging_mixin.py:190} INFO - [2026-04-10T09:31:03.939+0900] {dag.py:4138} INFO - Setting next_dagrun for dataset_produces_2 to None, run_after=None
[2026-04-10T09:31:03.962+0900] {processor.py:208} INFO - Processing /home/airflow/.local/lib/python3.12/site-packages/airflow/example_dags/example_datasets.py took 0.205 seconds
[2026-04-10T09:31:34.441+0900] {processor.py:186} INFO - Started process (PID=149327) to work on /home/airflow/.local/lib/python3.12/site-packages/airflow/example_dags/example_datasets.py
[2026-04-10T09:31:34.442+0900] {processor.py:914} INFO - Processing file /home/airflow/.local/lib/python3.12/site-packages/airflow/example_dags/example_datasets.py for tasks to queue
[2026-04-10T09:31:34.445+0900] {logging_mixin.py:190} INFO - [2026-04-10T09:31:34.445+0900] {dagbag.py:587} INFO - Filling up the DagBag from /home/airflow/.local/lib/python3.12/site-packages/airflow/example_dags/example_datasets.py
[2026-04-10T09:31:34.554+0900] {processor.py:925} INFO - DAG(s) 'dataset_consumes_1_never_scheduled', 'dataset_consumes_1_and_2', 'consume_1_or_both_2_and_3_with_dataset_expressions', 'conditional_dataset_and_time_based_timetable', 'dataset_consumes_unknown_never_scheduled', 'consume_1_and_2_with_dataset_expressions', 'dataset_produces_1', 'dataset_produces_2', 'consume_1_or_2_with_dataset_expressions', 'dataset_consumes_1' retrieved from /home/airflow/.local/lib/python3.12/site-packages/airflow/example_dags/example_datasets.py
[2026-04-10T09:31:34.583+0900] {logging_mixin.py:190} INFO - [2026-04-10T09:31:34.583+0900] {dag.py:3211} INFO - Sync 10 DAGs
[2026-04-10T09:31:34.603+0900] {logging_mixin.py:190} INFO - [2026-04-10T09:31:34.603+0900] {dag.py:4138} INFO - Setting next_dagrun for conditional_dataset_and_time_based_timetable to 2026-04-08 01:00:00+00:00, run_after=2026-04-08 01:00:00+00:00
[2026-04-10T09:31:34.605+0900] {logging_mixin.py:190} INFO - [2026-04-10T09:31:34.605+0900] {dag.py:4138} INFO - Setting next_dagrun for consume_1_and_2_with_dataset_expressions to None, run_after=None
[2026-04-10T09:31:34.607+0900] {logging_mixin.py:190} INFO - [2026-04-10T09:31:34.606+0900] {dag.py:4138} INFO - Setting next_dagrun for consume_1_or_2_with_dataset_expressions to None, run_after=None
[2026-04-10T09:31:34.608+0900] {logging_mixin.py:190} INFO - [2026-04-10T09:31:34.608+0900] {dag.py:4138} INFO - Setting next_dagrun for consume_1_or_both_2_and_3_with_dataset_expressions to None, run_after=None
[2026-04-10T09:31:34.609+0900] {logging_mixin.py:190} INFO - [2026-04-10T09:31:34.609+0900] {dag.py:4138} INFO - Setting next_dagrun for dataset_consumes_1 to None, run_after=None
[2026-04-10T09:31:34.610+0900] {logging_mixin.py:190} INFO - [2026-04-10T09:31:34.610+0900] {dag.py:4138} INFO - Setting next_dagrun for dataset_consumes_1_and_2 to None, run_after=None
[2026-04-10T09:31:34.611+0900] {logging_mixin.py:190} INFO - [2026-04-10T09:31:34.611+0900] {dag.py:4138} INFO - Setting next_dagrun for dataset_consumes_1_never_scheduled to None, run_after=None
[2026-04-10T09:31:34.612+0900] {logging_mixin.py:190} INFO - [2026-04-10T09:31:34.612+0900] {dag.py:4138} INFO - Setting next_dagrun for dataset_consumes_unknown_never_scheduled to None, run_after=None
[2026-04-10T09:31:34.614+0900] {logging_mixin.py:190} INFO - [2026-04-10T09:31:34.613+0900] {dag.py:4138} INFO - Setting next_dagrun for dataset_produces_1 to 2026-04-09 00:00:00+00:00, run_after=2026-04-10 00:00:00+00:00
[2026-04-10T09:31:34.614+0900] {logging_mixin.py:190} INFO - [2026-04-10T09:31:34.614+0900] {dag.py:4138} INFO - Setting next_dagrun for dataset_produces_2 to None, run_after=None
[2026-04-10T09:31:34.637+0900] {processor.py:208} INFO - Processing /home/airflow/.local/lib/python3.12/site-packages/airflow/example_dags/example_datasets.py took 0.201 seconds
[2026-04-10T09:32:05.175+0900] {processor.py:186} INFO - Started process (PID=149396) to work on /home/airflow/.local/lib/python3.12/site-packages/airflow/example_dags/example_datasets.py
[2026-04-10T09:32:05.176+0900] {processor.py:914} INFO - Processing file /home/airflow/.local/lib/python3.12/site-packages/airflow/example_dags/example_datasets.py for tasks to queue
[2026-04-10T09:32:05.178+0900] {logging_mixin.py:190} INFO - [2026-04-10T09:32:05.178+0900] {dagbag.py:587} INFO - Filling up the DagBag from /home/airflow/.local/lib/python3.12/site-packages/airflow/example_dags/example_datasets.py
[2026-04-10T09:32:05.292+0900] {processor.py:925} INFO - DAG(s) 'dataset_produces_2', 'consume_1_and_2_with_dataset_expressions', 'dataset_consumes_1_never_scheduled', 'dataset_produces_1', 'dataset_consumes_unknown_never_scheduled', 'dataset_consumes_1', 'dataset_consumes_1_and_2', 'consume_1_or_both_2_and_3_with_dataset_expressions', 'consume_1_or_2_with_dataset_expressions', 'conditional_dataset_and_time_based_timetable' retrieved from /home/airflow/.local/lib/python3.12/site-packages/airflow/example_dags/example_datasets.py
[2026-04-10T09:32:05.325+0900] {logging_mixin.py:190} INFO - [2026-04-10T09:32:05.325+0900] {dag.py:3211} INFO - Sync 10 DAGs
[2026-04-10T09:32:05.346+0900] {logging_mixin.py:190} INFO - [2026-04-10T09:32:05.346+0900] {dag.py:4138} INFO - Setting next_dagrun for conditional_dataset_and_time_based_timetable to 2026-04-08 01:00:00+00:00, run_after=2026-04-08 01:00:00+00:00
[2026-04-10T09:32:05.350+0900] {logging_mixin.py:190} INFO - [2026-04-10T09:32:05.350+0900] {dag.py:4138} INFO - Setting next_dagrun for consume_1_and_2_with_dataset_expressions to None, run_after=None
[2026-04-10T09:32:05.351+0900] {logging_mixin.py:190} INFO - [2026-04-10T09:32:05.351+0900] {dag.py:4138} INFO - Setting next_dagrun for consume_1_or_2_with_dataset_expressions to None, run_after=None
[2026-04-10T09:32:05.353+0900] {logging_mixin.py:190} INFO - [2026-04-10T09:32:05.353+0900] {dag.py:4138} INFO - Setting next_dagrun for consume_1_or_both_2_and_3_with_dataset_expressions to None, run_after=None
[2026-04-10T09:32:05.354+0900] {logging_mixin.py:190} INFO - [2026-04-10T09:32:05.354+0900] {dag.py:4138} INFO - Setting next_dagrun for dataset_consumes_1 to None, run_after=None
[2026-04-10T09:32:05.356+0900] {logging_mixin.py:190} INFO - [2026-04-10T09:32:05.356+0900] {dag.py:4138} INFO - Setting next_dagrun for dataset_consumes_1_and_2 to None, run_after=None
[2026-04-10T09:32:05.357+0900] {logging_mixin.py:190} INFO - [2026-04-10T09:32:05.357+0900] {dag.py:4138} INFO - Setting next_dagrun for dataset_consumes_1_never_scheduled to None, run_after=None
[2026-04-10T09:32:05.358+0900] {logging_mixin.py:190} INFO - [2026-04-10T09:32:05.358+0900] {dag.py:4138} INFO - Setting next_dagrun for dataset_consumes_unknown_never_scheduled to None, run_after=None
[2026-04-10T09:32:05.360+0900] {logging_mixin.py:190} INFO - [2026-04-10T09:32:05.360+0900] {dag.py:4138} INFO - Setting next_dagrun for dataset_produces_1 to 2026-04-09 00:00:00+00:00, run_after=2026-04-10 00:00:00+00:00
[2026-04-10T09:32:05.362+0900] {logging_mixin.py:190} INFO - [2026-04-10T09:32:05.361+0900] {dag.py:4138} INFO - Setting next_dagrun for dataset_produces_2 to None, run_after=None
[2026-04-10T09:32:05.386+0900] {processor.py:208} INFO - Processing /home/airflow/.local/lib/python3.12/site-packages/airflow/example_dags/example_datasets.py took 0.216 seconds
[2026-04-10T09:32:35.984+0900] {processor.py:186} INFO - Started process (PID=149459) to work on /home/airflow/.local/lib/python3.12/site-packages/airflow/example_dags/example_datasets.py
[2026-04-10T09:32:35.986+0900] {processor.py:914} INFO - Processing file /home/airflow/.local/lib/python3.12/site-packages/airflow/example_dags/example_datasets.py for tasks to queue
[2026-04-10T09:32:35.988+0900] {logging_mixin.py:190} INFO - [2026-04-10T09:32:35.988+0900] {dagbag.py:587} INFO - Filling up the DagBag from /home/airflow/.local/lib/python3.12/site-packages/airflow/example_dags/example_datasets.py
[2026-04-10T09:32:36.098+0900] {processor.py:925} INFO - DAG(s) 'dataset_produces_2', 'consume_1_or_both_2_and_3_with_dataset_expressions', 'dataset_produces_1', 'dataset_consumes_unknown_never_scheduled', 'dataset_consumes_1_never_scheduled', 'dataset_consumes_1_and_2', 'dataset_consumes_1', 'consume_1_and_2_with_dataset_expressions', 'conditional_dataset_and_time_based_timetable', 'consume_1_or_2_with_dataset_expressions' retrieved from /home/airflow/.local/lib/python3.12/site-packages/airflow/example_dags/example_datasets.py
[2026-04-10T09:32:36.129+0900] {logging_mixin.py:190} INFO - [2026-04-10T09:32:36.129+0900] {dag.py:3211} INFO - Sync 10 DAGs
[2026-04-10T09:32:36.149+0900] {logging_mixin.py:190} INFO - [2026-04-10T09:32:36.149+0900] {dag.py:4138} INFO - Setting next_dagrun for conditional_dataset_and_time_based_timetable to 2026-04-08 01:00:00+00:00, run_after=2026-04-08 01:00:00+00:00
[2026-04-10T09:32:36.151+0900] {logging_mixin.py:190} INFO - [2026-04-10T09:32:36.151+0900] {dag.py:4138} INFO - Setting next_dagrun for consume_1_and_2_with_dataset_expressions to None, run_after=None
[2026-04-10T09:32:36.153+0900] {logging_mixin.py:190} INFO - [2026-04-10T09:32:36.153+0900] {dag.py:4138} INFO - Setting next_dagrun for consume_1_or_2_with_dataset_expressions to None, run_after=None
[2026-04-10T09:32:36.154+0900] {logging_mixin.py:190} INFO - [2026-04-10T09:32:36.154+0900] {dag.py:4138} INFO - Setting next_dagrun for consume_1_or_both_2_and_3_with_dataset_expressions to None, run_after=None
[2026-04-10T09:32:36.155+0900] {logging_mixin.py:190} INFO - [2026-04-10T09:32:36.155+0900] {dag.py:4138} INFO - Setting next_dagrun for dataset_consumes_1 to None, run_after=None
[2026-04-10T09:32:36.156+0900] {logging_mixin.py:190} INFO - [2026-04-10T09:32:36.156+0900] {dag.py:4138} INFO - Setting next_dagrun for dataset_consumes_1_and_2 to None, run_after=None
[2026-04-10T09:32:36.157+0900] {logging_mixin.py:190} INFO - [2026-04-10T09:32:36.157+0900] {dag.py:4138} INFO - Setting next_dagrun for dataset_consumes_1_never_scheduled to None, run_after=None
[2026-04-10T09:32:36.159+0900] {logging_mixin.py:190} INFO - [2026-04-10T09:32:36.158+0900] {dag.py:4138} INFO - Setting next_dagrun for dataset_consumes_unknown_never_scheduled to None, run_after=None
[2026-04-10T09:32:36.161+0900] {logging_mixin.py:190} INFO - [2026-04-10T09:32:36.161+0900] {dag.py:4138} INFO - Setting next_dagrun for dataset_produces_1 to 2026-04-09 00:00:00+00:00, run_after=2026-04-10 00:00:00+00:00
[2026-04-10T09:32:36.162+0900] {logging_mixin.py:190} INFO - [2026-04-10T09:32:36.162+0900] {dag.py:4138} INFO - Setting next_dagrun for dataset_produces_2 to None, run_after=None
[2026-04-10T09:32:36.184+0900] {processor.py:208} INFO - Processing /home/airflow/.local/lib/python3.12/site-packages/airflow/example_dags/example_datasets.py took 0.205 seconds
[2026-04-10T09:33:06.500+0900] {processor.py:186} INFO - Started process (PID=149522) to work on /home/airflow/.local/lib/python3.12/site-packages/airflow/example_dags/example_datasets.py
[2026-04-10T09:33:06.501+0900] {processor.py:914} INFO - Processing file /home/airflow/.local/lib/python3.12/site-packages/airflow/example_dags/example_datasets.py for tasks to queue
[2026-04-10T09:33:06.503+0900] {logging_mixin.py:190} INFO - [2026-04-10T09:33:06.503+0900] {dagbag.py:587} INFO - Filling up the DagBag from /home/airflow/.local/lib/python3.12/site-packages/airflow/example_dags/example_datasets.py
[2026-04-10T09:33:06.610+0900] {processor.py:925} INFO - DAG(s) 'dataset_produces_2', 'conditional_dataset_and_time_based_timetable', 'dataset_consumes_1', 'consume_1_and_2_with_dataset_expressions', 'consume_1_or_both_2_and_3_with_dataset_expressions', 'consume_1_or_2_with_dataset_expressions', 'dataset_consumes_unknown_never_scheduled', 'dataset_produces_1', 'dataset_consumes_1_never_scheduled', 'dataset_consumes_1_and_2' retrieved from /home/airflow/.local/lib/python3.12/site-packages/airflow/example_dags/example_datasets.py
[2026-04-10T09:33:06.640+0900] {logging_mixin.py:190} INFO - [2026-04-10T09:33:06.639+0900] {dag.py:3211} INFO - Sync 10 DAGs
[2026-04-10T09:33:06.662+0900] {logging_mixin.py:190} INFO - [2026-04-10T09:33:06.661+0900] {dag.py:4138} INFO - Setting next_dagrun for conditional_dataset_and_time_based_timetable to 2026-04-08 01:00:00+00:00, run_after=2026-04-08 01:00:00+00:00
[2026-04-10T09:33:06.665+0900] {logging_mixin.py:190} INFO - [2026-04-10T09:33:06.665+0900] {dag.py:4138} INFO - Setting next_dagrun for consume_1_and_2_with_dataset_expressions to None, run_after=None
[2026-04-10T09:33:06.667+0900] {logging_mixin.py:190} INFO - [2026-04-10T09:33:06.667+0900] {dag.py:4138} INFO - Setting next_dagrun for consume_1_or_2_with_dataset_expressions to None, run_after=None
[2026-04-10T09:33:06.668+0900] {logging_mixin.py:190} INFO - [2026-04-10T09:33:06.668+0900] {dag.py:4138} INFO - Setting next_dagrun for consume_1_or_both_2_and_3_with_dataset_expressions to None, run_after=None
[2026-04-10T09:33:06.670+0900] {logging_mixin.py:190} INFO - [2026-04-10T09:33:06.670+0900] {dag.py:4138} INFO - Setting next_dagrun for dataset_consumes_1 to None, run_after=None
[2026-04-10T09:33:06.671+0900] {logging_mixin.py:190} INFO - [2026-04-10T09:33:06.671+0900] {dag.py:4138} INFO - Setting next_dagrun for dataset_consumes_1_and_2 to None, run_after=None
[2026-04-10T09:33:06.672+0900] {logging_mixin.py:190} INFO - [2026-04-10T09:33:06.672+0900] {dag.py:4138} INFO - Setting next_dagrun for dataset_consumes_1_never_scheduled to None, run_after=None
[2026-04-10T09:33:06.673+0900] {logging_mixin.py:190} INFO - [2026-04-10T09:33:06.673+0900] {dag.py:4138} INFO - Setting next_dagrun for dataset_consumes_unknown_never_scheduled to None, run_after=None
[2026-04-10T09:33:06.675+0900] {logging_mixin.py:190} INFO - [2026-04-10T09:33:06.675+0900] {dag.py:4138} INFO - Setting next_dagrun for dataset_produces_1 to 2026-04-09 00:00:00+00:00, run_after=2026-04-10 00:00:00+00:00
[2026-04-10T09:33:06.676+0900] {logging_mixin.py:190} INFO - [2026-04-10T09:33:06.676+0900] {dag.py:4138} INFO - Setting next_dagrun for dataset_produces_2 to None, run_after=None
[2026-04-10T09:33:06.699+0900] {processor.py:208} INFO - Processing /home/airflow/.local/lib/python3.12/site-packages/airflow/example_dags/example_datasets.py took 0.203 seconds
[2026-04-10T09:33:37.263+0900] {processor.py:186} INFO - Started process (PID=149585) to work on /home/airflow/.local/lib/python3.12/site-packages/airflow/example_dags/example_datasets.py
[2026-04-10T09:33:37.264+0900] {processor.py:914} INFO - Processing file /home/airflow/.local/lib/python3.12/site-packages/airflow/example_dags/example_datasets.py for tasks to queue
[2026-04-10T09:33:37.266+0900] {logging_mixin.py:190} INFO - [2026-04-10T09:33:37.266+0900] {dagbag.py:587} INFO - Filling up the DagBag from /home/airflow/.local/lib/python3.12/site-packages/airflow/example_dags/example_datasets.py
[2026-04-10T09:33:37.366+0900] {processor.py:925} INFO - DAG(s) 'dataset_consumes_1_never_scheduled', 'dataset_produces_1', 'dataset_consumes_1_and_2', 'dataset_consumes_unknown_never_scheduled', 'consume_1_or_2_with_dataset_expressions', 'conditional_dataset_and_time_based_timetable', 'consume_1_and_2_with_dataset_expressions', 'dataset_produces_2', 'consume_1_or_both_2_and_3_with_dataset_expressions', 'dataset_consumes_1' retrieved from /home/airflow/.local/lib/python3.12/site-packages/airflow/example_dags/example_datasets.py
[2026-04-10T09:33:37.399+0900] {logging_mixin.py:190} INFO - [2026-04-10T09:33:37.399+0900] {dag.py:3211} INFO - Sync 10 DAGs
[2026-04-10T09:33:37.418+0900] {logging_mixin.py:190} INFO - [2026-04-10T09:33:37.418+0900] {dag.py:4138} INFO - Setting next_dagrun for conditional_dataset_and_time_based_timetable to 2026-04-08 01:00:00+00:00, run_after=2026-04-08 01:00:00+00:00
[2026-04-10T09:33:37.421+0900] {logging_mixin.py:190} INFO - [2026-04-10T09:33:37.421+0900] {dag.py:4138} INFO - Setting next_dagrun for consume_1_and_2_with_dataset_expressions to None, run_after=None
[2026-04-10T09:33:37.423+0900] {logging_mixin.py:190} INFO - [2026-04-10T09:33:37.423+0900] {dag.py:4138} INFO - Setting next_dagrun for consume_1_or_2_with_dataset_expressions to None, run_after=None
[2026-04-10T09:33:37.424+0900] {logging_mixin.py:190} INFO - [2026-04-10T09:33:37.424+0900] {dag.py:4138} INFO - Setting next_dagrun for consume_1_or_both_2_and_3_with_dataset_expressions to None, run_after=None
[2026-04-10T09:33:37.425+0900] {logging_mixin.py:190} INFO - [2026-04-10T09:33:37.425+0900] {dag.py:4138} INFO - Setting next_dagrun for dataset_consumes_1 to None, run_after=None
[2026-04-10T09:33:37.426+0900] {logging_mixin.py:190} INFO - [2026-04-10T09:33:37.426+0900] {dag.py:4138} INFO - Setting next_dagrun for dataset_consumes_1_and_2 to None, run_after=None
[2026-04-10T09:33:37.427+0900] {logging_mixin.py:190} INFO - [2026-04-10T09:33:37.427+0900] {dag.py:4138} INFO - Setting next_dagrun for dataset_consumes_1_never_scheduled to None, run_after=None
[2026-04-10T09:33:37.429+0900] {logging_mixin.py:190} INFO - [2026-04-10T09:33:37.428+0900] {dag.py:4138} INFO - Setting next_dagrun for dataset_consumes_unknown_never_scheduled to None, run_after=None
[2026-04-10T09:33:37.430+0900] {logging_mixin.py:190} INFO - [2026-04-10T09:33:37.430+0900] {dag.py:4138} INFO - Setting next_dagrun for dataset_produces_1 to 2026-04-09 00:00:00+00:00, run_after=2026-04-10 00:00:00+00:00
[2026-04-10T09:33:37.431+0900] {logging_mixin.py:190} INFO - [2026-04-10T09:33:37.431+0900] {dag.py:4138} INFO - Setting next_dagrun for dataset_produces_2 to None, run_after=None
[2026-04-10T09:33:37.457+0900] {processor.py:208} INFO - Processing /home/airflow/.local/lib/python3.12/site-packages/airflow/example_dags/example_datasets.py took 0.199 seconds
[2026-04-10T09:34:08.063+0900] {processor.py:186} INFO - Started process (PID=149648) to work on /home/airflow/.local/lib/python3.12/site-packages/airflow/example_dags/example_datasets.py
[2026-04-10T09:34:08.065+0900] {processor.py:914} INFO - Processing file /home/airflow/.local/lib/python3.12/site-packages/airflow/example_dags/example_datasets.py for tasks to queue
[2026-04-10T09:34:08.067+0900] {logging_mixin.py:190} INFO - [2026-04-10T09:34:08.066+0900] {dagbag.py:587} INFO - Filling up the DagBag from /home/airflow/.local/lib/python3.12/site-packages/airflow/example_dags/example_datasets.py
[2026-04-10T09:34:08.165+0900] {processor.py:925} INFO - DAG(s) 'dataset_produces_1', 'dataset_consumes_1', 'consume_1_and_2_with_dataset_expressions', 'dataset_consumes_1_and_2', 'dataset_consumes_1_never_scheduled', 'consume_1_or_2_with_dataset_expressions', 'dataset_consumes_unknown_never_scheduled', 'dataset_produces_2', 'conditional_dataset_and_time_based_timetable', 'consume_1_or_both_2_and_3_with_dataset_expressions' retrieved from /home/airflow/.local/lib/python3.12/site-packages/airflow/example_dags/example_datasets.py
[2026-04-10T09:34:08.195+0900] {logging_mixin.py:190} INFO - [2026-04-10T09:34:08.195+0900] {dag.py:3211} INFO - Sync 10 DAGs
[2026-04-10T09:34:08.214+0900] {logging_mixin.py:190} INFO - [2026-04-10T09:34:08.213+0900] {dag.py:4138} INFO - Setting next_dagrun for conditional_dataset_and_time_based_timetable to 2026-04-08 01:00:00+00:00, run_after=2026-04-08 01:00:00+00:00
[2026-04-10T09:34:08.217+0900] {logging_mixin.py:190} INFO - [2026-04-10T09:34:08.216+0900] {dag.py:4138} INFO - Setting next_dagrun for consume_1_and_2_with_dataset_expressions to None, run_after=None
[2026-04-10T09:34:08.218+0900] {logging_mixin.py:190} INFO - [2026-04-10T09:34:08.218+0900] {dag.py:4138} INFO - Setting next_dagrun for consume_1_or_2_with_dataset_expressions to None, run_after=None
[2026-04-10T09:34:08.219+0900] {logging_mixin.py:190} INFO - [2026-04-10T09:34:08.219+0900] {dag.py:4138} INFO - Setting next_dagrun for consume_1_or_both_2_and_3_with_dataset_expressions to None, run_after=None
[2026-04-10T09:34:08.220+0900] {logging_mixin.py:190} INFO - [2026-04-10T09:34:08.220+0900] {dag.py:4138} INFO - Setting next_dagrun for dataset_consumes_1 to None, run_after=None
[2026-04-10T09:34:08.221+0900] {logging_mixin.py:190} INFO - [2026-04-10T09:34:08.221+0900] {dag.py:4138} INFO - Setting next_dagrun for dataset_consumes_1_and_2 to None, run_after=None
[2026-04-10T09:34:08.222+0900] {logging_mixin.py:190} INFO - [2026-04-10T09:34:08.222+0900] {dag.py:4138} INFO - Setting next_dagrun for dataset_consumes_1_never_scheduled to None, run_after=None
[2026-04-10T09:34:08.223+0900] {logging_mixin.py:190} INFO - [2026-04-10T09:34:08.223+0900] {dag.py:4138} INFO - Setting next_dagrun for dataset_consumes_unknown_never_scheduled to None, run_after=None
[2026-04-10T09:34:08.225+0900] {logging_mixin.py:190} INFO - [2026-04-10T09:34:08.225+0900] {dag.py:4138} INFO - Setting next_dagrun for dataset_produces_1 to 2026-04-09 00:00:00+00:00, run_after=2026-04-10 00:00:00+00:00
[2026-04-10T09:34:08.226+0900] {logging_mixin.py:190} INFO - [2026-04-10T09:34:08.225+0900] {dag.py:4138} INFO - Setting next_dagrun for dataset_produces_2 to None, run_after=None
[2026-04-10T09:34:08.246+0900] {processor.py:208} INFO - Processing /home/airflow/.local/lib/python3.12/site-packages/airflow/example_dags/example_datasets.py took 0.187 seconds
[2026-04-10T09:34:38.802+0900] {processor.py:186} INFO - Started process (PID=149711) to work on /home/airflow/.local/lib/python3.12/site-packages/airflow/example_dags/example_datasets.py
[2026-04-10T09:34:38.803+0900] {processor.py:914} INFO - Processing file /home/airflow/.local/lib/python3.12/site-packages/airflow/example_dags/example_datasets.py for tasks to queue
[2026-04-10T09:34:38.805+0900] {logging_mixin.py:190} INFO - [2026-04-10T09:34:38.805+0900] {dagbag.py:587} INFO - Filling up the DagBag from /home/airflow/.local/lib/python3.12/site-packages/airflow/example_dags/example_datasets.py
[2026-04-10T09:34:38.922+0900] {processor.py:925} INFO - DAG(s) 'dataset_consumes_1_and_2', 'consume_1_or_both_2_and_3_with_dataset_expressions', 'dataset_produces_2', 'dataset_consumes_1', 'dataset_consumes_1_never_scheduled', 'conditional_dataset_and_time_based_timetable', 'dataset_produces_1', 'consume_1_or_2_with_dataset_expressions', 'consume_1_and_2_with_dataset_expressions', 'dataset_consumes_unknown_never_scheduled' retrieved from /home/airflow/.local/lib/python3.12/site-packages/airflow/example_dags/example_datasets.py
[2026-04-10T09:34:38.960+0900] {logging_mixin.py:190} INFO - [2026-04-10T09:34:38.960+0900] {dag.py:3211} INFO - Sync 10 DAGs
[2026-04-10T09:34:38.982+0900] {logging_mixin.py:190} INFO - [2026-04-10T09:34:38.982+0900] {dag.py:4138} INFO - Setting next_dagrun for conditional_dataset_and_time_based_timetable to 2026-04-08 01:00:00+00:00, run_after=2026-04-08 01:00:00+00:00
[2026-04-10T09:34:38.986+0900] {logging_mixin.py:190} INFO - [2026-04-10T09:34:38.985+0900] {dag.py:4138} INFO - Setting next_dagrun for consume_1_and_2_with_dataset_expressions to None, run_after=None
[2026-04-10T09:34:38.987+0900] {logging_mixin.py:190} INFO - [2026-04-10T09:34:38.987+0900] {dag.py:4138} INFO - Setting next_dagrun for consume_1_or_2_with_dataset_expressions to None, run_after=None
[2026-04-10T09:34:38.989+0900] {logging_mixin.py:190} INFO - [2026-04-10T09:34:38.988+0900] {dag.py:4138} INFO - Setting next_dagrun for consume_1_or_both_2_and_3_with_dataset_expressions to None, run_after=None
[2026-04-10T09:34:38.990+0900] {logging_mixin.py:190} INFO - [2026-04-10T09:34:38.990+0900] {dag.py:4138} INFO - Setting next_dagrun for dataset_consumes_1 to None, run_after=None
[2026-04-10T09:34:38.991+0900] {logging_mixin.py:190} INFO - [2026-04-10T09:34:38.991+0900] {dag.py:4138} INFO - Setting next_dagrun for dataset_consumes_1_and_2 to None, run_after=None
[2026-04-10T09:34:38.992+0900] {logging_mixin.py:190} INFO - [2026-04-10T09:34:38.992+0900] {dag.py:4138} INFO - Setting next_dagrun for dataset_consumes_1_never_scheduled to None, run_after=None
[2026-04-10T09:34:38.994+0900] {logging_mixin.py:190} INFO - [2026-04-10T09:34:38.994+0900] {dag.py:4138} INFO - Setting next_dagrun for dataset_consumes_unknown_never_scheduled to None, run_after=None
[2026-04-10T09:34:38.996+0900] {logging_mixin.py:190} INFO - [2026-04-10T09:34:38.996+0900] {dag.py:4138} INFO - Setting next_dagrun for dataset_produces_1 to 2026-04-09 00:00:00+00:00, run_after=2026-04-10 00:00:00+00:00
[2026-04-10T09:34:38.997+0900] {logging_mixin.py:190} INFO - [2026-04-10T09:34:38.997+0900] {dag.py:4138} INFO - Setting next_dagrun for dataset_produces_2 to None, run_after=None
[2026-04-10T09:34:39.021+0900] {processor.py:208} INFO - Processing /home/airflow/.local/lib/python3.12/site-packages/airflow/example_dags/example_datasets.py took 0.225 seconds
[2026-04-10T09:35:09.676+0900] {processor.py:186} INFO - Started process (PID=149774) to work on /home/airflow/.local/lib/python3.12/site-packages/airflow/example_dags/example_datasets.py
[2026-04-10T09:35:09.677+0900] {processor.py:914} INFO - Processing file /home/airflow/.local/lib/python3.12/site-packages/airflow/example_dags/example_datasets.py for tasks to queue
[2026-04-10T09:35:09.679+0900] {logging_mixin.py:190} INFO - [2026-04-10T09:35:09.679+0900] {dagbag.py:587} INFO - Filling up the DagBag from /home/airflow/.local/lib/python3.12/site-packages/airflow/example_dags/example_datasets.py
[2026-04-10T09:35:09.779+0900] {processor.py:925} INFO - DAG(s) 'consume_1_or_2_with_dataset_expressions', 'consume_1_and_2_with_dataset_expressions', 'consume_1_or_both_2_and_3_with_dataset_expressions', 'conditional_dataset_and_time_based_timetable', 'dataset_consumes_1_never_scheduled', 'dataset_consumes_1', 'dataset_consumes_1_and_2', 'dataset_produces_1', 'dataset_consumes_unknown_never_scheduled', 'dataset_produces_2' retrieved from /home/airflow/.local/lib/python3.12/site-packages/airflow/example_dags/example_datasets.py
[2026-04-10T09:35:09.810+0900] {logging_mixin.py:190} INFO - [2026-04-10T09:35:09.810+0900] {dag.py:3211} INFO - Sync 10 DAGs
[2026-04-10T09:35:09.828+0900] {logging_mixin.py:190} INFO - [2026-04-10T09:35:09.827+0900] {dag.py:4138} INFO - Setting next_dagrun for conditional_dataset_and_time_based_timetable to 2026-04-08 01:00:00+00:00, run_after=2026-04-08 01:00:00+00:00
[2026-04-10T09:35:09.830+0900] {logging_mixin.py:190} INFO - [2026-04-10T09:35:09.830+0900] {dag.py:4138} INFO - Setting next_dagrun for consume_1_and_2_with_dataset_expressions to None, run_after=None
[2026-04-10T09:35:09.832+0900] {logging_mixin.py:190} INFO - [2026-04-10T09:35:09.832+0900] {dag.py:4138} INFO - Setting next_dagrun for consume_1_or_2_with_dataset_expressions to None, run_after=None
[2026-04-10T09:35:09.833+0900] {logging_mixin.py:190} INFO - [2026-04-10T09:35:09.833+0900] {dag.py:4138} INFO - Setting next_dagrun for consume_1_or_both_2_and_3_with_dataset_expressions to None, run_after=None
[2026-04-10T09:35:09.834+0900] {logging_mixin.py:190} INFO - [2026-04-10T09:35:09.834+0900] {dag.py:4138} INFO - Setting next_dagrun for dataset_consumes_1 to None, run_after=None
[2026-04-10T09:35:09.835+0900] {logging_mixin.py:190} INFO - [2026-04-10T09:35:09.835+0900] {dag.py:4138} INFO - Setting next_dagrun for dataset_consumes_1_and_2 to None, run_after=None
[2026-04-10T09:35:09.836+0900] {logging_mixin.py:190} INFO - [2026-04-10T09:35:09.836+0900] {dag.py:4138} INFO - Setting next_dagrun for dataset_consumes_1_never_scheduled to None, run_after=None
[2026-04-10T09:35:09.837+0900] {logging_mixin.py:190} INFO - [2026-04-10T09:35:09.837+0900] {dag.py:4138} INFO - Setting next_dagrun for dataset_consumes_unknown_never_scheduled to None, run_after=None
[2026-04-10T09:35:09.839+0900] {logging_mixin.py:190} INFO - [2026-04-10T09:35:09.839+0900] {dag.py:4138} INFO - Setting next_dagrun for dataset_produces_1 to 2026-04-09 00:00:00+00:00, run_after=2026-04-10 00:00:00+00:00
[2026-04-10T09:35:09.841+0900] {logging_mixin.py:190} INFO - [2026-04-10T09:35:09.841+0900] {dag.py:4138} INFO - Setting next_dagrun for dataset_produces_2 to None, run_after=None
[2026-04-10T09:35:09.862+0900] {processor.py:208} INFO - Processing /home/airflow/.local/lib/python3.12/site-packages/airflow/example_dags/example_datasets.py took 0.191 seconds
[2026-04-10T09:35:40.199+0900] {processor.py:186} INFO - Started process (PID=149837) to work on /home/airflow/.local/lib/python3.12/site-packages/airflow/example_dags/example_datasets.py
[2026-04-10T09:35:40.200+0900] {processor.py:914} INFO - Processing file /home/airflow/.local/lib/python3.12/site-packages/airflow/example_dags/example_datasets.py for tasks to queue
[2026-04-10T09:35:40.202+0900] {logging_mixin.py:190} INFO - [2026-04-10T09:35:40.202+0900] {dagbag.py:587} INFO - Filling up the DagBag from /home/airflow/.local/lib/python3.12/site-packages/airflow/example_dags/example_datasets.py
[2026-04-10T09:35:40.306+0900] {processor.py:925} INFO - DAG(s) 'dataset_consumes_unknown_never_scheduled', 'conditional_dataset_and_time_based_timetable', 'consume_1_and_2_with_dataset_expressions', 'dataset_consumes_1_never_scheduled', 'consume_1_or_both_2_and_3_with_dataset_expressions', 'dataset_produces_1', 'dataset_consumes_1', 'dataset_produces_2', 'dataset_consumes_1_and_2', 'consume_1_or_2_with_dataset_expressions' retrieved from /home/airflow/.local/lib/python3.12/site-packages/airflow/example_dags/example_datasets.py
[2026-04-10T09:35:40.338+0900] {logging_mixin.py:190} INFO - [2026-04-10T09:35:40.338+0900] {dag.py:3211} INFO - Sync 10 DAGs
[2026-04-10T09:35:40.362+0900] {logging_mixin.py:190} INFO - [2026-04-10T09:35:40.362+0900] {dag.py:4138} INFO - Setting next_dagrun for conditional_dataset_and_time_based_timetable to 2026-04-08 01:00:00+00:00, run_after=2026-04-08 01:00:00+00:00
[2026-04-10T09:35:40.365+0900] {logging_mixin.py:190} INFO - [2026-04-10T09:35:40.365+0900] {dag.py:4138} INFO - Setting next_dagrun for consume_1_and_2_with_dataset_expressions to None, run_after=None
[2026-04-10T09:35:40.366+0900] {logging_mixin.py:190} INFO - [2026-04-10T09:35:40.366+0900] {dag.py:4138} INFO - Setting next_dagrun for consume_1_or_2_with_dataset_expressions to None, run_after=None
[2026-04-10T09:35:40.368+0900] {logging_mixin.py:190} INFO - [2026-04-10T09:35:40.368+0900] {dag.py:4138} INFO - Setting next_dagrun for consume_1_or_both_2_and_3_with_dataset_expressions to None, run_after=None
[2026-04-10T09:35:40.370+0900] {logging_mixin.py:190} INFO - [2026-04-10T09:35:40.370+0900] {dag.py:4138} INFO - Setting next_dagrun for dataset_consumes_1 to None, run_after=None
[2026-04-10T09:35:40.371+0900] {logging_mixin.py:190} INFO - [2026-04-10T09:35:40.371+0900] {dag.py:4138} INFO - Setting next_dagrun for dataset_consumes_1_and_2 to None, run_after=None
[2026-04-10T09:35:40.372+0900] {logging_mixin.py:190} INFO - [2026-04-10T09:35:40.372+0900] {dag.py:4138} INFO - Setting next_dagrun for dataset_consumes_1_never_scheduled to None, run_after=None
[2026-04-10T09:35:40.373+0900] {logging_mixin.py:190} INFO - [2026-04-10T09:35:40.373+0900] {dag.py:4138} INFO - Setting next_dagrun for dataset_consumes_unknown_never_scheduled to None, run_after=None
[2026-04-10T09:35:40.375+0900] {logging_mixin.py:190} INFO - [2026-04-10T09:35:40.375+0900] {dag.py:4138} INFO - Setting next_dagrun for dataset_produces_1 to 2026-04-09 00:00:00+00:00, run_after=2026-04-10 00:00:00+00:00
[2026-04-10T09:35:40.377+0900] {logging_mixin.py:190} INFO - [2026-04-10T09:35:40.377+0900] {dag.py:4138} INFO - Setting next_dagrun for dataset_produces_2 to None, run_after=None
[2026-04-10T09:35:40.402+0900] {processor.py:208} INFO - Processing /home/airflow/.local/lib/python3.12/site-packages/airflow/example_dags/example_datasets.py took 0.208 seconds
[2026-04-10T09:36:10.917+0900] {processor.py:186} INFO - Started process (PID=149900) to work on /home/airflow/.local/lib/python3.12/site-packages/airflow/example_dags/example_datasets.py
[2026-04-10T09:36:10.918+0900] {processor.py:914} INFO - Processing file /home/airflow/.local/lib/python3.12/site-packages/airflow/example_dags/example_datasets.py for tasks to queue
[2026-04-10T09:36:10.920+0900] {logging_mixin.py:190} INFO - [2026-04-10T09:36:10.920+0900] {dagbag.py:587} INFO - Filling up the DagBag from /home/airflow/.local/lib/python3.12/site-packages/airflow/example_dags/example_datasets.py
[2026-04-10T09:36:11.028+0900] {processor.py:925} INFO - DAG(s) 'consume_1_or_2_with_dataset_expressions', 'dataset_consumes_1_never_scheduled', 'dataset_consumes_1_and_2', 'dataset_produces_1', 'dataset_consumes_1', 'dataset_consumes_unknown_never_scheduled', 'consume_1_or_both_2_and_3_with_dataset_expressions', 'consume_1_and_2_with_dataset_expressions', 'dataset_produces_2', 'conditional_dataset_and_time_based_timetable' retrieved from /home/airflow/.local/lib/python3.12/site-packages/airflow/example_dags/example_datasets.py
[2026-04-10T09:36:11.060+0900] {logging_mixin.py:190} INFO - [2026-04-10T09:36:11.060+0900] {dag.py:3211} INFO - Sync 10 DAGs
[2026-04-10T09:36:11.083+0900] {logging_mixin.py:190} INFO - [2026-04-10T09:36:11.082+0900] {dag.py:4138} INFO - Setting next_dagrun for conditional_dataset_and_time_based_timetable to 2026-04-08 01:00:00+00:00, run_after=2026-04-08 01:00:00+00:00
[2026-04-10T09:36:11.086+0900] {logging_mixin.py:190} INFO - [2026-04-10T09:36:11.086+0900] {dag.py:4138} INFO - Setting next_dagrun for consume_1_and_2_with_dataset_expressions to None, run_after=None
[2026-04-10T09:36:11.088+0900] {logging_mixin.py:190} INFO - [2026-04-10T09:36:11.088+0900] {dag.py:4138} INFO - Setting next_dagrun for consume_1_or_2_with_dataset_expressions to None, run_after=None
[2026-04-10T09:36:11.089+0900] {logging_mixin.py:190} INFO - [2026-04-10T09:36:11.089+0900] {dag.py:4138} INFO - Setting next_dagrun for consume_1_or_both_2_and_3_with_dataset_expressions to None, run_after=None
[2026-04-10T09:36:11.090+0900] {logging_mixin.py:190} INFO - [2026-04-10T09:36:11.090+0900] {dag.py:4138} INFO - Setting next_dagrun for dataset_consumes_1 to None, run_after=None
[2026-04-10T09:36:11.091+0900] {logging_mixin.py:190} INFO - [2026-04-10T09:36:11.091+0900] {dag.py:4138} INFO - Setting next_dagrun for dataset_consumes_1_and_2 to None, run_after=None
[2026-04-10T09:36:11.092+0900] {logging_mixin.py:190} INFO - [2026-04-10T09:36:11.092+0900] {dag.py:4138} INFO - Setting next_dagrun for dataset_consumes_1_never_scheduled to None, run_after=None
[2026-04-10T09:36:11.093+0900] {logging_mixin.py:190} INFO - [2026-04-10T09:36:11.093+0900] {dag.py:4138} INFO - Setting next_dagrun for dataset_consumes_unknown_never_scheduled to None, run_after=None
[2026-04-10T09:36:11.095+0900] {logging_mixin.py:190} INFO - [2026-04-10T09:36:11.095+0900] {dag.py:4138} INFO - Setting next_dagrun for dataset_produces_1 to 2026-04-09 00:00:00+00:00, run_after=2026-04-10 00:00:00+00:00
[2026-04-10T09:36:11.096+0900] {logging_mixin.py:190} INFO - [2026-04-10T09:36:11.096+0900] {dag.py:4138} INFO - Setting next_dagrun for dataset_produces_2 to None, run_after=None
[2026-04-10T09:36:11.120+0900] {processor.py:208} INFO - Processing /home/airflow/.local/lib/python3.12/site-packages/airflow/example_dags/example_datasets.py took 0.207 seconds
[2026-04-10T09:36:41.583+0900] {processor.py:186} INFO - Started process (PID=149963) to work on /home/airflow/.local/lib/python3.12/site-packages/airflow/example_dags/example_datasets.py
[2026-04-10T09:36:41.584+0900] {processor.py:914} INFO - Processing file /home/airflow/.local/lib/python3.12/site-packages/airflow/example_dags/example_datasets.py for tasks to queue
[2026-04-10T09:36:41.586+0900] {logging_mixin.py:190} INFO - [2026-04-10T09:36:41.586+0900] {dagbag.py:587} INFO - Filling up the DagBag from /home/airflow/.local/lib/python3.12/site-packages/airflow/example_dags/example_datasets.py
[2026-04-10T09:36:41.686+0900] {processor.py:925} INFO - DAG(s) 'dataset_produces_2', 'dataset_produces_1', 'dataset_consumes_1', 'dataset_consumes_1_never_scheduled', 'consume_1_or_both_2_and_3_with_dataset_expressions', 'consume_1_or_2_with_dataset_expressions', 'consume_1_and_2_with_dataset_expressions', 'dataset_consumes_unknown_never_scheduled', 'conditional_dataset_and_time_based_timetable', 'dataset_consumes_1_and_2' retrieved from /home/airflow/.local/lib/python3.12/site-packages/airflow/example_dags/example_datasets.py
[2026-04-10T09:36:41.716+0900] {logging_mixin.py:190} INFO - [2026-04-10T09:36:41.716+0900] {dag.py:3211} INFO - Sync 10 DAGs
[2026-04-10T09:36:41.735+0900] {logging_mixin.py:190} INFO - [2026-04-10T09:36:41.735+0900] {dag.py:4138} INFO - Setting next_dagrun for conditional_dataset_and_time_based_timetable to 2026-04-08 01:00:00+00:00, run_after=2026-04-08 01:00:00+00:00
[2026-04-10T09:36:41.738+0900] {logging_mixin.py:190} INFO - [2026-04-10T09:36:41.738+0900] {dag.py:4138} INFO - Setting next_dagrun for consume_1_and_2_with_dataset_expressions to None, run_after=None
[2026-04-10T09:36:41.739+0900] {logging_mixin.py:190} INFO - [2026-04-10T09:36:41.739+0900] {dag.py:4138} INFO - Setting next_dagrun for consume_1_or_2_with_dataset_expressions to None, run_after=None
[2026-04-10T09:36:41.740+0900] {logging_mixin.py:190} INFO - [2026-04-10T09:36:41.740+0900] {dag.py:4138} INFO - Setting next_dagrun for consume_1_or_both_2_and_3_with_dataset_expressions to None, run_after=None
[2026-04-10T09:36:41.741+0900] {logging_mixin.py:190} INFO - [2026-04-10T09:36:41.741+0900] {dag.py:4138} INFO - Setting next_dagrun for dataset_consumes_1 to None, run_after=None
[2026-04-10T09:36:41.743+0900] {logging_mixin.py:190} INFO - [2026-04-10T09:36:41.742+0900] {dag.py:4138} INFO - Setting next_dagrun for dataset_consumes_1_and_2 to None, run_after=None
[2026-04-10T09:36:41.744+0900] {logging_mixin.py:190} INFO - [2026-04-10T09:36:41.744+0900] {dag.py:4138} INFO - Setting next_dagrun for dataset_consumes_1_never_scheduled to None, run_after=None
[2026-04-10T09:36:41.745+0900] {logging_mixin.py:190} INFO - [2026-04-10T09:36:41.745+0900] {dag.py:4138} INFO - Setting next_dagrun for dataset_consumes_unknown_never_scheduled to None, run_after=None
[2026-04-10T09:36:41.747+0900] {logging_mixin.py:190} INFO - [2026-04-10T09:36:41.746+0900] {dag.py:4138} INFO - Setting next_dagrun for dataset_produces_1 to 2026-04-09 00:00:00+00:00, run_after=2026-04-10 00:00:00+00:00
[2026-04-10T09:36:41.747+0900] {logging_mixin.py:190} INFO - [2026-04-10T09:36:41.747+0900] {dag.py:4138} INFO - Setting next_dagrun for dataset_produces_2 to None, run_after=None
[2026-04-10T09:36:41.768+0900] {processor.py:208} INFO - Processing /home/airflow/.local/lib/python3.12/site-packages/airflow/example_dags/example_datasets.py took 0.189 seconds
[2026-04-10T09:37:12.218+0900] {processor.py:186} INFO - Started process (PID=150026) to work on /home/airflow/.local/lib/python3.12/site-packages/airflow/example_dags/example_datasets.py
[2026-04-10T09:37:12.219+0900] {processor.py:914} INFO - Processing file /home/airflow/.local/lib/python3.12/site-packages/airflow/example_dags/example_datasets.py for tasks to queue
[2026-04-10T09:37:12.222+0900] {logging_mixin.py:190} INFO - [2026-04-10T09:37:12.221+0900] {dagbag.py:587} INFO - Filling up the DagBag from /home/airflow/.local/lib/python3.12/site-packages/airflow/example_dags/example_datasets.py
[2026-04-10T09:37:12.333+0900] {processor.py:925} INFO - DAG(s) 'consume_1_or_both_2_and_3_with_dataset_expressions', 'consume_1_or_2_with_dataset_expressions', 'consume_1_and_2_with_dataset_expressions', 'dataset_produces_1', 'dataset_consumes_1_never_scheduled', 'dataset_consumes_1_and_2', 'conditional_dataset_and_time_based_timetable', 'dataset_consumes_1', 'dataset_consumes_unknown_never_scheduled', 'dataset_produces_2' retrieved from /home/airflow/.local/lib/python3.12/site-packages/airflow/example_dags/example_datasets.py
[2026-04-10T09:37:12.365+0900] {logging_mixin.py:190} INFO - [2026-04-10T09:37:12.365+0900] {dag.py:3211} INFO - Sync 10 DAGs
[2026-04-10T09:37:12.387+0900] {logging_mixin.py:190} INFO - [2026-04-10T09:37:12.387+0900] {dag.py:4138} INFO - Setting next_dagrun for conditional_dataset_and_time_based_timetable to 2026-04-08 01:00:00+00:00, run_after=2026-04-08 01:00:00+00:00
[2026-04-10T09:37:12.391+0900] {logging_mixin.py:190} INFO - [2026-04-10T09:37:12.391+0900] {dag.py:4138} INFO - Setting next_dagrun for consume_1_and_2_with_dataset_expressions to None, run_after=None
[2026-04-10T09:37:12.393+0900] {logging_mixin.py:190} INFO - [2026-04-10T09:37:12.393+0900] {dag.py:4138} INFO - Setting next_dagrun for consume_1_or_2_with_dataset_expressions to None, run_after=None
[2026-04-10T09:37:12.394+0900] {logging_mixin.py:190} INFO - [2026-04-10T09:37:12.394+0900] {dag.py:4138} INFO - Setting next_dagrun for consume_1_or_both_2_and_3_with_dataset_expressions to None, run_after=None
[2026-04-10T09:37:12.395+0900] {logging_mixin.py:190} INFO - [2026-04-10T09:37:12.395+0900] {dag.py:4138} INFO - Setting next_dagrun for dataset_consumes_1 to None, run_after=None
[2026-04-10T09:37:12.397+0900] {logging_mixin.py:190} INFO - [2026-04-10T09:37:12.397+0900] {dag.py:4138} INFO - Setting next_dagrun for dataset_consumes_1_and_2 to None, run_after=None
[2026-04-10T09:37:12.398+0900] {logging_mixin.py:190} INFO - [2026-04-10T09:37:12.398+0900] {dag.py:4138} INFO - Setting next_dagrun for dataset_consumes_1_never_scheduled to None, run_after=None
[2026-04-10T09:37:12.399+0900] {logging_mixin.py:190} INFO - [2026-04-10T09:37:12.399+0900] {dag.py:4138} INFO - Setting next_dagrun for dataset_consumes_unknown_never_scheduled to None, run_after=None
[2026-04-10T09:37:12.401+0900] {logging_mixin.py:190} INFO - [2026-04-10T09:37:12.401+0900] {dag.py:4138} INFO - Setting next_dagrun for dataset_produces_1 to 2026-04-09 00:00:00+00:00, run_after=2026-04-10 00:00:00+00:00
[2026-04-10T09:37:12.402+0900] {logging_mixin.py:190} INFO - [2026-04-10T09:37:12.402+0900] {dag.py:4138} INFO - Setting next_dagrun for dataset_produces_2 to None, run_after=None
[2026-04-10T09:37:12.424+0900] {processor.py:208} INFO - Processing /home/airflow/.local/lib/python3.12/site-packages/airflow/example_dags/example_datasets.py took 0.210 seconds
[2026-04-10T09:37:43.044+0900] {processor.py:186} INFO - Started process (PID=150089) to work on /home/airflow/.local/lib/python3.12/site-packages/airflow/example_dags/example_datasets.py
[2026-04-10T09:37:43.045+0900] {processor.py:914} INFO - Processing file /home/airflow/.local/lib/python3.12/site-packages/airflow/example_dags/example_datasets.py for tasks to queue
[2026-04-10T09:37:43.047+0900] {logging_mixin.py:190} INFO - [2026-04-10T09:37:43.047+0900] {dagbag.py:587} INFO - Filling up the DagBag from /home/airflow/.local/lib/python3.12/site-packages/airflow/example_dags/example_datasets.py
[2026-04-10T09:37:43.156+0900] {processor.py:925} INFO - DAG(s) 'dataset_consumes_1_never_scheduled', 'consume_1_and_2_with_dataset_expressions', 'dataset_consumes_unknown_never_scheduled', 'consume_1_or_both_2_and_3_with_dataset_expressions', 'dataset_consumes_1_and_2', 'dataset_produces_1', 'dataset_produces_2', 'dataset_consumes_1', 'conditional_dataset_and_time_based_timetable', 'consume_1_or_2_with_dataset_expressions' retrieved from /home/airflow/.local/lib/python3.12/site-packages/airflow/example_dags/example_datasets.py
[2026-04-10T09:37:43.186+0900] {logging_mixin.py:190} INFO - [2026-04-10T09:37:43.186+0900] {dag.py:3211} INFO - Sync 10 DAGs
[2026-04-10T09:37:43.208+0900] {logging_mixin.py:190} INFO - [2026-04-10T09:37:43.207+0900] {dag.py:4138} INFO - Setting next_dagrun for conditional_dataset_and_time_based_timetable to 2026-04-08 01:00:00+00:00, run_after=2026-04-08 01:00:00+00:00
[2026-04-10T09:37:43.211+0900] {logging_mixin.py:190} INFO - [2026-04-10T09:37:43.211+0900] {dag.py:4138} INFO - Setting next_dagrun for consume_1_and_2_with_dataset_expressions to None, run_after=None
[2026-04-10T09:37:43.213+0900] {logging_mixin.py:190} INFO - [2026-04-10T09:37:43.213+0900] {dag.py:4138} INFO - Setting next_dagrun for consume_1_or_2_with_dataset_expressions to None, run_after=None
[2026-04-10T09:37:43.214+0900] {logging_mixin.py:190} INFO - [2026-04-10T09:37:43.214+0900] {dag.py:4138} INFO - Setting next_dagrun for consume_1_or_both_2_and_3_with_dataset_expressions to None, run_after=None
[2026-04-10T09:37:43.216+0900] {logging_mixin.py:190} INFO - [2026-04-10T09:37:43.216+0900] {dag.py:4138} INFO - Setting next_dagrun for dataset_consumes_1 to None, run_after=None
[2026-04-10T09:37:43.217+0900] {logging_mixin.py:190} INFO - [2026-04-10T09:37:43.217+0900] {dag.py:4138} INFO - Setting next_dagrun for dataset_consumes_1_and_2 to None, run_after=None
[2026-04-10T09:37:43.219+0900] {logging_mixin.py:190} INFO - [2026-04-10T09:37:43.218+0900] {dag.py:4138} INFO - Setting next_dagrun for dataset_consumes_1_never_scheduled to None, run_after=None
[2026-04-10T09:37:43.220+0900] {logging_mixin.py:190} INFO - [2026-04-10T09:37:43.220+0900] {dag.py:4138} INFO - Setting next_dagrun for dataset_consumes_unknown_never_scheduled to None, run_after=None
[2026-04-10T09:37:43.222+0900] {logging_mixin.py:190} INFO - [2026-04-10T09:37:43.222+0900] {dag.py:4138} INFO - Setting next_dagrun for dataset_produces_1 to 2026-04-09 00:00:00+00:00, run_after=2026-04-10 00:00:00+00:00
[2026-04-10T09:37:43.223+0900] {logging_mixin.py:190} INFO - [2026-04-10T09:37:43.223+0900] {dag.py:4138} INFO - Setting next_dagrun for dataset_produces_2 to None, run_after=None
[2026-04-10T09:37:43.246+0900] {processor.py:208} INFO - Processing /home/airflow/.local/lib/python3.12/site-packages/airflow/example_dags/example_datasets.py took 0.207 seconds
[2026-04-10T09:38:13.737+0900] {processor.py:186} INFO - Started process (PID=150152) to work on /home/airflow/.local/lib/python3.12/site-packages/airflow/example_dags/example_datasets.py
[2026-04-10T09:38:13.739+0900] {processor.py:914} INFO - Processing file /home/airflow/.local/lib/python3.12/site-packages/airflow/example_dags/example_datasets.py for tasks to queue
[2026-04-10T09:38:13.741+0900] {logging_mixin.py:190} INFO - [2026-04-10T09:38:13.740+0900] {dagbag.py:587} INFO - Filling up the DagBag from /home/airflow/.local/lib/python3.12/site-packages/airflow/example_dags/example_datasets.py
[2026-04-10T09:38:13.846+0900] {processor.py:925} INFO - DAG(s) 'consume_1_or_both_2_and_3_with_dataset_expressions', 'consume_1_and_2_with_dataset_expressions', 'dataset_consumes_1_and_2', 'dataset_consumes_1_never_scheduled', 'dataset_consumes_1', 'dataset_consumes_unknown_never_scheduled', 'dataset_produces_2', 'dataset_produces_1', 'consume_1_or_2_with_dataset_expressions', 'conditional_dataset_and_time_based_timetable' retrieved from /home/airflow/.local/lib/python3.12/site-packages/airflow/example_dags/example_datasets.py
[2026-04-10T09:38:13.880+0900] {logging_mixin.py:190} INFO - [2026-04-10T09:38:13.880+0900] {dag.py:3211} INFO - Sync 10 DAGs
[2026-04-10T09:38:13.899+0900] {logging_mixin.py:190} INFO - [2026-04-10T09:38:13.899+0900] {dag.py:4138} INFO - Setting next_dagrun for conditional_dataset_and_time_based_timetable to 2026-04-08 01:00:00+00:00, run_after=2026-04-08 01:00:00+00:00
[2026-04-10T09:38:13.902+0900] {logging_mixin.py:190} INFO - [2026-04-10T09:38:13.902+0900] {dag.py:4138} INFO - Setting next_dagrun for consume_1_and_2_with_dataset_expressions to None, run_after=None
[2026-04-10T09:38:13.904+0900] {logging_mixin.py:190} INFO - [2026-04-10T09:38:13.904+0900] {dag.py:4138} INFO - Setting next_dagrun for consume_1_or_2_with_dataset_expressions to None, run_after=None
[2026-04-10T09:38:13.905+0900] {logging_mixin.py:190} INFO - [2026-04-10T09:38:13.905+0900] {dag.py:4138} INFO - Setting next_dagrun for consume_1_or_both_2_and_3_with_dataset_expressions to None, run_after=None
[2026-04-10T09:38:13.906+0900] {logging_mixin.py:190} INFO - [2026-04-10T09:38:13.906+0900] {dag.py:4138} INFO - Setting next_dagrun for dataset_consumes_1 to None, run_after=None
[2026-04-10T09:38:13.907+0900] {logging_mixin.py:190} INFO - [2026-04-10T09:38:13.907+0900] {dag.py:4138} INFO - Setting next_dagrun for dataset_consumes_1_and_2 to None, run_after=None
[2026-04-10T09:38:13.909+0900] {logging_mixin.py:190} INFO - [2026-04-10T09:38:13.909+0900] {dag.py:4138} INFO - Setting next_dagrun for dataset_consumes_1_never_scheduled to None, run_after=None
[2026-04-10T09:38:13.910+0900] {logging_mixin.py:190} INFO - [2026-04-10T09:38:13.910+0900] {dag.py:4138} INFO - Setting next_dagrun for dataset_consumes_unknown_never_scheduled to None, run_after=None
[2026-04-10T09:38:13.912+0900] {logging_mixin.py:190} INFO - [2026-04-10T09:38:13.912+0900] {dag.py:4138} INFO - Setting next_dagrun for dataset_produces_1 to 2026-04-09 00:00:00+00:00, run_after=2026-04-10 00:00:00+00:00
[2026-04-10T09:38:13.913+0900] {logging_mixin.py:190} INFO - [2026-04-10T09:38:13.913+0900] {dag.py:4138} INFO - Setting next_dagrun for dataset_produces_2 to None, run_after=None
[2026-04-10T09:38:13.935+0900] {processor.py:208} INFO - Processing /home/airflow/.local/lib/python3.12/site-packages/airflow/example_dags/example_datasets.py took 0.203 seconds
[2026-04-10T09:38:44.640+0900] {processor.py:186} INFO - Started process (PID=150215) to work on /home/airflow/.local/lib/python3.12/site-packages/airflow/example_dags/example_datasets.py
[2026-04-10T09:38:44.642+0900] {processor.py:914} INFO - Processing file /home/airflow/.local/lib/python3.12/site-packages/airflow/example_dags/example_datasets.py for tasks to queue
[2026-04-10T09:38:44.644+0900] {logging_mixin.py:190} INFO - [2026-04-10T09:38:44.643+0900] {dagbag.py:587} INFO - Filling up the DagBag from /home/airflow/.local/lib/python3.12/site-packages/airflow/example_dags/example_datasets.py
[2026-04-10T09:38:44.746+0900] {processor.py:925} INFO - DAG(s) 'dataset_produces_2', 'dataset_consumes_1_never_scheduled', 'conditional_dataset_and_time_based_timetable', 'dataset_consumes_1', 'consume_1_and_2_with_dataset_expressions', 'consume_1_or_2_with_dataset_expressions', 'consume_1_or_both_2_and_3_with_dataset_expressions', 'dataset_consumes_unknown_never_scheduled', 'dataset_consumes_1_and_2', 'dataset_produces_1' retrieved from /home/airflow/.local/lib/python3.12/site-packages/airflow/example_dags/example_datasets.py
[2026-04-10T09:38:44.779+0900] {logging_mixin.py:190} INFO - [2026-04-10T09:38:44.778+0900] {dag.py:3211} INFO - Sync 10 DAGs
[2026-04-10T09:38:44.798+0900] {logging_mixin.py:190} INFO - [2026-04-10T09:38:44.798+0900] {dag.py:4138} INFO - Setting next_dagrun for conditional_dataset_and_time_based_timetable to 2026-04-08 01:00:00+00:00, run_after=2026-04-08 01:00:00+00:00
[2026-04-10T09:38:44.801+0900] {logging_mixin.py:190} INFO - [2026-04-10T09:38:44.800+0900] {dag.py:4138} INFO - Setting next_dagrun for consume_1_and_2_with_dataset_expressions to None, run_after=None
[2026-04-10T09:38:44.802+0900] {logging_mixin.py:190} INFO - [2026-04-10T09:38:44.802+0900] {dag.py:4138} INFO - Setting next_dagrun for consume_1_or_2_with_dataset_expressions to None, run_after=None
[2026-04-10T09:38:44.804+0900] {logging_mixin.py:190} INFO - [2026-04-10T09:38:44.804+0900] {dag.py:4138} INFO - Setting next_dagrun for consume_1_or_both_2_and_3_with_dataset_expressions to None, run_after=None
[2026-04-10T09:38:44.805+0900] {logging_mixin.py:190} INFO - [2026-04-10T09:38:44.805+0900] {dag.py:4138} INFO - Setting next_dagrun for dataset_consumes_1 to None, run_after=None
[2026-04-10T09:38:44.807+0900] {logging_mixin.py:190} INFO - [2026-04-10T09:38:44.807+0900] {dag.py:4138} INFO - Setting next_dagrun for dataset_consumes_1_and_2 to None, run_after=None
[2026-04-10T09:38:44.808+0900] {logging_mixin.py:190} INFO - [2026-04-10T09:38:44.808+0900] {dag.py:4138} INFO - Setting next_dagrun for dataset_consumes_1_never_scheduled to None, run_after=None
[2026-04-10T09:38:44.809+0900] {logging_mixin.py:190} INFO - [2026-04-10T09:38:44.809+0900] {dag.py:4138} INFO - Setting next_dagrun for dataset_consumes_unknown_never_scheduled to None, run_after=None
[2026-04-10T09:38:44.811+0900] {logging_mixin.py:190} INFO - [2026-04-10T09:38:44.810+0900] {dag.py:4138} INFO - Setting next_dagrun for dataset_produces_1 to 2026-04-09 00:00:00+00:00, run_after=2026-04-10 00:00:00+00:00
[2026-04-10T09:38:44.812+0900] {logging_mixin.py:190} INFO - [2026-04-10T09:38:44.812+0900] {dag.py:4138} INFO - Setting next_dagrun for dataset_produces_2 to None, run_after=None
[2026-04-10T09:38:44.837+0900] {processor.py:208} INFO - Processing /home/airflow/.local/lib/python3.12/site-packages/airflow/example_dags/example_datasets.py took 0.203 seconds
[2026-04-10T09:39:15.453+0900] {processor.py:186} INFO - Started process (PID=150278) to work on /home/airflow/.local/lib/python3.12/site-packages/airflow/example_dags/example_datasets.py
[2026-04-10T09:39:15.455+0900] {processor.py:914} INFO - Processing file /home/airflow/.local/lib/python3.12/site-packages/airflow/example_dags/example_datasets.py for tasks to queue
[2026-04-10T09:39:15.456+0900] {logging_mixin.py:190} INFO - [2026-04-10T09:39:15.456+0900] {dagbag.py:587} INFO - Filling up the DagBag from /home/airflow/.local/lib/python3.12/site-packages/airflow/example_dags/example_datasets.py
[2026-04-10T09:39:15.556+0900] {processor.py:925} INFO - DAG(s) 'consume_1_or_2_with_dataset_expressions', 'dataset_consumes_unknown_never_scheduled', 'dataset_consumes_1_and_2', 'consume_1_or_both_2_and_3_with_dataset_expressions', 'dataset_produces_1', 'dataset_consumes_1', 'consume_1_and_2_with_dataset_expressions', 'dataset_consumes_1_never_scheduled', 'dataset_produces_2', 'conditional_dataset_and_time_based_timetable' retrieved from /home/airflow/.local/lib/python3.12/site-packages/airflow/example_dags/example_datasets.py
[2026-04-10T09:39:15.587+0900] {logging_mixin.py:190} INFO - [2026-04-10T09:39:15.587+0900] {dag.py:3211} INFO - Sync 10 DAGs
[2026-04-10T09:39:15.606+0900] {logging_mixin.py:190} INFO - [2026-04-10T09:39:15.605+0900] {dag.py:4138} INFO - Setting next_dagrun for conditional_dataset_and_time_based_timetable to 2026-04-08 01:00:00+00:00, run_after=2026-04-08 01:00:00+00:00
[2026-04-10T09:39:15.609+0900] {logging_mixin.py:190} INFO - [2026-04-10T09:39:15.608+0900] {dag.py:4138} INFO - Setting next_dagrun for consume_1_and_2_with_dataset_expressions to None, run_after=None
[2026-04-10T09:39:15.610+0900] {logging_mixin.py:190} INFO - [2026-04-10T09:39:15.610+0900] {dag.py:4138} INFO - Setting next_dagrun for consume_1_or_2_with_dataset_expressions to None, run_after=None
[2026-04-10T09:39:15.611+0900] {logging_mixin.py:190} INFO - [2026-04-10T09:39:15.611+0900] {dag.py:4138} INFO - Setting next_dagrun for consume_1_or_both_2_and_3_with_dataset_expressions to None, run_after=None
[2026-04-10T09:39:15.613+0900] {logging_mixin.py:190} INFO - [2026-04-10T09:39:15.613+0900] {dag.py:4138} INFO - Setting next_dagrun for dataset_consumes_1 to None, run_after=None
[2026-04-10T09:39:15.614+0900] {logging_mixin.py:190} INFO - [2026-04-10T09:39:15.614+0900] {dag.py:4138} INFO - Setting next_dagrun for dataset_consumes_1_and_2 to None, run_after=None
[2026-04-10T09:39:15.615+0900] {logging_mixin.py:190} INFO - [2026-04-10T09:39:15.615+0900] {dag.py:4138} INFO - Setting next_dagrun for dataset_consumes_1_never_scheduled to None, run_after=None
[2026-04-10T09:39:15.616+0900] {logging_mixin.py:190} INFO - [2026-04-10T09:39:15.616+0900] {dag.py:4138} INFO - Setting next_dagrun for dataset_consumes_unknown_never_scheduled to None, run_after=None
[2026-04-10T09:39:15.619+0900] {logging_mixin.py:190} INFO - [2026-04-10T09:39:15.619+0900] {dag.py:4138} INFO - Setting next_dagrun for dataset_produces_1 to 2026-04-09 00:00:00+00:00, run_after=2026-04-10 00:00:00+00:00
[2026-04-10T09:39:15.620+0900] {logging_mixin.py:190} INFO - [2026-04-10T09:39:15.620+0900] {dag.py:4138} INFO - Setting next_dagrun for dataset_produces_2 to None, run_after=None
[2026-04-10T09:39:15.641+0900] {processor.py:208} INFO - Processing /home/airflow/.local/lib/python3.12/site-packages/airflow/example_dags/example_datasets.py took 0.192 seconds
[2026-04-10T09:39:46.202+0900] {processor.py:186} INFO - Started process (PID=150341) to work on /home/airflow/.local/lib/python3.12/site-packages/airflow/example_dags/example_datasets.py
[2026-04-10T09:39:46.204+0900] {processor.py:914} INFO - Processing file /home/airflow/.local/lib/python3.12/site-packages/airflow/example_dags/example_datasets.py for tasks to queue
[2026-04-10T09:39:46.207+0900] {logging_mixin.py:190} INFO - [2026-04-10T09:39:46.207+0900] {dagbag.py:587} INFO - Filling up the DagBag from /home/airflow/.local/lib/python3.12/site-packages/airflow/example_dags/example_datasets.py
[2026-04-10T09:39:46.314+0900] {processor.py:925} INFO - DAG(s) 'dataset_consumes_1_and_2', 'dataset_consumes_1', 'dataset_consumes_1_never_scheduled', 'consume_1_or_2_with_dataset_expressions', 'consume_1_or_both_2_and_3_with_dataset_expressions', 'dataset_consumes_unknown_never_scheduled', 'dataset_produces_1', 'dataset_produces_2', 'conditional_dataset_and_time_based_timetable', 'consume_1_and_2_with_dataset_expressions' retrieved from /home/airflow/.local/lib/python3.12/site-packages/airflow/example_dags/example_datasets.py
[2026-04-10T09:39:46.344+0900] {logging_mixin.py:190} INFO - [2026-04-10T09:39:46.344+0900] {dag.py:3211} INFO - Sync 10 DAGs
[2026-04-10T09:39:46.363+0900] {logging_mixin.py:190} INFO - [2026-04-10T09:39:46.363+0900] {dag.py:4138} INFO - Setting next_dagrun for conditional_dataset_and_time_based_timetable to 2026-04-08 01:00:00+00:00, run_after=2026-04-08 01:00:00+00:00
[2026-04-10T09:39:46.366+0900] {logging_mixin.py:190} INFO - [2026-04-10T09:39:46.366+0900] {dag.py:4138} INFO - Setting next_dagrun for consume_1_and_2_with_dataset_expressions to None, run_after=None
[2026-04-10T09:39:46.367+0900] {logging_mixin.py:190} INFO - [2026-04-10T09:39:46.367+0900] {dag.py:4138} INFO - Setting next_dagrun for consume_1_or_2_with_dataset_expressions to None, run_after=None
[2026-04-10T09:39:46.368+0900] {logging_mixin.py:190} INFO - [2026-04-10T09:39:46.368+0900] {dag.py:4138} INFO - Setting next_dagrun for consume_1_or_both_2_and_3_with_dataset_expressions to None, run_after=None
[2026-04-10T09:39:46.369+0900] {logging_mixin.py:190} INFO - [2026-04-10T09:39:46.369+0900] {dag.py:4138} INFO - Setting next_dagrun for dataset_consumes_1 to None, run_after=None
[2026-04-10T09:39:46.370+0900] {logging_mixin.py:190} INFO - [2026-04-10T09:39:46.370+0900] {dag.py:4138} INFO - Setting next_dagrun for dataset_consumes_1_and_2 to None, run_after=None
[2026-04-10T09:39:46.371+0900] {logging_mixin.py:190} INFO - [2026-04-10T09:39:46.371+0900] {dag.py:4138} INFO - Setting next_dagrun for dataset_consumes_1_never_scheduled to None, run_after=None
[2026-04-10T09:39:46.372+0900] {logging_mixin.py:190} INFO - [2026-04-10T09:39:46.372+0900] {dag.py:4138} INFO - Setting next_dagrun for dataset_consumes_unknown_never_scheduled to None, run_after=None
[2026-04-10T09:39:46.374+0900] {logging_mixin.py:190} INFO - [2026-04-10T09:39:46.374+0900] {dag.py:4138} INFO - Setting next_dagrun for dataset_produces_1 to 2026-04-09 00:00:00+00:00, run_after=2026-04-10 00:00:00+00:00
[2026-04-10T09:39:46.375+0900] {logging_mixin.py:190} INFO - [2026-04-10T09:39:46.375+0900] {dag.py:4138} INFO - Setting next_dagrun for dataset_produces_2 to None, run_after=None
[2026-04-10T09:39:46.394+0900] {processor.py:208} INFO - Processing /home/airflow/.local/lib/python3.12/site-packages/airflow/example_dags/example_datasets.py took 0.197 seconds
[2026-04-10T09:40:16.796+0900] {processor.py:186} INFO - Started process (PID=150404) to work on /home/airflow/.local/lib/python3.12/site-packages/airflow/example_dags/example_datasets.py
[2026-04-10T09:40:16.797+0900] {processor.py:914} INFO - Processing file /home/airflow/.local/lib/python3.12/site-packages/airflow/example_dags/example_datasets.py for tasks to queue
[2026-04-10T09:40:16.799+0900] {logging_mixin.py:190} INFO - [2026-04-10T09:40:16.799+0900] {dagbag.py:587} INFO - Filling up the DagBag from /home/airflow/.local/lib/python3.12/site-packages/airflow/example_dags/example_datasets.py
[2026-04-10T09:40:16.898+0900] {processor.py:925} INFO - DAG(s) 'dataset_consumes_1_never_scheduled', 'dataset_produces_1', 'consume_1_and_2_with_dataset_expressions', 'conditional_dataset_and_time_based_timetable', 'dataset_consumes_1_and_2', 'dataset_consumes_1', 'consume_1_or_2_with_dataset_expressions', 'dataset_produces_2', 'consume_1_or_both_2_and_3_with_dataset_expressions', 'dataset_consumes_unknown_never_scheduled' retrieved from /home/airflow/.local/lib/python3.12/site-packages/airflow/example_dags/example_datasets.py
[2026-04-10T09:40:16.929+0900] {logging_mixin.py:190} INFO - [2026-04-10T09:40:16.928+0900] {dag.py:3211} INFO - Sync 10 DAGs
[2026-04-10T09:40:16.947+0900] {logging_mixin.py:190} INFO - [2026-04-10T09:40:16.947+0900] {dag.py:4138} INFO - Setting next_dagrun for conditional_dataset_and_time_based_timetable to 2026-04-08 01:00:00+00:00, run_after=2026-04-08 01:00:00+00:00
[2026-04-10T09:40:16.950+0900] {logging_mixin.py:190} INFO - [2026-04-10T09:40:16.950+0900] {dag.py:4138} INFO - Setting next_dagrun for consume_1_and_2_with_dataset_expressions to None, run_after=None
[2026-04-10T09:40:16.951+0900] {logging_mixin.py:190} INFO - [2026-04-10T09:40:16.951+0900] {dag.py:4138} INFO - Setting next_dagrun for consume_1_or_2_with_dataset_expressions to None, run_after=None
[2026-04-10T09:40:16.952+0900] {logging_mixin.py:190} INFO - [2026-04-10T09:40:16.952+0900] {dag.py:4138} INFO - Setting next_dagrun for consume_1_or_both_2_and_3_with_dataset_expressions to None, run_after=None
[2026-04-10T09:40:16.954+0900] {logging_mixin.py:190} INFO - [2026-04-10T09:40:16.953+0900] {dag.py:4138} INFO - Setting next_dagrun for dataset_consumes_1 to None, run_after=None
[2026-04-10T09:40:16.954+0900] {logging_mixin.py:190} INFO - [2026-04-10T09:40:16.954+0900] {dag.py:4138} INFO - Setting next_dagrun for dataset_consumes_1_and_2 to None, run_after=None
[2026-04-10T09:40:16.955+0900] {logging_mixin.py:190} INFO - [2026-04-10T09:40:16.955+0900] {dag.py:4138} INFO - Setting next_dagrun for dataset_consumes_1_never_scheduled to None, run_after=None
[2026-04-10T09:40:16.956+0900] {logging_mixin.py:190} INFO - [2026-04-10T09:40:16.956+0900] {dag.py:4138} INFO - Setting next_dagrun for dataset_consumes_unknown_never_scheduled to None, run_after=None
[2026-04-10T09:40:16.958+0900] {logging_mixin.py:190} INFO - [2026-04-10T09:40:16.958+0900] {dag.py:4138} INFO - Setting next_dagrun for dataset_produces_1 to 2026-04-09 00:00:00+00:00, run_after=2026-04-10 00:00:00+00:00
[2026-04-10T09:40:16.959+0900] {logging_mixin.py:190} INFO - [2026-04-10T09:40:16.959+0900] {dag.py:4138} INFO - Setting next_dagrun for dataset_produces_2 to None, run_after=None
[2026-04-10T09:40:16.980+0900] {processor.py:208} INFO - Processing /home/airflow/.local/lib/python3.12/site-packages/airflow/example_dags/example_datasets.py took 0.188 seconds
[2026-04-10T09:40:47.610+0900] {processor.py:186} INFO - Started process (PID=150467) to work on /home/airflow/.local/lib/python3.12/site-packages/airflow/example_dags/example_datasets.py
[2026-04-10T09:40:47.612+0900] {processor.py:914} INFO - Processing file /home/airflow/.local/lib/python3.12/site-packages/airflow/example_dags/example_datasets.py for tasks to queue
[2026-04-10T09:40:47.614+0900] {logging_mixin.py:190} INFO - [2026-04-10T09:40:47.614+0900] {dagbag.py:587} INFO - Filling up the DagBag from /home/airflow/.local/lib/python3.12/site-packages/airflow/example_dags/example_datasets.py
[2026-04-10T09:40:47.725+0900] {processor.py:925} INFO - DAG(s) 'consume_1_or_2_with_dataset_expressions', 'dataset_consumes_unknown_never_scheduled', 'dataset_produces_1', 'consume_1_and_2_with_dataset_expressions', 'consume_1_or_both_2_and_3_with_dataset_expressions', 'dataset_consumes_1_never_scheduled', 'dataset_produces_2', 'conditional_dataset_and_time_based_timetable', 'dataset_consumes_1', 'dataset_consumes_1_and_2' retrieved from /home/airflow/.local/lib/python3.12/site-packages/airflow/example_dags/example_datasets.py
[2026-04-10T09:40:47.760+0900] {logging_mixin.py:190} INFO - [2026-04-10T09:40:47.760+0900] {dag.py:3211} INFO - Sync 10 DAGs
[2026-04-10T09:40:47.781+0900] {logging_mixin.py:190} INFO - [2026-04-10T09:40:47.781+0900] {dag.py:4138} INFO - Setting next_dagrun for conditional_dataset_and_time_based_timetable to 2026-04-08 01:00:00+00:00, run_after=2026-04-08 01:00:00+00:00
[2026-04-10T09:40:47.784+0900] {logging_mixin.py:190} INFO - [2026-04-10T09:40:47.784+0900] {dag.py:4138} INFO - Setting next_dagrun for consume_1_and_2_with_dataset_expressions to None, run_after=None
[2026-04-10T09:40:47.786+0900] {logging_mixin.py:190} INFO - [2026-04-10T09:40:47.785+0900] {dag.py:4138} INFO - Setting next_dagrun for consume_1_or_2_with_dataset_expressions to None, run_after=None
[2026-04-10T09:40:47.787+0900] {logging_mixin.py:190} INFO - [2026-04-10T09:40:47.787+0900] {dag.py:4138} INFO - Setting next_dagrun for consume_1_or_both_2_and_3_with_dataset_expressions to None, run_after=None
[2026-04-10T09:40:47.788+0900] {logging_mixin.py:190} INFO - [2026-04-10T09:40:47.788+0900] {dag.py:4138} INFO - Setting next_dagrun for dataset_consumes_1 to None, run_after=None
[2026-04-10T09:40:47.788+0900] {logging_mixin.py:190} INFO - [2026-04-10T09:40:47.788+0900] {dag.py:4138} INFO - Setting next_dagrun for dataset_consumes_1_and_2 to None, run_after=None
[2026-04-10T09:40:47.789+0900] {logging_mixin.py:190} INFO - [2026-04-10T09:40:47.789+0900] {dag.py:4138} INFO - Setting next_dagrun for dataset_consumes_1_never_scheduled to None, run_after=None
[2026-04-10T09:40:47.790+0900] {logging_mixin.py:190} INFO - [2026-04-10T09:40:47.790+0900] {dag.py:4138} INFO - Setting next_dagrun for dataset_consumes_unknown_never_scheduled to None, run_after=None
[2026-04-10T09:40:47.792+0900] {logging_mixin.py:190} INFO - [2026-04-10T09:40:47.792+0900] {dag.py:4138} INFO - Setting next_dagrun for dataset_produces_1 to 2026-04-09 00:00:00+00:00, run_after=2026-04-10 00:00:00+00:00
[2026-04-10T09:40:47.793+0900] {logging_mixin.py:190} INFO - [2026-04-10T09:40:47.793+0900] {dag.py:4138} INFO - Setting next_dagrun for dataset_produces_2 to None, run_after=None
[2026-04-10T09:40:47.815+0900] {processor.py:208} INFO - Processing /home/airflow/.local/lib/python3.12/site-packages/airflow/example_dags/example_datasets.py took 0.209 seconds
[2026-04-10T09:41:18.173+0900] {processor.py:186} INFO - Started process (PID=150530) to work on /home/airflow/.local/lib/python3.12/site-packages/airflow/example_dags/example_datasets.py
[2026-04-10T09:41:18.174+0900] {processor.py:914} INFO - Processing file /home/airflow/.local/lib/python3.12/site-packages/airflow/example_dags/example_datasets.py for tasks to queue
[2026-04-10T09:41:18.177+0900] {logging_mixin.py:190} INFO - [2026-04-10T09:41:18.176+0900] {dagbag.py:587} INFO - Filling up the DagBag from /home/airflow/.local/lib/python3.12/site-packages/airflow/example_dags/example_datasets.py
[2026-04-10T09:41:18.279+0900] {processor.py:925} INFO - DAG(s) 'dataset_produces_2', 'dataset_consumes_1_and_2', 'dataset_consumes_1_never_scheduled', 'conditional_dataset_and_time_based_timetable', 'consume_1_and_2_with_dataset_expressions', 'dataset_consumes_1', 'dataset_produces_1', 'consume_1_or_2_with_dataset_expressions', 'consume_1_or_both_2_and_3_with_dataset_expressions', 'dataset_consumes_unknown_never_scheduled' retrieved from /home/airflow/.local/lib/python3.12/site-packages/airflow/example_dags/example_datasets.py
[2026-04-10T09:41:18.312+0900] {logging_mixin.py:190} INFO - [2026-04-10T09:41:18.311+0900] {dag.py:3211} INFO - Sync 10 DAGs
[2026-04-10T09:41:18.332+0900] {logging_mixin.py:190} INFO - [2026-04-10T09:41:18.331+0900] {dag.py:4138} INFO - Setting next_dagrun for conditional_dataset_and_time_based_timetable to 2026-04-08 01:00:00+00:00, run_after=2026-04-08 01:00:00+00:00
[2026-04-10T09:41:18.334+0900] {logging_mixin.py:190} INFO - [2026-04-10T09:41:18.334+0900] {dag.py:4138} INFO - Setting next_dagrun for consume_1_and_2_with_dataset_expressions to None, run_after=None
[2026-04-10T09:41:18.336+0900] {logging_mixin.py:190} INFO - [2026-04-10T09:41:18.336+0900] {dag.py:4138} INFO - Setting next_dagrun for consume_1_or_2_with_dataset_expressions to None, run_after=None
[2026-04-10T09:41:18.337+0900] {logging_mixin.py:190} INFO - [2026-04-10T09:41:18.337+0900] {dag.py:4138} INFO - Setting next_dagrun for consume_1_or_both_2_and_3_with_dataset_expressions to None, run_after=None
[2026-04-10T09:41:18.338+0900] {logging_mixin.py:190} INFO - [2026-04-10T09:41:18.338+0900] {dag.py:4138} INFO - Setting next_dagrun for dataset_consumes_1 to None, run_after=None
[2026-04-10T09:41:18.339+0900] {logging_mixin.py:190} INFO - [2026-04-10T09:41:18.339+0900] {dag.py:4138} INFO - Setting next_dagrun for dataset_consumes_1_and_2 to None, run_after=None
[2026-04-10T09:41:18.340+0900] {logging_mixin.py:190} INFO - [2026-04-10T09:41:18.340+0900] {dag.py:4138} INFO - Setting next_dagrun for dataset_consumes_1_never_scheduled to None, run_after=None
[2026-04-10T09:41:18.342+0900] {logging_mixin.py:190} INFO - [2026-04-10T09:41:18.342+0900] {dag.py:4138} INFO - Setting next_dagrun for dataset_consumes_unknown_never_scheduled to None, run_after=None
[2026-04-10T09:41:18.344+0900] {logging_mixin.py:190} INFO - [2026-04-10T09:41:18.344+0900] {dag.py:4138} INFO - Setting next_dagrun for dataset_produces_1 to 2026-04-09 00:00:00+00:00, run_after=2026-04-10 00:00:00+00:00
[2026-04-10T09:41:18.345+0900] {logging_mixin.py:190} INFO - [2026-04-10T09:41:18.345+0900] {dag.py:4138} INFO - Setting next_dagrun for dataset_produces_2 to None, run_after=None
[2026-04-10T09:41:18.368+0900] {processor.py:208} INFO - Processing /home/airflow/.local/lib/python3.12/site-packages/airflow/example_dags/example_datasets.py took 0.199 seconds
[2026-04-10T09:41:48.871+0900] {processor.py:186} INFO - Started process (PID=150593) to work on /home/airflow/.local/lib/python3.12/site-packages/airflow/example_dags/example_datasets.py
[2026-04-10T09:41:48.872+0900] {processor.py:914} INFO - Processing file /home/airflow/.local/lib/python3.12/site-packages/airflow/example_dags/example_datasets.py for tasks to queue
[2026-04-10T09:41:48.874+0900] {logging_mixin.py:190} INFO - [2026-04-10T09:41:48.873+0900] {dagbag.py:587} INFO - Filling up the DagBag from /home/airflow/.local/lib/python3.12/site-packages/airflow/example_dags/example_datasets.py
[2026-04-10T09:41:48.978+0900] {processor.py:925} INFO - DAG(s) 'dataset_consumes_1_and_2', 'consume_1_or_both_2_and_3_with_dataset_expressions', 'dataset_consumes_1_never_scheduled', 'consume_1_or_2_with_dataset_expressions', 'dataset_consumes_1', 'dataset_produces_1', 'consume_1_and_2_with_dataset_expressions', 'conditional_dataset_and_time_based_timetable', 'dataset_consumes_unknown_never_scheduled', 'dataset_produces_2' retrieved from /home/airflow/.local/lib/python3.12/site-packages/airflow/example_dags/example_datasets.py
[2026-04-10T09:41:49.010+0900] {logging_mixin.py:190} INFO - [2026-04-10T09:41:49.009+0900] {dag.py:3211} INFO - Sync 10 DAGs
[2026-04-10T09:41:49.032+0900] {logging_mixin.py:190} INFO - [2026-04-10T09:41:49.032+0900] {dag.py:4138} INFO - Setting next_dagrun for conditional_dataset_and_time_based_timetable to 2026-04-08 01:00:00+00:00, run_after=2026-04-08 01:00:00+00:00
[2026-04-10T09:41:49.035+0900] {logging_mixin.py:190} INFO - [2026-04-10T09:41:49.035+0900] {dag.py:4138} INFO - Setting next_dagrun for consume_1_and_2_with_dataset_expressions to None, run_after=None
[2026-04-10T09:41:49.037+0900] {logging_mixin.py:190} INFO - [2026-04-10T09:41:49.037+0900] {dag.py:4138} INFO - Setting next_dagrun for consume_1_or_2_with_dataset_expressions to None, run_after=None
[2026-04-10T09:41:49.038+0900] {logging_mixin.py:190} INFO - [2026-04-10T09:41:49.038+0900] {dag.py:4138} INFO - Setting next_dagrun for consume_1_or_both_2_and_3_with_dataset_expressions to None, run_after=None
[2026-04-10T09:41:49.039+0900] {logging_mixin.py:190} INFO - [2026-04-10T09:41:49.039+0900] {dag.py:4138} INFO - Setting next_dagrun for dataset_consumes_1 to None, run_after=None
[2026-04-10T09:41:49.040+0900] {logging_mixin.py:190} INFO - [2026-04-10T09:41:49.040+0900] {dag.py:4138} INFO - Setting next_dagrun for dataset_consumes_1_and_2 to None, run_after=None
[2026-04-10T09:41:49.041+0900] {logging_mixin.py:190} INFO - [2026-04-10T09:41:49.041+0900] {dag.py:4138} INFO - Setting next_dagrun for dataset_consumes_1_never_scheduled to None, run_after=None
[2026-04-10T09:41:49.042+0900] {logging_mixin.py:190} INFO - [2026-04-10T09:41:49.042+0900] {dag.py:4138} INFO - Setting next_dagrun for dataset_consumes_unknown_never_scheduled to None, run_after=None
[2026-04-10T09:41:49.044+0900] {logging_mixin.py:190} INFO - [2026-04-10T09:41:49.043+0900] {dag.py:4138} INFO - Setting next_dagrun for dataset_produces_1 to 2026-04-09 00:00:00+00:00, run_after=2026-04-10 00:00:00+00:00
[2026-04-10T09:41:49.045+0900] {logging_mixin.py:190} INFO - [2026-04-10T09:41:49.045+0900] {dag.py:4138} INFO - Setting next_dagrun for dataset_produces_2 to None, run_after=None
[2026-04-10T09:41:49.072+0900] {processor.py:208} INFO - Processing /home/airflow/.local/lib/python3.12/site-packages/airflow/example_dags/example_datasets.py took 0.206 seconds
[2026-04-10T09:42:19.620+0900] {processor.py:186} INFO - Started process (PID=150656) to work on /home/airflow/.local/lib/python3.12/site-packages/airflow/example_dags/example_datasets.py
[2026-04-10T09:42:19.621+0900] {processor.py:914} INFO - Processing file /home/airflow/.local/lib/python3.12/site-packages/airflow/example_dags/example_datasets.py for tasks to queue
[2026-04-10T09:42:19.623+0900] {logging_mixin.py:190} INFO - [2026-04-10T09:42:19.623+0900] {dagbag.py:587} INFO - Filling up the DagBag from /home/airflow/.local/lib/python3.12/site-packages/airflow/example_dags/example_datasets.py
[2026-04-10T09:42:19.728+0900] {processor.py:925} INFO - DAG(s) 'dataset_consumes_1', 'dataset_consumes_unknown_never_scheduled', 'conditional_dataset_and_time_based_timetable', 'consume_1_and_2_with_dataset_expressions', 'dataset_consumes_1_never_scheduled', 'consume_1_or_both_2_and_3_with_dataset_expressions', 'dataset_consumes_1_and_2', 'dataset_produces_2', 'dataset_produces_1', 'consume_1_or_2_with_dataset_expressions' retrieved from /home/airflow/.local/lib/python3.12/site-packages/airflow/example_dags/example_datasets.py
[2026-04-10T09:42:19.756+0900] {logging_mixin.py:190} INFO - [2026-04-10T09:42:19.756+0900] {dag.py:3211} INFO - Sync 10 DAGs
[2026-04-10T09:42:19.776+0900] {logging_mixin.py:190} INFO - [2026-04-10T09:42:19.776+0900] {dag.py:4138} INFO - Setting next_dagrun for conditional_dataset_and_time_based_timetable to 2026-04-08 01:00:00+00:00, run_after=2026-04-08 01:00:00+00:00
[2026-04-10T09:42:19.779+0900] {logging_mixin.py:190} INFO - [2026-04-10T09:42:19.779+0900] {dag.py:4138} INFO - Setting next_dagrun for consume_1_and_2_with_dataset_expressions to None, run_after=None
[2026-04-10T09:42:19.781+0900] {logging_mixin.py:190} INFO - [2026-04-10T09:42:19.781+0900] {dag.py:4138} INFO - Setting next_dagrun for consume_1_or_2_with_dataset_expressions to None, run_after=None
[2026-04-10T09:42:19.782+0900] {logging_mixin.py:190} INFO - [2026-04-10T09:42:19.782+0900] {dag.py:4138} INFO - Setting next_dagrun for consume_1_or_both_2_and_3_with_dataset_expressions to None, run_after=None
[2026-04-10T09:42:19.783+0900] {logging_mixin.py:190} INFO - [2026-04-10T09:42:19.783+0900] {dag.py:4138} INFO - Setting next_dagrun for dataset_consumes_1 to None, run_after=None
[2026-04-10T09:42:19.784+0900] {logging_mixin.py:190} INFO - [2026-04-10T09:42:19.784+0900] {dag.py:4138} INFO - Setting next_dagrun for dataset_consumes_1_and_2 to None, run_after=None
[2026-04-10T09:42:19.786+0900] {logging_mixin.py:190} INFO - [2026-04-10T09:42:19.786+0900] {dag.py:4138} INFO - Setting next_dagrun for dataset_consumes_1_never_scheduled to None, run_after=None
[2026-04-10T09:42:19.787+0900] {logging_mixin.py:190} INFO - [2026-04-10T09:42:19.787+0900] {dag.py:4138} INFO - Setting next_dagrun for dataset_consumes_unknown_never_scheduled to None, run_after=None
[2026-04-10T09:42:19.789+0900] {logging_mixin.py:190} INFO - [2026-04-10T09:42:19.789+0900] {dag.py:4138} INFO - Setting next_dagrun for dataset_produces_1 to 2026-04-09 00:00:00+00:00, run_after=2026-04-10 00:00:00+00:00
[2026-04-10T09:42:19.790+0900] {logging_mixin.py:190} INFO - [2026-04-10T09:42:19.790+0900] {dag.py:4138} INFO - Setting next_dagrun for dataset_produces_2 to None, run_after=None
[2026-04-10T09:42:19.812+0900] {processor.py:208} INFO - Processing /home/airflow/.local/lib/python3.12/site-packages/airflow/example_dags/example_datasets.py took 0.196 seconds
[2026-04-10T09:42:50.351+0900] {processor.py:186} INFO - Started process (PID=150719) to work on /home/airflow/.local/lib/python3.12/site-packages/airflow/example_dags/example_datasets.py
[2026-04-10T09:42:50.352+0900] {processor.py:914} INFO - Processing file /home/airflow/.local/lib/python3.12/site-packages/airflow/example_dags/example_datasets.py for tasks to queue
[2026-04-10T09:42:50.354+0900] {logging_mixin.py:190} INFO - [2026-04-10T09:42:50.353+0900] {dagbag.py:587} INFO - Filling up the DagBag from /home/airflow/.local/lib/python3.12/site-packages/airflow/example_dags/example_datasets.py
[2026-04-10T09:42:50.459+0900] {processor.py:925} INFO - DAG(s) 'consume_1_or_both_2_and_3_with_dataset_expressions', 'consume_1_or_2_with_dataset_expressions', 'dataset_produces_2', 'dataset_consumes_1', 'dataset_consumes_1_and_2', 'dataset_consumes_1_never_scheduled', 'conditional_dataset_and_time_based_timetable', 'dataset_consumes_unknown_never_scheduled', 'dataset_produces_1', 'consume_1_and_2_with_dataset_expressions' retrieved from /home/airflow/.local/lib/python3.12/site-packages/airflow/example_dags/example_datasets.py
[2026-04-10T09:42:50.490+0900] {logging_mixin.py:190} INFO - [2026-04-10T09:42:50.490+0900] {dag.py:3211} INFO - Sync 10 DAGs
[2026-04-10T09:42:50.510+0900] {logging_mixin.py:190} INFO - [2026-04-10T09:42:50.510+0900] {dag.py:4138} INFO - Setting next_dagrun for conditional_dataset_and_time_based_timetable to 2026-04-08 01:00:00+00:00, run_after=2026-04-08 01:00:00+00:00
[2026-04-10T09:42:50.513+0900] {logging_mixin.py:190} INFO - [2026-04-10T09:42:50.513+0900] {dag.py:4138} INFO - Setting next_dagrun for consume_1_and_2_with_dataset_expressions to None, run_after=None
[2026-04-10T09:42:50.515+0900] {logging_mixin.py:190} INFO - [2026-04-10T09:42:50.515+0900] {dag.py:4138} INFO - Setting next_dagrun for consume_1_or_2_with_dataset_expressions to None, run_after=None
[2026-04-10T09:42:50.516+0900] {logging_mixin.py:190} INFO - [2026-04-10T09:42:50.516+0900] {dag.py:4138} INFO - Setting next_dagrun for consume_1_or_both_2_and_3_with_dataset_expressions to None, run_after=None
[2026-04-10T09:42:50.517+0900] {logging_mixin.py:190} INFO - [2026-04-10T09:42:50.517+0900] {dag.py:4138} INFO - Setting next_dagrun for dataset_consumes_1 to None, run_after=None
[2026-04-10T09:42:50.518+0900] {logging_mixin.py:190} INFO - [2026-04-10T09:42:50.518+0900] {dag.py:4138} INFO - Setting next_dagrun for dataset_consumes_1_and_2 to None, run_after=None
[2026-04-10T09:42:50.519+0900] {logging_mixin.py:190} INFO - [2026-04-10T09:42:50.519+0900] {dag.py:4138} INFO - Setting next_dagrun for dataset_consumes_1_never_scheduled to None, run_after=None
[2026-04-10T09:42:50.521+0900] {logging_mixin.py:190} INFO - [2026-04-10T09:42:50.521+0900] {dag.py:4138} INFO - Setting next_dagrun for dataset_consumes_unknown_never_scheduled to None, run_after=None
[2026-04-10T09:42:50.522+0900] {logging_mixin.py:190} INFO - [2026-04-10T09:42:50.522+0900] {dag.py:4138} INFO - Setting next_dagrun for dataset_produces_1 to 2026-04-09 00:00:00+00:00, run_after=2026-04-10 00:00:00+00:00
[2026-04-10T09:42:50.524+0900] {logging_mixin.py:190} INFO - [2026-04-10T09:42:50.524+0900] {dag.py:4138} INFO - Setting next_dagrun for dataset_produces_2 to None, run_after=None
[2026-04-10T09:42:50.547+0900] {processor.py:208} INFO - Processing /home/airflow/.local/lib/python3.12/site-packages/airflow/example_dags/example_datasets.py took 0.201 seconds
[2026-04-10T09:43:20.641+0900] {processor.py:186} INFO - Started process (PID=150782) to work on /home/airflow/.local/lib/python3.12/site-packages/airflow/example_dags/example_datasets.py
[2026-04-10T09:43:20.642+0900] {processor.py:914} INFO - Processing file /home/airflow/.local/lib/python3.12/site-packages/airflow/example_dags/example_datasets.py for tasks to queue
[2026-04-10T09:43:20.644+0900] {logging_mixin.py:190} INFO - [2026-04-10T09:43:20.644+0900] {dagbag.py:587} INFO - Filling up the DagBag from /home/airflow/.local/lib/python3.12/site-packages/airflow/example_dags/example_datasets.py
[2026-04-10T09:43:20.745+0900] {processor.py:925} INFO - DAG(s) 'consume_1_and_2_with_dataset_expressions', 'dataset_consumes_1', 'dataset_consumes_1_and_2', 'consume_1_or_2_with_dataset_expressions', 'dataset_produces_1', 'consume_1_or_both_2_and_3_with_dataset_expressions', 'conditional_dataset_and_time_based_timetable', 'dataset_consumes_unknown_never_scheduled', 'dataset_consumes_1_never_scheduled', 'dataset_produces_2' retrieved from /home/airflow/.local/lib/python3.12/site-packages/airflow/example_dags/example_datasets.py
[2026-04-10T09:43:20.780+0900] {logging_mixin.py:190} INFO - [2026-04-10T09:43:20.780+0900] {dag.py:3211} INFO - Sync 10 DAGs
[2026-04-10T09:43:20.801+0900] {logging_mixin.py:190} INFO - [2026-04-10T09:43:20.801+0900] {dag.py:4138} INFO - Setting next_dagrun for conditional_dataset_and_time_based_timetable to 2026-04-08 01:00:00+00:00, run_after=2026-04-08 01:00:00+00:00
[2026-04-10T09:43:20.804+0900] {logging_mixin.py:190} INFO - [2026-04-10T09:43:20.804+0900] {dag.py:4138} INFO - Setting next_dagrun for consume_1_and_2_with_dataset_expressions to None, run_after=None
[2026-04-10T09:43:20.806+0900] {logging_mixin.py:190} INFO - [2026-04-10T09:43:20.805+0900] {dag.py:4138} INFO - Setting next_dagrun for consume_1_or_2_with_dataset_expressions to None, run_after=None
[2026-04-10T09:43:20.807+0900] {logging_mixin.py:190} INFO - [2026-04-10T09:43:20.807+0900] {dag.py:4138} INFO - Setting next_dagrun for consume_1_or_both_2_and_3_with_dataset_expressions to None, run_after=None
[2026-04-10T09:43:20.808+0900] {logging_mixin.py:190} INFO - [2026-04-10T09:43:20.808+0900] {dag.py:4138} INFO - Setting next_dagrun for dataset_consumes_1 to None, run_after=None
[2026-04-10T09:43:20.809+0900] {logging_mixin.py:190} INFO - [2026-04-10T09:43:20.809+0900] {dag.py:4138} INFO - Setting next_dagrun for dataset_consumes_1_and_2 to None, run_after=None
[2026-04-10T09:43:20.810+0900] {logging_mixin.py:190} INFO - [2026-04-10T09:43:20.810+0900] {dag.py:4138} INFO - Setting next_dagrun for dataset_consumes_1_never_scheduled to None, run_after=None
[2026-04-10T09:43:20.811+0900] {logging_mixin.py:190} INFO - [2026-04-10T09:43:20.811+0900] {dag.py:4138} INFO - Setting next_dagrun for dataset_consumes_unknown_never_scheduled to None, run_after=None
[2026-04-10T09:43:20.813+0900] {logging_mixin.py:190} INFO - [2026-04-10T09:43:20.813+0900] {dag.py:4138} INFO - Setting next_dagrun for dataset_produces_1 to 2026-04-09 00:00:00+00:00, run_after=2026-04-10 00:00:00+00:00
[2026-04-10T09:43:20.814+0900] {logging_mixin.py:190} INFO - [2026-04-10T09:43:20.814+0900] {dag.py:4138} INFO - Setting next_dagrun for dataset_produces_2 to None, run_after=None
[2026-04-10T09:43:20.835+0900] {processor.py:208} INFO - Processing /home/airflow/.local/lib/python3.12/site-packages/airflow/example_dags/example_datasets.py took 0.199 seconds
[2026-04-10T09:43:50.925+0900] {processor.py:186} INFO - Started process (PID=150845) to work on /home/airflow/.local/lib/python3.12/site-packages/airflow/example_dags/example_datasets.py
[2026-04-10T09:43:50.927+0900] {processor.py:914} INFO - Processing file /home/airflow/.local/lib/python3.12/site-packages/airflow/example_dags/example_datasets.py for tasks to queue
[2026-04-10T09:43:50.929+0900] {logging_mixin.py:190} INFO - [2026-04-10T09:43:50.928+0900] {dagbag.py:587} INFO - Filling up the DagBag from /home/airflow/.local/lib/python3.12/site-packages/airflow/example_dags/example_datasets.py
[2026-04-10T09:43:51.027+0900] {processor.py:925} INFO - DAG(s) 'dataset_produces_1', 'dataset_consumes_1_never_scheduled', 'dataset_consumes_1', 'dataset_consumes_1_and_2', 'consume_1_or_both_2_and_3_with_dataset_expressions', 'conditional_dataset_and_time_based_timetable', 'consume_1_and_2_with_dataset_expressions', 'dataset_consumes_unknown_never_scheduled', 'dataset_produces_2', 'consume_1_or_2_with_dataset_expressions' retrieved from /home/airflow/.local/lib/python3.12/site-packages/airflow/example_dags/example_datasets.py
[2026-04-10T09:43:51.058+0900] {logging_mixin.py:190} INFO - [2026-04-10T09:43:51.058+0900] {dag.py:3211} INFO - Sync 10 DAGs
[2026-04-10T09:43:51.081+0900] {logging_mixin.py:190} INFO - [2026-04-10T09:43:51.080+0900] {dag.py:4138} INFO - Setting next_dagrun for conditional_dataset_and_time_based_timetable to 2026-04-08 01:00:00+00:00, run_after=2026-04-08 01:00:00+00:00
[2026-04-10T09:43:51.084+0900] {logging_mixin.py:190} INFO - [2026-04-10T09:43:51.084+0900] {dag.py:4138} INFO - Setting next_dagrun for consume_1_and_2_with_dataset_expressions to None, run_after=None
[2026-04-10T09:43:51.086+0900] {logging_mixin.py:190} INFO - [2026-04-10T09:43:51.086+0900] {dag.py:4138} INFO - Setting next_dagrun for consume_1_or_2_with_dataset_expressions to None, run_after=None
[2026-04-10T09:43:51.087+0900] {logging_mixin.py:190} INFO - [2026-04-10T09:43:51.087+0900] {dag.py:4138} INFO - Setting next_dagrun for consume_1_or_both_2_and_3_with_dataset_expressions to None, run_after=None
[2026-04-10T09:43:51.088+0900] {logging_mixin.py:190} INFO - [2026-04-10T09:43:51.088+0900] {dag.py:4138} INFO - Setting next_dagrun for dataset_consumes_1 to None, run_after=None
[2026-04-10T09:43:51.090+0900] {logging_mixin.py:190} INFO - [2026-04-10T09:43:51.090+0900] {dag.py:4138} INFO - Setting next_dagrun for dataset_consumes_1_and_2 to None, run_after=None
[2026-04-10T09:43:51.092+0900] {logging_mixin.py:190} INFO - [2026-04-10T09:43:51.091+0900] {dag.py:4138} INFO - Setting next_dagrun for dataset_consumes_1_never_scheduled to None, run_after=None
[2026-04-10T09:43:51.093+0900] {logging_mixin.py:190} INFO - [2026-04-10T09:43:51.093+0900] {dag.py:4138} INFO - Setting next_dagrun for dataset_consumes_unknown_never_scheduled to None, run_after=None
[2026-04-10T09:43:51.095+0900] {logging_mixin.py:190} INFO - [2026-04-10T09:43:51.095+0900] {dag.py:4138} INFO - Setting next_dagrun for dataset_produces_1 to 2026-04-09 00:00:00+00:00, run_after=2026-04-10 00:00:00+00:00
[2026-04-10T09:43:51.096+0900] {logging_mixin.py:190} INFO - [2026-04-10T09:43:51.096+0900] {dag.py:4138} INFO - Setting next_dagrun for dataset_produces_2 to None, run_after=None
[2026-04-10T09:43:51.122+0900] {processor.py:208} INFO - Processing /home/airflow/.local/lib/python3.12/site-packages/airflow/example_dags/example_datasets.py took 0.201 seconds
[2026-04-10T09:44:21.991+0900] {processor.py:186} INFO - Started process (PID=150908) to work on /home/airflow/.local/lib/python3.12/site-packages/airflow/example_dags/example_datasets.py
[2026-04-10T09:44:21.992+0900] {processor.py:914} INFO - Processing file /home/airflow/.local/lib/python3.12/site-packages/airflow/example_dags/example_datasets.py for tasks to queue
[2026-04-10T09:44:21.994+0900] {logging_mixin.py:190} INFO - [2026-04-10T09:44:21.994+0900] {dagbag.py:587} INFO - Filling up the DagBag from /home/airflow/.local/lib/python3.12/site-packages/airflow/example_dags/example_datasets.py
[2026-04-10T09:44:22.104+0900] {processor.py:925} INFO - DAG(s) 'dataset_consumes_unknown_never_scheduled', 'dataset_produces_1', 'dataset_consumes_1_never_scheduled', 'dataset_produces_2', 'consume_1_and_2_with_dataset_expressions', 'dataset_consumes_1_and_2', 'dataset_consumes_1', 'consume_1_or_both_2_and_3_with_dataset_expressions', 'conditional_dataset_and_time_based_timetable', 'consume_1_or_2_with_dataset_expressions' retrieved from /home/airflow/.local/lib/python3.12/site-packages/airflow/example_dags/example_datasets.py
[2026-04-10T09:44:22.133+0900] {logging_mixin.py:190} INFO - [2026-04-10T09:44:22.132+0900] {dag.py:3211} INFO - Sync 10 DAGs
[2026-04-10T09:44:22.152+0900] {logging_mixin.py:190} INFO - [2026-04-10T09:44:22.152+0900] {dag.py:4138} INFO - Setting next_dagrun for conditional_dataset_and_time_based_timetable to 2026-04-08 01:00:00+00:00, run_after=2026-04-08 01:00:00+00:00
[2026-04-10T09:44:22.155+0900] {logging_mixin.py:190} INFO - [2026-04-10T09:44:22.155+0900] {dag.py:4138} INFO - Setting next_dagrun for consume_1_and_2_with_dataset_expressions to None, run_after=None
[2026-04-10T09:44:22.156+0900] {logging_mixin.py:190} INFO - [2026-04-10T09:44:22.156+0900] {dag.py:4138} INFO - Setting next_dagrun for consume_1_or_2_with_dataset_expressions to None, run_after=None
[2026-04-10T09:44:22.157+0900] {logging_mixin.py:190} INFO - [2026-04-10T09:44:22.157+0900] {dag.py:4138} INFO - Setting next_dagrun for consume_1_or_both_2_and_3_with_dataset_expressions to None, run_after=None
[2026-04-10T09:44:22.158+0900] {logging_mixin.py:190} INFO - [2026-04-10T09:44:22.158+0900] {dag.py:4138} INFO - Setting next_dagrun for dataset_consumes_1 to None, run_after=None
[2026-04-10T09:44:22.159+0900] {logging_mixin.py:190} INFO - [2026-04-10T09:44:22.159+0900] {dag.py:4138} INFO - Setting next_dagrun for dataset_consumes_1_and_2 to None, run_after=None
[2026-04-10T09:44:22.160+0900] {logging_mixin.py:190} INFO - [2026-04-10T09:44:22.160+0900] {dag.py:4138} INFO - Setting next_dagrun for dataset_consumes_1_never_scheduled to None, run_after=None
[2026-04-10T09:44:22.162+0900] {logging_mixin.py:190} INFO - [2026-04-10T09:44:22.161+0900] {dag.py:4138} INFO - Setting next_dagrun for dataset_consumes_unknown_never_scheduled to None, run_after=None
[2026-04-10T09:44:22.163+0900] {logging_mixin.py:190} INFO - [2026-04-10T09:44:22.163+0900] {dag.py:4138} INFO - Setting next_dagrun for dataset_produces_1 to 2026-04-09 00:00:00+00:00, run_after=2026-04-10 00:00:00+00:00
[2026-04-10T09:44:22.164+0900] {logging_mixin.py:190} INFO - [2026-04-10T09:44:22.164+0900] {dag.py:4138} INFO - Setting next_dagrun for dataset_produces_2 to None, run_after=None
[2026-04-10T09:44:22.187+0900] {processor.py:208} INFO - Processing /home/airflow/.local/lib/python3.12/site-packages/airflow/example_dags/example_datasets.py took 0.201 seconds
[2026-04-10T09:44:52.267+0900] {processor.py:186} INFO - Started process (PID=150971) to work on /home/airflow/.local/lib/python3.12/site-packages/airflow/example_dags/example_datasets.py
[2026-04-10T09:44:52.269+0900] {processor.py:914} INFO - Processing file /home/airflow/.local/lib/python3.12/site-packages/airflow/example_dags/example_datasets.py for tasks to queue
[2026-04-10T09:44:52.271+0900] {logging_mixin.py:190} INFO - [2026-04-10T09:44:52.271+0900] {dagbag.py:587} INFO - Filling up the DagBag from /home/airflow/.local/lib/python3.12/site-packages/airflow/example_dags/example_datasets.py
[2026-04-10T09:44:52.387+0900] {processor.py:925} INFO - DAG(s) 'dataset_consumes_1_and_2', 'dataset_produces_2', 'dataset_consumes_1', 'consume_1_or_2_with_dataset_expressions', 'conditional_dataset_and_time_based_timetable', 'dataset_produces_1', 'dataset_consumes_1_never_scheduled', 'dataset_consumes_unknown_never_scheduled', 'consume_1_or_both_2_and_3_with_dataset_expressions', 'consume_1_and_2_with_dataset_expressions' retrieved from /home/airflow/.local/lib/python3.12/site-packages/airflow/example_dags/example_datasets.py
[2026-04-10T09:44:52.420+0900] {logging_mixin.py:190} INFO - [2026-04-10T09:44:52.420+0900] {dag.py:3211} INFO - Sync 10 DAGs
[2026-04-10T09:44:52.440+0900] {logging_mixin.py:190} INFO - [2026-04-10T09:44:52.440+0900] {dag.py:4138} INFO - Setting next_dagrun for conditional_dataset_and_time_based_timetable to 2026-04-08 01:00:00+00:00, run_after=2026-04-08 01:00:00+00:00
[2026-04-10T09:44:52.443+0900] {logging_mixin.py:190} INFO - [2026-04-10T09:44:52.443+0900] {dag.py:4138} INFO - Setting next_dagrun for consume_1_and_2_with_dataset_expressions to None, run_after=None
[2026-04-10T09:44:52.446+0900] {logging_mixin.py:190} INFO - [2026-04-10T09:44:52.446+0900] {dag.py:4138} INFO - Setting next_dagrun for consume_1_or_2_with_dataset_expressions to None, run_after=None
[2026-04-10T09:44:52.447+0900] {logging_mixin.py:190} INFO - [2026-04-10T09:44:52.447+0900] {dag.py:4138} INFO - Setting next_dagrun for consume_1_or_both_2_and_3_with_dataset_expressions to None, run_after=None
[2026-04-10T09:44:52.448+0900] {logging_mixin.py:190} INFO - [2026-04-10T09:44:52.448+0900] {dag.py:4138} INFO - Setting next_dagrun for dataset_consumes_1 to None, run_after=None
[2026-04-10T09:44:52.450+0900] {logging_mixin.py:190} INFO - [2026-04-10T09:44:52.450+0900] {dag.py:4138} INFO - Setting next_dagrun for dataset_consumes_1_and_2 to None, run_after=None
[2026-04-10T09:44:52.451+0900] {logging_mixin.py:190} INFO - [2026-04-10T09:44:52.451+0900] {dag.py:4138} INFO - Setting next_dagrun for dataset_consumes_1_never_scheduled to None, run_after=None
[2026-04-10T09:44:52.452+0900] {logging_mixin.py:190} INFO - [2026-04-10T09:44:52.452+0900] {dag.py:4138} INFO - Setting next_dagrun for dataset_consumes_unknown_never_scheduled to None, run_after=None
[2026-04-10T09:44:52.454+0900] {logging_mixin.py:190} INFO - [2026-04-10T09:44:52.454+0900] {dag.py:4138} INFO - Setting next_dagrun for dataset_produces_1 to 2026-04-09 00:00:00+00:00, run_after=2026-04-10 00:00:00+00:00
[2026-04-10T09:44:52.455+0900] {logging_mixin.py:190} INFO - [2026-04-10T09:44:52.455+0900] {dag.py:4138} INFO - Setting next_dagrun for dataset_produces_2 to None, run_after=None
[2026-04-10T09:44:52.790+0900] {processor.py:208} INFO - Processing /home/airflow/.local/lib/python3.12/site-packages/airflow/example_dags/example_datasets.py took 0.528 seconds
[2026-04-10T09:45:23.566+0900] {processor.py:186} INFO - Started process (PID=151035) to work on /home/airflow/.local/lib/python3.12/site-packages/airflow/example_dags/example_datasets.py
[2026-04-10T09:45:23.567+0900] {processor.py:914} INFO - Processing file /home/airflow/.local/lib/python3.12/site-packages/airflow/example_dags/example_datasets.py for tasks to queue
[2026-04-10T09:45:23.570+0900] {logging_mixin.py:190} INFO - [2026-04-10T09:45:23.569+0900] {dagbag.py:587} INFO - Filling up the DagBag from /home/airflow/.local/lib/python3.12/site-packages/airflow/example_dags/example_datasets.py
[2026-04-10T09:45:23.675+0900] {processor.py:925} INFO - DAG(s) 'dataset_produces_2', 'dataset_produces_1', 'dataset_consumes_1_and_2', 'dataset_consumes_unknown_never_scheduled', 'consume_1_and_2_with_dataset_expressions', 'consume_1_or_2_with_dataset_expressions', 'conditional_dataset_and_time_based_timetable', 'consume_1_or_both_2_and_3_with_dataset_expressions', 'dataset_consumes_1', 'dataset_consumes_1_never_scheduled' retrieved from /home/airflow/.local/lib/python3.12/site-packages/airflow/example_dags/example_datasets.py
[2026-04-10T09:45:23.718+0900] {logging_mixin.py:190} INFO - [2026-04-10T09:45:23.717+0900] {dag.py:3211} INFO - Sync 10 DAGs
[2026-04-10T09:45:23.741+0900] {logging_mixin.py:190} INFO - [2026-04-10T09:45:23.741+0900] {dag.py:4138} INFO - Setting next_dagrun for conditional_dataset_and_time_based_timetable to 2026-04-08 01:00:00+00:00, run_after=2026-04-08 01:00:00+00:00
[2026-04-10T09:45:23.745+0900] {logging_mixin.py:190} INFO - [2026-04-10T09:45:23.744+0900] {dag.py:4138} INFO - Setting next_dagrun for consume_1_and_2_with_dataset_expressions to None, run_after=None
[2026-04-10T09:45:23.747+0900] {logging_mixin.py:190} INFO - [2026-04-10T09:45:23.747+0900] {dag.py:4138} INFO - Setting next_dagrun for consume_1_or_2_with_dataset_expressions to None, run_after=None
[2026-04-10T09:45:23.749+0900] {logging_mixin.py:190} INFO - [2026-04-10T09:45:23.748+0900] {dag.py:4138} INFO - Setting next_dagrun for consume_1_or_both_2_and_3_with_dataset_expressions to None, run_after=None
[2026-04-10T09:45:23.750+0900] {logging_mixin.py:190} INFO - [2026-04-10T09:45:23.750+0900] {dag.py:4138} INFO - Setting next_dagrun for dataset_consumes_1 to None, run_after=None
[2026-04-10T09:45:23.752+0900] {logging_mixin.py:190} INFO - [2026-04-10T09:45:23.752+0900] {dag.py:4138} INFO - Setting next_dagrun for dataset_consumes_1_and_2 to None, run_after=None
[2026-04-10T09:45:23.753+0900] {logging_mixin.py:190} INFO - [2026-04-10T09:45:23.753+0900] {dag.py:4138} INFO - Setting next_dagrun for dataset_consumes_1_never_scheduled to None, run_after=None
[2026-04-10T09:45:23.755+0900] {logging_mixin.py:190} INFO - [2026-04-10T09:45:23.754+0900] {dag.py:4138} INFO - Setting next_dagrun for dataset_consumes_unknown_never_scheduled to None, run_after=None
[2026-04-10T09:45:23.757+0900] {logging_mixin.py:190} INFO - [2026-04-10T09:45:23.757+0900] {dag.py:4138} INFO - Setting next_dagrun for dataset_produces_1 to 2026-04-09 00:00:00+00:00, run_after=2026-04-10 00:00:00+00:00
[2026-04-10T09:45:23.759+0900] {logging_mixin.py:190} INFO - [2026-04-10T09:45:23.758+0900] {dag.py:4138} INFO - Setting next_dagrun for dataset_produces_2 to None, run_after=None
[2026-04-10T09:45:23.921+0900] {processor.py:208} INFO - Processing /home/airflow/.local/lib/python3.12/site-packages/airflow/example_dags/example_datasets.py took 0.361 seconds
[2026-04-10T09:45:54.118+0900] {processor.py:186} INFO - Started process (PID=151101) to work on /home/airflow/.local/lib/python3.12/site-packages/airflow/example_dags/example_datasets.py
[2026-04-10T09:45:54.119+0900] {processor.py:914} INFO - Processing file /home/airflow/.local/lib/python3.12/site-packages/airflow/example_dags/example_datasets.py for tasks to queue
[2026-04-10T09:45:54.121+0900] {logging_mixin.py:190} INFO - [2026-04-10T09:45:54.121+0900] {dagbag.py:587} INFO - Filling up the DagBag from /home/airflow/.local/lib/python3.12/site-packages/airflow/example_dags/example_datasets.py
[2026-04-10T09:45:54.223+0900] {processor.py:925} INFO - DAG(s) 'dataset_produces_1', 'conditional_dataset_and_time_based_timetable', 'dataset_consumes_1', 'dataset_produces_2', 'dataset_consumes_1_and_2', 'dataset_consumes_unknown_never_scheduled', 'dataset_consumes_1_never_scheduled', 'consume_1_or_2_with_dataset_expressions', 'consume_1_and_2_with_dataset_expressions', 'consume_1_or_both_2_and_3_with_dataset_expressions' retrieved from /home/airflow/.local/lib/python3.12/site-packages/airflow/example_dags/example_datasets.py
[2026-04-10T09:45:54.252+0900] {logging_mixin.py:190} INFO - [2026-04-10T09:45:54.251+0900] {dag.py:3211} INFO - Sync 10 DAGs
[2026-04-10T09:45:54.271+0900] {logging_mixin.py:190} INFO - [2026-04-10T09:45:54.270+0900] {dag.py:4138} INFO - Setting next_dagrun for conditional_dataset_and_time_based_timetable to 2026-04-08 01:00:00+00:00, run_after=2026-04-08 01:00:00+00:00
[2026-04-10T09:45:54.274+0900] {logging_mixin.py:190} INFO - [2026-04-10T09:45:54.274+0900] {dag.py:4138} INFO - Setting next_dagrun for consume_1_and_2_with_dataset_expressions to None, run_after=None
[2026-04-10T09:45:54.275+0900] {logging_mixin.py:190} INFO - [2026-04-10T09:45:54.275+0900] {dag.py:4138} INFO - Setting next_dagrun for consume_1_or_2_with_dataset_expressions to None, run_after=None
[2026-04-10T09:45:54.276+0900] {logging_mixin.py:190} INFO - [2026-04-10T09:45:54.276+0900] {dag.py:4138} INFO - Setting next_dagrun for consume_1_or_both_2_and_3_with_dataset_expressions to None, run_after=None
[2026-04-10T09:45:54.277+0900] {logging_mixin.py:190} INFO - [2026-04-10T09:45:54.277+0900] {dag.py:4138} INFO - Setting next_dagrun for dataset_consumes_1 to None, run_after=None
[2026-04-10T09:45:54.278+0900] {logging_mixin.py:190} INFO - [2026-04-10T09:45:54.278+0900] {dag.py:4138} INFO - Setting next_dagrun for dataset_consumes_1_and_2 to None, run_after=None
[2026-04-10T09:45:54.280+0900] {logging_mixin.py:190} INFO - [2026-04-10T09:45:54.280+0900] {dag.py:4138} INFO - Setting next_dagrun for dataset_consumes_1_never_scheduled to None, run_after=None
[2026-04-10T09:45:54.281+0900] {logging_mixin.py:190} INFO - [2026-04-10T09:45:54.281+0900] {dag.py:4138} INFO - Setting next_dagrun for dataset_consumes_unknown_never_scheduled to None, run_after=None
[2026-04-10T09:45:54.283+0900] {logging_mixin.py:190} INFO - [2026-04-10T09:45:54.283+0900] {dag.py:4138} INFO - Setting next_dagrun for dataset_produces_1 to 2026-04-09 00:00:00+00:00, run_after=2026-04-10 00:00:00+00:00
[2026-04-10T09:45:54.284+0900] {logging_mixin.py:190} INFO - [2026-04-10T09:45:54.284+0900] {dag.py:4138} INFO - Setting next_dagrun for dataset_produces_2 to None, run_after=None
[2026-04-10T09:45:54.307+0900] {processor.py:208} INFO - Processing /home/airflow/.local/lib/python3.12/site-packages/airflow/example_dags/example_datasets.py took 0.194 seconds
[2026-04-10T09:46:25.484+0900] {processor.py:186} INFO - Started process (PID=151170) to work on /home/airflow/.local/lib/python3.12/site-packages/airflow/example_dags/example_datasets.py
[2026-04-10T09:46:25.485+0900] {processor.py:914} INFO - Processing file /home/airflow/.local/lib/python3.12/site-packages/airflow/example_dags/example_datasets.py for tasks to queue
[2026-04-10T09:46:25.487+0900] {logging_mixin.py:190} INFO - [2026-04-10T09:46:25.487+0900] {dagbag.py:587} INFO - Filling up the DagBag from /home/airflow/.local/lib/python3.12/site-packages/airflow/example_dags/example_datasets.py
[2026-04-10T09:46:25.586+0900] {processor.py:925} INFO - DAG(s) 'consume_1_or_both_2_and_3_with_dataset_expressions', 'consume_1_or_2_with_dataset_expressions', 'dataset_produces_1', 'dataset_consumes_1_never_scheduled', 'dataset_produces_2', 'dataset_consumes_1', 'consume_1_and_2_with_dataset_expressions', 'dataset_consumes_unknown_never_scheduled', 'dataset_consumes_1_and_2', 'conditional_dataset_and_time_based_timetable' retrieved from /home/airflow/.local/lib/python3.12/site-packages/airflow/example_dags/example_datasets.py
[2026-04-10T09:46:25.615+0900] {logging_mixin.py:190} INFO - [2026-04-10T09:46:25.615+0900] {dag.py:3211} INFO - Sync 10 DAGs
[2026-04-10T09:46:25.632+0900] {logging_mixin.py:190} INFO - [2026-04-10T09:46:25.631+0900] {dag.py:4138} INFO - Setting next_dagrun for conditional_dataset_and_time_based_timetable to 2026-04-08 01:00:00+00:00, run_after=2026-04-08 01:00:00+00:00
[2026-04-10T09:46:25.635+0900] {logging_mixin.py:190} INFO - [2026-04-10T09:46:25.635+0900] {dag.py:4138} INFO - Setting next_dagrun for consume_1_and_2_with_dataset_expressions to None, run_after=None
[2026-04-10T09:46:25.636+0900] {logging_mixin.py:190} INFO - [2026-04-10T09:46:25.636+0900] {dag.py:4138} INFO - Setting next_dagrun for consume_1_or_2_with_dataset_expressions to None, run_after=None
[2026-04-10T09:46:25.638+0900] {logging_mixin.py:190} INFO - [2026-04-10T09:46:25.637+0900] {dag.py:4138} INFO - Setting next_dagrun for consume_1_or_both_2_and_3_with_dataset_expressions to None, run_after=None
[2026-04-10T09:46:25.639+0900] {logging_mixin.py:190} INFO - [2026-04-10T09:46:25.639+0900] {dag.py:4138} INFO - Setting next_dagrun for dataset_consumes_1 to None, run_after=None
[2026-04-10T09:46:25.640+0900] {logging_mixin.py:190} INFO - [2026-04-10T09:46:25.640+0900] {dag.py:4138} INFO - Setting next_dagrun for dataset_consumes_1_and_2 to None, run_after=None
[2026-04-10T09:46:25.642+0900] {logging_mixin.py:190} INFO - [2026-04-10T09:46:25.642+0900] {dag.py:4138} INFO - Setting next_dagrun for dataset_consumes_1_never_scheduled to None, run_after=None
[2026-04-10T09:46:25.643+0900] {logging_mixin.py:190} INFO - [2026-04-10T09:46:25.643+0900] {dag.py:4138} INFO - Setting next_dagrun for dataset_consumes_unknown_never_scheduled to None, run_after=None
[2026-04-10T09:46:25.645+0900] {logging_mixin.py:190} INFO - [2026-04-10T09:46:25.645+0900] {dag.py:4138} INFO - Setting next_dagrun for dataset_produces_1 to 2026-04-09 00:00:00+00:00, run_after=2026-04-10 00:00:00+00:00
[2026-04-10T09:46:25.646+0900] {logging_mixin.py:190} INFO - [2026-04-10T09:46:25.646+0900] {dag.py:4138} INFO - Setting next_dagrun for dataset_produces_2 to None, run_after=None
[2026-04-10T09:46:25.672+0900] {processor.py:208} INFO - Processing /home/airflow/.local/lib/python3.12/site-packages/airflow/example_dags/example_datasets.py took 0.192 seconds
[2026-04-10T09:46:56.037+0900] {processor.py:186} INFO - Started process (PID=151233) to work on /home/airflow/.local/lib/python3.12/site-packages/airflow/example_dags/example_datasets.py
[2026-04-10T09:46:56.038+0900] {processor.py:914} INFO - Processing file /home/airflow/.local/lib/python3.12/site-packages/airflow/example_dags/example_datasets.py for tasks to queue
[2026-04-10T09:46:56.040+0900] {logging_mixin.py:190} INFO - [2026-04-10T09:46:56.040+0900] {dagbag.py:587} INFO - Filling up the DagBag from /home/airflow/.local/lib/python3.12/site-packages/airflow/example_dags/example_datasets.py
[2026-04-10T09:46:56.139+0900] {processor.py:925} INFO - DAG(s) 'dataset_produces_1', 'dataset_consumes_1_never_scheduled', 'dataset_consumes_1_and_2', 'dataset_consumes_unknown_never_scheduled', 'dataset_consumes_1', 'dataset_produces_2', 'consume_1_and_2_with_dataset_expressions', 'consume_1_or_2_with_dataset_expressions', 'consume_1_or_both_2_and_3_with_dataset_expressions', 'conditional_dataset_and_time_based_timetable' retrieved from /home/airflow/.local/lib/python3.12/site-packages/airflow/example_dags/example_datasets.py
[2026-04-10T09:46:56.169+0900] {logging_mixin.py:190} INFO - [2026-04-10T09:46:56.169+0900] {dag.py:3211} INFO - Sync 10 DAGs
[2026-04-10T09:46:56.186+0900] {logging_mixin.py:190} INFO - [2026-04-10T09:46:56.186+0900] {dag.py:4138} INFO - Setting next_dagrun for conditional_dataset_and_time_based_timetable to 2026-04-08 01:00:00+00:00, run_after=2026-04-08 01:00:00+00:00
[2026-04-10T09:46:56.189+0900] {logging_mixin.py:190} INFO - [2026-04-10T09:46:56.188+0900] {dag.py:4138} INFO - Setting next_dagrun for consume_1_and_2_with_dataset_expressions to None, run_after=None
[2026-04-10T09:46:56.190+0900] {logging_mixin.py:190} INFO - [2026-04-10T09:46:56.190+0900] {dag.py:4138} INFO - Setting next_dagrun for consume_1_or_2_with_dataset_expressions to None, run_after=None
[2026-04-10T09:46:56.191+0900] {logging_mixin.py:190} INFO - [2026-04-10T09:46:56.191+0900] {dag.py:4138} INFO - Setting next_dagrun for consume_1_or_both_2_and_3_with_dataset_expressions to None, run_after=None
[2026-04-10T09:46:56.192+0900] {logging_mixin.py:190} INFO - [2026-04-10T09:46:56.192+0900] {dag.py:4138} INFO - Setting next_dagrun for dataset_consumes_1 to None, run_after=None
[2026-04-10T09:46:56.193+0900] {logging_mixin.py:190} INFO - [2026-04-10T09:46:56.193+0900] {dag.py:4138} INFO - Setting next_dagrun for dataset_consumes_1_and_2 to None, run_after=None
[2026-04-10T09:46:56.194+0900] {logging_mixin.py:190} INFO - [2026-04-10T09:46:56.194+0900] {dag.py:4138} INFO - Setting next_dagrun for dataset_consumes_1_never_scheduled to None, run_after=None
[2026-04-10T09:46:56.195+0900] {logging_mixin.py:190} INFO - [2026-04-10T09:46:56.194+0900] {dag.py:4138} INFO - Setting next_dagrun for dataset_consumes_unknown_never_scheduled to None, run_after=None
[2026-04-10T09:46:56.196+0900] {logging_mixin.py:190} INFO - [2026-04-10T09:46:56.196+0900] {dag.py:4138} INFO - Setting next_dagrun for dataset_produces_1 to 2026-04-09 00:00:00+00:00, run_after=2026-04-10 00:00:00+00:00
[2026-04-10T09:46:56.197+0900] {logging_mixin.py:190} INFO - [2026-04-10T09:46:56.197+0900] {dag.py:4138} INFO - Setting next_dagrun for dataset_produces_2 to None, run_after=None
[2026-04-10T09:46:56.217+0900] {processor.py:208} INFO - Processing /home/airflow/.local/lib/python3.12/site-packages/airflow/example_dags/example_datasets.py took 0.184 seconds
[2026-04-10T09:47:26.540+0900] {processor.py:186} INFO - Started process (PID=151296) to work on /home/airflow/.local/lib/python3.12/site-packages/airflow/example_dags/example_datasets.py
[2026-04-10T09:47:26.542+0900] {processor.py:914} INFO - Processing file /home/airflow/.local/lib/python3.12/site-packages/airflow/example_dags/example_datasets.py for tasks to queue
[2026-04-10T09:47:26.544+0900] {logging_mixin.py:190} INFO - [2026-04-10T09:47:26.543+0900] {dagbag.py:587} INFO - Filling up the DagBag from /home/airflow/.local/lib/python3.12/site-packages/airflow/example_dags/example_datasets.py
[2026-04-10T09:47:26.655+0900] {processor.py:925} INFO - DAG(s) 'dataset_consumes_1_and_2', 'dataset_consumes_1', 'conditional_dataset_and_time_based_timetable', 'consume_1_or_both_2_and_3_with_dataset_expressions', 'consume_1_or_2_with_dataset_expressions', 'dataset_produces_2', 'dataset_consumes_unknown_never_scheduled', 'consume_1_and_2_with_dataset_expressions', 'dataset_produces_1', 'dataset_consumes_1_never_scheduled' retrieved from /home/airflow/.local/lib/python3.12/site-packages/airflow/example_dags/example_datasets.py
[2026-04-10T09:47:26.820+0900] {logging_mixin.py:190} INFO - [2026-04-10T09:47:26.820+0900] {dag.py:3211} INFO - Sync 10 DAGs
[2026-04-10T09:47:26.836+0900] {logging_mixin.py:190} INFO - [2026-04-10T09:47:26.836+0900] {dag.py:4138} INFO - Setting next_dagrun for conditional_dataset_and_time_based_timetable to 2026-04-08 01:00:00+00:00, run_after=2026-04-08 01:00:00+00:00
[2026-04-10T09:47:26.839+0900] {logging_mixin.py:190} INFO - [2026-04-10T09:47:26.839+0900] {dag.py:4138} INFO - Setting next_dagrun for consume_1_and_2_with_dataset_expressions to None, run_after=None
[2026-04-10T09:47:26.841+0900] {logging_mixin.py:190} INFO - [2026-04-10T09:47:26.841+0900] {dag.py:4138} INFO - Setting next_dagrun for consume_1_or_2_with_dataset_expressions to None, run_after=None
[2026-04-10T09:47:26.843+0900] {logging_mixin.py:190} INFO - [2026-04-10T09:47:26.843+0900] {dag.py:4138} INFO - Setting next_dagrun for consume_1_or_both_2_and_3_with_dataset_expressions to None, run_after=None
[2026-04-10T09:47:26.845+0900] {logging_mixin.py:190} INFO - [2026-04-10T09:47:26.844+0900] {dag.py:4138} INFO - Setting next_dagrun for dataset_consumes_1 to None, run_after=None
[2026-04-10T09:47:26.847+0900] {logging_mixin.py:190} INFO - [2026-04-10T09:47:26.846+0900] {dag.py:4138} INFO - Setting next_dagrun for dataset_consumes_1_and_2 to None, run_after=None
[2026-04-10T09:47:26.848+0900] {logging_mixin.py:190} INFO - [2026-04-10T09:47:26.848+0900] {dag.py:4138} INFO - Setting next_dagrun for dataset_consumes_1_never_scheduled to None, run_after=None
[2026-04-10T09:47:26.849+0900] {logging_mixin.py:190} INFO - [2026-04-10T09:47:26.849+0900] {dag.py:4138} INFO - Setting next_dagrun for dataset_consumes_unknown_never_scheduled to None, run_after=None
[2026-04-10T09:47:26.851+0900] {logging_mixin.py:190} INFO - [2026-04-10T09:47:26.851+0900] {dag.py:4138} INFO - Setting next_dagrun for dataset_produces_1 to 2026-04-09 00:00:00+00:00, run_after=2026-04-10 00:00:00+00:00
[2026-04-10T09:47:26.852+0900] {logging_mixin.py:190} INFO - [2026-04-10T09:47:26.852+0900] {dag.py:4138} INFO - Setting next_dagrun for dataset_produces_2 to None, run_after=None
[2026-04-10T09:47:26.880+0900] {processor.py:208} INFO - Processing /home/airflow/.local/lib/python3.12/site-packages/airflow/example_dags/example_datasets.py took 0.344 seconds
[2026-04-10T09:47:57.078+0900] {processor.py:186} INFO - Started process (PID=151359) to work on /home/airflow/.local/lib/python3.12/site-packages/airflow/example_dags/example_datasets.py
[2026-04-10T09:47:57.079+0900] {processor.py:914} INFO - Processing file /home/airflow/.local/lib/python3.12/site-packages/airflow/example_dags/example_datasets.py for tasks to queue
[2026-04-10T09:47:57.081+0900] {logging_mixin.py:190} INFO - [2026-04-10T09:47:57.081+0900] {dagbag.py:587} INFO - Filling up the DagBag from /home/airflow/.local/lib/python3.12/site-packages/airflow/example_dags/example_datasets.py
[2026-04-10T09:47:57.182+0900] {processor.py:925} INFO - DAG(s) 'dataset_produces_1', 'consume_1_or_both_2_and_3_with_dataset_expressions', 'dataset_consumes_1', 'conditional_dataset_and_time_based_timetable', 'dataset_produces_2', 'dataset_consumes_1_never_scheduled', 'consume_1_and_2_with_dataset_expressions', 'dataset_consumes_unknown_never_scheduled', 'dataset_consumes_1_and_2', 'consume_1_or_2_with_dataset_expressions' retrieved from /home/airflow/.local/lib/python3.12/site-packages/airflow/example_dags/example_datasets.py
[2026-04-10T09:47:57.213+0900] {logging_mixin.py:190} INFO - [2026-04-10T09:47:57.212+0900] {dag.py:3211} INFO - Sync 10 DAGs
[2026-04-10T09:47:57.367+0900] {logging_mixin.py:190} INFO - [2026-04-10T09:47:57.367+0900] {dag.py:4138} INFO - Setting next_dagrun for conditional_dataset_and_time_based_timetable to 2026-04-08 01:00:00+00:00, run_after=2026-04-08 01:00:00+00:00
[2026-04-10T09:47:57.370+0900] {logging_mixin.py:190} INFO - [2026-04-10T09:47:57.370+0900] {dag.py:4138} INFO - Setting next_dagrun for consume_1_and_2_with_dataset_expressions to None, run_after=None
[2026-04-10T09:47:57.372+0900] {logging_mixin.py:190} INFO - [2026-04-10T09:47:57.371+0900] {dag.py:4138} INFO - Setting next_dagrun for consume_1_or_2_with_dataset_expressions to None, run_after=None
[2026-04-10T09:47:57.373+0900] {logging_mixin.py:190} INFO - [2026-04-10T09:47:57.372+0900] {dag.py:4138} INFO - Setting next_dagrun for consume_1_or_both_2_and_3_with_dataset_expressions to None, run_after=None
[2026-04-10T09:47:57.373+0900] {logging_mixin.py:190} INFO - [2026-04-10T09:47:57.373+0900] {dag.py:4138} INFO - Setting next_dagrun for dataset_consumes_1 to None, run_after=None
[2026-04-10T09:47:57.374+0900] {logging_mixin.py:190} INFO - [2026-04-10T09:47:57.374+0900] {dag.py:4138} INFO - Setting next_dagrun for dataset_consumes_1_and_2 to None, run_after=None
[2026-04-10T09:47:57.376+0900] {logging_mixin.py:190} INFO - [2026-04-10T09:47:57.375+0900] {dag.py:4138} INFO - Setting next_dagrun for dataset_consumes_1_never_scheduled to None, run_after=None
[2026-04-10T09:47:57.377+0900] {logging_mixin.py:190} INFO - [2026-04-10T09:47:57.376+0900] {dag.py:4138} INFO - Setting next_dagrun for dataset_consumes_unknown_never_scheduled to None, run_after=None
[2026-04-10T09:47:57.378+0900] {logging_mixin.py:190} INFO - [2026-04-10T09:47:57.378+0900] {dag.py:4138} INFO - Setting next_dagrun for dataset_produces_1 to 2026-04-09 00:00:00+00:00, run_after=2026-04-10 00:00:00+00:00
[2026-04-10T09:47:57.379+0900] {logging_mixin.py:190} INFO - [2026-04-10T09:47:57.379+0900] {dag.py:4138} INFO - Setting next_dagrun for dataset_produces_2 to None, run_after=None
[2026-04-10T09:47:57.401+0900] {processor.py:208} INFO - Processing /home/airflow/.local/lib/python3.12/site-packages/airflow/example_dags/example_datasets.py took 0.327 seconds
[2026-04-10T09:48:27.666+0900] {processor.py:186} INFO - Started process (PID=151422) to work on /home/airflow/.local/lib/python3.12/site-packages/airflow/example_dags/example_datasets.py
[2026-04-10T09:48:27.667+0900] {processor.py:914} INFO - Processing file /home/airflow/.local/lib/python3.12/site-packages/airflow/example_dags/example_datasets.py for tasks to queue
[2026-04-10T09:48:27.669+0900] {logging_mixin.py:190} INFO - [2026-04-10T09:48:27.669+0900] {dagbag.py:587} INFO - Filling up the DagBag from /home/airflow/.local/lib/python3.12/site-packages/airflow/example_dags/example_datasets.py
[2026-04-10T09:48:27.775+0900] {processor.py:925} INFO - DAG(s) 'dataset_consumes_1', 'dataset_consumes_1_never_scheduled', 'consume_1_and_2_with_dataset_expressions', 'consume_1_or_both_2_and_3_with_dataset_expressions', 'consume_1_or_2_with_dataset_expressions', 'dataset_produces_1', 'dataset_produces_2', 'dataset_consumes_1_and_2', 'dataset_consumes_unknown_never_scheduled', 'conditional_dataset_and_time_based_timetable' retrieved from /home/airflow/.local/lib/python3.12/site-packages/airflow/example_dags/example_datasets.py
[2026-04-10T09:48:27.805+0900] {logging_mixin.py:190} INFO - [2026-04-10T09:48:27.805+0900] {dag.py:3211} INFO - Sync 10 DAGs
[2026-04-10T09:48:27.951+0900] {logging_mixin.py:190} INFO - [2026-04-10T09:48:27.951+0900] {dag.py:4138} INFO - Setting next_dagrun for conditional_dataset_and_time_based_timetable to 2026-04-08 01:00:00+00:00, run_after=2026-04-08 01:00:00+00:00
[2026-04-10T09:48:27.954+0900] {logging_mixin.py:190} INFO - [2026-04-10T09:48:27.954+0900] {dag.py:4138} INFO - Setting next_dagrun for consume_1_and_2_with_dataset_expressions to None, run_after=None
[2026-04-10T09:48:27.955+0900] {logging_mixin.py:190} INFO - [2026-04-10T09:48:27.955+0900] {dag.py:4138} INFO - Setting next_dagrun for consume_1_or_2_with_dataset_expressions to None, run_after=None
[2026-04-10T09:48:27.956+0900] {logging_mixin.py:190} INFO - [2026-04-10T09:48:27.956+0900] {dag.py:4138} INFO - Setting next_dagrun for consume_1_or_both_2_and_3_with_dataset_expressions to None, run_after=None
[2026-04-10T09:48:27.958+0900] {logging_mixin.py:190} INFO - [2026-04-10T09:48:27.958+0900] {dag.py:4138} INFO - Setting next_dagrun for dataset_consumes_1 to None, run_after=None
[2026-04-10T09:48:27.959+0900] {logging_mixin.py:190} INFO - [2026-04-10T09:48:27.959+0900] {dag.py:4138} INFO - Setting next_dagrun for dataset_consumes_1_and_2 to None, run_after=None
[2026-04-10T09:48:27.960+0900] {logging_mixin.py:190} INFO - [2026-04-10T09:48:27.960+0900] {dag.py:4138} INFO - Setting next_dagrun for dataset_consumes_1_never_scheduled to None, run_after=None
[2026-04-10T09:48:27.961+0900] {logging_mixin.py:190} INFO - [2026-04-10T09:48:27.961+0900] {dag.py:4138} INFO - Setting next_dagrun for dataset_consumes_unknown_never_scheduled to None, run_after=None
[2026-04-10T09:48:27.963+0900] {logging_mixin.py:190} INFO - [2026-04-10T09:48:27.963+0900] {dag.py:4138} INFO - Setting next_dagrun for dataset_produces_1 to 2026-04-09 00:00:00+00:00, run_after=2026-04-10 00:00:00+00:00
[2026-04-10T09:48:27.964+0900] {logging_mixin.py:190} INFO - [2026-04-10T09:48:27.963+0900] {dag.py:4138} INFO - Setting next_dagrun for dataset_produces_2 to None, run_after=None
[2026-04-10T09:48:27.988+0900] {processor.py:208} INFO - Processing /home/airflow/.local/lib/python3.12/site-packages/airflow/example_dags/example_datasets.py took 0.326 seconds
[2026-04-10T09:48:58.458+0900] {processor.py:186} INFO - Started process (PID=151485) to work on /home/airflow/.local/lib/python3.12/site-packages/airflow/example_dags/example_datasets.py
[2026-04-10T09:48:58.459+0900] {processor.py:914} INFO - Processing file /home/airflow/.local/lib/python3.12/site-packages/airflow/example_dags/example_datasets.py for tasks to queue
[2026-04-10T09:48:58.461+0900] {logging_mixin.py:190} INFO - [2026-04-10T09:48:58.461+0900] {dagbag.py:587} INFO - Filling up the DagBag from /home/airflow/.local/lib/python3.12/site-packages/airflow/example_dags/example_datasets.py
[2026-04-10T09:48:58.572+0900] {processor.py:925} INFO - DAG(s) 'dataset_consumes_1', 'consume_1_and_2_with_dataset_expressions', 'consume_1_or_2_with_dataset_expressions', 'conditional_dataset_and_time_based_timetable', 'dataset_consumes_1_never_scheduled', 'consume_1_or_both_2_and_3_with_dataset_expressions', 'dataset_consumes_unknown_never_scheduled', 'dataset_produces_2', 'dataset_produces_1', 'dataset_consumes_1_and_2' retrieved from /home/airflow/.local/lib/python3.12/site-packages/airflow/example_dags/example_datasets.py
[2026-04-10T09:48:58.601+0900] {logging_mixin.py:190} INFO - [2026-04-10T09:48:58.601+0900] {dag.py:3211} INFO - Sync 10 DAGs
[2026-04-10T09:48:58.619+0900] {logging_mixin.py:190} INFO - [2026-04-10T09:48:58.619+0900] {dag.py:4138} INFO - Setting next_dagrun for conditional_dataset_and_time_based_timetable to 2026-04-08 01:00:00+00:00, run_after=2026-04-08 01:00:00+00:00
[2026-04-10T09:48:58.622+0900] {logging_mixin.py:190} INFO - [2026-04-10T09:48:58.622+0900] {dag.py:4138} INFO - Setting next_dagrun for consume_1_and_2_with_dataset_expressions to None, run_after=None
[2026-04-10T09:48:58.747+0900] {logging_mixin.py:190} INFO - [2026-04-10T09:48:58.747+0900] {dag.py:4138} INFO - Setting next_dagrun for consume_1_or_2_with_dataset_expressions to None, run_after=None
[2026-04-10T09:48:58.748+0900] {logging_mixin.py:190} INFO - [2026-04-10T09:48:58.748+0900] {dag.py:4138} INFO - Setting next_dagrun for consume_1_or_both_2_and_3_with_dataset_expressions to None, run_after=None
[2026-04-10T09:48:58.750+0900] {logging_mixin.py:190} INFO - [2026-04-10T09:48:58.750+0900] {dag.py:4138} INFO - Setting next_dagrun for dataset_consumes_1 to None, run_after=None
[2026-04-10T09:48:58.751+0900] {logging_mixin.py:190} INFO - [2026-04-10T09:48:58.751+0900] {dag.py:4138} INFO - Setting next_dagrun for dataset_consumes_1_and_2 to None, run_after=None
[2026-04-10T09:48:58.752+0900] {logging_mixin.py:190} INFO - [2026-04-10T09:48:58.752+0900] {dag.py:4138} INFO - Setting next_dagrun for dataset_consumes_1_never_scheduled to None, run_after=None
[2026-04-10T09:48:58.753+0900] {logging_mixin.py:190} INFO - [2026-04-10T09:48:58.753+0900] {dag.py:4138} INFO - Setting next_dagrun for dataset_consumes_unknown_never_scheduled to None, run_after=None
[2026-04-10T09:48:58.754+0900] {logging_mixin.py:190} INFO - [2026-04-10T09:48:58.754+0900] {dag.py:4138} INFO - Setting next_dagrun for dataset_produces_1 to 2026-04-09 00:00:00+00:00, run_after=2026-04-10 00:00:00+00:00
[2026-04-10T09:48:58.755+0900] {logging_mixin.py:190} INFO - [2026-04-10T09:48:58.755+0900] {dag.py:4138} INFO - Setting next_dagrun for dataset_produces_2 to None, run_after=None
[2026-04-10T09:48:58.775+0900] {processor.py:208} INFO - Processing /home/airflow/.local/lib/python3.12/site-packages/airflow/example_dags/example_datasets.py took 0.322 seconds
[2026-04-10T09:49:29.726+0900] {processor.py:186} INFO - Started process (PID=151551) to work on /home/airflow/.local/lib/python3.12/site-packages/airflow/example_dags/example_datasets.py
[2026-04-10T09:49:29.727+0900] {processor.py:914} INFO - Processing file /home/airflow/.local/lib/python3.12/site-packages/airflow/example_dags/example_datasets.py for tasks to queue
[2026-04-10T09:49:29.729+0900] {logging_mixin.py:190} INFO - [2026-04-10T09:49:29.729+0900] {dagbag.py:587} INFO - Filling up the DagBag from /home/airflow/.local/lib/python3.12/site-packages/airflow/example_dags/example_datasets.py
[2026-04-10T09:49:29.825+0900] {processor.py:925} INFO - DAG(s) 'consume_1_or_both_2_and_3_with_dataset_expressions', 'conditional_dataset_and_time_based_timetable', 'dataset_consumes_1_and_2', 'dataset_consumes_1_never_scheduled', 'dataset_consumes_unknown_never_scheduled', 'dataset_produces_2', 'dataset_consumes_1', 'consume_1_or_2_with_dataset_expressions', 'dataset_produces_1', 'consume_1_and_2_with_dataset_expressions' retrieved from /home/airflow/.local/lib/python3.12/site-packages/airflow/example_dags/example_datasets.py
[2026-04-10T09:49:29.854+0900] {logging_mixin.py:190} INFO - [2026-04-10T09:49:29.854+0900] {dag.py:3211} INFO - Sync 10 DAGs
[2026-04-10T09:49:29.872+0900] {logging_mixin.py:190} INFO - [2026-04-10T09:49:29.872+0900] {dag.py:4138} INFO - Setting next_dagrun for conditional_dataset_and_time_based_timetable to 2026-04-08 01:00:00+00:00, run_after=2026-04-08 01:00:00+00:00
[2026-04-10T09:49:29.875+0900] {logging_mixin.py:190} INFO - [2026-04-10T09:49:29.875+0900] {dag.py:4138} INFO - Setting next_dagrun for consume_1_and_2_with_dataset_expressions to None, run_after=None
[2026-04-10T09:49:29.877+0900] {logging_mixin.py:190} INFO - [2026-04-10T09:49:29.877+0900] {dag.py:4138} INFO - Setting next_dagrun for consume_1_or_2_with_dataset_expressions to None, run_after=None
[2026-04-10T09:49:29.879+0900] {logging_mixin.py:190} INFO - [2026-04-10T09:49:29.878+0900] {dag.py:4138} INFO - Setting next_dagrun for consume_1_or_both_2_and_3_with_dataset_expressions to None, run_after=None
[2026-04-10T09:49:29.880+0900] {logging_mixin.py:190} INFO - [2026-04-10T09:49:29.880+0900] {dag.py:4138} INFO - Setting next_dagrun for dataset_consumes_1 to None, run_after=None
[2026-04-10T09:49:29.882+0900] {logging_mixin.py:190} INFO - [2026-04-10T09:49:29.881+0900] {dag.py:4138} INFO - Setting next_dagrun for dataset_consumes_1_and_2 to None, run_after=None
[2026-04-10T09:49:29.883+0900] {logging_mixin.py:190} INFO - [2026-04-10T09:49:29.883+0900] {dag.py:4138} INFO - Setting next_dagrun for dataset_consumes_1_never_scheduled to None, run_after=None
[2026-04-10T09:49:29.885+0900] {logging_mixin.py:190} INFO - [2026-04-10T09:49:29.885+0900] {dag.py:4138} INFO - Setting next_dagrun for dataset_consumes_unknown_never_scheduled to None, run_after=None
[2026-04-10T09:49:29.887+0900] {logging_mixin.py:190} INFO - [2026-04-10T09:49:29.887+0900] {dag.py:4138} INFO - Setting next_dagrun for dataset_produces_1 to 2026-04-09 00:00:00+00:00, run_after=2026-04-10 00:00:00+00:00
[2026-04-10T09:49:29.889+0900] {logging_mixin.py:190} INFO - [2026-04-10T09:49:29.889+0900] {dag.py:4138} INFO - Setting next_dagrun for dataset_produces_2 to None, run_after=None
[2026-04-10T09:49:30.034+0900] {processor.py:208} INFO - Processing /home/airflow/.local/lib/python3.12/site-packages/airflow/example_dags/example_datasets.py took 0.313 seconds
[2026-04-10T09:50:00.415+0900] {processor.py:186} INFO - Started process (PID=151616) to work on /home/airflow/.local/lib/python3.12/site-packages/airflow/example_dags/example_datasets.py
[2026-04-10T09:50:00.415+0900] {processor.py:914} INFO - Processing file /home/airflow/.local/lib/python3.12/site-packages/airflow/example_dags/example_datasets.py for tasks to queue
[2026-04-10T09:50:00.418+0900] {logging_mixin.py:190} INFO - [2026-04-10T09:50:00.417+0900] {dagbag.py:587} INFO - Filling up the DagBag from /home/airflow/.local/lib/python3.12/site-packages/airflow/example_dags/example_datasets.py
[2026-04-10T09:50:00.635+0900] {processor.py:925} INFO - DAG(s) 'conditional_dataset_and_time_based_timetable', 'dataset_consumes_1_never_scheduled', 'consume_1_or_both_2_and_3_with_dataset_expressions', 'dataset_consumes_unknown_never_scheduled', 'dataset_produces_1', 'consume_1_and_2_with_dataset_expressions', 'consume_1_or_2_with_dataset_expressions', 'dataset_consumes_1', 'dataset_consumes_1_and_2', 'dataset_produces_2' retrieved from /home/airflow/.local/lib/python3.12/site-packages/airflow/example_dags/example_datasets.py
[2026-04-10T09:50:00.660+0900] {logging_mixin.py:190} INFO - [2026-04-10T09:50:00.660+0900] {dag.py:3211} INFO - Sync 10 DAGs
[2026-04-10T09:50:00.676+0900] {logging_mixin.py:190} INFO - [2026-04-10T09:50:00.676+0900] {dag.py:4138} INFO - Setting next_dagrun for conditional_dataset_and_time_based_timetable to 2026-04-08 01:00:00+00:00, run_after=2026-04-08 01:00:00+00:00
[2026-04-10T09:50:00.679+0900] {logging_mixin.py:190} INFO - [2026-04-10T09:50:00.679+0900] {dag.py:4138} INFO - Setting next_dagrun for consume_1_and_2_with_dataset_expressions to None, run_after=None
[2026-04-10T09:50:00.681+0900] {logging_mixin.py:190} INFO - [2026-04-10T09:50:00.680+0900] {dag.py:4138} INFO - Setting next_dagrun for consume_1_or_2_with_dataset_expressions to None, run_after=None
[2026-04-10T09:50:00.682+0900] {logging_mixin.py:190} INFO - [2026-04-10T09:50:00.682+0900] {dag.py:4138} INFO - Setting next_dagrun for consume_1_or_both_2_and_3_with_dataset_expressions to None, run_after=None
[2026-04-10T09:50:00.683+0900] {logging_mixin.py:190} INFO - [2026-04-10T09:50:00.683+0900] {dag.py:4138} INFO - Setting next_dagrun for dataset_consumes_1 to None, run_after=None
[2026-04-10T09:50:00.684+0900] {logging_mixin.py:190} INFO - [2026-04-10T09:50:00.684+0900] {dag.py:4138} INFO - Setting next_dagrun for dataset_consumes_1_and_2 to None, run_after=None
[2026-04-10T09:50:00.685+0900] {logging_mixin.py:190} INFO - [2026-04-10T09:50:00.685+0900] {dag.py:4138} INFO - Setting next_dagrun for dataset_consumes_1_never_scheduled to None, run_after=None
[2026-04-10T09:50:00.686+0900] {logging_mixin.py:190} INFO - [2026-04-10T09:50:00.686+0900] {dag.py:4138} INFO - Setting next_dagrun for dataset_consumes_unknown_never_scheduled to None, run_after=None
[2026-04-10T09:50:00.688+0900] {logging_mixin.py:190} INFO - [2026-04-10T09:50:00.688+0900] {dag.py:4138} INFO - Setting next_dagrun for dataset_produces_1 to 2026-04-09 00:00:00+00:00, run_after=2026-04-10 00:00:00+00:00
[2026-04-10T09:50:00.689+0900] {logging_mixin.py:190} INFO - [2026-04-10T09:50:00.689+0900] {dag.py:4138} INFO - Setting next_dagrun for dataset_produces_2 to None, run_after=None
[2026-04-10T09:50:00.717+0900] {processor.py:208} INFO - Processing /home/airflow/.local/lib/python3.12/site-packages/airflow/example_dags/example_datasets.py took 0.307 seconds
[2026-04-10T09:50:31.183+0900] {processor.py:186} INFO - Started process (PID=151680) to work on /home/airflow/.local/lib/python3.12/site-packages/airflow/example_dags/example_datasets.py
[2026-04-10T09:50:31.184+0900] {processor.py:914} INFO - Processing file /home/airflow/.local/lib/python3.12/site-packages/airflow/example_dags/example_datasets.py for tasks to queue
[2026-04-10T09:50:31.187+0900] {logging_mixin.py:190} INFO - [2026-04-10T09:50:31.186+0900] {dagbag.py:587} INFO - Filling up the DagBag from /home/airflow/.local/lib/python3.12/site-packages/airflow/example_dags/example_datasets.py
[2026-04-10T09:50:31.449+0900] {processor.py:925} INFO - DAG(s) 'dataset_consumes_1', 'dataset_consumes_1_and_2', 'consume_1_or_both_2_and_3_with_dataset_expressions', 'dataset_consumes_1_never_scheduled', 'conditional_dataset_and_time_based_timetable', 'dataset_produces_1', 'dataset_produces_2', 'consume_1_or_2_with_dataset_expressions', 'dataset_consumes_unknown_never_scheduled', 'consume_1_and_2_with_dataset_expressions' retrieved from /home/airflow/.local/lib/python3.12/site-packages/airflow/example_dags/example_datasets.py
[2026-04-10T09:50:31.478+0900] {logging_mixin.py:190} INFO - [2026-04-10T09:50:31.478+0900] {dag.py:3211} INFO - Sync 10 DAGs
[2026-04-10T09:50:31.495+0900] {logging_mixin.py:190} INFO - [2026-04-10T09:50:31.494+0900] {dag.py:4138} INFO - Setting next_dagrun for conditional_dataset_and_time_based_timetable to 2026-04-08 01:00:00+00:00, run_after=2026-04-08 01:00:00+00:00
[2026-04-10T09:50:31.498+0900] {logging_mixin.py:190} INFO - [2026-04-10T09:50:31.498+0900] {dag.py:4138} INFO - Setting next_dagrun for consume_1_and_2_with_dataset_expressions to None, run_after=None
[2026-04-10T09:50:31.500+0900] {logging_mixin.py:190} INFO - [2026-04-10T09:50:31.500+0900] {dag.py:4138} INFO - Setting next_dagrun for consume_1_or_2_with_dataset_expressions to None, run_after=None
[2026-04-10T09:50:31.501+0900] {logging_mixin.py:190} INFO - [2026-04-10T09:50:31.501+0900] {dag.py:4138} INFO - Setting next_dagrun for consume_1_or_both_2_and_3_with_dataset_expressions to None, run_after=None
[2026-04-10T09:50:31.503+0900] {logging_mixin.py:190} INFO - [2026-04-10T09:50:31.503+0900] {dag.py:4138} INFO - Setting next_dagrun for dataset_consumes_1 to None, run_after=None
[2026-04-10T09:50:31.504+0900] {logging_mixin.py:190} INFO - [2026-04-10T09:50:31.504+0900] {dag.py:4138} INFO - Setting next_dagrun for dataset_consumes_1_and_2 to None, run_after=None
[2026-04-10T09:50:31.506+0900] {logging_mixin.py:190} INFO - [2026-04-10T09:50:31.506+0900] {dag.py:4138} INFO - Setting next_dagrun for dataset_consumes_1_never_scheduled to None, run_after=None
[2026-04-10T09:50:31.507+0900] {logging_mixin.py:190} INFO - [2026-04-10T09:50:31.507+0900] {dag.py:4138} INFO - Setting next_dagrun for dataset_consumes_unknown_never_scheduled to None, run_after=None
[2026-04-10T09:50:31.509+0900] {logging_mixin.py:190} INFO - [2026-04-10T09:50:31.509+0900] {dag.py:4138} INFO - Setting next_dagrun for dataset_produces_1 to 2026-04-09 00:00:00+00:00, run_after=2026-04-10 00:00:00+00:00
[2026-04-10T09:50:31.511+0900] {logging_mixin.py:190} INFO - [2026-04-10T09:50:31.511+0900] {dag.py:4138} INFO - Setting next_dagrun for dataset_produces_2 to None, run_after=None
[2026-04-10T09:50:31.538+0900] {processor.py:208} INFO - Processing /home/airflow/.local/lib/python3.12/site-packages/airflow/example_dags/example_datasets.py took 0.359 seconds
[2026-04-10T09:51:01.649+0900] {processor.py:186} INFO - Started process (PID=151743) to work on /home/airflow/.local/lib/python3.12/site-packages/airflow/example_dags/example_datasets.py
[2026-04-10T09:51:01.650+0900] {processor.py:914} INFO - Processing file /home/airflow/.local/lib/python3.12/site-packages/airflow/example_dags/example_datasets.py for tasks to queue
[2026-04-10T09:51:01.652+0900] {logging_mixin.py:190} INFO - [2026-04-10T09:51:01.652+0900] {dagbag.py:587} INFO - Filling up the DagBag from /home/airflow/.local/lib/python3.12/site-packages/airflow/example_dags/example_datasets.py
[2026-04-10T09:51:01.899+0900] {processor.py:925} INFO - DAG(s) 'dataset_consumes_1_and_2', 'consume_1_or_2_with_dataset_expressions', 'conditional_dataset_and_time_based_timetable', 'consume_1_or_both_2_and_3_with_dataset_expressions', 'consume_1_and_2_with_dataset_expressions', 'dataset_produces_2', 'dataset_produces_1', 'dataset_consumes_1', 'dataset_consumes_1_never_scheduled', 'dataset_consumes_unknown_never_scheduled' retrieved from /home/airflow/.local/lib/python3.12/site-packages/airflow/example_dags/example_datasets.py
[2026-04-10T09:51:01.927+0900] {logging_mixin.py:190} INFO - [2026-04-10T09:51:01.927+0900] {dag.py:3211} INFO - Sync 10 DAGs
[2026-04-10T09:51:01.942+0900] {logging_mixin.py:190} INFO - [2026-04-10T09:51:01.942+0900] {dag.py:4138} INFO - Setting next_dagrun for conditional_dataset_and_time_based_timetable to 2026-04-08 01:00:00+00:00, run_after=2026-04-08 01:00:00+00:00
[2026-04-10T09:51:01.945+0900] {logging_mixin.py:190} INFO - [2026-04-10T09:51:01.945+0900] {dag.py:4138} INFO - Setting next_dagrun for consume_1_and_2_with_dataset_expressions to None, run_after=None
[2026-04-10T09:51:01.946+0900] {logging_mixin.py:190} INFO - [2026-04-10T09:51:01.946+0900] {dag.py:4138} INFO - Setting next_dagrun for consume_1_or_2_with_dataset_expressions to None, run_after=None
[2026-04-10T09:51:01.948+0900] {logging_mixin.py:190} INFO - [2026-04-10T09:51:01.947+0900] {dag.py:4138} INFO - Setting next_dagrun for consume_1_or_both_2_and_3_with_dataset_expressions to None, run_after=None
[2026-04-10T09:51:01.949+0900] {logging_mixin.py:190} INFO - [2026-04-10T09:51:01.949+0900] {dag.py:4138} INFO - Setting next_dagrun for dataset_consumes_1 to None, run_after=None
[2026-04-10T09:51:01.950+0900] {logging_mixin.py:190} INFO - [2026-04-10T09:51:01.950+0900] {dag.py:4138} INFO - Setting next_dagrun for dataset_consumes_1_and_2 to None, run_after=None
[2026-04-10T09:51:01.951+0900] {logging_mixin.py:190} INFO - [2026-04-10T09:51:01.951+0900] {dag.py:4138} INFO - Setting next_dagrun for dataset_consumes_1_never_scheduled to None, run_after=None
[2026-04-10T09:51:01.952+0900] {logging_mixin.py:190} INFO - [2026-04-10T09:51:01.952+0900] {dag.py:4138} INFO - Setting next_dagrun for dataset_consumes_unknown_never_scheduled to None, run_after=None
[2026-04-10T09:51:01.954+0900] {logging_mixin.py:190} INFO - [2026-04-10T09:51:01.954+0900] {dag.py:4138} INFO - Setting next_dagrun for dataset_produces_1 to 2026-04-09 00:00:00+00:00, run_after=2026-04-10 00:00:00+00:00
[2026-04-10T09:51:01.955+0900] {logging_mixin.py:190} INFO - [2026-04-10T09:51:01.955+0900] {dag.py:4138} INFO - Setting next_dagrun for dataset_produces_2 to None, run_after=None
[2026-04-10T09:51:01.981+0900] {processor.py:208} INFO - Processing /home/airflow/.local/lib/python3.12/site-packages/airflow/example_dags/example_datasets.py took 0.336 seconds
[2026-04-10T09:51:32.693+0900] {processor.py:186} INFO - Started process (PID=151806) to work on /home/airflow/.local/lib/python3.12/site-packages/airflow/example_dags/example_datasets.py
[2026-04-10T09:51:32.694+0900] {processor.py:914} INFO - Processing file /home/airflow/.local/lib/python3.12/site-packages/airflow/example_dags/example_datasets.py for tasks to queue
[2026-04-10T09:51:32.696+0900] {logging_mixin.py:190} INFO - [2026-04-10T09:51:32.696+0900] {dagbag.py:587} INFO - Filling up the DagBag from /home/airflow/.local/lib/python3.12/site-packages/airflow/example_dags/example_datasets.py
[2026-04-10T09:51:32.938+0900] {processor.py:925} INFO - DAG(s) 'dataset_produces_1', 'conditional_dataset_and_time_based_timetable', 'dataset_consumes_1_and_2', 'dataset_consumes_1', 'consume_1_or_both_2_and_3_with_dataset_expressions', 'dataset_consumes_unknown_never_scheduled', 'consume_1_or_2_with_dataset_expressions', 'dataset_consumes_1_never_scheduled', 'consume_1_and_2_with_dataset_expressions', 'dataset_produces_2' retrieved from /home/airflow/.local/lib/python3.12/site-packages/airflow/example_dags/example_datasets.py
[2026-04-10T09:51:32.976+0900] {logging_mixin.py:190} INFO - [2026-04-10T09:51:32.976+0900] {dag.py:3211} INFO - Sync 10 DAGs
[2026-04-10T09:51:32.991+0900] {logging_mixin.py:190} INFO - [2026-04-10T09:51:32.991+0900] {dag.py:4138} INFO - Setting next_dagrun for conditional_dataset_and_time_based_timetable to 2026-04-08 01:00:00+00:00, run_after=2026-04-08 01:00:00+00:00
[2026-04-10T09:51:32.994+0900] {logging_mixin.py:190} INFO - [2026-04-10T09:51:32.994+0900] {dag.py:4138} INFO - Setting next_dagrun for consume_1_and_2_with_dataset_expressions to None, run_after=None
[2026-04-10T09:51:32.996+0900] {logging_mixin.py:190} INFO - [2026-04-10T09:51:32.996+0900] {dag.py:4138} INFO - Setting next_dagrun for consume_1_or_2_with_dataset_expressions to None, run_after=None
[2026-04-10T09:51:32.997+0900] {logging_mixin.py:190} INFO - [2026-04-10T09:51:32.997+0900] {dag.py:4138} INFO - Setting next_dagrun for consume_1_or_both_2_and_3_with_dataset_expressions to None, run_after=None
[2026-04-10T09:51:32.999+0900] {logging_mixin.py:190} INFO - [2026-04-10T09:51:32.998+0900] {dag.py:4138} INFO - Setting next_dagrun for dataset_consumes_1 to None, run_after=None
[2026-04-10T09:51:33.000+0900] {logging_mixin.py:190} INFO - [2026-04-10T09:51:33.000+0900] {dag.py:4138} INFO - Setting next_dagrun for dataset_consumes_1_and_2 to None, run_after=None
[2026-04-10T09:51:33.001+0900] {logging_mixin.py:190} INFO - [2026-04-10T09:51:33.001+0900] {dag.py:4138} INFO - Setting next_dagrun for dataset_consumes_1_never_scheduled to None, run_after=None
[2026-04-10T09:51:33.002+0900] {logging_mixin.py:190} INFO - [2026-04-10T09:51:33.002+0900] {dag.py:4138} INFO - Setting next_dagrun for dataset_consumes_unknown_never_scheduled to None, run_after=None
[2026-04-10T09:51:33.004+0900] {logging_mixin.py:190} INFO - [2026-04-10T09:51:33.004+0900] {dag.py:4138} INFO - Setting next_dagrun for dataset_produces_1 to 2026-04-09 00:00:00+00:00, run_after=2026-04-10 00:00:00+00:00
[2026-04-10T09:51:33.006+0900] {logging_mixin.py:190} INFO - [2026-04-10T09:51:33.006+0900] {dag.py:4138} INFO - Setting next_dagrun for dataset_produces_2 to None, run_after=None
[2026-04-10T09:51:33.028+0900] {processor.py:208} INFO - Processing /home/airflow/.local/lib/python3.12/site-packages/airflow/example_dags/example_datasets.py took 0.340 seconds
[2026-04-10T09:52:03.286+0900] {processor.py:186} INFO - Started process (PID=151872) to work on /home/airflow/.local/lib/python3.12/site-packages/airflow/example_dags/example_datasets.py
[2026-04-10T09:52:03.287+0900] {processor.py:914} INFO - Processing file /home/airflow/.local/lib/python3.12/site-packages/airflow/example_dags/example_datasets.py for tasks to queue
[2026-04-10T09:52:03.290+0900] {logging_mixin.py:190} INFO - [2026-04-10T09:52:03.290+0900] {dagbag.py:587} INFO - Filling up the DagBag from /home/airflow/.local/lib/python3.12/site-packages/airflow/example_dags/example_datasets.py
[2026-04-10T09:52:03.542+0900] {processor.py:925} INFO - DAG(s) 'dataset_consumes_1_and_2', 'dataset_produces_2', 'dataset_consumes_1', 'conditional_dataset_and_time_based_timetable', 'consume_1_and_2_with_dataset_expressions', 'dataset_consumes_unknown_never_scheduled', 'consume_1_or_both_2_and_3_with_dataset_expressions', 'dataset_produces_1', 'consume_1_or_2_with_dataset_expressions', 'dataset_consumes_1_never_scheduled' retrieved from /home/airflow/.local/lib/python3.12/site-packages/airflow/example_dags/example_datasets.py
[2026-04-10T09:52:03.584+0900] {logging_mixin.py:190} INFO - [2026-04-10T09:52:03.584+0900] {dag.py:3211} INFO - Sync 10 DAGs
[2026-04-10T09:52:03.599+0900] {logging_mixin.py:190} INFO - [2026-04-10T09:52:03.599+0900] {dag.py:4138} INFO - Setting next_dagrun for conditional_dataset_and_time_based_timetable to 2026-04-08 01:00:00+00:00, run_after=2026-04-08 01:00:00+00:00
[2026-04-10T09:52:03.602+0900] {logging_mixin.py:190} INFO - [2026-04-10T09:52:03.602+0900] {dag.py:4138} INFO - Setting next_dagrun for consume_1_and_2_with_dataset_expressions to None, run_after=None
[2026-04-10T09:52:03.604+0900] {logging_mixin.py:190} INFO - [2026-04-10T09:52:03.604+0900] {dag.py:4138} INFO - Setting next_dagrun for consume_1_or_2_with_dataset_expressions to None, run_after=None
[2026-04-10T09:52:03.606+0900] {logging_mixin.py:190} INFO - [2026-04-10T09:52:03.606+0900] {dag.py:4138} INFO - Setting next_dagrun for consume_1_or_both_2_and_3_with_dataset_expressions to None, run_after=None
[2026-04-10T09:52:03.607+0900] {logging_mixin.py:190} INFO - [2026-04-10T09:52:03.607+0900] {dag.py:4138} INFO - Setting next_dagrun for dataset_consumes_1 to None, run_after=None
[2026-04-10T09:52:03.609+0900] {logging_mixin.py:190} INFO - [2026-04-10T09:52:03.608+0900] {dag.py:4138} INFO - Setting next_dagrun for dataset_consumes_1_and_2 to None, run_after=None
[2026-04-10T09:52:03.610+0900] {logging_mixin.py:190} INFO - [2026-04-10T09:52:03.610+0900] {dag.py:4138} INFO - Setting next_dagrun for dataset_consumes_1_never_scheduled to None, run_after=None
[2026-04-10T09:52:03.611+0900] {logging_mixin.py:190} INFO - [2026-04-10T09:52:03.611+0900] {dag.py:4138} INFO - Setting next_dagrun for dataset_consumes_unknown_never_scheduled to None, run_after=None
[2026-04-10T09:52:03.613+0900] {logging_mixin.py:190} INFO - [2026-04-10T09:52:03.613+0900] {dag.py:4138} INFO - Setting next_dagrun for dataset_produces_1 to 2026-04-09 00:00:00+00:00, run_after=2026-04-10 00:00:00+00:00
[2026-04-10T09:52:03.614+0900] {logging_mixin.py:190} INFO - [2026-04-10T09:52:03.614+0900] {dag.py:4138} INFO - Setting next_dagrun for dataset_produces_2 to None, run_after=None
[2026-04-10T09:52:03.641+0900] {processor.py:208} INFO - Processing /home/airflow/.local/lib/python3.12/site-packages/airflow/example_dags/example_datasets.py took 0.361 seconds
[2026-04-10T09:52:34.500+0900] {processor.py:186} INFO - Started process (PID=151937) to work on /home/airflow/.local/lib/python3.12/site-packages/airflow/example_dags/example_datasets.py
[2026-04-10T09:52:34.501+0900] {processor.py:914} INFO - Processing file /home/airflow/.local/lib/python3.12/site-packages/airflow/example_dags/example_datasets.py for tasks to queue
[2026-04-10T09:52:34.503+0900] {logging_mixin.py:190} INFO - [2026-04-10T09:52:34.503+0900] {dagbag.py:587} INFO - Filling up the DagBag from /home/airflow/.local/lib/python3.12/site-packages/airflow/example_dags/example_datasets.py
[2026-04-10T09:52:34.774+0900] {processor.py:925} INFO - DAG(s) 'dataset_consumes_1_and_2', 'dataset_produces_1', 'dataset_consumes_unknown_never_scheduled', 'consume_1_or_both_2_and_3_with_dataset_expressions', 'dataset_consumes_1', 'consume_1_or_2_with_dataset_expressions', 'dataset_produces_2', 'conditional_dataset_and_time_based_timetable', 'dataset_consumes_1_never_scheduled', 'consume_1_and_2_with_dataset_expressions' retrieved from /home/airflow/.local/lib/python3.12/site-packages/airflow/example_dags/example_datasets.py
[2026-04-10T09:52:34.803+0900] {logging_mixin.py:190} INFO - [2026-04-10T09:52:34.803+0900] {dag.py:3211} INFO - Sync 10 DAGs
[2026-04-10T09:52:34.818+0900] {logging_mixin.py:190} INFO - [2026-04-10T09:52:34.818+0900] {dag.py:4138} INFO - Setting next_dagrun for conditional_dataset_and_time_based_timetable to 2026-04-08 01:00:00+00:00, run_after=2026-04-08 01:00:00+00:00
[2026-04-10T09:52:34.821+0900] {logging_mixin.py:190} INFO - [2026-04-10T09:52:34.821+0900] {dag.py:4138} INFO - Setting next_dagrun for consume_1_and_2_with_dataset_expressions to None, run_after=None
[2026-04-10T09:52:34.822+0900] {logging_mixin.py:190} INFO - [2026-04-10T09:52:34.822+0900] {dag.py:4138} INFO - Setting next_dagrun for consume_1_or_2_with_dataset_expressions to None, run_after=None
[2026-04-10T09:52:34.824+0900] {logging_mixin.py:190} INFO - [2026-04-10T09:52:34.824+0900] {dag.py:4138} INFO - Setting next_dagrun for consume_1_or_both_2_and_3_with_dataset_expressions to None, run_after=None
[2026-04-10T09:52:34.825+0900] {logging_mixin.py:190} INFO - [2026-04-10T09:52:34.825+0900] {dag.py:4138} INFO - Setting next_dagrun for dataset_consumes_1 to None, run_after=None
[2026-04-10T09:52:34.826+0900] {logging_mixin.py:190} INFO - [2026-04-10T09:52:34.826+0900] {dag.py:4138} INFO - Setting next_dagrun for dataset_consumes_1_and_2 to None, run_after=None
[2026-04-10T09:52:34.828+0900] {logging_mixin.py:190} INFO - [2026-04-10T09:52:34.828+0900] {dag.py:4138} INFO - Setting next_dagrun for dataset_consumes_1_never_scheduled to None, run_after=None
[2026-04-10T09:52:34.829+0900] {logging_mixin.py:190} INFO - [2026-04-10T09:52:34.829+0900] {dag.py:4138} INFO - Setting next_dagrun for dataset_consumes_unknown_never_scheduled to None, run_after=None
[2026-04-10T09:52:34.831+0900] {logging_mixin.py:190} INFO - [2026-04-10T09:52:34.831+0900] {dag.py:4138} INFO - Setting next_dagrun for dataset_produces_1 to 2026-04-09 00:00:00+00:00, run_after=2026-04-10 00:00:00+00:00
[2026-04-10T09:52:34.833+0900] {logging_mixin.py:190} INFO - [2026-04-10T09:52:34.833+0900] {dag.py:4138} INFO - Setting next_dagrun for dataset_produces_2 to None, run_after=None
[2026-04-10T09:52:34.854+0900] {processor.py:208} INFO - Processing /home/airflow/.local/lib/python3.12/site-packages/airflow/example_dags/example_datasets.py took 0.360 seconds
[2026-04-10T09:53:04.918+0900] {processor.py:186} INFO - Started process (PID=152002) to work on /home/airflow/.local/lib/python3.12/site-packages/airflow/example_dags/example_datasets.py
[2026-04-10T09:53:04.919+0900] {processor.py:914} INFO - Processing file /home/airflow/.local/lib/python3.12/site-packages/airflow/example_dags/example_datasets.py for tasks to queue
[2026-04-10T09:53:04.921+0900] {logging_mixin.py:190} INFO - [2026-04-10T09:53:04.921+0900] {dagbag.py:587} INFO - Filling up the DagBag from /home/airflow/.local/lib/python3.12/site-packages/airflow/example_dags/example_datasets.py
[2026-04-10T09:53:05.175+0900] {processor.py:925} INFO - DAG(s) 'consume_1_and_2_with_dataset_expressions', 'dataset_consumes_1_never_scheduled', 'dataset_produces_1', 'conditional_dataset_and_time_based_timetable', 'dataset_consumes_1', 'dataset_produces_2', 'consume_1_or_2_with_dataset_expressions', 'dataset_consumes_unknown_never_scheduled', 'dataset_consumes_1_and_2', 'consume_1_or_both_2_and_3_with_dataset_expressions' retrieved from /home/airflow/.local/lib/python3.12/site-packages/airflow/example_dags/example_datasets.py
[2026-04-10T09:53:05.200+0900] {logging_mixin.py:190} INFO - [2026-04-10T09:53:05.200+0900] {dag.py:3211} INFO - Sync 10 DAGs
[2026-04-10T09:53:05.215+0900] {logging_mixin.py:190} INFO - [2026-04-10T09:53:05.215+0900] {dag.py:4138} INFO - Setting next_dagrun for conditional_dataset_and_time_based_timetable to 2026-04-08 01:00:00+00:00, run_after=2026-04-08 01:00:00+00:00
[2026-04-10T09:53:05.218+0900] {logging_mixin.py:190} INFO - [2026-04-10T09:53:05.218+0900] {dag.py:4138} INFO - Setting next_dagrun for consume_1_and_2_with_dataset_expressions to None, run_after=None
[2026-04-10T09:53:05.219+0900] {logging_mixin.py:190} INFO - [2026-04-10T09:53:05.219+0900] {dag.py:4138} INFO - Setting next_dagrun for consume_1_or_2_with_dataset_expressions to None, run_after=None
[2026-04-10T09:53:05.220+0900] {logging_mixin.py:190} INFO - [2026-04-10T09:53:05.220+0900] {dag.py:4138} INFO - Setting next_dagrun for consume_1_or_both_2_and_3_with_dataset_expressions to None, run_after=None
[2026-04-10T09:53:05.221+0900] {logging_mixin.py:190} INFO - [2026-04-10T09:53:05.221+0900] {dag.py:4138} INFO - Setting next_dagrun for dataset_consumes_1 to None, run_after=None
[2026-04-10T09:53:05.223+0900] {logging_mixin.py:190} INFO - [2026-04-10T09:53:05.222+0900] {dag.py:4138} INFO - Setting next_dagrun for dataset_consumes_1_and_2 to None, run_after=None
[2026-04-10T09:53:05.224+0900] {logging_mixin.py:190} INFO - [2026-04-10T09:53:05.224+0900] {dag.py:4138} INFO - Setting next_dagrun for dataset_consumes_1_never_scheduled to None, run_after=None
[2026-04-10T09:53:05.225+0900] {logging_mixin.py:190} INFO - [2026-04-10T09:53:05.225+0900] {dag.py:4138} INFO - Setting next_dagrun for dataset_consumes_unknown_never_scheduled to None, run_after=None
[2026-04-10T09:53:05.227+0900] {logging_mixin.py:190} INFO - [2026-04-10T09:53:05.227+0900] {dag.py:4138} INFO - Setting next_dagrun for dataset_produces_1 to 2026-04-09 00:00:00+00:00, run_after=2026-04-10 00:00:00+00:00
[2026-04-10T09:53:05.228+0900] {logging_mixin.py:190} INFO - [2026-04-10T09:53:05.228+0900] {dag.py:4138} INFO - Setting next_dagrun for dataset_produces_2 to None, run_after=None
[2026-04-10T09:53:05.249+0900] {processor.py:208} INFO - Processing /home/airflow/.local/lib/python3.12/site-packages/airflow/example_dags/example_datasets.py took 0.336 seconds
[2026-04-10T09:53:35.434+0900] {processor.py:186} INFO - Started process (PID=152066) to work on /home/airflow/.local/lib/python3.12/site-packages/airflow/example_dags/example_datasets.py
[2026-04-10T09:53:35.436+0900] {processor.py:914} INFO - Processing file /home/airflow/.local/lib/python3.12/site-packages/airflow/example_dags/example_datasets.py for tasks to queue
[2026-04-10T09:53:35.438+0900] {logging_mixin.py:190} INFO - [2026-04-10T09:53:35.438+0900] {dagbag.py:587} INFO - Filling up the DagBag from /home/airflow/.local/lib/python3.12/site-packages/airflow/example_dags/example_datasets.py
[2026-04-10T09:53:35.663+0900] {processor.py:925} INFO - DAG(s) 'consume_1_and_2_with_dataset_expressions', 'dataset_consumes_unknown_never_scheduled', 'dataset_consumes_1_never_scheduled', 'dataset_produces_1', 'dataset_produces_2', 'consume_1_or_2_with_dataset_expressions', 'conditional_dataset_and_time_based_timetable', 'dataset_consumes_1', 'dataset_consumes_1_and_2', 'consume_1_or_both_2_and_3_with_dataset_expressions' retrieved from /home/airflow/.local/lib/python3.12/site-packages/airflow/example_dags/example_datasets.py
[2026-04-10T09:53:35.690+0900] {logging_mixin.py:190} INFO - [2026-04-10T09:53:35.690+0900] {dag.py:3211} INFO - Sync 10 DAGs
[2026-04-10T09:53:35.706+0900] {logging_mixin.py:190} INFO - [2026-04-10T09:53:35.705+0900] {dag.py:4138} INFO - Setting next_dagrun for conditional_dataset_and_time_based_timetable to 2026-04-08 01:00:00+00:00, run_after=2026-04-08 01:00:00+00:00
[2026-04-10T09:53:35.709+0900] {logging_mixin.py:190} INFO - [2026-04-10T09:53:35.708+0900] {dag.py:4138} INFO - Setting next_dagrun for consume_1_and_2_with_dataset_expressions to None, run_after=None
[2026-04-10T09:53:35.710+0900] {logging_mixin.py:190} INFO - [2026-04-10T09:53:35.710+0900] {dag.py:4138} INFO - Setting next_dagrun for consume_1_or_2_with_dataset_expressions to None, run_after=None
[2026-04-10T09:53:35.711+0900] {logging_mixin.py:190} INFO - [2026-04-10T09:53:35.711+0900] {dag.py:4138} INFO - Setting next_dagrun for consume_1_or_both_2_and_3_with_dataset_expressions to None, run_after=None
[2026-04-10T09:53:35.713+0900] {logging_mixin.py:190} INFO - [2026-04-10T09:53:35.713+0900] {dag.py:4138} INFO - Setting next_dagrun for dataset_consumes_1 to None, run_after=None
[2026-04-10T09:53:35.714+0900] {logging_mixin.py:190} INFO - [2026-04-10T09:53:35.714+0900] {dag.py:4138} INFO - Setting next_dagrun for dataset_consumes_1_and_2 to None, run_after=None
[2026-04-10T09:53:35.715+0900] {logging_mixin.py:190} INFO - [2026-04-10T09:53:35.715+0900] {dag.py:4138} INFO - Setting next_dagrun for dataset_consumes_1_never_scheduled to None, run_after=None
[2026-04-10T09:53:35.717+0900] {logging_mixin.py:190} INFO - [2026-04-10T09:53:35.717+0900] {dag.py:4138} INFO - Setting next_dagrun for dataset_consumes_unknown_never_scheduled to None, run_after=None
[2026-04-10T09:53:35.718+0900] {logging_mixin.py:190} INFO - [2026-04-10T09:53:35.718+0900] {dag.py:4138} INFO - Setting next_dagrun for dataset_produces_1 to 2026-04-09 00:00:00+00:00, run_after=2026-04-10 00:00:00+00:00
[2026-04-10T09:53:35.720+0900] {logging_mixin.py:190} INFO - [2026-04-10T09:53:35.720+0900] {dag.py:4138} INFO - Setting next_dagrun for dataset_produces_2 to None, run_after=None
[2026-04-10T09:53:35.742+0900] {processor.py:208} INFO - Processing /home/airflow/.local/lib/python3.12/site-packages/airflow/example_dags/example_datasets.py took 0.312 seconds
[2026-04-10T09:54:06.703+0900] {processor.py:186} INFO - Started process (PID=152129) to work on /home/airflow/.local/lib/python3.12/site-packages/airflow/example_dags/example_datasets.py
[2026-04-10T09:54:06.704+0900] {processor.py:914} INFO - Processing file /home/airflow/.local/lib/python3.12/site-packages/airflow/example_dags/example_datasets.py for tasks to queue
[2026-04-10T09:54:06.706+0900] {logging_mixin.py:190} INFO - [2026-04-10T09:54:06.706+0900] {dagbag.py:587} INFO - Filling up the DagBag from /home/airflow/.local/lib/python3.12/site-packages/airflow/example_dags/example_datasets.py
[2026-04-10T09:54:06.948+0900] {processor.py:925} INFO - DAG(s) 'consume_1_and_2_with_dataset_expressions', 'consume_1_or_both_2_and_3_with_dataset_expressions', 'dataset_produces_2', 'dataset_consumes_1_never_scheduled', 'dataset_produces_1', 'dataset_consumes_1_and_2', 'conditional_dataset_and_time_based_timetable', 'dataset_consumes_unknown_never_scheduled', 'dataset_consumes_1', 'consume_1_or_2_with_dataset_expressions' retrieved from /home/airflow/.local/lib/python3.12/site-packages/airflow/example_dags/example_datasets.py
[2026-04-10T09:54:06.978+0900] {logging_mixin.py:190} INFO - [2026-04-10T09:54:06.978+0900] {dag.py:3211} INFO - Sync 10 DAGs
[2026-04-10T09:54:06.995+0900] {logging_mixin.py:190} INFO - [2026-04-10T09:54:06.995+0900] {dag.py:4138} INFO - Setting next_dagrun for conditional_dataset_and_time_based_timetable to 2026-04-08 01:00:00+00:00, run_after=2026-04-08 01:00:00+00:00
[2026-04-10T09:54:06.997+0900] {logging_mixin.py:190} INFO - [2026-04-10T09:54:06.997+0900] {dag.py:4138} INFO - Setting next_dagrun for consume_1_and_2_with_dataset_expressions to None, run_after=None
[2026-04-10T09:54:06.999+0900] {logging_mixin.py:190} INFO - [2026-04-10T09:54:06.999+0900] {dag.py:4138} INFO - Setting next_dagrun for consume_1_or_2_with_dataset_expressions to None, run_after=None
[2026-04-10T09:54:07.000+0900] {logging_mixin.py:190} INFO - [2026-04-10T09:54:07.000+0900] {dag.py:4138} INFO - Setting next_dagrun for consume_1_or_both_2_and_3_with_dataset_expressions to None, run_after=None
[2026-04-10T09:54:07.001+0900] {logging_mixin.py:190} INFO - [2026-04-10T09:54:07.001+0900] {dag.py:4138} INFO - Setting next_dagrun for dataset_consumes_1 to None, run_after=None
[2026-04-10T09:54:07.002+0900] {logging_mixin.py:190} INFO - [2026-04-10T09:54:07.002+0900] {dag.py:4138} INFO - Setting next_dagrun for dataset_consumes_1_and_2 to None, run_after=None
[2026-04-10T09:54:07.003+0900] {logging_mixin.py:190} INFO - [2026-04-10T09:54:07.003+0900] {dag.py:4138} INFO - Setting next_dagrun for dataset_consumes_1_never_scheduled to None, run_after=None
[2026-04-10T09:54:07.005+0900] {logging_mixin.py:190} INFO - [2026-04-10T09:54:07.005+0900] {dag.py:4138} INFO - Setting next_dagrun for dataset_consumes_unknown_never_scheduled to None, run_after=None
[2026-04-10T09:54:07.007+0900] {logging_mixin.py:190} INFO - [2026-04-10T09:54:07.007+0900] {dag.py:4138} INFO - Setting next_dagrun for dataset_produces_1 to 2026-04-09 00:00:00+00:00, run_after=2026-04-10 00:00:00+00:00
[2026-04-10T09:54:07.008+0900] {logging_mixin.py:190} INFO - [2026-04-10T09:54:07.008+0900] {dag.py:4138} INFO - Setting next_dagrun for dataset_produces_2 to None, run_after=None
[2026-04-10T09:54:07.030+0900] {processor.py:208} INFO - Processing /home/airflow/.local/lib/python3.12/site-packages/airflow/example_dags/example_datasets.py took 0.332 seconds
[2026-04-10T09:54:37.575+0900] {processor.py:186} INFO - Started process (PID=152198) to work on /home/airflow/.local/lib/python3.12/site-packages/airflow/example_dags/example_datasets.py
[2026-04-10T09:54:37.576+0900] {processor.py:914} INFO - Processing file /home/airflow/.local/lib/python3.12/site-packages/airflow/example_dags/example_datasets.py for tasks to queue
[2026-04-10T09:54:37.578+0900] {logging_mixin.py:190} INFO - [2026-04-10T09:54:37.578+0900] {dagbag.py:587} INFO - Filling up the DagBag from /home/airflow/.local/lib/python3.12/site-packages/airflow/example_dags/example_datasets.py
[2026-04-10T09:54:37.804+0900] {processor.py:925} INFO - DAG(s) 'dataset_consumes_1_never_scheduled', 'dataset_consumes_1_and_2', 'conditional_dataset_and_time_based_timetable', 'dataset_produces_1', 'dataset_consumes_1', 'dataset_consumes_unknown_never_scheduled', 'consume_1_and_2_with_dataset_expressions', 'consume_1_or_2_with_dataset_expressions', 'dataset_produces_2', 'consume_1_or_both_2_and_3_with_dataset_expressions' retrieved from /home/airflow/.local/lib/python3.12/site-packages/airflow/example_dags/example_datasets.py
[2026-04-10T09:54:37.832+0900] {logging_mixin.py:190} INFO - [2026-04-10T09:54:37.831+0900] {dag.py:3211} INFO - Sync 10 DAGs
[2026-04-10T09:54:37.850+0900] {logging_mixin.py:190} INFO - [2026-04-10T09:54:37.849+0900] {dag.py:4138} INFO - Setting next_dagrun for conditional_dataset_and_time_based_timetable to 2026-04-08 01:00:00+00:00, run_after=2026-04-08 01:00:00+00:00
[2026-04-10T09:54:37.852+0900] {logging_mixin.py:190} INFO - [2026-04-10T09:54:37.852+0900] {dag.py:4138} INFO - Setting next_dagrun for consume_1_and_2_with_dataset_expressions to None, run_after=None
[2026-04-10T09:54:37.854+0900] {logging_mixin.py:190} INFO - [2026-04-10T09:54:37.854+0900] {dag.py:4138} INFO - Setting next_dagrun for consume_1_or_2_with_dataset_expressions to None, run_after=None
[2026-04-10T09:54:37.855+0900] {logging_mixin.py:190} INFO - [2026-04-10T09:54:37.855+0900] {dag.py:4138} INFO - Setting next_dagrun for consume_1_or_both_2_and_3_with_dataset_expressions to None, run_after=None
[2026-04-10T09:54:37.856+0900] {logging_mixin.py:190} INFO - [2026-04-10T09:54:37.856+0900] {dag.py:4138} INFO - Setting next_dagrun for dataset_consumes_1 to None, run_after=None
[2026-04-10T09:54:37.857+0900] {logging_mixin.py:190} INFO - [2026-04-10T09:54:37.857+0900] {dag.py:4138} INFO - Setting next_dagrun for dataset_consumes_1_and_2 to None, run_after=None
[2026-04-10T09:54:37.858+0900] {logging_mixin.py:190} INFO - [2026-04-10T09:54:37.858+0900] {dag.py:4138} INFO - Setting next_dagrun for dataset_consumes_1_never_scheduled to None, run_after=None
[2026-04-10T09:54:37.860+0900] {logging_mixin.py:190} INFO - [2026-04-10T09:54:37.860+0900] {dag.py:4138} INFO - Setting next_dagrun for dataset_consumes_unknown_never_scheduled to None, run_after=None
[2026-04-10T09:54:37.861+0900] {logging_mixin.py:190} INFO - [2026-04-10T09:54:37.861+0900] {dag.py:4138} INFO - Setting next_dagrun for dataset_produces_1 to 2026-04-09 00:00:00+00:00, run_after=2026-04-10 00:00:00+00:00
[2026-04-10T09:54:37.862+0900] {logging_mixin.py:190} INFO - [2026-04-10T09:54:37.862+0900] {dag.py:4138} INFO - Setting next_dagrun for dataset_produces_2 to None, run_after=None
[2026-04-10T09:54:37.884+0900] {processor.py:208} INFO - Processing /home/airflow/.local/lib/python3.12/site-packages/airflow/example_dags/example_datasets.py took 0.313 seconds
[2026-04-10T09:55:08.095+0900] {processor.py:186} INFO - Started process (PID=152262) to work on /home/airflow/.local/lib/python3.12/site-packages/airflow/example_dags/example_datasets.py
[2026-04-10T09:55:08.096+0900] {processor.py:914} INFO - Processing file /home/airflow/.local/lib/python3.12/site-packages/airflow/example_dags/example_datasets.py for tasks to queue
[2026-04-10T09:55:08.098+0900] {logging_mixin.py:190} INFO - [2026-04-10T09:55:08.098+0900] {dagbag.py:587} INFO - Filling up the DagBag from /home/airflow/.local/lib/python3.12/site-packages/airflow/example_dags/example_datasets.py
[2026-04-10T09:55:08.336+0900] {processor.py:925} INFO - DAG(s) 'dataset_produces_2', 'dataset_consumes_unknown_never_scheduled', 'dataset_produces_1', 'consume_1_and_2_with_dataset_expressions', 'consume_1_or_both_2_and_3_with_dataset_expressions', 'dataset_consumes_1_never_scheduled', 'dataset_consumes_1', 'consume_1_or_2_with_dataset_expressions', 'conditional_dataset_and_time_based_timetable', 'dataset_consumes_1_and_2' retrieved from /home/airflow/.local/lib/python3.12/site-packages/airflow/example_dags/example_datasets.py
[2026-04-10T09:55:08.367+0900] {logging_mixin.py:190} INFO - [2026-04-10T09:55:08.367+0900] {dag.py:3211} INFO - Sync 10 DAGs
[2026-04-10T09:55:08.383+0900] {logging_mixin.py:190} INFO - [2026-04-10T09:55:08.383+0900] {dag.py:4138} INFO - Setting next_dagrun for conditional_dataset_and_time_based_timetable to 2026-04-08 01:00:00+00:00, run_after=2026-04-08 01:00:00+00:00
[2026-04-10T09:55:08.386+0900] {logging_mixin.py:190} INFO - [2026-04-10T09:55:08.386+0900] {dag.py:4138} INFO - Setting next_dagrun for consume_1_and_2_with_dataset_expressions to None, run_after=None
[2026-04-10T09:55:08.388+0900] {logging_mixin.py:190} INFO - [2026-04-10T09:55:08.388+0900] {dag.py:4138} INFO - Setting next_dagrun for consume_1_or_2_with_dataset_expressions to None, run_after=None
[2026-04-10T09:55:08.390+0900] {logging_mixin.py:190} INFO - [2026-04-10T09:55:08.390+0900] {dag.py:4138} INFO - Setting next_dagrun for consume_1_or_both_2_and_3_with_dataset_expressions to None, run_after=None
[2026-04-10T09:55:08.391+0900] {logging_mixin.py:190} INFO - [2026-04-10T09:55:08.391+0900] {dag.py:4138} INFO - Setting next_dagrun for dataset_consumes_1 to None, run_after=None
[2026-04-10T09:55:08.393+0900] {logging_mixin.py:190} INFO - [2026-04-10T09:55:08.393+0900] {dag.py:4138} INFO - Setting next_dagrun for dataset_consumes_1_and_2 to None, run_after=None
[2026-04-10T09:55:08.394+0900] {logging_mixin.py:190} INFO - [2026-04-10T09:55:08.394+0900] {dag.py:4138} INFO - Setting next_dagrun for dataset_consumes_1_never_scheduled to None, run_after=None
[2026-04-10T09:55:08.396+0900] {logging_mixin.py:190} INFO - [2026-04-10T09:55:08.396+0900] {dag.py:4138} INFO - Setting next_dagrun for dataset_consumes_unknown_never_scheduled to None, run_after=None
[2026-04-10T09:55:08.398+0900] {logging_mixin.py:190} INFO - [2026-04-10T09:55:08.398+0900] {dag.py:4138} INFO - Setting next_dagrun for dataset_produces_1 to 2026-04-09 00:00:00+00:00, run_after=2026-04-10 00:00:00+00:00
[2026-04-10T09:55:08.399+0900] {logging_mixin.py:190} INFO - [2026-04-10T09:55:08.399+0900] {dag.py:4138} INFO - Setting next_dagrun for dataset_produces_2 to None, run_after=None
[2026-04-10T09:55:08.425+0900] {processor.py:208} INFO - Processing /home/airflow/.local/lib/python3.12/site-packages/airflow/example_dags/example_datasets.py took 0.334 seconds
[2026-04-10T09:55:39.385+0900] {processor.py:186} INFO - Started process (PID=152325) to work on /home/airflow/.local/lib/python3.12/site-packages/airflow/example_dags/example_datasets.py
[2026-04-10T09:55:39.387+0900] {processor.py:914} INFO - Processing file /home/airflow/.local/lib/python3.12/site-packages/airflow/example_dags/example_datasets.py for tasks to queue
[2026-04-10T09:55:39.389+0900] {logging_mixin.py:190} INFO - [2026-04-10T09:55:39.389+0900] {dagbag.py:587} INFO - Filling up the DagBag from /home/airflow/.local/lib/python3.12/site-packages/airflow/example_dags/example_datasets.py
[2026-04-10T09:55:39.612+0900] {processor.py:925} INFO - DAG(s) 'dataset_consumes_1_never_scheduled', 'dataset_produces_1', 'conditional_dataset_and_time_based_timetable', 'consume_1_and_2_with_dataset_expressions', 'dataset_consumes_1_and_2', 'consume_1_or_2_with_dataset_expressions', 'dataset_produces_2', 'dataset_consumes_1', 'dataset_consumes_unknown_never_scheduled', 'consume_1_or_both_2_and_3_with_dataset_expressions' retrieved from /home/airflow/.local/lib/python3.12/site-packages/airflow/example_dags/example_datasets.py
[2026-04-10T09:55:39.641+0900] {logging_mixin.py:190} INFO - [2026-04-10T09:55:39.641+0900] {dag.py:3211} INFO - Sync 10 DAGs
[2026-04-10T09:55:39.656+0900] {logging_mixin.py:190} INFO - [2026-04-10T09:55:39.656+0900] {dag.py:4138} INFO - Setting next_dagrun for conditional_dataset_and_time_based_timetable to 2026-04-08 01:00:00+00:00, run_after=2026-04-08 01:00:00+00:00
[2026-04-10T09:55:39.659+0900] {logging_mixin.py:190} INFO - [2026-04-10T09:55:39.659+0900] {dag.py:4138} INFO - Setting next_dagrun for consume_1_and_2_with_dataset_expressions to None, run_after=None
[2026-04-10T09:55:39.660+0900] {logging_mixin.py:190} INFO - [2026-04-10T09:55:39.660+0900] {dag.py:4138} INFO - Setting next_dagrun for consume_1_or_2_with_dataset_expressions to None, run_after=None
[2026-04-10T09:55:39.661+0900] {logging_mixin.py:190} INFO - [2026-04-10T09:55:39.661+0900] {dag.py:4138} INFO - Setting next_dagrun for consume_1_or_both_2_and_3_with_dataset_expressions to None, run_after=None
[2026-04-10T09:55:39.663+0900] {logging_mixin.py:190} INFO - [2026-04-10T09:55:39.663+0900] {dag.py:4138} INFO - Setting next_dagrun for dataset_consumes_1 to None, run_after=None
[2026-04-10T09:55:39.664+0900] {logging_mixin.py:190} INFO - [2026-04-10T09:55:39.664+0900] {dag.py:4138} INFO - Setting next_dagrun for dataset_consumes_1_and_2 to None, run_after=None
[2026-04-10T09:55:39.665+0900] {logging_mixin.py:190} INFO - [2026-04-10T09:55:39.665+0900] {dag.py:4138} INFO - Setting next_dagrun for dataset_consumes_1_never_scheduled to None, run_after=None
[2026-04-10T09:55:39.666+0900] {logging_mixin.py:190} INFO - [2026-04-10T09:55:39.666+0900] {dag.py:4138} INFO - Setting next_dagrun for dataset_consumes_unknown_never_scheduled to None, run_after=None
[2026-04-10T09:55:39.667+0900] {logging_mixin.py:190} INFO - [2026-04-10T09:55:39.667+0900] {dag.py:4138} INFO - Setting next_dagrun for dataset_produces_1 to 2026-04-09 00:00:00+00:00, run_after=2026-04-10 00:00:00+00:00
[2026-04-10T09:55:39.668+0900] {logging_mixin.py:190} INFO - [2026-04-10T09:55:39.668+0900] {dag.py:4138} INFO - Setting next_dagrun for dataset_produces_2 to None, run_after=None
[2026-04-10T09:55:39.693+0900] {processor.py:208} INFO - Processing /home/airflow/.local/lib/python3.12/site-packages/airflow/example_dags/example_datasets.py took 0.312 seconds
[2026-04-10T09:56:09.775+0900] {processor.py:186} INFO - Started process (PID=152389) to work on /home/airflow/.local/lib/python3.12/site-packages/airflow/example_dags/example_datasets.py
[2026-04-10T09:56:09.776+0900] {processor.py:914} INFO - Processing file /home/airflow/.local/lib/python3.12/site-packages/airflow/example_dags/example_datasets.py for tasks to queue
[2026-04-10T09:56:09.778+0900] {logging_mixin.py:190} INFO - [2026-04-10T09:56:09.778+0900] {dagbag.py:587} INFO - Filling up the DagBag from /home/airflow/.local/lib/python3.12/site-packages/airflow/example_dags/example_datasets.py
[2026-04-10T09:56:10.028+0900] {processor.py:925} INFO - DAG(s) 'consume_1_and_2_with_dataset_expressions', 'consume_1_or_2_with_dataset_expressions', 'dataset_consumes_unknown_never_scheduled', 'dataset_consumes_1_never_scheduled', 'conditional_dataset_and_time_based_timetable', 'dataset_consumes_1', 'dataset_produces_1', 'consume_1_or_both_2_and_3_with_dataset_expressions', 'dataset_produces_2', 'dataset_consumes_1_and_2' retrieved from /home/airflow/.local/lib/python3.12/site-packages/airflow/example_dags/example_datasets.py
[2026-04-10T09:56:10.057+0900] {logging_mixin.py:190} INFO - [2026-04-10T09:56:10.057+0900] {dag.py:3211} INFO - Sync 10 DAGs
[2026-04-10T09:56:10.072+0900] {logging_mixin.py:190} INFO - [2026-04-10T09:56:10.072+0900] {dag.py:4138} INFO - Setting next_dagrun for conditional_dataset_and_time_based_timetable to 2026-04-08 01:00:00+00:00, run_after=2026-04-08 01:00:00+00:00
[2026-04-10T09:56:10.076+0900] {logging_mixin.py:190} INFO - [2026-04-10T09:56:10.075+0900] {dag.py:4138} INFO - Setting next_dagrun for consume_1_and_2_with_dataset_expressions to None, run_after=None
[2026-04-10T09:56:10.077+0900] {logging_mixin.py:190} INFO - [2026-04-10T09:56:10.077+0900] {dag.py:4138} INFO - Setting next_dagrun for consume_1_or_2_with_dataset_expressions to None, run_after=None
[2026-04-10T09:56:10.079+0900] {logging_mixin.py:190} INFO - [2026-04-10T09:56:10.078+0900] {dag.py:4138} INFO - Setting next_dagrun for consume_1_or_both_2_and_3_with_dataset_expressions to None, run_after=None
[2026-04-10T09:56:10.080+0900] {logging_mixin.py:190} INFO - [2026-04-10T09:56:10.080+0900] {dag.py:4138} INFO - Setting next_dagrun for dataset_consumes_1 to None, run_after=None
[2026-04-10T09:56:10.081+0900] {logging_mixin.py:190} INFO - [2026-04-10T09:56:10.081+0900] {dag.py:4138} INFO - Setting next_dagrun for dataset_consumes_1_and_2 to None, run_after=None
[2026-04-10T09:56:10.082+0900] {logging_mixin.py:190} INFO - [2026-04-10T09:56:10.082+0900] {dag.py:4138} INFO - Setting next_dagrun for dataset_consumes_1_never_scheduled to None, run_after=None
[2026-04-10T09:56:10.084+0900] {logging_mixin.py:190} INFO - [2026-04-10T09:56:10.084+0900] {dag.py:4138} INFO - Setting next_dagrun for dataset_consumes_unknown_never_scheduled to None, run_after=None
[2026-04-10T09:56:10.087+0900] {logging_mixin.py:190} INFO - [2026-04-10T09:56:10.086+0900] {dag.py:4138} INFO - Setting next_dagrun for dataset_produces_1 to 2026-04-09 00:00:00+00:00, run_after=2026-04-10 00:00:00+00:00
[2026-04-10T09:56:10.088+0900] {logging_mixin.py:190} INFO - [2026-04-10T09:56:10.088+0900] {dag.py:4138} INFO - Setting next_dagrun for dataset_produces_2 to None, run_after=None
[2026-04-10T09:56:10.120+0900] {processor.py:208} INFO - Processing /home/airflow/.local/lib/python3.12/site-packages/airflow/example_dags/example_datasets.py took 0.350 seconds
[2026-04-10T09:56:40.352+0900] {processor.py:186} INFO - Started process (PID=152451) to work on /home/airflow/.local/lib/python3.12/site-packages/airflow/example_dags/example_datasets.py
[2026-04-10T09:56:40.353+0900] {processor.py:914} INFO - Processing file /home/airflow/.local/lib/python3.12/site-packages/airflow/example_dags/example_datasets.py for tasks to queue
[2026-04-10T09:56:40.355+0900] {logging_mixin.py:190} INFO - [2026-04-10T09:56:40.355+0900] {dagbag.py:587} INFO - Filling up the DagBag from /home/airflow/.local/lib/python3.12/site-packages/airflow/example_dags/example_datasets.py
[2026-04-10T09:56:40.584+0900] {processor.py:925} INFO - DAG(s) 'dataset_consumes_unknown_never_scheduled', 'consume_1_and_2_with_dataset_expressions', 'consume_1_or_both_2_and_3_with_dataset_expressions', 'dataset_produces_2', 'conditional_dataset_and_time_based_timetable', 'dataset_consumes_1', 'consume_1_or_2_with_dataset_expressions', 'dataset_consumes_1_never_scheduled', 'dataset_produces_1', 'dataset_consumes_1_and_2' retrieved from /home/airflow/.local/lib/python3.12/site-packages/airflow/example_dags/example_datasets.py
[2026-04-10T09:56:40.611+0900] {logging_mixin.py:190} INFO - [2026-04-10T09:56:40.610+0900] {dag.py:3211} INFO - Sync 10 DAGs
[2026-04-10T09:56:40.625+0900] {logging_mixin.py:190} INFO - [2026-04-10T09:56:40.624+0900] {dag.py:4138} INFO - Setting next_dagrun for conditional_dataset_and_time_based_timetable to 2026-04-08 01:00:00+00:00, run_after=2026-04-08 01:00:00+00:00
[2026-04-10T09:56:40.627+0900] {logging_mixin.py:190} INFO - [2026-04-10T09:56:40.627+0900] {dag.py:4138} INFO - Setting next_dagrun for consume_1_and_2_with_dataset_expressions to None, run_after=None
[2026-04-10T09:56:40.628+0900] {logging_mixin.py:190} INFO - [2026-04-10T09:56:40.628+0900] {dag.py:4138} INFO - Setting next_dagrun for consume_1_or_2_with_dataset_expressions to None, run_after=None
[2026-04-10T09:56:40.629+0900] {logging_mixin.py:190} INFO - [2026-04-10T09:56:40.629+0900] {dag.py:4138} INFO - Setting next_dagrun for consume_1_or_both_2_and_3_with_dataset_expressions to None, run_after=None
[2026-04-10T09:56:40.630+0900] {logging_mixin.py:190} INFO - [2026-04-10T09:56:40.630+0900] {dag.py:4138} INFO - Setting next_dagrun for dataset_consumes_1 to None, run_after=None
[2026-04-10T09:56:40.631+0900] {logging_mixin.py:190} INFO - [2026-04-10T09:56:40.631+0900] {dag.py:4138} INFO - Setting next_dagrun for dataset_consumes_1_and_2 to None, run_after=None
[2026-04-10T09:56:40.632+0900] {logging_mixin.py:190} INFO - [2026-04-10T09:56:40.632+0900] {dag.py:4138} INFO - Setting next_dagrun for dataset_consumes_1_never_scheduled to None, run_after=None
[2026-04-10T09:56:40.633+0900] {logging_mixin.py:190} INFO - [2026-04-10T09:56:40.633+0900] {dag.py:4138} INFO - Setting next_dagrun for dataset_consumes_unknown_never_scheduled to None, run_after=None
[2026-04-10T09:56:40.635+0900] {logging_mixin.py:190} INFO - [2026-04-10T09:56:40.634+0900] {dag.py:4138} INFO - Setting next_dagrun for dataset_produces_1 to 2026-04-09 00:00:00+00:00, run_after=2026-04-10 00:00:00+00:00
[2026-04-10T09:56:40.635+0900] {logging_mixin.py:190} INFO - [2026-04-10T09:56:40.635+0900] {dag.py:4138} INFO - Setting next_dagrun for dataset_produces_2 to None, run_after=None
[2026-04-10T09:56:40.652+0900] {processor.py:208} INFO - Processing /home/airflow/.local/lib/python3.12/site-packages/airflow/example_dags/example_datasets.py took 0.304 seconds
[2026-04-10T09:57:11.001+0900] {processor.py:186} INFO - Started process (PID=152514) to work on /home/airflow/.local/lib/python3.12/site-packages/airflow/example_dags/example_datasets.py
[2026-04-10T09:57:11.003+0900] {processor.py:914} INFO - Processing file /home/airflow/.local/lib/python3.12/site-packages/airflow/example_dags/example_datasets.py for tasks to queue
[2026-04-10T09:57:11.005+0900] {logging_mixin.py:190} INFO - [2026-04-10T09:57:11.005+0900] {dagbag.py:587} INFO - Filling up the DagBag from /home/airflow/.local/lib/python3.12/site-packages/airflow/example_dags/example_datasets.py
[2026-04-10T09:57:11.237+0900] {processor.py:925} INFO - DAG(s) 'dataset_consumes_unknown_never_scheduled', 'conditional_dataset_and_time_based_timetable', 'dataset_produces_1', 'consume_1_or_both_2_and_3_with_dataset_expressions', 'consume_1_or_2_with_dataset_expressions', 'consume_1_and_2_with_dataset_expressions', 'dataset_consumes_1_and_2', 'dataset_consumes_1', 'dataset_produces_2', 'dataset_consumes_1_never_scheduled' retrieved from /home/airflow/.local/lib/python3.12/site-packages/airflow/example_dags/example_datasets.py
[2026-04-10T09:57:11.266+0900] {logging_mixin.py:190} INFO - [2026-04-10T09:57:11.265+0900] {dag.py:3211} INFO - Sync 10 DAGs
[2026-04-10T09:57:11.280+0900] {logging_mixin.py:190} INFO - [2026-04-10T09:57:11.280+0900] {dag.py:4138} INFO - Setting next_dagrun for conditional_dataset_and_time_based_timetable to 2026-04-08 01:00:00+00:00, run_after=2026-04-08 01:00:00+00:00
[2026-04-10T09:57:11.283+0900] {logging_mixin.py:190} INFO - [2026-04-10T09:57:11.283+0900] {dag.py:4138} INFO - Setting next_dagrun for consume_1_and_2_with_dataset_expressions to None, run_after=None
[2026-04-10T09:57:11.284+0900] {logging_mixin.py:190} INFO - [2026-04-10T09:57:11.284+0900] {dag.py:4138} INFO - Setting next_dagrun for consume_1_or_2_with_dataset_expressions to None, run_after=None
[2026-04-10T09:57:11.285+0900] {logging_mixin.py:190} INFO - [2026-04-10T09:57:11.285+0900] {dag.py:4138} INFO - Setting next_dagrun for consume_1_or_both_2_and_3_with_dataset_expressions to None, run_after=None
[2026-04-10T09:57:11.286+0900] {logging_mixin.py:190} INFO - [2026-04-10T09:57:11.286+0900] {dag.py:4138} INFO - Setting next_dagrun for dataset_consumes_1 to None, run_after=None
[2026-04-10T09:57:11.287+0900] {logging_mixin.py:190} INFO - [2026-04-10T09:57:11.287+0900] {dag.py:4138} INFO - Setting next_dagrun for dataset_consumes_1_and_2 to None, run_after=None
[2026-04-10T09:57:11.288+0900] {logging_mixin.py:190} INFO - [2026-04-10T09:57:11.288+0900] {dag.py:4138} INFO - Setting next_dagrun for dataset_consumes_1_never_scheduled to None, run_after=None
[2026-04-10T09:57:11.290+0900] {logging_mixin.py:190} INFO - [2026-04-10T09:57:11.289+0900] {dag.py:4138} INFO - Setting next_dagrun for dataset_consumes_unknown_never_scheduled to None, run_after=None
[2026-04-10T09:57:11.291+0900] {logging_mixin.py:190} INFO - [2026-04-10T09:57:11.291+0900] {dag.py:4138} INFO - Setting next_dagrun for dataset_produces_1 to 2026-04-09 00:00:00+00:00, run_after=2026-04-10 00:00:00+00:00
[2026-04-10T09:57:11.292+0900] {logging_mixin.py:190} INFO - [2026-04-10T09:57:11.292+0900] {dag.py:4138} INFO - Setting next_dagrun for dataset_produces_2 to None, run_after=None
[2026-04-10T09:57:11.319+0900] {processor.py:208} INFO - Processing /home/airflow/.local/lib/python3.12/site-packages/airflow/example_dags/example_datasets.py took 0.322 seconds
[2026-04-10T09:57:41.967+0900] {processor.py:186} INFO - Started process (PID=152577) to work on /home/airflow/.local/lib/python3.12/site-packages/airflow/example_dags/example_datasets.py
[2026-04-10T09:57:41.968+0900] {processor.py:914} INFO - Processing file /home/airflow/.local/lib/python3.12/site-packages/airflow/example_dags/example_datasets.py for tasks to queue
[2026-04-10T09:57:41.971+0900] {logging_mixin.py:190} INFO - [2026-04-10T09:57:41.970+0900] {dagbag.py:587} INFO - Filling up the DagBag from /home/airflow/.local/lib/python3.12/site-packages/airflow/example_dags/example_datasets.py
[2026-04-10T09:57:42.209+0900] {processor.py:925} INFO - DAG(s) 'consume_1_or_both_2_and_3_with_dataset_expressions', 'dataset_produces_2', 'consume_1_and_2_with_dataset_expressions', 'dataset_produces_1', 'consume_1_or_2_with_dataset_expressions', 'dataset_consumes_unknown_never_scheduled', 'dataset_consumes_1_and_2', 'conditional_dataset_and_time_based_timetable', 'dataset_consumes_1', 'dataset_consumes_1_never_scheduled' retrieved from /home/airflow/.local/lib/python3.12/site-packages/airflow/example_dags/example_datasets.py
[2026-04-10T09:57:42.238+0900] {logging_mixin.py:190} INFO - [2026-04-10T09:57:42.237+0900] {dag.py:3211} INFO - Sync 10 DAGs
[2026-04-10T09:57:42.254+0900] {logging_mixin.py:190} INFO - [2026-04-10T09:57:42.254+0900] {dag.py:4138} INFO - Setting next_dagrun for conditional_dataset_and_time_based_timetable to 2026-04-08 01:00:00+00:00, run_after=2026-04-08 01:00:00+00:00
[2026-04-10T09:57:42.257+0900] {logging_mixin.py:190} INFO - [2026-04-10T09:57:42.257+0900] {dag.py:4138} INFO - Setting next_dagrun for consume_1_and_2_with_dataset_expressions to None, run_after=None
[2026-04-10T09:57:42.259+0900] {logging_mixin.py:190} INFO - [2026-04-10T09:57:42.259+0900] {dag.py:4138} INFO - Setting next_dagrun for consume_1_or_2_with_dataset_expressions to None, run_after=None
[2026-04-10T09:57:42.260+0900] {logging_mixin.py:190} INFO - [2026-04-10T09:57:42.260+0900] {dag.py:4138} INFO - Setting next_dagrun for consume_1_or_both_2_and_3_with_dataset_expressions to None, run_after=None
[2026-04-10T09:57:42.261+0900] {logging_mixin.py:190} INFO - [2026-04-10T09:57:42.261+0900] {dag.py:4138} INFO - Setting next_dagrun for dataset_consumes_1 to None, run_after=None
[2026-04-10T09:57:42.262+0900] {logging_mixin.py:190} INFO - [2026-04-10T09:57:42.262+0900] {dag.py:4138} INFO - Setting next_dagrun for dataset_consumes_1_and_2 to None, run_after=None
[2026-04-10T09:57:42.264+0900] {logging_mixin.py:190} INFO - [2026-04-10T09:57:42.264+0900] {dag.py:4138} INFO - Setting next_dagrun for dataset_consumes_1_never_scheduled to None, run_after=None
[2026-04-10T09:57:42.265+0900] {logging_mixin.py:190} INFO - [2026-04-10T09:57:42.265+0900] {dag.py:4138} INFO - Setting next_dagrun for dataset_consumes_unknown_never_scheduled to None, run_after=None
[2026-04-10T09:57:42.267+0900] {logging_mixin.py:190} INFO - [2026-04-10T09:57:42.266+0900] {dag.py:4138} INFO - Setting next_dagrun for dataset_produces_1 to 2026-04-09 00:00:00+00:00, run_after=2026-04-10 00:00:00+00:00
[2026-04-10T09:57:42.268+0900] {logging_mixin.py:190} INFO - [2026-04-10T09:57:42.268+0900] {dag.py:4138} INFO - Setting next_dagrun for dataset_produces_2 to None, run_after=None
[2026-04-10T09:57:42.288+0900] {processor.py:208} INFO - Processing /home/airflow/.local/lib/python3.12/site-packages/airflow/example_dags/example_datasets.py took 0.326 seconds
[2026-04-10T09:58:13.159+0900] {processor.py:186} INFO - Started process (PID=152640) to work on /home/airflow/.local/lib/python3.12/site-packages/airflow/example_dags/example_datasets.py
[2026-04-10T09:58:13.160+0900] {processor.py:914} INFO - Processing file /home/airflow/.local/lib/python3.12/site-packages/airflow/example_dags/example_datasets.py for tasks to queue
[2026-04-10T09:58:13.163+0900] {logging_mixin.py:190} INFO - [2026-04-10T09:58:13.162+0900] {dagbag.py:587} INFO - Filling up the DagBag from /home/airflow/.local/lib/python3.12/site-packages/airflow/example_dags/example_datasets.py
[2026-04-10T09:58:13.264+0900] {processor.py:925} INFO - DAG(s) 'dataset_consumes_1_never_scheduled', 'dataset_consumes_1', 'conditional_dataset_and_time_based_timetable', 'dataset_produces_2', 'dataset_consumes_1_and_2', 'consume_1_or_both_2_and_3_with_dataset_expressions', 'dataset_consumes_unknown_never_scheduled', 'consume_1_and_2_with_dataset_expressions', 'dataset_produces_1', 'consume_1_or_2_with_dataset_expressions' retrieved from /home/airflow/.local/lib/python3.12/site-packages/airflow/example_dags/example_datasets.py
[2026-04-10T09:58:13.299+0900] {logging_mixin.py:190} INFO - [2026-04-10T09:58:13.299+0900] {dag.py:3211} INFO - Sync 10 DAGs
[2026-04-10T09:58:13.320+0900] {logging_mixin.py:190} INFO - [2026-04-10T09:58:13.320+0900] {dag.py:4138} INFO - Setting next_dagrun for conditional_dataset_and_time_based_timetable to 2026-04-08 01:00:00+00:00, run_after=2026-04-08 01:00:00+00:00
[2026-04-10T09:58:13.323+0900] {logging_mixin.py:190} INFO - [2026-04-10T09:58:13.323+0900] {dag.py:4138} INFO - Setting next_dagrun for consume_1_and_2_with_dataset_expressions to None, run_after=None
[2026-04-10T09:58:13.324+0900] {logging_mixin.py:190} INFO - [2026-04-10T09:58:13.324+0900] {dag.py:4138} INFO - Setting next_dagrun for consume_1_or_2_with_dataset_expressions to None, run_after=None
[2026-04-10T09:58:13.325+0900] {logging_mixin.py:190} INFO - [2026-04-10T09:58:13.325+0900] {dag.py:4138} INFO - Setting next_dagrun for consume_1_or_both_2_and_3_with_dataset_expressions to None, run_after=None
[2026-04-10T09:58:13.326+0900] {logging_mixin.py:190} INFO - [2026-04-10T09:58:13.326+0900] {dag.py:4138} INFO - Setting next_dagrun for dataset_consumes_1 to None, run_after=None
[2026-04-10T09:58:13.327+0900] {logging_mixin.py:190} INFO - [2026-04-10T09:58:13.327+0900] {dag.py:4138} INFO - Setting next_dagrun for dataset_consumes_1_and_2 to None, run_after=None
[2026-04-10T09:58:13.328+0900] {logging_mixin.py:190} INFO - [2026-04-10T09:58:13.328+0900] {dag.py:4138} INFO - Setting next_dagrun for dataset_consumes_1_never_scheduled to None, run_after=None
[2026-04-10T09:58:13.329+0900] {logging_mixin.py:190} INFO - [2026-04-10T09:58:13.329+0900] {dag.py:4138} INFO - Setting next_dagrun for dataset_consumes_unknown_never_scheduled to None, run_after=None
[2026-04-10T09:58:13.331+0900] {logging_mixin.py:190} INFO - [2026-04-10T09:58:13.331+0900] {dag.py:4138} INFO - Setting next_dagrun for dataset_produces_1 to 2026-04-09 00:00:00+00:00, run_after=2026-04-10 00:00:00+00:00
[2026-04-10T09:58:13.332+0900] {logging_mixin.py:190} INFO - [2026-04-10T09:58:13.332+0900] {dag.py:4138} INFO - Setting next_dagrun for dataset_produces_2 to None, run_after=None
[2026-04-10T09:58:13.351+0900] {processor.py:208} INFO - Processing /home/airflow/.local/lib/python3.12/site-packages/airflow/example_dags/example_datasets.py took 0.195 seconds
[2026-04-10T09:58:44.001+0900] {processor.py:186} INFO - Started process (PID=152703) to work on /home/airflow/.local/lib/python3.12/site-packages/airflow/example_dags/example_datasets.py
[2026-04-10T09:58:44.002+0900] {processor.py:914} INFO - Processing file /home/airflow/.local/lib/python3.12/site-packages/airflow/example_dags/example_datasets.py for tasks to queue
[2026-04-10T09:58:44.004+0900] {logging_mixin.py:190} INFO - [2026-04-10T09:58:44.004+0900] {dagbag.py:587} INFO - Filling up the DagBag from /home/airflow/.local/lib/python3.12/site-packages/airflow/example_dags/example_datasets.py
[2026-04-10T09:58:44.104+0900] {processor.py:925} INFO - DAG(s) 'dataset_produces_2', 'consume_1_or_2_with_dataset_expressions', 'dataset_consumes_1_never_scheduled', 'dataset_consumes_1_and_2', 'consume_1_or_both_2_and_3_with_dataset_expressions', 'conditional_dataset_and_time_based_timetable', 'dataset_produces_1', 'dataset_consumes_1', 'consume_1_and_2_with_dataset_expressions', 'dataset_consumes_unknown_never_scheduled' retrieved from /home/airflow/.local/lib/python3.12/site-packages/airflow/example_dags/example_datasets.py
[2026-04-10T09:58:44.133+0900] {logging_mixin.py:190} INFO - [2026-04-10T09:58:44.133+0900] {dag.py:3211} INFO - Sync 10 DAGs
[2026-04-10T09:58:44.149+0900] {logging_mixin.py:190} INFO - [2026-04-10T09:58:44.149+0900] {dag.py:4138} INFO - Setting next_dagrun for conditional_dataset_and_time_based_timetable to 2026-04-08 01:00:00+00:00, run_after=2026-04-08 01:00:00+00:00
[2026-04-10T09:58:44.152+0900] {logging_mixin.py:190} INFO - [2026-04-10T09:58:44.151+0900] {dag.py:4138} INFO - Setting next_dagrun for consume_1_and_2_with_dataset_expressions to None, run_after=None
[2026-04-10T09:58:44.153+0900] {logging_mixin.py:190} INFO - [2026-04-10T09:58:44.153+0900] {dag.py:4138} INFO - Setting next_dagrun for consume_1_or_2_with_dataset_expressions to None, run_after=None
[2026-04-10T09:58:44.154+0900] {logging_mixin.py:190} INFO - [2026-04-10T09:58:44.154+0900] {dag.py:4138} INFO - Setting next_dagrun for consume_1_or_both_2_and_3_with_dataset_expressions to None, run_after=None
[2026-04-10T09:58:44.155+0900] {logging_mixin.py:190} INFO - [2026-04-10T09:58:44.155+0900] {dag.py:4138} INFO - Setting next_dagrun for dataset_consumes_1 to None, run_after=None
[2026-04-10T09:58:44.156+0900] {logging_mixin.py:190} INFO - [2026-04-10T09:58:44.156+0900] {dag.py:4138} INFO - Setting next_dagrun for dataset_consumes_1_and_2 to None, run_after=None
[2026-04-10T09:58:44.157+0900] {logging_mixin.py:190} INFO - [2026-04-10T09:58:44.157+0900] {dag.py:4138} INFO - Setting next_dagrun for dataset_consumes_1_never_scheduled to None, run_after=None
[2026-04-10T09:58:44.158+0900] {logging_mixin.py:190} INFO - [2026-04-10T09:58:44.158+0900] {dag.py:4138} INFO - Setting next_dagrun for dataset_consumes_unknown_never_scheduled to None, run_after=None
[2026-04-10T09:58:44.159+0900] {logging_mixin.py:190} INFO - [2026-04-10T09:58:44.159+0900] {dag.py:4138} INFO - Setting next_dagrun for dataset_produces_1 to 2026-04-09 00:00:00+00:00, run_after=2026-04-10 00:00:00+00:00
[2026-04-10T09:58:44.160+0900] {logging_mixin.py:190} INFO - [2026-04-10T09:58:44.160+0900] {dag.py:4138} INFO - Setting next_dagrun for dataset_produces_2 to None, run_after=None
[2026-04-10T09:58:44.180+0900] {processor.py:208} INFO - Processing /home/airflow/.local/lib/python3.12/site-packages/airflow/example_dags/example_datasets.py took 0.184 seconds
[2026-04-10T09:59:14.713+0900] {processor.py:186} INFO - Started process (PID=152766) to work on /home/airflow/.local/lib/python3.12/site-packages/airflow/example_dags/example_datasets.py
[2026-04-10T09:59:14.714+0900] {processor.py:914} INFO - Processing file /home/airflow/.local/lib/python3.12/site-packages/airflow/example_dags/example_datasets.py for tasks to queue
[2026-04-10T09:59:14.717+0900] {logging_mixin.py:190} INFO - [2026-04-10T09:59:14.716+0900] {dagbag.py:587} INFO - Filling up the DagBag from /home/airflow/.local/lib/python3.12/site-packages/airflow/example_dags/example_datasets.py
[2026-04-10T09:59:14.831+0900] {processor.py:925} INFO - DAG(s) 'dataset_consumes_1_and_2', 'dataset_produces_2', 'consume_1_or_both_2_and_3_with_dataset_expressions', 'consume_1_and_2_with_dataset_expressions', 'dataset_produces_1', 'dataset_consumes_1', 'dataset_consumes_1_never_scheduled', 'conditional_dataset_and_time_based_timetable', 'dataset_consumes_unknown_never_scheduled', 'consume_1_or_2_with_dataset_expressions' retrieved from /home/airflow/.local/lib/python3.12/site-packages/airflow/example_dags/example_datasets.py
[2026-04-10T09:59:14.870+0900] {logging_mixin.py:190} INFO - [2026-04-10T09:59:14.870+0900] {dag.py:3211} INFO - Sync 10 DAGs
[2026-04-10T09:59:14.892+0900] {logging_mixin.py:190} INFO - [2026-04-10T09:59:14.892+0900] {dag.py:4138} INFO - Setting next_dagrun for conditional_dataset_and_time_based_timetable to 2026-04-08 01:00:00+00:00, run_after=2026-04-08 01:00:00+00:00
[2026-04-10T09:59:14.896+0900] {logging_mixin.py:190} INFO - [2026-04-10T09:59:14.896+0900] {dag.py:4138} INFO - Setting next_dagrun for consume_1_and_2_with_dataset_expressions to None, run_after=None
[2026-04-10T09:59:14.898+0900] {logging_mixin.py:190} INFO - [2026-04-10T09:59:14.897+0900] {dag.py:4138} INFO - Setting next_dagrun for consume_1_or_2_with_dataset_expressions to None, run_after=None
[2026-04-10T09:59:14.899+0900] {logging_mixin.py:190} INFO - [2026-04-10T09:59:14.899+0900] {dag.py:4138} INFO - Setting next_dagrun for consume_1_or_both_2_and_3_with_dataset_expressions to None, run_after=None
[2026-04-10T09:59:14.900+0900] {logging_mixin.py:190} INFO - [2026-04-10T09:59:14.900+0900] {dag.py:4138} INFO - Setting next_dagrun for dataset_consumes_1 to None, run_after=None
[2026-04-10T09:59:14.902+0900] {logging_mixin.py:190} INFO - [2026-04-10T09:59:14.901+0900] {dag.py:4138} INFO - Setting next_dagrun for dataset_consumes_1_and_2 to None, run_after=None
[2026-04-10T09:59:14.903+0900] {logging_mixin.py:190} INFO - [2026-04-10T09:59:14.903+0900] {dag.py:4138} INFO - Setting next_dagrun for dataset_consumes_1_never_scheduled to None, run_after=None
[2026-04-10T09:59:14.904+0900] {logging_mixin.py:190} INFO - [2026-04-10T09:59:14.904+0900] {dag.py:4138} INFO - Setting next_dagrun for dataset_consumes_unknown_never_scheduled to None, run_after=None
[2026-04-10T09:59:14.906+0900] {logging_mixin.py:190} INFO - [2026-04-10T09:59:14.906+0900] {dag.py:4138} INFO - Setting next_dagrun for dataset_produces_1 to 2026-04-09 00:00:00+00:00, run_after=2026-04-10 00:00:00+00:00
[2026-04-10T09:59:14.907+0900] {logging_mixin.py:190} INFO - [2026-04-10T09:59:14.907+0900] {dag.py:4138} INFO - Setting next_dagrun for dataset_produces_2 to None, run_after=None
[2026-04-10T09:59:14.932+0900] {processor.py:208} INFO - Processing /home/airflow/.local/lib/python3.12/site-packages/airflow/example_dags/example_datasets.py took 0.225 seconds
[2026-04-10T09:59:45.459+0900] {processor.py:186} INFO - Started process (PID=152829) to work on /home/airflow/.local/lib/python3.12/site-packages/airflow/example_dags/example_datasets.py
[2026-04-10T09:59:45.460+0900] {processor.py:914} INFO - Processing file /home/airflow/.local/lib/python3.12/site-packages/airflow/example_dags/example_datasets.py for tasks to queue
[2026-04-10T09:59:45.462+0900] {logging_mixin.py:190} INFO - [2026-04-10T09:59:45.462+0900] {dagbag.py:587} INFO - Filling up the DagBag from /home/airflow/.local/lib/python3.12/site-packages/airflow/example_dags/example_datasets.py
[2026-04-10T09:59:45.585+0900] {processor.py:925} INFO - DAG(s) 'dataset_consumes_1', 'dataset_consumes_1_and_2', 'dataset_consumes_1_never_scheduled', 'consume_1_and_2_with_dataset_expressions', 'consume_1_or_2_with_dataset_expressions', 'conditional_dataset_and_time_based_timetable', 'dataset_consumes_unknown_never_scheduled', 'dataset_produces_1', 'dataset_produces_2', 'consume_1_or_both_2_and_3_with_dataset_expressions' retrieved from /home/airflow/.local/lib/python3.12/site-packages/airflow/example_dags/example_datasets.py
[2026-04-10T09:59:45.614+0900] {logging_mixin.py:190} INFO - [2026-04-10T09:59:45.614+0900] {dag.py:3211} INFO - Sync 10 DAGs
[2026-04-10T09:59:45.632+0900] {logging_mixin.py:190} INFO - [2026-04-10T09:59:45.632+0900] {dag.py:4138} INFO - Setting next_dagrun for conditional_dataset_and_time_based_timetable to 2026-04-08 01:00:00+00:00, run_after=2026-04-08 01:00:00+00:00
[2026-04-10T09:59:45.636+0900] {logging_mixin.py:190} INFO - [2026-04-10T09:59:45.636+0900] {dag.py:4138} INFO - Setting next_dagrun for consume_1_and_2_with_dataset_expressions to None, run_after=None
[2026-04-10T09:59:45.637+0900] {logging_mixin.py:190} INFO - [2026-04-10T09:59:45.637+0900] {dag.py:4138} INFO - Setting next_dagrun for consume_1_or_2_with_dataset_expressions to None, run_after=None
[2026-04-10T09:59:45.639+0900] {logging_mixin.py:190} INFO - [2026-04-10T09:59:45.639+0900] {dag.py:4138} INFO - Setting next_dagrun for consume_1_or_both_2_and_3_with_dataset_expressions to None, run_after=None
[2026-04-10T09:59:45.640+0900] {logging_mixin.py:190} INFO - [2026-04-10T09:59:45.640+0900] {dag.py:4138} INFO - Setting next_dagrun for dataset_consumes_1 to None, run_after=None
[2026-04-10T09:59:45.642+0900] {logging_mixin.py:190} INFO - [2026-04-10T09:59:45.642+0900] {dag.py:4138} INFO - Setting next_dagrun for dataset_consumes_1_and_2 to None, run_after=None
[2026-04-10T09:59:45.643+0900] {logging_mixin.py:190} INFO - [2026-04-10T09:59:45.643+0900] {dag.py:4138} INFO - Setting next_dagrun for dataset_consumes_1_never_scheduled to None, run_after=None
[2026-04-10T09:59:45.644+0900] {logging_mixin.py:190} INFO - [2026-04-10T09:59:45.644+0900] {dag.py:4138} INFO - Setting next_dagrun for dataset_consumes_unknown_never_scheduled to None, run_after=None
[2026-04-10T09:59:45.647+0900] {logging_mixin.py:190} INFO - [2026-04-10T09:59:45.646+0900] {dag.py:4138} INFO - Setting next_dagrun for dataset_produces_1 to 2026-04-09 00:00:00+00:00, run_after=2026-04-10 00:00:00+00:00
[2026-04-10T09:59:45.648+0900] {logging_mixin.py:190} INFO - [2026-04-10T09:59:45.648+0900] {dag.py:4138} INFO - Setting next_dagrun for dataset_produces_2 to None, run_after=None
[2026-04-10T09:59:45.670+0900] {processor.py:208} INFO - Processing /home/airflow/.local/lib/python3.12/site-packages/airflow/example_dags/example_datasets.py took 0.216 seconds
[2026-04-10T10:00:15.806+0900] {processor.py:186} INFO - Started process (PID=152892) to work on /home/airflow/.local/lib/python3.12/site-packages/airflow/example_dags/example_datasets.py
[2026-04-10T10:00:15.807+0900] {processor.py:914} INFO - Processing file /home/airflow/.local/lib/python3.12/site-packages/airflow/example_dags/example_datasets.py for tasks to queue
[2026-04-10T10:00:15.809+0900] {logging_mixin.py:190} INFO - [2026-04-10T10:00:15.809+0900] {dagbag.py:587} INFO - Filling up the DagBag from /home/airflow/.local/lib/python3.12/site-packages/airflow/example_dags/example_datasets.py
[2026-04-10T10:00:15.914+0900] {processor.py:925} INFO - DAG(s) 'consume_1_and_2_with_dataset_expressions', 'dataset_consumes_unknown_never_scheduled', 'consume_1_or_2_with_dataset_expressions', 'dataset_consumes_1', 'dataset_consumes_1_and_2', 'conditional_dataset_and_time_based_timetable', 'consume_1_or_both_2_and_3_with_dataset_expressions', 'dataset_produces_1', 'dataset_produces_2', 'dataset_consumes_1_never_scheduled' retrieved from /home/airflow/.local/lib/python3.12/site-packages/airflow/example_dags/example_datasets.py
[2026-04-10T10:00:15.947+0900] {logging_mixin.py:190} INFO - [2026-04-10T10:00:15.946+0900] {dag.py:3211} INFO - Sync 10 DAGs
[2026-04-10T10:00:15.964+0900] {logging_mixin.py:190} INFO - [2026-04-10T10:00:15.964+0900] {dag.py:4138} INFO - Setting next_dagrun for conditional_dataset_and_time_based_timetable to 2026-04-08 01:00:00+00:00, run_after=2026-04-08 01:00:00+00:00
[2026-04-10T10:00:15.967+0900] {logging_mixin.py:190} INFO - [2026-04-10T10:00:15.967+0900] {dag.py:4138} INFO - Setting next_dagrun for consume_1_and_2_with_dataset_expressions to None, run_after=None
[2026-04-10T10:00:15.969+0900] {logging_mixin.py:190} INFO - [2026-04-10T10:00:15.968+0900] {dag.py:4138} INFO - Setting next_dagrun for consume_1_or_2_with_dataset_expressions to None, run_after=None
[2026-04-10T10:00:15.970+0900] {logging_mixin.py:190} INFO - [2026-04-10T10:00:15.970+0900] {dag.py:4138} INFO - Setting next_dagrun for consume_1_or_both_2_and_3_with_dataset_expressions to None, run_after=None
[2026-04-10T10:00:15.971+0900] {logging_mixin.py:190} INFO - [2026-04-10T10:00:15.971+0900] {dag.py:4138} INFO - Setting next_dagrun for dataset_consumes_1 to None, run_after=None
[2026-04-10T10:00:15.973+0900] {logging_mixin.py:190} INFO - [2026-04-10T10:00:15.973+0900] {dag.py:4138} INFO - Setting next_dagrun for dataset_consumes_1_and_2 to None, run_after=None
[2026-04-10T10:00:15.974+0900] {logging_mixin.py:190} INFO - [2026-04-10T10:00:15.974+0900] {dag.py:4138} INFO - Setting next_dagrun for dataset_consumes_1_never_scheduled to None, run_after=None
[2026-04-10T10:00:15.976+0900] {logging_mixin.py:190} INFO - [2026-04-10T10:00:15.975+0900] {dag.py:4138} INFO - Setting next_dagrun for dataset_consumes_unknown_never_scheduled to None, run_after=None
[2026-04-10T10:00:15.978+0900] {logging_mixin.py:190} INFO - [2026-04-10T10:00:15.978+0900] {dag.py:4138} INFO - Setting next_dagrun for dataset_produces_1 to 2026-04-09 00:00:00+00:00, run_after=2026-04-10 00:00:00+00:00
[2026-04-10T10:00:15.979+0900] {logging_mixin.py:190} INFO - [2026-04-10T10:00:15.979+0900] {dag.py:4138} INFO - Setting next_dagrun for dataset_produces_2 to None, run_after=None
[2026-04-10T10:00:16.000+0900] {processor.py:208} INFO - Processing /home/airflow/.local/lib/python3.12/site-packages/airflow/example_dags/example_datasets.py took 0.200 seconds
[2026-04-10T10:00:46.881+0900] {processor.py:186} INFO - Started process (PID=152955) to work on /home/airflow/.local/lib/python3.12/site-packages/airflow/example_dags/example_datasets.py
[2026-04-10T10:00:46.883+0900] {processor.py:914} INFO - Processing file /home/airflow/.local/lib/python3.12/site-packages/airflow/example_dags/example_datasets.py for tasks to queue
[2026-04-10T10:00:46.885+0900] {logging_mixin.py:190} INFO - [2026-04-10T10:00:46.885+0900] {dagbag.py:587} INFO - Filling up the DagBag from /home/airflow/.local/lib/python3.12/site-packages/airflow/example_dags/example_datasets.py
[2026-04-10T10:00:46.981+0900] {processor.py:925} INFO - DAG(s) 'dataset_produces_2', 'dataset_consumes_unknown_never_scheduled', 'dataset_consumes_1_never_scheduled', 'consume_1_or_2_with_dataset_expressions', 'conditional_dataset_and_time_based_timetable', 'dataset_consumes_1', 'dataset_produces_1', 'consume_1_or_both_2_and_3_with_dataset_expressions', 'dataset_consumes_1_and_2', 'consume_1_and_2_with_dataset_expressions' retrieved from /home/airflow/.local/lib/python3.12/site-packages/airflow/example_dags/example_datasets.py
[2026-04-10T10:00:47.010+0900] {logging_mixin.py:190} INFO - [2026-04-10T10:00:47.010+0900] {dag.py:3211} INFO - Sync 10 DAGs
[2026-04-10T10:00:47.028+0900] {logging_mixin.py:190} INFO - [2026-04-10T10:00:47.028+0900] {dag.py:4138} INFO - Setting next_dagrun for conditional_dataset_and_time_based_timetable to 2026-04-08 01:00:00+00:00, run_after=2026-04-08 01:00:00+00:00
[2026-04-10T10:00:47.030+0900] {logging_mixin.py:190} INFO - [2026-04-10T10:00:47.030+0900] {dag.py:4138} INFO - Setting next_dagrun for consume_1_and_2_with_dataset_expressions to None, run_after=None
[2026-04-10T10:00:47.031+0900] {logging_mixin.py:190} INFO - [2026-04-10T10:00:47.031+0900] {dag.py:4138} INFO - Setting next_dagrun for consume_1_or_2_with_dataset_expressions to None, run_after=None
[2026-04-10T10:00:47.033+0900] {logging_mixin.py:190} INFO - [2026-04-10T10:00:47.033+0900] {dag.py:4138} INFO - Setting next_dagrun for consume_1_or_both_2_and_3_with_dataset_expressions to None, run_after=None
[2026-04-10T10:00:47.034+0900] {logging_mixin.py:190} INFO - [2026-04-10T10:00:47.034+0900] {dag.py:4138} INFO - Setting next_dagrun for dataset_consumes_1 to None, run_after=None
[2026-04-10T10:00:47.035+0900] {logging_mixin.py:190} INFO - [2026-04-10T10:00:47.035+0900] {dag.py:4138} INFO - Setting next_dagrun for dataset_consumes_1_and_2 to None, run_after=None
[2026-04-10T10:00:47.036+0900] {logging_mixin.py:190} INFO - [2026-04-10T10:00:47.036+0900] {dag.py:4138} INFO - Setting next_dagrun for dataset_consumes_1_never_scheduled to None, run_after=None
[2026-04-10T10:00:47.037+0900] {logging_mixin.py:190} INFO - [2026-04-10T10:00:47.037+0900] {dag.py:4138} INFO - Setting next_dagrun for dataset_consumes_unknown_never_scheduled to None, run_after=None
[2026-04-10T10:00:47.038+0900] {logging_mixin.py:190} INFO - [2026-04-10T10:00:47.038+0900] {dag.py:4138} INFO - Setting next_dagrun for dataset_produces_1 to 2026-04-09 00:00:00+00:00, run_after=2026-04-10 00:00:00+00:00
[2026-04-10T10:00:47.040+0900] {logging_mixin.py:190} INFO - [2026-04-10T10:00:47.039+0900] {dag.py:4138} INFO - Setting next_dagrun for dataset_produces_2 to None, run_after=None
[2026-04-10T10:00:47.059+0900] {processor.py:208} INFO - Processing /home/airflow/.local/lib/python3.12/site-packages/airflow/example_dags/example_datasets.py took 0.182 seconds
[2026-04-10T10:01:17.228+0900] {processor.py:186} INFO - Started process (PID=153018) to work on /home/airflow/.local/lib/python3.12/site-packages/airflow/example_dags/example_datasets.py
[2026-04-10T10:01:17.229+0900] {processor.py:914} INFO - Processing file /home/airflow/.local/lib/python3.12/site-packages/airflow/example_dags/example_datasets.py for tasks to queue
[2026-04-10T10:01:17.231+0900] {logging_mixin.py:190} INFO - [2026-04-10T10:01:17.230+0900] {dagbag.py:587} INFO - Filling up the DagBag from /home/airflow/.local/lib/python3.12/site-packages/airflow/example_dags/example_datasets.py
[2026-04-10T10:01:17.370+0900] {processor.py:925} INFO - DAG(s) 'dataset_consumes_1_never_scheduled', 'consume_1_and_2_with_dataset_expressions', 'consume_1_or_both_2_and_3_with_dataset_expressions', 'dataset_consumes_1', 'dataset_produces_2', 'conditional_dataset_and_time_based_timetable', 'dataset_consumes_unknown_never_scheduled', 'dataset_consumes_1_and_2', 'dataset_produces_1', 'consume_1_or_2_with_dataset_expressions' retrieved from /home/airflow/.local/lib/python3.12/site-packages/airflow/example_dags/example_datasets.py
[2026-04-10T10:01:17.412+0900] {logging_mixin.py:190} INFO - [2026-04-10T10:01:17.411+0900] {dag.py:3211} INFO - Sync 10 DAGs
[2026-04-10T10:01:17.433+0900] {logging_mixin.py:190} INFO - [2026-04-10T10:01:17.433+0900] {dag.py:4138} INFO - Setting next_dagrun for conditional_dataset_and_time_based_timetable to 2026-04-08 01:00:00+00:00, run_after=2026-04-08 01:00:00+00:00
[2026-04-10T10:01:17.437+0900] {logging_mixin.py:190} INFO - [2026-04-10T10:01:17.437+0900] {dag.py:4138} INFO - Setting next_dagrun for consume_1_and_2_with_dataset_expressions to None, run_after=None
[2026-04-10T10:01:17.439+0900] {logging_mixin.py:190} INFO - [2026-04-10T10:01:17.438+0900] {dag.py:4138} INFO - Setting next_dagrun for consume_1_or_2_with_dataset_expressions to None, run_after=None
[2026-04-10T10:01:17.440+0900] {logging_mixin.py:190} INFO - [2026-04-10T10:01:17.440+0900] {dag.py:4138} INFO - Setting next_dagrun for consume_1_or_both_2_and_3_with_dataset_expressions to None, run_after=None
[2026-04-10T10:01:17.442+0900] {logging_mixin.py:190} INFO - [2026-04-10T10:01:17.441+0900] {dag.py:4138} INFO - Setting next_dagrun for dataset_consumes_1 to None, run_after=None
[2026-04-10T10:01:17.443+0900] {logging_mixin.py:190} INFO - [2026-04-10T10:01:17.443+0900] {dag.py:4138} INFO - Setting next_dagrun for dataset_consumes_1_and_2 to None, run_after=None
[2026-04-10T10:01:17.444+0900] {logging_mixin.py:190} INFO - [2026-04-10T10:01:17.444+0900] {dag.py:4138} INFO - Setting next_dagrun for dataset_consumes_1_never_scheduled to None, run_after=None
[2026-04-10T10:01:17.446+0900] {logging_mixin.py:190} INFO - [2026-04-10T10:01:17.446+0900] {dag.py:4138} INFO - Setting next_dagrun for dataset_consumes_unknown_never_scheduled to None, run_after=None
[2026-04-10T10:01:17.448+0900] {logging_mixin.py:190} INFO - [2026-04-10T10:01:17.448+0900] {dag.py:4138} INFO - Setting next_dagrun for dataset_produces_1 to 2026-04-09 00:00:00+00:00, run_after=2026-04-10 00:00:00+00:00
[2026-04-10T10:01:17.449+0900] {logging_mixin.py:190} INFO - [2026-04-10T10:01:17.449+0900] {dag.py:4138} INFO - Setting next_dagrun for dataset_produces_2 to None, run_after=None
[2026-04-10T10:01:17.477+0900] {processor.py:208} INFO - Processing /home/airflow/.local/lib/python3.12/site-packages/airflow/example_dags/example_datasets.py took 0.254 seconds
[2026-04-10T10:01:48.272+0900] {processor.py:186} INFO - Started process (PID=153081) to work on /home/airflow/.local/lib/python3.12/site-packages/airflow/example_dags/example_datasets.py
[2026-04-10T10:01:48.273+0900] {processor.py:914} INFO - Processing file /home/airflow/.local/lib/python3.12/site-packages/airflow/example_dags/example_datasets.py for tasks to queue
[2026-04-10T10:01:48.275+0900] {logging_mixin.py:190} INFO - [2026-04-10T10:01:48.275+0900] {dagbag.py:587} INFO - Filling up the DagBag from /home/airflow/.local/lib/python3.12/site-packages/airflow/example_dags/example_datasets.py
[2026-04-10T10:01:48.373+0900] {processor.py:925} INFO - DAG(s) 'dataset_produces_2', 'dataset_consumes_1_never_scheduled', 'dataset_produces_1', 'dataset_consumes_1_and_2', 'consume_1_and_2_with_dataset_expressions', 'consume_1_or_both_2_and_3_with_dataset_expressions', 'conditional_dataset_and_time_based_timetable', 'dataset_consumes_1', 'consume_1_or_2_with_dataset_expressions', 'dataset_consumes_unknown_never_scheduled' retrieved from /home/airflow/.local/lib/python3.12/site-packages/airflow/example_dags/example_datasets.py
[2026-04-10T10:01:48.401+0900] {logging_mixin.py:190} INFO - [2026-04-10T10:01:48.401+0900] {dag.py:3211} INFO - Sync 10 DAGs
[2026-04-10T10:01:48.418+0900] {logging_mixin.py:190} INFO - [2026-04-10T10:01:48.418+0900] {dag.py:4138} INFO - Setting next_dagrun for conditional_dataset_and_time_based_timetable to 2026-04-08 01:00:00+00:00, run_after=2026-04-08 01:00:00+00:00
[2026-04-10T10:01:48.422+0900] {logging_mixin.py:190} INFO - [2026-04-10T10:01:48.422+0900] {dag.py:4138} INFO - Setting next_dagrun for consume_1_and_2_with_dataset_expressions to None, run_after=None
[2026-04-10T10:01:48.423+0900] {logging_mixin.py:190} INFO - [2026-04-10T10:01:48.423+0900] {dag.py:4138} INFO - Setting next_dagrun for consume_1_or_2_with_dataset_expressions to None, run_after=None
[2026-04-10T10:01:48.425+0900] {logging_mixin.py:190} INFO - [2026-04-10T10:01:48.425+0900] {dag.py:4138} INFO - Setting next_dagrun for consume_1_or_both_2_and_3_with_dataset_expressions to None, run_after=None
[2026-04-10T10:01:48.426+0900] {logging_mixin.py:190} INFO - [2026-04-10T10:01:48.426+0900] {dag.py:4138} INFO - Setting next_dagrun for dataset_consumes_1 to None, run_after=None
[2026-04-10T10:01:48.427+0900] {logging_mixin.py:190} INFO - [2026-04-10T10:01:48.427+0900] {dag.py:4138} INFO - Setting next_dagrun for dataset_consumes_1_and_2 to None, run_after=None
[2026-04-10T10:01:48.429+0900] {logging_mixin.py:190} INFO - [2026-04-10T10:01:48.428+0900] {dag.py:4138} INFO - Setting next_dagrun for dataset_consumes_1_never_scheduled to None, run_after=None
[2026-04-10T10:01:48.430+0900] {logging_mixin.py:190} INFO - [2026-04-10T10:01:48.430+0900] {dag.py:4138} INFO - Setting next_dagrun for dataset_consumes_unknown_never_scheduled to None, run_after=None
[2026-04-10T10:01:48.431+0900] {logging_mixin.py:190} INFO - [2026-04-10T10:01:48.431+0900] {dag.py:4138} INFO - Setting next_dagrun for dataset_produces_1 to 2026-04-09 00:00:00+00:00, run_after=2026-04-10 00:00:00+00:00
[2026-04-10T10:01:48.433+0900] {logging_mixin.py:190} INFO - [2026-04-10T10:01:48.433+0900] {dag.py:4138} INFO - Setting next_dagrun for dataset_produces_2 to None, run_after=None
[2026-04-10T10:01:48.455+0900] {processor.py:208} INFO - Processing /home/airflow/.local/lib/python3.12/site-packages/airflow/example_dags/example_datasets.py took 0.188 seconds
[2026-04-10T10:02:18.553+0900] {processor.py:186} INFO - Started process (PID=153144) to work on /home/airflow/.local/lib/python3.12/site-packages/airflow/example_dags/example_datasets.py
[2026-04-10T10:02:18.554+0900] {processor.py:914} INFO - Processing file /home/airflow/.local/lib/python3.12/site-packages/airflow/example_dags/example_datasets.py for tasks to queue
[2026-04-10T10:02:18.556+0900] {logging_mixin.py:190} INFO - [2026-04-10T10:02:18.555+0900] {dagbag.py:587} INFO - Filling up the DagBag from /home/airflow/.local/lib/python3.12/site-packages/airflow/example_dags/example_datasets.py
[2026-04-10T10:02:18.660+0900] {processor.py:925} INFO - DAG(s) 'consume_1_or_both_2_and_3_with_dataset_expressions', 'dataset_produces_2', 'dataset_consumes_1_and_2', 'dataset_consumes_1', 'consume_1_and_2_with_dataset_expressions', 'dataset_produces_1', 'dataset_consumes_unknown_never_scheduled', 'conditional_dataset_and_time_based_timetable', 'dataset_consumes_1_never_scheduled', 'consume_1_or_2_with_dataset_expressions' retrieved from /home/airflow/.local/lib/python3.12/site-packages/airflow/example_dags/example_datasets.py
[2026-04-10T10:02:18.686+0900] {logging_mixin.py:190} INFO - [2026-04-10T10:02:18.686+0900] {dag.py:3211} INFO - Sync 10 DAGs
[2026-04-10T10:02:18.704+0900] {logging_mixin.py:190} INFO - [2026-04-10T10:02:18.704+0900] {dag.py:4138} INFO - Setting next_dagrun for conditional_dataset_and_time_based_timetable to 2026-04-08 01:00:00+00:00, run_after=2026-04-08 01:00:00+00:00
[2026-04-10T10:02:18.707+0900] {logging_mixin.py:190} INFO - [2026-04-10T10:02:18.707+0900] {dag.py:4138} INFO - Setting next_dagrun for consume_1_and_2_with_dataset_expressions to None, run_after=None
[2026-04-10T10:02:18.709+0900] {logging_mixin.py:190} INFO - [2026-04-10T10:02:18.708+0900] {dag.py:4138} INFO - Setting next_dagrun for consume_1_or_2_with_dataset_expressions to None, run_after=None
[2026-04-10T10:02:18.710+0900] {logging_mixin.py:190} INFO - [2026-04-10T10:02:18.710+0900] {dag.py:4138} INFO - Setting next_dagrun for consume_1_or_both_2_and_3_with_dataset_expressions to None, run_after=None
[2026-04-10T10:02:18.711+0900] {logging_mixin.py:190} INFO - [2026-04-10T10:02:18.711+0900] {dag.py:4138} INFO - Setting next_dagrun for dataset_consumes_1 to None, run_after=None
[2026-04-10T10:02:18.712+0900] {logging_mixin.py:190} INFO - [2026-04-10T10:02:18.712+0900] {dag.py:4138} INFO - Setting next_dagrun for dataset_consumes_1_and_2 to None, run_after=None
[2026-04-10T10:02:18.714+0900] {logging_mixin.py:190} INFO - [2026-04-10T10:02:18.713+0900] {dag.py:4138} INFO - Setting next_dagrun for dataset_consumes_1_never_scheduled to None, run_after=None
[2026-04-10T10:02:18.714+0900] {logging_mixin.py:190} INFO - [2026-04-10T10:02:18.714+0900] {dag.py:4138} INFO - Setting next_dagrun for dataset_consumes_unknown_never_scheduled to None, run_after=None
[2026-04-10T10:02:18.716+0900] {logging_mixin.py:190} INFO - [2026-04-10T10:02:18.716+0900] {dag.py:4138} INFO - Setting next_dagrun for dataset_produces_1 to 2026-04-09 00:00:00+00:00, run_after=2026-04-10 00:00:00+00:00
[2026-04-10T10:02:18.717+0900] {logging_mixin.py:190} INFO - [2026-04-10T10:02:18.717+0900] {dag.py:4138} INFO - Setting next_dagrun for dataset_produces_2 to None, run_after=None
[2026-04-10T10:02:18.739+0900] {processor.py:208} INFO - Processing /home/airflow/.local/lib/python3.12/site-packages/airflow/example_dags/example_datasets.py took 0.191 seconds
[2026-04-10T10:02:49.159+0900] {processor.py:186} INFO - Started process (PID=153207) to work on /home/airflow/.local/lib/python3.12/site-packages/airflow/example_dags/example_datasets.py
[2026-04-10T10:02:49.161+0900] {processor.py:914} INFO - Processing file /home/airflow/.local/lib/python3.12/site-packages/airflow/example_dags/example_datasets.py for tasks to queue
[2026-04-10T10:02:49.163+0900] {logging_mixin.py:190} INFO - [2026-04-10T10:02:49.163+0900] {dagbag.py:587} INFO - Filling up the DagBag from /home/airflow/.local/lib/python3.12/site-packages/airflow/example_dags/example_datasets.py
[2026-04-10T10:02:49.321+0900] {processor.py:925} INFO - DAG(s) 'dataset_consumes_1_and_2', 'consume_1_or_both_2_and_3_with_dataset_expressions', 'dataset_consumes_1_never_scheduled', 'dataset_consumes_1', 'consume_1_and_2_with_dataset_expressions', 'dataset_consumes_unknown_never_scheduled', 'dataset_produces_1', 'consume_1_or_2_with_dataset_expressions', 'conditional_dataset_and_time_based_timetable', 'dataset_produces_2' retrieved from /home/airflow/.local/lib/python3.12/site-packages/airflow/example_dags/example_datasets.py
[2026-04-10T10:02:49.368+0900] {logging_mixin.py:190} INFO - [2026-04-10T10:02:49.368+0900] {dag.py:3211} INFO - Sync 10 DAGs
[2026-04-10T10:02:49.393+0900] {logging_mixin.py:190} INFO - [2026-04-10T10:02:49.393+0900] {dag.py:4138} INFO - Setting next_dagrun for conditional_dataset_and_time_based_timetable to 2026-04-08 01:00:00+00:00, run_after=2026-04-08 01:00:00+00:00
[2026-04-10T10:02:49.397+0900] {logging_mixin.py:190} INFO - [2026-04-10T10:02:49.397+0900] {dag.py:4138} INFO - Setting next_dagrun for consume_1_and_2_with_dataset_expressions to None, run_after=None
[2026-04-10T10:02:49.399+0900] {logging_mixin.py:190} INFO - [2026-04-10T10:02:49.399+0900] {dag.py:4138} INFO - Setting next_dagrun for consume_1_or_2_with_dataset_expressions to None, run_after=None
[2026-04-10T10:02:49.401+0900] {logging_mixin.py:190} INFO - [2026-04-10T10:02:49.400+0900] {dag.py:4138} INFO - Setting next_dagrun for consume_1_or_both_2_and_3_with_dataset_expressions to None, run_after=None
[2026-04-10T10:02:49.402+0900] {logging_mixin.py:190} INFO - [2026-04-10T10:02:49.402+0900] {dag.py:4138} INFO - Setting next_dagrun for dataset_consumes_1 to None, run_after=None
[2026-04-10T10:02:49.404+0900] {logging_mixin.py:190} INFO - [2026-04-10T10:02:49.404+0900] {dag.py:4138} INFO - Setting next_dagrun for dataset_consumes_1_and_2 to None, run_after=None
[2026-04-10T10:02:49.405+0900] {logging_mixin.py:190} INFO - [2026-04-10T10:02:49.405+0900] {dag.py:4138} INFO - Setting next_dagrun for dataset_consumes_1_never_scheduled to None, run_after=None
[2026-04-10T10:02:49.407+0900] {logging_mixin.py:190} INFO - [2026-04-10T10:02:49.407+0900] {dag.py:4138} INFO - Setting next_dagrun for dataset_consumes_unknown_never_scheduled to None, run_after=None
[2026-04-10T10:02:49.409+0900] {logging_mixin.py:190} INFO - [2026-04-10T10:02:49.409+0900] {dag.py:4138} INFO - Setting next_dagrun for dataset_produces_1 to 2026-04-09 00:00:00+00:00, run_after=2026-04-10 00:00:00+00:00
[2026-04-10T10:02:49.410+0900] {logging_mixin.py:190} INFO - [2026-04-10T10:02:49.410+0900] {dag.py:4138} INFO - Setting next_dagrun for dataset_produces_2 to None, run_after=None
[2026-04-10T10:02:49.447+0900] {processor.py:208} INFO - Processing /home/airflow/.local/lib/python3.12/site-packages/airflow/example_dags/example_datasets.py took 0.296 seconds
[2026-04-10T10:03:19.501+0900] {processor.py:186} INFO - Started process (PID=153270) to work on /home/airflow/.local/lib/python3.12/site-packages/airflow/example_dags/example_datasets.py
[2026-04-10T10:03:19.503+0900] {processor.py:914} INFO - Processing file /home/airflow/.local/lib/python3.12/site-packages/airflow/example_dags/example_datasets.py for tasks to queue
[2026-04-10T10:03:19.505+0900] {logging_mixin.py:190} INFO - [2026-04-10T10:03:19.505+0900] {dagbag.py:587} INFO - Filling up the DagBag from /home/airflow/.local/lib/python3.12/site-packages/airflow/example_dags/example_datasets.py
[2026-04-10T10:03:19.613+0900] {processor.py:925} INFO - DAG(s) 'dataset_consumes_unknown_never_scheduled', 'dataset_consumes_1', 'consume_1_and_2_with_dataset_expressions', 'dataset_produces_2', 'consume_1_or_2_with_dataset_expressions', 'consume_1_or_both_2_and_3_with_dataset_expressions', 'dataset_produces_1', 'dataset_consumes_1_and_2', 'dataset_consumes_1_never_scheduled', 'conditional_dataset_and_time_based_timetable' retrieved from /home/airflow/.local/lib/python3.12/site-packages/airflow/example_dags/example_datasets.py
[2026-04-10T10:03:19.646+0900] {logging_mixin.py:190} INFO - [2026-04-10T10:03:19.646+0900] {dag.py:3211} INFO - Sync 10 DAGs
[2026-04-10T10:03:19.664+0900] {logging_mixin.py:190} INFO - [2026-04-10T10:03:19.663+0900] {dag.py:4138} INFO - Setting next_dagrun for conditional_dataset_and_time_based_timetable to 2026-04-08 01:00:00+00:00, run_after=2026-04-08 01:00:00+00:00
[2026-04-10T10:03:19.667+0900] {logging_mixin.py:190} INFO - [2026-04-10T10:03:19.667+0900] {dag.py:4138} INFO - Setting next_dagrun for consume_1_and_2_with_dataset_expressions to None, run_after=None
[2026-04-10T10:03:19.669+0900] {logging_mixin.py:190} INFO - [2026-04-10T10:03:19.668+0900] {dag.py:4138} INFO - Setting next_dagrun for consume_1_or_2_with_dataset_expressions to None, run_after=None
[2026-04-10T10:03:19.670+0900] {logging_mixin.py:190} INFO - [2026-04-10T10:03:19.670+0900] {dag.py:4138} INFO - Setting next_dagrun for consume_1_or_both_2_and_3_with_dataset_expressions to None, run_after=None
[2026-04-10T10:03:19.671+0900] {logging_mixin.py:190} INFO - [2026-04-10T10:03:19.671+0900] {dag.py:4138} INFO - Setting next_dagrun for dataset_consumes_1 to None, run_after=None
[2026-04-10T10:03:19.672+0900] {logging_mixin.py:190} INFO - [2026-04-10T10:03:19.672+0900] {dag.py:4138} INFO - Setting next_dagrun for dataset_consumes_1_and_2 to None, run_after=None
[2026-04-10T10:03:19.673+0900] {logging_mixin.py:190} INFO - [2026-04-10T10:03:19.673+0900] {dag.py:4138} INFO - Setting next_dagrun for dataset_consumes_1_never_scheduled to None, run_after=None
[2026-04-10T10:03:19.674+0900] {logging_mixin.py:190} INFO - [2026-04-10T10:03:19.674+0900] {dag.py:4138} INFO - Setting next_dagrun for dataset_consumes_unknown_never_scheduled to None, run_after=None
[2026-04-10T10:03:19.676+0900] {logging_mixin.py:190} INFO - [2026-04-10T10:03:19.676+0900] {dag.py:4138} INFO - Setting next_dagrun for dataset_produces_1 to 2026-04-09 00:00:00+00:00, run_after=2026-04-10 00:00:00+00:00
[2026-04-10T10:03:19.677+0900] {logging_mixin.py:190} INFO - [2026-04-10T10:03:19.677+0900] {dag.py:4138} INFO - Setting next_dagrun for dataset_produces_2 to None, run_after=None
[2026-04-10T10:03:19.702+0900] {processor.py:208} INFO - Processing /home/airflow/.local/lib/python3.12/site-packages/airflow/example_dags/example_datasets.py took 0.205 seconds
[2026-04-10T10:03:49.784+0900] {processor.py:186} INFO - Started process (PID=153333) to work on /home/airflow/.local/lib/python3.12/site-packages/airflow/example_dags/example_datasets.py
[2026-04-10T10:03:49.785+0900] {processor.py:914} INFO - Processing file /home/airflow/.local/lib/python3.12/site-packages/airflow/example_dags/example_datasets.py for tasks to queue
[2026-04-10T10:03:49.787+0900] {logging_mixin.py:190} INFO - [2026-04-10T10:03:49.787+0900] {dagbag.py:587} INFO - Filling up the DagBag from /home/airflow/.local/lib/python3.12/site-packages/airflow/example_dags/example_datasets.py
[2026-04-10T10:03:49.892+0900] {processor.py:925} INFO - DAG(s) 'consume_1_or_both_2_and_3_with_dataset_expressions', 'dataset_consumes_unknown_never_scheduled', 'dataset_produces_1', 'dataset_produces_2', 'consume_1_or_2_with_dataset_expressions', 'consume_1_and_2_with_dataset_expressions', 'conditional_dataset_and_time_based_timetable', 'dataset_consumes_1_and_2', 'dataset_consumes_1', 'dataset_consumes_1_never_scheduled' retrieved from /home/airflow/.local/lib/python3.12/site-packages/airflow/example_dags/example_datasets.py
[2026-04-10T10:03:49.925+0900] {logging_mixin.py:190} INFO - [2026-04-10T10:03:49.925+0900] {dag.py:3211} INFO - Sync 10 DAGs
[2026-04-10T10:03:49.944+0900] {logging_mixin.py:190} INFO - [2026-04-10T10:03:49.944+0900] {dag.py:4138} INFO - Setting next_dagrun for conditional_dataset_and_time_based_timetable to 2026-04-08 01:00:00+00:00, run_after=2026-04-08 01:00:00+00:00
[2026-04-10T10:03:49.947+0900] {logging_mixin.py:190} INFO - [2026-04-10T10:03:49.947+0900] {dag.py:4138} INFO - Setting next_dagrun for consume_1_and_2_with_dataset_expressions to None, run_after=None
[2026-04-10T10:03:49.948+0900] {logging_mixin.py:190} INFO - [2026-04-10T10:03:49.948+0900] {dag.py:4138} INFO - Setting next_dagrun for consume_1_or_2_with_dataset_expressions to None, run_after=None
[2026-04-10T10:03:49.949+0900] {logging_mixin.py:190} INFO - [2026-04-10T10:03:49.949+0900] {dag.py:4138} INFO - Setting next_dagrun for consume_1_or_both_2_and_3_with_dataset_expressions to None, run_after=None
[2026-04-10T10:03:49.951+0900] {logging_mixin.py:190} INFO - [2026-04-10T10:03:49.951+0900] {dag.py:4138} INFO - Setting next_dagrun for dataset_consumes_1 to None, run_after=None
[2026-04-10T10:03:49.952+0900] {logging_mixin.py:190} INFO - [2026-04-10T10:03:49.952+0900] {dag.py:4138} INFO - Setting next_dagrun for dataset_consumes_1_and_2 to None, run_after=None
[2026-04-10T10:03:49.953+0900] {logging_mixin.py:190} INFO - [2026-04-10T10:03:49.953+0900] {dag.py:4138} INFO - Setting next_dagrun for dataset_consumes_1_never_scheduled to None, run_after=None
[2026-04-10T10:03:49.954+0900] {logging_mixin.py:190} INFO - [2026-04-10T10:03:49.954+0900] {dag.py:4138} INFO - Setting next_dagrun for dataset_consumes_unknown_never_scheduled to None, run_after=None
[2026-04-10T10:03:49.956+0900] {logging_mixin.py:190} INFO - [2026-04-10T10:03:49.956+0900] {dag.py:4138} INFO - Setting next_dagrun for dataset_produces_1 to 2026-04-09 00:00:00+00:00, run_after=2026-04-10 00:00:00+00:00
[2026-04-10T10:03:49.957+0900] {logging_mixin.py:190} INFO - [2026-04-10T10:03:49.957+0900] {dag.py:4138} INFO - Setting next_dagrun for dataset_produces_2 to None, run_after=None
[2026-04-10T10:03:49.981+0900] {processor.py:208} INFO - Processing /home/airflow/.local/lib/python3.12/site-packages/airflow/example_dags/example_datasets.py took 0.201 seconds
[2026-04-10T10:04:20.669+0900] {processor.py:186} INFO - Started process (PID=153396) to work on /home/airflow/.local/lib/python3.12/site-packages/airflow/example_dags/example_datasets.py
[2026-04-10T10:04:20.671+0900] {processor.py:914} INFO - Processing file /home/airflow/.local/lib/python3.12/site-packages/airflow/example_dags/example_datasets.py for tasks to queue
[2026-04-10T10:04:20.675+0900] {logging_mixin.py:190} INFO - [2026-04-10T10:04:20.675+0900] {dagbag.py:587} INFO - Filling up the DagBag from /home/airflow/.local/lib/python3.12/site-packages/airflow/example_dags/example_datasets.py
[2026-04-10T10:04:20.870+0900] {processor.py:925} INFO - DAG(s) 'dataset_consumes_1_never_scheduled', 'dataset_produces_2', 'dataset_consumes_unknown_never_scheduled', 'dataset_produces_1', 'consume_1_or_both_2_and_3_with_dataset_expressions', 'dataset_consumes_1_and_2', 'conditional_dataset_and_time_based_timetable', 'consume_1_and_2_with_dataset_expressions', 'dataset_consumes_1', 'consume_1_or_2_with_dataset_expressions' retrieved from /home/airflow/.local/lib/python3.12/site-packages/airflow/example_dags/example_datasets.py
[2026-04-10T10:04:20.931+0900] {logging_mixin.py:190} INFO - [2026-04-10T10:04:20.930+0900] {dag.py:3211} INFO - Sync 10 DAGs
[2026-04-10T10:04:20.965+0900] {logging_mixin.py:190} INFO - [2026-04-10T10:04:20.965+0900] {dag.py:4138} INFO - Setting next_dagrun for conditional_dataset_and_time_based_timetable to 2026-04-08 01:00:00+00:00, run_after=2026-04-08 01:00:00+00:00
[2026-04-10T10:04:20.971+0900] {logging_mixin.py:190} INFO - [2026-04-10T10:04:20.971+0900] {dag.py:4138} INFO - Setting next_dagrun for consume_1_and_2_with_dataset_expressions to None, run_after=None
[2026-04-10T10:04:20.974+0900] {logging_mixin.py:190} INFO - [2026-04-10T10:04:20.974+0900] {dag.py:4138} INFO - Setting next_dagrun for consume_1_or_2_with_dataset_expressions to None, run_after=None
[2026-04-10T10:04:20.976+0900] {logging_mixin.py:190} INFO - [2026-04-10T10:04:20.976+0900] {dag.py:4138} INFO - Setting next_dagrun for consume_1_or_both_2_and_3_with_dataset_expressions to None, run_after=None
[2026-04-10T10:04:20.978+0900] {logging_mixin.py:190} INFO - [2026-04-10T10:04:20.978+0900] {dag.py:4138} INFO - Setting next_dagrun for dataset_consumes_1 to None, run_after=None
[2026-04-10T10:04:20.980+0900] {logging_mixin.py:190} INFO - [2026-04-10T10:04:20.980+0900] {dag.py:4138} INFO - Setting next_dagrun for dataset_consumes_1_and_2 to None, run_after=None
[2026-04-10T10:04:20.982+0900] {logging_mixin.py:190} INFO - [2026-04-10T10:04:20.982+0900] {dag.py:4138} INFO - Setting next_dagrun for dataset_consumes_1_never_scheduled to None, run_after=None
[2026-04-10T10:04:20.985+0900] {logging_mixin.py:190} INFO - [2026-04-10T10:04:20.985+0900] {dag.py:4138} INFO - Setting next_dagrun for dataset_consumes_unknown_never_scheduled to None, run_after=None
[2026-04-10T10:04:20.988+0900] {logging_mixin.py:190} INFO - [2026-04-10T10:04:20.988+0900] {dag.py:4138} INFO - Setting next_dagrun for dataset_produces_1 to 2026-04-09 00:00:00+00:00, run_after=2026-04-10 00:00:00+00:00
[2026-04-10T10:04:20.990+0900] {logging_mixin.py:190} INFO - [2026-04-10T10:04:20.990+0900] {dag.py:4138} INFO - Setting next_dagrun for dataset_produces_2 to None, run_after=None
[2026-04-10T10:04:21.039+0900] {processor.py:208} INFO - Processing /home/airflow/.local/lib/python3.12/site-packages/airflow/example_dags/example_datasets.py took 0.379 seconds
[2026-04-10T10:04:51.698+0900] {processor.py:186} INFO - Started process (PID=153459) to work on /home/airflow/.local/lib/python3.12/site-packages/airflow/example_dags/example_datasets.py
[2026-04-10T10:04:51.700+0900] {processor.py:914} INFO - Processing file /home/airflow/.local/lib/python3.12/site-packages/airflow/example_dags/example_datasets.py for tasks to queue
[2026-04-10T10:04:51.707+0900] {logging_mixin.py:190} INFO - [2026-04-10T10:04:51.706+0900] {dagbag.py:587} INFO - Filling up the DagBag from /home/airflow/.local/lib/python3.12/site-packages/airflow/example_dags/example_datasets.py
[2026-04-10T10:04:52.047+0900] {processor.py:925} INFO - DAG(s) 'dataset_consumes_unknown_never_scheduled', 'dataset_consumes_1_never_scheduled', 'dataset_produces_1', 'consume_1_and_2_with_dataset_expressions', 'conditional_dataset_and_time_based_timetable', 'dataset_produces_2', 'consume_1_or_both_2_and_3_with_dataset_expressions', 'dataset_consumes_1', 'consume_1_or_2_with_dataset_expressions', 'dataset_consumes_1_and_2' retrieved from /home/airflow/.local/lib/python3.12/site-packages/airflow/example_dags/example_datasets.py
[2026-04-10T10:04:52.161+0900] {logging_mixin.py:190} INFO - [2026-04-10T10:04:52.160+0900] {dag.py:3211} INFO - Sync 10 DAGs
[2026-04-10T10:04:52.227+0900] {logging_mixin.py:190} INFO - [2026-04-10T10:04:52.226+0900] {dag.py:4138} INFO - Setting next_dagrun for conditional_dataset_and_time_based_timetable to 2026-04-08 01:00:00+00:00, run_after=2026-04-08 01:00:00+00:00
[2026-04-10T10:04:52.237+0900] {logging_mixin.py:190} INFO - [2026-04-10T10:04:52.236+0900] {dag.py:4138} INFO - Setting next_dagrun for consume_1_and_2_with_dataset_expressions to None, run_after=None
[2026-04-10T10:04:52.241+0900] {logging_mixin.py:190} INFO - [2026-04-10T10:04:52.241+0900] {dag.py:4138} INFO - Setting next_dagrun for consume_1_or_2_with_dataset_expressions to None, run_after=None
[2026-04-10T10:04:52.244+0900] {logging_mixin.py:190} INFO - [2026-04-10T10:04:52.244+0900] {dag.py:4138} INFO - Setting next_dagrun for consume_1_or_both_2_and_3_with_dataset_expressions to None, run_after=None
[2026-04-10T10:04:52.248+0900] {logging_mixin.py:190} INFO - [2026-04-10T10:04:52.247+0900] {dag.py:4138} INFO - Setting next_dagrun for dataset_consumes_1 to None, run_after=None
[2026-04-10T10:04:52.250+0900] {logging_mixin.py:190} INFO - [2026-04-10T10:04:52.250+0900] {dag.py:4138} INFO - Setting next_dagrun for dataset_consumes_1_and_2 to None, run_after=None
[2026-04-10T10:04:52.253+0900] {logging_mixin.py:190} INFO - [2026-04-10T10:04:52.253+0900] {dag.py:4138} INFO - Setting next_dagrun for dataset_consumes_1_never_scheduled to None, run_after=None
[2026-04-10T10:04:52.256+0900] {logging_mixin.py:190} INFO - [2026-04-10T10:04:52.256+0900] {dag.py:4138} INFO - Setting next_dagrun for dataset_consumes_unknown_never_scheduled to None, run_after=None
[2026-04-10T10:04:52.260+0900] {logging_mixin.py:190} INFO - [2026-04-10T10:04:52.260+0900] {dag.py:4138} INFO - Setting next_dagrun for dataset_produces_1 to 2026-04-09 00:00:00+00:00, run_after=2026-04-10 00:00:00+00:00
[2026-04-10T10:04:52.263+0900] {logging_mixin.py:190} INFO - [2026-04-10T10:04:52.263+0900] {dag.py:4138} INFO - Setting next_dagrun for dataset_produces_2 to None, run_after=None
[2026-04-10T10:04:52.322+0900] {processor.py:208} INFO - Processing /home/airflow/.local/lib/python3.12/site-packages/airflow/example_dags/example_datasets.py took 0.635 seconds
[2026-04-10T10:05:22.848+0900] {processor.py:186} INFO - Started process (PID=153522) to work on /home/airflow/.local/lib/python3.12/site-packages/airflow/example_dags/example_datasets.py
[2026-04-10T10:05:22.850+0900] {processor.py:914} INFO - Processing file /home/airflow/.local/lib/python3.12/site-packages/airflow/example_dags/example_datasets.py for tasks to queue
[2026-04-10T10:05:22.855+0900] {logging_mixin.py:190} INFO - [2026-04-10T10:05:22.854+0900] {dagbag.py:587} INFO - Filling up the DagBag from /home/airflow/.local/lib/python3.12/site-packages/airflow/example_dags/example_datasets.py
[2026-04-10T10:05:23.065+0900] {processor.py:925} INFO - DAG(s) 'conditional_dataset_and_time_based_timetable', 'dataset_consumes_unknown_never_scheduled', 'dataset_consumes_1_never_scheduled', 'dataset_produces_1', 'dataset_consumes_1_and_2', 'consume_1_and_2_with_dataset_expressions', 'consume_1_or_both_2_and_3_with_dataset_expressions', 'dataset_produces_2', 'dataset_consumes_1', 'consume_1_or_2_with_dataset_expressions' retrieved from /home/airflow/.local/lib/python3.12/site-packages/airflow/example_dags/example_datasets.py
[2026-04-10T10:05:23.135+0900] {logging_mixin.py:190} INFO - [2026-04-10T10:05:23.134+0900] {dag.py:3211} INFO - Sync 10 DAGs
[2026-04-10T10:05:23.172+0900] {logging_mixin.py:190} INFO - [2026-04-10T10:05:23.172+0900] {dag.py:4138} INFO - Setting next_dagrun for conditional_dataset_and_time_based_timetable to 2026-04-08 01:00:00+00:00, run_after=2026-04-08 01:00:00+00:00
[2026-04-10T10:05:23.179+0900] {logging_mixin.py:190} INFO - [2026-04-10T10:05:23.178+0900] {dag.py:4138} INFO - Setting next_dagrun for consume_1_and_2_with_dataset_expressions to None, run_after=None
[2026-04-10T10:05:23.182+0900] {logging_mixin.py:190} INFO - [2026-04-10T10:05:23.181+0900] {dag.py:4138} INFO - Setting next_dagrun for consume_1_or_2_with_dataset_expressions to None, run_after=None
[2026-04-10T10:05:23.184+0900] {logging_mixin.py:190} INFO - [2026-04-10T10:05:23.184+0900] {dag.py:4138} INFO - Setting next_dagrun for consume_1_or_both_2_and_3_with_dataset_expressions to None, run_after=None
[2026-04-10T10:05:23.187+0900] {logging_mixin.py:190} INFO - [2026-04-10T10:05:23.187+0900] {dag.py:4138} INFO - Setting next_dagrun for dataset_consumes_1 to None, run_after=None
[2026-04-10T10:05:23.190+0900] {logging_mixin.py:190} INFO - [2026-04-10T10:05:23.190+0900] {dag.py:4138} INFO - Setting next_dagrun for dataset_consumes_1_and_2 to None, run_after=None
[2026-04-10T10:05:23.194+0900] {logging_mixin.py:190} INFO - [2026-04-10T10:05:23.193+0900] {dag.py:4138} INFO - Setting next_dagrun for dataset_consumes_1_never_scheduled to None, run_after=None
[2026-04-10T10:05:23.196+0900] {logging_mixin.py:190} INFO - [2026-04-10T10:05:23.196+0900] {dag.py:4138} INFO - Setting next_dagrun for dataset_consumes_unknown_never_scheduled to None, run_after=None
[2026-04-10T10:05:23.201+0900] {logging_mixin.py:190} INFO - [2026-04-10T10:05:23.201+0900] {dag.py:4138} INFO - Setting next_dagrun for dataset_produces_1 to 2026-04-09 00:00:00+00:00, run_after=2026-04-10 00:00:00+00:00
[2026-04-10T10:05:23.204+0900] {logging_mixin.py:190} INFO - [2026-04-10T10:05:23.203+0900] {dag.py:4138} INFO - Setting next_dagrun for dataset_produces_2 to None, run_after=None
[2026-04-10T10:05:23.262+0900] {processor.py:208} INFO - Processing /home/airflow/.local/lib/python3.12/site-packages/airflow/example_dags/example_datasets.py took 0.423 seconds
[2026-04-10T10:05:53.398+0900] {processor.py:186} INFO - Started process (PID=153585) to work on /home/airflow/.local/lib/python3.12/site-packages/airflow/example_dags/example_datasets.py
[2026-04-10T10:05:53.400+0900] {processor.py:914} INFO - Processing file /home/airflow/.local/lib/python3.12/site-packages/airflow/example_dags/example_datasets.py for tasks to queue
[2026-04-10T10:05:53.403+0900] {logging_mixin.py:190} INFO - [2026-04-10T10:05:53.403+0900] {dagbag.py:587} INFO - Filling up the DagBag from /home/airflow/.local/lib/python3.12/site-packages/airflow/example_dags/example_datasets.py
[2026-04-10T10:05:53.547+0900] {processor.py:925} INFO - DAG(s) 'consume_1_and_2_with_dataset_expressions', 'conditional_dataset_and_time_based_timetable', 'dataset_consumes_1', 'consume_1_or_2_with_dataset_expressions', 'dataset_produces_1', 'consume_1_or_both_2_and_3_with_dataset_expressions', 'dataset_consumes_unknown_never_scheduled', 'dataset_consumes_1_never_scheduled', 'dataset_consumes_1_and_2', 'dataset_produces_2' retrieved from /home/airflow/.local/lib/python3.12/site-packages/airflow/example_dags/example_datasets.py
[2026-04-10T10:05:53.617+0900] {logging_mixin.py:190} INFO - [2026-04-10T10:05:53.616+0900] {dag.py:3211} INFO - Sync 10 DAGs
[2026-04-10T10:05:53.657+0900] {logging_mixin.py:190} INFO - [2026-04-10T10:05:53.657+0900] {dag.py:4138} INFO - Setting next_dagrun for conditional_dataset_and_time_based_timetable to 2026-04-08 01:00:00+00:00, run_after=2026-04-08 01:00:00+00:00
[2026-04-10T10:05:53.664+0900] {logging_mixin.py:190} INFO - [2026-04-10T10:05:53.664+0900] {dag.py:4138} INFO - Setting next_dagrun for consume_1_and_2_with_dataset_expressions to None, run_after=None
[2026-04-10T10:05:53.667+0900] {logging_mixin.py:190} INFO - [2026-04-10T10:05:53.667+0900] {dag.py:4138} INFO - Setting next_dagrun for consume_1_or_2_with_dataset_expressions to None, run_after=None
[2026-04-10T10:05:53.670+0900] {logging_mixin.py:190} INFO - [2026-04-10T10:05:53.670+0900] {dag.py:4138} INFO - Setting next_dagrun for consume_1_or_both_2_and_3_with_dataset_expressions to None, run_after=None
[2026-04-10T10:05:53.673+0900] {logging_mixin.py:190} INFO - [2026-04-10T10:05:53.672+0900] {dag.py:4138} INFO - Setting next_dagrun for dataset_consumes_1 to None, run_after=None
[2026-04-10T10:05:53.675+0900] {logging_mixin.py:190} INFO - [2026-04-10T10:05:53.675+0900] {dag.py:4138} INFO - Setting next_dagrun for dataset_consumes_1_and_2 to None, run_after=None
[2026-04-10T10:05:53.678+0900] {logging_mixin.py:190} INFO - [2026-04-10T10:05:53.678+0900] {dag.py:4138} INFO - Setting next_dagrun for dataset_consumes_1_never_scheduled to None, run_after=None
[2026-04-10T10:05:53.681+0900] {logging_mixin.py:190} INFO - [2026-04-10T10:05:53.681+0900] {dag.py:4138} INFO - Setting next_dagrun for dataset_consumes_unknown_never_scheduled to None, run_after=None
[2026-04-10T10:05:53.685+0900] {logging_mixin.py:190} INFO - [2026-04-10T10:05:53.684+0900] {dag.py:4138} INFO - Setting next_dagrun for dataset_produces_1 to 2026-04-09 00:00:00+00:00, run_after=2026-04-10 00:00:00+00:00
[2026-04-10T10:05:53.688+0900] {logging_mixin.py:190} INFO - [2026-04-10T10:05:53.687+0900] {dag.py:4138} INFO - Setting next_dagrun for dataset_produces_2 to None, run_after=None
[2026-04-10T10:05:53.756+0900] {processor.py:208} INFO - Processing /home/airflow/.local/lib/python3.12/site-packages/airflow/example_dags/example_datasets.py took 0.369 seconds
[2026-04-10T10:06:24.231+0900] {processor.py:186} INFO - Started process (PID=153648) to work on /home/airflow/.local/lib/python3.12/site-packages/airflow/example_dags/example_datasets.py
[2026-04-10T10:06:24.234+0900] {processor.py:914} INFO - Processing file /home/airflow/.local/lib/python3.12/site-packages/airflow/example_dags/example_datasets.py for tasks to queue
[2026-04-10T10:06:24.241+0900] {logging_mixin.py:190} INFO - [2026-04-10T10:06:24.240+0900] {dagbag.py:587} INFO - Filling up the DagBag from /home/airflow/.local/lib/python3.12/site-packages/airflow/example_dags/example_datasets.py
[2026-04-10T10:06:24.501+0900] {processor.py:925} INFO - DAG(s) 'dataset_consumes_unknown_never_scheduled', 'consume_1_and_2_with_dataset_expressions', 'dataset_consumes_1_and_2', 'dataset_consumes_1', 'consume_1_or_both_2_and_3_with_dataset_expressions', 'conditional_dataset_and_time_based_timetable', 'dataset_produces_2', 'consume_1_or_2_with_dataset_expressions', 'dataset_produces_1', 'dataset_consumes_1_never_scheduled' retrieved from /home/airflow/.local/lib/python3.12/site-packages/airflow/example_dags/example_datasets.py
[2026-04-10T10:06:24.563+0900] {logging_mixin.py:190} INFO - [2026-04-10T10:06:24.563+0900] {dag.py:3211} INFO - Sync 10 DAGs
[2026-04-10T10:06:24.611+0900] {logging_mixin.py:190} INFO - [2026-04-10T10:06:24.610+0900] {dag.py:4138} INFO - Setting next_dagrun for conditional_dataset_and_time_based_timetable to 2026-04-08 01:00:00+00:00, run_after=2026-04-08 01:00:00+00:00
[2026-04-10T10:06:24.618+0900] {logging_mixin.py:190} INFO - [2026-04-10T10:06:24.618+0900] {dag.py:4138} INFO - Setting next_dagrun for consume_1_and_2_with_dataset_expressions to None, run_after=None
[2026-04-10T10:06:24.622+0900] {logging_mixin.py:190} INFO - [2026-04-10T10:06:24.621+0900] {dag.py:4138} INFO - Setting next_dagrun for consume_1_or_2_with_dataset_expressions to None, run_after=None
[2026-04-10T10:06:24.624+0900] {logging_mixin.py:190} INFO - [2026-04-10T10:06:24.624+0900] {dag.py:4138} INFO - Setting next_dagrun for consume_1_or_both_2_and_3_with_dataset_expressions to None, run_after=None
[2026-04-10T10:06:24.627+0900] {logging_mixin.py:190} INFO - [2026-04-10T10:06:24.627+0900] {dag.py:4138} INFO - Setting next_dagrun for dataset_consumes_1 to None, run_after=None
[2026-04-10T10:06:24.630+0900] {logging_mixin.py:190} INFO - [2026-04-10T10:06:24.629+0900] {dag.py:4138} INFO - Setting next_dagrun for dataset_consumes_1_and_2 to None, run_after=None
[2026-04-10T10:06:24.633+0900] {logging_mixin.py:190} INFO - [2026-04-10T10:06:24.632+0900] {dag.py:4138} INFO - Setting next_dagrun for dataset_consumes_1_never_scheduled to None, run_after=None
[2026-04-10T10:06:24.635+0900] {logging_mixin.py:190} INFO - [2026-04-10T10:06:24.635+0900] {dag.py:4138} INFO - Setting next_dagrun for dataset_consumes_unknown_never_scheduled to None, run_after=None
[2026-04-10T10:06:24.640+0900] {logging_mixin.py:190} INFO - [2026-04-10T10:06:24.640+0900] {dag.py:4138} INFO - Setting next_dagrun for dataset_produces_1 to 2026-04-09 00:00:00+00:00, run_after=2026-04-10 00:00:00+00:00
[2026-04-10T10:06:24.644+0900] {logging_mixin.py:190} INFO - [2026-04-10T10:06:24.643+0900] {dag.py:4138} INFO - Setting next_dagrun for dataset_produces_2 to None, run_after=None
[2026-04-10T10:06:24.724+0900] {processor.py:208} INFO - Processing /home/airflow/.local/lib/python3.12/site-packages/airflow/example_dags/example_datasets.py took 0.504 seconds
