[2026-04-10T09:00:26.914+0900] {processor.py:186} INFO - Started process (PID=145475) to work on /home/airflow/.local/lib/python3.12/site-packages/airflow/example_dags/example_short_circuit_decorator.py
[2026-04-10T09:00:26.915+0900] {processor.py:914} INFO - Processing file /home/airflow/.local/lib/python3.12/site-packages/airflow/example_dags/example_short_circuit_decorator.py for tasks to queue
[2026-04-10T09:00:26.920+0900] {logging_mixin.py:190} INFO - [2026-04-10T09:00:26.919+0900] {dagbag.py:587} INFO - Filling up the DagBag from /home/airflow/.local/lib/python3.12/site-packages/airflow/example_dags/example_short_circuit_decorator.py
[2026-04-10T09:00:26.929+0900] {processor.py:925} INFO - DAG(s) 'example_short_circuit_decorator' retrieved from /home/airflow/.local/lib/python3.12/site-packages/airflow/example_dags/example_short_circuit_decorator.py
[2026-04-10T09:00:26.949+0900] {logging_mixin.py:190} INFO - [2026-04-10T09:00:26.949+0900] {dag.py:3211} INFO - Sync 1 DAGs
[2026-04-10T09:00:26.965+0900] {logging_mixin.py:190} INFO - [2026-04-10T09:00:26.965+0900] {dag.py:4138} INFO - Setting next_dagrun for example_short_circuit_decorator to 2026-04-09 00:00:00+00:00, run_after=2026-04-10 00:00:00+00:00
[2026-04-10T09:00:26.979+0900] {processor.py:208} INFO - Processing /home/airflow/.local/lib/python3.12/site-packages/airflow/example_dags/example_short_circuit_decorator.py took 0.070 seconds
[2026-04-10T09:00:57.144+0900] {processor.py:186} INFO - Started process (PID=145538) to work on /home/airflow/.local/lib/python3.12/site-packages/airflow/example_dags/example_short_circuit_decorator.py
[2026-04-10T09:00:57.145+0900] {processor.py:914} INFO - Processing file /home/airflow/.local/lib/python3.12/site-packages/airflow/example_dags/example_short_circuit_decorator.py for tasks to queue
[2026-04-10T09:00:57.148+0900] {logging_mixin.py:190} INFO - [2026-04-10T09:00:57.147+0900] {dagbag.py:587} INFO - Filling up the DagBag from /home/airflow/.local/lib/python3.12/site-packages/airflow/example_dags/example_short_circuit_decorator.py
[2026-04-10T09:00:57.155+0900] {processor.py:925} INFO - DAG(s) 'example_short_circuit_decorator' retrieved from /home/airflow/.local/lib/python3.12/site-packages/airflow/example_dags/example_short_circuit_decorator.py
[2026-04-10T09:00:57.173+0900] {logging_mixin.py:190} INFO - [2026-04-10T09:00:57.173+0900] {dag.py:3211} INFO - Sync 1 DAGs
[2026-04-10T09:00:57.190+0900] {logging_mixin.py:190} INFO - [2026-04-10T09:00:57.190+0900] {dag.py:4138} INFO - Setting next_dagrun for example_short_circuit_decorator to 2026-04-09 00:00:00+00:00, run_after=2026-04-10 00:00:00+00:00
[2026-04-10T09:00:57.210+0900] {processor.py:208} INFO - Processing /home/airflow/.local/lib/python3.12/site-packages/airflow/example_dags/example_short_circuit_decorator.py took 0.070 seconds
[2026-04-10T09:01:27.318+0900] {processor.py:186} INFO - Started process (PID=145601) to work on /home/airflow/.local/lib/python3.12/site-packages/airflow/example_dags/example_short_circuit_decorator.py
[2026-04-10T09:01:27.319+0900] {processor.py:914} INFO - Processing file /home/airflow/.local/lib/python3.12/site-packages/airflow/example_dags/example_short_circuit_decorator.py for tasks to queue
[2026-04-10T09:01:27.321+0900] {logging_mixin.py:190} INFO - [2026-04-10T09:01:27.321+0900] {dagbag.py:587} INFO - Filling up the DagBag from /home/airflow/.local/lib/python3.12/site-packages/airflow/example_dags/example_short_circuit_decorator.py
[2026-04-10T09:01:27.331+0900] {processor.py:925} INFO - DAG(s) 'example_short_circuit_decorator' retrieved from /home/airflow/.local/lib/python3.12/site-packages/airflow/example_dags/example_short_circuit_decorator.py
[2026-04-10T09:01:27.349+0900] {logging_mixin.py:190} INFO - [2026-04-10T09:01:27.349+0900] {dag.py:3211} INFO - Sync 1 DAGs
[2026-04-10T09:01:27.365+0900] {logging_mixin.py:190} INFO - [2026-04-10T09:01:27.365+0900] {dag.py:4138} INFO - Setting next_dagrun for example_short_circuit_decorator to 2026-04-09 00:00:00+00:00, run_after=2026-04-10 00:00:00+00:00
[2026-04-10T09:01:27.385+0900] {processor.py:208} INFO - Processing /home/airflow/.local/lib/python3.12/site-packages/airflow/example_dags/example_short_circuit_decorator.py took 0.071 seconds
[2026-04-10T09:01:57.644+0900] {processor.py:186} INFO - Started process (PID=145664) to work on /home/airflow/.local/lib/python3.12/site-packages/airflow/example_dags/example_short_circuit_decorator.py
[2026-04-10T09:01:57.645+0900] {processor.py:914} INFO - Processing file /home/airflow/.local/lib/python3.12/site-packages/airflow/example_dags/example_short_circuit_decorator.py for tasks to queue
[2026-04-10T09:01:57.648+0900] {logging_mixin.py:190} INFO - [2026-04-10T09:01:57.647+0900] {dagbag.py:587} INFO - Filling up the DagBag from /home/airflow/.local/lib/python3.12/site-packages/airflow/example_dags/example_short_circuit_decorator.py
[2026-04-10T09:01:57.656+0900] {processor.py:925} INFO - DAG(s) 'example_short_circuit_decorator' retrieved from /home/airflow/.local/lib/python3.12/site-packages/airflow/example_dags/example_short_circuit_decorator.py
[2026-04-10T09:01:57.674+0900] {logging_mixin.py:190} INFO - [2026-04-10T09:01:57.673+0900] {dag.py:3211} INFO - Sync 1 DAGs
[2026-04-10T09:01:57.690+0900] {logging_mixin.py:190} INFO - [2026-04-10T09:01:57.690+0900] {dag.py:4138} INFO - Setting next_dagrun for example_short_circuit_decorator to 2026-04-09 00:00:00+00:00, run_after=2026-04-10 00:00:00+00:00
[2026-04-10T09:01:57.703+0900] {processor.py:208} INFO - Processing /home/airflow/.local/lib/python3.12/site-packages/airflow/example_dags/example_short_circuit_decorator.py took 0.064 seconds
[2026-04-10T09:02:27.892+0900] {processor.py:186} INFO - Started process (PID=145727) to work on /home/airflow/.local/lib/python3.12/site-packages/airflow/example_dags/example_short_circuit_decorator.py
[2026-04-10T09:02:27.893+0900] {processor.py:914} INFO - Processing file /home/airflow/.local/lib/python3.12/site-packages/airflow/example_dags/example_short_circuit_decorator.py for tasks to queue
[2026-04-10T09:02:27.896+0900] {logging_mixin.py:190} INFO - [2026-04-10T09:02:27.895+0900] {dagbag.py:587} INFO - Filling up the DagBag from /home/airflow/.local/lib/python3.12/site-packages/airflow/example_dags/example_short_circuit_decorator.py
[2026-04-10T09:02:27.903+0900] {processor.py:925} INFO - DAG(s) 'example_short_circuit_decorator' retrieved from /home/airflow/.local/lib/python3.12/site-packages/airflow/example_dags/example_short_circuit_decorator.py
[2026-04-10T09:02:27.920+0900] {logging_mixin.py:190} INFO - [2026-04-10T09:02:27.920+0900] {dag.py:3211} INFO - Sync 1 DAGs
[2026-04-10T09:02:27.937+0900] {logging_mixin.py:190} INFO - [2026-04-10T09:02:27.937+0900] {dag.py:4138} INFO - Setting next_dagrun for example_short_circuit_decorator to 2026-04-09 00:00:00+00:00, run_after=2026-04-10 00:00:00+00:00
[2026-04-10T09:02:27.952+0900] {processor.py:208} INFO - Processing /home/airflow/.local/lib/python3.12/site-packages/airflow/example_dags/example_short_circuit_decorator.py took 0.065 seconds
[2026-04-10T09:02:58.714+0900] {processor.py:186} INFO - Started process (PID=145790) to work on /home/airflow/.local/lib/python3.12/site-packages/airflow/example_dags/example_short_circuit_decorator.py
[2026-04-10T09:02:58.715+0900] {processor.py:914} INFO - Processing file /home/airflow/.local/lib/python3.12/site-packages/airflow/example_dags/example_short_circuit_decorator.py for tasks to queue
[2026-04-10T09:02:58.718+0900] {logging_mixin.py:190} INFO - [2026-04-10T09:02:58.718+0900] {dagbag.py:587} INFO - Filling up the DagBag from /home/airflow/.local/lib/python3.12/site-packages/airflow/example_dags/example_short_circuit_decorator.py
[2026-04-10T09:02:58.726+0900] {processor.py:925} INFO - DAG(s) 'example_short_circuit_decorator' retrieved from /home/airflow/.local/lib/python3.12/site-packages/airflow/example_dags/example_short_circuit_decorator.py
[2026-04-10T09:02:58.742+0900] {logging_mixin.py:190} INFO - [2026-04-10T09:02:58.742+0900] {dag.py:3211} INFO - Sync 1 DAGs
[2026-04-10T09:02:58.761+0900] {logging_mixin.py:190} INFO - [2026-04-10T09:02:58.760+0900] {dag.py:4138} INFO - Setting next_dagrun for example_short_circuit_decorator to 2026-04-09 00:00:00+00:00, run_after=2026-04-10 00:00:00+00:00
[2026-04-10T09:02:58.775+0900] {processor.py:208} INFO - Processing /home/airflow/.local/lib/python3.12/site-packages/airflow/example_dags/example_short_circuit_decorator.py took 0.066 seconds
[2026-04-10T09:03:29.518+0900] {processor.py:186} INFO - Started process (PID=145853) to work on /home/airflow/.local/lib/python3.12/site-packages/airflow/example_dags/example_short_circuit_decorator.py
[2026-04-10T09:03:29.519+0900] {processor.py:914} INFO - Processing file /home/airflow/.local/lib/python3.12/site-packages/airflow/example_dags/example_short_circuit_decorator.py for tasks to queue
[2026-04-10T09:03:29.521+0900] {logging_mixin.py:190} INFO - [2026-04-10T09:03:29.521+0900] {dagbag.py:587} INFO - Filling up the DagBag from /home/airflow/.local/lib/python3.12/site-packages/airflow/example_dags/example_short_circuit_decorator.py
[2026-04-10T09:03:29.529+0900] {processor.py:925} INFO - DAG(s) 'example_short_circuit_decorator' retrieved from /home/airflow/.local/lib/python3.12/site-packages/airflow/example_dags/example_short_circuit_decorator.py
[2026-04-10T09:03:29.546+0900] {logging_mixin.py:190} INFO - [2026-04-10T09:03:29.546+0900] {dag.py:3211} INFO - Sync 1 DAGs
[2026-04-10T09:03:29.563+0900] {logging_mixin.py:190} INFO - [2026-04-10T09:03:29.563+0900] {dag.py:4138} INFO - Setting next_dagrun for example_short_circuit_decorator to 2026-04-09 00:00:00+00:00, run_after=2026-04-10 00:00:00+00:00
[2026-04-10T09:03:29.583+0900] {processor.py:208} INFO - Processing /home/airflow/.local/lib/python3.12/site-packages/airflow/example_dags/example_short_circuit_decorator.py took 0.070 seconds
[2026-04-10T09:03:59.678+0900] {processor.py:186} INFO - Started process (PID=145916) to work on /home/airflow/.local/lib/python3.12/site-packages/airflow/example_dags/example_short_circuit_decorator.py
[2026-04-10T09:03:59.679+0900] {processor.py:914} INFO - Processing file /home/airflow/.local/lib/python3.12/site-packages/airflow/example_dags/example_short_circuit_decorator.py for tasks to queue
[2026-04-10T09:03:59.681+0900] {logging_mixin.py:190} INFO - [2026-04-10T09:03:59.681+0900] {dagbag.py:587} INFO - Filling up the DagBag from /home/airflow/.local/lib/python3.12/site-packages/airflow/example_dags/example_short_circuit_decorator.py
[2026-04-10T09:03:59.691+0900] {processor.py:925} INFO - DAG(s) 'example_short_circuit_decorator' retrieved from /home/airflow/.local/lib/python3.12/site-packages/airflow/example_dags/example_short_circuit_decorator.py
[2026-04-10T09:03:59.708+0900] {logging_mixin.py:190} INFO - [2026-04-10T09:03:59.708+0900] {dag.py:3211} INFO - Sync 1 DAGs
[2026-04-10T09:03:59.727+0900] {logging_mixin.py:190} INFO - [2026-04-10T09:03:59.727+0900] {dag.py:4138} INFO - Setting next_dagrun for example_short_circuit_decorator to 2026-04-09 00:00:00+00:00, run_after=2026-04-10 00:00:00+00:00
[2026-04-10T09:03:59.743+0900] {processor.py:208} INFO - Processing /home/airflow/.local/lib/python3.12/site-packages/airflow/example_dags/example_short_circuit_decorator.py took 0.069 seconds
[2026-04-10T09:04:30.082+0900] {processor.py:186} INFO - Started process (PID=145979) to work on /home/airflow/.local/lib/python3.12/site-packages/airflow/example_dags/example_short_circuit_decorator.py
[2026-04-10T09:04:30.083+0900] {processor.py:914} INFO - Processing file /home/airflow/.local/lib/python3.12/site-packages/airflow/example_dags/example_short_circuit_decorator.py for tasks to queue
[2026-04-10T09:04:30.085+0900] {logging_mixin.py:190} INFO - [2026-04-10T09:04:30.085+0900] {dagbag.py:587} INFO - Filling up the DagBag from /home/airflow/.local/lib/python3.12/site-packages/airflow/example_dags/example_short_circuit_decorator.py
[2026-04-10T09:04:30.094+0900] {processor.py:925} INFO - DAG(s) 'example_short_circuit_decorator' retrieved from /home/airflow/.local/lib/python3.12/site-packages/airflow/example_dags/example_short_circuit_decorator.py
[2026-04-10T09:04:30.111+0900] {logging_mixin.py:190} INFO - [2026-04-10T09:04:30.111+0900] {dag.py:3211} INFO - Sync 1 DAGs
[2026-04-10T09:04:30.129+0900] {logging_mixin.py:190} INFO - [2026-04-10T09:04:30.129+0900] {dag.py:4138} INFO - Setting next_dagrun for example_short_circuit_decorator to 2026-04-09 00:00:00+00:00, run_after=2026-04-10 00:00:00+00:00
[2026-04-10T09:04:30.144+0900] {processor.py:208} INFO - Processing /home/airflow/.local/lib/python3.12/site-packages/airflow/example_dags/example_short_circuit_decorator.py took 0.067 seconds
[2026-04-10T09:05:00.849+0900] {processor.py:186} INFO - Started process (PID=146042) to work on /home/airflow/.local/lib/python3.12/site-packages/airflow/example_dags/example_short_circuit_decorator.py
[2026-04-10T09:05:00.850+0900] {processor.py:914} INFO - Processing file /home/airflow/.local/lib/python3.12/site-packages/airflow/example_dags/example_short_circuit_decorator.py for tasks to queue
[2026-04-10T09:05:00.853+0900] {logging_mixin.py:190} INFO - [2026-04-10T09:05:00.852+0900] {dagbag.py:587} INFO - Filling up the DagBag from /home/airflow/.local/lib/python3.12/site-packages/airflow/example_dags/example_short_circuit_decorator.py
[2026-04-10T09:05:00.863+0900] {processor.py:925} INFO - DAG(s) 'example_short_circuit_decorator' retrieved from /home/airflow/.local/lib/python3.12/site-packages/airflow/example_dags/example_short_circuit_decorator.py
[2026-04-10T09:05:00.883+0900] {logging_mixin.py:190} INFO - [2026-04-10T09:05:00.883+0900] {dag.py:3211} INFO - Sync 1 DAGs
[2026-04-10T09:05:00.906+0900] {logging_mixin.py:190} INFO - [2026-04-10T09:05:00.905+0900] {dag.py:4138} INFO - Setting next_dagrun for example_short_circuit_decorator to 2026-04-09 00:00:00+00:00, run_after=2026-04-10 00:00:00+00:00
[2026-04-10T09:05:00.929+0900] {processor.py:208} INFO - Processing /home/airflow/.local/lib/python3.12/site-packages/airflow/example_dags/example_short_circuit_decorator.py took 0.085 seconds
[2026-04-10T09:05:31.089+0900] {processor.py:186} INFO - Started process (PID=146105) to work on /home/airflow/.local/lib/python3.12/site-packages/airflow/example_dags/example_short_circuit_decorator.py
[2026-04-10T09:05:31.090+0900] {processor.py:914} INFO - Processing file /home/airflow/.local/lib/python3.12/site-packages/airflow/example_dags/example_short_circuit_decorator.py for tasks to queue
[2026-04-10T09:05:31.093+0900] {logging_mixin.py:190} INFO - [2026-04-10T09:05:31.092+0900] {dagbag.py:587} INFO - Filling up the DagBag from /home/airflow/.local/lib/python3.12/site-packages/airflow/example_dags/example_short_circuit_decorator.py
[2026-04-10T09:05:31.100+0900] {processor.py:925} INFO - DAG(s) 'example_short_circuit_decorator' retrieved from /home/airflow/.local/lib/python3.12/site-packages/airflow/example_dags/example_short_circuit_decorator.py
[2026-04-10T09:05:31.118+0900] {logging_mixin.py:190} INFO - [2026-04-10T09:05:31.118+0900] {dag.py:3211} INFO - Sync 1 DAGs
[2026-04-10T09:05:31.137+0900] {logging_mixin.py:190} INFO - [2026-04-10T09:05:31.137+0900] {dag.py:4138} INFO - Setting next_dagrun for example_short_circuit_decorator to 2026-04-09 00:00:00+00:00, run_after=2026-04-10 00:00:00+00:00
[2026-04-10T09:05:31.157+0900] {processor.py:208} INFO - Processing /home/airflow/.local/lib/python3.12/site-packages/airflow/example_dags/example_short_circuit_decorator.py took 0.073 seconds
[2026-04-10T09:06:01.285+0900] {processor.py:186} INFO - Started process (PID=146168) to work on /home/airflow/.local/lib/python3.12/site-packages/airflow/example_dags/example_short_circuit_decorator.py
[2026-04-10T09:06:01.286+0900] {processor.py:914} INFO - Processing file /home/airflow/.local/lib/python3.12/site-packages/airflow/example_dags/example_short_circuit_decorator.py for tasks to queue
[2026-04-10T09:06:01.290+0900] {logging_mixin.py:190} INFO - [2026-04-10T09:06:01.289+0900] {dagbag.py:587} INFO - Filling up the DagBag from /home/airflow/.local/lib/python3.12/site-packages/airflow/example_dags/example_short_circuit_decorator.py
[2026-04-10T09:06:01.300+0900] {processor.py:925} INFO - DAG(s) 'example_short_circuit_decorator' retrieved from /home/airflow/.local/lib/python3.12/site-packages/airflow/example_dags/example_short_circuit_decorator.py
[2026-04-10T09:06:01.324+0900] {logging_mixin.py:190} INFO - [2026-04-10T09:06:01.323+0900] {dag.py:3211} INFO - Sync 1 DAGs
[2026-04-10T09:06:01.344+0900] {logging_mixin.py:190} INFO - [2026-04-10T09:06:01.343+0900] {dag.py:4138} INFO - Setting next_dagrun for example_short_circuit_decorator to 2026-04-09 00:00:00+00:00, run_after=2026-04-10 00:00:00+00:00
[2026-04-10T09:06:01.364+0900] {processor.py:208} INFO - Processing /home/airflow/.local/lib/python3.12/site-packages/airflow/example_dags/example_short_circuit_decorator.py took 0.086 seconds
[2026-04-10T09:06:31.477+0900] {processor.py:186} INFO - Started process (PID=146231) to work on /home/airflow/.local/lib/python3.12/site-packages/airflow/example_dags/example_short_circuit_decorator.py
[2026-04-10T09:06:31.478+0900] {processor.py:914} INFO - Processing file /home/airflow/.local/lib/python3.12/site-packages/airflow/example_dags/example_short_circuit_decorator.py for tasks to queue
[2026-04-10T09:06:31.481+0900] {logging_mixin.py:190} INFO - [2026-04-10T09:06:31.480+0900] {dagbag.py:587} INFO - Filling up the DagBag from /home/airflow/.local/lib/python3.12/site-packages/airflow/example_dags/example_short_circuit_decorator.py
[2026-04-10T09:06:31.490+0900] {processor.py:925} INFO - DAG(s) 'example_short_circuit_decorator' retrieved from /home/airflow/.local/lib/python3.12/site-packages/airflow/example_dags/example_short_circuit_decorator.py
[2026-04-10T09:06:31.514+0900] {logging_mixin.py:190} INFO - [2026-04-10T09:06:31.513+0900] {dag.py:3211} INFO - Sync 1 DAGs
[2026-04-10T09:06:31.536+0900] {logging_mixin.py:190} INFO - [2026-04-10T09:06:31.535+0900] {dag.py:4138} INFO - Setting next_dagrun for example_short_circuit_decorator to 2026-04-09 00:00:00+00:00, run_after=2026-04-10 00:00:00+00:00
[2026-04-10T09:06:31.714+0900] {processor.py:208} INFO - Processing /home/airflow/.local/lib/python3.12/site-packages/airflow/example_dags/example_short_circuit_decorator.py took 0.242 seconds
[2026-04-10T09:07:02.004+0900] {processor.py:186} INFO - Started process (PID=146300) to work on /home/airflow/.local/lib/python3.12/site-packages/airflow/example_dags/example_short_circuit_decorator.py
[2026-04-10T09:07:02.004+0900] {processor.py:914} INFO - Processing file /home/airflow/.local/lib/python3.12/site-packages/airflow/example_dags/example_short_circuit_decorator.py for tasks to queue
[2026-04-10T09:07:02.007+0900] {logging_mixin.py:190} INFO - [2026-04-10T09:07:02.007+0900] {dagbag.py:587} INFO - Filling up the DagBag from /home/airflow/.local/lib/python3.12/site-packages/airflow/example_dags/example_short_circuit_decorator.py
[2026-04-10T09:07:02.016+0900] {processor.py:925} INFO - DAG(s) 'example_short_circuit_decorator' retrieved from /home/airflow/.local/lib/python3.12/site-packages/airflow/example_dags/example_short_circuit_decorator.py
[2026-04-10T09:07:02.037+0900] {logging_mixin.py:190} INFO - [2026-04-10T09:07:02.036+0900] {dag.py:3211} INFO - Sync 1 DAGs
[2026-04-10T09:07:02.060+0900] {logging_mixin.py:190} INFO - [2026-04-10T09:07:02.059+0900] {dag.py:4138} INFO - Setting next_dagrun for example_short_circuit_decorator to 2026-04-09 00:00:00+00:00, run_after=2026-04-10 00:00:00+00:00
[2026-04-10T09:07:02.217+0900] {processor.py:208} INFO - Processing /home/airflow/.local/lib/python3.12/site-packages/airflow/example_dags/example_short_circuit_decorator.py took 0.219 seconds
[2026-04-10T09:07:32.413+0900] {processor.py:186} INFO - Started process (PID=146363) to work on /home/airflow/.local/lib/python3.12/site-packages/airflow/example_dags/example_short_circuit_decorator.py
[2026-04-10T09:07:32.414+0900] {processor.py:914} INFO - Processing file /home/airflow/.local/lib/python3.12/site-packages/airflow/example_dags/example_short_circuit_decorator.py for tasks to queue
[2026-04-10T09:07:32.415+0900] {logging_mixin.py:190} INFO - [2026-04-10T09:07:32.415+0900] {dagbag.py:587} INFO - Filling up the DagBag from /home/airflow/.local/lib/python3.12/site-packages/airflow/example_dags/example_short_circuit_decorator.py
[2026-04-10T09:07:32.425+0900] {processor.py:925} INFO - DAG(s) 'example_short_circuit_decorator' retrieved from /home/airflow/.local/lib/python3.12/site-packages/airflow/example_dags/example_short_circuit_decorator.py
[2026-04-10T09:07:32.442+0900] {logging_mixin.py:190} INFO - [2026-04-10T09:07:32.442+0900] {dag.py:3211} INFO - Sync 1 DAGs
[2026-04-10T09:07:32.460+0900] {logging_mixin.py:190} INFO - [2026-04-10T09:07:32.460+0900] {dag.py:4138} INFO - Setting next_dagrun for example_short_circuit_decorator to 2026-04-09 00:00:00+00:00, run_after=2026-04-10 00:00:00+00:00
[2026-04-10T09:07:32.477+0900] {processor.py:208} INFO - Processing /home/airflow/.local/lib/python3.12/site-packages/airflow/example_dags/example_short_circuit_decorator.py took 0.069 seconds
[2026-04-10T09:08:03.259+0900] {processor.py:186} INFO - Started process (PID=146426) to work on /home/airflow/.local/lib/python3.12/site-packages/airflow/example_dags/example_short_circuit_decorator.py
[2026-04-10T09:08:03.260+0900] {processor.py:914} INFO - Processing file /home/airflow/.local/lib/python3.12/site-packages/airflow/example_dags/example_short_circuit_decorator.py for tasks to queue
[2026-04-10T09:08:03.262+0900] {logging_mixin.py:190} INFO - [2026-04-10T09:08:03.262+0900] {dagbag.py:587} INFO - Filling up the DagBag from /home/airflow/.local/lib/python3.12/site-packages/airflow/example_dags/example_short_circuit_decorator.py
[2026-04-10T09:08:03.270+0900] {processor.py:925} INFO - DAG(s) 'example_short_circuit_decorator' retrieved from /home/airflow/.local/lib/python3.12/site-packages/airflow/example_dags/example_short_circuit_decorator.py
[2026-04-10T09:08:03.288+0900] {logging_mixin.py:190} INFO - [2026-04-10T09:08:03.288+0900] {dag.py:3211} INFO - Sync 1 DAGs
[2026-04-10T09:08:03.305+0900] {logging_mixin.py:190} INFO - [2026-04-10T09:08:03.305+0900] {dag.py:4138} INFO - Setting next_dagrun for example_short_circuit_decorator to 2026-04-09 00:00:00+00:00, run_after=2026-04-10 00:00:00+00:00
[2026-04-10T09:08:03.322+0900] {processor.py:208} INFO - Processing /home/airflow/.local/lib/python3.12/site-packages/airflow/example_dags/example_short_circuit_decorator.py took 0.068 seconds
[2026-04-10T09:08:33.783+0900] {processor.py:186} INFO - Started process (PID=146489) to work on /home/airflow/.local/lib/python3.12/site-packages/airflow/example_dags/example_short_circuit_decorator.py
[2026-04-10T09:08:33.784+0900] {processor.py:914} INFO - Processing file /home/airflow/.local/lib/python3.12/site-packages/airflow/example_dags/example_short_circuit_decorator.py for tasks to queue
[2026-04-10T09:08:33.786+0900] {logging_mixin.py:190} INFO - [2026-04-10T09:08:33.786+0900] {dagbag.py:587} INFO - Filling up the DagBag from /home/airflow/.local/lib/python3.12/site-packages/airflow/example_dags/example_short_circuit_decorator.py
[2026-04-10T09:08:33.794+0900] {processor.py:925} INFO - DAG(s) 'example_short_circuit_decorator' retrieved from /home/airflow/.local/lib/python3.12/site-packages/airflow/example_dags/example_short_circuit_decorator.py
[2026-04-10T09:08:33.813+0900] {logging_mixin.py:190} INFO - [2026-04-10T09:08:33.812+0900] {dag.py:3211} INFO - Sync 1 DAGs
[2026-04-10T09:08:33.828+0900] {logging_mixin.py:190} INFO - [2026-04-10T09:08:33.828+0900] {dag.py:4138} INFO - Setting next_dagrun for example_short_circuit_decorator to 2026-04-09 00:00:00+00:00, run_after=2026-04-10 00:00:00+00:00
[2026-04-10T09:08:33.847+0900] {processor.py:208} INFO - Processing /home/airflow/.local/lib/python3.12/site-packages/airflow/example_dags/example_short_circuit_decorator.py took 0.068 seconds
[2026-04-10T09:09:04.304+0900] {processor.py:186} INFO - Started process (PID=146552) to work on /home/airflow/.local/lib/python3.12/site-packages/airflow/example_dags/example_short_circuit_decorator.py
[2026-04-10T09:09:04.306+0900] {processor.py:914} INFO - Processing file /home/airflow/.local/lib/python3.12/site-packages/airflow/example_dags/example_short_circuit_decorator.py for tasks to queue
[2026-04-10T09:09:04.308+0900] {logging_mixin.py:190} INFO - [2026-04-10T09:09:04.307+0900] {dagbag.py:587} INFO - Filling up the DagBag from /home/airflow/.local/lib/python3.12/site-packages/airflow/example_dags/example_short_circuit_decorator.py
[2026-04-10T09:09:04.318+0900] {processor.py:925} INFO - DAG(s) 'example_short_circuit_decorator' retrieved from /home/airflow/.local/lib/python3.12/site-packages/airflow/example_dags/example_short_circuit_decorator.py
[2026-04-10T09:09:04.336+0900] {logging_mixin.py:190} INFO - [2026-04-10T09:09:04.336+0900] {dag.py:3211} INFO - Sync 1 DAGs
[2026-04-10T09:09:04.354+0900] {logging_mixin.py:190} INFO - [2026-04-10T09:09:04.353+0900] {dag.py:4138} INFO - Setting next_dagrun for example_short_circuit_decorator to 2026-04-09 00:00:00+00:00, run_after=2026-04-10 00:00:00+00:00
[2026-04-10T09:09:04.367+0900] {processor.py:208} INFO - Processing /home/airflow/.local/lib/python3.12/site-packages/airflow/example_dags/example_short_circuit_decorator.py took 0.068 seconds
[2026-04-10T09:09:34.943+0900] {processor.py:186} INFO - Started process (PID=146615) to work on /home/airflow/.local/lib/python3.12/site-packages/airflow/example_dags/example_short_circuit_decorator.py
[2026-04-10T09:09:34.944+0900] {processor.py:914} INFO - Processing file /home/airflow/.local/lib/python3.12/site-packages/airflow/example_dags/example_short_circuit_decorator.py for tasks to queue
[2026-04-10T09:09:34.946+0900] {logging_mixin.py:190} INFO - [2026-04-10T09:09:34.946+0900] {dagbag.py:587} INFO - Filling up the DagBag from /home/airflow/.local/lib/python3.12/site-packages/airflow/example_dags/example_short_circuit_decorator.py
[2026-04-10T09:09:34.954+0900] {processor.py:925} INFO - DAG(s) 'example_short_circuit_decorator' retrieved from /home/airflow/.local/lib/python3.12/site-packages/airflow/example_dags/example_short_circuit_decorator.py
[2026-04-10T09:09:34.971+0900] {logging_mixin.py:190} INFO - [2026-04-10T09:09:34.971+0900] {dag.py:3211} INFO - Sync 1 DAGs
[2026-04-10T09:09:34.987+0900] {logging_mixin.py:190} INFO - [2026-04-10T09:09:34.987+0900] {dag.py:4138} INFO - Setting next_dagrun for example_short_circuit_decorator to 2026-04-09 00:00:00+00:00, run_after=2026-04-10 00:00:00+00:00
[2026-04-10T09:09:35.000+0900] {processor.py:208} INFO - Processing /home/airflow/.local/lib/python3.12/site-packages/airflow/example_dags/example_short_circuit_decorator.py took 0.062 seconds
[2026-04-10T09:10:05.211+0900] {processor.py:186} INFO - Started process (PID=146678) to work on /home/airflow/.local/lib/python3.12/site-packages/airflow/example_dags/example_short_circuit_decorator.py
[2026-04-10T09:10:05.213+0900] {processor.py:914} INFO - Processing file /home/airflow/.local/lib/python3.12/site-packages/airflow/example_dags/example_short_circuit_decorator.py for tasks to queue
[2026-04-10T09:10:05.215+0900] {logging_mixin.py:190} INFO - [2026-04-10T09:10:05.215+0900] {dagbag.py:587} INFO - Filling up the DagBag from /home/airflow/.local/lib/python3.12/site-packages/airflow/example_dags/example_short_circuit_decorator.py
[2026-04-10T09:10:05.224+0900] {processor.py:925} INFO - DAG(s) 'example_short_circuit_decorator' retrieved from /home/airflow/.local/lib/python3.12/site-packages/airflow/example_dags/example_short_circuit_decorator.py
[2026-04-10T09:10:05.241+0900] {logging_mixin.py:190} INFO - [2026-04-10T09:10:05.240+0900] {dag.py:3211} INFO - Sync 1 DAGs
[2026-04-10T09:10:05.385+0900] {logging_mixin.py:190} INFO - [2026-04-10T09:10:05.385+0900] {dag.py:4138} INFO - Setting next_dagrun for example_short_circuit_decorator to 2026-04-09 00:00:00+00:00, run_after=2026-04-10 00:00:00+00:00
[2026-04-10T09:10:05.398+0900] {processor.py:208} INFO - Processing /home/airflow/.local/lib/python3.12/site-packages/airflow/example_dags/example_short_circuit_decorator.py took 0.191 seconds
[2026-04-10T09:10:35.863+0900] {processor.py:186} INFO - Started process (PID=146741) to work on /home/airflow/.local/lib/python3.12/site-packages/airflow/example_dags/example_short_circuit_decorator.py
[2026-04-10T09:10:35.864+0900] {processor.py:914} INFO - Processing file /home/airflow/.local/lib/python3.12/site-packages/airflow/example_dags/example_short_circuit_decorator.py for tasks to queue
[2026-04-10T09:10:35.865+0900] {logging_mixin.py:190} INFO - [2026-04-10T09:10:35.865+0900] {dagbag.py:587} INFO - Filling up the DagBag from /home/airflow/.local/lib/python3.12/site-packages/airflow/example_dags/example_short_circuit_decorator.py
[2026-04-10T09:10:35.873+0900] {processor.py:925} INFO - DAG(s) 'example_short_circuit_decorator' retrieved from /home/airflow/.local/lib/python3.12/site-packages/airflow/example_dags/example_short_circuit_decorator.py
[2026-04-10T09:10:35.890+0900] {logging_mixin.py:190} INFO - [2026-04-10T09:10:35.890+0900] {dag.py:3211} INFO - Sync 1 DAGs
[2026-04-10T09:10:36.031+0900] {logging_mixin.py:190} INFO - [2026-04-10T09:10:36.031+0900] {dag.py:4138} INFO - Setting next_dagrun for example_short_circuit_decorator to 2026-04-09 00:00:00+00:00, run_after=2026-04-10 00:00:00+00:00
[2026-04-10T09:10:36.051+0900] {processor.py:208} INFO - Processing /home/airflow/.local/lib/python3.12/site-packages/airflow/example_dags/example_short_circuit_decorator.py took 0.193 seconds
[2026-04-10T09:11:06.893+0900] {processor.py:186} INFO - Started process (PID=146804) to work on /home/airflow/.local/lib/python3.12/site-packages/airflow/example_dags/example_short_circuit_decorator.py
[2026-04-10T09:11:06.894+0900] {processor.py:914} INFO - Processing file /home/airflow/.local/lib/python3.12/site-packages/airflow/example_dags/example_short_circuit_decorator.py for tasks to queue
[2026-04-10T09:11:06.896+0900] {logging_mixin.py:190} INFO - [2026-04-10T09:11:06.896+0900] {dagbag.py:587} INFO - Filling up the DagBag from /home/airflow/.local/lib/python3.12/site-packages/airflow/example_dags/example_short_circuit_decorator.py
[2026-04-10T09:11:06.906+0900] {processor.py:925} INFO - DAG(s) 'example_short_circuit_decorator' retrieved from /home/airflow/.local/lib/python3.12/site-packages/airflow/example_dags/example_short_circuit_decorator.py
[2026-04-10T09:11:06.924+0900] {logging_mixin.py:190} INFO - [2026-04-10T09:11:06.924+0900] {dag.py:3211} INFO - Sync 1 DAGs
[2026-04-10T09:11:06.942+0900] {logging_mixin.py:190} INFO - [2026-04-10T09:11:06.941+0900] {dag.py:4138} INFO - Setting next_dagrun for example_short_circuit_decorator to 2026-04-09 00:00:00+00:00, run_after=2026-04-10 00:00:00+00:00
[2026-04-10T09:11:06.957+0900] {processor.py:208} INFO - Processing /home/airflow/.local/lib/python3.12/site-packages/airflow/example_dags/example_short_circuit_decorator.py took 0.069 seconds
[2026-04-10T09:11:37.157+0900] {processor.py:186} INFO - Started process (PID=146867) to work on /home/airflow/.local/lib/python3.12/site-packages/airflow/example_dags/example_short_circuit_decorator.py
[2026-04-10T09:11:37.158+0900] {processor.py:914} INFO - Processing file /home/airflow/.local/lib/python3.12/site-packages/airflow/example_dags/example_short_circuit_decorator.py for tasks to queue
[2026-04-10T09:11:37.160+0900] {logging_mixin.py:190} INFO - [2026-04-10T09:11:37.160+0900] {dagbag.py:587} INFO - Filling up the DagBag from /home/airflow/.local/lib/python3.12/site-packages/airflow/example_dags/example_short_circuit_decorator.py
[2026-04-10T09:11:37.168+0900] {processor.py:925} INFO - DAG(s) 'example_short_circuit_decorator' retrieved from /home/airflow/.local/lib/python3.12/site-packages/airflow/example_dags/example_short_circuit_decorator.py
[2026-04-10T09:11:37.186+0900] {logging_mixin.py:190} INFO - [2026-04-10T09:11:37.186+0900] {dag.py:3211} INFO - Sync 1 DAGs
[2026-04-10T09:11:37.207+0900] {logging_mixin.py:190} INFO - [2026-04-10T09:11:37.206+0900] {dag.py:4138} INFO - Setting next_dagrun for example_short_circuit_decorator to 2026-04-09 00:00:00+00:00, run_after=2026-04-10 00:00:00+00:00
[2026-04-10T09:11:37.221+0900] {processor.py:208} INFO - Processing /home/airflow/.local/lib/python3.12/site-packages/airflow/example_dags/example_short_circuit_decorator.py took 0.069 seconds
[2026-04-10T09:12:07.390+0900] {processor.py:186} INFO - Started process (PID=146930) to work on /home/airflow/.local/lib/python3.12/site-packages/airflow/example_dags/example_short_circuit_decorator.py
[2026-04-10T09:12:07.391+0900] {processor.py:914} INFO - Processing file /home/airflow/.local/lib/python3.12/site-packages/airflow/example_dags/example_short_circuit_decorator.py for tasks to queue
[2026-04-10T09:12:07.393+0900] {logging_mixin.py:190} INFO - [2026-04-10T09:12:07.393+0900] {dagbag.py:587} INFO - Filling up the DagBag from /home/airflow/.local/lib/python3.12/site-packages/airflow/example_dags/example_short_circuit_decorator.py
[2026-04-10T09:12:07.403+0900] {processor.py:925} INFO - DAG(s) 'example_short_circuit_decorator' retrieved from /home/airflow/.local/lib/python3.12/site-packages/airflow/example_dags/example_short_circuit_decorator.py
[2026-04-10T09:12:07.421+0900] {logging_mixin.py:190} INFO - [2026-04-10T09:12:07.421+0900] {dag.py:3211} INFO - Sync 1 DAGs
[2026-04-10T09:12:07.439+0900] {logging_mixin.py:190} INFO - [2026-04-10T09:12:07.439+0900] {dag.py:4138} INFO - Setting next_dagrun for example_short_circuit_decorator to 2026-04-09 00:00:00+00:00, run_after=2026-04-10 00:00:00+00:00
[2026-04-10T09:12:07.455+0900] {processor.py:208} INFO - Processing /home/airflow/.local/lib/python3.12/site-packages/airflow/example_dags/example_short_circuit_decorator.py took 0.070 seconds
[2026-04-10T09:12:37.511+0900] {processor.py:186} INFO - Started process (PID=146993) to work on /home/airflow/.local/lib/python3.12/site-packages/airflow/example_dags/example_short_circuit_decorator.py
[2026-04-10T09:12:37.512+0900] {processor.py:914} INFO - Processing file /home/airflow/.local/lib/python3.12/site-packages/airflow/example_dags/example_short_circuit_decorator.py for tasks to queue
[2026-04-10T09:12:37.514+0900] {logging_mixin.py:190} INFO - [2026-04-10T09:12:37.514+0900] {dagbag.py:587} INFO - Filling up the DagBag from /home/airflow/.local/lib/python3.12/site-packages/airflow/example_dags/example_short_circuit_decorator.py
[2026-04-10T09:12:37.523+0900] {processor.py:925} INFO - DAG(s) 'example_short_circuit_decorator' retrieved from /home/airflow/.local/lib/python3.12/site-packages/airflow/example_dags/example_short_circuit_decorator.py
[2026-04-10T09:12:37.540+0900] {logging_mixin.py:190} INFO - [2026-04-10T09:12:37.540+0900] {dag.py:3211} INFO - Sync 1 DAGs
[2026-04-10T09:12:37.556+0900] {logging_mixin.py:190} INFO - [2026-04-10T09:12:37.556+0900] {dag.py:4138} INFO - Setting next_dagrun for example_short_circuit_decorator to 2026-04-09 00:00:00+00:00, run_after=2026-04-10 00:00:00+00:00
[2026-04-10T09:12:37.575+0900] {processor.py:208} INFO - Processing /home/airflow/.local/lib/python3.12/site-packages/airflow/example_dags/example_short_circuit_decorator.py took 0.069 seconds
[2026-04-10T09:13:07.721+0900] {processor.py:186} INFO - Started process (PID=147056) to work on /home/airflow/.local/lib/python3.12/site-packages/airflow/example_dags/example_short_circuit_decorator.py
[2026-04-10T09:13:07.723+0900] {processor.py:914} INFO - Processing file /home/airflow/.local/lib/python3.12/site-packages/airflow/example_dags/example_short_circuit_decorator.py for tasks to queue
[2026-04-10T09:13:07.725+0900] {logging_mixin.py:190} INFO - [2026-04-10T09:13:07.725+0900] {dagbag.py:587} INFO - Filling up the DagBag from /home/airflow/.local/lib/python3.12/site-packages/airflow/example_dags/example_short_circuit_decorator.py
[2026-04-10T09:13:07.733+0900] {processor.py:925} INFO - DAG(s) 'example_short_circuit_decorator' retrieved from /home/airflow/.local/lib/python3.12/site-packages/airflow/example_dags/example_short_circuit_decorator.py
[2026-04-10T09:13:07.751+0900] {logging_mixin.py:190} INFO - [2026-04-10T09:13:07.751+0900] {dag.py:3211} INFO - Sync 1 DAGs
[2026-04-10T09:13:07.769+0900] {logging_mixin.py:190} INFO - [2026-04-10T09:13:07.769+0900] {dag.py:4138} INFO - Setting next_dagrun for example_short_circuit_decorator to 2026-04-09 00:00:00+00:00, run_after=2026-04-10 00:00:00+00:00
[2026-04-10T09:13:07.783+0900] {processor.py:208} INFO - Processing /home/airflow/.local/lib/python3.12/site-packages/airflow/example_dags/example_short_circuit_decorator.py took 0.067 seconds
[2026-04-10T09:13:38.173+0900] {processor.py:186} INFO - Started process (PID=147117) to work on /home/airflow/.local/lib/python3.12/site-packages/airflow/example_dags/example_short_circuit_decorator.py
[2026-04-10T09:13:38.174+0900] {processor.py:914} INFO - Processing file /home/airflow/.local/lib/python3.12/site-packages/airflow/example_dags/example_short_circuit_decorator.py for tasks to queue
[2026-04-10T09:13:38.177+0900] {logging_mixin.py:190} INFO - [2026-04-10T09:13:38.177+0900] {dagbag.py:587} INFO - Filling up the DagBag from /home/airflow/.local/lib/python3.12/site-packages/airflow/example_dags/example_short_circuit_decorator.py
[2026-04-10T09:13:38.185+0900] {processor.py:925} INFO - DAG(s) 'example_short_circuit_decorator' retrieved from /home/airflow/.local/lib/python3.12/site-packages/airflow/example_dags/example_short_circuit_decorator.py
[2026-04-10T09:13:38.202+0900] {logging_mixin.py:190} INFO - [2026-04-10T09:13:38.202+0900] {dag.py:3211} INFO - Sync 1 DAGs
[2026-04-10T09:13:38.218+0900] {logging_mixin.py:190} INFO - [2026-04-10T09:13:38.218+0900] {dag.py:4138} INFO - Setting next_dagrun for example_short_circuit_decorator to 2026-04-09 00:00:00+00:00, run_after=2026-04-10 00:00:00+00:00
[2026-04-10T09:13:38.241+0900] {processor.py:208} INFO - Processing /home/airflow/.local/lib/python3.12/site-packages/airflow/example_dags/example_short_circuit_decorator.py took 0.111 seconds
[2026-04-10T09:14:08.980+0900] {processor.py:186} INFO - Started process (PID=147180) to work on /home/airflow/.local/lib/python3.12/site-packages/airflow/example_dags/example_short_circuit_decorator.py
[2026-04-10T09:14:08.981+0900] {processor.py:914} INFO - Processing file /home/airflow/.local/lib/python3.12/site-packages/airflow/example_dags/example_short_circuit_decorator.py for tasks to queue
[2026-04-10T09:14:08.984+0900] {logging_mixin.py:190} INFO - [2026-04-10T09:14:08.983+0900] {dagbag.py:587} INFO - Filling up the DagBag from /home/airflow/.local/lib/python3.12/site-packages/airflow/example_dags/example_short_circuit_decorator.py
[2026-04-10T09:14:08.996+0900] {processor.py:925} INFO - DAG(s) 'example_short_circuit_decorator' retrieved from /home/airflow/.local/lib/python3.12/site-packages/airflow/example_dags/example_short_circuit_decorator.py
[2026-04-10T09:14:09.016+0900] {logging_mixin.py:190} INFO - [2026-04-10T09:14:09.016+0900] {dag.py:3211} INFO - Sync 1 DAGs
[2026-04-10T09:14:09.033+0900] {logging_mixin.py:190} INFO - [2026-04-10T09:14:09.033+0900] {dag.py:4138} INFO - Setting next_dagrun for example_short_circuit_decorator to 2026-04-09 00:00:00+00:00, run_after=2026-04-10 00:00:00+00:00
[2026-04-10T09:14:09.060+0900] {processor.py:208} INFO - Processing /home/airflow/.local/lib/python3.12/site-packages/airflow/example_dags/example_short_circuit_decorator.py took 0.085 seconds
[2026-04-10T09:14:39.522+0900] {processor.py:186} INFO - Started process (PID=147243) to work on /home/airflow/.local/lib/python3.12/site-packages/airflow/example_dags/example_short_circuit_decorator.py
[2026-04-10T09:14:39.523+0900] {processor.py:914} INFO - Processing file /home/airflow/.local/lib/python3.12/site-packages/airflow/example_dags/example_short_circuit_decorator.py for tasks to queue
[2026-04-10T09:14:39.525+0900] {logging_mixin.py:190} INFO - [2026-04-10T09:14:39.525+0900] {dagbag.py:587} INFO - Filling up the DagBag from /home/airflow/.local/lib/python3.12/site-packages/airflow/example_dags/example_short_circuit_decorator.py
[2026-04-10T09:14:39.533+0900] {processor.py:925} INFO - DAG(s) 'example_short_circuit_decorator' retrieved from /home/airflow/.local/lib/python3.12/site-packages/airflow/example_dags/example_short_circuit_decorator.py
[2026-04-10T09:14:39.557+0900] {logging_mixin.py:190} INFO - [2026-04-10T09:14:39.556+0900] {dag.py:3211} INFO - Sync 1 DAGs
[2026-04-10T09:14:39.579+0900] {logging_mixin.py:190} INFO - [2026-04-10T09:14:39.579+0900] {dag.py:4138} INFO - Setting next_dagrun for example_short_circuit_decorator to 2026-04-09 00:00:00+00:00, run_after=2026-04-10 00:00:00+00:00
[2026-04-10T09:14:39.595+0900] {processor.py:208} INFO - Processing /home/airflow/.local/lib/python3.12/site-packages/airflow/example_dags/example_short_circuit_decorator.py took 0.078 seconds
[2026-04-10T09:15:09.692+0900] {processor.py:186} INFO - Started process (PID=147306) to work on /home/airflow/.local/lib/python3.12/site-packages/airflow/example_dags/example_short_circuit_decorator.py
[2026-04-10T09:15:09.693+0900] {processor.py:914} INFO - Processing file /home/airflow/.local/lib/python3.12/site-packages/airflow/example_dags/example_short_circuit_decorator.py for tasks to queue
[2026-04-10T09:15:09.695+0900] {logging_mixin.py:190} INFO - [2026-04-10T09:15:09.695+0900] {dagbag.py:587} INFO - Filling up the DagBag from /home/airflow/.local/lib/python3.12/site-packages/airflow/example_dags/example_short_circuit_decorator.py
[2026-04-10T09:15:09.703+0900] {processor.py:925} INFO - DAG(s) 'example_short_circuit_decorator' retrieved from /home/airflow/.local/lib/python3.12/site-packages/airflow/example_dags/example_short_circuit_decorator.py
[2026-04-10T09:15:09.721+0900] {logging_mixin.py:190} INFO - [2026-04-10T09:15:09.721+0900] {dag.py:3211} INFO - Sync 1 DAGs
[2026-04-10T09:15:09.738+0900] {logging_mixin.py:190} INFO - [2026-04-10T09:15:09.737+0900] {dag.py:4138} INFO - Setting next_dagrun for example_short_circuit_decorator to 2026-04-09 00:00:00+00:00, run_after=2026-04-10 00:00:00+00:00
[2026-04-10T09:15:09.759+0900] {processor.py:208} INFO - Processing /home/airflow/.local/lib/python3.12/site-packages/airflow/example_dags/example_short_circuit_decorator.py took 0.072 seconds
[2026-04-10T09:15:40.568+0900] {processor.py:186} INFO - Started process (PID=147369) to work on /home/airflow/.local/lib/python3.12/site-packages/airflow/example_dags/example_short_circuit_decorator.py
[2026-04-10T09:15:40.569+0900] {processor.py:914} INFO - Processing file /home/airflow/.local/lib/python3.12/site-packages/airflow/example_dags/example_short_circuit_decorator.py for tasks to queue
[2026-04-10T09:15:40.572+0900] {logging_mixin.py:190} INFO - [2026-04-10T09:15:40.571+0900] {dagbag.py:587} INFO - Filling up the DagBag from /home/airflow/.local/lib/python3.12/site-packages/airflow/example_dags/example_short_circuit_decorator.py
[2026-04-10T09:15:40.580+0900] {processor.py:925} INFO - DAG(s) 'example_short_circuit_decorator' retrieved from /home/airflow/.local/lib/python3.12/site-packages/airflow/example_dags/example_short_circuit_decorator.py
[2026-04-10T09:15:40.597+0900] {logging_mixin.py:190} INFO - [2026-04-10T09:15:40.597+0900] {dag.py:3211} INFO - Sync 1 DAGs
[2026-04-10T09:15:40.614+0900] {logging_mixin.py:190} INFO - [2026-04-10T09:15:40.614+0900] {dag.py:4138} INFO - Setting next_dagrun for example_short_circuit_decorator to 2026-04-09 00:00:00+00:00, run_after=2026-04-10 00:00:00+00:00
[2026-04-10T09:15:40.630+0900] {processor.py:208} INFO - Processing /home/airflow/.local/lib/python3.12/site-packages/airflow/example_dags/example_short_circuit_decorator.py took 0.067 seconds
[2026-04-10T09:16:11.275+0900] {processor.py:186} INFO - Started process (PID=147432) to work on /home/airflow/.local/lib/python3.12/site-packages/airflow/example_dags/example_short_circuit_decorator.py
[2026-04-10T09:16:11.276+0900] {processor.py:914} INFO - Processing file /home/airflow/.local/lib/python3.12/site-packages/airflow/example_dags/example_short_circuit_decorator.py for tasks to queue
[2026-04-10T09:16:11.279+0900] {logging_mixin.py:190} INFO - [2026-04-10T09:16:11.278+0900] {dagbag.py:587} INFO - Filling up the DagBag from /home/airflow/.local/lib/python3.12/site-packages/airflow/example_dags/example_short_circuit_decorator.py
[2026-04-10T09:16:11.286+0900] {processor.py:925} INFO - DAG(s) 'example_short_circuit_decorator' retrieved from /home/airflow/.local/lib/python3.12/site-packages/airflow/example_dags/example_short_circuit_decorator.py
[2026-04-10T09:16:11.304+0900] {logging_mixin.py:190} INFO - [2026-04-10T09:16:11.304+0900] {dag.py:3211} INFO - Sync 1 DAGs
[2026-04-10T09:16:11.320+0900] {logging_mixin.py:190} INFO - [2026-04-10T09:16:11.320+0900] {dag.py:4138} INFO - Setting next_dagrun for example_short_circuit_decorator to 2026-04-09 00:00:00+00:00, run_after=2026-04-10 00:00:00+00:00
[2026-04-10T09:16:11.336+0900] {processor.py:208} INFO - Processing /home/airflow/.local/lib/python3.12/site-packages/airflow/example_dags/example_short_circuit_decorator.py took 0.066 seconds
[2026-04-10T09:16:42.067+0900] {processor.py:186} INFO - Started process (PID=147495) to work on /home/airflow/.local/lib/python3.12/site-packages/airflow/example_dags/example_short_circuit_decorator.py
[2026-04-10T09:16:42.069+0900] {processor.py:914} INFO - Processing file /home/airflow/.local/lib/python3.12/site-packages/airflow/example_dags/example_short_circuit_decorator.py for tasks to queue
[2026-04-10T09:16:42.071+0900] {logging_mixin.py:190} INFO - [2026-04-10T09:16:42.071+0900] {dagbag.py:587} INFO - Filling up the DagBag from /home/airflow/.local/lib/python3.12/site-packages/airflow/example_dags/example_short_circuit_decorator.py
[2026-04-10T09:16:42.080+0900] {processor.py:925} INFO - DAG(s) 'example_short_circuit_decorator' retrieved from /home/airflow/.local/lib/python3.12/site-packages/airflow/example_dags/example_short_circuit_decorator.py
[2026-04-10T09:16:42.097+0900] {logging_mixin.py:190} INFO - [2026-04-10T09:16:42.097+0900] {dag.py:3211} INFO - Sync 1 DAGs
[2026-04-10T09:16:42.113+0900] {logging_mixin.py:190} INFO - [2026-04-10T09:16:42.113+0900] {dag.py:4138} INFO - Setting next_dagrun for example_short_circuit_decorator to 2026-04-09 00:00:00+00:00, run_after=2026-04-10 00:00:00+00:00
[2026-04-10T09:16:42.127+0900] {processor.py:208} INFO - Processing /home/airflow/.local/lib/python3.12/site-packages/airflow/example_dags/example_short_circuit_decorator.py took 0.064 seconds
[2026-04-10T09:17:12.841+0900] {processor.py:186} INFO - Started process (PID=147558) to work on /home/airflow/.local/lib/python3.12/site-packages/airflow/example_dags/example_short_circuit_decorator.py
[2026-04-10T09:17:12.842+0900] {processor.py:914} INFO - Processing file /home/airflow/.local/lib/python3.12/site-packages/airflow/example_dags/example_short_circuit_decorator.py for tasks to queue
[2026-04-10T09:17:12.844+0900] {logging_mixin.py:190} INFO - [2026-04-10T09:17:12.844+0900] {dagbag.py:587} INFO - Filling up the DagBag from /home/airflow/.local/lib/python3.12/site-packages/airflow/example_dags/example_short_circuit_decorator.py
[2026-04-10T09:17:12.852+0900] {processor.py:925} INFO - DAG(s) 'example_short_circuit_decorator' retrieved from /home/airflow/.local/lib/python3.12/site-packages/airflow/example_dags/example_short_circuit_decorator.py
[2026-04-10T09:17:12.871+0900] {logging_mixin.py:190} INFO - [2026-04-10T09:17:12.871+0900] {dag.py:3211} INFO - Sync 1 DAGs
[2026-04-10T09:17:12.888+0900] {logging_mixin.py:190} INFO - [2026-04-10T09:17:12.888+0900] {dag.py:4138} INFO - Setting next_dagrun for example_short_circuit_decorator to 2026-04-09 00:00:00+00:00, run_after=2026-04-10 00:00:00+00:00
[2026-04-10T09:17:12.902+0900] {processor.py:208} INFO - Processing /home/airflow/.local/lib/python3.12/site-packages/airflow/example_dags/example_short_circuit_decorator.py took 0.065 seconds
[2026-04-10T09:17:43.472+0900] {processor.py:186} INFO - Started process (PID=147621) to work on /home/airflow/.local/lib/python3.12/site-packages/airflow/example_dags/example_short_circuit_decorator.py
[2026-04-10T09:17:43.474+0900] {processor.py:914} INFO - Processing file /home/airflow/.local/lib/python3.12/site-packages/airflow/example_dags/example_short_circuit_decorator.py for tasks to queue
[2026-04-10T09:17:43.476+0900] {logging_mixin.py:190} INFO - [2026-04-10T09:17:43.476+0900] {dagbag.py:587} INFO - Filling up the DagBag from /home/airflow/.local/lib/python3.12/site-packages/airflow/example_dags/example_short_circuit_decorator.py
[2026-04-10T09:17:43.485+0900] {processor.py:925} INFO - DAG(s) 'example_short_circuit_decorator' retrieved from /home/airflow/.local/lib/python3.12/site-packages/airflow/example_dags/example_short_circuit_decorator.py
[2026-04-10T09:17:43.503+0900] {logging_mixin.py:190} INFO - [2026-04-10T09:17:43.503+0900] {dag.py:3211} INFO - Sync 1 DAGs
[2026-04-10T09:17:43.520+0900] {logging_mixin.py:190} INFO - [2026-04-10T09:17:43.520+0900] {dag.py:4138} INFO - Setting next_dagrun for example_short_circuit_decorator to 2026-04-09 00:00:00+00:00, run_after=2026-04-10 00:00:00+00:00
[2026-04-10T09:17:43.540+0900] {processor.py:208} INFO - Processing /home/airflow/.local/lib/python3.12/site-packages/airflow/example_dags/example_short_circuit_decorator.py took 0.072 seconds
[2026-04-10T09:18:14.366+0900] {processor.py:186} INFO - Started process (PID=147684) to work on /home/airflow/.local/lib/python3.12/site-packages/airflow/example_dags/example_short_circuit_decorator.py
[2026-04-10T09:18:14.367+0900] {processor.py:914} INFO - Processing file /home/airflow/.local/lib/python3.12/site-packages/airflow/example_dags/example_short_circuit_decorator.py for tasks to queue
[2026-04-10T09:18:14.370+0900] {logging_mixin.py:190} INFO - [2026-04-10T09:18:14.370+0900] {dagbag.py:587} INFO - Filling up the DagBag from /home/airflow/.local/lib/python3.12/site-packages/airflow/example_dags/example_short_circuit_decorator.py
[2026-04-10T09:18:14.379+0900] {processor.py:925} INFO - DAG(s) 'example_short_circuit_decorator' retrieved from /home/airflow/.local/lib/python3.12/site-packages/airflow/example_dags/example_short_circuit_decorator.py
[2026-04-10T09:18:14.396+0900] {logging_mixin.py:190} INFO - [2026-04-10T09:18:14.396+0900] {dag.py:3211} INFO - Sync 1 DAGs
[2026-04-10T09:18:14.415+0900] {logging_mixin.py:190} INFO - [2026-04-10T09:18:14.415+0900] {dag.py:4138} INFO - Setting next_dagrun for example_short_circuit_decorator to 2026-04-09 00:00:00+00:00, run_after=2026-04-10 00:00:00+00:00
[2026-04-10T09:18:14.430+0900] {processor.py:208} INFO - Processing /home/airflow/.local/lib/python3.12/site-packages/airflow/example_dags/example_short_circuit_decorator.py took 0.069 seconds
[2026-04-10T09:18:45.048+0900] {processor.py:186} INFO - Started process (PID=147747) to work on /home/airflow/.local/lib/python3.12/site-packages/airflow/example_dags/example_short_circuit_decorator.py
[2026-04-10T09:18:45.049+0900] {processor.py:914} INFO - Processing file /home/airflow/.local/lib/python3.12/site-packages/airflow/example_dags/example_short_circuit_decorator.py for tasks to queue
[2026-04-10T09:18:45.052+0900] {logging_mixin.py:190} INFO - [2026-04-10T09:18:45.051+0900] {dagbag.py:587} INFO - Filling up the DagBag from /home/airflow/.local/lib/python3.12/site-packages/airflow/example_dags/example_short_circuit_decorator.py
[2026-04-10T09:18:45.065+0900] {processor.py:925} INFO - DAG(s) 'example_short_circuit_decorator' retrieved from /home/airflow/.local/lib/python3.12/site-packages/airflow/example_dags/example_short_circuit_decorator.py
[2026-04-10T09:18:45.089+0900] {logging_mixin.py:190} INFO - [2026-04-10T09:18:45.089+0900] {dag.py:3211} INFO - Sync 1 DAGs
[2026-04-10T09:18:45.107+0900] {logging_mixin.py:190} INFO - [2026-04-10T09:18:45.107+0900] {dag.py:4138} INFO - Setting next_dagrun for example_short_circuit_decorator to 2026-04-09 00:00:00+00:00, run_after=2026-04-10 00:00:00+00:00
[2026-04-10T09:18:45.121+0900] {processor.py:208} INFO - Processing /home/airflow/.local/lib/python3.12/site-packages/airflow/example_dags/example_short_circuit_decorator.py took 0.079 seconds
[2026-04-10T09:19:15.969+0900] {processor.py:186} INFO - Started process (PID=147810) to work on /home/airflow/.local/lib/python3.12/site-packages/airflow/example_dags/example_short_circuit_decorator.py
[2026-04-10T09:19:15.970+0900] {processor.py:914} INFO - Processing file /home/airflow/.local/lib/python3.12/site-packages/airflow/example_dags/example_short_circuit_decorator.py for tasks to queue
[2026-04-10T09:19:15.974+0900] {logging_mixin.py:190} INFO - [2026-04-10T09:19:15.974+0900] {dagbag.py:587} INFO - Filling up the DagBag from /home/airflow/.local/lib/python3.12/site-packages/airflow/example_dags/example_short_circuit_decorator.py
[2026-04-10T09:19:15.987+0900] {processor.py:925} INFO - DAG(s) 'example_short_circuit_decorator' retrieved from /home/airflow/.local/lib/python3.12/site-packages/airflow/example_dags/example_short_circuit_decorator.py
[2026-04-10T09:19:16.017+0900] {logging_mixin.py:190} INFO - [2026-04-10T09:19:16.017+0900] {dag.py:3211} INFO - Sync 1 DAGs
[2026-04-10T09:19:16.042+0900] {logging_mixin.py:190} INFO - [2026-04-10T09:19:16.041+0900] {dag.py:4138} INFO - Setting next_dagrun for example_short_circuit_decorator to 2026-04-09 00:00:00+00:00, run_after=2026-04-10 00:00:00+00:00
[2026-04-10T09:19:16.065+0900] {processor.py:208} INFO - Processing /home/airflow/.local/lib/python3.12/site-packages/airflow/example_dags/example_short_circuit_decorator.py took 0.102 seconds
[2026-04-10T09:19:46.149+0900] {processor.py:186} INFO - Started process (PID=147873) to work on /home/airflow/.local/lib/python3.12/site-packages/airflow/example_dags/example_short_circuit_decorator.py
[2026-04-10T09:19:46.150+0900] {processor.py:914} INFO - Processing file /home/airflow/.local/lib/python3.12/site-packages/airflow/example_dags/example_short_circuit_decorator.py for tasks to queue
[2026-04-10T09:19:46.153+0900] {logging_mixin.py:190} INFO - [2026-04-10T09:19:46.152+0900] {dagbag.py:587} INFO - Filling up the DagBag from /home/airflow/.local/lib/python3.12/site-packages/airflow/example_dags/example_short_circuit_decorator.py
[2026-04-10T09:19:46.162+0900] {processor.py:925} INFO - DAG(s) 'example_short_circuit_decorator' retrieved from /home/airflow/.local/lib/python3.12/site-packages/airflow/example_dags/example_short_circuit_decorator.py
[2026-04-10T09:19:46.181+0900] {logging_mixin.py:190} INFO - [2026-04-10T09:19:46.181+0900] {dag.py:3211} INFO - Sync 1 DAGs
[2026-04-10T09:19:46.200+0900] {logging_mixin.py:190} INFO - [2026-04-10T09:19:46.200+0900] {dag.py:4138} INFO - Setting next_dagrun for example_short_circuit_decorator to 2026-04-09 00:00:00+00:00, run_after=2026-04-10 00:00:00+00:00
[2026-04-10T09:19:46.215+0900] {processor.py:208} INFO - Processing /home/airflow/.local/lib/python3.12/site-packages/airflow/example_dags/example_short_circuit_decorator.py took 0.071 seconds
[2026-04-10T09:20:16.922+0900] {processor.py:186} INFO - Started process (PID=147936) to work on /home/airflow/.local/lib/python3.12/site-packages/airflow/example_dags/example_short_circuit_decorator.py
[2026-04-10T09:20:16.923+0900] {processor.py:914} INFO - Processing file /home/airflow/.local/lib/python3.12/site-packages/airflow/example_dags/example_short_circuit_decorator.py for tasks to queue
[2026-04-10T09:20:16.925+0900] {logging_mixin.py:190} INFO - [2026-04-10T09:20:16.925+0900] {dagbag.py:587} INFO - Filling up the DagBag from /home/airflow/.local/lib/python3.12/site-packages/airflow/example_dags/example_short_circuit_decorator.py
[2026-04-10T09:20:16.932+0900] {processor.py:925} INFO - DAG(s) 'example_short_circuit_decorator' retrieved from /home/airflow/.local/lib/python3.12/site-packages/airflow/example_dags/example_short_circuit_decorator.py
[2026-04-10T09:20:16.948+0900] {logging_mixin.py:190} INFO - [2026-04-10T09:20:16.948+0900] {dag.py:3211} INFO - Sync 1 DAGs
[2026-04-10T09:20:16.964+0900] {logging_mixin.py:190} INFO - [2026-04-10T09:20:16.964+0900] {dag.py:4138} INFO - Setting next_dagrun for example_short_circuit_decorator to 2026-04-09 00:00:00+00:00, run_after=2026-04-10 00:00:00+00:00
[2026-04-10T09:20:16.982+0900] {processor.py:208} INFO - Processing /home/airflow/.local/lib/python3.12/site-packages/airflow/example_dags/example_short_circuit_decorator.py took 0.065 seconds
[2026-04-10T09:20:47.603+0900] {processor.py:186} INFO - Started process (PID=147999) to work on /home/airflow/.local/lib/python3.12/site-packages/airflow/example_dags/example_short_circuit_decorator.py
[2026-04-10T09:20:47.604+0900] {processor.py:914} INFO - Processing file /home/airflow/.local/lib/python3.12/site-packages/airflow/example_dags/example_short_circuit_decorator.py for tasks to queue
[2026-04-10T09:20:47.607+0900] {logging_mixin.py:190} INFO - [2026-04-10T09:20:47.607+0900] {dagbag.py:587} INFO - Filling up the DagBag from /home/airflow/.local/lib/python3.12/site-packages/airflow/example_dags/example_short_circuit_decorator.py
[2026-04-10T09:20:47.617+0900] {processor.py:925} INFO - DAG(s) 'example_short_circuit_decorator' retrieved from /home/airflow/.local/lib/python3.12/site-packages/airflow/example_dags/example_short_circuit_decorator.py
[2026-04-10T09:20:47.637+0900] {logging_mixin.py:190} INFO - [2026-04-10T09:20:47.636+0900] {dag.py:3211} INFO - Sync 1 DAGs
[2026-04-10T09:20:47.654+0900] {logging_mixin.py:190} INFO - [2026-04-10T09:20:47.654+0900] {dag.py:4138} INFO - Setting next_dagrun for example_short_circuit_decorator to 2026-04-09 00:00:00+00:00, run_after=2026-04-10 00:00:00+00:00
[2026-04-10T09:20:47.671+0900] {processor.py:208} INFO - Processing /home/airflow/.local/lib/python3.12/site-packages/airflow/example_dags/example_short_circuit_decorator.py took 0.074 seconds
[2026-04-10T09:21:18.400+0900] {processor.py:186} INFO - Started process (PID=148062) to work on /home/airflow/.local/lib/python3.12/site-packages/airflow/example_dags/example_short_circuit_decorator.py
[2026-04-10T09:21:18.401+0900] {processor.py:914} INFO - Processing file /home/airflow/.local/lib/python3.12/site-packages/airflow/example_dags/example_short_circuit_decorator.py for tasks to queue
[2026-04-10T09:21:18.404+0900] {logging_mixin.py:190} INFO - [2026-04-10T09:21:18.404+0900] {dagbag.py:587} INFO - Filling up the DagBag from /home/airflow/.local/lib/python3.12/site-packages/airflow/example_dags/example_short_circuit_decorator.py
[2026-04-10T09:21:18.413+0900] {processor.py:925} INFO - DAG(s) 'example_short_circuit_decorator' retrieved from /home/airflow/.local/lib/python3.12/site-packages/airflow/example_dags/example_short_circuit_decorator.py
[2026-04-10T09:21:18.438+0900] {logging_mixin.py:190} INFO - [2026-04-10T09:21:18.438+0900] {dag.py:3211} INFO - Sync 1 DAGs
[2026-04-10T09:21:18.458+0900] {logging_mixin.py:190} INFO - [2026-04-10T09:21:18.457+0900] {dag.py:4138} INFO - Setting next_dagrun for example_short_circuit_decorator to 2026-04-09 00:00:00+00:00, run_after=2026-04-10 00:00:00+00:00
[2026-04-10T09:21:18.474+0900] {processor.py:208} INFO - Processing /home/airflow/.local/lib/python3.12/site-packages/airflow/example_dags/example_short_circuit_decorator.py took 0.079 seconds
[2026-04-10T09:21:49.214+0900] {processor.py:186} INFO - Started process (PID=148125) to work on /home/airflow/.local/lib/python3.12/site-packages/airflow/example_dags/example_short_circuit_decorator.py
[2026-04-10T09:21:49.215+0900] {processor.py:914} INFO - Processing file /home/airflow/.local/lib/python3.12/site-packages/airflow/example_dags/example_short_circuit_decorator.py for tasks to queue
[2026-04-10T09:21:49.217+0900] {logging_mixin.py:190} INFO - [2026-04-10T09:21:49.217+0900] {dagbag.py:587} INFO - Filling up the DagBag from /home/airflow/.local/lib/python3.12/site-packages/airflow/example_dags/example_short_circuit_decorator.py
[2026-04-10T09:21:49.224+0900] {processor.py:925} INFO - DAG(s) 'example_short_circuit_decorator' retrieved from /home/airflow/.local/lib/python3.12/site-packages/airflow/example_dags/example_short_circuit_decorator.py
[2026-04-10T09:21:49.244+0900] {logging_mixin.py:190} INFO - [2026-04-10T09:21:49.244+0900] {dag.py:3211} INFO - Sync 1 DAGs
[2026-04-10T09:21:49.264+0900] {logging_mixin.py:190} INFO - [2026-04-10T09:21:49.264+0900] {dag.py:4138} INFO - Setting next_dagrun for example_short_circuit_decorator to 2026-04-09 00:00:00+00:00, run_after=2026-04-10 00:00:00+00:00
[2026-04-10T09:21:49.279+0900] {processor.py:208} INFO - Processing /home/airflow/.local/lib/python3.12/site-packages/airflow/example_dags/example_short_circuit_decorator.py took 0.070 seconds
[2026-04-10T09:22:19.967+0900] {processor.py:186} INFO - Started process (PID=148188) to work on /home/airflow/.local/lib/python3.12/site-packages/airflow/example_dags/example_short_circuit_decorator.py
[2026-04-10T09:22:19.968+0900] {processor.py:914} INFO - Processing file /home/airflow/.local/lib/python3.12/site-packages/airflow/example_dags/example_short_circuit_decorator.py for tasks to queue
[2026-04-10T09:22:19.971+0900] {logging_mixin.py:190} INFO - [2026-04-10T09:22:19.970+0900] {dagbag.py:587} INFO - Filling up the DagBag from /home/airflow/.local/lib/python3.12/site-packages/airflow/example_dags/example_short_circuit_decorator.py
[2026-04-10T09:22:19.978+0900] {processor.py:925} INFO - DAG(s) 'example_short_circuit_decorator' retrieved from /home/airflow/.local/lib/python3.12/site-packages/airflow/example_dags/example_short_circuit_decorator.py
[2026-04-10T09:22:19.994+0900] {logging_mixin.py:190} INFO - [2026-04-10T09:22:19.994+0900] {dag.py:3211} INFO - Sync 1 DAGs
[2026-04-10T09:22:20.011+0900] {logging_mixin.py:190} INFO - [2026-04-10T09:22:20.011+0900] {dag.py:4138} INFO - Setting next_dagrun for example_short_circuit_decorator to 2026-04-09 00:00:00+00:00, run_after=2026-04-10 00:00:00+00:00
[2026-04-10T09:22:20.031+0900] {processor.py:208} INFO - Processing /home/airflow/.local/lib/python3.12/site-packages/airflow/example_dags/example_short_circuit_decorator.py took 0.068 seconds
[2026-04-10T09:22:50.856+0900] {processor.py:186} INFO - Started process (PID=148251) to work on /home/airflow/.local/lib/python3.12/site-packages/airflow/example_dags/example_short_circuit_decorator.py
[2026-04-10T09:22:50.857+0900] {processor.py:914} INFO - Processing file /home/airflow/.local/lib/python3.12/site-packages/airflow/example_dags/example_short_circuit_decorator.py for tasks to queue
[2026-04-10T09:22:50.859+0900] {logging_mixin.py:190} INFO - [2026-04-10T09:22:50.859+0900] {dagbag.py:587} INFO - Filling up the DagBag from /home/airflow/.local/lib/python3.12/site-packages/airflow/example_dags/example_short_circuit_decorator.py
[2026-04-10T09:22:50.867+0900] {processor.py:925} INFO - DAG(s) 'example_short_circuit_decorator' retrieved from /home/airflow/.local/lib/python3.12/site-packages/airflow/example_dags/example_short_circuit_decorator.py
[2026-04-10T09:22:50.883+0900] {logging_mixin.py:190} INFO - [2026-04-10T09:22:50.883+0900] {dag.py:3211} INFO - Sync 1 DAGs
[2026-04-10T09:22:50.899+0900] {logging_mixin.py:190} INFO - [2026-04-10T09:22:50.899+0900] {dag.py:4138} INFO - Setting next_dagrun for example_short_circuit_decorator to 2026-04-09 00:00:00+00:00, run_after=2026-04-10 00:00:00+00:00
[2026-04-10T09:22:50.915+0900] {processor.py:208} INFO - Processing /home/airflow/.local/lib/python3.12/site-packages/airflow/example_dags/example_short_circuit_decorator.py took 0.064 seconds
[2026-04-10T09:23:21.496+0900] {processor.py:186} INFO - Started process (PID=148314) to work on /home/airflow/.local/lib/python3.12/site-packages/airflow/example_dags/example_short_circuit_decorator.py
[2026-04-10T09:23:21.497+0900] {processor.py:914} INFO - Processing file /home/airflow/.local/lib/python3.12/site-packages/airflow/example_dags/example_short_circuit_decorator.py for tasks to queue
[2026-04-10T09:23:21.499+0900] {logging_mixin.py:190} INFO - [2026-04-10T09:23:21.499+0900] {dagbag.py:587} INFO - Filling up the DagBag from /home/airflow/.local/lib/python3.12/site-packages/airflow/example_dags/example_short_circuit_decorator.py
[2026-04-10T09:23:21.507+0900] {processor.py:925} INFO - DAG(s) 'example_short_circuit_decorator' retrieved from /home/airflow/.local/lib/python3.12/site-packages/airflow/example_dags/example_short_circuit_decorator.py
[2026-04-10T09:23:21.529+0900] {logging_mixin.py:190} INFO - [2026-04-10T09:23:21.529+0900] {dag.py:3211} INFO - Sync 1 DAGs
[2026-04-10T09:23:21.547+0900] {logging_mixin.py:190} INFO - [2026-04-10T09:23:21.547+0900] {dag.py:4138} INFO - Setting next_dagrun for example_short_circuit_decorator to 2026-04-09 00:00:00+00:00, run_after=2026-04-10 00:00:00+00:00
[2026-04-10T09:23:21.567+0900] {processor.py:208} INFO - Processing /home/airflow/.local/lib/python3.12/site-packages/airflow/example_dags/example_short_circuit_decorator.py took 0.076 seconds
[2026-04-10T09:23:52.180+0900] {processor.py:186} INFO - Started process (PID=148377) to work on /home/airflow/.local/lib/python3.12/site-packages/airflow/example_dags/example_short_circuit_decorator.py
[2026-04-10T09:23:52.182+0900] {processor.py:914} INFO - Processing file /home/airflow/.local/lib/python3.12/site-packages/airflow/example_dags/example_short_circuit_decorator.py for tasks to queue
[2026-04-10T09:23:52.184+0900] {logging_mixin.py:190} INFO - [2026-04-10T09:23:52.184+0900] {dagbag.py:587} INFO - Filling up the DagBag from /home/airflow/.local/lib/python3.12/site-packages/airflow/example_dags/example_short_circuit_decorator.py
[2026-04-10T09:23:52.193+0900] {processor.py:925} INFO - DAG(s) 'example_short_circuit_decorator' retrieved from /home/airflow/.local/lib/python3.12/site-packages/airflow/example_dags/example_short_circuit_decorator.py
[2026-04-10T09:23:52.209+0900] {logging_mixin.py:190} INFO - [2026-04-10T09:23:52.209+0900] {dag.py:3211} INFO - Sync 1 DAGs
[2026-04-10T09:23:52.225+0900] {logging_mixin.py:190} INFO - [2026-04-10T09:23:52.225+0900] {dag.py:4138} INFO - Setting next_dagrun for example_short_circuit_decorator to 2026-04-09 00:00:00+00:00, run_after=2026-04-10 00:00:00+00:00
[2026-04-10T09:23:52.240+0900] {processor.py:208} INFO - Processing /home/airflow/.local/lib/python3.12/site-packages/airflow/example_dags/example_short_circuit_decorator.py took 0.064 seconds
[2026-04-10T09:24:22.379+0900] {processor.py:186} INFO - Started process (PID=148440) to work on /home/airflow/.local/lib/python3.12/site-packages/airflow/example_dags/example_short_circuit_decorator.py
[2026-04-10T09:24:22.380+0900] {processor.py:914} INFO - Processing file /home/airflow/.local/lib/python3.12/site-packages/airflow/example_dags/example_short_circuit_decorator.py for tasks to queue
[2026-04-10T09:24:22.382+0900] {logging_mixin.py:190} INFO - [2026-04-10T09:24:22.382+0900] {dagbag.py:587} INFO - Filling up the DagBag from /home/airflow/.local/lib/python3.12/site-packages/airflow/example_dags/example_short_circuit_decorator.py
[2026-04-10T09:24:22.389+0900] {processor.py:925} INFO - DAG(s) 'example_short_circuit_decorator' retrieved from /home/airflow/.local/lib/python3.12/site-packages/airflow/example_dags/example_short_circuit_decorator.py
[2026-04-10T09:24:22.406+0900] {logging_mixin.py:190} INFO - [2026-04-10T09:24:22.406+0900] {dag.py:3211} INFO - Sync 1 DAGs
[2026-04-10T09:24:22.421+0900] {logging_mixin.py:190} INFO - [2026-04-10T09:24:22.421+0900] {dag.py:4138} INFO - Setting next_dagrun for example_short_circuit_decorator to 2026-04-09 00:00:00+00:00, run_after=2026-04-10 00:00:00+00:00
[2026-04-10T09:24:22.438+0900] {processor.py:208} INFO - Processing /home/airflow/.local/lib/python3.12/site-packages/airflow/example_dags/example_short_circuit_decorator.py took 0.064 seconds
[2026-04-10T09:24:52.548+0900] {processor.py:186} INFO - Started process (PID=148503) to work on /home/airflow/.local/lib/python3.12/site-packages/airflow/example_dags/example_short_circuit_decorator.py
[2026-04-10T09:24:52.549+0900] {processor.py:914} INFO - Processing file /home/airflow/.local/lib/python3.12/site-packages/airflow/example_dags/example_short_circuit_decorator.py for tasks to queue
[2026-04-10T09:24:52.551+0900] {logging_mixin.py:190} INFO - [2026-04-10T09:24:52.550+0900] {dagbag.py:587} INFO - Filling up the DagBag from /home/airflow/.local/lib/python3.12/site-packages/airflow/example_dags/example_short_circuit_decorator.py
[2026-04-10T09:24:52.558+0900] {processor.py:925} INFO - DAG(s) 'example_short_circuit_decorator' retrieved from /home/airflow/.local/lib/python3.12/site-packages/airflow/example_dags/example_short_circuit_decorator.py
[2026-04-10T09:24:52.573+0900] {logging_mixin.py:190} INFO - [2026-04-10T09:24:52.573+0900] {dag.py:3211} INFO - Sync 1 DAGs
[2026-04-10T09:24:52.591+0900] {logging_mixin.py:190} INFO - [2026-04-10T09:24:52.590+0900] {dag.py:4138} INFO - Setting next_dagrun for example_short_circuit_decorator to 2026-04-09 00:00:00+00:00, run_after=2026-04-10 00:00:00+00:00
[2026-04-10T09:24:52.607+0900] {processor.py:208} INFO - Processing /home/airflow/.local/lib/python3.12/site-packages/airflow/example_dags/example_short_circuit_decorator.py took 0.064 seconds
[2026-04-10T09:25:22.724+0900] {processor.py:186} INFO - Started process (PID=148566) to work on /home/airflow/.local/lib/python3.12/site-packages/airflow/example_dags/example_short_circuit_decorator.py
[2026-04-10T09:25:22.725+0900] {processor.py:914} INFO - Processing file /home/airflow/.local/lib/python3.12/site-packages/airflow/example_dags/example_short_circuit_decorator.py for tasks to queue
[2026-04-10T09:25:22.727+0900] {logging_mixin.py:190} INFO - [2026-04-10T09:25:22.727+0900] {dagbag.py:587} INFO - Filling up the DagBag from /home/airflow/.local/lib/python3.12/site-packages/airflow/example_dags/example_short_circuit_decorator.py
[2026-04-10T09:25:22.740+0900] {processor.py:925} INFO - DAG(s) 'example_short_circuit_decorator' retrieved from /home/airflow/.local/lib/python3.12/site-packages/airflow/example_dags/example_short_circuit_decorator.py
[2026-04-10T09:25:22.759+0900] {logging_mixin.py:190} INFO - [2026-04-10T09:25:22.759+0900] {dag.py:3211} INFO - Sync 1 DAGs
[2026-04-10T09:25:22.775+0900] {logging_mixin.py:190} INFO - [2026-04-10T09:25:22.775+0900] {dag.py:4138} INFO - Setting next_dagrun for example_short_circuit_decorator to 2026-04-09 00:00:00+00:00, run_after=2026-04-10 00:00:00+00:00
[2026-04-10T09:25:22.789+0900] {processor.py:208} INFO - Processing /home/airflow/.local/lib/python3.12/site-packages/airflow/example_dags/example_short_circuit_decorator.py took 0.071 seconds
[2026-04-10T09:25:53.095+0900] {processor.py:186} INFO - Started process (PID=148629) to work on /home/airflow/.local/lib/python3.12/site-packages/airflow/example_dags/example_short_circuit_decorator.py
[2026-04-10T09:25:53.096+0900] {processor.py:914} INFO - Processing file /home/airflow/.local/lib/python3.12/site-packages/airflow/example_dags/example_short_circuit_decorator.py for tasks to queue
[2026-04-10T09:25:53.098+0900] {logging_mixin.py:190} INFO - [2026-04-10T09:25:53.098+0900] {dagbag.py:587} INFO - Filling up the DagBag from /home/airflow/.local/lib/python3.12/site-packages/airflow/example_dags/example_short_circuit_decorator.py
[2026-04-10T09:25:53.107+0900] {processor.py:925} INFO - DAG(s) 'example_short_circuit_decorator' retrieved from /home/airflow/.local/lib/python3.12/site-packages/airflow/example_dags/example_short_circuit_decorator.py
[2026-04-10T09:25:53.124+0900] {logging_mixin.py:190} INFO - [2026-04-10T09:25:53.123+0900] {dag.py:3211} INFO - Sync 1 DAGs
[2026-04-10T09:25:53.140+0900] {logging_mixin.py:190} INFO - [2026-04-10T09:25:53.140+0900] {dag.py:4138} INFO - Setting next_dagrun for example_short_circuit_decorator to 2026-04-09 00:00:00+00:00, run_after=2026-04-10 00:00:00+00:00
[2026-04-10T09:25:53.154+0900] {processor.py:208} INFO - Processing /home/airflow/.local/lib/python3.12/site-packages/airflow/example_dags/example_short_circuit_decorator.py took 0.064 seconds
[2026-04-10T09:26:24.032+0900] {processor.py:186} INFO - Started process (PID=148692) to work on /home/airflow/.local/lib/python3.12/site-packages/airflow/example_dags/example_short_circuit_decorator.py
[2026-04-10T09:26:24.033+0900] {processor.py:914} INFO - Processing file /home/airflow/.local/lib/python3.12/site-packages/airflow/example_dags/example_short_circuit_decorator.py for tasks to queue
[2026-04-10T09:26:24.036+0900] {logging_mixin.py:190} INFO - [2026-04-10T09:26:24.035+0900] {dagbag.py:587} INFO - Filling up the DagBag from /home/airflow/.local/lib/python3.12/site-packages/airflow/example_dags/example_short_circuit_decorator.py
[2026-04-10T09:26:24.043+0900] {processor.py:925} INFO - DAG(s) 'example_short_circuit_decorator' retrieved from /home/airflow/.local/lib/python3.12/site-packages/airflow/example_dags/example_short_circuit_decorator.py
[2026-04-10T09:26:24.060+0900] {logging_mixin.py:190} INFO - [2026-04-10T09:26:24.060+0900] {dag.py:3211} INFO - Sync 1 DAGs
[2026-04-10T09:26:24.076+0900] {logging_mixin.py:190} INFO - [2026-04-10T09:26:24.076+0900] {dag.py:4138} INFO - Setting next_dagrun for example_short_circuit_decorator to 2026-04-09 00:00:00+00:00, run_after=2026-04-10 00:00:00+00:00
[2026-04-10T09:26:24.095+0900] {processor.py:208} INFO - Processing /home/airflow/.local/lib/python3.12/site-packages/airflow/example_dags/example_short_circuit_decorator.py took 0.068 seconds
[2026-04-10T09:26:54.651+0900] {processor.py:186} INFO - Started process (PID=148755) to work on /home/airflow/.local/lib/python3.12/site-packages/airflow/example_dags/example_short_circuit_decorator.py
[2026-04-10T09:26:54.652+0900] {processor.py:914} INFO - Processing file /home/airflow/.local/lib/python3.12/site-packages/airflow/example_dags/example_short_circuit_decorator.py for tasks to queue
[2026-04-10T09:26:54.655+0900] {logging_mixin.py:190} INFO - [2026-04-10T09:26:54.654+0900] {dagbag.py:587} INFO - Filling up the DagBag from /home/airflow/.local/lib/python3.12/site-packages/airflow/example_dags/example_short_circuit_decorator.py
[2026-04-10T09:26:54.663+0900] {processor.py:925} INFO - DAG(s) 'example_short_circuit_decorator' retrieved from /home/airflow/.local/lib/python3.12/site-packages/airflow/example_dags/example_short_circuit_decorator.py
[2026-04-10T09:26:54.682+0900] {logging_mixin.py:190} INFO - [2026-04-10T09:26:54.681+0900] {dag.py:3211} INFO - Sync 1 DAGs
[2026-04-10T09:26:54.699+0900] {logging_mixin.py:190} INFO - [2026-04-10T09:26:54.698+0900] {dag.py:4138} INFO - Setting next_dagrun for example_short_circuit_decorator to 2026-04-09 00:00:00+00:00, run_after=2026-04-10 00:00:00+00:00
[2026-04-10T09:26:54.714+0900] {processor.py:208} INFO - Processing /home/airflow/.local/lib/python3.12/site-packages/airflow/example_dags/example_short_circuit_decorator.py took 0.068 seconds
[2026-04-10T09:27:25.457+0900] {processor.py:186} INFO - Started process (PID=148818) to work on /home/airflow/.local/lib/python3.12/site-packages/airflow/example_dags/example_short_circuit_decorator.py
[2026-04-10T09:27:25.458+0900] {processor.py:914} INFO - Processing file /home/airflow/.local/lib/python3.12/site-packages/airflow/example_dags/example_short_circuit_decorator.py for tasks to queue
[2026-04-10T09:27:25.460+0900] {logging_mixin.py:190} INFO - [2026-04-10T09:27:25.460+0900] {dagbag.py:587} INFO - Filling up the DagBag from /home/airflow/.local/lib/python3.12/site-packages/airflow/example_dags/example_short_circuit_decorator.py
[2026-04-10T09:27:25.469+0900] {processor.py:925} INFO - DAG(s) 'example_short_circuit_decorator' retrieved from /home/airflow/.local/lib/python3.12/site-packages/airflow/example_dags/example_short_circuit_decorator.py
[2026-04-10T09:27:25.486+0900] {logging_mixin.py:190} INFO - [2026-04-10T09:27:25.486+0900] {dag.py:3211} INFO - Sync 1 DAGs
[2026-04-10T09:27:25.507+0900] {logging_mixin.py:190} INFO - [2026-04-10T09:27:25.507+0900] {dag.py:4138} INFO - Setting next_dagrun for example_short_circuit_decorator to 2026-04-09 00:00:00+00:00, run_after=2026-04-10 00:00:00+00:00
[2026-04-10T09:27:25.528+0900] {processor.py:208} INFO - Processing /home/airflow/.local/lib/python3.12/site-packages/airflow/example_dags/example_short_circuit_decorator.py took 0.075 seconds
[2026-04-10T09:27:56.119+0900] {processor.py:186} INFO - Started process (PID=148881) to work on /home/airflow/.local/lib/python3.12/site-packages/airflow/example_dags/example_short_circuit_decorator.py
[2026-04-10T09:27:56.120+0900] {processor.py:914} INFO - Processing file /home/airflow/.local/lib/python3.12/site-packages/airflow/example_dags/example_short_circuit_decorator.py for tasks to queue
[2026-04-10T09:27:56.122+0900] {logging_mixin.py:190} INFO - [2026-04-10T09:27:56.122+0900] {dagbag.py:587} INFO - Filling up the DagBag from /home/airflow/.local/lib/python3.12/site-packages/airflow/example_dags/example_short_circuit_decorator.py
[2026-04-10T09:27:56.129+0900] {processor.py:925} INFO - DAG(s) 'example_short_circuit_decorator' retrieved from /home/airflow/.local/lib/python3.12/site-packages/airflow/example_dags/example_short_circuit_decorator.py
[2026-04-10T09:27:56.147+0900] {logging_mixin.py:190} INFO - [2026-04-10T09:27:56.147+0900] {dag.py:3211} INFO - Sync 1 DAGs
[2026-04-10T09:27:56.164+0900] {logging_mixin.py:190} INFO - [2026-04-10T09:27:56.164+0900] {dag.py:4138} INFO - Setting next_dagrun for example_short_circuit_decorator to 2026-04-09 00:00:00+00:00, run_after=2026-04-10 00:00:00+00:00
[2026-04-10T09:27:56.178+0900] {processor.py:208} INFO - Processing /home/airflow/.local/lib/python3.12/site-packages/airflow/example_dags/example_short_circuit_decorator.py took 0.064 seconds
[2026-04-10T09:28:26.635+0900] {processor.py:186} INFO - Started process (PID=148944) to work on /home/airflow/.local/lib/python3.12/site-packages/airflow/example_dags/example_short_circuit_decorator.py
[2026-04-10T09:28:26.636+0900] {processor.py:914} INFO - Processing file /home/airflow/.local/lib/python3.12/site-packages/airflow/example_dags/example_short_circuit_decorator.py for tasks to queue
[2026-04-10T09:28:26.638+0900] {logging_mixin.py:190} INFO - [2026-04-10T09:28:26.638+0900] {dagbag.py:587} INFO - Filling up the DagBag from /home/airflow/.local/lib/python3.12/site-packages/airflow/example_dags/example_short_circuit_decorator.py
[2026-04-10T09:28:26.647+0900] {processor.py:925} INFO - DAG(s) 'example_short_circuit_decorator' retrieved from /home/airflow/.local/lib/python3.12/site-packages/airflow/example_dags/example_short_circuit_decorator.py
[2026-04-10T09:28:26.665+0900] {logging_mixin.py:190} INFO - [2026-04-10T09:28:26.664+0900] {dag.py:3211} INFO - Sync 1 DAGs
[2026-04-10T09:28:26.683+0900] {logging_mixin.py:190} INFO - [2026-04-10T09:28:26.683+0900] {dag.py:4138} INFO - Setting next_dagrun for example_short_circuit_decorator to 2026-04-09 00:00:00+00:00, run_after=2026-04-10 00:00:00+00:00
[2026-04-10T09:28:26.701+0900] {processor.py:208} INFO - Processing /home/airflow/.local/lib/python3.12/site-packages/airflow/example_dags/example_short_circuit_decorator.py took 0.071 seconds
[2026-04-10T09:28:57.305+0900] {processor.py:186} INFO - Started process (PID=149008) to work on /home/airflow/.local/lib/python3.12/site-packages/airflow/example_dags/example_short_circuit_decorator.py
[2026-04-10T09:28:57.306+0900] {processor.py:914} INFO - Processing file /home/airflow/.local/lib/python3.12/site-packages/airflow/example_dags/example_short_circuit_decorator.py for tasks to queue
[2026-04-10T09:28:57.308+0900] {logging_mixin.py:190} INFO - [2026-04-10T09:28:57.308+0900] {dagbag.py:587} INFO - Filling up the DagBag from /home/airflow/.local/lib/python3.12/site-packages/airflow/example_dags/example_short_circuit_decorator.py
[2026-04-10T09:28:57.315+0900] {processor.py:925} INFO - DAG(s) 'example_short_circuit_decorator' retrieved from /home/airflow/.local/lib/python3.12/site-packages/airflow/example_dags/example_short_circuit_decorator.py
[2026-04-10T09:28:57.331+0900] {logging_mixin.py:190} INFO - [2026-04-10T09:28:57.331+0900] {dag.py:3211} INFO - Sync 1 DAGs
[2026-04-10T09:28:57.351+0900] {logging_mixin.py:190} INFO - [2026-04-10T09:28:57.351+0900] {dag.py:4138} INFO - Setting next_dagrun for example_short_circuit_decorator to 2026-04-09 00:00:00+00:00, run_after=2026-04-10 00:00:00+00:00
[2026-04-10T09:28:57.365+0900] {processor.py:208} INFO - Processing /home/airflow/.local/lib/python3.12/site-packages/airflow/example_dags/example_short_circuit_decorator.py took 0.065 seconds
[2026-04-10T09:29:28.068+0900] {processor.py:186} INFO - Started process (PID=149071) to work on /home/airflow/.local/lib/python3.12/site-packages/airflow/example_dags/example_short_circuit_decorator.py
[2026-04-10T09:29:28.069+0900] {processor.py:914} INFO - Processing file /home/airflow/.local/lib/python3.12/site-packages/airflow/example_dags/example_short_circuit_decorator.py for tasks to queue
[2026-04-10T09:29:28.072+0900] {logging_mixin.py:190} INFO - [2026-04-10T09:29:28.072+0900] {dagbag.py:587} INFO - Filling up the DagBag from /home/airflow/.local/lib/python3.12/site-packages/airflow/example_dags/example_short_circuit_decorator.py
[2026-04-10T09:29:28.080+0900] {processor.py:925} INFO - DAG(s) 'example_short_circuit_decorator' retrieved from /home/airflow/.local/lib/python3.12/site-packages/airflow/example_dags/example_short_circuit_decorator.py
[2026-04-10T09:29:28.099+0900] {logging_mixin.py:190} INFO - [2026-04-10T09:29:28.099+0900] {dag.py:3211} INFO - Sync 1 DAGs
[2026-04-10T09:29:28.116+0900] {logging_mixin.py:190} INFO - [2026-04-10T09:29:28.116+0900] {dag.py:4138} INFO - Setting next_dagrun for example_short_circuit_decorator to 2026-04-09 00:00:00+00:00, run_after=2026-04-10 00:00:00+00:00
[2026-04-10T09:29:28.137+0900] {processor.py:208} INFO - Processing /home/airflow/.local/lib/python3.12/site-packages/airflow/example_dags/example_short_circuit_decorator.py took 0.074 seconds
[2026-04-10T09:29:58.862+0900] {processor.py:186} INFO - Started process (PID=149134) to work on /home/airflow/.local/lib/python3.12/site-packages/airflow/example_dags/example_short_circuit_decorator.py
[2026-04-10T09:29:58.864+0900] {processor.py:914} INFO - Processing file /home/airflow/.local/lib/python3.12/site-packages/airflow/example_dags/example_short_circuit_decorator.py for tasks to queue
[2026-04-10T09:29:58.866+0900] {logging_mixin.py:190} INFO - [2026-04-10T09:29:58.866+0900] {dagbag.py:587} INFO - Filling up the DagBag from /home/airflow/.local/lib/python3.12/site-packages/airflow/example_dags/example_short_circuit_decorator.py
[2026-04-10T09:29:58.875+0900] {processor.py:925} INFO - DAG(s) 'example_short_circuit_decorator' retrieved from /home/airflow/.local/lib/python3.12/site-packages/airflow/example_dags/example_short_circuit_decorator.py
[2026-04-10T09:29:58.892+0900] {logging_mixin.py:190} INFO - [2026-04-10T09:29:58.892+0900] {dag.py:3211} INFO - Sync 1 DAGs
[2026-04-10T09:29:58.908+0900] {logging_mixin.py:190} INFO - [2026-04-10T09:29:58.908+0900] {dag.py:4138} INFO - Setting next_dagrun for example_short_circuit_decorator to 2026-04-09 00:00:00+00:00, run_after=2026-04-10 00:00:00+00:00
[2026-04-10T09:29:58.922+0900] {processor.py:208} INFO - Processing /home/airflow/.local/lib/python3.12/site-packages/airflow/example_dags/example_short_circuit_decorator.py took 0.064 seconds
[2026-04-10T09:30:29.746+0900] {processor.py:186} INFO - Started process (PID=149196) to work on /home/airflow/.local/lib/python3.12/site-packages/airflow/example_dags/example_short_circuit_decorator.py
[2026-04-10T09:30:29.747+0900] {processor.py:914} INFO - Processing file /home/airflow/.local/lib/python3.12/site-packages/airflow/example_dags/example_short_circuit_decorator.py for tasks to queue
[2026-04-10T09:30:29.749+0900] {logging_mixin.py:190} INFO - [2026-04-10T09:30:29.748+0900] {dagbag.py:587} INFO - Filling up the DagBag from /home/airflow/.local/lib/python3.12/site-packages/airflow/example_dags/example_short_circuit_decorator.py
[2026-04-10T09:30:29.757+0900] {processor.py:925} INFO - DAG(s) 'example_short_circuit_decorator' retrieved from /home/airflow/.local/lib/python3.12/site-packages/airflow/example_dags/example_short_circuit_decorator.py
[2026-04-10T09:30:29.773+0900] {logging_mixin.py:190} INFO - [2026-04-10T09:30:29.773+0900] {dag.py:3211} INFO - Sync 1 DAGs
[2026-04-10T09:30:29.790+0900] {logging_mixin.py:190} INFO - [2026-04-10T09:30:29.790+0900] {dag.py:4138} INFO - Setting next_dagrun for example_short_circuit_decorator to 2026-04-09 00:00:00+00:00, run_after=2026-04-10 00:00:00+00:00
[2026-04-10T09:30:29.805+0900] {processor.py:208} INFO - Processing /home/airflow/.local/lib/python3.12/site-packages/airflow/example_dags/example_short_circuit_decorator.py took 0.064 seconds
[2026-04-10T09:31:00.523+0900] {processor.py:186} INFO - Started process (PID=149259) to work on /home/airflow/.local/lib/python3.12/site-packages/airflow/example_dags/example_short_circuit_decorator.py
[2026-04-10T09:31:00.525+0900] {processor.py:914} INFO - Processing file /home/airflow/.local/lib/python3.12/site-packages/airflow/example_dags/example_short_circuit_decorator.py for tasks to queue
[2026-04-10T09:31:00.528+0900] {logging_mixin.py:190} INFO - [2026-04-10T09:31:00.527+0900] {dagbag.py:587} INFO - Filling up the DagBag from /home/airflow/.local/lib/python3.12/site-packages/airflow/example_dags/example_short_circuit_decorator.py
[2026-04-10T09:31:00.537+0900] {processor.py:925} INFO - DAG(s) 'example_short_circuit_decorator' retrieved from /home/airflow/.local/lib/python3.12/site-packages/airflow/example_dags/example_short_circuit_decorator.py
[2026-04-10T09:31:00.557+0900] {logging_mixin.py:190} INFO - [2026-04-10T09:31:00.557+0900] {dag.py:3211} INFO - Sync 1 DAGs
[2026-04-10T09:31:00.578+0900] {logging_mixin.py:190} INFO - [2026-04-10T09:31:00.578+0900] {dag.py:4138} INFO - Setting next_dagrun for example_short_circuit_decorator to 2026-04-09 00:00:00+00:00, run_after=2026-04-10 00:00:00+00:00
[2026-04-10T09:31:00.595+0900] {processor.py:208} INFO - Processing /home/airflow/.local/lib/python3.12/site-packages/airflow/example_dags/example_short_circuit_decorator.py took 0.077 seconds
[2026-04-10T09:31:31.230+0900] {processor.py:186} INFO - Started process (PID=149322) to work on /home/airflow/.local/lib/python3.12/site-packages/airflow/example_dags/example_short_circuit_decorator.py
[2026-04-10T09:31:31.231+0900] {processor.py:914} INFO - Processing file /home/airflow/.local/lib/python3.12/site-packages/airflow/example_dags/example_short_circuit_decorator.py for tasks to queue
[2026-04-10T09:31:31.233+0900] {logging_mixin.py:190} INFO - [2026-04-10T09:31:31.233+0900] {dagbag.py:587} INFO - Filling up the DagBag from /home/airflow/.local/lib/python3.12/site-packages/airflow/example_dags/example_short_circuit_decorator.py
[2026-04-10T09:31:31.241+0900] {processor.py:925} INFO - DAG(s) 'example_short_circuit_decorator' retrieved from /home/airflow/.local/lib/python3.12/site-packages/airflow/example_dags/example_short_circuit_decorator.py
[2026-04-10T09:31:31.257+0900] {logging_mixin.py:190} INFO - [2026-04-10T09:31:31.257+0900] {dag.py:3211} INFO - Sync 1 DAGs
[2026-04-10T09:31:31.273+0900] {logging_mixin.py:190} INFO - [2026-04-10T09:31:31.273+0900] {dag.py:4138} INFO - Setting next_dagrun for example_short_circuit_decorator to 2026-04-09 00:00:00+00:00, run_after=2026-04-10 00:00:00+00:00
[2026-04-10T09:31:31.288+0900] {processor.py:208} INFO - Processing /home/airflow/.local/lib/python3.12/site-packages/airflow/example_dags/example_short_circuit_decorator.py took 0.062 seconds
[2026-04-10T09:32:01.940+0900] {processor.py:186} INFO - Started process (PID=149385) to work on /home/airflow/.local/lib/python3.12/site-packages/airflow/example_dags/example_short_circuit_decorator.py
[2026-04-10T09:32:01.941+0900] {processor.py:914} INFO - Processing file /home/airflow/.local/lib/python3.12/site-packages/airflow/example_dags/example_short_circuit_decorator.py for tasks to queue
[2026-04-10T09:32:01.944+0900] {logging_mixin.py:190} INFO - [2026-04-10T09:32:01.943+0900] {dagbag.py:587} INFO - Filling up the DagBag from /home/airflow/.local/lib/python3.12/site-packages/airflow/example_dags/example_short_circuit_decorator.py
[2026-04-10T09:32:01.952+0900] {processor.py:925} INFO - DAG(s) 'example_short_circuit_decorator' retrieved from /home/airflow/.local/lib/python3.12/site-packages/airflow/example_dags/example_short_circuit_decorator.py
[2026-04-10T09:32:01.969+0900] {logging_mixin.py:190} INFO - [2026-04-10T09:32:01.969+0900] {dag.py:3211} INFO - Sync 1 DAGs
[2026-04-10T09:32:01.986+0900] {logging_mixin.py:190} INFO - [2026-04-10T09:32:01.986+0900] {dag.py:4138} INFO - Setting next_dagrun for example_short_circuit_decorator to 2026-04-09 00:00:00+00:00, run_after=2026-04-10 00:00:00+00:00
[2026-04-10T09:32:02.002+0900] {processor.py:208} INFO - Processing /home/airflow/.local/lib/python3.12/site-packages/airflow/example_dags/example_short_circuit_decorator.py took 0.068 seconds
[2026-04-10T09:32:32.746+0900] {processor.py:186} INFO - Started process (PID=149448) to work on /home/airflow/.local/lib/python3.12/site-packages/airflow/example_dags/example_short_circuit_decorator.py
[2026-04-10T09:32:32.747+0900] {processor.py:914} INFO - Processing file /home/airflow/.local/lib/python3.12/site-packages/airflow/example_dags/example_short_circuit_decorator.py for tasks to queue
[2026-04-10T09:32:32.749+0900] {logging_mixin.py:190} INFO - [2026-04-10T09:32:32.749+0900] {dagbag.py:587} INFO - Filling up the DagBag from /home/airflow/.local/lib/python3.12/site-packages/airflow/example_dags/example_short_circuit_decorator.py
[2026-04-10T09:32:32.757+0900] {processor.py:925} INFO - DAG(s) 'example_short_circuit_decorator' retrieved from /home/airflow/.local/lib/python3.12/site-packages/airflow/example_dags/example_short_circuit_decorator.py
[2026-04-10T09:32:32.778+0900] {logging_mixin.py:190} INFO - [2026-04-10T09:32:32.778+0900] {dag.py:3211} INFO - Sync 1 DAGs
[2026-04-10T09:32:32.799+0900] {logging_mixin.py:190} INFO - [2026-04-10T09:32:32.799+0900] {dag.py:4138} INFO - Setting next_dagrun for example_short_circuit_decorator to 2026-04-09 00:00:00+00:00, run_after=2026-04-10 00:00:00+00:00
[2026-04-10T09:32:32.814+0900] {processor.py:208} INFO - Processing /home/airflow/.local/lib/python3.12/site-packages/airflow/example_dags/example_short_circuit_decorator.py took 0.072 seconds
[2026-04-10T09:33:03.286+0900] {processor.py:186} INFO - Started process (PID=149511) to work on /home/airflow/.local/lib/python3.12/site-packages/airflow/example_dags/example_short_circuit_decorator.py
[2026-04-10T09:33:03.287+0900] {processor.py:914} INFO - Processing file /home/airflow/.local/lib/python3.12/site-packages/airflow/example_dags/example_short_circuit_decorator.py for tasks to queue
[2026-04-10T09:33:03.289+0900] {logging_mixin.py:190} INFO - [2026-04-10T09:33:03.289+0900] {dagbag.py:587} INFO - Filling up the DagBag from /home/airflow/.local/lib/python3.12/site-packages/airflow/example_dags/example_short_circuit_decorator.py
[2026-04-10T09:33:03.298+0900] {processor.py:925} INFO - DAG(s) 'example_short_circuit_decorator' retrieved from /home/airflow/.local/lib/python3.12/site-packages/airflow/example_dags/example_short_circuit_decorator.py
[2026-04-10T09:33:03.316+0900] {logging_mixin.py:190} INFO - [2026-04-10T09:33:03.316+0900] {dag.py:3211} INFO - Sync 1 DAGs
[2026-04-10T09:33:03.333+0900] {logging_mixin.py:190} INFO - [2026-04-10T09:33:03.333+0900] {dag.py:4138} INFO - Setting next_dagrun for example_short_circuit_decorator to 2026-04-09 00:00:00+00:00, run_after=2026-04-10 00:00:00+00:00
[2026-04-10T09:33:03.348+0900] {processor.py:208} INFO - Processing /home/airflow/.local/lib/python3.12/site-packages/airflow/example_dags/example_short_circuit_decorator.py took 0.067 seconds
[2026-04-10T09:33:34.047+0900] {processor.py:186} INFO - Started process (PID=149574) to work on /home/airflow/.local/lib/python3.12/site-packages/airflow/example_dags/example_short_circuit_decorator.py
[2026-04-10T09:33:34.048+0900] {processor.py:914} INFO - Processing file /home/airflow/.local/lib/python3.12/site-packages/airflow/example_dags/example_short_circuit_decorator.py for tasks to queue
[2026-04-10T09:33:34.050+0900] {logging_mixin.py:190} INFO - [2026-04-10T09:33:34.050+0900] {dagbag.py:587} INFO - Filling up the DagBag from /home/airflow/.local/lib/python3.12/site-packages/airflow/example_dags/example_short_circuit_decorator.py
[2026-04-10T09:33:34.058+0900] {processor.py:925} INFO - DAG(s) 'example_short_circuit_decorator' retrieved from /home/airflow/.local/lib/python3.12/site-packages/airflow/example_dags/example_short_circuit_decorator.py
[2026-04-10T09:33:34.075+0900] {logging_mixin.py:190} INFO - [2026-04-10T09:33:34.075+0900] {dag.py:3211} INFO - Sync 1 DAGs
[2026-04-10T09:33:34.091+0900] {logging_mixin.py:190} INFO - [2026-04-10T09:33:34.090+0900] {dag.py:4138} INFO - Setting next_dagrun for example_short_circuit_decorator to 2026-04-09 00:00:00+00:00, run_after=2026-04-10 00:00:00+00:00
[2026-04-10T09:33:34.104+0900] {processor.py:208} INFO - Processing /home/airflow/.local/lib/python3.12/site-packages/airflow/example_dags/example_short_circuit_decorator.py took 0.061 seconds
[2026-04-10T09:34:04.851+0900] {processor.py:186} INFO - Started process (PID=149637) to work on /home/airflow/.local/lib/python3.12/site-packages/airflow/example_dags/example_short_circuit_decorator.py
[2026-04-10T09:34:04.852+0900] {processor.py:914} INFO - Processing file /home/airflow/.local/lib/python3.12/site-packages/airflow/example_dags/example_short_circuit_decorator.py for tasks to queue
[2026-04-10T09:34:04.854+0900] {logging_mixin.py:190} INFO - [2026-04-10T09:34:04.854+0900] {dagbag.py:587} INFO - Filling up the DagBag from /home/airflow/.local/lib/python3.12/site-packages/airflow/example_dags/example_short_circuit_decorator.py
[2026-04-10T09:34:04.862+0900] {processor.py:925} INFO - DAG(s) 'example_short_circuit_decorator' retrieved from /home/airflow/.local/lib/python3.12/site-packages/airflow/example_dags/example_short_circuit_decorator.py
[2026-04-10T09:34:04.878+0900] {logging_mixin.py:190} INFO - [2026-04-10T09:34:04.878+0900] {dag.py:3211} INFO - Sync 1 DAGs
[2026-04-10T09:34:04.894+0900] {logging_mixin.py:190} INFO - [2026-04-10T09:34:04.894+0900] {dag.py:4138} INFO - Setting next_dagrun for example_short_circuit_decorator to 2026-04-09 00:00:00+00:00, run_after=2026-04-10 00:00:00+00:00
[2026-04-10T09:34:04.908+0900] {processor.py:208} INFO - Processing /home/airflow/.local/lib/python3.12/site-packages/airflow/example_dags/example_short_circuit_decorator.py took 0.062 seconds
[2026-04-10T09:34:35.575+0900] {processor.py:186} INFO - Started process (PID=149706) to work on /home/airflow/.local/lib/python3.12/site-packages/airflow/example_dags/example_short_circuit_decorator.py
[2026-04-10T09:34:35.576+0900] {processor.py:914} INFO - Processing file /home/airflow/.local/lib/python3.12/site-packages/airflow/example_dags/example_short_circuit_decorator.py for tasks to queue
[2026-04-10T09:34:35.578+0900] {logging_mixin.py:190} INFO - [2026-04-10T09:34:35.578+0900] {dagbag.py:587} INFO - Filling up the DagBag from /home/airflow/.local/lib/python3.12/site-packages/airflow/example_dags/example_short_circuit_decorator.py
[2026-04-10T09:34:35.588+0900] {processor.py:925} INFO - DAG(s) 'example_short_circuit_decorator' retrieved from /home/airflow/.local/lib/python3.12/site-packages/airflow/example_dags/example_short_circuit_decorator.py
[2026-04-10T09:34:35.607+0900] {logging_mixin.py:190} INFO - [2026-04-10T09:34:35.607+0900] {dag.py:3211} INFO - Sync 1 DAGs
[2026-04-10T09:34:35.625+0900] {logging_mixin.py:190} INFO - [2026-04-10T09:34:35.625+0900] {dag.py:4138} INFO - Setting next_dagrun for example_short_circuit_decorator to 2026-04-09 00:00:00+00:00, run_after=2026-04-10 00:00:00+00:00
[2026-04-10T09:34:35.641+0900] {processor.py:208} INFO - Processing /home/airflow/.local/lib/python3.12/site-packages/airflow/example_dags/example_short_circuit_decorator.py took 0.072 seconds
[2026-04-10T09:35:06.439+0900] {processor.py:186} INFO - Started process (PID=149769) to work on /home/airflow/.local/lib/python3.12/site-packages/airflow/example_dags/example_short_circuit_decorator.py
[2026-04-10T09:35:06.441+0900] {processor.py:914} INFO - Processing file /home/airflow/.local/lib/python3.12/site-packages/airflow/example_dags/example_short_circuit_decorator.py for tasks to queue
[2026-04-10T09:35:06.444+0900] {logging_mixin.py:190} INFO - [2026-04-10T09:35:06.443+0900] {dagbag.py:587} INFO - Filling up the DagBag from /home/airflow/.local/lib/python3.12/site-packages/airflow/example_dags/example_short_circuit_decorator.py
[2026-04-10T09:35:06.453+0900] {processor.py:925} INFO - DAG(s) 'example_short_circuit_decorator' retrieved from /home/airflow/.local/lib/python3.12/site-packages/airflow/example_dags/example_short_circuit_decorator.py
[2026-04-10T09:35:06.471+0900] {logging_mixin.py:190} INFO - [2026-04-10T09:35:06.471+0900] {dag.py:3211} INFO - Sync 1 DAGs
[2026-04-10T09:35:06.488+0900] {logging_mixin.py:190} INFO - [2026-04-10T09:35:06.488+0900] {dag.py:4138} INFO - Setting next_dagrun for example_short_circuit_decorator to 2026-04-09 00:00:00+00:00, run_after=2026-04-10 00:00:00+00:00
[2026-04-10T09:35:06.507+0900] {processor.py:208} INFO - Processing /home/airflow/.local/lib/python3.12/site-packages/airflow/example_dags/example_short_circuit_decorator.py took 0.073 seconds
[2026-04-10T09:35:36.979+0900] {processor.py:186} INFO - Started process (PID=149832) to work on /home/airflow/.local/lib/python3.12/site-packages/airflow/example_dags/example_short_circuit_decorator.py
[2026-04-10T09:35:36.980+0900] {processor.py:914} INFO - Processing file /home/airflow/.local/lib/python3.12/site-packages/airflow/example_dags/example_short_circuit_decorator.py for tasks to queue
[2026-04-10T09:35:36.982+0900] {logging_mixin.py:190} INFO - [2026-04-10T09:35:36.982+0900] {dagbag.py:587} INFO - Filling up the DagBag from /home/airflow/.local/lib/python3.12/site-packages/airflow/example_dags/example_short_circuit_decorator.py
[2026-04-10T09:35:36.990+0900] {processor.py:925} INFO - DAG(s) 'example_short_circuit_decorator' retrieved from /home/airflow/.local/lib/python3.12/site-packages/airflow/example_dags/example_short_circuit_decorator.py
[2026-04-10T09:35:37.008+0900] {logging_mixin.py:190} INFO - [2026-04-10T09:35:37.007+0900] {dag.py:3211} INFO - Sync 1 DAGs
[2026-04-10T09:35:37.025+0900] {logging_mixin.py:190} INFO - [2026-04-10T09:35:37.025+0900] {dag.py:4138} INFO - Setting next_dagrun for example_short_circuit_decorator to 2026-04-09 00:00:00+00:00, run_after=2026-04-10 00:00:00+00:00
[2026-04-10T09:35:37.046+0900] {processor.py:208} INFO - Processing /home/airflow/.local/lib/python3.12/site-packages/airflow/example_dags/example_short_circuit_decorator.py took 0.072 seconds
[2026-04-10T09:36:07.712+0900] {processor.py:186} INFO - Started process (PID=149895) to work on /home/airflow/.local/lib/python3.12/site-packages/airflow/example_dags/example_short_circuit_decorator.py
[2026-04-10T09:36:07.713+0900] {processor.py:914} INFO - Processing file /home/airflow/.local/lib/python3.12/site-packages/airflow/example_dags/example_short_circuit_decorator.py for tasks to queue
[2026-04-10T09:36:07.715+0900] {logging_mixin.py:190} INFO - [2026-04-10T09:36:07.714+0900] {dagbag.py:587} INFO - Filling up the DagBag from /home/airflow/.local/lib/python3.12/site-packages/airflow/example_dags/example_short_circuit_decorator.py
[2026-04-10T09:36:07.723+0900] {processor.py:925} INFO - DAG(s) 'example_short_circuit_decorator' retrieved from /home/airflow/.local/lib/python3.12/site-packages/airflow/example_dags/example_short_circuit_decorator.py
[2026-04-10T09:36:07.740+0900] {logging_mixin.py:190} INFO - [2026-04-10T09:36:07.740+0900] {dag.py:3211} INFO - Sync 1 DAGs
[2026-04-10T09:36:07.757+0900] {logging_mixin.py:190} INFO - [2026-04-10T09:36:07.756+0900] {dag.py:4138} INFO - Setting next_dagrun for example_short_circuit_decorator to 2026-04-09 00:00:00+00:00, run_after=2026-04-10 00:00:00+00:00
[2026-04-10T09:36:07.771+0900] {processor.py:208} INFO - Processing /home/airflow/.local/lib/python3.12/site-packages/airflow/example_dags/example_short_circuit_decorator.py took 0.064 seconds
[2026-04-10T09:36:38.372+0900] {processor.py:186} INFO - Started process (PID=149958) to work on /home/airflow/.local/lib/python3.12/site-packages/airflow/example_dags/example_short_circuit_decorator.py
[2026-04-10T09:36:38.373+0900] {processor.py:914} INFO - Processing file /home/airflow/.local/lib/python3.12/site-packages/airflow/example_dags/example_short_circuit_decorator.py for tasks to queue
[2026-04-10T09:36:38.375+0900] {logging_mixin.py:190} INFO - [2026-04-10T09:36:38.375+0900] {dagbag.py:587} INFO - Filling up the DagBag from /home/airflow/.local/lib/python3.12/site-packages/airflow/example_dags/example_short_circuit_decorator.py
[2026-04-10T09:36:38.383+0900] {processor.py:925} INFO - DAG(s) 'example_short_circuit_decorator' retrieved from /home/airflow/.local/lib/python3.12/site-packages/airflow/example_dags/example_short_circuit_decorator.py
[2026-04-10T09:36:38.400+0900] {logging_mixin.py:190} INFO - [2026-04-10T09:36:38.400+0900] {dag.py:3211} INFO - Sync 1 DAGs
[2026-04-10T09:36:38.417+0900] {logging_mixin.py:190} INFO - [2026-04-10T09:36:38.417+0900] {dag.py:4138} INFO - Setting next_dagrun for example_short_circuit_decorator to 2026-04-09 00:00:00+00:00, run_after=2026-04-10 00:00:00+00:00
[2026-04-10T09:36:38.432+0900] {processor.py:208} INFO - Processing /home/airflow/.local/lib/python3.12/site-packages/airflow/example_dags/example_short_circuit_decorator.py took 0.065 seconds
[2026-04-10T09:37:08.998+0900] {processor.py:186} INFO - Started process (PID=150021) to work on /home/airflow/.local/lib/python3.12/site-packages/airflow/example_dags/example_short_circuit_decorator.py
[2026-04-10T09:37:08.999+0900] {processor.py:914} INFO - Processing file /home/airflow/.local/lib/python3.12/site-packages/airflow/example_dags/example_short_circuit_decorator.py for tasks to queue
[2026-04-10T09:37:09.001+0900] {logging_mixin.py:190} INFO - [2026-04-10T09:37:09.001+0900] {dagbag.py:587} INFO - Filling up the DagBag from /home/airflow/.local/lib/python3.12/site-packages/airflow/example_dags/example_short_circuit_decorator.py
[2026-04-10T09:37:09.012+0900] {processor.py:925} INFO - DAG(s) 'example_short_circuit_decorator' retrieved from /home/airflow/.local/lib/python3.12/site-packages/airflow/example_dags/example_short_circuit_decorator.py
[2026-04-10T09:37:09.029+0900] {logging_mixin.py:190} INFO - [2026-04-10T09:37:09.029+0900] {dag.py:3211} INFO - Sync 1 DAGs
[2026-04-10T09:37:09.046+0900] {logging_mixin.py:190} INFO - [2026-04-10T09:37:09.046+0900] {dag.py:4138} INFO - Setting next_dagrun for example_short_circuit_decorator to 2026-04-09 00:00:00+00:00, run_after=2026-04-10 00:00:00+00:00
[2026-04-10T09:37:09.060+0900] {processor.py:208} INFO - Processing /home/airflow/.local/lib/python3.12/site-packages/airflow/example_dags/example_short_circuit_decorator.py took 0.067 seconds
[2026-04-10T09:37:39.812+0900] {processor.py:186} INFO - Started process (PID=150084) to work on /home/airflow/.local/lib/python3.12/site-packages/airflow/example_dags/example_short_circuit_decorator.py
[2026-04-10T09:37:39.813+0900] {processor.py:914} INFO - Processing file /home/airflow/.local/lib/python3.12/site-packages/airflow/example_dags/example_short_circuit_decorator.py for tasks to queue
[2026-04-10T09:37:39.816+0900] {logging_mixin.py:190} INFO - [2026-04-10T09:37:39.815+0900] {dagbag.py:587} INFO - Filling up the DagBag from /home/airflow/.local/lib/python3.12/site-packages/airflow/example_dags/example_short_circuit_decorator.py
[2026-04-10T09:37:39.824+0900] {processor.py:925} INFO - DAG(s) 'example_short_circuit_decorator' retrieved from /home/airflow/.local/lib/python3.12/site-packages/airflow/example_dags/example_short_circuit_decorator.py
[2026-04-10T09:37:39.840+0900] {logging_mixin.py:190} INFO - [2026-04-10T09:37:39.840+0900] {dag.py:3211} INFO - Sync 1 DAGs
[2026-04-10T09:37:39.858+0900] {logging_mixin.py:190} INFO - [2026-04-10T09:37:39.858+0900] {dag.py:4138} INFO - Setting next_dagrun for example_short_circuit_decorator to 2026-04-09 00:00:00+00:00, run_after=2026-04-10 00:00:00+00:00
[2026-04-10T09:37:39.878+0900] {processor.py:208} INFO - Processing /home/airflow/.local/lib/python3.12/site-packages/airflow/example_dags/example_short_circuit_decorator.py took 0.071 seconds
[2026-04-10T09:38:10.529+0900] {processor.py:186} INFO - Started process (PID=150147) to work on /home/airflow/.local/lib/python3.12/site-packages/airflow/example_dags/example_short_circuit_decorator.py
[2026-04-10T09:38:10.530+0900] {processor.py:914} INFO - Processing file /home/airflow/.local/lib/python3.12/site-packages/airflow/example_dags/example_short_circuit_decorator.py for tasks to queue
[2026-04-10T09:38:10.532+0900] {logging_mixin.py:190} INFO - [2026-04-10T09:38:10.532+0900] {dagbag.py:587} INFO - Filling up the DagBag from /home/airflow/.local/lib/python3.12/site-packages/airflow/example_dags/example_short_circuit_decorator.py
[2026-04-10T09:38:10.540+0900] {processor.py:925} INFO - DAG(s) 'example_short_circuit_decorator' retrieved from /home/airflow/.local/lib/python3.12/site-packages/airflow/example_dags/example_short_circuit_decorator.py
[2026-04-10T09:38:10.557+0900] {logging_mixin.py:190} INFO - [2026-04-10T09:38:10.556+0900] {dag.py:3211} INFO - Sync 1 DAGs
[2026-04-10T09:38:10.572+0900] {logging_mixin.py:190} INFO - [2026-04-10T09:38:10.572+0900] {dag.py:4138} INFO - Setting next_dagrun for example_short_circuit_decorator to 2026-04-09 00:00:00+00:00, run_after=2026-04-10 00:00:00+00:00
[2026-04-10T09:38:10.587+0900] {processor.py:208} INFO - Processing /home/airflow/.local/lib/python3.12/site-packages/airflow/example_dags/example_short_circuit_decorator.py took 0.062 seconds
[2026-04-10T09:38:41.417+0900] {processor.py:186} INFO - Started process (PID=150210) to work on /home/airflow/.local/lib/python3.12/site-packages/airflow/example_dags/example_short_circuit_decorator.py
[2026-04-10T09:38:41.418+0900] {processor.py:914} INFO - Processing file /home/airflow/.local/lib/python3.12/site-packages/airflow/example_dags/example_short_circuit_decorator.py for tasks to queue
[2026-04-10T09:38:41.421+0900] {logging_mixin.py:190} INFO - [2026-04-10T09:38:41.420+0900] {dagbag.py:587} INFO - Filling up the DagBag from /home/airflow/.local/lib/python3.12/site-packages/airflow/example_dags/example_short_circuit_decorator.py
[2026-04-10T09:38:41.430+0900] {processor.py:925} INFO - DAG(s) 'example_short_circuit_decorator' retrieved from /home/airflow/.local/lib/python3.12/site-packages/airflow/example_dags/example_short_circuit_decorator.py
[2026-04-10T09:38:41.447+0900] {logging_mixin.py:190} INFO - [2026-04-10T09:38:41.447+0900] {dag.py:3211} INFO - Sync 1 DAGs
[2026-04-10T09:38:41.463+0900] {logging_mixin.py:190} INFO - [2026-04-10T09:38:41.463+0900] {dag.py:4138} INFO - Setting next_dagrun for example_short_circuit_decorator to 2026-04-09 00:00:00+00:00, run_after=2026-04-10 00:00:00+00:00
[2026-04-10T09:38:41.483+0900] {processor.py:208} INFO - Processing /home/airflow/.local/lib/python3.12/site-packages/airflow/example_dags/example_short_circuit_decorator.py took 0.071 seconds
[2026-04-10T09:39:12.244+0900] {processor.py:186} INFO - Started process (PID=150273) to work on /home/airflow/.local/lib/python3.12/site-packages/airflow/example_dags/example_short_circuit_decorator.py
[2026-04-10T09:39:12.245+0900] {processor.py:914} INFO - Processing file /home/airflow/.local/lib/python3.12/site-packages/airflow/example_dags/example_short_circuit_decorator.py for tasks to queue
[2026-04-10T09:39:12.247+0900] {logging_mixin.py:190} INFO - [2026-04-10T09:39:12.247+0900] {dagbag.py:587} INFO - Filling up the DagBag from /home/airflow/.local/lib/python3.12/site-packages/airflow/example_dags/example_short_circuit_decorator.py
[2026-04-10T09:39:12.255+0900] {processor.py:925} INFO - DAG(s) 'example_short_circuit_decorator' retrieved from /home/airflow/.local/lib/python3.12/site-packages/airflow/example_dags/example_short_circuit_decorator.py
[2026-04-10T09:39:12.270+0900] {logging_mixin.py:190} INFO - [2026-04-10T09:39:12.270+0900] {dag.py:3211} INFO - Sync 1 DAGs
[2026-04-10T09:39:12.286+0900] {logging_mixin.py:190} INFO - [2026-04-10T09:39:12.286+0900] {dag.py:4138} INFO - Setting next_dagrun for example_short_circuit_decorator to 2026-04-09 00:00:00+00:00, run_after=2026-04-10 00:00:00+00:00
[2026-04-10T09:39:12.300+0900] {processor.py:208} INFO - Processing /home/airflow/.local/lib/python3.12/site-packages/airflow/example_dags/example_short_circuit_decorator.py took 0.060 seconds
[2026-04-10T09:39:42.987+0900] {processor.py:186} INFO - Started process (PID=150336) to work on /home/airflow/.local/lib/python3.12/site-packages/airflow/example_dags/example_short_circuit_decorator.py
[2026-04-10T09:39:42.988+0900] {processor.py:914} INFO - Processing file /home/airflow/.local/lib/python3.12/site-packages/airflow/example_dags/example_short_circuit_decorator.py for tasks to queue
[2026-04-10T09:39:42.990+0900] {logging_mixin.py:190} INFO - [2026-04-10T09:39:42.990+0900] {dagbag.py:587} INFO - Filling up the DagBag from /home/airflow/.local/lib/python3.12/site-packages/airflow/example_dags/example_short_circuit_decorator.py
[2026-04-10T09:39:42.998+0900] {processor.py:925} INFO - DAG(s) 'example_short_circuit_decorator' retrieved from /home/airflow/.local/lib/python3.12/site-packages/airflow/example_dags/example_short_circuit_decorator.py
[2026-04-10T09:39:43.014+0900] {logging_mixin.py:190} INFO - [2026-04-10T09:39:43.013+0900] {dag.py:3211} INFO - Sync 1 DAGs
[2026-04-10T09:39:43.030+0900] {logging_mixin.py:190} INFO - [2026-04-10T09:39:43.030+0900] {dag.py:4138} INFO - Setting next_dagrun for example_short_circuit_decorator to 2026-04-09 00:00:00+00:00, run_after=2026-04-10 00:00:00+00:00
[2026-04-10T09:39:43.046+0900] {processor.py:208} INFO - Processing /home/airflow/.local/lib/python3.12/site-packages/airflow/example_dags/example_short_circuit_decorator.py took 0.063 seconds
[2026-04-10T09:40:13.583+0900] {processor.py:186} INFO - Started process (PID=150399) to work on /home/airflow/.local/lib/python3.12/site-packages/airflow/example_dags/example_short_circuit_decorator.py
[2026-04-10T09:40:13.584+0900] {processor.py:914} INFO - Processing file /home/airflow/.local/lib/python3.12/site-packages/airflow/example_dags/example_short_circuit_decorator.py for tasks to queue
[2026-04-10T09:40:13.586+0900] {logging_mixin.py:190} INFO - [2026-04-10T09:40:13.586+0900] {dagbag.py:587} INFO - Filling up the DagBag from /home/airflow/.local/lib/python3.12/site-packages/airflow/example_dags/example_short_circuit_decorator.py
[2026-04-10T09:40:13.594+0900] {processor.py:925} INFO - DAG(s) 'example_short_circuit_decorator' retrieved from /home/airflow/.local/lib/python3.12/site-packages/airflow/example_dags/example_short_circuit_decorator.py
[2026-04-10T09:40:13.610+0900] {logging_mixin.py:190} INFO - [2026-04-10T09:40:13.609+0900] {dag.py:3211} INFO - Sync 1 DAGs
[2026-04-10T09:40:13.626+0900] {logging_mixin.py:190} INFO - [2026-04-10T09:40:13.625+0900] {dag.py:4138} INFO - Setting next_dagrun for example_short_circuit_decorator to 2026-04-09 00:00:00+00:00, run_after=2026-04-10 00:00:00+00:00
[2026-04-10T09:40:13.645+0900] {processor.py:208} INFO - Processing /home/airflow/.local/lib/python3.12/site-packages/airflow/example_dags/example_short_circuit_decorator.py took 0.066 seconds
[2026-04-10T09:40:44.375+0900] {processor.py:186} INFO - Started process (PID=150462) to work on /home/airflow/.local/lib/python3.12/site-packages/airflow/example_dags/example_short_circuit_decorator.py
[2026-04-10T09:40:44.376+0900] {processor.py:914} INFO - Processing file /home/airflow/.local/lib/python3.12/site-packages/airflow/example_dags/example_short_circuit_decorator.py for tasks to queue
[2026-04-10T09:40:44.378+0900] {logging_mixin.py:190} INFO - [2026-04-10T09:40:44.378+0900] {dagbag.py:587} INFO - Filling up the DagBag from /home/airflow/.local/lib/python3.12/site-packages/airflow/example_dags/example_short_circuit_decorator.py
[2026-04-10T09:40:44.387+0900] {processor.py:925} INFO - DAG(s) 'example_short_circuit_decorator' retrieved from /home/airflow/.local/lib/python3.12/site-packages/airflow/example_dags/example_short_circuit_decorator.py
[2026-04-10T09:40:44.405+0900] {logging_mixin.py:190} INFO - [2026-04-10T09:40:44.405+0900] {dag.py:3211} INFO - Sync 1 DAGs
[2026-04-10T09:40:44.423+0900] {logging_mixin.py:190} INFO - [2026-04-10T09:40:44.423+0900] {dag.py:4138} INFO - Setting next_dagrun for example_short_circuit_decorator to 2026-04-09 00:00:00+00:00, run_after=2026-04-10 00:00:00+00:00
[2026-04-10T09:40:44.440+0900] {processor.py:208} INFO - Processing /home/airflow/.local/lib/python3.12/site-packages/airflow/example_dags/example_short_circuit_decorator.py took 0.070 seconds
[2026-04-10T09:41:14.943+0900] {processor.py:186} INFO - Started process (PID=150525) to work on /home/airflow/.local/lib/python3.12/site-packages/airflow/example_dags/example_short_circuit_decorator.py
[2026-04-10T09:41:14.944+0900] {processor.py:914} INFO - Processing file /home/airflow/.local/lib/python3.12/site-packages/airflow/example_dags/example_short_circuit_decorator.py for tasks to queue
[2026-04-10T09:41:14.946+0900] {logging_mixin.py:190} INFO - [2026-04-10T09:41:14.946+0900] {dagbag.py:587} INFO - Filling up the DagBag from /home/airflow/.local/lib/python3.12/site-packages/airflow/example_dags/example_short_circuit_decorator.py
[2026-04-10T09:41:14.954+0900] {processor.py:925} INFO - DAG(s) 'example_short_circuit_decorator' retrieved from /home/airflow/.local/lib/python3.12/site-packages/airflow/example_dags/example_short_circuit_decorator.py
[2026-04-10T09:41:14.972+0900] {logging_mixin.py:190} INFO - [2026-04-10T09:41:14.971+0900] {dag.py:3211} INFO - Sync 1 DAGs
[2026-04-10T09:41:14.989+0900] {logging_mixin.py:190} INFO - [2026-04-10T09:41:14.988+0900] {dag.py:4138} INFO - Setting next_dagrun for example_short_circuit_decorator to 2026-04-09 00:00:00+00:00, run_after=2026-04-10 00:00:00+00:00
[2026-04-10T09:41:15.009+0900] {processor.py:208} INFO - Processing /home/airflow/.local/lib/python3.12/site-packages/airflow/example_dags/example_short_circuit_decorator.py took 0.071 seconds
[2026-04-10T09:41:45.651+0900] {processor.py:186} INFO - Started process (PID=150588) to work on /home/airflow/.local/lib/python3.12/site-packages/airflow/example_dags/example_short_circuit_decorator.py
[2026-04-10T09:41:45.652+0900] {processor.py:914} INFO - Processing file /home/airflow/.local/lib/python3.12/site-packages/airflow/example_dags/example_short_circuit_decorator.py for tasks to queue
[2026-04-10T09:41:45.654+0900] {logging_mixin.py:190} INFO - [2026-04-10T09:41:45.654+0900] {dagbag.py:587} INFO - Filling up the DagBag from /home/airflow/.local/lib/python3.12/site-packages/airflow/example_dags/example_short_circuit_decorator.py
[2026-04-10T09:41:45.663+0900] {processor.py:925} INFO - DAG(s) 'example_short_circuit_decorator' retrieved from /home/airflow/.local/lib/python3.12/site-packages/airflow/example_dags/example_short_circuit_decorator.py
[2026-04-10T09:41:45.679+0900] {logging_mixin.py:190} INFO - [2026-04-10T09:41:45.679+0900] {dag.py:3211} INFO - Sync 1 DAGs
[2026-04-10T09:41:45.695+0900] {logging_mixin.py:190} INFO - [2026-04-10T09:41:45.695+0900] {dag.py:4138} INFO - Setting next_dagrun for example_short_circuit_decorator to 2026-04-09 00:00:00+00:00, run_after=2026-04-10 00:00:00+00:00
[2026-04-10T09:41:45.713+0900] {processor.py:208} INFO - Processing /home/airflow/.local/lib/python3.12/site-packages/airflow/example_dags/example_short_circuit_decorator.py took 0.067 seconds
[2026-04-10T09:42:16.402+0900] {processor.py:186} INFO - Started process (PID=150651) to work on /home/airflow/.local/lib/python3.12/site-packages/airflow/example_dags/example_short_circuit_decorator.py
[2026-04-10T09:42:16.403+0900] {processor.py:914} INFO - Processing file /home/airflow/.local/lib/python3.12/site-packages/airflow/example_dags/example_short_circuit_decorator.py for tasks to queue
[2026-04-10T09:42:16.405+0900] {logging_mixin.py:190} INFO - [2026-04-10T09:42:16.405+0900] {dagbag.py:587} INFO - Filling up the DagBag from /home/airflow/.local/lib/python3.12/site-packages/airflow/example_dags/example_short_circuit_decorator.py
[2026-04-10T09:42:16.413+0900] {processor.py:925} INFO - DAG(s) 'example_short_circuit_decorator' retrieved from /home/airflow/.local/lib/python3.12/site-packages/airflow/example_dags/example_short_circuit_decorator.py
[2026-04-10T09:42:16.428+0900] {logging_mixin.py:190} INFO - [2026-04-10T09:42:16.428+0900] {dag.py:3211} INFO - Sync 1 DAGs
[2026-04-10T09:42:16.443+0900] {logging_mixin.py:190} INFO - [2026-04-10T09:42:16.442+0900] {dag.py:4138} INFO - Setting next_dagrun for example_short_circuit_decorator to 2026-04-09 00:00:00+00:00, run_after=2026-04-10 00:00:00+00:00
[2026-04-10T09:42:16.457+0900] {processor.py:208} INFO - Processing /home/airflow/.local/lib/python3.12/site-packages/airflow/example_dags/example_short_circuit_decorator.py took 0.060 seconds
[2026-04-10T09:42:47.137+0900] {processor.py:186} INFO - Started process (PID=150714) to work on /home/airflow/.local/lib/python3.12/site-packages/airflow/example_dags/example_short_circuit_decorator.py
[2026-04-10T09:42:47.138+0900] {processor.py:914} INFO - Processing file /home/airflow/.local/lib/python3.12/site-packages/airflow/example_dags/example_short_circuit_decorator.py for tasks to queue
[2026-04-10T09:42:47.140+0900] {logging_mixin.py:190} INFO - [2026-04-10T09:42:47.140+0900] {dagbag.py:587} INFO - Filling up the DagBag from /home/airflow/.local/lib/python3.12/site-packages/airflow/example_dags/example_short_circuit_decorator.py
[2026-04-10T09:42:47.148+0900] {processor.py:925} INFO - DAG(s) 'example_short_circuit_decorator' retrieved from /home/airflow/.local/lib/python3.12/site-packages/airflow/example_dags/example_short_circuit_decorator.py
[2026-04-10T09:42:47.167+0900] {logging_mixin.py:190} INFO - [2026-04-10T09:42:47.167+0900] {dag.py:3211} INFO - Sync 1 DAGs
[2026-04-10T09:42:47.184+0900] {logging_mixin.py:190} INFO - [2026-04-10T09:42:47.184+0900] {dag.py:4138} INFO - Setting next_dagrun for example_short_circuit_decorator to 2026-04-09 00:00:00+00:00, run_after=2026-04-10 00:00:00+00:00
[2026-04-10T09:42:47.199+0900] {processor.py:208} INFO - Processing /home/airflow/.local/lib/python3.12/site-packages/airflow/example_dags/example_short_circuit_decorator.py took 0.067 seconds
[2026-04-10T09:43:17.324+0900] {processor.py:186} INFO - Started process (PID=150777) to work on /home/airflow/.local/lib/python3.12/site-packages/airflow/example_dags/example_short_circuit_decorator.py
[2026-04-10T09:43:17.325+0900] {processor.py:914} INFO - Processing file /home/airflow/.local/lib/python3.12/site-packages/airflow/example_dags/example_short_circuit_decorator.py for tasks to queue
[2026-04-10T09:43:17.327+0900] {logging_mixin.py:190} INFO - [2026-04-10T09:43:17.327+0900] {dagbag.py:587} INFO - Filling up the DagBag from /home/airflow/.local/lib/python3.12/site-packages/airflow/example_dags/example_short_circuit_decorator.py
[2026-04-10T09:43:17.335+0900] {processor.py:925} INFO - DAG(s) 'example_short_circuit_decorator' retrieved from /home/airflow/.local/lib/python3.12/site-packages/airflow/example_dags/example_short_circuit_decorator.py
[2026-04-10T09:43:17.353+0900] {logging_mixin.py:190} INFO - [2026-04-10T09:43:17.352+0900] {dag.py:3211} INFO - Sync 1 DAGs
[2026-04-10T09:43:17.369+0900] {logging_mixin.py:190} INFO - [2026-04-10T09:43:17.369+0900] {dag.py:4138} INFO - Setting next_dagrun for example_short_circuit_decorator to 2026-04-09 00:00:00+00:00, run_after=2026-04-10 00:00:00+00:00
[2026-04-10T09:43:17.384+0900] {processor.py:208} INFO - Processing /home/airflow/.local/lib/python3.12/site-packages/airflow/example_dags/example_short_circuit_decorator.py took 0.064 seconds
[2026-04-10T09:43:47.585+0900] {processor.py:186} INFO - Started process (PID=150840) to work on /home/airflow/.local/lib/python3.12/site-packages/airflow/example_dags/example_short_circuit_decorator.py
[2026-04-10T09:43:47.586+0900] {processor.py:914} INFO - Processing file /home/airflow/.local/lib/python3.12/site-packages/airflow/example_dags/example_short_circuit_decorator.py for tasks to queue
[2026-04-10T09:43:47.589+0900] {logging_mixin.py:190} INFO - [2026-04-10T09:43:47.589+0900] {dagbag.py:587} INFO - Filling up the DagBag from /home/airflow/.local/lib/python3.12/site-packages/airflow/example_dags/example_short_circuit_decorator.py
[2026-04-10T09:43:47.602+0900] {processor.py:925} INFO - DAG(s) 'example_short_circuit_decorator' retrieved from /home/airflow/.local/lib/python3.12/site-packages/airflow/example_dags/example_short_circuit_decorator.py
[2026-04-10T09:43:47.623+0900] {logging_mixin.py:190} INFO - [2026-04-10T09:43:47.623+0900] {dag.py:3211} INFO - Sync 1 DAGs
[2026-04-10T09:43:47.644+0900] {logging_mixin.py:190} INFO - [2026-04-10T09:43:47.644+0900] {dag.py:4138} INFO - Setting next_dagrun for example_short_circuit_decorator to 2026-04-09 00:00:00+00:00, run_after=2026-04-10 00:00:00+00:00
[2026-04-10T09:43:47.660+0900] {processor.py:208} INFO - Processing /home/airflow/.local/lib/python3.12/site-packages/airflow/example_dags/example_short_circuit_decorator.py took 0.082 seconds
[2026-04-10T09:44:17.766+0900] {processor.py:186} INFO - Started process (PID=150903) to work on /home/airflow/.local/lib/python3.12/site-packages/airflow/example_dags/example_short_circuit_decorator.py
[2026-04-10T09:44:17.767+0900] {processor.py:914} INFO - Processing file /home/airflow/.local/lib/python3.12/site-packages/airflow/example_dags/example_short_circuit_decorator.py for tasks to queue
[2026-04-10T09:44:17.769+0900] {logging_mixin.py:190} INFO - [2026-04-10T09:44:17.769+0900] {dagbag.py:587} INFO - Filling up the DagBag from /home/airflow/.local/lib/python3.12/site-packages/airflow/example_dags/example_short_circuit_decorator.py
[2026-04-10T09:44:17.777+0900] {processor.py:925} INFO - DAG(s) 'example_short_circuit_decorator' retrieved from /home/airflow/.local/lib/python3.12/site-packages/airflow/example_dags/example_short_circuit_decorator.py
[2026-04-10T09:44:17.794+0900] {logging_mixin.py:190} INFO - [2026-04-10T09:44:17.794+0900] {dag.py:3211} INFO - Sync 1 DAGs
[2026-04-10T09:44:17.811+0900] {logging_mixin.py:190} INFO - [2026-04-10T09:44:17.811+0900] {dag.py:4138} INFO - Setting next_dagrun for example_short_circuit_decorator to 2026-04-09 00:00:00+00:00, run_after=2026-04-10 00:00:00+00:00
[2026-04-10T09:44:17.827+0900] {processor.py:208} INFO - Processing /home/airflow/.local/lib/python3.12/site-packages/airflow/example_dags/example_short_circuit_decorator.py took 0.066 seconds
[2026-04-10T09:44:48.022+0900] {processor.py:186} INFO - Started process (PID=150966) to work on /home/airflow/.local/lib/python3.12/site-packages/airflow/example_dags/example_short_circuit_decorator.py
[2026-04-10T09:44:48.023+0900] {processor.py:914} INFO - Processing file /home/airflow/.local/lib/python3.12/site-packages/airflow/example_dags/example_short_circuit_decorator.py for tasks to queue
[2026-04-10T09:44:48.025+0900] {logging_mixin.py:190} INFO - [2026-04-10T09:44:48.025+0900] {dagbag.py:587} INFO - Filling up the DagBag from /home/airflow/.local/lib/python3.12/site-packages/airflow/example_dags/example_short_circuit_decorator.py
[2026-04-10T09:44:48.034+0900] {processor.py:925} INFO - DAG(s) 'example_short_circuit_decorator' retrieved from /home/airflow/.local/lib/python3.12/site-packages/airflow/example_dags/example_short_circuit_decorator.py
[2026-04-10T09:44:48.053+0900] {logging_mixin.py:190} INFO - [2026-04-10T09:44:48.052+0900] {dag.py:3211} INFO - Sync 1 DAGs
[2026-04-10T09:44:48.074+0900] {logging_mixin.py:190} INFO - [2026-04-10T09:44:48.074+0900] {dag.py:4138} INFO - Setting next_dagrun for example_short_circuit_decorator to 2026-04-09 00:00:00+00:00, run_after=2026-04-10 00:00:00+00:00
[2026-04-10T09:44:48.089+0900] {processor.py:208} INFO - Processing /home/airflow/.local/lib/python3.12/site-packages/airflow/example_dags/example_short_circuit_decorator.py took 0.072 seconds
[2026-04-10T09:45:18.222+0900] {processor.py:186} INFO - Started process (PID=151029) to work on /home/airflow/.local/lib/python3.12/site-packages/airflow/example_dags/example_short_circuit_decorator.py
[2026-04-10T09:45:18.223+0900] {processor.py:914} INFO - Processing file /home/airflow/.local/lib/python3.12/site-packages/airflow/example_dags/example_short_circuit_decorator.py for tasks to queue
[2026-04-10T09:45:18.225+0900] {logging_mixin.py:190} INFO - [2026-04-10T09:45:18.225+0900] {dagbag.py:587} INFO - Filling up the DagBag from /home/airflow/.local/lib/python3.12/site-packages/airflow/example_dags/example_short_circuit_decorator.py
[2026-04-10T09:45:18.232+0900] {processor.py:925} INFO - DAG(s) 'example_short_circuit_decorator' retrieved from /home/airflow/.local/lib/python3.12/site-packages/airflow/example_dags/example_short_circuit_decorator.py
[2026-04-10T09:45:18.249+0900] {logging_mixin.py:190} INFO - [2026-04-10T09:45:18.249+0900] {dag.py:3211} INFO - Sync 1 DAGs
[2026-04-10T09:45:18.267+0900] {logging_mixin.py:190} INFO - [2026-04-10T09:45:18.267+0900] {dag.py:4138} INFO - Setting next_dagrun for example_short_circuit_decorator to 2026-04-09 00:00:00+00:00, run_after=2026-04-10 00:00:00+00:00
[2026-04-10T09:45:18.282+0900] {processor.py:208} INFO - Processing /home/airflow/.local/lib/python3.12/site-packages/airflow/example_dags/example_short_circuit_decorator.py took 0.064 seconds
[2026-04-10T09:45:48.406+0900] {processor.py:186} INFO - Started process (PID=151091) to work on /home/airflow/.local/lib/python3.12/site-packages/airflow/example_dags/example_short_circuit_decorator.py
[2026-04-10T09:45:48.407+0900] {processor.py:914} INFO - Processing file /home/airflow/.local/lib/python3.12/site-packages/airflow/example_dags/example_short_circuit_decorator.py for tasks to queue
[2026-04-10T09:45:48.409+0900] {logging_mixin.py:190} INFO - [2026-04-10T09:45:48.409+0900] {dagbag.py:587} INFO - Filling up the DagBag from /home/airflow/.local/lib/python3.12/site-packages/airflow/example_dags/example_short_circuit_decorator.py
[2026-04-10T09:45:48.418+0900] {processor.py:925} INFO - DAG(s) 'example_short_circuit_decorator' retrieved from /home/airflow/.local/lib/python3.12/site-packages/airflow/example_dags/example_short_circuit_decorator.py
[2026-04-10T09:45:48.436+0900] {logging_mixin.py:190} INFO - [2026-04-10T09:45:48.436+0900] {dag.py:3211} INFO - Sync 1 DAGs
[2026-04-10T09:45:48.451+0900] {logging_mixin.py:190} INFO - [2026-04-10T09:45:48.451+0900] {dag.py:4138} INFO - Setting next_dagrun for example_short_circuit_decorator to 2026-04-09 00:00:00+00:00, run_after=2026-04-10 00:00:00+00:00
[2026-04-10T09:45:48.471+0900] {processor.py:208} INFO - Processing /home/airflow/.local/lib/python3.12/site-packages/airflow/example_dags/example_short_circuit_decorator.py took 0.070 seconds
[2026-04-10T09:46:18.761+0900] {processor.py:186} INFO - Started process (PID=151154) to work on /home/airflow/.local/lib/python3.12/site-packages/airflow/example_dags/example_short_circuit_decorator.py
[2026-04-10T09:46:18.762+0900] {processor.py:914} INFO - Processing file /home/airflow/.local/lib/python3.12/site-packages/airflow/example_dags/example_short_circuit_decorator.py for tasks to queue
[2026-04-10T09:46:18.765+0900] {logging_mixin.py:190} INFO - [2026-04-10T09:46:18.764+0900] {dagbag.py:587} INFO - Filling up the DagBag from /home/airflow/.local/lib/python3.12/site-packages/airflow/example_dags/example_short_circuit_decorator.py
[2026-04-10T09:46:18.774+0900] {processor.py:925} INFO - DAG(s) 'example_short_circuit_decorator' retrieved from /home/airflow/.local/lib/python3.12/site-packages/airflow/example_dags/example_short_circuit_decorator.py
[2026-04-10T09:46:18.790+0900] {logging_mixin.py:190} INFO - [2026-04-10T09:46:18.790+0900] {dag.py:3211} INFO - Sync 1 DAGs
[2026-04-10T09:46:18.806+0900] {logging_mixin.py:190} INFO - [2026-04-10T09:46:18.806+0900] {dag.py:4138} INFO - Setting next_dagrun for example_short_circuit_decorator to 2026-04-09 00:00:00+00:00, run_after=2026-04-10 00:00:00+00:00
[2026-04-10T09:46:18.821+0900] {processor.py:208} INFO - Processing /home/airflow/.local/lib/python3.12/site-packages/airflow/example_dags/example_short_circuit_decorator.py took 0.065 seconds
[2026-04-10T09:46:49.357+0900] {processor.py:186} INFO - Started process (PID=151217) to work on /home/airflow/.local/lib/python3.12/site-packages/airflow/example_dags/example_short_circuit_decorator.py
[2026-04-10T09:46:49.358+0900] {processor.py:914} INFO - Processing file /home/airflow/.local/lib/python3.12/site-packages/airflow/example_dags/example_short_circuit_decorator.py for tasks to queue
[2026-04-10T09:46:49.361+0900] {logging_mixin.py:190} INFO - [2026-04-10T09:46:49.361+0900] {dagbag.py:587} INFO - Filling up the DagBag from /home/airflow/.local/lib/python3.12/site-packages/airflow/example_dags/example_short_circuit_decorator.py
[2026-04-10T09:46:49.369+0900] {processor.py:925} INFO - DAG(s) 'example_short_circuit_decorator' retrieved from /home/airflow/.local/lib/python3.12/site-packages/airflow/example_dags/example_short_circuit_decorator.py
[2026-04-10T09:46:49.391+0900] {logging_mixin.py:190} INFO - [2026-04-10T09:46:49.391+0900] {dag.py:3211} INFO - Sync 1 DAGs
[2026-04-10T09:46:49.408+0900] {logging_mixin.py:190} INFO - [2026-04-10T09:46:49.408+0900] {dag.py:4138} INFO - Setting next_dagrun for example_short_circuit_decorator to 2026-04-09 00:00:00+00:00, run_after=2026-04-10 00:00:00+00:00
[2026-04-10T09:46:49.422+0900] {processor.py:208} INFO - Processing /home/airflow/.local/lib/python3.12/site-packages/airflow/example_dags/example_short_circuit_decorator.py took 0.070 seconds
[2026-04-10T09:47:19.841+0900] {processor.py:186} INFO - Started process (PID=151280) to work on /home/airflow/.local/lib/python3.12/site-packages/airflow/example_dags/example_short_circuit_decorator.py
[2026-04-10T09:47:19.842+0900] {processor.py:914} INFO - Processing file /home/airflow/.local/lib/python3.12/site-packages/airflow/example_dags/example_short_circuit_decorator.py for tasks to queue
[2026-04-10T09:47:19.845+0900] {logging_mixin.py:190} INFO - [2026-04-10T09:47:19.845+0900] {dagbag.py:587} INFO - Filling up the DagBag from /home/airflow/.local/lib/python3.12/site-packages/airflow/example_dags/example_short_circuit_decorator.py
[2026-04-10T09:47:19.856+0900] {processor.py:925} INFO - DAG(s) 'example_short_circuit_decorator' retrieved from /home/airflow/.local/lib/python3.12/site-packages/airflow/example_dags/example_short_circuit_decorator.py
[2026-04-10T09:47:19.875+0900] {logging_mixin.py:190} INFO - [2026-04-10T09:47:19.875+0900] {dag.py:3211} INFO - Sync 1 DAGs
[2026-04-10T09:47:19.893+0900] {logging_mixin.py:190} INFO - [2026-04-10T09:47:19.893+0900] {dag.py:4138} INFO - Setting next_dagrun for example_short_circuit_decorator to 2026-04-09 00:00:00+00:00, run_after=2026-04-10 00:00:00+00:00
[2026-04-10T09:47:19.910+0900] {processor.py:208} INFO - Processing /home/airflow/.local/lib/python3.12/site-packages/airflow/example_dags/example_short_circuit_decorator.py took 0.075 seconds
[2026-04-10T09:47:50.391+0900] {processor.py:186} INFO - Started process (PID=151343) to work on /home/airflow/.local/lib/python3.12/site-packages/airflow/example_dags/example_short_circuit_decorator.py
[2026-04-10T09:47:50.392+0900] {processor.py:914} INFO - Processing file /home/airflow/.local/lib/python3.12/site-packages/airflow/example_dags/example_short_circuit_decorator.py for tasks to queue
[2026-04-10T09:47:50.394+0900] {logging_mixin.py:190} INFO - [2026-04-10T09:47:50.394+0900] {dagbag.py:587} INFO - Filling up the DagBag from /home/airflow/.local/lib/python3.12/site-packages/airflow/example_dags/example_short_circuit_decorator.py
[2026-04-10T09:47:50.402+0900] {processor.py:925} INFO - DAG(s) 'example_short_circuit_decorator' retrieved from /home/airflow/.local/lib/python3.12/site-packages/airflow/example_dags/example_short_circuit_decorator.py
[2026-04-10T09:47:50.418+0900] {logging_mixin.py:190} INFO - [2026-04-10T09:47:50.418+0900] {dag.py:3211} INFO - Sync 1 DAGs
[2026-04-10T09:47:50.435+0900] {logging_mixin.py:190} INFO - [2026-04-10T09:47:50.435+0900] {dag.py:4138} INFO - Setting next_dagrun for example_short_circuit_decorator to 2026-04-09 00:00:00+00:00, run_after=2026-04-10 00:00:00+00:00
[2026-04-10T09:47:50.449+0900] {processor.py:208} INFO - Processing /home/airflow/.local/lib/python3.12/site-packages/airflow/example_dags/example_short_circuit_decorator.py took 0.063 seconds
[2026-04-10T09:48:20.946+0900] {processor.py:186} INFO - Started process (PID=151406) to work on /home/airflow/.local/lib/python3.12/site-packages/airflow/example_dags/example_short_circuit_decorator.py
[2026-04-10T09:48:20.947+0900] {processor.py:914} INFO - Processing file /home/airflow/.local/lib/python3.12/site-packages/airflow/example_dags/example_short_circuit_decorator.py for tasks to queue
[2026-04-10T09:48:20.949+0900] {logging_mixin.py:190} INFO - [2026-04-10T09:48:20.949+0900] {dagbag.py:587} INFO - Filling up the DagBag from /home/airflow/.local/lib/python3.12/site-packages/airflow/example_dags/example_short_circuit_decorator.py
[2026-04-10T09:48:20.957+0900] {processor.py:925} INFO - DAG(s) 'example_short_circuit_decorator' retrieved from /home/airflow/.local/lib/python3.12/site-packages/airflow/example_dags/example_short_circuit_decorator.py
[2026-04-10T09:48:20.974+0900] {logging_mixin.py:190} INFO - [2026-04-10T09:48:20.974+0900] {dag.py:3211} INFO - Sync 1 DAGs
[2026-04-10T09:48:20.991+0900] {logging_mixin.py:190} INFO - [2026-04-10T09:48:20.991+0900] {dag.py:4138} INFO - Setting next_dagrun for example_short_circuit_decorator to 2026-04-09 00:00:00+00:00, run_after=2026-04-10 00:00:00+00:00
[2026-04-10T09:48:21.010+0900] {processor.py:208} INFO - Processing /home/airflow/.local/lib/python3.12/site-packages/airflow/example_dags/example_short_circuit_decorator.py took 0.069 seconds
[2026-04-10T09:48:51.747+0900] {processor.py:186} INFO - Started process (PID=151469) to work on /home/airflow/.local/lib/python3.12/site-packages/airflow/example_dags/example_short_circuit_decorator.py
[2026-04-10T09:48:51.749+0900] {processor.py:914} INFO - Processing file /home/airflow/.local/lib/python3.12/site-packages/airflow/example_dags/example_short_circuit_decorator.py for tasks to queue
[2026-04-10T09:48:51.751+0900] {logging_mixin.py:190} INFO - [2026-04-10T09:48:51.751+0900] {dagbag.py:587} INFO - Filling up the DagBag from /home/airflow/.local/lib/python3.12/site-packages/airflow/example_dags/example_short_circuit_decorator.py
[2026-04-10T09:48:51.759+0900] {processor.py:925} INFO - DAG(s) 'example_short_circuit_decorator' retrieved from /home/airflow/.local/lib/python3.12/site-packages/airflow/example_dags/example_short_circuit_decorator.py
[2026-04-10T09:48:51.777+0900] {logging_mixin.py:190} INFO - [2026-04-10T09:48:51.777+0900] {dag.py:3211} INFO - Sync 1 DAGs
[2026-04-10T09:48:51.794+0900] {logging_mixin.py:190} INFO - [2026-04-10T09:48:51.794+0900] {dag.py:4138} INFO - Setting next_dagrun for example_short_circuit_decorator to 2026-04-09 00:00:00+00:00, run_after=2026-04-10 00:00:00+00:00
[2026-04-10T09:48:51.809+0900] {processor.py:208} INFO - Processing /home/airflow/.local/lib/python3.12/site-packages/airflow/example_dags/example_short_circuit_decorator.py took 0.067 seconds
[2026-04-10T09:49:21.948+0900] {processor.py:186} INFO - Started process (PID=151533) to work on /home/airflow/.local/lib/python3.12/site-packages/airflow/example_dags/example_short_circuit_decorator.py
[2026-04-10T09:49:21.949+0900] {processor.py:914} INFO - Processing file /home/airflow/.local/lib/python3.12/site-packages/airflow/example_dags/example_short_circuit_decorator.py for tasks to queue
[2026-04-10T09:49:21.951+0900] {logging_mixin.py:190} INFO - [2026-04-10T09:49:21.950+0900] {dagbag.py:587} INFO - Filling up the DagBag from /home/airflow/.local/lib/python3.12/site-packages/airflow/example_dags/example_short_circuit_decorator.py
[2026-04-10T09:49:21.960+0900] {processor.py:925} INFO - DAG(s) 'example_short_circuit_decorator' retrieved from /home/airflow/.local/lib/python3.12/site-packages/airflow/example_dags/example_short_circuit_decorator.py
[2026-04-10T09:49:21.978+0900] {logging_mixin.py:190} INFO - [2026-04-10T09:49:21.978+0900] {dag.py:3211} INFO - Sync 1 DAGs
[2026-04-10T09:49:21.995+0900] {logging_mixin.py:190} INFO - [2026-04-10T09:49:21.995+0900] {dag.py:4138} INFO - Setting next_dagrun for example_short_circuit_decorator to 2026-04-09 00:00:00+00:00, run_after=2026-04-10 00:00:00+00:00
[2026-04-10T09:49:22.014+0900] {processor.py:208} INFO - Processing /home/airflow/.local/lib/python3.12/site-packages/airflow/example_dags/example_short_circuit_decorator.py took 0.071 seconds
[2026-04-10T09:49:52.188+0900] {processor.py:186} INFO - Started process (PID=151596) to work on /home/airflow/.local/lib/python3.12/site-packages/airflow/example_dags/example_short_circuit_decorator.py
[2026-04-10T09:49:52.189+0900] {processor.py:914} INFO - Processing file /home/airflow/.local/lib/python3.12/site-packages/airflow/example_dags/example_short_circuit_decorator.py for tasks to queue
[2026-04-10T09:49:52.191+0900] {logging_mixin.py:190} INFO - [2026-04-10T09:49:52.191+0900] {dagbag.py:587} INFO - Filling up the DagBag from /home/airflow/.local/lib/python3.12/site-packages/airflow/example_dags/example_short_circuit_decorator.py
[2026-04-10T09:49:52.199+0900] {processor.py:925} INFO - DAG(s) 'example_short_circuit_decorator' retrieved from /home/airflow/.local/lib/python3.12/site-packages/airflow/example_dags/example_short_circuit_decorator.py
[2026-04-10T09:49:52.216+0900] {logging_mixin.py:190} INFO - [2026-04-10T09:49:52.216+0900] {dag.py:3211} INFO - Sync 1 DAGs
[2026-04-10T09:49:52.233+0900] {logging_mixin.py:190} INFO - [2026-04-10T09:49:52.233+0900] {dag.py:4138} INFO - Setting next_dagrun for example_short_circuit_decorator to 2026-04-09 00:00:00+00:00, run_after=2026-04-10 00:00:00+00:00
[2026-04-10T09:49:52.253+0900] {processor.py:208} INFO - Processing /home/airflow/.local/lib/python3.12/site-packages/airflow/example_dags/example_short_circuit_decorator.py took 0.069 seconds
[2026-04-10T09:50:22.828+0900] {processor.py:186} INFO - Started process (PID=151659) to work on /home/airflow/.local/lib/python3.12/site-packages/airflow/example_dags/example_short_circuit_decorator.py
[2026-04-10T09:50:22.829+0900] {processor.py:914} INFO - Processing file /home/airflow/.local/lib/python3.12/site-packages/airflow/example_dags/example_short_circuit_decorator.py for tasks to queue
[2026-04-10T09:50:22.831+0900] {logging_mixin.py:190} INFO - [2026-04-10T09:50:22.831+0900] {dagbag.py:587} INFO - Filling up the DagBag from /home/airflow/.local/lib/python3.12/site-packages/airflow/example_dags/example_short_circuit_decorator.py
[2026-04-10T09:50:22.840+0900] {processor.py:925} INFO - DAG(s) 'example_short_circuit_decorator' retrieved from /home/airflow/.local/lib/python3.12/site-packages/airflow/example_dags/example_short_circuit_decorator.py
[2026-04-10T09:50:22.858+0900] {logging_mixin.py:190} INFO - [2026-04-10T09:50:22.858+0900] {dag.py:3211} INFO - Sync 1 DAGs
[2026-04-10T09:50:22.881+0900] {logging_mixin.py:190} INFO - [2026-04-10T09:50:22.881+0900] {dag.py:4138} INFO - Setting next_dagrun for example_short_circuit_decorator to 2026-04-09 00:00:00+00:00, run_after=2026-04-10 00:00:00+00:00
[2026-04-10T09:50:22.900+0900] {processor.py:208} INFO - Processing /home/airflow/.local/lib/python3.12/site-packages/airflow/example_dags/example_short_circuit_decorator.py took 0.077 seconds
[2026-04-10T09:50:53.339+0900] {processor.py:186} INFO - Started process (PID=151722) to work on /home/airflow/.local/lib/python3.12/site-packages/airflow/example_dags/example_short_circuit_decorator.py
[2026-04-10T09:50:53.340+0900] {processor.py:914} INFO - Processing file /home/airflow/.local/lib/python3.12/site-packages/airflow/example_dags/example_short_circuit_decorator.py for tasks to queue
[2026-04-10T09:50:53.342+0900] {logging_mixin.py:190} INFO - [2026-04-10T09:50:53.341+0900] {dagbag.py:587} INFO - Filling up the DagBag from /home/airflow/.local/lib/python3.12/site-packages/airflow/example_dags/example_short_circuit_decorator.py
[2026-04-10T09:50:53.350+0900] {processor.py:925} INFO - DAG(s) 'example_short_circuit_decorator' retrieved from /home/airflow/.local/lib/python3.12/site-packages/airflow/example_dags/example_short_circuit_decorator.py
[2026-04-10T09:50:53.370+0900] {logging_mixin.py:190} INFO - [2026-04-10T09:50:53.369+0900] {dag.py:3211} INFO - Sync 1 DAGs
[2026-04-10T09:50:53.386+0900] {logging_mixin.py:190} INFO - [2026-04-10T09:50:53.386+0900] {dag.py:4138} INFO - Setting next_dagrun for example_short_circuit_decorator to 2026-04-09 00:00:00+00:00, run_after=2026-04-10 00:00:00+00:00
[2026-04-10T09:50:53.402+0900] {processor.py:208} INFO - Processing /home/airflow/.local/lib/python3.12/site-packages/airflow/example_dags/example_short_circuit_decorator.py took 0.070 seconds
[2026-04-10T09:51:24.433+0900] {processor.py:186} INFO - Started process (PID=151785) to work on /home/airflow/.local/lib/python3.12/site-packages/airflow/example_dags/example_short_circuit_decorator.py
[2026-04-10T09:51:24.434+0900] {processor.py:914} INFO - Processing file /home/airflow/.local/lib/python3.12/site-packages/airflow/example_dags/example_short_circuit_decorator.py for tasks to queue
[2026-04-10T09:51:24.437+0900] {logging_mixin.py:190} INFO - [2026-04-10T09:51:24.437+0900] {dagbag.py:587} INFO - Filling up the DagBag from /home/airflow/.local/lib/python3.12/site-packages/airflow/example_dags/example_short_circuit_decorator.py
[2026-04-10T09:51:24.445+0900] {processor.py:925} INFO - DAG(s) 'example_short_circuit_decorator' retrieved from /home/airflow/.local/lib/python3.12/site-packages/airflow/example_dags/example_short_circuit_decorator.py
[2026-04-10T09:51:24.463+0900] {logging_mixin.py:190} INFO - [2026-04-10T09:51:24.463+0900] {dag.py:3211} INFO - Sync 1 DAGs
[2026-04-10T09:51:24.480+0900] {logging_mixin.py:190} INFO - [2026-04-10T09:51:24.480+0900] {dag.py:4138} INFO - Setting next_dagrun for example_short_circuit_decorator to 2026-04-09 00:00:00+00:00, run_after=2026-04-10 00:00:00+00:00
[2026-04-10T09:51:24.496+0900] {processor.py:208} INFO - Processing /home/airflow/.local/lib/python3.12/site-packages/airflow/example_dags/example_short_circuit_decorator.py took 0.068 seconds
[2026-04-10T09:51:55.073+0900] {processor.py:186} INFO - Started process (PID=151848) to work on /home/airflow/.local/lib/python3.12/site-packages/airflow/example_dags/example_short_circuit_decorator.py
[2026-04-10T09:51:55.074+0900] {processor.py:914} INFO - Processing file /home/airflow/.local/lib/python3.12/site-packages/airflow/example_dags/example_short_circuit_decorator.py for tasks to queue
[2026-04-10T09:51:55.077+0900] {logging_mixin.py:190} INFO - [2026-04-10T09:51:55.076+0900] {dagbag.py:587} INFO - Filling up the DagBag from /home/airflow/.local/lib/python3.12/site-packages/airflow/example_dags/example_short_circuit_decorator.py
[2026-04-10T09:51:55.086+0900] {processor.py:925} INFO - DAG(s) 'example_short_circuit_decorator' retrieved from /home/airflow/.local/lib/python3.12/site-packages/airflow/example_dags/example_short_circuit_decorator.py
[2026-04-10T09:51:55.103+0900] {logging_mixin.py:190} INFO - [2026-04-10T09:51:55.103+0900] {dag.py:3211} INFO - Sync 1 DAGs
[2026-04-10T09:51:55.120+0900] {logging_mixin.py:190} INFO - [2026-04-10T09:51:55.120+0900] {dag.py:4138} INFO - Setting next_dagrun for example_short_circuit_decorator to 2026-04-09 00:00:00+00:00, run_after=2026-04-10 00:00:00+00:00
[2026-04-10T09:51:55.134+0900] {processor.py:208} INFO - Processing /home/airflow/.local/lib/python3.12/site-packages/airflow/example_dags/example_short_circuit_decorator.py took 0.065 seconds
[2026-04-10T09:52:25.392+0900] {processor.py:186} INFO - Started process (PID=151912) to work on /home/airflow/.local/lib/python3.12/site-packages/airflow/example_dags/example_short_circuit_decorator.py
[2026-04-10T09:52:25.394+0900] {processor.py:914} INFO - Processing file /home/airflow/.local/lib/python3.12/site-packages/airflow/example_dags/example_short_circuit_decorator.py for tasks to queue
[2026-04-10T09:52:25.396+0900] {logging_mixin.py:190} INFO - [2026-04-10T09:52:25.396+0900] {dagbag.py:587} INFO - Filling up the DagBag from /home/airflow/.local/lib/python3.12/site-packages/airflow/example_dags/example_short_circuit_decorator.py
[2026-04-10T09:52:25.404+0900] {processor.py:925} INFO - DAG(s) 'example_short_circuit_decorator' retrieved from /home/airflow/.local/lib/python3.12/site-packages/airflow/example_dags/example_short_circuit_decorator.py
[2026-04-10T09:52:25.421+0900] {logging_mixin.py:190} INFO - [2026-04-10T09:52:25.421+0900] {dag.py:3211} INFO - Sync 1 DAGs
[2026-04-10T09:52:25.438+0900] {logging_mixin.py:190} INFO - [2026-04-10T09:52:25.437+0900] {dag.py:4138} INFO - Setting next_dagrun for example_short_circuit_decorator to 2026-04-09 00:00:00+00:00, run_after=2026-04-10 00:00:00+00:00
[2026-04-10T09:52:25.453+0900] {processor.py:208} INFO - Processing /home/airflow/.local/lib/python3.12/site-packages/airflow/example_dags/example_short_circuit_decorator.py took 0.066 seconds
[2026-04-10T09:52:55.791+0900] {processor.py:186} INFO - Started process (PID=151975) to work on /home/airflow/.local/lib/python3.12/site-packages/airflow/example_dags/example_short_circuit_decorator.py
[2026-04-10T09:52:55.792+0900] {processor.py:914} INFO - Processing file /home/airflow/.local/lib/python3.12/site-packages/airflow/example_dags/example_short_circuit_decorator.py for tasks to queue
[2026-04-10T09:52:55.794+0900] {logging_mixin.py:190} INFO - [2026-04-10T09:52:55.793+0900] {dagbag.py:587} INFO - Filling up the DagBag from /home/airflow/.local/lib/python3.12/site-packages/airflow/example_dags/example_short_circuit_decorator.py
[2026-04-10T09:52:55.801+0900] {processor.py:925} INFO - DAG(s) 'example_short_circuit_decorator' retrieved from /home/airflow/.local/lib/python3.12/site-packages/airflow/example_dags/example_short_circuit_decorator.py
[2026-04-10T09:52:55.819+0900] {logging_mixin.py:190} INFO - [2026-04-10T09:52:55.819+0900] {dag.py:3211} INFO - Sync 1 DAGs
[2026-04-10T09:52:55.836+0900] {logging_mixin.py:190} INFO - [2026-04-10T09:52:55.836+0900] {dag.py:4138} INFO - Setting next_dagrun for example_short_circuit_decorator to 2026-04-09 00:00:00+00:00, run_after=2026-04-10 00:00:00+00:00
[2026-04-10T09:52:55.852+0900] {processor.py:208} INFO - Processing /home/airflow/.local/lib/python3.12/site-packages/airflow/example_dags/example_short_circuit_decorator.py took 0.066 seconds
[2026-04-10T09:53:26.710+0900] {processor.py:186} INFO - Started process (PID=152038) to work on /home/airflow/.local/lib/python3.12/site-packages/airflow/example_dags/example_short_circuit_decorator.py
[2026-04-10T09:53:26.711+0900] {processor.py:914} INFO - Processing file /home/airflow/.local/lib/python3.12/site-packages/airflow/example_dags/example_short_circuit_decorator.py for tasks to queue
[2026-04-10T09:53:26.713+0900] {logging_mixin.py:190} INFO - [2026-04-10T09:53:26.713+0900] {dagbag.py:587} INFO - Filling up the DagBag from /home/airflow/.local/lib/python3.12/site-packages/airflow/example_dags/example_short_circuit_decorator.py
[2026-04-10T09:53:26.722+0900] {processor.py:925} INFO - DAG(s) 'example_short_circuit_decorator' retrieved from /home/airflow/.local/lib/python3.12/site-packages/airflow/example_dags/example_short_circuit_decorator.py
[2026-04-10T09:53:26.739+0900] {logging_mixin.py:190} INFO - [2026-04-10T09:53:26.739+0900] {dag.py:3211} INFO - Sync 1 DAGs
[2026-04-10T09:53:26.759+0900] {logging_mixin.py:190} INFO - [2026-04-10T09:53:26.759+0900] {dag.py:4138} INFO - Setting next_dagrun for example_short_circuit_decorator to 2026-04-09 00:00:00+00:00, run_after=2026-04-10 00:00:00+00:00
[2026-04-10T09:53:26.774+0900] {processor.py:208} INFO - Processing /home/airflow/.local/lib/python3.12/site-packages/airflow/example_dags/example_short_circuit_decorator.py took 0.068 seconds
[2026-04-10T09:53:57.181+0900] {processor.py:186} INFO - Started process (PID=152101) to work on /home/airflow/.local/lib/python3.12/site-packages/airflow/example_dags/example_short_circuit_decorator.py
[2026-04-10T09:53:57.182+0900] {processor.py:914} INFO - Processing file /home/airflow/.local/lib/python3.12/site-packages/airflow/example_dags/example_short_circuit_decorator.py for tasks to queue
[2026-04-10T09:53:57.184+0900] {logging_mixin.py:190} INFO - [2026-04-10T09:53:57.184+0900] {dagbag.py:587} INFO - Filling up the DagBag from /home/airflow/.local/lib/python3.12/site-packages/airflow/example_dags/example_short_circuit_decorator.py
[2026-04-10T09:53:57.193+0900] {processor.py:925} INFO - DAG(s) 'example_short_circuit_decorator' retrieved from /home/airflow/.local/lib/python3.12/site-packages/airflow/example_dags/example_short_circuit_decorator.py
[2026-04-10T09:53:57.209+0900] {logging_mixin.py:190} INFO - [2026-04-10T09:53:57.209+0900] {dag.py:3211} INFO - Sync 1 DAGs
[2026-04-10T09:53:57.226+0900] {logging_mixin.py:190} INFO - [2026-04-10T09:53:57.226+0900] {dag.py:4138} INFO - Setting next_dagrun for example_short_circuit_decorator to 2026-04-09 00:00:00+00:00, run_after=2026-04-10 00:00:00+00:00
[2026-04-10T09:53:57.241+0900] {processor.py:208} INFO - Processing /home/airflow/.local/lib/python3.12/site-packages/airflow/example_dags/example_short_circuit_decorator.py took 0.065 seconds
[2026-04-10T09:54:27.376+0900] {processor.py:186} INFO - Started process (PID=152164) to work on /home/airflow/.local/lib/python3.12/site-packages/airflow/example_dags/example_short_circuit_decorator.py
[2026-04-10T09:54:27.378+0900] {processor.py:914} INFO - Processing file /home/airflow/.local/lib/python3.12/site-packages/airflow/example_dags/example_short_circuit_decorator.py for tasks to queue
[2026-04-10T09:54:27.380+0900] {logging_mixin.py:190} INFO - [2026-04-10T09:54:27.380+0900] {dagbag.py:587} INFO - Filling up the DagBag from /home/airflow/.local/lib/python3.12/site-packages/airflow/example_dags/example_short_circuit_decorator.py
[2026-04-10T09:54:27.390+0900] {processor.py:925} INFO - DAG(s) 'example_short_circuit_decorator' retrieved from /home/airflow/.local/lib/python3.12/site-packages/airflow/example_dags/example_short_circuit_decorator.py
[2026-04-10T09:54:27.410+0900] {logging_mixin.py:190} INFO - [2026-04-10T09:54:27.410+0900] {dag.py:3211} INFO - Sync 1 DAGs
[2026-04-10T09:54:27.430+0900] {logging_mixin.py:190} INFO - [2026-04-10T09:54:27.430+0900] {dag.py:4138} INFO - Setting next_dagrun for example_short_circuit_decorator to 2026-04-09 00:00:00+00:00, run_after=2026-04-10 00:00:00+00:00
[2026-04-10T09:54:27.446+0900] {processor.py:208} INFO - Processing /home/airflow/.local/lib/python3.12/site-packages/airflow/example_dags/example_short_circuit_decorator.py took 0.076 seconds
[2026-04-10T09:54:57.864+0900] {processor.py:186} INFO - Started process (PID=152227) to work on /home/airflow/.local/lib/python3.12/site-packages/airflow/example_dags/example_short_circuit_decorator.py
[2026-04-10T09:54:57.865+0900] {processor.py:914} INFO - Processing file /home/airflow/.local/lib/python3.12/site-packages/airflow/example_dags/example_short_circuit_decorator.py for tasks to queue
[2026-04-10T09:54:57.868+0900] {logging_mixin.py:190} INFO - [2026-04-10T09:54:57.868+0900] {dagbag.py:587} INFO - Filling up the DagBag from /home/airflow/.local/lib/python3.12/site-packages/airflow/example_dags/example_short_circuit_decorator.py
[2026-04-10T09:54:57.876+0900] {processor.py:925} INFO - DAG(s) 'example_short_circuit_decorator' retrieved from /home/airflow/.local/lib/python3.12/site-packages/airflow/example_dags/example_short_circuit_decorator.py
[2026-04-10T09:54:57.894+0900] {logging_mixin.py:190} INFO - [2026-04-10T09:54:57.894+0900] {dag.py:3211} INFO - Sync 1 DAGs
[2026-04-10T09:54:57.912+0900] {logging_mixin.py:190} INFO - [2026-04-10T09:54:57.912+0900] {dag.py:4138} INFO - Setting next_dagrun for example_short_circuit_decorator to 2026-04-09 00:00:00+00:00, run_after=2026-04-10 00:00:00+00:00
[2026-04-10T09:54:57.928+0900] {processor.py:208} INFO - Processing /home/airflow/.local/lib/python3.12/site-packages/airflow/example_dags/example_short_circuit_decorator.py took 0.069 seconds
[2026-04-10T09:55:28.723+0900] {processor.py:186} INFO - Started process (PID=152290) to work on /home/airflow/.local/lib/python3.12/site-packages/airflow/example_dags/example_short_circuit_decorator.py
[2026-04-10T09:55:28.724+0900] {processor.py:914} INFO - Processing file /home/airflow/.local/lib/python3.12/site-packages/airflow/example_dags/example_short_circuit_decorator.py for tasks to queue
[2026-04-10T09:55:28.725+0900] {logging_mixin.py:190} INFO - [2026-04-10T09:55:28.725+0900] {dagbag.py:587} INFO - Filling up the DagBag from /home/airflow/.local/lib/python3.12/site-packages/airflow/example_dags/example_short_circuit_decorator.py
[2026-04-10T09:55:28.733+0900] {processor.py:925} INFO - DAG(s) 'example_short_circuit_decorator' retrieved from /home/airflow/.local/lib/python3.12/site-packages/airflow/example_dags/example_short_circuit_decorator.py
[2026-04-10T09:55:28.748+0900] {logging_mixin.py:190} INFO - [2026-04-10T09:55:28.748+0900] {dag.py:3211} INFO - Sync 1 DAGs
[2026-04-10T09:55:28.764+0900] {logging_mixin.py:190} INFO - [2026-04-10T09:55:28.764+0900] {dag.py:4138} INFO - Setting next_dagrun for example_short_circuit_decorator to 2026-04-09 00:00:00+00:00, run_after=2026-04-10 00:00:00+00:00
[2026-04-10T09:55:28.776+0900] {processor.py:208} INFO - Processing /home/airflow/.local/lib/python3.12/site-packages/airflow/example_dags/example_short_circuit_decorator.py took 0.058 seconds
[2026-04-10T09:55:59.066+0900] {processor.py:186} INFO - Started process (PID=152353) to work on /home/airflow/.local/lib/python3.12/site-packages/airflow/example_dags/example_short_circuit_decorator.py
[2026-04-10T09:55:59.067+0900] {processor.py:914} INFO - Processing file /home/airflow/.local/lib/python3.12/site-packages/airflow/example_dags/example_short_circuit_decorator.py for tasks to queue
[2026-04-10T09:55:59.069+0900] {logging_mixin.py:190} INFO - [2026-04-10T09:55:59.069+0900] {dagbag.py:587} INFO - Filling up the DagBag from /home/airflow/.local/lib/python3.12/site-packages/airflow/example_dags/example_short_circuit_decorator.py
[2026-04-10T09:55:59.076+0900] {processor.py:925} INFO - DAG(s) 'example_short_circuit_decorator' retrieved from /home/airflow/.local/lib/python3.12/site-packages/airflow/example_dags/example_short_circuit_decorator.py
[2026-04-10T09:55:59.092+0900] {logging_mixin.py:190} INFO - [2026-04-10T09:55:59.092+0900] {dag.py:3211} INFO - Sync 1 DAGs
[2026-04-10T09:55:59.236+0900] {logging_mixin.py:190} INFO - [2026-04-10T09:55:59.236+0900] {dag.py:4138} INFO - Setting next_dagrun for example_short_circuit_decorator to 2026-04-09 00:00:00+00:00, run_after=2026-04-10 00:00:00+00:00
[2026-04-10T09:55:59.253+0900] {processor.py:208} INFO - Processing /home/airflow/.local/lib/python3.12/site-packages/airflow/example_dags/example_short_circuit_decorator.py took 0.192 seconds
[2026-04-10T09:56:29.650+0900] {processor.py:186} INFO - Started process (PID=152416) to work on /home/airflow/.local/lib/python3.12/site-packages/airflow/example_dags/example_short_circuit_decorator.py
[2026-04-10T09:56:29.651+0900] {processor.py:914} INFO - Processing file /home/airflow/.local/lib/python3.12/site-packages/airflow/example_dags/example_short_circuit_decorator.py for tasks to queue
[2026-04-10T09:56:29.653+0900] {logging_mixin.py:190} INFO - [2026-04-10T09:56:29.652+0900] {dagbag.py:587} INFO - Filling up the DagBag from /home/airflow/.local/lib/python3.12/site-packages/airflow/example_dags/example_short_circuit_decorator.py
[2026-04-10T09:56:29.661+0900] {processor.py:925} INFO - DAG(s) 'example_short_circuit_decorator' retrieved from /home/airflow/.local/lib/python3.12/site-packages/airflow/example_dags/example_short_circuit_decorator.py
[2026-04-10T09:56:29.679+0900] {logging_mixin.py:190} INFO - [2026-04-10T09:56:29.678+0900] {dag.py:3211} INFO - Sync 1 DAGs
[2026-04-10T09:56:29.833+0900] {logging_mixin.py:190} INFO - [2026-04-10T09:56:29.833+0900] {dag.py:4138} INFO - Setting next_dagrun for example_short_circuit_decorator to 2026-04-09 00:00:00+00:00, run_after=2026-04-10 00:00:00+00:00
[2026-04-10T09:56:29.852+0900] {processor.py:208} INFO - Processing /home/airflow/.local/lib/python3.12/site-packages/airflow/example_dags/example_short_circuit_decorator.py took 0.207 seconds
[2026-04-10T09:57:00.351+0900] {processor.py:186} INFO - Started process (PID=152478) to work on /home/airflow/.local/lib/python3.12/site-packages/airflow/example_dags/example_short_circuit_decorator.py
[2026-04-10T09:57:00.352+0900] {processor.py:914} INFO - Processing file /home/airflow/.local/lib/python3.12/site-packages/airflow/example_dags/example_short_circuit_decorator.py for tasks to queue
[2026-04-10T09:57:00.354+0900] {logging_mixin.py:190} INFO - [2026-04-10T09:57:00.353+0900] {dagbag.py:587} INFO - Filling up the DagBag from /home/airflow/.local/lib/python3.12/site-packages/airflow/example_dags/example_short_circuit_decorator.py
[2026-04-10T09:57:00.361+0900] {processor.py:925} INFO - DAG(s) 'example_short_circuit_decorator' retrieved from /home/airflow/.local/lib/python3.12/site-packages/airflow/example_dags/example_short_circuit_decorator.py
[2026-04-10T09:57:00.377+0900] {logging_mixin.py:190} INFO - [2026-04-10T09:57:00.377+0900] {dag.py:3211} INFO - Sync 1 DAGs
[2026-04-10T09:57:00.530+0900] {logging_mixin.py:190} INFO - [2026-04-10T09:57:00.530+0900] {dag.py:4138} INFO - Setting next_dagrun for example_short_circuit_decorator to 2026-04-09 00:00:00+00:00, run_after=2026-04-10 00:00:00+00:00
[2026-04-10T09:57:00.543+0900] {processor.py:208} INFO - Processing /home/airflow/.local/lib/python3.12/site-packages/airflow/example_dags/example_short_circuit_decorator.py took 0.197 seconds
[2026-04-10T09:57:31.066+0900] {processor.py:186} INFO - Started process (PID=152541) to work on /home/airflow/.local/lib/python3.12/site-packages/airflow/example_dags/example_short_circuit_decorator.py
[2026-04-10T09:57:31.067+0900] {processor.py:914} INFO - Processing file /home/airflow/.local/lib/python3.12/site-packages/airflow/example_dags/example_short_circuit_decorator.py for tasks to queue
[2026-04-10T09:57:31.069+0900] {logging_mixin.py:190} INFO - [2026-04-10T09:57:31.068+0900] {dagbag.py:587} INFO - Filling up the DagBag from /home/airflow/.local/lib/python3.12/site-packages/airflow/example_dags/example_short_circuit_decorator.py
[2026-04-10T09:57:31.076+0900] {processor.py:925} INFO - DAG(s) 'example_short_circuit_decorator' retrieved from /home/airflow/.local/lib/python3.12/site-packages/airflow/example_dags/example_short_circuit_decorator.py
[2026-04-10T09:57:31.094+0900] {logging_mixin.py:190} INFO - [2026-04-10T09:57:31.094+0900] {dag.py:3211} INFO - Sync 1 DAGs
[2026-04-10T09:57:31.253+0900] {logging_mixin.py:190} INFO - [2026-04-10T09:57:31.253+0900] {dag.py:4138} INFO - Setting next_dagrun for example_short_circuit_decorator to 2026-04-09 00:00:00+00:00, run_after=2026-04-10 00:00:00+00:00
[2026-04-10T09:57:31.271+0900] {processor.py:208} INFO - Processing /home/airflow/.local/lib/python3.12/site-packages/airflow/example_dags/example_short_circuit_decorator.py took 0.209 seconds
[2026-04-10T09:58:01.592+0900] {processor.py:186} INFO - Started process (PID=152604) to work on /home/airflow/.local/lib/python3.12/site-packages/airflow/example_dags/example_short_circuit_decorator.py
[2026-04-10T09:58:01.593+0900] {processor.py:914} INFO - Processing file /home/airflow/.local/lib/python3.12/site-packages/airflow/example_dags/example_short_circuit_decorator.py for tasks to queue
[2026-04-10T09:58:01.595+0900] {logging_mixin.py:190} INFO - [2026-04-10T09:58:01.595+0900] {dagbag.py:587} INFO - Filling up the DagBag from /home/airflow/.local/lib/python3.12/site-packages/airflow/example_dags/example_short_circuit_decorator.py
[2026-04-10T09:58:01.604+0900] {processor.py:925} INFO - DAG(s) 'example_short_circuit_decorator' retrieved from /home/airflow/.local/lib/python3.12/site-packages/airflow/example_dags/example_short_circuit_decorator.py
[2026-04-10T09:58:01.620+0900] {logging_mixin.py:190} INFO - [2026-04-10T09:58:01.620+0900] {dag.py:3211} INFO - Sync 1 DAGs
[2026-04-10T09:58:01.637+0900] {logging_mixin.py:190} INFO - [2026-04-10T09:58:01.637+0900] {dag.py:4138} INFO - Setting next_dagrun for example_short_circuit_decorator to 2026-04-09 00:00:00+00:00, run_after=2026-04-10 00:00:00+00:00
[2026-04-10T09:58:01.651+0900] {processor.py:208} INFO - Processing /home/airflow/.local/lib/python3.12/site-packages/airflow/example_dags/example_short_circuit_decorator.py took 0.063 seconds
[2026-04-10T09:58:32.528+0900] {processor.py:186} INFO - Started process (PID=152667) to work on /home/airflow/.local/lib/python3.12/site-packages/airflow/example_dags/example_short_circuit_decorator.py
[2026-04-10T09:58:32.529+0900] {processor.py:914} INFO - Processing file /home/airflow/.local/lib/python3.12/site-packages/airflow/example_dags/example_short_circuit_decorator.py for tasks to queue
[2026-04-10T09:58:32.531+0900] {logging_mixin.py:190} INFO - [2026-04-10T09:58:32.531+0900] {dagbag.py:587} INFO - Filling up the DagBag from /home/airflow/.local/lib/python3.12/site-packages/airflow/example_dags/example_short_circuit_decorator.py
[2026-04-10T09:58:32.538+0900] {processor.py:925} INFO - DAG(s) 'example_short_circuit_decorator' retrieved from /home/airflow/.local/lib/python3.12/site-packages/airflow/example_dags/example_short_circuit_decorator.py
[2026-04-10T09:58:32.554+0900] {logging_mixin.py:190} INFO - [2026-04-10T09:58:32.553+0900] {dag.py:3211} INFO - Sync 1 DAGs
[2026-04-10T09:58:32.569+0900] {logging_mixin.py:190} INFO - [2026-04-10T09:58:32.569+0900] {dag.py:4138} INFO - Setting next_dagrun for example_short_circuit_decorator to 2026-04-09 00:00:00+00:00, run_after=2026-04-10 00:00:00+00:00
[2026-04-10T09:58:32.584+0900] {processor.py:208} INFO - Processing /home/airflow/.local/lib/python3.12/site-packages/airflow/example_dags/example_short_circuit_decorator.py took 0.060 seconds
[2026-04-10T09:59:03.331+0900] {processor.py:186} INFO - Started process (PID=152730) to work on /home/airflow/.local/lib/python3.12/site-packages/airflow/example_dags/example_short_circuit_decorator.py
[2026-04-10T09:59:03.333+0900] {processor.py:914} INFO - Processing file /home/airflow/.local/lib/python3.12/site-packages/airflow/example_dags/example_short_circuit_decorator.py for tasks to queue
[2026-04-10T09:59:03.335+0900] {logging_mixin.py:190} INFO - [2026-04-10T09:59:03.335+0900] {dagbag.py:587} INFO - Filling up the DagBag from /home/airflow/.local/lib/python3.12/site-packages/airflow/example_dags/example_short_circuit_decorator.py
[2026-04-10T09:59:03.343+0900] {processor.py:925} INFO - DAG(s) 'example_short_circuit_decorator' retrieved from /home/airflow/.local/lib/python3.12/site-packages/airflow/example_dags/example_short_circuit_decorator.py
[2026-04-10T09:59:03.360+0900] {logging_mixin.py:190} INFO - [2026-04-10T09:59:03.360+0900] {dag.py:3211} INFO - Sync 1 DAGs
[2026-04-10T09:59:03.376+0900] {logging_mixin.py:190} INFO - [2026-04-10T09:59:03.375+0900] {dag.py:4138} INFO - Setting next_dagrun for example_short_circuit_decorator to 2026-04-09 00:00:00+00:00, run_after=2026-04-10 00:00:00+00:00
[2026-04-10T09:59:03.390+0900] {processor.py:208} INFO - Processing /home/airflow/.local/lib/python3.12/site-packages/airflow/example_dags/example_short_circuit_decorator.py took 0.063 seconds
[2026-04-10T09:59:34.083+0900] {processor.py:186} INFO - Started process (PID=152793) to work on /home/airflow/.local/lib/python3.12/site-packages/airflow/example_dags/example_short_circuit_decorator.py
[2026-04-10T09:59:34.084+0900] {processor.py:914} INFO - Processing file /home/airflow/.local/lib/python3.12/site-packages/airflow/example_dags/example_short_circuit_decorator.py for tasks to queue
[2026-04-10T09:59:34.086+0900] {logging_mixin.py:190} INFO - [2026-04-10T09:59:34.086+0900] {dagbag.py:587} INFO - Filling up the DagBag from /home/airflow/.local/lib/python3.12/site-packages/airflow/example_dags/example_short_circuit_decorator.py
[2026-04-10T09:59:34.094+0900] {processor.py:925} INFO - DAG(s) 'example_short_circuit_decorator' retrieved from /home/airflow/.local/lib/python3.12/site-packages/airflow/example_dags/example_short_circuit_decorator.py
[2026-04-10T09:59:34.110+0900] {logging_mixin.py:190} INFO - [2026-04-10T09:59:34.110+0900] {dag.py:3211} INFO - Sync 1 DAGs
[2026-04-10T09:59:34.125+0900] {logging_mixin.py:190} INFO - [2026-04-10T09:59:34.125+0900] {dag.py:4138} INFO - Setting next_dagrun for example_short_circuit_decorator to 2026-04-09 00:00:00+00:00, run_after=2026-04-10 00:00:00+00:00
[2026-04-10T09:59:34.143+0900] {processor.py:208} INFO - Processing /home/airflow/.local/lib/python3.12/site-packages/airflow/example_dags/example_short_circuit_decorator.py took 0.064 seconds
[2026-04-10T10:00:04.951+0900] {processor.py:186} INFO - Started process (PID=152856) to work on /home/airflow/.local/lib/python3.12/site-packages/airflow/example_dags/example_short_circuit_decorator.py
[2026-04-10T10:00:04.952+0900] {processor.py:914} INFO - Processing file /home/airflow/.local/lib/python3.12/site-packages/airflow/example_dags/example_short_circuit_decorator.py for tasks to queue
[2026-04-10T10:00:04.954+0900] {logging_mixin.py:190} INFO - [2026-04-10T10:00:04.954+0900] {dagbag.py:587} INFO - Filling up the DagBag from /home/airflow/.local/lib/python3.12/site-packages/airflow/example_dags/example_short_circuit_decorator.py
[2026-04-10T10:00:04.962+0900] {processor.py:925} INFO - DAG(s) 'example_short_circuit_decorator' retrieved from /home/airflow/.local/lib/python3.12/site-packages/airflow/example_dags/example_short_circuit_decorator.py
[2026-04-10T10:00:04.979+0900] {logging_mixin.py:190} INFO - [2026-04-10T10:00:04.979+0900] {dag.py:3211} INFO - Sync 1 DAGs
[2026-04-10T10:00:04.995+0900] {logging_mixin.py:190} INFO - [2026-04-10T10:00:04.995+0900] {dag.py:4138} INFO - Setting next_dagrun for example_short_circuit_decorator to 2026-04-09 00:00:00+00:00, run_after=2026-04-10 00:00:00+00:00
[2026-04-10T10:00:05.009+0900] {processor.py:208} INFO - Processing /home/airflow/.local/lib/python3.12/site-packages/airflow/example_dags/example_short_circuit_decorator.py took 0.062 seconds
[2026-04-10T10:00:35.164+0900] {processor.py:186} INFO - Started process (PID=152919) to work on /home/airflow/.local/lib/python3.12/site-packages/airflow/example_dags/example_short_circuit_decorator.py
[2026-04-10T10:00:35.165+0900] {processor.py:914} INFO - Processing file /home/airflow/.local/lib/python3.12/site-packages/airflow/example_dags/example_short_circuit_decorator.py for tasks to queue
[2026-04-10T10:00:35.168+0900] {logging_mixin.py:190} INFO - [2026-04-10T10:00:35.168+0900] {dagbag.py:587} INFO - Filling up the DagBag from /home/airflow/.local/lib/python3.12/site-packages/airflow/example_dags/example_short_circuit_decorator.py
[2026-04-10T10:00:35.177+0900] {processor.py:925} INFO - DAG(s) 'example_short_circuit_decorator' retrieved from /home/airflow/.local/lib/python3.12/site-packages/airflow/example_dags/example_short_circuit_decorator.py
[2026-04-10T10:00:35.197+0900] {logging_mixin.py:190} INFO - [2026-04-10T10:00:35.196+0900] {dag.py:3211} INFO - Sync 1 DAGs
[2026-04-10T10:00:35.214+0900] {logging_mixin.py:190} INFO - [2026-04-10T10:00:35.214+0900] {dag.py:4138} INFO - Setting next_dagrun for example_short_circuit_decorator to 2026-04-09 00:00:00+00:00, run_after=2026-04-10 00:00:00+00:00
[2026-04-10T10:00:35.231+0900] {processor.py:208} INFO - Processing /home/airflow/.local/lib/python3.12/site-packages/airflow/example_dags/example_short_circuit_decorator.py took 0.072 seconds
[2026-04-10T10:01:05.361+0900] {processor.py:186} INFO - Started process (PID=152982) to work on /home/airflow/.local/lib/python3.12/site-packages/airflow/example_dags/example_short_circuit_decorator.py
[2026-04-10T10:01:05.362+0900] {processor.py:914} INFO - Processing file /home/airflow/.local/lib/python3.12/site-packages/airflow/example_dags/example_short_circuit_decorator.py for tasks to queue
[2026-04-10T10:01:05.364+0900] {logging_mixin.py:190} INFO - [2026-04-10T10:01:05.364+0900] {dagbag.py:587} INFO - Filling up the DagBag from /home/airflow/.local/lib/python3.12/site-packages/airflow/example_dags/example_short_circuit_decorator.py
[2026-04-10T10:01:05.372+0900] {processor.py:925} INFO - DAG(s) 'example_short_circuit_decorator' retrieved from /home/airflow/.local/lib/python3.12/site-packages/airflow/example_dags/example_short_circuit_decorator.py
[2026-04-10T10:01:05.390+0900] {logging_mixin.py:190} INFO - [2026-04-10T10:01:05.390+0900] {dag.py:3211} INFO - Sync 1 DAGs
[2026-04-10T10:01:05.406+0900] {logging_mixin.py:190} INFO - [2026-04-10T10:01:05.406+0900] {dag.py:4138} INFO - Setting next_dagrun for example_short_circuit_decorator to 2026-04-09 00:00:00+00:00, run_after=2026-04-10 00:00:00+00:00
[2026-04-10T10:01:05.422+0900] {processor.py:208} INFO - Processing /home/airflow/.local/lib/python3.12/site-packages/airflow/example_dags/example_short_circuit_decorator.py took 0.067 seconds
[2026-04-10T10:01:35.606+0900] {processor.py:186} INFO - Started process (PID=153045) to work on /home/airflow/.local/lib/python3.12/site-packages/airflow/example_dags/example_short_circuit_decorator.py
[2026-04-10T10:01:35.607+0900] {processor.py:914} INFO - Processing file /home/airflow/.local/lib/python3.12/site-packages/airflow/example_dags/example_short_circuit_decorator.py for tasks to queue
[2026-04-10T10:01:35.610+0900] {logging_mixin.py:190} INFO - [2026-04-10T10:01:35.609+0900] {dagbag.py:587} INFO - Filling up the DagBag from /home/airflow/.local/lib/python3.12/site-packages/airflow/example_dags/example_short_circuit_decorator.py
[2026-04-10T10:01:35.617+0900] {processor.py:925} INFO - DAG(s) 'example_short_circuit_decorator' retrieved from /home/airflow/.local/lib/python3.12/site-packages/airflow/example_dags/example_short_circuit_decorator.py
[2026-04-10T10:01:35.634+0900] {logging_mixin.py:190} INFO - [2026-04-10T10:01:35.634+0900] {dag.py:3211} INFO - Sync 1 DAGs
[2026-04-10T10:01:35.650+0900] {logging_mixin.py:190} INFO - [2026-04-10T10:01:35.650+0900] {dag.py:4138} INFO - Setting next_dagrun for example_short_circuit_decorator to 2026-04-09 00:00:00+00:00, run_after=2026-04-10 00:00:00+00:00
[2026-04-10T10:01:35.669+0900] {processor.py:208} INFO - Processing /home/airflow/.local/lib/python3.12/site-packages/airflow/example_dags/example_short_circuit_decorator.py took 0.068 seconds
[2026-04-10T10:02:06.010+0900] {processor.py:186} INFO - Started process (PID=153108) to work on /home/airflow/.local/lib/python3.12/site-packages/airflow/example_dags/example_short_circuit_decorator.py
[2026-04-10T10:02:06.011+0900] {processor.py:914} INFO - Processing file /home/airflow/.local/lib/python3.12/site-packages/airflow/example_dags/example_short_circuit_decorator.py for tasks to queue
[2026-04-10T10:02:06.013+0900] {logging_mixin.py:190} INFO - [2026-04-10T10:02:06.013+0900] {dagbag.py:587} INFO - Filling up the DagBag from /home/airflow/.local/lib/python3.12/site-packages/airflow/example_dags/example_short_circuit_decorator.py
[2026-04-10T10:02:06.021+0900] {processor.py:925} INFO - DAG(s) 'example_short_circuit_decorator' retrieved from /home/airflow/.local/lib/python3.12/site-packages/airflow/example_dags/example_short_circuit_decorator.py
[2026-04-10T10:02:06.039+0900] {logging_mixin.py:190} INFO - [2026-04-10T10:02:06.039+0900] {dag.py:3211} INFO - Sync 1 DAGs
[2026-04-10T10:02:06.058+0900] {logging_mixin.py:190} INFO - [2026-04-10T10:02:06.058+0900] {dag.py:4138} INFO - Setting next_dagrun for example_short_circuit_decorator to 2026-04-09 00:00:00+00:00, run_after=2026-04-10 00:00:00+00:00
[2026-04-10T10:02:06.077+0900] {processor.py:208} INFO - Processing /home/airflow/.local/lib/python3.12/site-packages/airflow/example_dags/example_short_circuit_decorator.py took 0.072 seconds
[2026-04-10T10:02:36.401+0900] {processor.py:186} INFO - Started process (PID=153171) to work on /home/airflow/.local/lib/python3.12/site-packages/airflow/example_dags/example_short_circuit_decorator.py
[2026-04-10T10:02:36.402+0900] {processor.py:914} INFO - Processing file /home/airflow/.local/lib/python3.12/site-packages/airflow/example_dags/example_short_circuit_decorator.py for tasks to queue
[2026-04-10T10:02:36.405+0900] {logging_mixin.py:190} INFO - [2026-04-10T10:02:36.405+0900] {dagbag.py:587} INFO - Filling up the DagBag from /home/airflow/.local/lib/python3.12/site-packages/airflow/example_dags/example_short_circuit_decorator.py
[2026-04-10T10:02:36.413+0900] {processor.py:925} INFO - DAG(s) 'example_short_circuit_decorator' retrieved from /home/airflow/.local/lib/python3.12/site-packages/airflow/example_dags/example_short_circuit_decorator.py
[2026-04-10T10:02:36.430+0900] {logging_mixin.py:190} INFO - [2026-04-10T10:02:36.430+0900] {dag.py:3211} INFO - Sync 1 DAGs
[2026-04-10T10:02:36.448+0900] {logging_mixin.py:190} INFO - [2026-04-10T10:02:36.448+0900] {dag.py:4138} INFO - Setting next_dagrun for example_short_circuit_decorator to 2026-04-09 00:00:00+00:00, run_after=2026-04-10 00:00:00+00:00
[2026-04-10T10:02:36.463+0900] {processor.py:208} INFO - Processing /home/airflow/.local/lib/python3.12/site-packages/airflow/example_dags/example_short_circuit_decorator.py took 0.066 seconds
[2026-04-10T10:03:06.854+0900] {processor.py:186} INFO - Started process (PID=153234) to work on /home/airflow/.local/lib/python3.12/site-packages/airflow/example_dags/example_short_circuit_decorator.py
[2026-04-10T10:03:06.856+0900] {processor.py:914} INFO - Processing file /home/airflow/.local/lib/python3.12/site-packages/airflow/example_dags/example_short_circuit_decorator.py for tasks to queue
[2026-04-10T10:03:06.858+0900] {logging_mixin.py:190} INFO - [2026-04-10T10:03:06.858+0900] {dagbag.py:587} INFO - Filling up the DagBag from /home/airflow/.local/lib/python3.12/site-packages/airflow/example_dags/example_short_circuit_decorator.py
[2026-04-10T10:03:06.867+0900] {processor.py:925} INFO - DAG(s) 'example_short_circuit_decorator' retrieved from /home/airflow/.local/lib/python3.12/site-packages/airflow/example_dags/example_short_circuit_decorator.py
[2026-04-10T10:03:06.885+0900] {logging_mixin.py:190} INFO - [2026-04-10T10:03:06.885+0900] {dag.py:3211} INFO - Sync 1 DAGs
[2026-04-10T10:03:06.902+0900] {logging_mixin.py:190} INFO - [2026-04-10T10:03:06.902+0900] {dag.py:4138} INFO - Setting next_dagrun for example_short_circuit_decorator to 2026-04-09 00:00:00+00:00, run_after=2026-04-10 00:00:00+00:00
[2026-04-10T10:03:06.916+0900] {processor.py:208} INFO - Processing /home/airflow/.local/lib/python3.12/site-packages/airflow/example_dags/example_short_circuit_decorator.py took 0.067 seconds
[2026-04-10T10:03:36.978+0900] {processor.py:186} INFO - Started process (PID=153297) to work on /home/airflow/.local/lib/python3.12/site-packages/airflow/example_dags/example_short_circuit_decorator.py
[2026-04-10T10:03:36.979+0900] {processor.py:914} INFO - Processing file /home/airflow/.local/lib/python3.12/site-packages/airflow/example_dags/example_short_circuit_decorator.py for tasks to queue
[2026-04-10T10:03:36.982+0900] {logging_mixin.py:190} INFO - [2026-04-10T10:03:36.981+0900] {dagbag.py:587} INFO - Filling up the DagBag from /home/airflow/.local/lib/python3.12/site-packages/airflow/example_dags/example_short_circuit_decorator.py
[2026-04-10T10:03:36.991+0900] {processor.py:925} INFO - DAG(s) 'example_short_circuit_decorator' retrieved from /home/airflow/.local/lib/python3.12/site-packages/airflow/example_dags/example_short_circuit_decorator.py
[2026-04-10T10:03:37.010+0900] {logging_mixin.py:190} INFO - [2026-04-10T10:03:37.009+0900] {dag.py:3211} INFO - Sync 1 DAGs
[2026-04-10T10:03:37.026+0900] {logging_mixin.py:190} INFO - [2026-04-10T10:03:37.026+0900] {dag.py:4138} INFO - Setting next_dagrun for example_short_circuit_decorator to 2026-04-09 00:00:00+00:00, run_after=2026-04-10 00:00:00+00:00
[2026-04-10T10:03:37.040+0900] {processor.py:208} INFO - Processing /home/airflow/.local/lib/python3.12/site-packages/airflow/example_dags/example_short_circuit_decorator.py took 0.067 seconds
[2026-04-10T10:04:07.432+0900] {processor.py:186} INFO - Started process (PID=153360) to work on /home/airflow/.local/lib/python3.12/site-packages/airflow/example_dags/example_short_circuit_decorator.py
[2026-04-10T10:04:07.433+0900] {processor.py:914} INFO - Processing file /home/airflow/.local/lib/python3.12/site-packages/airflow/example_dags/example_short_circuit_decorator.py for tasks to queue
[2026-04-10T10:04:07.435+0900] {logging_mixin.py:190} INFO - [2026-04-10T10:04:07.435+0900] {dagbag.py:587} INFO - Filling up the DagBag from /home/airflow/.local/lib/python3.12/site-packages/airflow/example_dags/example_short_circuit_decorator.py
[2026-04-10T10:04:07.443+0900] {processor.py:925} INFO - DAG(s) 'example_short_circuit_decorator' retrieved from /home/airflow/.local/lib/python3.12/site-packages/airflow/example_dags/example_short_circuit_decorator.py
[2026-04-10T10:04:07.461+0900] {logging_mixin.py:190} INFO - [2026-04-10T10:04:07.461+0900] {dag.py:3211} INFO - Sync 1 DAGs
[2026-04-10T10:04:07.479+0900] {logging_mixin.py:190} INFO - [2026-04-10T10:04:07.479+0900] {dag.py:4138} INFO - Setting next_dagrun for example_short_circuit_decorator to 2026-04-09 00:00:00+00:00, run_after=2026-04-10 00:00:00+00:00
[2026-04-10T10:04:07.495+0900] {processor.py:208} INFO - Processing /home/airflow/.local/lib/python3.12/site-packages/airflow/example_dags/example_short_circuit_decorator.py took 0.068 seconds
[2026-04-10T10:04:38.028+0900] {processor.py:186} INFO - Started process (PID=153423) to work on /home/airflow/.local/lib/python3.12/site-packages/airflow/example_dags/example_short_circuit_decorator.py
[2026-04-10T10:04:38.032+0900] {processor.py:914} INFO - Processing file /home/airflow/.local/lib/python3.12/site-packages/airflow/example_dags/example_short_circuit_decorator.py for tasks to queue
[2026-04-10T10:04:38.040+0900] {logging_mixin.py:190} INFO - [2026-04-10T10:04:38.039+0900] {dagbag.py:587} INFO - Filling up the DagBag from /home/airflow/.local/lib/python3.12/site-packages/airflow/example_dags/example_short_circuit_decorator.py
[2026-04-10T10:04:38.080+0900] {processor.py:925} INFO - DAG(s) 'example_short_circuit_decorator' retrieved from /home/airflow/.local/lib/python3.12/site-packages/airflow/example_dags/example_short_circuit_decorator.py
[2026-04-10T10:04:38.204+0900] {logging_mixin.py:190} INFO - [2026-04-10T10:04:38.203+0900] {dag.py:3211} INFO - Sync 1 DAGs
[2026-04-10T10:04:38.310+0900] {logging_mixin.py:190} INFO - [2026-04-10T10:04:38.309+0900] {dag.py:4138} INFO - Setting next_dagrun for example_short_circuit_decorator to 2026-04-09 00:00:00+00:00, run_after=2026-04-10 00:00:00+00:00
[2026-04-10T10:04:38.401+0900] {processor.py:208} INFO - Processing /home/airflow/.local/lib/python3.12/site-packages/airflow/example_dags/example_short_circuit_decorator.py took 0.394 seconds
[2026-04-10T10:05:08.976+0900] {processor.py:186} INFO - Started process (PID=153492) to work on /home/airflow/.local/lib/python3.12/site-packages/airflow/example_dags/example_short_circuit_decorator.py
[2026-04-10T10:05:08.977+0900] {processor.py:914} INFO - Processing file /home/airflow/.local/lib/python3.12/site-packages/airflow/example_dags/example_short_circuit_decorator.py for tasks to queue
[2026-04-10T10:05:08.980+0900] {logging_mixin.py:190} INFO - [2026-04-10T10:05:08.980+0900] {dagbag.py:587} INFO - Filling up the DagBag from /home/airflow/.local/lib/python3.12/site-packages/airflow/example_dags/example_short_circuit_decorator.py
[2026-04-10T10:05:08.993+0900] {processor.py:925} INFO - DAG(s) 'example_short_circuit_decorator' retrieved from /home/airflow/.local/lib/python3.12/site-packages/airflow/example_dags/example_short_circuit_decorator.py
[2026-04-10T10:05:09.019+0900] {logging_mixin.py:190} INFO - [2026-04-10T10:05:09.018+0900] {dag.py:3211} INFO - Sync 1 DAGs
[2026-04-10T10:05:09.042+0900] {logging_mixin.py:190} INFO - [2026-04-10T10:05:09.041+0900] {dag.py:4138} INFO - Setting next_dagrun for example_short_circuit_decorator to 2026-04-09 00:00:00+00:00, run_after=2026-04-10 00:00:00+00:00
[2026-04-10T10:05:09.071+0900] {processor.py:208} INFO - Processing /home/airflow/.local/lib/python3.12/site-packages/airflow/example_dags/example_short_circuit_decorator.py took 0.102 seconds
[2026-04-10T10:05:39.345+0900] {processor.py:186} INFO - Started process (PID=153555) to work on /home/airflow/.local/lib/python3.12/site-packages/airflow/example_dags/example_short_circuit_decorator.py
[2026-04-10T10:05:39.347+0900] {processor.py:914} INFO - Processing file /home/airflow/.local/lib/python3.12/site-packages/airflow/example_dags/example_short_circuit_decorator.py for tasks to queue
[2026-04-10T10:05:39.353+0900] {logging_mixin.py:190} INFO - [2026-04-10T10:05:39.352+0900] {dagbag.py:587} INFO - Filling up the DagBag from /home/airflow/.local/lib/python3.12/site-packages/airflow/example_dags/example_short_circuit_decorator.py
[2026-04-10T10:05:39.372+0900] {processor.py:925} INFO - DAG(s) 'example_short_circuit_decorator' retrieved from /home/airflow/.local/lib/python3.12/site-packages/airflow/example_dags/example_short_circuit_decorator.py
[2026-04-10T10:05:39.402+0900] {logging_mixin.py:190} INFO - [2026-04-10T10:05:39.402+0900] {dag.py:3211} INFO - Sync 1 DAGs
[2026-04-10T10:05:39.430+0900] {logging_mixin.py:190} INFO - [2026-04-10T10:05:39.430+0900] {dag.py:4138} INFO - Setting next_dagrun for example_short_circuit_decorator to 2026-04-09 00:00:00+00:00, run_after=2026-04-10 00:00:00+00:00
[2026-04-10T10:05:39.460+0900] {processor.py:208} INFO - Processing /home/airflow/.local/lib/python3.12/site-packages/airflow/example_dags/example_short_circuit_decorator.py took 0.127 seconds
[2026-04-10T10:06:09.534+0900] {processor.py:186} INFO - Started process (PID=153618) to work on /home/airflow/.local/lib/python3.12/site-packages/airflow/example_dags/example_short_circuit_decorator.py
[2026-04-10T10:06:09.535+0900] {processor.py:914} INFO - Processing file /home/airflow/.local/lib/python3.12/site-packages/airflow/example_dags/example_short_circuit_decorator.py for tasks to queue
[2026-04-10T10:06:09.537+0900] {logging_mixin.py:190} INFO - [2026-04-10T10:06:09.537+0900] {dagbag.py:587} INFO - Filling up the DagBag from /home/airflow/.local/lib/python3.12/site-packages/airflow/example_dags/example_short_circuit_decorator.py
[2026-04-10T10:06:09.548+0900] {processor.py:925} INFO - DAG(s) 'example_short_circuit_decorator' retrieved from /home/airflow/.local/lib/python3.12/site-packages/airflow/example_dags/example_short_circuit_decorator.py
[2026-04-10T10:06:09.568+0900] {logging_mixin.py:190} INFO - [2026-04-10T10:06:09.568+0900] {dag.py:3211} INFO - Sync 1 DAGs
[2026-04-10T10:06:09.587+0900] {logging_mixin.py:190} INFO - [2026-04-10T10:06:09.586+0900] {dag.py:4138} INFO - Setting next_dagrun for example_short_circuit_decorator to 2026-04-09 00:00:00+00:00, run_after=2026-04-10 00:00:00+00:00
[2026-04-10T10:06:09.603+0900] {processor.py:208} INFO - Processing /home/airflow/.local/lib/python3.12/site-packages/airflow/example_dags/example_short_circuit_decorator.py took 0.076 seconds
[2026-04-10T10:06:39.924+0900] {processor.py:186} INFO - Started process (PID=153681) to work on /home/airflow/.local/lib/python3.12/site-packages/airflow/example_dags/example_short_circuit_decorator.py
[2026-04-10T10:06:39.926+0900] {processor.py:914} INFO - Processing file /home/airflow/.local/lib/python3.12/site-packages/airflow/example_dags/example_short_circuit_decorator.py for tasks to queue
[2026-04-10T10:06:39.932+0900] {logging_mixin.py:190} INFO - [2026-04-10T10:06:39.931+0900] {dagbag.py:587} INFO - Filling up the DagBag from /home/airflow/.local/lib/python3.12/site-packages/airflow/example_dags/example_short_circuit_decorator.py
[2026-04-10T10:06:39.959+0900] {processor.py:925} INFO - DAG(s) 'example_short_circuit_decorator' retrieved from /home/airflow/.local/lib/python3.12/site-packages/airflow/example_dags/example_short_circuit_decorator.py
[2026-04-10T10:06:40.009+0900] {logging_mixin.py:190} INFO - [2026-04-10T10:06:40.008+0900] {dag.py:3211} INFO - Sync 1 DAGs
[2026-04-10T10:06:40.059+0900] {logging_mixin.py:190} INFO - [2026-04-10T10:06:40.059+0900] {dag.py:4138} INFO - Setting next_dagrun for example_short_circuit_decorator to 2026-04-09 00:00:00+00:00, run_after=2026-04-10 00:00:00+00:00
[2026-04-10T10:06:40.101+0900] {processor.py:208} INFO - Processing /home/airflow/.local/lib/python3.12/site-packages/airflow/example_dags/example_short_circuit_decorator.py took 0.193 seconds
