[2026-04-10T09:00:04.476+0900] {processor.py:186} INFO - Started process (PID=145437) to work on /home/airflow/.local/lib/python3.12/site-packages/airflow/example_dags/example_sensors.py
[2026-04-10T09:00:04.477+0900] {processor.py:914} INFO - Processing file /home/airflow/.local/lib/python3.12/site-packages/airflow/example_dags/example_sensors.py for tasks to queue
[2026-04-10T09:00:04.480+0900] {logging_mixin.py:190} INFO - [2026-04-10T09:00:04.480+0900] {dagbag.py:587} INFO - Filling up the DagBag from /home/airflow/.local/lib/python3.12/site-packages/airflow/example_dags/example_sensors.py
[2026-04-10T09:00:04.489+0900] {processor.py:925} INFO - DAG(s) 'example_sensors' retrieved from /home/airflow/.local/lib/python3.12/site-packages/airflow/example_dags/example_sensors.py
[2026-04-10T09:00:04.512+0900] {logging_mixin.py:190} INFO - [2026-04-10T09:00:04.512+0900] {dag.py:3211} INFO - Sync 1 DAGs
[2026-04-10T09:00:04.523+0900] {logging_mixin.py:190} INFO - [2026-04-10T09:00:04.522+0900] {dag.py:4138} INFO - Setting next_dagrun for example_sensors to None, run_after=None
[2026-04-10T09:00:04.539+0900] {processor.py:208} INFO - Processing /home/airflow/.local/lib/python3.12/site-packages/airflow/example_dags/example_sensors.py took 0.068 seconds
[2026-04-10T09:00:34.644+0900] {processor.py:186} INFO - Started process (PID=145499) to work on /home/airflow/.local/lib/python3.12/site-packages/airflow/example_dags/example_sensors.py
[2026-04-10T09:00:34.645+0900] {processor.py:914} INFO - Processing file /home/airflow/.local/lib/python3.12/site-packages/airflow/example_dags/example_sensors.py for tasks to queue
[2026-04-10T09:00:34.648+0900] {logging_mixin.py:190} INFO - [2026-04-10T09:00:34.648+0900] {dagbag.py:587} INFO - Filling up the DagBag from /home/airflow/.local/lib/python3.12/site-packages/airflow/example_dags/example_sensors.py
[2026-04-10T09:00:34.659+0900] {processor.py:925} INFO - DAG(s) 'example_sensors' retrieved from /home/airflow/.local/lib/python3.12/site-packages/airflow/example_dags/example_sensors.py
[2026-04-10T09:00:34.687+0900] {logging_mixin.py:190} INFO - [2026-04-10T09:00:34.687+0900] {dag.py:3211} INFO - Sync 1 DAGs
[2026-04-10T09:00:34.698+0900] {logging_mixin.py:190} INFO - [2026-04-10T09:00:34.698+0900] {dag.py:4138} INFO - Setting next_dagrun for example_sensors to None, run_after=None
[2026-04-10T09:00:34.713+0900] {processor.py:208} INFO - Processing /home/airflow/.local/lib/python3.12/site-packages/airflow/example_dags/example_sensors.py took 0.074 seconds
[2026-04-10T09:01:04.816+0900] {processor.py:186} INFO - Started process (PID=145562) to work on /home/airflow/.local/lib/python3.12/site-packages/airflow/example_dags/example_sensors.py
[2026-04-10T09:01:04.817+0900] {processor.py:914} INFO - Processing file /home/airflow/.local/lib/python3.12/site-packages/airflow/example_dags/example_sensors.py for tasks to queue
[2026-04-10T09:01:04.821+0900] {logging_mixin.py:190} INFO - [2026-04-10T09:01:04.821+0900] {dagbag.py:587} INFO - Filling up the DagBag from /home/airflow/.local/lib/python3.12/site-packages/airflow/example_dags/example_sensors.py
[2026-04-10T09:01:04.834+0900] {processor.py:925} INFO - DAG(s) 'example_sensors' retrieved from /home/airflow/.local/lib/python3.12/site-packages/airflow/example_dags/example_sensors.py
[2026-04-10T09:01:04.861+0900] {logging_mixin.py:190} INFO - [2026-04-10T09:01:04.860+0900] {dag.py:3211} INFO - Sync 1 DAGs
[2026-04-10T09:01:04.874+0900] {logging_mixin.py:190} INFO - [2026-04-10T09:01:04.874+0900] {dag.py:4138} INFO - Setting next_dagrun for example_sensors to None, run_after=None
[2026-04-10T09:01:04.893+0900] {processor.py:208} INFO - Processing /home/airflow/.local/lib/python3.12/site-packages/airflow/example_dags/example_sensors.py took 0.083 seconds
[2026-04-10T09:01:35.062+0900] {processor.py:186} INFO - Started process (PID=145625) to work on /home/airflow/.local/lib/python3.12/site-packages/airflow/example_dags/example_sensors.py
[2026-04-10T09:01:35.063+0900] {processor.py:914} INFO - Processing file /home/airflow/.local/lib/python3.12/site-packages/airflow/example_dags/example_sensors.py for tasks to queue
[2026-04-10T09:01:35.065+0900] {logging_mixin.py:190} INFO - [2026-04-10T09:01:35.065+0900] {dagbag.py:587} INFO - Filling up the DagBag from /home/airflow/.local/lib/python3.12/site-packages/airflow/example_dags/example_sensors.py
[2026-04-10T09:01:35.075+0900] {processor.py:925} INFO - DAG(s) 'example_sensors' retrieved from /home/airflow/.local/lib/python3.12/site-packages/airflow/example_dags/example_sensors.py
[2026-04-10T09:01:35.103+0900] {logging_mixin.py:190} INFO - [2026-04-10T09:01:35.103+0900] {dag.py:3211} INFO - Sync 1 DAGs
[2026-04-10T09:01:35.119+0900] {logging_mixin.py:190} INFO - [2026-04-10T09:01:35.119+0900] {dag.py:4138} INFO - Setting next_dagrun for example_sensors to None, run_after=None
[2026-04-10T09:01:35.141+0900] {processor.py:208} INFO - Processing /home/airflow/.local/lib/python3.12/site-packages/airflow/example_dags/example_sensors.py took 0.083 seconds
[2026-04-10T09:02:05.300+0900] {processor.py:186} INFO - Started process (PID=145688) to work on /home/airflow/.local/lib/python3.12/site-packages/airflow/example_dags/example_sensors.py
[2026-04-10T09:02:05.301+0900] {processor.py:914} INFO - Processing file /home/airflow/.local/lib/python3.12/site-packages/airflow/example_dags/example_sensors.py for tasks to queue
[2026-04-10T09:02:05.303+0900] {logging_mixin.py:190} INFO - [2026-04-10T09:02:05.303+0900] {dagbag.py:587} INFO - Filling up the DagBag from /home/airflow/.local/lib/python3.12/site-packages/airflow/example_dags/example_sensors.py
[2026-04-10T09:02:05.311+0900] {processor.py:925} INFO - DAG(s) 'example_sensors' retrieved from /home/airflow/.local/lib/python3.12/site-packages/airflow/example_dags/example_sensors.py
[2026-04-10T09:02:05.331+0900] {logging_mixin.py:190} INFO - [2026-04-10T09:02:05.331+0900] {dag.py:3211} INFO - Sync 1 DAGs
[2026-04-10T09:02:05.341+0900] {logging_mixin.py:190} INFO - [2026-04-10T09:02:05.341+0900] {dag.py:4138} INFO - Setting next_dagrun for example_sensors to None, run_after=None
[2026-04-10T09:02:05.359+0900] {processor.py:208} INFO - Processing /home/airflow/.local/lib/python3.12/site-packages/airflow/example_dags/example_sensors.py took 0.063 seconds
[2026-04-10T09:02:35.537+0900] {processor.py:186} INFO - Started process (PID=145751) to work on /home/airflow/.local/lib/python3.12/site-packages/airflow/example_dags/example_sensors.py
[2026-04-10T09:02:35.538+0900] {processor.py:914} INFO - Processing file /home/airflow/.local/lib/python3.12/site-packages/airflow/example_dags/example_sensors.py for tasks to queue
[2026-04-10T09:02:35.540+0900] {logging_mixin.py:190} INFO - [2026-04-10T09:02:35.540+0900] {dagbag.py:587} INFO - Filling up the DagBag from /home/airflow/.local/lib/python3.12/site-packages/airflow/example_dags/example_sensors.py
[2026-04-10T09:02:35.550+0900] {processor.py:925} INFO - DAG(s) 'example_sensors' retrieved from /home/airflow/.local/lib/python3.12/site-packages/airflow/example_dags/example_sensors.py
[2026-04-10T09:02:35.570+0900] {logging_mixin.py:190} INFO - [2026-04-10T09:02:35.570+0900] {dag.py:3211} INFO - Sync 1 DAGs
[2026-04-10T09:02:35.580+0900] {logging_mixin.py:190} INFO - [2026-04-10T09:02:35.580+0900] {dag.py:4138} INFO - Setting next_dagrun for example_sensors to None, run_after=None
[2026-04-10T09:02:35.597+0900] {processor.py:208} INFO - Processing /home/airflow/.local/lib/python3.12/site-packages/airflow/example_dags/example_sensors.py took 0.065 seconds
[2026-04-10T09:03:06.396+0900] {processor.py:186} INFO - Started process (PID=145814) to work on /home/airflow/.local/lib/python3.12/site-packages/airflow/example_dags/example_sensors.py
[2026-04-10T09:03:06.398+0900] {processor.py:914} INFO - Processing file /home/airflow/.local/lib/python3.12/site-packages/airflow/example_dags/example_sensors.py for tasks to queue
[2026-04-10T09:03:06.400+0900] {logging_mixin.py:190} INFO - [2026-04-10T09:03:06.400+0900] {dagbag.py:587} INFO - Filling up the DagBag from /home/airflow/.local/lib/python3.12/site-packages/airflow/example_dags/example_sensors.py
[2026-04-10T09:03:06.408+0900] {processor.py:925} INFO - DAG(s) 'example_sensors' retrieved from /home/airflow/.local/lib/python3.12/site-packages/airflow/example_dags/example_sensors.py
[2026-04-10T09:03:06.429+0900] {logging_mixin.py:190} INFO - [2026-04-10T09:03:06.429+0900] {dag.py:3211} INFO - Sync 1 DAGs
[2026-04-10T09:03:06.439+0900] {logging_mixin.py:190} INFO - [2026-04-10T09:03:06.438+0900] {dag.py:4138} INFO - Setting next_dagrun for example_sensors to None, run_after=None
[2026-04-10T09:03:06.454+0900] {processor.py:208} INFO - Processing /home/airflow/.local/lib/python3.12/site-packages/airflow/example_dags/example_sensors.py took 0.062 seconds
[2026-04-10T09:03:37.205+0900] {processor.py:186} INFO - Started process (PID=145877) to work on /home/airflow/.local/lib/python3.12/site-packages/airflow/example_dags/example_sensors.py
[2026-04-10T09:03:37.206+0900] {processor.py:914} INFO - Processing file /home/airflow/.local/lib/python3.12/site-packages/airflow/example_dags/example_sensors.py for tasks to queue
[2026-04-10T09:03:37.208+0900] {logging_mixin.py:190} INFO - [2026-04-10T09:03:37.208+0900] {dagbag.py:587} INFO - Filling up the DagBag from /home/airflow/.local/lib/python3.12/site-packages/airflow/example_dags/example_sensors.py
[2026-04-10T09:03:37.216+0900] {processor.py:925} INFO - DAG(s) 'example_sensors' retrieved from /home/airflow/.local/lib/python3.12/site-packages/airflow/example_dags/example_sensors.py
[2026-04-10T09:03:37.237+0900] {logging_mixin.py:190} INFO - [2026-04-10T09:03:37.237+0900] {dag.py:3211} INFO - Sync 1 DAGs
[2026-04-10T09:03:37.247+0900] {logging_mixin.py:190} INFO - [2026-04-10T09:03:37.247+0900] {dag.py:4138} INFO - Setting next_dagrun for example_sensors to None, run_after=None
[2026-04-10T09:03:37.260+0900] {processor.py:208} INFO - Processing /home/airflow/.local/lib/python3.12/site-packages/airflow/example_dags/example_sensors.py took 0.060 seconds
[2026-04-10T09:04:07.479+0900] {processor.py:186} INFO - Started process (PID=145940) to work on /home/airflow/.local/lib/python3.12/site-packages/airflow/example_dags/example_sensors.py
[2026-04-10T09:04:07.480+0900] {processor.py:914} INFO - Processing file /home/airflow/.local/lib/python3.12/site-packages/airflow/example_dags/example_sensors.py for tasks to queue
[2026-04-10T09:04:07.481+0900] {logging_mixin.py:190} INFO - [2026-04-10T09:04:07.481+0900] {dagbag.py:587} INFO - Filling up the DagBag from /home/airflow/.local/lib/python3.12/site-packages/airflow/example_dags/example_sensors.py
[2026-04-10T09:04:07.491+0900] {processor.py:925} INFO - DAG(s) 'example_sensors' retrieved from /home/airflow/.local/lib/python3.12/site-packages/airflow/example_dags/example_sensors.py
[2026-04-10T09:04:07.510+0900] {logging_mixin.py:190} INFO - [2026-04-10T09:04:07.510+0900] {dag.py:3211} INFO - Sync 1 DAGs
[2026-04-10T09:04:07.520+0900] {logging_mixin.py:190} INFO - [2026-04-10T09:04:07.520+0900] {dag.py:4138} INFO - Setting next_dagrun for example_sensors to None, run_after=None
[2026-04-10T09:04:07.534+0900] {processor.py:208} INFO - Processing /home/airflow/.local/lib/python3.12/site-packages/airflow/example_dags/example_sensors.py took 0.060 seconds
[2026-04-10T09:04:37.745+0900] {processor.py:186} INFO - Started process (PID=146003) to work on /home/airflow/.local/lib/python3.12/site-packages/airflow/example_dags/example_sensors.py
[2026-04-10T09:04:37.746+0900] {processor.py:914} INFO - Processing file /home/airflow/.local/lib/python3.12/site-packages/airflow/example_dags/example_sensors.py for tasks to queue
[2026-04-10T09:04:37.748+0900] {logging_mixin.py:190} INFO - [2026-04-10T09:04:37.748+0900] {dagbag.py:587} INFO - Filling up the DagBag from /home/airflow/.local/lib/python3.12/site-packages/airflow/example_dags/example_sensors.py
[2026-04-10T09:04:37.757+0900] {processor.py:925} INFO - DAG(s) 'example_sensors' retrieved from /home/airflow/.local/lib/python3.12/site-packages/airflow/example_dags/example_sensors.py
[2026-04-10T09:04:37.779+0900] {logging_mixin.py:190} INFO - [2026-04-10T09:04:37.778+0900] {dag.py:3211} INFO - Sync 1 DAGs
[2026-04-10T09:04:37.791+0900] {logging_mixin.py:190} INFO - [2026-04-10T09:04:37.791+0900] {dag.py:4138} INFO - Setting next_dagrun for example_sensors to None, run_after=None
[2026-04-10T09:04:37.807+0900] {processor.py:208} INFO - Processing /home/airflow/.local/lib/python3.12/site-packages/airflow/example_dags/example_sensors.py took 0.067 seconds
[2026-04-10T09:05:08.638+0900] {processor.py:186} INFO - Started process (PID=146066) to work on /home/airflow/.local/lib/python3.12/site-packages/airflow/example_dags/example_sensors.py
[2026-04-10T09:05:08.639+0900] {processor.py:914} INFO - Processing file /home/airflow/.local/lib/python3.12/site-packages/airflow/example_dags/example_sensors.py for tasks to queue
[2026-04-10T09:05:08.641+0900] {logging_mixin.py:190} INFO - [2026-04-10T09:05:08.641+0900] {dagbag.py:587} INFO - Filling up the DagBag from /home/airflow/.local/lib/python3.12/site-packages/airflow/example_dags/example_sensors.py
[2026-04-10T09:05:08.650+0900] {processor.py:925} INFO - DAG(s) 'example_sensors' retrieved from /home/airflow/.local/lib/python3.12/site-packages/airflow/example_dags/example_sensors.py
[2026-04-10T09:05:08.669+0900] {logging_mixin.py:190} INFO - [2026-04-10T09:05:08.669+0900] {dag.py:3211} INFO - Sync 1 DAGs
[2026-04-10T09:05:08.679+0900] {logging_mixin.py:190} INFO - [2026-04-10T09:05:08.679+0900] {dag.py:4138} INFO - Setting next_dagrun for example_sensors to None, run_after=None
[2026-04-10T09:05:08.694+0900] {processor.py:208} INFO - Processing /home/airflow/.local/lib/python3.12/site-packages/airflow/example_dags/example_sensors.py took 0.061 seconds
[2026-04-10T09:05:38.785+0900] {processor.py:186} INFO - Started process (PID=146129) to work on /home/airflow/.local/lib/python3.12/site-packages/airflow/example_dags/example_sensors.py
[2026-04-10T09:05:38.786+0900] {processor.py:914} INFO - Processing file /home/airflow/.local/lib/python3.12/site-packages/airflow/example_dags/example_sensors.py for tasks to queue
[2026-04-10T09:05:38.789+0900] {logging_mixin.py:190} INFO - [2026-04-10T09:05:38.789+0900] {dagbag.py:587} INFO - Filling up the DagBag from /home/airflow/.local/lib/python3.12/site-packages/airflow/example_dags/example_sensors.py
[2026-04-10T09:05:38.798+0900] {processor.py:925} INFO - DAG(s) 'example_sensors' retrieved from /home/airflow/.local/lib/python3.12/site-packages/airflow/example_dags/example_sensors.py
[2026-04-10T09:05:38.820+0900] {logging_mixin.py:190} INFO - [2026-04-10T09:05:38.820+0900] {dag.py:3211} INFO - Sync 1 DAGs
[2026-04-10T09:05:38.830+0900] {logging_mixin.py:190} INFO - [2026-04-10T09:05:38.830+0900] {dag.py:4138} INFO - Setting next_dagrun for example_sensors to None, run_after=None
[2026-04-10T09:05:38.845+0900] {processor.py:208} INFO - Processing /home/airflow/.local/lib/python3.12/site-packages/airflow/example_dags/example_sensors.py took 0.065 seconds
[2026-04-10T09:06:08.962+0900] {processor.py:186} INFO - Started process (PID=146192) to work on /home/airflow/.local/lib/python3.12/site-packages/airflow/example_dags/example_sensors.py
[2026-04-10T09:06:08.963+0900] {processor.py:914} INFO - Processing file /home/airflow/.local/lib/python3.12/site-packages/airflow/example_dags/example_sensors.py for tasks to queue
[2026-04-10T09:06:08.966+0900] {logging_mixin.py:190} INFO - [2026-04-10T09:06:08.965+0900] {dagbag.py:587} INFO - Filling up the DagBag from /home/airflow/.local/lib/python3.12/site-packages/airflow/example_dags/example_sensors.py
[2026-04-10T09:06:08.976+0900] {processor.py:925} INFO - DAG(s) 'example_sensors' retrieved from /home/airflow/.local/lib/python3.12/site-packages/airflow/example_dags/example_sensors.py
[2026-04-10T09:06:08.996+0900] {logging_mixin.py:190} INFO - [2026-04-10T09:06:08.996+0900] {dag.py:3211} INFO - Sync 1 DAGs
[2026-04-10T09:06:09.006+0900] {logging_mixin.py:190} INFO - [2026-04-10T09:06:09.005+0900] {dag.py:4138} INFO - Setting next_dagrun for example_sensors to None, run_after=None
[2026-04-10T09:06:09.019+0900] {processor.py:208} INFO - Processing /home/airflow/.local/lib/python3.12/site-packages/airflow/example_dags/example_sensors.py took 0.062 seconds
[2026-04-10T09:06:39.705+0900] {processor.py:186} INFO - Started process (PID=146255) to work on /home/airflow/.local/lib/python3.12/site-packages/airflow/example_dags/example_sensors.py
[2026-04-10T09:06:39.706+0900] {processor.py:914} INFO - Processing file /home/airflow/.local/lib/python3.12/site-packages/airflow/example_dags/example_sensors.py for tasks to queue
[2026-04-10T09:06:39.708+0900] {logging_mixin.py:190} INFO - [2026-04-10T09:06:39.708+0900] {dagbag.py:587} INFO - Filling up the DagBag from /home/airflow/.local/lib/python3.12/site-packages/airflow/example_dags/example_sensors.py
[2026-04-10T09:06:39.716+0900] {processor.py:925} INFO - DAG(s) 'example_sensors' retrieved from /home/airflow/.local/lib/python3.12/site-packages/airflow/example_dags/example_sensors.py
[2026-04-10T09:06:39.736+0900] {logging_mixin.py:190} INFO - [2026-04-10T09:06:39.735+0900] {dag.py:3211} INFO - Sync 1 DAGs
[2026-04-10T09:06:39.746+0900] {logging_mixin.py:190} INFO - [2026-04-10T09:06:39.746+0900] {dag.py:4138} INFO - Setting next_dagrun for example_sensors to None, run_after=None
[2026-04-10T09:06:39.766+0900] {processor.py:208} INFO - Processing /home/airflow/.local/lib/python3.12/site-packages/airflow/example_dags/example_sensors.py took 0.065 seconds
[2026-04-10T09:07:10.473+0900] {processor.py:186} INFO - Started process (PID=146318) to work on /home/airflow/.local/lib/python3.12/site-packages/airflow/example_dags/example_sensors.py
[2026-04-10T09:07:10.475+0900] {processor.py:914} INFO - Processing file /home/airflow/.local/lib/python3.12/site-packages/airflow/example_dags/example_sensors.py for tasks to queue
[2026-04-10T09:07:10.477+0900] {logging_mixin.py:190} INFO - [2026-04-10T09:07:10.477+0900] {dagbag.py:587} INFO - Filling up the DagBag from /home/airflow/.local/lib/python3.12/site-packages/airflow/example_dags/example_sensors.py
[2026-04-10T09:07:10.486+0900] {processor.py:925} INFO - DAG(s) 'example_sensors' retrieved from /home/airflow/.local/lib/python3.12/site-packages/airflow/example_dags/example_sensors.py
[2026-04-10T09:07:10.507+0900] {logging_mixin.py:190} INFO - [2026-04-10T09:07:10.507+0900] {dag.py:3211} INFO - Sync 1 DAGs
[2026-04-10T09:07:10.519+0900] {logging_mixin.py:190} INFO - [2026-04-10T09:07:10.518+0900] {dag.py:4138} INFO - Setting next_dagrun for example_sensors to None, run_after=None
[2026-04-10T09:07:10.532+0900] {processor.py:208} INFO - Processing /home/airflow/.local/lib/python3.12/site-packages/airflow/example_dags/example_sensors.py took 0.064 seconds
[2026-04-10T09:07:40.596+0900] {processor.py:186} INFO - Started process (PID=146381) to work on /home/airflow/.local/lib/python3.12/site-packages/airflow/example_dags/example_sensors.py
[2026-04-10T09:07:40.597+0900] {processor.py:914} INFO - Processing file /home/airflow/.local/lib/python3.12/site-packages/airflow/example_dags/example_sensors.py for tasks to queue
[2026-04-10T09:07:40.599+0900] {logging_mixin.py:190} INFO - [2026-04-10T09:07:40.599+0900] {dagbag.py:587} INFO - Filling up the DagBag from /home/airflow/.local/lib/python3.12/site-packages/airflow/example_dags/example_sensors.py
[2026-04-10T09:07:40.607+0900] {processor.py:925} INFO - DAG(s) 'example_sensors' retrieved from /home/airflow/.local/lib/python3.12/site-packages/airflow/example_dags/example_sensors.py
[2026-04-10T09:07:40.627+0900] {logging_mixin.py:190} INFO - [2026-04-10T09:07:40.627+0900] {dag.py:3211} INFO - Sync 1 DAGs
[2026-04-10T09:07:40.766+0900] {logging_mixin.py:190} INFO - [2026-04-10T09:07:40.766+0900] {dag.py:4138} INFO - Setting next_dagrun for example_sensors to None, run_after=None
[2026-04-10T09:07:40.780+0900] {processor.py:208} INFO - Processing /home/airflow/.local/lib/python3.12/site-packages/airflow/example_dags/example_sensors.py took 0.189 seconds
[2026-04-10T09:08:10.959+0900] {processor.py:186} INFO - Started process (PID=146444) to work on /home/airflow/.local/lib/python3.12/site-packages/airflow/example_dags/example_sensors.py
[2026-04-10T09:08:10.960+0900] {processor.py:914} INFO - Processing file /home/airflow/.local/lib/python3.12/site-packages/airflow/example_dags/example_sensors.py for tasks to queue
[2026-04-10T09:08:10.963+0900] {logging_mixin.py:190} INFO - [2026-04-10T09:08:10.962+0900] {dagbag.py:587} INFO - Filling up the DagBag from /home/airflow/.local/lib/python3.12/site-packages/airflow/example_dags/example_sensors.py
[2026-04-10T09:08:10.971+0900] {processor.py:925} INFO - DAG(s) 'example_sensors' retrieved from /home/airflow/.local/lib/python3.12/site-packages/airflow/example_dags/example_sensors.py
[2026-04-10T09:08:10.991+0900] {logging_mixin.py:190} INFO - [2026-04-10T09:08:10.990+0900] {dag.py:3211} INFO - Sync 1 DAGs
[2026-04-10T09:08:11.001+0900] {logging_mixin.py:190} INFO - [2026-04-10T09:08:11.000+0900] {dag.py:4138} INFO - Setting next_dagrun for example_sensors to None, run_after=None
[2026-04-10T09:08:11.016+0900] {processor.py:208} INFO - Processing /home/airflow/.local/lib/python3.12/site-packages/airflow/example_dags/example_sensors.py took 0.062 seconds
[2026-04-10T09:08:41.375+0900] {processor.py:186} INFO - Started process (PID=146507) to work on /home/airflow/.local/lib/python3.12/site-packages/airflow/example_dags/example_sensors.py
[2026-04-10T09:08:41.376+0900] {processor.py:914} INFO - Processing file /home/airflow/.local/lib/python3.12/site-packages/airflow/example_dags/example_sensors.py for tasks to queue
[2026-04-10T09:08:41.378+0900] {logging_mixin.py:190} INFO - [2026-04-10T09:08:41.378+0900] {dagbag.py:587} INFO - Filling up the DagBag from /home/airflow/.local/lib/python3.12/site-packages/airflow/example_dags/example_sensors.py
[2026-04-10T09:08:41.386+0900] {processor.py:925} INFO - DAG(s) 'example_sensors' retrieved from /home/airflow/.local/lib/python3.12/site-packages/airflow/example_dags/example_sensors.py
[2026-04-10T09:08:41.405+0900] {logging_mixin.py:190} INFO - [2026-04-10T09:08:41.405+0900] {dag.py:3211} INFO - Sync 1 DAGs
[2026-04-10T09:08:41.415+0900] {logging_mixin.py:190} INFO - [2026-04-10T09:08:41.415+0900] {dag.py:4138} INFO - Setting next_dagrun for example_sensors to None, run_after=None
[2026-04-10T09:08:41.427+0900] {processor.py:208} INFO - Processing /home/airflow/.local/lib/python3.12/site-packages/airflow/example_dags/example_sensors.py took 0.056 seconds
[2026-04-10T09:09:11.947+0900] {processor.py:186} INFO - Started process (PID=146570) to work on /home/airflow/.local/lib/python3.12/site-packages/airflow/example_dags/example_sensors.py
[2026-04-10T09:09:11.948+0900] {processor.py:914} INFO - Processing file /home/airflow/.local/lib/python3.12/site-packages/airflow/example_dags/example_sensors.py for tasks to queue
[2026-04-10T09:09:11.950+0900] {logging_mixin.py:190} INFO - [2026-04-10T09:09:11.950+0900] {dagbag.py:587} INFO - Filling up the DagBag from /home/airflow/.local/lib/python3.12/site-packages/airflow/example_dags/example_sensors.py
[2026-04-10T09:09:11.958+0900] {processor.py:925} INFO - DAG(s) 'example_sensors' retrieved from /home/airflow/.local/lib/python3.12/site-packages/airflow/example_dags/example_sensors.py
[2026-04-10T09:09:11.978+0900] {logging_mixin.py:190} INFO - [2026-04-10T09:09:11.978+0900] {dag.py:3211} INFO - Sync 1 DAGs
[2026-04-10T09:09:11.988+0900] {logging_mixin.py:190} INFO - [2026-04-10T09:09:11.988+0900] {dag.py:4138} INFO - Setting next_dagrun for example_sensors to None, run_after=None
[2026-04-10T09:09:12.002+0900] {processor.py:208} INFO - Processing /home/airflow/.local/lib/python3.12/site-packages/airflow/example_dags/example_sensors.py took 0.059 seconds
[2026-04-10T09:09:42.610+0900] {processor.py:186} INFO - Started process (PID=146633) to work on /home/airflow/.local/lib/python3.12/site-packages/airflow/example_dags/example_sensors.py
[2026-04-10T09:09:42.611+0900] {processor.py:914} INFO - Processing file /home/airflow/.local/lib/python3.12/site-packages/airflow/example_dags/example_sensors.py for tasks to queue
[2026-04-10T09:09:42.613+0900] {logging_mixin.py:190} INFO - [2026-04-10T09:09:42.612+0900] {dagbag.py:587} INFO - Filling up the DagBag from /home/airflow/.local/lib/python3.12/site-packages/airflow/example_dags/example_sensors.py
[2026-04-10T09:09:42.620+0900] {processor.py:925} INFO - DAG(s) 'example_sensors' retrieved from /home/airflow/.local/lib/python3.12/site-packages/airflow/example_dags/example_sensors.py
[2026-04-10T09:09:42.642+0900] {logging_mixin.py:190} INFO - [2026-04-10T09:09:42.642+0900] {dag.py:3211} INFO - Sync 1 DAGs
[2026-04-10T09:09:42.655+0900] {logging_mixin.py:190} INFO - [2026-04-10T09:09:42.655+0900] {dag.py:4138} INFO - Setting next_dagrun for example_sensors to None, run_after=None
[2026-04-10T09:09:42.670+0900] {processor.py:208} INFO - Processing /home/airflow/.local/lib/python3.12/site-packages/airflow/example_dags/example_sensors.py took 0.064 seconds
[2026-04-10T09:10:12.800+0900] {processor.py:186} INFO - Started process (PID=146696) to work on /home/airflow/.local/lib/python3.12/site-packages/airflow/example_dags/example_sensors.py
[2026-04-10T09:10:12.801+0900] {processor.py:914} INFO - Processing file /home/airflow/.local/lib/python3.12/site-packages/airflow/example_dags/example_sensors.py for tasks to queue
[2026-04-10T09:10:12.803+0900] {logging_mixin.py:190} INFO - [2026-04-10T09:10:12.803+0900] {dagbag.py:587} INFO - Filling up the DagBag from /home/airflow/.local/lib/python3.12/site-packages/airflow/example_dags/example_sensors.py
[2026-04-10T09:10:12.811+0900] {processor.py:925} INFO - DAG(s) 'example_sensors' retrieved from /home/airflow/.local/lib/python3.12/site-packages/airflow/example_dags/example_sensors.py
[2026-04-10T09:10:12.831+0900] {logging_mixin.py:190} INFO - [2026-04-10T09:10:12.831+0900] {dag.py:3211} INFO - Sync 1 DAGs
[2026-04-10T09:10:12.840+0900] {logging_mixin.py:190} INFO - [2026-04-10T09:10:12.840+0900] {dag.py:4138} INFO - Setting next_dagrun for example_sensors to None, run_after=None
[2026-04-10T09:10:12.859+0900] {processor.py:208} INFO - Processing /home/airflow/.local/lib/python3.12/site-packages/airflow/example_dags/example_sensors.py took 0.063 seconds
[2026-04-10T09:10:43.357+0900] {processor.py:186} INFO - Started process (PID=146759) to work on /home/airflow/.local/lib/python3.12/site-packages/airflow/example_dags/example_sensors.py
[2026-04-10T09:10:43.358+0900] {processor.py:914} INFO - Processing file /home/airflow/.local/lib/python3.12/site-packages/airflow/example_dags/example_sensors.py for tasks to queue
[2026-04-10T09:10:43.361+0900] {logging_mixin.py:190} INFO - [2026-04-10T09:10:43.360+0900] {dagbag.py:587} INFO - Filling up the DagBag from /home/airflow/.local/lib/python3.12/site-packages/airflow/example_dags/example_sensors.py
[2026-04-10T09:10:43.370+0900] {processor.py:925} INFO - DAG(s) 'example_sensors' retrieved from /home/airflow/.local/lib/python3.12/site-packages/airflow/example_dags/example_sensors.py
[2026-04-10T09:10:43.531+0900] {logging_mixin.py:190} INFO - [2026-04-10T09:10:43.531+0900] {dag.py:3211} INFO - Sync 1 DAGs
[2026-04-10T09:10:43.539+0900] {logging_mixin.py:190} INFO - [2026-04-10T09:10:43.538+0900] {dag.py:4138} INFO - Setting next_dagrun for example_sensors to None, run_after=None
[2026-04-10T09:10:43.551+0900] {processor.py:208} INFO - Processing /home/airflow/.local/lib/python3.12/site-packages/airflow/example_dags/example_sensors.py took 0.198 seconds
[2026-04-10T09:11:13.717+0900] {processor.py:186} INFO - Started process (PID=146822) to work on /home/airflow/.local/lib/python3.12/site-packages/airflow/example_dags/example_sensors.py
[2026-04-10T09:11:13.719+0900] {processor.py:914} INFO - Processing file /home/airflow/.local/lib/python3.12/site-packages/airflow/example_dags/example_sensors.py for tasks to queue
[2026-04-10T09:11:13.722+0900] {logging_mixin.py:190} INFO - [2026-04-10T09:11:13.721+0900] {dagbag.py:587} INFO - Filling up the DagBag from /home/airflow/.local/lib/python3.12/site-packages/airflow/example_dags/example_sensors.py
[2026-04-10T09:11:13.731+0900] {processor.py:925} INFO - DAG(s) 'example_sensors' retrieved from /home/airflow/.local/lib/python3.12/site-packages/airflow/example_dags/example_sensors.py
[2026-04-10T09:11:13.755+0900] {logging_mixin.py:190} INFO - [2026-04-10T09:11:13.754+0900] {dag.py:3211} INFO - Sync 1 DAGs
[2026-04-10T09:11:13.766+0900] {logging_mixin.py:190} INFO - [2026-04-10T09:11:13.766+0900] {dag.py:4138} INFO - Setting next_dagrun for example_sensors to None, run_after=None
[2026-04-10T09:11:13.783+0900] {processor.py:208} INFO - Processing /home/airflow/.local/lib/python3.12/site-packages/airflow/example_dags/example_sensors.py took 0.071 seconds
[2026-04-10T09:11:43.843+0900] {processor.py:186} INFO - Started process (PID=146885) to work on /home/airflow/.local/lib/python3.12/site-packages/airflow/example_dags/example_sensors.py
[2026-04-10T09:11:43.844+0900] {processor.py:914} INFO - Processing file /home/airflow/.local/lib/python3.12/site-packages/airflow/example_dags/example_sensors.py for tasks to queue
[2026-04-10T09:11:43.847+0900] {logging_mixin.py:190} INFO - [2026-04-10T09:11:43.846+0900] {dagbag.py:587} INFO - Filling up the DagBag from /home/airflow/.local/lib/python3.12/site-packages/airflow/example_dags/example_sensors.py
[2026-04-10T09:11:43.855+0900] {processor.py:925} INFO - DAG(s) 'example_sensors' retrieved from /home/airflow/.local/lib/python3.12/site-packages/airflow/example_dags/example_sensors.py
[2026-04-10T09:11:43.878+0900] {logging_mixin.py:190} INFO - [2026-04-10T09:11:43.878+0900] {dag.py:3211} INFO - Sync 1 DAGs
[2026-04-10T09:11:43.890+0900] {logging_mixin.py:190} INFO - [2026-04-10T09:11:43.889+0900] {dag.py:4138} INFO - Setting next_dagrun for example_sensors to None, run_after=None
[2026-04-10T09:11:43.904+0900] {processor.py:208} INFO - Processing /home/airflow/.local/lib/python3.12/site-packages/airflow/example_dags/example_sensors.py took 0.066 seconds
[2026-04-10T09:12:14.126+0900] {processor.py:186} INFO - Started process (PID=146948) to work on /home/airflow/.local/lib/python3.12/site-packages/airflow/example_dags/example_sensors.py
[2026-04-10T09:12:14.127+0900] {processor.py:914} INFO - Processing file /home/airflow/.local/lib/python3.12/site-packages/airflow/example_dags/example_sensors.py for tasks to queue
[2026-04-10T09:12:14.129+0900] {logging_mixin.py:190} INFO - [2026-04-10T09:12:14.129+0900] {dagbag.py:587} INFO - Filling up the DagBag from /home/airflow/.local/lib/python3.12/site-packages/airflow/example_dags/example_sensors.py
[2026-04-10T09:12:14.138+0900] {processor.py:925} INFO - DAG(s) 'example_sensors' retrieved from /home/airflow/.local/lib/python3.12/site-packages/airflow/example_dags/example_sensors.py
[2026-04-10T09:12:14.157+0900] {logging_mixin.py:190} INFO - [2026-04-10T09:12:14.157+0900] {dag.py:3211} INFO - Sync 1 DAGs
[2026-04-10T09:12:14.166+0900] {logging_mixin.py:190} INFO - [2026-04-10T09:12:14.166+0900] {dag.py:4138} INFO - Setting next_dagrun for example_sensors to None, run_after=None
[2026-04-10T09:12:14.181+0900] {processor.py:208} INFO - Processing /home/airflow/.local/lib/python3.12/site-packages/airflow/example_dags/example_sensors.py took 0.059 seconds
[2026-04-10T09:12:44.388+0900] {processor.py:186} INFO - Started process (PID=147011) to work on /home/airflow/.local/lib/python3.12/site-packages/airflow/example_dags/example_sensors.py
[2026-04-10T09:12:44.389+0900] {processor.py:914} INFO - Processing file /home/airflow/.local/lib/python3.12/site-packages/airflow/example_dags/example_sensors.py for tasks to queue
[2026-04-10T09:12:44.392+0900] {logging_mixin.py:190} INFO - [2026-04-10T09:12:44.391+0900] {dagbag.py:587} INFO - Filling up the DagBag from /home/airflow/.local/lib/python3.12/site-packages/airflow/example_dags/example_sensors.py
[2026-04-10T09:12:44.400+0900] {processor.py:925} INFO - DAG(s) 'example_sensors' retrieved from /home/airflow/.local/lib/python3.12/site-packages/airflow/example_dags/example_sensors.py
[2026-04-10T09:12:44.420+0900] {logging_mixin.py:190} INFO - [2026-04-10T09:12:44.420+0900] {dag.py:3211} INFO - Sync 1 DAGs
[2026-04-10T09:12:44.430+0900] {logging_mixin.py:190} INFO - [2026-04-10T09:12:44.430+0900] {dag.py:4138} INFO - Setting next_dagrun for example_sensors to None, run_after=None
[2026-04-10T09:12:44.447+0900] {processor.py:208} INFO - Processing /home/airflow/.local/lib/python3.12/site-packages/airflow/example_dags/example_sensors.py took 0.064 seconds
[2026-04-10T09:13:15.390+0900] {processor.py:186} INFO - Started process (PID=147074) to work on /home/airflow/.local/lib/python3.12/site-packages/airflow/example_dags/example_sensors.py
[2026-04-10T09:13:15.391+0900] {processor.py:914} INFO - Processing file /home/airflow/.local/lib/python3.12/site-packages/airflow/example_dags/example_sensors.py for tasks to queue
[2026-04-10T09:13:15.393+0900] {logging_mixin.py:190} INFO - [2026-04-10T09:13:15.393+0900] {dagbag.py:587} INFO - Filling up the DagBag from /home/airflow/.local/lib/python3.12/site-packages/airflow/example_dags/example_sensors.py
[2026-04-10T09:13:15.400+0900] {processor.py:925} INFO - DAG(s) 'example_sensors' retrieved from /home/airflow/.local/lib/python3.12/site-packages/airflow/example_dags/example_sensors.py
[2026-04-10T09:13:15.420+0900] {logging_mixin.py:190} INFO - [2026-04-10T09:13:15.419+0900] {dag.py:3211} INFO - Sync 1 DAGs
[2026-04-10T09:13:15.429+0900] {logging_mixin.py:190} INFO - [2026-04-10T09:13:15.429+0900] {dag.py:4138} INFO - Setting next_dagrun for example_sensors to None, run_after=None
[2026-04-10T09:13:15.444+0900] {processor.py:208} INFO - Processing /home/airflow/.local/lib/python3.12/site-packages/airflow/example_dags/example_sensors.py took 0.059 seconds
[2026-04-10T09:13:46.049+0900] {processor.py:186} INFO - Started process (PID=147137) to work on /home/airflow/.local/lib/python3.12/site-packages/airflow/example_dags/example_sensors.py
[2026-04-10T09:13:46.051+0900] {processor.py:914} INFO - Processing file /home/airflow/.local/lib/python3.12/site-packages/airflow/example_dags/example_sensors.py for tasks to queue
[2026-04-10T09:13:46.053+0900] {logging_mixin.py:190} INFO - [2026-04-10T09:13:46.053+0900] {dagbag.py:587} INFO - Filling up the DagBag from /home/airflow/.local/lib/python3.12/site-packages/airflow/example_dags/example_sensors.py
[2026-04-10T09:13:46.062+0900] {processor.py:925} INFO - DAG(s) 'example_sensors' retrieved from /home/airflow/.local/lib/python3.12/site-packages/airflow/example_dags/example_sensors.py
[2026-04-10T09:13:46.083+0900] {logging_mixin.py:190} INFO - [2026-04-10T09:13:46.083+0900] {dag.py:3211} INFO - Sync 1 DAGs
[2026-04-10T09:13:46.094+0900] {logging_mixin.py:190} INFO - [2026-04-10T09:13:46.094+0900] {dag.py:4138} INFO - Setting next_dagrun for example_sensors to None, run_after=None
[2026-04-10T09:13:46.112+0900] {processor.py:208} INFO - Processing /home/airflow/.local/lib/python3.12/site-packages/airflow/example_dags/example_sensors.py took 0.067 seconds
[2026-04-10T09:14:16.860+0900] {processor.py:186} INFO - Started process (PID=147200) to work on /home/airflow/.local/lib/python3.12/site-packages/airflow/example_dags/example_sensors.py
[2026-04-10T09:14:16.861+0900] {processor.py:914} INFO - Processing file /home/airflow/.local/lib/python3.12/site-packages/airflow/example_dags/example_sensors.py for tasks to queue
[2026-04-10T09:14:16.863+0900] {logging_mixin.py:190} INFO - [2026-04-10T09:14:16.863+0900] {dagbag.py:587} INFO - Filling up the DagBag from /home/airflow/.local/lib/python3.12/site-packages/airflow/example_dags/example_sensors.py
[2026-04-10T09:14:16.872+0900] {processor.py:925} INFO - DAG(s) 'example_sensors' retrieved from /home/airflow/.local/lib/python3.12/site-packages/airflow/example_dags/example_sensors.py
[2026-04-10T09:14:16.892+0900] {logging_mixin.py:190} INFO - [2026-04-10T09:14:16.892+0900] {dag.py:3211} INFO - Sync 1 DAGs
[2026-04-10T09:14:16.902+0900] {logging_mixin.py:190} INFO - [2026-04-10T09:14:16.901+0900] {dag.py:4138} INFO - Setting next_dagrun for example_sensors to None, run_after=None
[2026-04-10T09:14:16.917+0900] {processor.py:208} INFO - Processing /home/airflow/.local/lib/python3.12/site-packages/airflow/example_dags/example_sensors.py took 0.062 seconds
[2026-04-10T09:14:47.416+0900] {processor.py:186} INFO - Started process (PID=147263) to work on /home/airflow/.local/lib/python3.12/site-packages/airflow/example_dags/example_sensors.py
[2026-04-10T09:14:47.417+0900] {processor.py:914} INFO - Processing file /home/airflow/.local/lib/python3.12/site-packages/airflow/example_dags/example_sensors.py for tasks to queue
[2026-04-10T09:14:47.419+0900] {logging_mixin.py:190} INFO - [2026-04-10T09:14:47.419+0900] {dagbag.py:587} INFO - Filling up the DagBag from /home/airflow/.local/lib/python3.12/site-packages/airflow/example_dags/example_sensors.py
[2026-04-10T09:14:47.428+0900] {processor.py:925} INFO - DAG(s) 'example_sensors' retrieved from /home/airflow/.local/lib/python3.12/site-packages/airflow/example_dags/example_sensors.py
[2026-04-10T09:14:47.448+0900] {logging_mixin.py:190} INFO - [2026-04-10T09:14:47.448+0900] {dag.py:3211} INFO - Sync 1 DAGs
[2026-04-10T09:14:47.459+0900] {logging_mixin.py:190} INFO - [2026-04-10T09:14:47.459+0900] {dag.py:4138} INFO - Setting next_dagrun for example_sensors to None, run_after=None
[2026-04-10T09:14:47.479+0900] {processor.py:208} INFO - Processing /home/airflow/.local/lib/python3.12/site-packages/airflow/example_dags/example_sensors.py took 0.067 seconds
[2026-04-10T09:15:17.601+0900] {processor.py:186} INFO - Started process (PID=147326) to work on /home/airflow/.local/lib/python3.12/site-packages/airflow/example_dags/example_sensors.py
[2026-04-10T09:15:17.602+0900] {processor.py:914} INFO - Processing file /home/airflow/.local/lib/python3.12/site-packages/airflow/example_dags/example_sensors.py for tasks to queue
[2026-04-10T09:15:17.604+0900] {logging_mixin.py:190} INFO - [2026-04-10T09:15:17.604+0900] {dagbag.py:587} INFO - Filling up the DagBag from /home/airflow/.local/lib/python3.12/site-packages/airflow/example_dags/example_sensors.py
[2026-04-10T09:15:17.613+0900] {processor.py:925} INFO - DAG(s) 'example_sensors' retrieved from /home/airflow/.local/lib/python3.12/site-packages/airflow/example_dags/example_sensors.py
[2026-04-10T09:15:17.634+0900] {logging_mixin.py:190} INFO - [2026-04-10T09:15:17.633+0900] {dag.py:3211} INFO - Sync 1 DAGs
[2026-04-10T09:15:17.644+0900] {logging_mixin.py:190} INFO - [2026-04-10T09:15:17.644+0900] {dag.py:4138} INFO - Setting next_dagrun for example_sensors to None, run_after=None
[2026-04-10T09:15:17.660+0900] {processor.py:208} INFO - Processing /home/airflow/.local/lib/python3.12/site-packages/airflow/example_dags/example_sensors.py took 0.063 seconds
[2026-04-10T09:15:48.548+0900] {processor.py:186} INFO - Started process (PID=147389) to work on /home/airflow/.local/lib/python3.12/site-packages/airflow/example_dags/example_sensors.py
[2026-04-10T09:15:48.549+0900] {processor.py:914} INFO - Processing file /home/airflow/.local/lib/python3.12/site-packages/airflow/example_dags/example_sensors.py for tasks to queue
[2026-04-10T09:15:48.551+0900] {logging_mixin.py:190} INFO - [2026-04-10T09:15:48.551+0900] {dagbag.py:587} INFO - Filling up the DagBag from /home/airflow/.local/lib/python3.12/site-packages/airflow/example_dags/example_sensors.py
[2026-04-10T09:15:48.560+0900] {processor.py:925} INFO - DAG(s) 'example_sensors' retrieved from /home/airflow/.local/lib/python3.12/site-packages/airflow/example_dags/example_sensors.py
[2026-04-10T09:15:48.580+0900] {logging_mixin.py:190} INFO - [2026-04-10T09:15:48.580+0900] {dag.py:3211} INFO - Sync 1 DAGs
[2026-04-10T09:15:48.590+0900] {logging_mixin.py:190} INFO - [2026-04-10T09:15:48.590+0900] {dag.py:4138} INFO - Setting next_dagrun for example_sensors to None, run_after=None
[2026-04-10T09:15:48.609+0900] {processor.py:208} INFO - Processing /home/airflow/.local/lib/python3.12/site-packages/airflow/example_dags/example_sensors.py took 0.065 seconds
[2026-04-10T09:16:19.274+0900] {processor.py:186} INFO - Started process (PID=147452) to work on /home/airflow/.local/lib/python3.12/site-packages/airflow/example_dags/example_sensors.py
[2026-04-10T09:16:19.275+0900] {processor.py:914} INFO - Processing file /home/airflow/.local/lib/python3.12/site-packages/airflow/example_dags/example_sensors.py for tasks to queue
[2026-04-10T09:16:19.277+0900] {logging_mixin.py:190} INFO - [2026-04-10T09:16:19.277+0900] {dagbag.py:587} INFO - Filling up the DagBag from /home/airflow/.local/lib/python3.12/site-packages/airflow/example_dags/example_sensors.py
[2026-04-10T09:16:19.285+0900] {processor.py:925} INFO - DAG(s) 'example_sensors' retrieved from /home/airflow/.local/lib/python3.12/site-packages/airflow/example_dags/example_sensors.py
[2026-04-10T09:16:19.310+0900] {logging_mixin.py:190} INFO - [2026-04-10T09:16:19.310+0900] {dag.py:3211} INFO - Sync 1 DAGs
[2026-04-10T09:16:19.329+0900] {logging_mixin.py:190} INFO - [2026-04-10T09:16:19.329+0900] {dag.py:4138} INFO - Setting next_dagrun for example_sensors to None, run_after=None
[2026-04-10T09:16:19.348+0900] {processor.py:208} INFO - Processing /home/airflow/.local/lib/python3.12/site-packages/airflow/example_dags/example_sensors.py took 0.079 seconds
[2026-04-10T09:16:50.018+0900] {processor.py:186} INFO - Started process (PID=147515) to work on /home/airflow/.local/lib/python3.12/site-packages/airflow/example_dags/example_sensors.py
[2026-04-10T09:16:50.020+0900] {processor.py:914} INFO - Processing file /home/airflow/.local/lib/python3.12/site-packages/airflow/example_dags/example_sensors.py for tasks to queue
[2026-04-10T09:16:50.022+0900] {logging_mixin.py:190} INFO - [2026-04-10T09:16:50.022+0900] {dagbag.py:587} INFO - Filling up the DagBag from /home/airflow/.local/lib/python3.12/site-packages/airflow/example_dags/example_sensors.py
[2026-04-10T09:16:50.032+0900] {processor.py:925} INFO - DAG(s) 'example_sensors' retrieved from /home/airflow/.local/lib/python3.12/site-packages/airflow/example_dags/example_sensors.py
[2026-04-10T09:16:50.052+0900] {logging_mixin.py:190} INFO - [2026-04-10T09:16:50.052+0900] {dag.py:3211} INFO - Sync 1 DAGs
[2026-04-10T09:16:50.064+0900] {logging_mixin.py:190} INFO - [2026-04-10T09:16:50.064+0900] {dag.py:4138} INFO - Setting next_dagrun for example_sensors to None, run_after=None
[2026-04-10T09:16:50.085+0900] {processor.py:208} INFO - Processing /home/airflow/.local/lib/python3.12/site-packages/airflow/example_dags/example_sensors.py took 0.072 seconds
[2026-04-10T09:17:20.749+0900] {processor.py:186} INFO - Started process (PID=147578) to work on /home/airflow/.local/lib/python3.12/site-packages/airflow/example_dags/example_sensors.py
[2026-04-10T09:17:20.750+0900] {processor.py:914} INFO - Processing file /home/airflow/.local/lib/python3.12/site-packages/airflow/example_dags/example_sensors.py for tasks to queue
[2026-04-10T09:17:20.752+0900] {logging_mixin.py:190} INFO - [2026-04-10T09:17:20.752+0900] {dagbag.py:587} INFO - Filling up the DagBag from /home/airflow/.local/lib/python3.12/site-packages/airflow/example_dags/example_sensors.py
[2026-04-10T09:17:20.761+0900] {processor.py:925} INFO - DAG(s) 'example_sensors' retrieved from /home/airflow/.local/lib/python3.12/site-packages/airflow/example_dags/example_sensors.py
[2026-04-10T09:17:20.783+0900] {logging_mixin.py:190} INFO - [2026-04-10T09:17:20.783+0900] {dag.py:3211} INFO - Sync 1 DAGs
[2026-04-10T09:17:20.795+0900] {logging_mixin.py:190} INFO - [2026-04-10T09:17:20.795+0900] {dag.py:4138} INFO - Setting next_dagrun for example_sensors to None, run_after=None
[2026-04-10T09:17:20.812+0900] {processor.py:208} INFO - Processing /home/airflow/.local/lib/python3.12/site-packages/airflow/example_dags/example_sensors.py took 0.068 seconds
[2026-04-10T09:17:51.481+0900] {processor.py:186} INFO - Started process (PID=147641) to work on /home/airflow/.local/lib/python3.12/site-packages/airflow/example_dags/example_sensors.py
[2026-04-10T09:17:51.482+0900] {processor.py:914} INFO - Processing file /home/airflow/.local/lib/python3.12/site-packages/airflow/example_dags/example_sensors.py for tasks to queue
[2026-04-10T09:17:51.484+0900] {logging_mixin.py:190} INFO - [2026-04-10T09:17:51.484+0900] {dagbag.py:587} INFO - Filling up the DagBag from /home/airflow/.local/lib/python3.12/site-packages/airflow/example_dags/example_sensors.py
[2026-04-10T09:17:51.493+0900] {processor.py:925} INFO - DAG(s) 'example_sensors' retrieved from /home/airflow/.local/lib/python3.12/site-packages/airflow/example_dags/example_sensors.py
[2026-04-10T09:17:51.513+0900] {logging_mixin.py:190} INFO - [2026-04-10T09:17:51.513+0900] {dag.py:3211} INFO - Sync 1 DAGs
[2026-04-10T09:17:51.524+0900] {logging_mixin.py:190} INFO - [2026-04-10T09:17:51.524+0900] {dag.py:4138} INFO - Setting next_dagrun for example_sensors to None, run_after=None
[2026-04-10T09:17:51.545+0900] {processor.py:208} INFO - Processing /home/airflow/.local/lib/python3.12/site-packages/airflow/example_dags/example_sensors.py took 0.069 seconds
[2026-04-10T09:18:22.392+0900] {processor.py:186} INFO - Started process (PID=147704) to work on /home/airflow/.local/lib/python3.12/site-packages/airflow/example_dags/example_sensors.py
[2026-04-10T09:18:22.393+0900] {processor.py:914} INFO - Processing file /home/airflow/.local/lib/python3.12/site-packages/airflow/example_dags/example_sensors.py for tasks to queue
[2026-04-10T09:18:22.395+0900] {logging_mixin.py:190} INFO - [2026-04-10T09:18:22.395+0900] {dagbag.py:587} INFO - Filling up the DagBag from /home/airflow/.local/lib/python3.12/site-packages/airflow/example_dags/example_sensors.py
[2026-04-10T09:18:22.403+0900] {processor.py:925} INFO - DAG(s) 'example_sensors' retrieved from /home/airflow/.local/lib/python3.12/site-packages/airflow/example_dags/example_sensors.py
[2026-04-10T09:18:22.425+0900] {logging_mixin.py:190} INFO - [2026-04-10T09:18:22.425+0900] {dag.py:3211} INFO - Sync 1 DAGs
[2026-04-10T09:18:22.435+0900] {logging_mixin.py:190} INFO - [2026-04-10T09:18:22.435+0900] {dag.py:4138} INFO - Setting next_dagrun for example_sensors to None, run_after=None
[2026-04-10T09:18:22.451+0900] {processor.py:208} INFO - Processing /home/airflow/.local/lib/python3.12/site-packages/airflow/example_dags/example_sensors.py took 0.064 seconds
[2026-04-10T09:18:52.993+0900] {processor.py:186} INFO - Started process (PID=147767) to work on /home/airflow/.local/lib/python3.12/site-packages/airflow/example_dags/example_sensors.py
[2026-04-10T09:18:52.994+0900] {processor.py:914} INFO - Processing file /home/airflow/.local/lib/python3.12/site-packages/airflow/example_dags/example_sensors.py for tasks to queue
[2026-04-10T09:18:52.997+0900] {logging_mixin.py:190} INFO - [2026-04-10T09:18:52.996+0900] {dagbag.py:587} INFO - Filling up the DagBag from /home/airflow/.local/lib/python3.12/site-packages/airflow/example_dags/example_sensors.py
[2026-04-10T09:18:53.006+0900] {processor.py:925} INFO - DAG(s) 'example_sensors' retrieved from /home/airflow/.local/lib/python3.12/site-packages/airflow/example_dags/example_sensors.py
[2026-04-10T09:18:53.027+0900] {logging_mixin.py:190} INFO - [2026-04-10T09:18:53.027+0900] {dag.py:3211} INFO - Sync 1 DAGs
[2026-04-10T09:18:53.036+0900] {logging_mixin.py:190} INFO - [2026-04-10T09:18:53.036+0900] {dag.py:4138} INFO - Setting next_dagrun for example_sensors to None, run_after=None
[2026-04-10T09:18:53.055+0900] {processor.py:208} INFO - Processing /home/airflow/.local/lib/python3.12/site-packages/airflow/example_dags/example_sensors.py took 0.067 seconds
[2026-04-10T09:19:23.098+0900] {processor.py:186} INFO - Started process (PID=147830) to work on /home/airflow/.local/lib/python3.12/site-packages/airflow/example_dags/example_sensors.py
[2026-04-10T09:19:23.099+0900] {processor.py:914} INFO - Processing file /home/airflow/.local/lib/python3.12/site-packages/airflow/example_dags/example_sensors.py for tasks to queue
[2026-04-10T09:19:23.101+0900] {logging_mixin.py:190} INFO - [2026-04-10T09:19:23.101+0900] {dagbag.py:587} INFO - Filling up the DagBag from /home/airflow/.local/lib/python3.12/site-packages/airflow/example_dags/example_sensors.py
[2026-04-10T09:19:23.109+0900] {processor.py:925} INFO - DAG(s) 'example_sensors' retrieved from /home/airflow/.local/lib/python3.12/site-packages/airflow/example_dags/example_sensors.py
[2026-04-10T09:19:23.129+0900] {logging_mixin.py:190} INFO - [2026-04-10T09:19:23.128+0900] {dag.py:3211} INFO - Sync 1 DAGs
[2026-04-10T09:19:23.138+0900] {logging_mixin.py:190} INFO - [2026-04-10T09:19:23.138+0900] {dag.py:4138} INFO - Setting next_dagrun for example_sensors to None, run_after=None
[2026-04-10T09:19:23.154+0900] {processor.py:208} INFO - Processing /home/airflow/.local/lib/python3.12/site-packages/airflow/example_dags/example_sensors.py took 0.060 seconds
[2026-04-10T09:19:53.238+0900] {processor.py:186} INFO - Started process (PID=147893) to work on /home/airflow/.local/lib/python3.12/site-packages/airflow/example_dags/example_sensors.py
[2026-04-10T09:19:53.239+0900] {processor.py:914} INFO - Processing file /home/airflow/.local/lib/python3.12/site-packages/airflow/example_dags/example_sensors.py for tasks to queue
[2026-04-10T09:19:53.241+0900] {logging_mixin.py:190} INFO - [2026-04-10T09:19:53.241+0900] {dagbag.py:587} INFO - Filling up the DagBag from /home/airflow/.local/lib/python3.12/site-packages/airflow/example_dags/example_sensors.py
[2026-04-10T09:19:53.250+0900] {processor.py:925} INFO - DAG(s) 'example_sensors' retrieved from /home/airflow/.local/lib/python3.12/site-packages/airflow/example_dags/example_sensors.py
[2026-04-10T09:19:53.269+0900] {logging_mixin.py:190} INFO - [2026-04-10T09:19:53.269+0900] {dag.py:3211} INFO - Sync 1 DAGs
[2026-04-10T09:19:53.279+0900] {logging_mixin.py:190} INFO - [2026-04-10T09:19:53.279+0900] {dag.py:4138} INFO - Setting next_dagrun for example_sensors to None, run_after=None
[2026-04-10T09:19:53.294+0900] {processor.py:208} INFO - Processing /home/airflow/.local/lib/python3.12/site-packages/airflow/example_dags/example_sensors.py took 0.060 seconds
[2026-04-10T09:20:23.738+0900] {processor.py:186} INFO - Started process (PID=147953) to work on /home/airflow/.local/lib/python3.12/site-packages/airflow/example_dags/example_sensors.py
[2026-04-10T09:20:23.740+0900] {processor.py:914} INFO - Processing file /home/airflow/.local/lib/python3.12/site-packages/airflow/example_dags/example_sensors.py for tasks to queue
[2026-04-10T09:20:23.742+0900] {logging_mixin.py:190} INFO - [2026-04-10T09:20:23.742+0900] {dagbag.py:587} INFO - Filling up the DagBag from /home/airflow/.local/lib/python3.12/site-packages/airflow/example_dags/example_sensors.py
[2026-04-10T09:20:23.750+0900] {processor.py:925} INFO - DAG(s) 'example_sensors' retrieved from /home/airflow/.local/lib/python3.12/site-packages/airflow/example_dags/example_sensors.py
[2026-04-10T09:20:23.769+0900] {logging_mixin.py:190} INFO - [2026-04-10T09:20:23.769+0900] {dag.py:3211} INFO - Sync 1 DAGs
[2026-04-10T09:20:23.778+0900] {logging_mixin.py:190} INFO - [2026-04-10T09:20:23.778+0900] {dag.py:4138} INFO - Setting next_dagrun for example_sensors to None, run_after=None
[2026-04-10T09:20:23.792+0900] {processor.py:208} INFO - Processing /home/airflow/.local/lib/python3.12/site-packages/airflow/example_dags/example_sensors.py took 0.058 seconds
[2026-04-10T09:20:54.397+0900] {processor.py:186} INFO - Started process (PID=148016) to work on /home/airflow/.local/lib/python3.12/site-packages/airflow/example_dags/example_sensors.py
[2026-04-10T09:20:54.398+0900] {processor.py:914} INFO - Processing file /home/airflow/.local/lib/python3.12/site-packages/airflow/example_dags/example_sensors.py for tasks to queue
[2026-04-10T09:20:54.400+0900] {logging_mixin.py:190} INFO - [2026-04-10T09:20:54.400+0900] {dagbag.py:587} INFO - Filling up the DagBag from /home/airflow/.local/lib/python3.12/site-packages/airflow/example_dags/example_sensors.py
[2026-04-10T09:20:54.410+0900] {processor.py:925} INFO - DAG(s) 'example_sensors' retrieved from /home/airflow/.local/lib/python3.12/site-packages/airflow/example_dags/example_sensors.py
[2026-04-10T09:20:54.431+0900] {logging_mixin.py:190} INFO - [2026-04-10T09:20:54.431+0900] {dag.py:3211} INFO - Sync 1 DAGs
[2026-04-10T09:20:54.441+0900] {logging_mixin.py:190} INFO - [2026-04-10T09:20:54.441+0900] {dag.py:4138} INFO - Setting next_dagrun for example_sensors to None, run_after=None
[2026-04-10T09:20:54.456+0900] {processor.py:208} INFO - Processing /home/airflow/.local/lib/python3.12/site-packages/airflow/example_dags/example_sensors.py took 0.063 seconds
[2026-04-10T09:21:25.344+0900] {processor.py:186} INFO - Started process (PID=148079) to work on /home/airflow/.local/lib/python3.12/site-packages/airflow/example_dags/example_sensors.py
[2026-04-10T09:21:25.345+0900] {processor.py:914} INFO - Processing file /home/airflow/.local/lib/python3.12/site-packages/airflow/example_dags/example_sensors.py for tasks to queue
[2026-04-10T09:21:25.348+0900] {logging_mixin.py:190} INFO - [2026-04-10T09:21:25.348+0900] {dagbag.py:587} INFO - Filling up the DagBag from /home/airflow/.local/lib/python3.12/site-packages/airflow/example_dags/example_sensors.py
[2026-04-10T09:21:25.358+0900] {processor.py:925} INFO - DAG(s) 'example_sensors' retrieved from /home/airflow/.local/lib/python3.12/site-packages/airflow/example_dags/example_sensors.py
[2026-04-10T09:21:25.380+0900] {logging_mixin.py:190} INFO - [2026-04-10T09:21:25.380+0900] {dag.py:3211} INFO - Sync 1 DAGs
[2026-04-10T09:21:25.392+0900] {logging_mixin.py:190} INFO - [2026-04-10T09:21:25.392+0900] {dag.py:4138} INFO - Setting next_dagrun for example_sensors to None, run_after=None
[2026-04-10T09:21:25.409+0900] {processor.py:208} INFO - Processing /home/airflow/.local/lib/python3.12/site-packages/airflow/example_dags/example_sensors.py took 0.071 seconds
[2026-04-10T09:21:56.076+0900] {processor.py:186} INFO - Started process (PID=148142) to work on /home/airflow/.local/lib/python3.12/site-packages/airflow/example_dags/example_sensors.py
[2026-04-10T09:21:56.077+0900] {processor.py:914} INFO - Processing file /home/airflow/.local/lib/python3.12/site-packages/airflow/example_dags/example_sensors.py for tasks to queue
[2026-04-10T09:21:56.079+0900] {logging_mixin.py:190} INFO - [2026-04-10T09:21:56.079+0900] {dagbag.py:587} INFO - Filling up the DagBag from /home/airflow/.local/lib/python3.12/site-packages/airflow/example_dags/example_sensors.py
[2026-04-10T09:21:56.087+0900] {processor.py:925} INFO - DAG(s) 'example_sensors' retrieved from /home/airflow/.local/lib/python3.12/site-packages/airflow/example_dags/example_sensors.py
[2026-04-10T09:21:56.108+0900] {logging_mixin.py:190} INFO - [2026-04-10T09:21:56.108+0900] {dag.py:3211} INFO - Sync 1 DAGs
[2026-04-10T09:21:56.117+0900] {logging_mixin.py:190} INFO - [2026-04-10T09:21:56.117+0900] {dag.py:4138} INFO - Setting next_dagrun for example_sensors to None, run_after=None
[2026-04-10T09:21:56.133+0900] {processor.py:208} INFO - Processing /home/airflow/.local/lib/python3.12/site-packages/airflow/example_dags/example_sensors.py took 0.061 seconds
[2026-04-10T09:22:26.831+0900] {processor.py:186} INFO - Started process (PID=148205) to work on /home/airflow/.local/lib/python3.12/site-packages/airflow/example_dags/example_sensors.py
[2026-04-10T09:22:26.832+0900] {processor.py:914} INFO - Processing file /home/airflow/.local/lib/python3.12/site-packages/airflow/example_dags/example_sensors.py for tasks to queue
[2026-04-10T09:22:26.834+0900] {logging_mixin.py:190} INFO - [2026-04-10T09:22:26.834+0900] {dagbag.py:587} INFO - Filling up the DagBag from /home/airflow/.local/lib/python3.12/site-packages/airflow/example_dags/example_sensors.py
[2026-04-10T09:22:26.846+0900] {processor.py:925} INFO - DAG(s) 'example_sensors' retrieved from /home/airflow/.local/lib/python3.12/site-packages/airflow/example_dags/example_sensors.py
[2026-04-10T09:22:26.875+0900] {logging_mixin.py:190} INFO - [2026-04-10T09:22:26.874+0900] {dag.py:3211} INFO - Sync 1 DAGs
[2026-04-10T09:22:26.890+0900] {logging_mixin.py:190} INFO - [2026-04-10T09:22:26.890+0900] {dag.py:4138} INFO - Setting next_dagrun for example_sensors to None, run_after=None
[2026-04-10T09:22:26.913+0900] {processor.py:208} INFO - Processing /home/airflow/.local/lib/python3.12/site-packages/airflow/example_dags/example_sensors.py took 0.086 seconds
[2026-04-10T09:22:57.655+0900] {processor.py:186} INFO - Started process (PID=148268) to work on /home/airflow/.local/lib/python3.12/site-packages/airflow/example_dags/example_sensors.py
[2026-04-10T09:22:57.656+0900] {processor.py:914} INFO - Processing file /home/airflow/.local/lib/python3.12/site-packages/airflow/example_dags/example_sensors.py for tasks to queue
[2026-04-10T09:22:57.658+0900] {logging_mixin.py:190} INFO - [2026-04-10T09:22:57.658+0900] {dagbag.py:587} INFO - Filling up the DagBag from /home/airflow/.local/lib/python3.12/site-packages/airflow/example_dags/example_sensors.py
[2026-04-10T09:22:57.666+0900] {processor.py:925} INFO - DAG(s) 'example_sensors' retrieved from /home/airflow/.local/lib/python3.12/site-packages/airflow/example_dags/example_sensors.py
[2026-04-10T09:22:57.685+0900] {logging_mixin.py:190} INFO - [2026-04-10T09:22:57.685+0900] {dag.py:3211} INFO - Sync 1 DAGs
[2026-04-10T09:22:57.695+0900] {logging_mixin.py:190} INFO - [2026-04-10T09:22:57.695+0900] {dag.py:4138} INFO - Setting next_dagrun for example_sensors to None, run_after=None
[2026-04-10T09:22:57.709+0900] {processor.py:208} INFO - Processing /home/airflow/.local/lib/python3.12/site-packages/airflow/example_dags/example_sensors.py took 0.058 seconds
[2026-04-10T09:23:28.403+0900] {processor.py:186} INFO - Started process (PID=148331) to work on /home/airflow/.local/lib/python3.12/site-packages/airflow/example_dags/example_sensors.py
[2026-04-10T09:23:28.404+0900] {processor.py:914} INFO - Processing file /home/airflow/.local/lib/python3.12/site-packages/airflow/example_dags/example_sensors.py for tasks to queue
[2026-04-10T09:23:28.406+0900] {logging_mixin.py:190} INFO - [2026-04-10T09:23:28.406+0900] {dagbag.py:587} INFO - Filling up the DagBag from /home/airflow/.local/lib/python3.12/site-packages/airflow/example_dags/example_sensors.py
[2026-04-10T09:23:28.415+0900] {processor.py:925} INFO - DAG(s) 'example_sensors' retrieved from /home/airflow/.local/lib/python3.12/site-packages/airflow/example_dags/example_sensors.py
[2026-04-10T09:23:28.436+0900] {logging_mixin.py:190} INFO - [2026-04-10T09:23:28.436+0900] {dag.py:3211} INFO - Sync 1 DAGs
[2026-04-10T09:23:28.447+0900] {logging_mixin.py:190} INFO - [2026-04-10T09:23:28.447+0900] {dag.py:4138} INFO - Setting next_dagrun for example_sensors to None, run_after=None
[2026-04-10T09:23:28.468+0900] {processor.py:208} INFO - Processing /home/airflow/.local/lib/python3.12/site-packages/airflow/example_dags/example_sensors.py took 0.069 seconds
[2026-04-10T09:23:59.063+0900] {processor.py:186} INFO - Started process (PID=148394) to work on /home/airflow/.local/lib/python3.12/site-packages/airflow/example_dags/example_sensors.py
[2026-04-10T09:23:59.064+0900] {processor.py:914} INFO - Processing file /home/airflow/.local/lib/python3.12/site-packages/airflow/example_dags/example_sensors.py for tasks to queue
[2026-04-10T09:23:59.066+0900] {logging_mixin.py:190} INFO - [2026-04-10T09:23:59.066+0900] {dagbag.py:587} INFO - Filling up the DagBag from /home/airflow/.local/lib/python3.12/site-packages/airflow/example_dags/example_sensors.py
[2026-04-10T09:23:59.075+0900] {processor.py:925} INFO - DAG(s) 'example_sensors' retrieved from /home/airflow/.local/lib/python3.12/site-packages/airflow/example_dags/example_sensors.py
[2026-04-10T09:23:59.098+0900] {logging_mixin.py:190} INFO - [2026-04-10T09:23:59.098+0900] {dag.py:3211} INFO - Sync 1 DAGs
[2026-04-10T09:23:59.110+0900] {logging_mixin.py:190} INFO - [2026-04-10T09:23:59.110+0900] {dag.py:4138} INFO - Setting next_dagrun for example_sensors to None, run_after=None
[2026-04-10T09:23:59.126+0900] {processor.py:208} INFO - Processing /home/airflow/.local/lib/python3.12/site-packages/airflow/example_dags/example_sensors.py took 0.068 seconds
[2026-04-10T09:24:29.215+0900] {processor.py:186} INFO - Started process (PID=148457) to work on /home/airflow/.local/lib/python3.12/site-packages/airflow/example_dags/example_sensors.py
[2026-04-10T09:24:29.217+0900] {processor.py:914} INFO - Processing file /home/airflow/.local/lib/python3.12/site-packages/airflow/example_dags/example_sensors.py for tasks to queue
[2026-04-10T09:24:29.219+0900] {logging_mixin.py:190} INFO - [2026-04-10T09:24:29.219+0900] {dagbag.py:587} INFO - Filling up the DagBag from /home/airflow/.local/lib/python3.12/site-packages/airflow/example_dags/example_sensors.py
[2026-04-10T09:24:29.228+0900] {processor.py:925} INFO - DAG(s) 'example_sensors' retrieved from /home/airflow/.local/lib/python3.12/site-packages/airflow/example_dags/example_sensors.py
[2026-04-10T09:24:29.248+0900] {logging_mixin.py:190} INFO - [2026-04-10T09:24:29.248+0900] {dag.py:3211} INFO - Sync 1 DAGs
[2026-04-10T09:24:29.257+0900] {logging_mixin.py:190} INFO - [2026-04-10T09:24:29.257+0900] {dag.py:4138} INFO - Setting next_dagrun for example_sensors to None, run_after=None
[2026-04-10T09:24:29.278+0900] {processor.py:208} INFO - Processing /home/airflow/.local/lib/python3.12/site-packages/airflow/example_dags/example_sensors.py took 0.067 seconds
[2026-04-10T09:24:59.529+0900] {processor.py:186} INFO - Started process (PID=148520) to work on /home/airflow/.local/lib/python3.12/site-packages/airflow/example_dags/example_sensors.py
[2026-04-10T09:24:59.530+0900] {processor.py:914} INFO - Processing file /home/airflow/.local/lib/python3.12/site-packages/airflow/example_dags/example_sensors.py for tasks to queue
[2026-04-10T09:24:59.532+0900] {logging_mixin.py:190} INFO - [2026-04-10T09:24:59.532+0900] {dagbag.py:587} INFO - Filling up the DagBag from /home/airflow/.local/lib/python3.12/site-packages/airflow/example_dags/example_sensors.py
[2026-04-10T09:24:59.542+0900] {processor.py:925} INFO - DAG(s) 'example_sensors' retrieved from /home/airflow/.local/lib/python3.12/site-packages/airflow/example_dags/example_sensors.py
[2026-04-10T09:24:59.563+0900] {logging_mixin.py:190} INFO - [2026-04-10T09:24:59.562+0900] {dag.py:3211} INFO - Sync 1 DAGs
[2026-04-10T09:24:59.573+0900] {logging_mixin.py:190} INFO - [2026-04-10T09:24:59.573+0900] {dag.py:4138} INFO - Setting next_dagrun for example_sensors to None, run_after=None
[2026-04-10T09:24:59.588+0900] {processor.py:208} INFO - Processing /home/airflow/.local/lib/python3.12/site-packages/airflow/example_dags/example_sensors.py took 0.064 seconds
[2026-04-10T09:25:29.635+0900] {processor.py:186} INFO - Started process (PID=148583) to work on /home/airflow/.local/lib/python3.12/site-packages/airflow/example_dags/example_sensors.py
[2026-04-10T09:25:29.637+0900] {processor.py:914} INFO - Processing file /home/airflow/.local/lib/python3.12/site-packages/airflow/example_dags/example_sensors.py for tasks to queue
[2026-04-10T09:25:29.640+0900] {logging_mixin.py:190} INFO - [2026-04-10T09:25:29.640+0900] {dagbag.py:587} INFO - Filling up the DagBag from /home/airflow/.local/lib/python3.12/site-packages/airflow/example_dags/example_sensors.py
[2026-04-10T09:25:29.650+0900] {processor.py:925} INFO - DAG(s) 'example_sensors' retrieved from /home/airflow/.local/lib/python3.12/site-packages/airflow/example_dags/example_sensors.py
[2026-04-10T09:25:29.676+0900] {logging_mixin.py:190} INFO - [2026-04-10T09:25:29.676+0900] {dag.py:3211} INFO - Sync 1 DAGs
[2026-04-10T09:25:29.691+0900] {logging_mixin.py:190} INFO - [2026-04-10T09:25:29.691+0900] {dag.py:4138} INFO - Setting next_dagrun for example_sensors to None, run_after=None
[2026-04-10T09:25:29.709+0900] {processor.py:208} INFO - Processing /home/airflow/.local/lib/python3.12/site-packages/airflow/example_dags/example_sensors.py took 0.080 seconds
[2026-04-10T09:25:59.985+0900] {processor.py:186} INFO - Started process (PID=148646) to work on /home/airflow/.local/lib/python3.12/site-packages/airflow/example_dags/example_sensors.py
[2026-04-10T09:25:59.987+0900] {processor.py:914} INFO - Processing file /home/airflow/.local/lib/python3.12/site-packages/airflow/example_dags/example_sensors.py for tasks to queue
[2026-04-10T09:25:59.988+0900] {logging_mixin.py:190} INFO - [2026-04-10T09:25:59.988+0900] {dagbag.py:587} INFO - Filling up the DagBag from /home/airflow/.local/lib/python3.12/site-packages/airflow/example_dags/example_sensors.py
[2026-04-10T09:25:59.997+0900] {processor.py:925} INFO - DAG(s) 'example_sensors' retrieved from /home/airflow/.local/lib/python3.12/site-packages/airflow/example_dags/example_sensors.py
[2026-04-10T09:26:00.019+0900] {logging_mixin.py:190} INFO - [2026-04-10T09:26:00.018+0900] {dag.py:3211} INFO - Sync 1 DAGs
[2026-04-10T09:26:00.031+0900] {logging_mixin.py:190} INFO - [2026-04-10T09:26:00.030+0900] {dag.py:4138} INFO - Setting next_dagrun for example_sensors to None, run_after=None
[2026-04-10T09:26:00.048+0900] {processor.py:208} INFO - Processing /home/airflow/.local/lib/python3.12/site-packages/airflow/example_dags/example_sensors.py took 0.067 seconds
[2026-04-10T09:26:30.828+0900] {processor.py:186} INFO - Started process (PID=148709) to work on /home/airflow/.local/lib/python3.12/site-packages/airflow/example_dags/example_sensors.py
[2026-04-10T09:26:30.829+0900] {processor.py:914} INFO - Processing file /home/airflow/.local/lib/python3.12/site-packages/airflow/example_dags/example_sensors.py for tasks to queue
[2026-04-10T09:26:30.831+0900] {logging_mixin.py:190} INFO - [2026-04-10T09:26:30.831+0900] {dagbag.py:587} INFO - Filling up the DagBag from /home/airflow/.local/lib/python3.12/site-packages/airflow/example_dags/example_sensors.py
[2026-04-10T09:26:30.842+0900] {processor.py:925} INFO - DAG(s) 'example_sensors' retrieved from /home/airflow/.local/lib/python3.12/site-packages/airflow/example_dags/example_sensors.py
[2026-04-10T09:26:30.864+0900] {logging_mixin.py:190} INFO - [2026-04-10T09:26:30.863+0900] {dag.py:3211} INFO - Sync 1 DAGs
[2026-04-10T09:26:30.876+0900] {logging_mixin.py:190} INFO - [2026-04-10T09:26:30.875+0900] {dag.py:4138} INFO - Setting next_dagrun for example_sensors to None, run_after=None
[2026-04-10T09:26:30.890+0900] {processor.py:208} INFO - Processing /home/airflow/.local/lib/python3.12/site-packages/airflow/example_dags/example_sensors.py took 0.066 seconds
[2026-04-10T09:27:01.618+0900] {processor.py:186} INFO - Started process (PID=148772) to work on /home/airflow/.local/lib/python3.12/site-packages/airflow/example_dags/example_sensors.py
[2026-04-10T09:27:01.619+0900] {processor.py:914} INFO - Processing file /home/airflow/.local/lib/python3.12/site-packages/airflow/example_dags/example_sensors.py for tasks to queue
[2026-04-10T09:27:01.622+0900] {logging_mixin.py:190} INFO - [2026-04-10T09:27:01.621+0900] {dagbag.py:587} INFO - Filling up the DagBag from /home/airflow/.local/lib/python3.12/site-packages/airflow/example_dags/example_sensors.py
[2026-04-10T09:27:01.631+0900] {processor.py:925} INFO - DAG(s) 'example_sensors' retrieved from /home/airflow/.local/lib/python3.12/site-packages/airflow/example_dags/example_sensors.py
[2026-04-10T09:27:01.652+0900] {logging_mixin.py:190} INFO - [2026-04-10T09:27:01.651+0900] {dag.py:3211} INFO - Sync 1 DAGs
[2026-04-10T09:27:01.662+0900] {logging_mixin.py:190} INFO - [2026-04-10T09:27:01.661+0900] {dag.py:4138} INFO - Setting next_dagrun for example_sensors to None, run_after=None
[2026-04-10T09:27:01.679+0900] {processor.py:208} INFO - Processing /home/airflow/.local/lib/python3.12/site-packages/airflow/example_dags/example_sensors.py took 0.066 seconds
[2026-04-10T09:27:32.260+0900] {processor.py:186} INFO - Started process (PID=148835) to work on /home/airflow/.local/lib/python3.12/site-packages/airflow/example_dags/example_sensors.py
[2026-04-10T09:27:32.261+0900] {processor.py:914} INFO - Processing file /home/airflow/.local/lib/python3.12/site-packages/airflow/example_dags/example_sensors.py for tasks to queue
[2026-04-10T09:27:32.263+0900] {logging_mixin.py:190} INFO - [2026-04-10T09:27:32.262+0900] {dagbag.py:587} INFO - Filling up the DagBag from /home/airflow/.local/lib/python3.12/site-packages/airflow/example_dags/example_sensors.py
[2026-04-10T09:27:32.271+0900] {processor.py:925} INFO - DAG(s) 'example_sensors' retrieved from /home/airflow/.local/lib/python3.12/site-packages/airflow/example_dags/example_sensors.py
[2026-04-10T09:27:32.291+0900] {logging_mixin.py:190} INFO - [2026-04-10T09:27:32.290+0900] {dag.py:3211} INFO - Sync 1 DAGs
[2026-04-10T09:27:32.300+0900] {logging_mixin.py:190} INFO - [2026-04-10T09:27:32.300+0900] {dag.py:4138} INFO - Setting next_dagrun for example_sensors to None, run_after=None
[2026-04-10T09:27:32.320+0900] {processor.py:208} INFO - Processing /home/airflow/.local/lib/python3.12/site-packages/airflow/example_dags/example_sensors.py took 0.064 seconds
[2026-04-10T09:28:02.878+0900] {processor.py:186} INFO - Started process (PID=148898) to work on /home/airflow/.local/lib/python3.12/site-packages/airflow/example_dags/example_sensors.py
[2026-04-10T09:28:02.880+0900] {processor.py:914} INFO - Processing file /home/airflow/.local/lib/python3.12/site-packages/airflow/example_dags/example_sensors.py for tasks to queue
[2026-04-10T09:28:02.882+0900] {logging_mixin.py:190} INFO - [2026-04-10T09:28:02.882+0900] {dagbag.py:587} INFO - Filling up the DagBag from /home/airflow/.local/lib/python3.12/site-packages/airflow/example_dags/example_sensors.py
[2026-04-10T09:28:02.892+0900] {processor.py:925} INFO - DAG(s) 'example_sensors' retrieved from /home/airflow/.local/lib/python3.12/site-packages/airflow/example_dags/example_sensors.py
[2026-04-10T09:28:02.914+0900] {logging_mixin.py:190} INFO - [2026-04-10T09:28:02.914+0900] {dag.py:3211} INFO - Sync 1 DAGs
[2026-04-10T09:28:02.926+0900] {logging_mixin.py:190} INFO - [2026-04-10T09:28:02.926+0900] {dag.py:4138} INFO - Setting next_dagrun for example_sensors to None, run_after=None
[2026-04-10T09:28:02.940+0900] {processor.py:208} INFO - Processing /home/airflow/.local/lib/python3.12/site-packages/airflow/example_dags/example_sensors.py took 0.067 seconds
[2026-04-10T09:28:33.440+0900] {processor.py:186} INFO - Started process (PID=148961) to work on /home/airflow/.local/lib/python3.12/site-packages/airflow/example_dags/example_sensors.py
[2026-04-10T09:28:33.441+0900] {processor.py:914} INFO - Processing file /home/airflow/.local/lib/python3.12/site-packages/airflow/example_dags/example_sensors.py for tasks to queue
[2026-04-10T09:28:33.443+0900] {logging_mixin.py:190} INFO - [2026-04-10T09:28:33.443+0900] {dagbag.py:587} INFO - Filling up the DagBag from /home/airflow/.local/lib/python3.12/site-packages/airflow/example_dags/example_sensors.py
[2026-04-10T09:28:33.452+0900] {processor.py:925} INFO - DAG(s) 'example_sensors' retrieved from /home/airflow/.local/lib/python3.12/site-packages/airflow/example_dags/example_sensors.py
[2026-04-10T09:28:33.470+0900] {logging_mixin.py:190} INFO - [2026-04-10T09:28:33.470+0900] {dag.py:3211} INFO - Sync 1 DAGs
[2026-04-10T09:28:33.480+0900] {logging_mixin.py:190} INFO - [2026-04-10T09:28:33.480+0900] {dag.py:4138} INFO - Setting next_dagrun for example_sensors to None, run_after=None
[2026-04-10T09:28:33.497+0900] {processor.py:208} INFO - Processing /home/airflow/.local/lib/python3.12/site-packages/airflow/example_dags/example_sensors.py took 0.061 seconds
[2026-04-10T09:29:04.227+0900] {processor.py:186} INFO - Started process (PID=149025) to work on /home/airflow/.local/lib/python3.12/site-packages/airflow/example_dags/example_sensors.py
[2026-04-10T09:29:04.228+0900] {processor.py:914} INFO - Processing file /home/airflow/.local/lib/python3.12/site-packages/airflow/example_dags/example_sensors.py for tasks to queue
[2026-04-10T09:29:04.230+0900] {logging_mixin.py:190} INFO - [2026-04-10T09:29:04.230+0900] {dagbag.py:587} INFO - Filling up the DagBag from /home/airflow/.local/lib/python3.12/site-packages/airflow/example_dags/example_sensors.py
[2026-04-10T09:29:04.241+0900] {processor.py:925} INFO - DAG(s) 'example_sensors' retrieved from /home/airflow/.local/lib/python3.12/site-packages/airflow/example_dags/example_sensors.py
[2026-04-10T09:29:04.261+0900] {logging_mixin.py:190} INFO - [2026-04-10T09:29:04.261+0900] {dag.py:3211} INFO - Sync 1 DAGs
[2026-04-10T09:29:04.271+0900] {logging_mixin.py:190} INFO - [2026-04-10T09:29:04.271+0900] {dag.py:4138} INFO - Setting next_dagrun for example_sensors to None, run_after=None
[2026-04-10T09:29:04.284+0900] {processor.py:208} INFO - Processing /home/airflow/.local/lib/python3.12/site-packages/airflow/example_dags/example_sensors.py took 0.062 seconds
[2026-04-10T09:29:34.973+0900] {processor.py:186} INFO - Started process (PID=149094) to work on /home/airflow/.local/lib/python3.12/site-packages/airflow/example_dags/example_sensors.py
[2026-04-10T09:29:34.975+0900] {processor.py:914} INFO - Processing file /home/airflow/.local/lib/python3.12/site-packages/airflow/example_dags/example_sensors.py for tasks to queue
[2026-04-10T09:29:34.977+0900] {logging_mixin.py:190} INFO - [2026-04-10T09:29:34.977+0900] {dagbag.py:587} INFO - Filling up the DagBag from /home/airflow/.local/lib/python3.12/site-packages/airflow/example_dags/example_sensors.py
[2026-04-10T09:29:34.986+0900] {processor.py:925} INFO - DAG(s) 'example_sensors' retrieved from /home/airflow/.local/lib/python3.12/site-packages/airflow/example_dags/example_sensors.py
[2026-04-10T09:29:35.005+0900] {logging_mixin.py:190} INFO - [2026-04-10T09:29:35.005+0900] {dag.py:3211} INFO - Sync 1 DAGs
[2026-04-10T09:29:35.016+0900] {logging_mixin.py:190} INFO - [2026-04-10T09:29:35.016+0900] {dag.py:4138} INFO - Setting next_dagrun for example_sensors to None, run_after=None
[2026-04-10T09:29:35.030+0900] {processor.py:208} INFO - Processing /home/airflow/.local/lib/python3.12/site-packages/airflow/example_dags/example_sensors.py took 0.061 seconds
[2026-04-10T09:30:05.757+0900] {processor.py:186} INFO - Started process (PID=149156) to work on /home/airflow/.local/lib/python3.12/site-packages/airflow/example_dags/example_sensors.py
[2026-04-10T09:30:05.758+0900] {processor.py:914} INFO - Processing file /home/airflow/.local/lib/python3.12/site-packages/airflow/example_dags/example_sensors.py for tasks to queue
[2026-04-10T09:30:05.761+0900] {logging_mixin.py:190} INFO - [2026-04-10T09:30:05.760+0900] {dagbag.py:587} INFO - Filling up the DagBag from /home/airflow/.local/lib/python3.12/site-packages/airflow/example_dags/example_sensors.py
[2026-04-10T09:30:05.769+0900] {processor.py:925} INFO - DAG(s) 'example_sensors' retrieved from /home/airflow/.local/lib/python3.12/site-packages/airflow/example_dags/example_sensors.py
[2026-04-10T09:30:05.789+0900] {logging_mixin.py:190} INFO - [2026-04-10T09:30:05.789+0900] {dag.py:3211} INFO - Sync 1 DAGs
[2026-04-10T09:30:05.799+0900] {logging_mixin.py:190} INFO - [2026-04-10T09:30:05.798+0900] {dag.py:4138} INFO - Setting next_dagrun for example_sensors to None, run_after=None
[2026-04-10T09:30:05.812+0900] {processor.py:208} INFO - Processing /home/airflow/.local/lib/python3.12/site-packages/airflow/example_dags/example_sensors.py took 0.060 seconds
[2026-04-10T09:30:36.599+0900] {processor.py:186} INFO - Started process (PID=149219) to work on /home/airflow/.local/lib/python3.12/site-packages/airflow/example_dags/example_sensors.py
[2026-04-10T09:30:36.600+0900] {processor.py:914} INFO - Processing file /home/airflow/.local/lib/python3.12/site-packages/airflow/example_dags/example_sensors.py for tasks to queue
[2026-04-10T09:30:36.602+0900] {logging_mixin.py:190} INFO - [2026-04-10T09:30:36.602+0900] {dagbag.py:587} INFO - Filling up the DagBag from /home/airflow/.local/lib/python3.12/site-packages/airflow/example_dags/example_sensors.py
[2026-04-10T09:30:36.610+0900] {processor.py:925} INFO - DAG(s) 'example_sensors' retrieved from /home/airflow/.local/lib/python3.12/site-packages/airflow/example_dags/example_sensors.py
[2026-04-10T09:30:36.629+0900] {logging_mixin.py:190} INFO - [2026-04-10T09:30:36.629+0900] {dag.py:3211} INFO - Sync 1 DAGs
[2026-04-10T09:30:36.638+0900] {logging_mixin.py:190} INFO - [2026-04-10T09:30:36.638+0900] {dag.py:4138} INFO - Setting next_dagrun for example_sensors to None, run_after=None
[2026-04-10T09:30:36.652+0900] {processor.py:208} INFO - Processing /home/airflow/.local/lib/python3.12/site-packages/airflow/example_dags/example_sensors.py took 0.058 seconds
[2026-04-10T09:31:07.378+0900] {processor.py:186} INFO - Started process (PID=149282) to work on /home/airflow/.local/lib/python3.12/site-packages/airflow/example_dags/example_sensors.py
[2026-04-10T09:31:07.379+0900] {processor.py:914} INFO - Processing file /home/airflow/.local/lib/python3.12/site-packages/airflow/example_dags/example_sensors.py for tasks to queue
[2026-04-10T09:31:07.381+0900] {logging_mixin.py:190} INFO - [2026-04-10T09:31:07.380+0900] {dagbag.py:587} INFO - Filling up the DagBag from /home/airflow/.local/lib/python3.12/site-packages/airflow/example_dags/example_sensors.py
[2026-04-10T09:31:07.390+0900] {processor.py:925} INFO - DAG(s) 'example_sensors' retrieved from /home/airflow/.local/lib/python3.12/site-packages/airflow/example_dags/example_sensors.py
[2026-04-10T09:31:07.411+0900] {logging_mixin.py:190} INFO - [2026-04-10T09:31:07.411+0900] {dag.py:3211} INFO - Sync 1 DAGs
[2026-04-10T09:31:07.421+0900] {logging_mixin.py:190} INFO - [2026-04-10T09:31:07.421+0900] {dag.py:4138} INFO - Setting next_dagrun for example_sensors to None, run_after=None
[2026-04-10T09:31:07.440+0900] {processor.py:208} INFO - Processing /home/airflow/.local/lib/python3.12/site-packages/airflow/example_dags/example_sensors.py took 0.067 seconds
[2026-04-10T09:31:38.137+0900] {processor.py:186} INFO - Started process (PID=149345) to work on /home/airflow/.local/lib/python3.12/site-packages/airflow/example_dags/example_sensors.py
[2026-04-10T09:31:38.138+0900] {processor.py:914} INFO - Processing file /home/airflow/.local/lib/python3.12/site-packages/airflow/example_dags/example_sensors.py for tasks to queue
[2026-04-10T09:31:38.140+0900] {logging_mixin.py:190} INFO - [2026-04-10T09:31:38.140+0900] {dagbag.py:587} INFO - Filling up the DagBag from /home/airflow/.local/lib/python3.12/site-packages/airflow/example_dags/example_sensors.py
[2026-04-10T09:31:38.149+0900] {processor.py:925} INFO - DAG(s) 'example_sensors' retrieved from /home/airflow/.local/lib/python3.12/site-packages/airflow/example_dags/example_sensors.py
[2026-04-10T09:31:38.169+0900] {logging_mixin.py:190} INFO - [2026-04-10T09:31:38.169+0900] {dag.py:3211} INFO - Sync 1 DAGs
[2026-04-10T09:31:38.179+0900] {logging_mixin.py:190} INFO - [2026-04-10T09:31:38.179+0900] {dag.py:4138} INFO - Setting next_dagrun for example_sensors to None, run_after=None
[2026-04-10T09:31:38.195+0900] {processor.py:208} INFO - Processing /home/airflow/.local/lib/python3.12/site-packages/airflow/example_dags/example_sensors.py took 0.064 seconds
[2026-04-10T09:32:08.836+0900] {processor.py:186} INFO - Started process (PID=149408) to work on /home/airflow/.local/lib/python3.12/site-packages/airflow/example_dags/example_sensors.py
[2026-04-10T09:32:08.837+0900] {processor.py:914} INFO - Processing file /home/airflow/.local/lib/python3.12/site-packages/airflow/example_dags/example_sensors.py for tasks to queue
[2026-04-10T09:32:08.839+0900] {logging_mixin.py:190} INFO - [2026-04-10T09:32:08.839+0900] {dagbag.py:587} INFO - Filling up the DagBag from /home/airflow/.local/lib/python3.12/site-packages/airflow/example_dags/example_sensors.py
[2026-04-10T09:32:08.848+0900] {processor.py:925} INFO - DAG(s) 'example_sensors' retrieved from /home/airflow/.local/lib/python3.12/site-packages/airflow/example_dags/example_sensors.py
[2026-04-10T09:32:08.868+0900] {logging_mixin.py:190} INFO - [2026-04-10T09:32:08.868+0900] {dag.py:3211} INFO - Sync 1 DAGs
[2026-04-10T09:32:08.880+0900] {logging_mixin.py:190} INFO - [2026-04-10T09:32:08.879+0900] {dag.py:4138} INFO - Setting next_dagrun for example_sensors to None, run_after=None
[2026-04-10T09:32:08.894+0900] {processor.py:208} INFO - Processing /home/airflow/.local/lib/python3.12/site-packages/airflow/example_dags/example_sensors.py took 0.063 seconds
[2026-04-10T09:32:39.521+0900] {processor.py:186} INFO - Started process (PID=149471) to work on /home/airflow/.local/lib/python3.12/site-packages/airflow/example_dags/example_sensors.py
[2026-04-10T09:32:39.522+0900] {processor.py:914} INFO - Processing file /home/airflow/.local/lib/python3.12/site-packages/airflow/example_dags/example_sensors.py for tasks to queue
[2026-04-10T09:32:39.525+0900] {logging_mixin.py:190} INFO - [2026-04-10T09:32:39.524+0900] {dagbag.py:587} INFO - Filling up the DagBag from /home/airflow/.local/lib/python3.12/site-packages/airflow/example_dags/example_sensors.py
[2026-04-10T09:32:39.533+0900] {processor.py:925} INFO - DAG(s) 'example_sensors' retrieved from /home/airflow/.local/lib/python3.12/site-packages/airflow/example_dags/example_sensors.py
[2026-04-10T09:32:39.551+0900] {logging_mixin.py:190} INFO - [2026-04-10T09:32:39.551+0900] {dag.py:3211} INFO - Sync 1 DAGs
[2026-04-10T09:32:39.562+0900] {logging_mixin.py:190} INFO - [2026-04-10T09:32:39.562+0900] {dag.py:4138} INFO - Setting next_dagrun for example_sensors to None, run_after=None
[2026-04-10T09:32:39.576+0900] {processor.py:208} INFO - Processing /home/airflow/.local/lib/python3.12/site-packages/airflow/example_dags/example_sensors.py took 0.059 seconds
[2026-04-10T09:33:10.200+0900] {processor.py:186} INFO - Started process (PID=149534) to work on /home/airflow/.local/lib/python3.12/site-packages/airflow/example_dags/example_sensors.py
[2026-04-10T09:33:10.201+0900] {processor.py:914} INFO - Processing file /home/airflow/.local/lib/python3.12/site-packages/airflow/example_dags/example_sensors.py for tasks to queue
[2026-04-10T09:33:10.203+0900] {logging_mixin.py:190} INFO - [2026-04-10T09:33:10.202+0900] {dagbag.py:587} INFO - Filling up the DagBag from /home/airflow/.local/lib/python3.12/site-packages/airflow/example_dags/example_sensors.py
[2026-04-10T09:33:10.212+0900] {processor.py:925} INFO - DAG(s) 'example_sensors' retrieved from /home/airflow/.local/lib/python3.12/site-packages/airflow/example_dags/example_sensors.py
[2026-04-10T09:33:10.231+0900] {logging_mixin.py:190} INFO - [2026-04-10T09:33:10.231+0900] {dag.py:3211} INFO - Sync 1 DAGs
[2026-04-10T09:33:10.242+0900] {logging_mixin.py:190} INFO - [2026-04-10T09:33:10.242+0900] {dag.py:4138} INFO - Setting next_dagrun for example_sensors to None, run_after=None
[2026-04-10T09:33:10.256+0900] {processor.py:208} INFO - Processing /home/airflow/.local/lib/python3.12/site-packages/airflow/example_dags/example_sensors.py took 0.061 seconds
[2026-04-10T09:33:40.916+0900] {processor.py:186} INFO - Started process (PID=149597) to work on /home/airflow/.local/lib/python3.12/site-packages/airflow/example_dags/example_sensors.py
[2026-04-10T09:33:40.917+0900] {processor.py:914} INFO - Processing file /home/airflow/.local/lib/python3.12/site-packages/airflow/example_dags/example_sensors.py for tasks to queue
[2026-04-10T09:33:40.920+0900] {logging_mixin.py:190} INFO - [2026-04-10T09:33:40.919+0900] {dagbag.py:587} INFO - Filling up the DagBag from /home/airflow/.local/lib/python3.12/site-packages/airflow/example_dags/example_sensors.py
[2026-04-10T09:33:40.929+0900] {processor.py:925} INFO - DAG(s) 'example_sensors' retrieved from /home/airflow/.local/lib/python3.12/site-packages/airflow/example_dags/example_sensors.py
[2026-04-10T09:33:40.952+0900] {logging_mixin.py:190} INFO - [2026-04-10T09:33:40.952+0900] {dag.py:3211} INFO - Sync 1 DAGs
[2026-04-10T09:33:40.962+0900] {logging_mixin.py:190} INFO - [2026-04-10T09:33:40.962+0900] {dag.py:4138} INFO - Setting next_dagrun for example_sensors to None, run_after=None
[2026-04-10T09:33:40.977+0900] {processor.py:208} INFO - Processing /home/airflow/.local/lib/python3.12/site-packages/airflow/example_dags/example_sensors.py took 0.065 seconds
[2026-04-10T09:34:11.665+0900] {processor.py:186} INFO - Started process (PID=149660) to work on /home/airflow/.local/lib/python3.12/site-packages/airflow/example_dags/example_sensors.py
[2026-04-10T09:34:11.666+0900] {processor.py:914} INFO - Processing file /home/airflow/.local/lib/python3.12/site-packages/airflow/example_dags/example_sensors.py for tasks to queue
[2026-04-10T09:34:11.668+0900] {logging_mixin.py:190} INFO - [2026-04-10T09:34:11.668+0900] {dagbag.py:587} INFO - Filling up the DagBag from /home/airflow/.local/lib/python3.12/site-packages/airflow/example_dags/example_sensors.py
[2026-04-10T09:34:11.676+0900] {processor.py:925} INFO - DAG(s) 'example_sensors' retrieved from /home/airflow/.local/lib/python3.12/site-packages/airflow/example_dags/example_sensors.py
[2026-04-10T09:34:11.697+0900] {logging_mixin.py:190} INFO - [2026-04-10T09:34:11.697+0900] {dag.py:3211} INFO - Sync 1 DAGs
[2026-04-10T09:34:11.706+0900] {logging_mixin.py:190} INFO - [2026-04-10T09:34:11.706+0900] {dag.py:4138} INFO - Setting next_dagrun for example_sensors to None, run_after=None
[2026-04-10T09:34:11.722+0900] {processor.py:208} INFO - Processing /home/airflow/.local/lib/python3.12/site-packages/airflow/example_dags/example_sensors.py took 0.062 seconds
[2026-04-10T09:34:42.471+0900] {processor.py:186} INFO - Started process (PID=149723) to work on /home/airflow/.local/lib/python3.12/site-packages/airflow/example_dags/example_sensors.py
[2026-04-10T09:34:42.472+0900] {processor.py:914} INFO - Processing file /home/airflow/.local/lib/python3.12/site-packages/airflow/example_dags/example_sensors.py for tasks to queue
[2026-04-10T09:34:42.474+0900] {logging_mixin.py:190} INFO - [2026-04-10T09:34:42.474+0900] {dagbag.py:587} INFO - Filling up the DagBag from /home/airflow/.local/lib/python3.12/site-packages/airflow/example_dags/example_sensors.py
[2026-04-10T09:34:42.483+0900] {processor.py:925} INFO - DAG(s) 'example_sensors' retrieved from /home/airflow/.local/lib/python3.12/site-packages/airflow/example_dags/example_sensors.py
[2026-04-10T09:34:42.505+0900] {logging_mixin.py:190} INFO - [2026-04-10T09:34:42.505+0900] {dag.py:3211} INFO - Sync 1 DAGs
[2026-04-10T09:34:42.515+0900] {logging_mixin.py:190} INFO - [2026-04-10T09:34:42.515+0900] {dag.py:4138} INFO - Setting next_dagrun for example_sensors to None, run_after=None
[2026-04-10T09:34:42.529+0900] {processor.py:208} INFO - Processing /home/airflow/.local/lib/python3.12/site-packages/airflow/example_dags/example_sensors.py took 0.063 seconds
[2026-04-10T09:35:13.276+0900] {processor.py:186} INFO - Started process (PID=149786) to work on /home/airflow/.local/lib/python3.12/site-packages/airflow/example_dags/example_sensors.py
[2026-04-10T09:35:13.276+0900] {processor.py:914} INFO - Processing file /home/airflow/.local/lib/python3.12/site-packages/airflow/example_dags/example_sensors.py for tasks to queue
[2026-04-10T09:35:13.278+0900] {logging_mixin.py:190} INFO - [2026-04-10T09:35:13.278+0900] {dagbag.py:587} INFO - Filling up the DagBag from /home/airflow/.local/lib/python3.12/site-packages/airflow/example_dags/example_sensors.py
[2026-04-10T09:35:13.287+0900] {processor.py:925} INFO - DAG(s) 'example_sensors' retrieved from /home/airflow/.local/lib/python3.12/site-packages/airflow/example_dags/example_sensors.py
[2026-04-10T09:35:13.306+0900] {logging_mixin.py:190} INFO - [2026-04-10T09:35:13.306+0900] {dag.py:3211} INFO - Sync 1 DAGs
[2026-04-10T09:35:13.317+0900] {logging_mixin.py:190} INFO - [2026-04-10T09:35:13.316+0900] {dag.py:4138} INFO - Setting next_dagrun for example_sensors to None, run_after=None
[2026-04-10T09:35:13.335+0900] {processor.py:208} INFO - Processing /home/airflow/.local/lib/python3.12/site-packages/airflow/example_dags/example_sensors.py took 0.064 seconds
[2026-04-10T09:35:43.852+0900] {processor.py:186} INFO - Started process (PID=149849) to work on /home/airflow/.local/lib/python3.12/site-packages/airflow/example_dags/example_sensors.py
[2026-04-10T09:35:43.852+0900] {processor.py:914} INFO - Processing file /home/airflow/.local/lib/python3.12/site-packages/airflow/example_dags/example_sensors.py for tasks to queue
[2026-04-10T09:35:43.854+0900] {logging_mixin.py:190} INFO - [2026-04-10T09:35:43.854+0900] {dagbag.py:587} INFO - Filling up the DagBag from /home/airflow/.local/lib/python3.12/site-packages/airflow/example_dags/example_sensors.py
[2026-04-10T09:35:43.862+0900] {processor.py:925} INFO - DAG(s) 'example_sensors' retrieved from /home/airflow/.local/lib/python3.12/site-packages/airflow/example_dags/example_sensors.py
[2026-04-10T09:35:43.882+0900] {logging_mixin.py:190} INFO - [2026-04-10T09:35:43.882+0900] {dag.py:3211} INFO - Sync 1 DAGs
[2026-04-10T09:35:43.892+0900] {logging_mixin.py:190} INFO - [2026-04-10T09:35:43.892+0900] {dag.py:4138} INFO - Setting next_dagrun for example_sensors to None, run_after=None
[2026-04-10T09:35:43.912+0900] {processor.py:208} INFO - Processing /home/airflow/.local/lib/python3.12/site-packages/airflow/example_dags/example_sensors.py took 0.065 seconds
[2026-04-10T09:36:14.550+0900] {processor.py:186} INFO - Started process (PID=149912) to work on /home/airflow/.local/lib/python3.12/site-packages/airflow/example_dags/example_sensors.py
[2026-04-10T09:36:14.551+0900] {processor.py:914} INFO - Processing file /home/airflow/.local/lib/python3.12/site-packages/airflow/example_dags/example_sensors.py for tasks to queue
[2026-04-10T09:36:14.553+0900] {logging_mixin.py:190} INFO - [2026-04-10T09:36:14.553+0900] {dagbag.py:587} INFO - Filling up the DagBag from /home/airflow/.local/lib/python3.12/site-packages/airflow/example_dags/example_sensors.py
[2026-04-10T09:36:14.561+0900] {processor.py:925} INFO - DAG(s) 'example_sensors' retrieved from /home/airflow/.local/lib/python3.12/site-packages/airflow/example_dags/example_sensors.py
[2026-04-10T09:36:14.582+0900] {logging_mixin.py:190} INFO - [2026-04-10T09:36:14.581+0900] {dag.py:3211} INFO - Sync 1 DAGs
[2026-04-10T09:36:14.591+0900] {logging_mixin.py:190} INFO - [2026-04-10T09:36:14.591+0900] {dag.py:4138} INFO - Setting next_dagrun for example_sensors to None, run_after=None
[2026-04-10T09:36:14.607+0900] {processor.py:208} INFO - Processing /home/airflow/.local/lib/python3.12/site-packages/airflow/example_dags/example_sensors.py took 0.062 seconds
[2026-04-10T09:36:45.178+0900] {processor.py:186} INFO - Started process (PID=149975) to work on /home/airflow/.local/lib/python3.12/site-packages/airflow/example_dags/example_sensors.py
[2026-04-10T09:36:45.179+0900] {processor.py:914} INFO - Processing file /home/airflow/.local/lib/python3.12/site-packages/airflow/example_dags/example_sensors.py for tasks to queue
[2026-04-10T09:36:45.181+0900] {logging_mixin.py:190} INFO - [2026-04-10T09:36:45.181+0900] {dagbag.py:587} INFO - Filling up the DagBag from /home/airflow/.local/lib/python3.12/site-packages/airflow/example_dags/example_sensors.py
[2026-04-10T09:36:45.189+0900] {processor.py:925} INFO - DAG(s) 'example_sensors' retrieved from /home/airflow/.local/lib/python3.12/site-packages/airflow/example_dags/example_sensors.py
[2026-04-10T09:36:45.208+0900] {logging_mixin.py:190} INFO - [2026-04-10T09:36:45.208+0900] {dag.py:3211} INFO - Sync 1 DAGs
[2026-04-10T09:36:45.218+0900] {logging_mixin.py:190} INFO - [2026-04-10T09:36:45.218+0900] {dag.py:4138} INFO - Setting next_dagrun for example_sensors to None, run_after=None
[2026-04-10T09:36:45.237+0900] {processor.py:208} INFO - Processing /home/airflow/.local/lib/python3.12/site-packages/airflow/example_dags/example_sensors.py took 0.063 seconds
[2026-04-10T09:37:15.856+0900] {processor.py:186} INFO - Started process (PID=150038) to work on /home/airflow/.local/lib/python3.12/site-packages/airflow/example_dags/example_sensors.py
[2026-04-10T09:37:15.857+0900] {processor.py:914} INFO - Processing file /home/airflow/.local/lib/python3.12/site-packages/airflow/example_dags/example_sensors.py for tasks to queue
[2026-04-10T09:37:15.859+0900] {logging_mixin.py:190} INFO - [2026-04-10T09:37:15.859+0900] {dagbag.py:587} INFO - Filling up the DagBag from /home/airflow/.local/lib/python3.12/site-packages/airflow/example_dags/example_sensors.py
[2026-04-10T09:37:15.869+0900] {processor.py:925} INFO - DAG(s) 'example_sensors' retrieved from /home/airflow/.local/lib/python3.12/site-packages/airflow/example_dags/example_sensors.py
[2026-04-10T09:37:15.890+0900] {logging_mixin.py:190} INFO - [2026-04-10T09:37:15.890+0900] {dag.py:3211} INFO - Sync 1 DAGs
[2026-04-10T09:37:15.902+0900] {logging_mixin.py:190} INFO - [2026-04-10T09:37:15.901+0900] {dag.py:4138} INFO - Setting next_dagrun for example_sensors to None, run_after=None
[2026-04-10T09:37:15.921+0900] {processor.py:208} INFO - Processing /home/airflow/.local/lib/python3.12/site-packages/airflow/example_dags/example_sensors.py took 0.070 seconds
[2026-04-10T09:37:46.716+0900] {processor.py:186} INFO - Started process (PID=150101) to work on /home/airflow/.local/lib/python3.12/site-packages/airflow/example_dags/example_sensors.py
[2026-04-10T09:37:46.718+0900] {processor.py:914} INFO - Processing file /home/airflow/.local/lib/python3.12/site-packages/airflow/example_dags/example_sensors.py for tasks to queue
[2026-04-10T09:37:46.721+0900] {logging_mixin.py:190} INFO - [2026-04-10T09:37:46.720+0900] {dagbag.py:587} INFO - Filling up the DagBag from /home/airflow/.local/lib/python3.12/site-packages/airflow/example_dags/example_sensors.py
[2026-04-10T09:37:46.733+0900] {processor.py:925} INFO - DAG(s) 'example_sensors' retrieved from /home/airflow/.local/lib/python3.12/site-packages/airflow/example_dags/example_sensors.py
[2026-04-10T09:37:46.755+0900] {logging_mixin.py:190} INFO - [2026-04-10T09:37:46.754+0900] {dag.py:3211} INFO - Sync 1 DAGs
[2026-04-10T09:37:46.766+0900] {logging_mixin.py:190} INFO - [2026-04-10T09:37:46.766+0900] {dag.py:4138} INFO - Setting next_dagrun for example_sensors to None, run_after=None
[2026-04-10T09:37:46.788+0900] {processor.py:208} INFO - Processing /home/airflow/.local/lib/python3.12/site-packages/airflow/example_dags/example_sensors.py took 0.077 seconds
[2026-04-10T09:38:17.393+0900] {processor.py:186} INFO - Started process (PID=150164) to work on /home/airflow/.local/lib/python3.12/site-packages/airflow/example_dags/example_sensors.py
[2026-04-10T09:38:17.393+0900] {processor.py:914} INFO - Processing file /home/airflow/.local/lib/python3.12/site-packages/airflow/example_dags/example_sensors.py for tasks to queue
[2026-04-10T09:38:17.395+0900] {logging_mixin.py:190} INFO - [2026-04-10T09:38:17.395+0900] {dagbag.py:587} INFO - Filling up the DagBag from /home/airflow/.local/lib/python3.12/site-packages/airflow/example_dags/example_sensors.py
[2026-04-10T09:38:17.404+0900] {processor.py:925} INFO - DAG(s) 'example_sensors' retrieved from /home/airflow/.local/lib/python3.12/site-packages/airflow/example_dags/example_sensors.py
[2026-04-10T09:38:17.425+0900] {logging_mixin.py:190} INFO - [2026-04-10T09:38:17.425+0900] {dag.py:3211} INFO - Sync 1 DAGs
[2026-04-10T09:38:17.435+0900] {logging_mixin.py:190} INFO - [2026-04-10T09:38:17.435+0900] {dag.py:4138} INFO - Setting next_dagrun for example_sensors to None, run_after=None
[2026-04-10T09:38:17.455+0900] {processor.py:208} INFO - Processing /home/airflow/.local/lib/python3.12/site-packages/airflow/example_dags/example_sensors.py took 0.067 seconds
[2026-04-10T09:38:48.307+0900] {processor.py:186} INFO - Started process (PID=150227) to work on /home/airflow/.local/lib/python3.12/site-packages/airflow/example_dags/example_sensors.py
[2026-04-10T09:38:48.308+0900] {processor.py:914} INFO - Processing file /home/airflow/.local/lib/python3.12/site-packages/airflow/example_dags/example_sensors.py for tasks to queue
[2026-04-10T09:38:48.310+0900] {logging_mixin.py:190} INFO - [2026-04-10T09:38:48.310+0900] {dagbag.py:587} INFO - Filling up the DagBag from /home/airflow/.local/lib/python3.12/site-packages/airflow/example_dags/example_sensors.py
[2026-04-10T09:38:48.319+0900] {processor.py:925} INFO - DAG(s) 'example_sensors' retrieved from /home/airflow/.local/lib/python3.12/site-packages/airflow/example_dags/example_sensors.py
[2026-04-10T09:38:48.339+0900] {logging_mixin.py:190} INFO - [2026-04-10T09:38:48.339+0900] {dag.py:3211} INFO - Sync 1 DAGs
[2026-04-10T09:38:48.350+0900] {logging_mixin.py:190} INFO - [2026-04-10T09:38:48.350+0900] {dag.py:4138} INFO - Setting next_dagrun for example_sensors to None, run_after=None
[2026-04-10T09:38:48.369+0900] {processor.py:208} INFO - Processing /home/airflow/.local/lib/python3.12/site-packages/airflow/example_dags/example_sensors.py took 0.067 seconds
[2026-04-10T09:39:19.080+0900] {processor.py:186} INFO - Started process (PID=150290) to work on /home/airflow/.local/lib/python3.12/site-packages/airflow/example_dags/example_sensors.py
[2026-04-10T09:39:19.080+0900] {processor.py:914} INFO - Processing file /home/airflow/.local/lib/python3.12/site-packages/airflow/example_dags/example_sensors.py for tasks to queue
[2026-04-10T09:39:19.082+0900] {logging_mixin.py:190} INFO - [2026-04-10T09:39:19.082+0900] {dagbag.py:587} INFO - Filling up the DagBag from /home/airflow/.local/lib/python3.12/site-packages/airflow/example_dags/example_sensors.py
[2026-04-10T09:39:19.090+0900] {processor.py:925} INFO - DAG(s) 'example_sensors' retrieved from /home/airflow/.local/lib/python3.12/site-packages/airflow/example_dags/example_sensors.py
[2026-04-10T09:39:19.109+0900] {logging_mixin.py:190} INFO - [2026-04-10T09:39:19.108+0900] {dag.py:3211} INFO - Sync 1 DAGs
[2026-04-10T09:39:19.118+0900] {logging_mixin.py:190} INFO - [2026-04-10T09:39:19.118+0900] {dag.py:4138} INFO - Setting next_dagrun for example_sensors to None, run_after=None
[2026-04-10T09:39:19.132+0900] {processor.py:208} INFO - Processing /home/airflow/.local/lib/python3.12/site-packages/airflow/example_dags/example_sensors.py took 0.056 seconds
[2026-04-10T09:39:49.795+0900] {processor.py:186} INFO - Started process (PID=150353) to work on /home/airflow/.local/lib/python3.12/site-packages/airflow/example_dags/example_sensors.py
[2026-04-10T09:39:49.796+0900] {processor.py:914} INFO - Processing file /home/airflow/.local/lib/python3.12/site-packages/airflow/example_dags/example_sensors.py for tasks to queue
[2026-04-10T09:39:49.798+0900] {logging_mixin.py:190} INFO - [2026-04-10T09:39:49.798+0900] {dagbag.py:587} INFO - Filling up the DagBag from /home/airflow/.local/lib/python3.12/site-packages/airflow/example_dags/example_sensors.py
[2026-04-10T09:39:49.806+0900] {processor.py:925} INFO - DAG(s) 'example_sensors' retrieved from /home/airflow/.local/lib/python3.12/site-packages/airflow/example_dags/example_sensors.py
[2026-04-10T09:39:49.825+0900] {logging_mixin.py:190} INFO - [2026-04-10T09:39:49.825+0900] {dag.py:3211} INFO - Sync 1 DAGs
[2026-04-10T09:39:49.834+0900] {logging_mixin.py:190} INFO - [2026-04-10T09:39:49.834+0900] {dag.py:4138} INFO - Setting next_dagrun for example_sensors to None, run_after=None
[2026-04-10T09:39:49.853+0900] {processor.py:208} INFO - Processing /home/airflow/.local/lib/python3.12/site-packages/airflow/example_dags/example_sensors.py took 0.063 seconds
[2026-04-10T09:40:20.395+0900] {processor.py:186} INFO - Started process (PID=150416) to work on /home/airflow/.local/lib/python3.12/site-packages/airflow/example_dags/example_sensors.py
[2026-04-10T09:40:20.396+0900] {processor.py:914} INFO - Processing file /home/airflow/.local/lib/python3.12/site-packages/airflow/example_dags/example_sensors.py for tasks to queue
[2026-04-10T09:40:20.398+0900] {logging_mixin.py:190} INFO - [2026-04-10T09:40:20.397+0900] {dagbag.py:587} INFO - Filling up the DagBag from /home/airflow/.local/lib/python3.12/site-packages/airflow/example_dags/example_sensors.py
[2026-04-10T09:40:20.405+0900] {processor.py:925} INFO - DAG(s) 'example_sensors' retrieved from /home/airflow/.local/lib/python3.12/site-packages/airflow/example_dags/example_sensors.py
[2026-04-10T09:40:20.423+0900] {logging_mixin.py:190} INFO - [2026-04-10T09:40:20.423+0900] {dag.py:3211} INFO - Sync 1 DAGs
[2026-04-10T09:40:20.432+0900] {logging_mixin.py:190} INFO - [2026-04-10T09:40:20.432+0900] {dag.py:4138} INFO - Setting next_dagrun for example_sensors to None, run_after=None
[2026-04-10T09:40:20.446+0900] {processor.py:208} INFO - Processing /home/airflow/.local/lib/python3.12/site-packages/airflow/example_dags/example_sensors.py took 0.055 seconds
[2026-04-10T09:40:51.157+0900] {processor.py:186} INFO - Started process (PID=150479) to work on /home/airflow/.local/lib/python3.12/site-packages/airflow/example_dags/example_sensors.py
[2026-04-10T09:40:51.158+0900] {processor.py:914} INFO - Processing file /home/airflow/.local/lib/python3.12/site-packages/airflow/example_dags/example_sensors.py for tasks to queue
[2026-04-10T09:40:51.160+0900] {logging_mixin.py:190} INFO - [2026-04-10T09:40:51.160+0900] {dagbag.py:587} INFO - Filling up the DagBag from /home/airflow/.local/lib/python3.12/site-packages/airflow/example_dags/example_sensors.py
[2026-04-10T09:40:51.167+0900] {processor.py:925} INFO - DAG(s) 'example_sensors' retrieved from /home/airflow/.local/lib/python3.12/site-packages/airflow/example_dags/example_sensors.py
[2026-04-10T09:40:51.186+0900] {logging_mixin.py:190} INFO - [2026-04-10T09:40:51.185+0900] {dag.py:3211} INFO - Sync 1 DAGs
[2026-04-10T09:40:51.195+0900] {logging_mixin.py:190} INFO - [2026-04-10T09:40:51.195+0900] {dag.py:4138} INFO - Setting next_dagrun for example_sensors to None, run_after=None
[2026-04-10T09:40:51.209+0900] {processor.py:208} INFO - Processing /home/airflow/.local/lib/python3.12/site-packages/airflow/example_dags/example_sensors.py took 0.056 seconds
[2026-04-10T09:41:21.793+0900] {processor.py:186} INFO - Started process (PID=150542) to work on /home/airflow/.local/lib/python3.12/site-packages/airflow/example_dags/example_sensors.py
[2026-04-10T09:41:21.794+0900] {processor.py:914} INFO - Processing file /home/airflow/.local/lib/python3.12/site-packages/airflow/example_dags/example_sensors.py for tasks to queue
[2026-04-10T09:41:21.796+0900] {logging_mixin.py:190} INFO - [2026-04-10T09:41:21.796+0900] {dagbag.py:587} INFO - Filling up the DagBag from /home/airflow/.local/lib/python3.12/site-packages/airflow/example_dags/example_sensors.py
[2026-04-10T09:41:21.804+0900] {processor.py:925} INFO - DAG(s) 'example_sensors' retrieved from /home/airflow/.local/lib/python3.12/site-packages/airflow/example_dags/example_sensors.py
[2026-04-10T09:41:21.823+0900] {logging_mixin.py:190} INFO - [2026-04-10T09:41:21.823+0900] {dag.py:3211} INFO - Sync 1 DAGs
[2026-04-10T09:41:21.833+0900] {logging_mixin.py:190} INFO - [2026-04-10T09:41:21.833+0900] {dag.py:4138} INFO - Setting next_dagrun for example_sensors to None, run_after=None
[2026-04-10T09:41:21.853+0900] {processor.py:208} INFO - Processing /home/airflow/.local/lib/python3.12/site-packages/airflow/example_dags/example_sensors.py took 0.065 seconds
[2026-04-10T09:41:52.530+0900] {processor.py:186} INFO - Started process (PID=150605) to work on /home/airflow/.local/lib/python3.12/site-packages/airflow/example_dags/example_sensors.py
[2026-04-10T09:41:52.530+0900] {processor.py:914} INFO - Processing file /home/airflow/.local/lib/python3.12/site-packages/airflow/example_dags/example_sensors.py for tasks to queue
[2026-04-10T09:41:52.533+0900] {logging_mixin.py:190} INFO - [2026-04-10T09:41:52.532+0900] {dagbag.py:587} INFO - Filling up the DagBag from /home/airflow/.local/lib/python3.12/site-packages/airflow/example_dags/example_sensors.py
[2026-04-10T09:41:52.540+0900] {processor.py:925} INFO - DAG(s) 'example_sensors' retrieved from /home/airflow/.local/lib/python3.12/site-packages/airflow/example_dags/example_sensors.py
[2026-04-10T09:41:52.561+0900] {logging_mixin.py:190} INFO - [2026-04-10T09:41:52.560+0900] {dag.py:3211} INFO - Sync 1 DAGs
[2026-04-10T09:41:52.571+0900] {logging_mixin.py:190} INFO - [2026-04-10T09:41:52.571+0900] {dag.py:4138} INFO - Setting next_dagrun for example_sensors to None, run_after=None
[2026-04-10T09:41:52.590+0900] {processor.py:208} INFO - Processing /home/airflow/.local/lib/python3.12/site-packages/airflow/example_dags/example_sensors.py took 0.065 seconds
[2026-04-10T09:42:23.238+0900] {processor.py:186} INFO - Started process (PID=150668) to work on /home/airflow/.local/lib/python3.12/site-packages/airflow/example_dags/example_sensors.py
[2026-04-10T09:42:23.239+0900] {processor.py:914} INFO - Processing file /home/airflow/.local/lib/python3.12/site-packages/airflow/example_dags/example_sensors.py for tasks to queue
[2026-04-10T09:42:23.241+0900] {logging_mixin.py:190} INFO - [2026-04-10T09:42:23.241+0900] {dagbag.py:587} INFO - Filling up the DagBag from /home/airflow/.local/lib/python3.12/site-packages/airflow/example_dags/example_sensors.py
[2026-04-10T09:42:23.250+0900] {processor.py:925} INFO - DAG(s) 'example_sensors' retrieved from /home/airflow/.local/lib/python3.12/site-packages/airflow/example_dags/example_sensors.py
[2026-04-10T09:42:23.268+0900] {logging_mixin.py:190} INFO - [2026-04-10T09:42:23.268+0900] {dag.py:3211} INFO - Sync 1 DAGs
[2026-04-10T09:42:23.279+0900] {logging_mixin.py:190} INFO - [2026-04-10T09:42:23.278+0900] {dag.py:4138} INFO - Setting next_dagrun for example_sensors to None, run_after=None
[2026-04-10T09:42:23.296+0900] {processor.py:208} INFO - Processing /home/airflow/.local/lib/python3.12/site-packages/airflow/example_dags/example_sensors.py took 0.061 seconds
[2026-04-10T09:42:53.979+0900] {processor.py:186} INFO - Started process (PID=150731) to work on /home/airflow/.local/lib/python3.12/site-packages/airflow/example_dags/example_sensors.py
[2026-04-10T09:42:53.981+0900] {processor.py:914} INFO - Processing file /home/airflow/.local/lib/python3.12/site-packages/airflow/example_dags/example_sensors.py for tasks to queue
[2026-04-10T09:42:53.983+0900] {logging_mixin.py:190} INFO - [2026-04-10T09:42:53.983+0900] {dagbag.py:587} INFO - Filling up the DagBag from /home/airflow/.local/lib/python3.12/site-packages/airflow/example_dags/example_sensors.py
[2026-04-10T09:42:53.992+0900] {processor.py:925} INFO - DAG(s) 'example_sensors' retrieved from /home/airflow/.local/lib/python3.12/site-packages/airflow/example_dags/example_sensors.py
[2026-04-10T09:42:54.012+0900] {logging_mixin.py:190} INFO - [2026-04-10T09:42:54.011+0900] {dag.py:3211} INFO - Sync 1 DAGs
[2026-04-10T09:42:54.022+0900] {logging_mixin.py:190} INFO - [2026-04-10T09:42:54.022+0900] {dag.py:4138} INFO - Setting next_dagrun for example_sensors to None, run_after=None
[2026-04-10T09:42:54.042+0900] {processor.py:208} INFO - Processing /home/airflow/.local/lib/python3.12/site-packages/airflow/example_dags/example_sensors.py took 0.067 seconds
[2026-04-10T09:43:24.184+0900] {processor.py:186} INFO - Started process (PID=150794) to work on /home/airflow/.local/lib/python3.12/site-packages/airflow/example_dags/example_sensors.py
[2026-04-10T09:43:24.185+0900] {processor.py:914} INFO - Processing file /home/airflow/.local/lib/python3.12/site-packages/airflow/example_dags/example_sensors.py for tasks to queue
[2026-04-10T09:43:24.187+0900] {logging_mixin.py:190} INFO - [2026-04-10T09:43:24.186+0900] {dagbag.py:587} INFO - Filling up the DagBag from /home/airflow/.local/lib/python3.12/site-packages/airflow/example_dags/example_sensors.py
[2026-04-10T09:43:24.195+0900] {processor.py:925} INFO - DAG(s) 'example_sensors' retrieved from /home/airflow/.local/lib/python3.12/site-packages/airflow/example_dags/example_sensors.py
[2026-04-10T09:43:24.217+0900] {logging_mixin.py:190} INFO - [2026-04-10T09:43:24.217+0900] {dag.py:3211} INFO - Sync 1 DAGs
[2026-04-10T09:43:24.233+0900] {logging_mixin.py:190} INFO - [2026-04-10T09:43:24.233+0900] {dag.py:4138} INFO - Setting next_dagrun for example_sensors to None, run_after=None
[2026-04-10T09:43:24.255+0900] {processor.py:208} INFO - Processing /home/airflow/.local/lib/python3.12/site-packages/airflow/example_dags/example_sensors.py took 0.076 seconds
[2026-04-10T09:43:54.633+0900] {processor.py:186} INFO - Started process (PID=150857) to work on /home/airflow/.local/lib/python3.12/site-packages/airflow/example_dags/example_sensors.py
[2026-04-10T09:43:54.634+0900] {processor.py:914} INFO - Processing file /home/airflow/.local/lib/python3.12/site-packages/airflow/example_dags/example_sensors.py for tasks to queue
[2026-04-10T09:43:54.637+0900] {logging_mixin.py:190} INFO - [2026-04-10T09:43:54.636+0900] {dagbag.py:587} INFO - Filling up the DagBag from /home/airflow/.local/lib/python3.12/site-packages/airflow/example_dags/example_sensors.py
[2026-04-10T09:43:54.644+0900] {processor.py:925} INFO - DAG(s) 'example_sensors' retrieved from /home/airflow/.local/lib/python3.12/site-packages/airflow/example_dags/example_sensors.py
[2026-04-10T09:43:54.665+0900] {logging_mixin.py:190} INFO - [2026-04-10T09:43:54.665+0900] {dag.py:3211} INFO - Sync 1 DAGs
[2026-04-10T09:43:54.675+0900] {logging_mixin.py:190} INFO - [2026-04-10T09:43:54.675+0900] {dag.py:4138} INFO - Setting next_dagrun for example_sensors to None, run_after=None
[2026-04-10T09:43:54.691+0900] {processor.py:208} INFO - Processing /home/airflow/.local/lib/python3.12/site-packages/airflow/example_dags/example_sensors.py took 0.063 seconds
[2026-04-10T09:44:24.777+0900] {processor.py:186} INFO - Started process (PID=150920) to work on /home/airflow/.local/lib/python3.12/site-packages/airflow/example_dags/example_sensors.py
[2026-04-10T09:44:24.778+0900] {processor.py:914} INFO - Processing file /home/airflow/.local/lib/python3.12/site-packages/airflow/example_dags/example_sensors.py for tasks to queue
[2026-04-10T09:44:24.781+0900] {logging_mixin.py:190} INFO - [2026-04-10T09:44:24.781+0900] {dagbag.py:587} INFO - Filling up the DagBag from /home/airflow/.local/lib/python3.12/site-packages/airflow/example_dags/example_sensors.py
[2026-04-10T09:44:24.790+0900] {processor.py:925} INFO - DAG(s) 'example_sensors' retrieved from /home/airflow/.local/lib/python3.12/site-packages/airflow/example_dags/example_sensors.py
[2026-04-10T09:44:24.809+0900] {logging_mixin.py:190} INFO - [2026-04-10T09:44:24.808+0900] {dag.py:3211} INFO - Sync 1 DAGs
[2026-04-10T09:44:24.819+0900] {logging_mixin.py:190} INFO - [2026-04-10T09:44:24.818+0900] {dag.py:4138} INFO - Setting next_dagrun for example_sensors to None, run_after=None
[2026-04-10T09:44:24.833+0900] {processor.py:208} INFO - Processing /home/airflow/.local/lib/python3.12/site-packages/airflow/example_dags/example_sensors.py took 0.060 seconds
[2026-04-10T09:44:54.986+0900] {processor.py:186} INFO - Started process (PID=150983) to work on /home/airflow/.local/lib/python3.12/site-packages/airflow/example_dags/example_sensors.py
[2026-04-10T09:44:54.987+0900] {processor.py:914} INFO - Processing file /home/airflow/.local/lib/python3.12/site-packages/airflow/example_dags/example_sensors.py for tasks to queue
[2026-04-10T09:44:54.989+0900] {logging_mixin.py:190} INFO - [2026-04-10T09:44:54.989+0900] {dagbag.py:587} INFO - Filling up the DagBag from /home/airflow/.local/lib/python3.12/site-packages/airflow/example_dags/example_sensors.py
[2026-04-10T09:44:54.997+0900] {processor.py:925} INFO - DAG(s) 'example_sensors' retrieved from /home/airflow/.local/lib/python3.12/site-packages/airflow/example_dags/example_sensors.py
[2026-04-10T09:44:55.018+0900] {logging_mixin.py:190} INFO - [2026-04-10T09:44:55.018+0900] {dag.py:3211} INFO - Sync 1 DAGs
[2026-04-10T09:44:55.028+0900] {logging_mixin.py:190} INFO - [2026-04-10T09:44:55.028+0900] {dag.py:4138} INFO - Setting next_dagrun for example_sensors to None, run_after=None
[2026-04-10T09:44:55.042+0900] {processor.py:208} INFO - Processing /home/airflow/.local/lib/python3.12/site-packages/airflow/example_dags/example_sensors.py took 0.061 seconds
[2026-04-10T09:45:25.242+0900] {processor.py:186} INFO - Started process (PID=151046) to work on /home/airflow/.local/lib/python3.12/site-packages/airflow/example_dags/example_sensors.py
[2026-04-10T09:45:25.242+0900] {processor.py:914} INFO - Processing file /home/airflow/.local/lib/python3.12/site-packages/airflow/example_dags/example_sensors.py for tasks to queue
[2026-04-10T09:45:25.244+0900] {logging_mixin.py:190} INFO - [2026-04-10T09:45:25.244+0900] {dagbag.py:587} INFO - Filling up the DagBag from /home/airflow/.local/lib/python3.12/site-packages/airflow/example_dags/example_sensors.py
[2026-04-10T09:45:25.252+0900] {processor.py:925} INFO - DAG(s) 'example_sensors' retrieved from /home/airflow/.local/lib/python3.12/site-packages/airflow/example_dags/example_sensors.py
[2026-04-10T09:45:25.272+0900] {logging_mixin.py:190} INFO - [2026-04-10T09:45:25.272+0900] {dag.py:3211} INFO - Sync 1 DAGs
[2026-04-10T09:45:25.283+0900] {logging_mixin.py:190} INFO - [2026-04-10T09:45:25.282+0900] {dag.py:4138} INFO - Setting next_dagrun for example_sensors to None, run_after=None
[2026-04-10T09:45:25.299+0900] {processor.py:208} INFO - Processing /home/airflow/.local/lib/python3.12/site-packages/airflow/example_dags/example_sensors.py took 0.062 seconds
[2026-04-10T09:45:55.613+0900] {processor.py:186} INFO - Started process (PID=151109) to work on /home/airflow/.local/lib/python3.12/site-packages/airflow/example_dags/example_sensors.py
[2026-04-10T09:45:55.614+0900] {processor.py:914} INFO - Processing file /home/airflow/.local/lib/python3.12/site-packages/airflow/example_dags/example_sensors.py for tasks to queue
[2026-04-10T09:45:55.616+0900] {logging_mixin.py:190} INFO - [2026-04-10T09:45:55.616+0900] {dagbag.py:587} INFO - Filling up the DagBag from /home/airflow/.local/lib/python3.12/site-packages/airflow/example_dags/example_sensors.py
[2026-04-10T09:45:55.626+0900] {processor.py:925} INFO - DAG(s) 'example_sensors' retrieved from /home/airflow/.local/lib/python3.12/site-packages/airflow/example_dags/example_sensors.py
[2026-04-10T09:45:55.648+0900] {logging_mixin.py:190} INFO - [2026-04-10T09:45:55.648+0900] {dag.py:3211} INFO - Sync 1 DAGs
[2026-04-10T09:45:55.660+0900] {logging_mixin.py:190} INFO - [2026-04-10T09:45:55.659+0900] {dag.py:4138} INFO - Setting next_dagrun for example_sensors to None, run_after=None
[2026-04-10T09:45:55.680+0900] {processor.py:208} INFO - Processing /home/airflow/.local/lib/python3.12/site-packages/airflow/example_dags/example_sensors.py took 0.071 seconds
[2026-04-10T09:46:26.515+0900] {processor.py:186} INFO - Started process (PID=151172) to work on /home/airflow/.local/lib/python3.12/site-packages/airflow/example_dags/example_sensors.py
[2026-04-10T09:46:26.516+0900] {processor.py:914} INFO - Processing file /home/airflow/.local/lib/python3.12/site-packages/airflow/example_dags/example_sensors.py for tasks to queue
[2026-04-10T09:46:26.518+0900] {logging_mixin.py:190} INFO - [2026-04-10T09:46:26.518+0900] {dagbag.py:587} INFO - Filling up the DagBag from /home/airflow/.local/lib/python3.12/site-packages/airflow/example_dags/example_sensors.py
[2026-04-10T09:46:26.528+0900] {processor.py:925} INFO - DAG(s) 'example_sensors' retrieved from /home/airflow/.local/lib/python3.12/site-packages/airflow/example_dags/example_sensors.py
[2026-04-10T09:46:26.548+0900] {logging_mixin.py:190} INFO - [2026-04-10T09:46:26.547+0900] {dag.py:3211} INFO - Sync 1 DAGs
[2026-04-10T09:46:26.558+0900] {logging_mixin.py:190} INFO - [2026-04-10T09:46:26.558+0900] {dag.py:4138} INFO - Setting next_dagrun for example_sensors to None, run_after=None
[2026-04-10T09:46:26.578+0900] {processor.py:208} INFO - Processing /home/airflow/.local/lib/python3.12/site-packages/airflow/example_dags/example_sensors.py took 0.067 seconds
[2026-04-10T09:46:57.069+0900] {processor.py:186} INFO - Started process (PID=151235) to work on /home/airflow/.local/lib/python3.12/site-packages/airflow/example_dags/example_sensors.py
[2026-04-10T09:46:57.071+0900] {processor.py:914} INFO - Processing file /home/airflow/.local/lib/python3.12/site-packages/airflow/example_dags/example_sensors.py for tasks to queue
[2026-04-10T09:46:57.073+0900] {logging_mixin.py:190} INFO - [2026-04-10T09:46:57.072+0900] {dagbag.py:587} INFO - Filling up the DagBag from /home/airflow/.local/lib/python3.12/site-packages/airflow/example_dags/example_sensors.py
[2026-04-10T09:46:57.081+0900] {processor.py:925} INFO - DAG(s) 'example_sensors' retrieved from /home/airflow/.local/lib/python3.12/site-packages/airflow/example_dags/example_sensors.py
[2026-04-10T09:46:57.100+0900] {logging_mixin.py:190} INFO - [2026-04-10T09:46:57.099+0900] {dag.py:3211} INFO - Sync 1 DAGs
[2026-04-10T09:46:57.109+0900] {logging_mixin.py:190} INFO - [2026-04-10T09:46:57.109+0900] {dag.py:4138} INFO - Setting next_dagrun for example_sensors to None, run_after=None
[2026-04-10T09:46:57.123+0900] {processor.py:208} INFO - Processing /home/airflow/.local/lib/python3.12/site-packages/airflow/example_dags/example_sensors.py took 0.058 seconds
[2026-04-10T09:47:27.568+0900] {processor.py:186} INFO - Started process (PID=151298) to work on /home/airflow/.local/lib/python3.12/site-packages/airflow/example_dags/example_sensors.py
[2026-04-10T09:47:27.569+0900] {processor.py:914} INFO - Processing file /home/airflow/.local/lib/python3.12/site-packages/airflow/example_dags/example_sensors.py for tasks to queue
[2026-04-10T09:47:27.571+0900] {logging_mixin.py:190} INFO - [2026-04-10T09:47:27.570+0900] {dagbag.py:587} INFO - Filling up the DagBag from /home/airflow/.local/lib/python3.12/site-packages/airflow/example_dags/example_sensors.py
[2026-04-10T09:47:27.579+0900] {processor.py:925} INFO - DAG(s) 'example_sensors' retrieved from /home/airflow/.local/lib/python3.12/site-packages/airflow/example_dags/example_sensors.py
[2026-04-10T09:47:27.597+0900] {logging_mixin.py:190} INFO - [2026-04-10T09:47:27.597+0900] {dag.py:3211} INFO - Sync 1 DAGs
[2026-04-10T09:47:27.607+0900] {logging_mixin.py:190} INFO - [2026-04-10T09:47:27.607+0900] {dag.py:4138} INFO - Setting next_dagrun for example_sensors to None, run_after=None
[2026-04-10T09:47:27.626+0900] {processor.py:208} INFO - Processing /home/airflow/.local/lib/python3.12/site-packages/airflow/example_dags/example_sensors.py took 0.062 seconds
[2026-04-10T09:47:58.112+0900] {processor.py:186} INFO - Started process (PID=151361) to work on /home/airflow/.local/lib/python3.12/site-packages/airflow/example_dags/example_sensors.py
[2026-04-10T09:47:58.113+0900] {processor.py:914} INFO - Processing file /home/airflow/.local/lib/python3.12/site-packages/airflow/example_dags/example_sensors.py for tasks to queue
[2026-04-10T09:47:58.116+0900] {logging_mixin.py:190} INFO - [2026-04-10T09:47:58.115+0900] {dagbag.py:587} INFO - Filling up the DagBag from /home/airflow/.local/lib/python3.12/site-packages/airflow/example_dags/example_sensors.py
[2026-04-10T09:47:58.125+0900] {processor.py:925} INFO - DAG(s) 'example_sensors' retrieved from /home/airflow/.local/lib/python3.12/site-packages/airflow/example_dags/example_sensors.py
[2026-04-10T09:47:58.144+0900] {logging_mixin.py:190} INFO - [2026-04-10T09:47:58.144+0900] {dag.py:3211} INFO - Sync 1 DAGs
[2026-04-10T09:47:58.154+0900] {logging_mixin.py:190} INFO - [2026-04-10T09:47:58.154+0900] {dag.py:4138} INFO - Setting next_dagrun for example_sensors to None, run_after=None
[2026-04-10T09:47:58.168+0900] {processor.py:208} INFO - Processing /home/airflow/.local/lib/python3.12/site-packages/airflow/example_dags/example_sensors.py took 0.060 seconds
[2026-04-10T09:48:28.695+0900] {processor.py:186} INFO - Started process (PID=151424) to work on /home/airflow/.local/lib/python3.12/site-packages/airflow/example_dags/example_sensors.py
[2026-04-10T09:48:28.696+0900] {processor.py:914} INFO - Processing file /home/airflow/.local/lib/python3.12/site-packages/airflow/example_dags/example_sensors.py for tasks to queue
[2026-04-10T09:48:28.698+0900] {logging_mixin.py:190} INFO - [2026-04-10T09:48:28.698+0900] {dagbag.py:587} INFO - Filling up the DagBag from /home/airflow/.local/lib/python3.12/site-packages/airflow/example_dags/example_sensors.py
[2026-04-10T09:48:28.705+0900] {processor.py:925} INFO - DAG(s) 'example_sensors' retrieved from /home/airflow/.local/lib/python3.12/site-packages/airflow/example_dags/example_sensors.py
[2026-04-10T09:48:28.724+0900] {logging_mixin.py:190} INFO - [2026-04-10T09:48:28.724+0900] {dag.py:3211} INFO - Sync 1 DAGs
[2026-04-10T09:48:28.734+0900] {logging_mixin.py:190} INFO - [2026-04-10T09:48:28.734+0900] {dag.py:4138} INFO - Setting next_dagrun for example_sensors to None, run_after=None
[2026-04-10T09:48:28.747+0900] {processor.py:208} INFO - Processing /home/airflow/.local/lib/python3.12/site-packages/airflow/example_dags/example_sensors.py took 0.058 seconds
[2026-04-10T09:48:58.807+0900] {processor.py:186} INFO - Started process (PID=151487) to work on /home/airflow/.local/lib/python3.12/site-packages/airflow/example_dags/example_sensors.py
[2026-04-10T09:48:58.808+0900] {processor.py:914} INFO - Processing file /home/airflow/.local/lib/python3.12/site-packages/airflow/example_dags/example_sensors.py for tasks to queue
[2026-04-10T09:48:58.810+0900] {logging_mixin.py:190} INFO - [2026-04-10T09:48:58.810+0900] {dagbag.py:587} INFO - Filling up the DagBag from /home/airflow/.local/lib/python3.12/site-packages/airflow/example_dags/example_sensors.py
[2026-04-10T09:48:58.819+0900] {processor.py:925} INFO - DAG(s) 'example_sensors' retrieved from /home/airflow/.local/lib/python3.12/site-packages/airflow/example_dags/example_sensors.py
[2026-04-10T09:48:58.837+0900] {logging_mixin.py:190} INFO - [2026-04-10T09:48:58.837+0900] {dag.py:3211} INFO - Sync 1 DAGs
[2026-04-10T09:48:58.847+0900] {logging_mixin.py:190} INFO - [2026-04-10T09:48:58.846+0900] {dag.py:4138} INFO - Setting next_dagrun for example_sensors to None, run_after=None
[2026-04-10T09:48:58.859+0900] {processor.py:208} INFO - Processing /home/airflow/.local/lib/python3.12/site-packages/airflow/example_dags/example_sensors.py took 0.057 seconds
[2026-04-10T09:49:29.638+0900] {processor.py:186} INFO - Started process (PID=151550) to work on /home/airflow/.local/lib/python3.12/site-packages/airflow/example_dags/example_sensors.py
[2026-04-10T09:49:29.639+0900] {processor.py:914} INFO - Processing file /home/airflow/.local/lib/python3.12/site-packages/airflow/example_dags/example_sensors.py for tasks to queue
[2026-04-10T09:49:29.641+0900] {logging_mixin.py:190} INFO - [2026-04-10T09:49:29.641+0900] {dagbag.py:587} INFO - Filling up the DagBag from /home/airflow/.local/lib/python3.12/site-packages/airflow/example_dags/example_sensors.py
[2026-04-10T09:49:29.649+0900] {processor.py:925} INFO - DAG(s) 'example_sensors' retrieved from /home/airflow/.local/lib/python3.12/site-packages/airflow/example_dags/example_sensors.py
[2026-04-10T09:49:29.667+0900] {logging_mixin.py:190} INFO - [2026-04-10T09:49:29.667+0900] {dag.py:3211} INFO - Sync 1 DAGs
[2026-04-10T09:49:29.677+0900] {logging_mixin.py:190} INFO - [2026-04-10T09:49:29.677+0900] {dag.py:4138} INFO - Setting next_dagrun for example_sensors to None, run_after=None
[2026-04-10T09:49:29.690+0900] {processor.py:208} INFO - Processing /home/airflow/.local/lib/python3.12/site-packages/airflow/example_dags/example_sensors.py took 0.056 seconds
[2026-04-10T09:50:00.238+0900] {processor.py:186} INFO - Started process (PID=151613) to work on /home/airflow/.local/lib/python3.12/site-packages/airflow/example_dags/example_sensors.py
[2026-04-10T09:50:00.239+0900] {processor.py:914} INFO - Processing file /home/airflow/.local/lib/python3.12/site-packages/airflow/example_dags/example_sensors.py for tasks to queue
[2026-04-10T09:50:00.241+0900] {logging_mixin.py:190} INFO - [2026-04-10T09:50:00.241+0900] {dagbag.py:587} INFO - Filling up the DagBag from /home/airflow/.local/lib/python3.12/site-packages/airflow/example_dags/example_sensors.py
[2026-04-10T09:50:00.249+0900] {processor.py:925} INFO - DAG(s) 'example_sensors' retrieved from /home/airflow/.local/lib/python3.12/site-packages/airflow/example_dags/example_sensors.py
[2026-04-10T09:50:00.269+0900] {logging_mixin.py:190} INFO - [2026-04-10T09:50:00.269+0900] {dag.py:3211} INFO - Sync 1 DAGs
[2026-04-10T09:50:00.279+0900] {logging_mixin.py:190} INFO - [2026-04-10T09:50:00.279+0900] {dag.py:4138} INFO - Setting next_dagrun for example_sensors to None, run_after=None
[2026-04-10T09:50:00.295+0900] {processor.py:208} INFO - Processing /home/airflow/.local/lib/python3.12/site-packages/airflow/example_dags/example_sensors.py took 0.061 seconds
[2026-04-10T09:50:30.885+0900] {processor.py:186} INFO - Started process (PID=151676) to work on /home/airflow/.local/lib/python3.12/site-packages/airflow/example_dags/example_sensors.py
[2026-04-10T09:50:30.886+0900] {processor.py:914} INFO - Processing file /home/airflow/.local/lib/python3.12/site-packages/airflow/example_dags/example_sensors.py for tasks to queue
[2026-04-10T09:50:30.889+0900] {logging_mixin.py:190} INFO - [2026-04-10T09:50:30.889+0900] {dagbag.py:587} INFO - Filling up the DagBag from /home/airflow/.local/lib/python3.12/site-packages/airflow/example_dags/example_sensors.py
[2026-04-10T09:50:30.898+0900] {processor.py:925} INFO - DAG(s) 'example_sensors' retrieved from /home/airflow/.local/lib/python3.12/site-packages/airflow/example_dags/example_sensors.py
[2026-04-10T09:50:30.920+0900] {logging_mixin.py:190} INFO - [2026-04-10T09:50:30.920+0900] {dag.py:3211} INFO - Sync 1 DAGs
[2026-04-10T09:50:30.932+0900] {logging_mixin.py:190} INFO - [2026-04-10T09:50:30.932+0900] {dag.py:4138} INFO - Setting next_dagrun for example_sensors to None, run_after=None
[2026-04-10T09:50:30.948+0900] {processor.py:208} INFO - Processing /home/airflow/.local/lib/python3.12/site-packages/airflow/example_dags/example_sensors.py took 0.068 seconds
[2026-04-10T09:51:01.309+0900] {processor.py:186} INFO - Started process (PID=151739) to work on /home/airflow/.local/lib/python3.12/site-packages/airflow/example_dags/example_sensors.py
[2026-04-10T09:51:01.311+0900] {processor.py:914} INFO - Processing file /home/airflow/.local/lib/python3.12/site-packages/airflow/example_dags/example_sensors.py for tasks to queue
[2026-04-10T09:51:01.314+0900] {logging_mixin.py:190} INFO - [2026-04-10T09:51:01.313+0900] {dagbag.py:587} INFO - Filling up the DagBag from /home/airflow/.local/lib/python3.12/site-packages/airflow/example_dags/example_sensors.py
[2026-04-10T09:51:01.326+0900] {processor.py:925} INFO - DAG(s) 'example_sensors' retrieved from /home/airflow/.local/lib/python3.12/site-packages/airflow/example_dags/example_sensors.py
[2026-04-10T09:51:01.357+0900] {logging_mixin.py:190} INFO - [2026-04-10T09:51:01.356+0900] {dag.py:3211} INFO - Sync 1 DAGs
[2026-04-10T09:51:01.372+0900] {logging_mixin.py:190} INFO - [2026-04-10T09:51:01.371+0900] {dag.py:4138} INFO - Setting next_dagrun for example_sensors to None, run_after=None
[2026-04-10T09:51:01.392+0900] {processor.py:208} INFO - Processing /home/airflow/.local/lib/python3.12/site-packages/airflow/example_dags/example_sensors.py took 0.088 seconds
[2026-04-10T09:51:31.497+0900] {processor.py:186} INFO - Started process (PID=151802) to work on /home/airflow/.local/lib/python3.12/site-packages/airflow/example_dags/example_sensors.py
[2026-04-10T09:51:31.498+0900] {processor.py:914} INFO - Processing file /home/airflow/.local/lib/python3.12/site-packages/airflow/example_dags/example_sensors.py for tasks to queue
[2026-04-10T09:51:31.501+0900] {logging_mixin.py:190} INFO - [2026-04-10T09:51:31.501+0900] {dagbag.py:587} INFO - Filling up the DagBag from /home/airflow/.local/lib/python3.12/site-packages/airflow/example_dags/example_sensors.py
[2026-04-10T09:51:31.509+0900] {processor.py:925} INFO - DAG(s) 'example_sensors' retrieved from /home/airflow/.local/lib/python3.12/site-packages/airflow/example_dags/example_sensors.py
[2026-04-10T09:51:31.529+0900] {logging_mixin.py:190} INFO - [2026-04-10T09:51:31.528+0900] {dag.py:3211} INFO - Sync 1 DAGs
[2026-04-10T09:51:31.538+0900] {logging_mixin.py:190} INFO - [2026-04-10T09:51:31.538+0900] {dag.py:4138} INFO - Setting next_dagrun for example_sensors to None, run_after=None
[2026-04-10T09:51:31.552+0900] {processor.py:208} INFO - Processing /home/airflow/.local/lib/python3.12/site-packages/airflow/example_dags/example_sensors.py took 0.059 seconds
[2026-04-10T09:52:01.901+0900] {processor.py:186} INFO - Started process (PID=151865) to work on /home/airflow/.local/lib/python3.12/site-packages/airflow/example_dags/example_sensors.py
[2026-04-10T09:52:01.902+0900] {processor.py:914} INFO - Processing file /home/airflow/.local/lib/python3.12/site-packages/airflow/example_dags/example_sensors.py for tasks to queue
[2026-04-10T09:52:01.904+0900] {logging_mixin.py:190} INFO - [2026-04-10T09:52:01.904+0900] {dagbag.py:587} INFO - Filling up the DagBag from /home/airflow/.local/lib/python3.12/site-packages/airflow/example_dags/example_sensors.py
[2026-04-10T09:52:01.912+0900] {processor.py:925} INFO - DAG(s) 'example_sensors' retrieved from /home/airflow/.local/lib/python3.12/site-packages/airflow/example_dags/example_sensors.py
[2026-04-10T09:52:01.931+0900] {logging_mixin.py:190} INFO - [2026-04-10T09:52:01.931+0900] {dag.py:3211} INFO - Sync 1 DAGs
[2026-04-10T09:52:01.941+0900] {logging_mixin.py:190} INFO - [2026-04-10T09:52:01.941+0900] {dag.py:4138} INFO - Setting next_dagrun for example_sensors to None, run_after=None
[2026-04-10T09:52:01.957+0900] {processor.py:208} INFO - Processing /home/airflow/.local/lib/python3.12/site-packages/airflow/example_dags/example_sensors.py took 0.060 seconds
[2026-04-10T09:52:32.180+0900] {processor.py:186} INFO - Started process (PID=151929) to work on /home/airflow/.local/lib/python3.12/site-packages/airflow/example_dags/example_sensors.py
[2026-04-10T09:52:32.181+0900] {processor.py:914} INFO - Processing file /home/airflow/.local/lib/python3.12/site-packages/airflow/example_dags/example_sensors.py for tasks to queue
[2026-04-10T09:52:32.184+0900] {logging_mixin.py:190} INFO - [2026-04-10T09:52:32.184+0900] {dagbag.py:587} INFO - Filling up the DagBag from /home/airflow/.local/lib/python3.12/site-packages/airflow/example_dags/example_sensors.py
[2026-04-10T09:52:32.193+0900] {processor.py:925} INFO - DAG(s) 'example_sensors' retrieved from /home/airflow/.local/lib/python3.12/site-packages/airflow/example_dags/example_sensors.py
[2026-04-10T09:52:32.215+0900] {logging_mixin.py:190} INFO - [2026-04-10T09:52:32.215+0900] {dag.py:3211} INFO - Sync 1 DAGs
[2026-04-10T09:52:32.226+0900] {logging_mixin.py:190} INFO - [2026-04-10T09:52:32.226+0900] {dag.py:4138} INFO - Setting next_dagrun for example_sensors to None, run_after=None
[2026-04-10T09:52:32.246+0900] {processor.py:208} INFO - Processing /home/airflow/.local/lib/python3.12/site-packages/airflow/example_dags/example_sensors.py took 0.071 seconds
[2026-04-10T09:53:02.497+0900] {processor.py:186} INFO - Started process (PID=151992) to work on /home/airflow/.local/lib/python3.12/site-packages/airflow/example_dags/example_sensors.py
[2026-04-10T09:53:02.497+0900] {processor.py:914} INFO - Processing file /home/airflow/.local/lib/python3.12/site-packages/airflow/example_dags/example_sensors.py for tasks to queue
[2026-04-10T09:53:02.499+0900] {logging_mixin.py:190} INFO - [2026-04-10T09:53:02.499+0900] {dagbag.py:587} INFO - Filling up the DagBag from /home/airflow/.local/lib/python3.12/site-packages/airflow/example_dags/example_sensors.py
[2026-04-10T09:53:02.507+0900] {processor.py:925} INFO - DAG(s) 'example_sensors' retrieved from /home/airflow/.local/lib/python3.12/site-packages/airflow/example_dags/example_sensors.py
[2026-04-10T09:53:02.527+0900] {logging_mixin.py:190} INFO - [2026-04-10T09:53:02.527+0900] {dag.py:3211} INFO - Sync 1 DAGs
[2026-04-10T09:53:02.538+0900] {logging_mixin.py:190} INFO - [2026-04-10T09:53:02.537+0900] {dag.py:4138} INFO - Setting next_dagrun for example_sensors to None, run_after=None
[2026-04-10T09:53:02.553+0900] {processor.py:208} INFO - Processing /home/airflow/.local/lib/python3.12/site-packages/airflow/example_dags/example_sensors.py took 0.061 seconds
[2026-04-10T09:53:32.661+0900] {processor.py:186} INFO - Started process (PID=152054) to work on /home/airflow/.local/lib/python3.12/site-packages/airflow/example_dags/example_sensors.py
[2026-04-10T09:53:32.662+0900] {processor.py:914} INFO - Processing file /home/airflow/.local/lib/python3.12/site-packages/airflow/example_dags/example_sensors.py for tasks to queue
[2026-04-10T09:53:32.664+0900] {logging_mixin.py:190} INFO - [2026-04-10T09:53:32.664+0900] {dagbag.py:587} INFO - Filling up the DagBag from /home/airflow/.local/lib/python3.12/site-packages/airflow/example_dags/example_sensors.py
[2026-04-10T09:53:32.673+0900] {processor.py:925} INFO - DAG(s) 'example_sensors' retrieved from /home/airflow/.local/lib/python3.12/site-packages/airflow/example_dags/example_sensors.py
[2026-04-10T09:53:32.693+0900] {logging_mixin.py:190} INFO - [2026-04-10T09:53:32.693+0900] {dag.py:3211} INFO - Sync 1 DAGs
[2026-04-10T09:53:32.703+0900] {logging_mixin.py:190} INFO - [2026-04-10T09:53:32.703+0900] {dag.py:4138} INFO - Setting next_dagrun for example_sensors to None, run_after=None
[2026-04-10T09:53:32.722+0900] {processor.py:208} INFO - Processing /home/airflow/.local/lib/python3.12/site-packages/airflow/example_dags/example_sensors.py took 0.066 seconds
[2026-04-10T09:54:02.807+0900] {processor.py:186} INFO - Started process (PID=152117) to work on /home/airflow/.local/lib/python3.12/site-packages/airflow/example_dags/example_sensors.py
[2026-04-10T09:54:02.808+0900] {processor.py:914} INFO - Processing file /home/airflow/.local/lib/python3.12/site-packages/airflow/example_dags/example_sensors.py for tasks to queue
[2026-04-10T09:54:02.810+0900] {logging_mixin.py:190} INFO - [2026-04-10T09:54:02.810+0900] {dagbag.py:587} INFO - Filling up the DagBag from /home/airflow/.local/lib/python3.12/site-packages/airflow/example_dags/example_sensors.py
[2026-04-10T09:54:02.818+0900] {processor.py:925} INFO - DAG(s) 'example_sensors' retrieved from /home/airflow/.local/lib/python3.12/site-packages/airflow/example_dags/example_sensors.py
[2026-04-10T09:54:02.839+0900] {logging_mixin.py:190} INFO - [2026-04-10T09:54:02.839+0900] {dag.py:3211} INFO - Sync 1 DAGs
[2026-04-10T09:54:02.849+0900] {logging_mixin.py:190} INFO - [2026-04-10T09:54:02.849+0900] {dag.py:4138} INFO - Setting next_dagrun for example_sensors to None, run_after=None
[2026-04-10T09:54:02.864+0900] {processor.py:208} INFO - Processing /home/airflow/.local/lib/python3.12/site-packages/airflow/example_dags/example_sensors.py took 0.062 seconds
[2026-04-10T09:54:33.053+0900] {processor.py:186} INFO - Started process (PID=152180) to work on /home/airflow/.local/lib/python3.12/site-packages/airflow/example_dags/example_sensors.py
[2026-04-10T09:54:33.054+0900] {processor.py:914} INFO - Processing file /home/airflow/.local/lib/python3.12/site-packages/airflow/example_dags/example_sensors.py for tasks to queue
[2026-04-10T09:54:33.056+0900] {logging_mixin.py:190} INFO - [2026-04-10T09:54:33.055+0900] {dagbag.py:587} INFO - Filling up the DagBag from /home/airflow/.local/lib/python3.12/site-packages/airflow/example_dags/example_sensors.py
[2026-04-10T09:54:33.063+0900] {processor.py:925} INFO - DAG(s) 'example_sensors' retrieved from /home/airflow/.local/lib/python3.12/site-packages/airflow/example_dags/example_sensors.py
[2026-04-10T09:54:33.083+0900] {logging_mixin.py:190} INFO - [2026-04-10T09:54:33.083+0900] {dag.py:3211} INFO - Sync 1 DAGs
[2026-04-10T09:54:33.094+0900] {logging_mixin.py:190} INFO - [2026-04-10T09:54:33.094+0900] {dag.py:4138} INFO - Setting next_dagrun for example_sensors to None, run_after=None
[2026-04-10T09:54:33.112+0900] {processor.py:208} INFO - Processing /home/airflow/.local/lib/python3.12/site-packages/airflow/example_dags/example_sensors.py took 0.063 seconds
[2026-04-10T09:55:03.568+0900] {processor.py:186} INFO - Started process (PID=152243) to work on /home/airflow/.local/lib/python3.12/site-packages/airflow/example_dags/example_sensors.py
[2026-04-10T09:55:03.569+0900] {processor.py:914} INFO - Processing file /home/airflow/.local/lib/python3.12/site-packages/airflow/example_dags/example_sensors.py for tasks to queue
[2026-04-10T09:55:03.571+0900] {logging_mixin.py:190} INFO - [2026-04-10T09:55:03.571+0900] {dagbag.py:587} INFO - Filling up the DagBag from /home/airflow/.local/lib/python3.12/site-packages/airflow/example_dags/example_sensors.py
[2026-04-10T09:55:03.579+0900] {processor.py:925} INFO - DAG(s) 'example_sensors' retrieved from /home/airflow/.local/lib/python3.12/site-packages/airflow/example_dags/example_sensors.py
[2026-04-10T09:55:03.598+0900] {logging_mixin.py:190} INFO - [2026-04-10T09:55:03.598+0900] {dag.py:3211} INFO - Sync 1 DAGs
[2026-04-10T09:55:03.609+0900] {logging_mixin.py:190} INFO - [2026-04-10T09:55:03.608+0900] {dag.py:4138} INFO - Setting next_dagrun for example_sensors to None, run_after=None
[2026-04-10T09:55:03.630+0900] {processor.py:208} INFO - Processing /home/airflow/.local/lib/python3.12/site-packages/airflow/example_dags/example_sensors.py took 0.067 seconds
[2026-04-10T09:55:33.737+0900] {processor.py:186} INFO - Started process (PID=152306) to work on /home/airflow/.local/lib/python3.12/site-packages/airflow/example_dags/example_sensors.py
[2026-04-10T09:55:33.738+0900] {processor.py:914} INFO - Processing file /home/airflow/.local/lib/python3.12/site-packages/airflow/example_dags/example_sensors.py for tasks to queue
[2026-04-10T09:55:33.741+0900] {logging_mixin.py:190} INFO - [2026-04-10T09:55:33.740+0900] {dagbag.py:587} INFO - Filling up the DagBag from /home/airflow/.local/lib/python3.12/site-packages/airflow/example_dags/example_sensors.py
[2026-04-10T09:55:33.749+0900] {processor.py:925} INFO - DAG(s) 'example_sensors' retrieved from /home/airflow/.local/lib/python3.12/site-packages/airflow/example_dags/example_sensors.py
[2026-04-10T09:55:33.768+0900] {logging_mixin.py:190} INFO - [2026-04-10T09:55:33.768+0900] {dag.py:3211} INFO - Sync 1 DAGs
[2026-04-10T09:55:33.778+0900] {logging_mixin.py:190} INFO - [2026-04-10T09:55:33.777+0900] {dag.py:4138} INFO - Setting next_dagrun for example_sensors to None, run_after=None
[2026-04-10T09:55:33.791+0900] {processor.py:208} INFO - Processing /home/airflow/.local/lib/python3.12/site-packages/airflow/example_dags/example_sensors.py took 0.058 seconds
[2026-04-10T09:56:04.207+0900] {processor.py:186} INFO - Started process (PID=152369) to work on /home/airflow/.local/lib/python3.12/site-packages/airflow/example_dags/example_sensors.py
[2026-04-10T09:56:04.208+0900] {processor.py:914} INFO - Processing file /home/airflow/.local/lib/python3.12/site-packages/airflow/example_dags/example_sensors.py for tasks to queue
[2026-04-10T09:56:04.211+0900] {logging_mixin.py:190} INFO - [2026-04-10T09:56:04.210+0900] {dagbag.py:587} INFO - Filling up the DagBag from /home/airflow/.local/lib/python3.12/site-packages/airflow/example_dags/example_sensors.py
[2026-04-10T09:56:04.219+0900] {processor.py:925} INFO - DAG(s) 'example_sensors' retrieved from /home/airflow/.local/lib/python3.12/site-packages/airflow/example_dags/example_sensors.py
[2026-04-10T09:56:04.240+0900] {logging_mixin.py:190} INFO - [2026-04-10T09:56:04.240+0900] {dag.py:3211} INFO - Sync 1 DAGs
[2026-04-10T09:56:04.251+0900] {logging_mixin.py:190} INFO - [2026-04-10T09:56:04.250+0900] {dag.py:4138} INFO - Setting next_dagrun for example_sensors to None, run_after=None
[2026-04-10T09:56:04.268+0900] {processor.py:208} INFO - Processing /home/airflow/.local/lib/python3.12/site-packages/airflow/example_dags/example_sensors.py took 0.066 seconds
[2026-04-10T09:56:34.848+0900] {processor.py:186} INFO - Started process (PID=152432) to work on /home/airflow/.local/lib/python3.12/site-packages/airflow/example_dags/example_sensors.py
[2026-04-10T09:56:34.849+0900] {processor.py:914} INFO - Processing file /home/airflow/.local/lib/python3.12/site-packages/airflow/example_dags/example_sensors.py for tasks to queue
[2026-04-10T09:56:34.854+0900] {logging_mixin.py:190} INFO - [2026-04-10T09:56:34.853+0900] {dagbag.py:587} INFO - Filling up the DagBag from /home/airflow/.local/lib/python3.12/site-packages/airflow/example_dags/example_sensors.py
[2026-04-10T09:56:34.864+0900] {processor.py:925} INFO - DAG(s) 'example_sensors' retrieved from /home/airflow/.local/lib/python3.12/site-packages/airflow/example_dags/example_sensors.py
[2026-04-10T09:56:34.885+0900] {logging_mixin.py:190} INFO - [2026-04-10T09:56:34.885+0900] {dag.py:3211} INFO - Sync 1 DAGs
[2026-04-10T09:56:34.896+0900] {logging_mixin.py:190} INFO - [2026-04-10T09:56:34.896+0900] {dag.py:4138} INFO - Setting next_dagrun for example_sensors to None, run_after=None
[2026-04-10T09:56:34.911+0900] {processor.py:208} INFO - Processing /home/airflow/.local/lib/python3.12/site-packages/airflow/example_dags/example_sensors.py took 0.069 seconds
[2026-04-10T09:57:05.144+0900] {processor.py:186} INFO - Started process (PID=152494) to work on /home/airflow/.local/lib/python3.12/site-packages/airflow/example_dags/example_sensors.py
[2026-04-10T09:57:05.145+0900] {processor.py:914} INFO - Processing file /home/airflow/.local/lib/python3.12/site-packages/airflow/example_dags/example_sensors.py for tasks to queue
[2026-04-10T09:57:05.147+0900] {logging_mixin.py:190} INFO - [2026-04-10T09:57:05.147+0900] {dagbag.py:587} INFO - Filling up the DagBag from /home/airflow/.local/lib/python3.12/site-packages/airflow/example_dags/example_sensors.py
[2026-04-10T09:57:05.155+0900] {processor.py:925} INFO - DAG(s) 'example_sensors' retrieved from /home/airflow/.local/lib/python3.12/site-packages/airflow/example_dags/example_sensors.py
[2026-04-10T09:57:05.302+0900] {logging_mixin.py:190} INFO - [2026-04-10T09:57:05.302+0900] {dag.py:3211} INFO - Sync 1 DAGs
[2026-04-10T09:57:05.312+0900] {logging_mixin.py:190} INFO - [2026-04-10T09:57:05.312+0900] {dag.py:4138} INFO - Setting next_dagrun for example_sensors to None, run_after=None
[2026-04-10T09:57:05.327+0900] {processor.py:208} INFO - Processing /home/airflow/.local/lib/python3.12/site-packages/airflow/example_dags/example_sensors.py took 0.187 seconds
[2026-04-10T09:57:35.735+0900] {processor.py:186} INFO - Started process (PID=152556) to work on /home/airflow/.local/lib/python3.12/site-packages/airflow/example_dags/example_sensors.py
[2026-04-10T09:57:35.736+0900] {processor.py:914} INFO - Processing file /home/airflow/.local/lib/python3.12/site-packages/airflow/example_dags/example_sensors.py for tasks to queue
[2026-04-10T09:57:35.738+0900] {logging_mixin.py:190} INFO - [2026-04-10T09:57:35.737+0900] {dagbag.py:587} INFO - Filling up the DagBag from /home/airflow/.local/lib/python3.12/site-packages/airflow/example_dags/example_sensors.py
[2026-04-10T09:57:35.746+0900] {processor.py:925} INFO - DAG(s) 'example_sensors' retrieved from /home/airflow/.local/lib/python3.12/site-packages/airflow/example_dags/example_sensors.py
[2026-04-10T09:57:35.894+0900] {logging_mixin.py:190} INFO - [2026-04-10T09:57:35.894+0900] {dag.py:3211} INFO - Sync 1 DAGs
[2026-04-10T09:57:35.903+0900] {logging_mixin.py:190} INFO - [2026-04-10T09:57:35.903+0900] {dag.py:4138} INFO - Setting next_dagrun for example_sensors to None, run_after=None
[2026-04-10T09:57:35.918+0900] {processor.py:208} INFO - Processing /home/airflow/.local/lib/python3.12/site-packages/airflow/example_dags/example_sensors.py took 0.188 seconds
[2026-04-10T09:58:06.047+0900] {processor.py:186} INFO - Started process (PID=152614) to work on /home/airflow/.local/lib/python3.12/site-packages/airflow/example_dags/example_sensors.py
[2026-04-10T09:58:06.048+0900] {processor.py:914} INFO - Processing file /home/airflow/.local/lib/python3.12/site-packages/airflow/example_dags/example_sensors.py for tasks to queue
[2026-04-10T09:58:06.050+0900] {logging_mixin.py:190} INFO - [2026-04-10T09:58:06.050+0900] {dagbag.py:587} INFO - Filling up the DagBag from /home/airflow/.local/lib/python3.12/site-packages/airflow/example_dags/example_sensors.py
[2026-04-10T09:58:06.058+0900] {processor.py:925} INFO - DAG(s) 'example_sensors' retrieved from /home/airflow/.local/lib/python3.12/site-packages/airflow/example_dags/example_sensors.py
[2026-04-10T09:58:06.076+0900] {logging_mixin.py:190} INFO - [2026-04-10T09:58:06.076+0900] {dag.py:3211} INFO - Sync 1 DAGs
[2026-04-10T09:58:06.086+0900] {logging_mixin.py:190} INFO - [2026-04-10T09:58:06.086+0900] {dag.py:4138} INFO - Setting next_dagrun for example_sensors to None, run_after=None
[2026-04-10T09:58:06.103+0900] {processor.py:208} INFO - Processing /home/airflow/.local/lib/python3.12/site-packages/airflow/example_dags/example_sensors.py took 0.060 seconds
[2026-04-10T09:58:37.037+0900] {processor.py:186} INFO - Started process (PID=152677) to work on /home/airflow/.local/lib/python3.12/site-packages/airflow/example_dags/example_sensors.py
[2026-04-10T09:58:37.037+0900] {processor.py:914} INFO - Processing file /home/airflow/.local/lib/python3.12/site-packages/airflow/example_dags/example_sensors.py for tasks to queue
[2026-04-10T09:58:37.040+0900] {logging_mixin.py:190} INFO - [2026-04-10T09:58:37.039+0900] {dagbag.py:587} INFO - Filling up the DagBag from /home/airflow/.local/lib/python3.12/site-packages/airflow/example_dags/example_sensors.py
[2026-04-10T09:58:37.048+0900] {processor.py:925} INFO - DAG(s) 'example_sensors' retrieved from /home/airflow/.local/lib/python3.12/site-packages/airflow/example_dags/example_sensors.py
[2026-04-10T09:58:37.068+0900] {logging_mixin.py:190} INFO - [2026-04-10T09:58:37.068+0900] {dag.py:3211} INFO - Sync 1 DAGs
[2026-04-10T09:58:37.078+0900] {logging_mixin.py:190} INFO - [2026-04-10T09:58:37.078+0900] {dag.py:4138} INFO - Setting next_dagrun for example_sensors to None, run_after=None
[2026-04-10T09:58:37.097+0900] {processor.py:208} INFO - Processing /home/airflow/.local/lib/python3.12/site-packages/airflow/example_dags/example_sensors.py took 0.065 seconds
[2026-04-10T09:59:07.814+0900] {processor.py:186} INFO - Started process (PID=152740) to work on /home/airflow/.local/lib/python3.12/site-packages/airflow/example_dags/example_sensors.py
[2026-04-10T09:59:07.815+0900] {processor.py:914} INFO - Processing file /home/airflow/.local/lib/python3.12/site-packages/airflow/example_dags/example_sensors.py for tasks to queue
[2026-04-10T09:59:07.817+0900] {logging_mixin.py:190} INFO - [2026-04-10T09:59:07.817+0900] {dagbag.py:587} INFO - Filling up the DagBag from /home/airflow/.local/lib/python3.12/site-packages/airflow/example_dags/example_sensors.py
[2026-04-10T09:59:07.826+0900] {processor.py:925} INFO - DAG(s) 'example_sensors' retrieved from /home/airflow/.local/lib/python3.12/site-packages/airflow/example_dags/example_sensors.py
[2026-04-10T09:59:07.846+0900] {logging_mixin.py:190} INFO - [2026-04-10T09:59:07.846+0900] {dag.py:3211} INFO - Sync 1 DAGs
[2026-04-10T09:59:07.856+0900] {logging_mixin.py:190} INFO - [2026-04-10T09:59:07.856+0900] {dag.py:4138} INFO - Setting next_dagrun for example_sensors to None, run_after=None
[2026-04-10T09:59:07.869+0900] {processor.py:208} INFO - Processing /home/airflow/.local/lib/python3.12/site-packages/airflow/example_dags/example_sensors.py took 0.059 seconds
[2026-04-10T09:59:38.584+0900] {processor.py:186} INFO - Started process (PID=152809) to work on /home/airflow/.local/lib/python3.12/site-packages/airflow/example_dags/example_sensors.py
[2026-04-10T09:59:38.585+0900] {processor.py:914} INFO - Processing file /home/airflow/.local/lib/python3.12/site-packages/airflow/example_dags/example_sensors.py for tasks to queue
[2026-04-10T09:59:38.586+0900] {logging_mixin.py:190} INFO - [2026-04-10T09:59:38.586+0900] {dagbag.py:587} INFO - Filling up the DagBag from /home/airflow/.local/lib/python3.12/site-packages/airflow/example_dags/example_sensors.py
[2026-04-10T09:59:38.595+0900] {processor.py:925} INFO - DAG(s) 'example_sensors' retrieved from /home/airflow/.local/lib/python3.12/site-packages/airflow/example_dags/example_sensors.py
[2026-04-10T09:59:38.615+0900] {logging_mixin.py:190} INFO - [2026-04-10T09:59:38.614+0900] {dag.py:3211} INFO - Sync 1 DAGs
[2026-04-10T09:59:38.626+0900] {logging_mixin.py:190} INFO - [2026-04-10T09:59:38.626+0900] {dag.py:4138} INFO - Setting next_dagrun for example_sensors to None, run_after=None
[2026-04-10T09:59:38.639+0900] {processor.py:208} INFO - Processing /home/airflow/.local/lib/python3.12/site-packages/airflow/example_dags/example_sensors.py took 0.060 seconds
[2026-04-10T10:00:09.437+0900] {processor.py:186} INFO - Started process (PID=152872) to work on /home/airflow/.local/lib/python3.12/site-packages/airflow/example_dags/example_sensors.py
[2026-04-10T10:00:09.438+0900] {processor.py:914} INFO - Processing file /home/airflow/.local/lib/python3.12/site-packages/airflow/example_dags/example_sensors.py for tasks to queue
[2026-04-10T10:00:09.440+0900] {logging_mixin.py:190} INFO - [2026-04-10T10:00:09.440+0900] {dagbag.py:587} INFO - Filling up the DagBag from /home/airflow/.local/lib/python3.12/site-packages/airflow/example_dags/example_sensors.py
[2026-04-10T10:00:09.450+0900] {processor.py:925} INFO - DAG(s) 'example_sensors' retrieved from /home/airflow/.local/lib/python3.12/site-packages/airflow/example_dags/example_sensors.py
[2026-04-10T10:00:09.473+0900] {logging_mixin.py:190} INFO - [2026-04-10T10:00:09.473+0900] {dag.py:3211} INFO - Sync 1 DAGs
[2026-04-10T10:00:09.484+0900] {logging_mixin.py:190} INFO - [2026-04-10T10:00:09.484+0900] {dag.py:4138} INFO - Setting next_dagrun for example_sensors to None, run_after=None
[2026-04-10T10:00:09.502+0900] {processor.py:208} INFO - Processing /home/airflow/.local/lib/python3.12/site-packages/airflow/example_dags/example_sensors.py took 0.070 seconds
[2026-04-10T10:00:39.636+0900] {processor.py:186} INFO - Started process (PID=152935) to work on /home/airflow/.local/lib/python3.12/site-packages/airflow/example_dags/example_sensors.py
[2026-04-10T10:00:39.636+0900] {processor.py:914} INFO - Processing file /home/airflow/.local/lib/python3.12/site-packages/airflow/example_dags/example_sensors.py for tasks to queue
[2026-04-10T10:00:39.638+0900] {logging_mixin.py:190} INFO - [2026-04-10T10:00:39.638+0900] {dagbag.py:587} INFO - Filling up the DagBag from /home/airflow/.local/lib/python3.12/site-packages/airflow/example_dags/example_sensors.py
[2026-04-10T10:00:39.646+0900] {processor.py:925} INFO - DAG(s) 'example_sensors' retrieved from /home/airflow/.local/lib/python3.12/site-packages/airflow/example_dags/example_sensors.py
[2026-04-10T10:00:39.665+0900] {logging_mixin.py:190} INFO - [2026-04-10T10:00:39.665+0900] {dag.py:3211} INFO - Sync 1 DAGs
[2026-04-10T10:00:39.674+0900] {logging_mixin.py:190} INFO - [2026-04-10T10:00:39.674+0900] {dag.py:4138} INFO - Setting next_dagrun for example_sensors to None, run_after=None
[2026-04-10T10:00:39.688+0900] {processor.py:208} INFO - Processing /home/airflow/.local/lib/python3.12/site-packages/airflow/example_dags/example_sensors.py took 0.056 seconds
[2026-04-10T10:01:09.843+0900] {processor.py:186} INFO - Started process (PID=152998) to work on /home/airflow/.local/lib/python3.12/site-packages/airflow/example_dags/example_sensors.py
[2026-04-10T10:01:09.844+0900] {processor.py:914} INFO - Processing file /home/airflow/.local/lib/python3.12/site-packages/airflow/example_dags/example_sensors.py for tasks to queue
[2026-04-10T10:01:09.846+0900] {logging_mixin.py:190} INFO - [2026-04-10T10:01:09.846+0900] {dagbag.py:587} INFO - Filling up the DagBag from /home/airflow/.local/lib/python3.12/site-packages/airflow/example_dags/example_sensors.py
[2026-04-10T10:01:09.854+0900] {processor.py:925} INFO - DAG(s) 'example_sensors' retrieved from /home/airflow/.local/lib/python3.12/site-packages/airflow/example_dags/example_sensors.py
[2026-04-10T10:01:09.874+0900] {logging_mixin.py:190} INFO - [2026-04-10T10:01:09.874+0900] {dag.py:3211} INFO - Sync 1 DAGs
[2026-04-10T10:01:09.884+0900] {logging_mixin.py:190} INFO - [2026-04-10T10:01:09.884+0900] {dag.py:4138} INFO - Setting next_dagrun for example_sensors to None, run_after=None
[2026-04-10T10:01:09.898+0900] {processor.py:208} INFO - Processing /home/airflow/.local/lib/python3.12/site-packages/airflow/example_dags/example_sensors.py took 0.059 seconds
[2026-04-10T10:01:40.122+0900] {processor.py:186} INFO - Started process (PID=153061) to work on /home/airflow/.local/lib/python3.12/site-packages/airflow/example_dags/example_sensors.py
[2026-04-10T10:01:40.123+0900] {processor.py:914} INFO - Processing file /home/airflow/.local/lib/python3.12/site-packages/airflow/example_dags/example_sensors.py for tasks to queue
[2026-04-10T10:01:40.126+0900] {logging_mixin.py:190} INFO - [2026-04-10T10:01:40.125+0900] {dagbag.py:587} INFO - Filling up the DagBag from /home/airflow/.local/lib/python3.12/site-packages/airflow/example_dags/example_sensors.py
[2026-04-10T10:01:40.133+0900] {processor.py:925} INFO - DAG(s) 'example_sensors' retrieved from /home/airflow/.local/lib/python3.12/site-packages/airflow/example_dags/example_sensors.py
[2026-04-10T10:01:40.153+0900] {logging_mixin.py:190} INFO - [2026-04-10T10:01:40.153+0900] {dag.py:3211} INFO - Sync 1 DAGs
[2026-04-10T10:01:40.163+0900] {logging_mixin.py:190} INFO - [2026-04-10T10:01:40.162+0900] {dag.py:4138} INFO - Setting next_dagrun for example_sensors to None, run_after=None
[2026-04-10T10:01:40.180+0900] {processor.py:208} INFO - Processing /home/airflow/.local/lib/python3.12/site-packages/airflow/example_dags/example_sensors.py took 0.063 seconds
[2026-04-10T10:02:10.507+0900] {processor.py:186} INFO - Started process (PID=153124) to work on /home/airflow/.local/lib/python3.12/site-packages/airflow/example_dags/example_sensors.py
[2026-04-10T10:02:10.508+0900] {processor.py:914} INFO - Processing file /home/airflow/.local/lib/python3.12/site-packages/airflow/example_dags/example_sensors.py for tasks to queue
[2026-04-10T10:02:10.510+0900] {logging_mixin.py:190} INFO - [2026-04-10T10:02:10.510+0900] {dagbag.py:587} INFO - Filling up the DagBag from /home/airflow/.local/lib/python3.12/site-packages/airflow/example_dags/example_sensors.py
[2026-04-10T10:02:10.519+0900] {processor.py:925} INFO - DAG(s) 'example_sensors' retrieved from /home/airflow/.local/lib/python3.12/site-packages/airflow/example_dags/example_sensors.py
[2026-04-10T10:02:10.542+0900] {logging_mixin.py:190} INFO - [2026-04-10T10:02:10.542+0900] {dag.py:3211} INFO - Sync 1 DAGs
[2026-04-10T10:02:10.553+0900] {logging_mixin.py:190} INFO - [2026-04-10T10:02:10.553+0900] {dag.py:4138} INFO - Setting next_dagrun for example_sensors to None, run_after=None
[2026-04-10T10:02:10.570+0900] {processor.py:208} INFO - Processing /home/airflow/.local/lib/python3.12/site-packages/airflow/example_dags/example_sensors.py took 0.068 seconds
[2026-04-10T10:02:40.934+0900] {processor.py:186} INFO - Started process (PID=153187) to work on /home/airflow/.local/lib/python3.12/site-packages/airflow/example_dags/example_sensors.py
[2026-04-10T10:02:40.936+0900] {processor.py:914} INFO - Processing file /home/airflow/.local/lib/python3.12/site-packages/airflow/example_dags/example_sensors.py for tasks to queue
[2026-04-10T10:02:40.938+0900] {logging_mixin.py:190} INFO - [2026-04-10T10:02:40.938+0900] {dagbag.py:587} INFO - Filling up the DagBag from /home/airflow/.local/lib/python3.12/site-packages/airflow/example_dags/example_sensors.py
[2026-04-10T10:02:40.947+0900] {processor.py:925} INFO - DAG(s) 'example_sensors' retrieved from /home/airflow/.local/lib/python3.12/site-packages/airflow/example_dags/example_sensors.py
[2026-04-10T10:02:40.968+0900] {logging_mixin.py:190} INFO - [2026-04-10T10:02:40.968+0900] {dag.py:3211} INFO - Sync 1 DAGs
[2026-04-10T10:02:40.979+0900] {logging_mixin.py:190} INFO - [2026-04-10T10:02:40.978+0900] {dag.py:4138} INFO - Setting next_dagrun for example_sensors to None, run_after=None
[2026-04-10T10:02:40.993+0900] {processor.py:208} INFO - Processing /home/airflow/.local/lib/python3.12/site-packages/airflow/example_dags/example_sensors.py took 0.063 seconds
[2026-04-10T10:03:11.399+0900] {processor.py:186} INFO - Started process (PID=153250) to work on /home/airflow/.local/lib/python3.12/site-packages/airflow/example_dags/example_sensors.py
[2026-04-10T10:03:11.401+0900] {processor.py:914} INFO - Processing file /home/airflow/.local/lib/python3.12/site-packages/airflow/example_dags/example_sensors.py for tasks to queue
[2026-04-10T10:03:11.403+0900] {logging_mixin.py:190} INFO - [2026-04-10T10:03:11.402+0900] {dagbag.py:587} INFO - Filling up the DagBag from /home/airflow/.local/lib/python3.12/site-packages/airflow/example_dags/example_sensors.py
[2026-04-10T10:03:11.411+0900] {processor.py:925} INFO - DAG(s) 'example_sensors' retrieved from /home/airflow/.local/lib/python3.12/site-packages/airflow/example_dags/example_sensors.py
[2026-04-10T10:03:11.433+0900] {logging_mixin.py:190} INFO - [2026-04-10T10:03:11.433+0900] {dag.py:3211} INFO - Sync 1 DAGs
[2026-04-10T10:03:11.444+0900] {logging_mixin.py:190} INFO - [2026-04-10T10:03:11.444+0900] {dag.py:4138} INFO - Setting next_dagrun for example_sensors to None, run_after=None
[2026-04-10T10:03:11.457+0900] {processor.py:208} INFO - Processing /home/airflow/.local/lib/python3.12/site-packages/airflow/example_dags/example_sensors.py took 0.062 seconds
[2026-04-10T10:03:41.534+0900] {processor.py:186} INFO - Started process (PID=153313) to work on /home/airflow/.local/lib/python3.12/site-packages/airflow/example_dags/example_sensors.py
[2026-04-10T10:03:41.535+0900] {processor.py:914} INFO - Processing file /home/airflow/.local/lib/python3.12/site-packages/airflow/example_dags/example_sensors.py for tasks to queue
[2026-04-10T10:03:41.537+0900] {logging_mixin.py:190} INFO - [2026-04-10T10:03:41.537+0900] {dagbag.py:587} INFO - Filling up the DagBag from /home/airflow/.local/lib/python3.12/site-packages/airflow/example_dags/example_sensors.py
[2026-04-10T10:03:41.546+0900] {processor.py:925} INFO - DAG(s) 'example_sensors' retrieved from /home/airflow/.local/lib/python3.12/site-packages/airflow/example_dags/example_sensors.py
[2026-04-10T10:03:41.567+0900] {logging_mixin.py:190} INFO - [2026-04-10T10:03:41.567+0900] {dag.py:3211} INFO - Sync 1 DAGs
[2026-04-10T10:03:41.579+0900] {logging_mixin.py:190} INFO - [2026-04-10T10:03:41.579+0900] {dag.py:4138} INFO - Setting next_dagrun for example_sensors to None, run_after=None
[2026-04-10T10:03:41.592+0900] {processor.py:208} INFO - Processing /home/airflow/.local/lib/python3.12/site-packages/airflow/example_dags/example_sensors.py took 0.062 seconds
[2026-04-10T10:04:11.982+0900] {processor.py:186} INFO - Started process (PID=153376) to work on /home/airflow/.local/lib/python3.12/site-packages/airflow/example_dags/example_sensors.py
[2026-04-10T10:04:11.984+0900] {processor.py:914} INFO - Processing file /home/airflow/.local/lib/python3.12/site-packages/airflow/example_dags/example_sensors.py for tasks to queue
[2026-04-10T10:04:11.987+0900] {logging_mixin.py:190} INFO - [2026-04-10T10:04:11.986+0900] {dagbag.py:587} INFO - Filling up the DagBag from /home/airflow/.local/lib/python3.12/site-packages/airflow/example_dags/example_sensors.py
[2026-04-10T10:04:11.999+0900] {processor.py:925} INFO - DAG(s) 'example_sensors' retrieved from /home/airflow/.local/lib/python3.12/site-packages/airflow/example_dags/example_sensors.py
[2026-04-10T10:04:12.027+0900] {logging_mixin.py:190} INFO - [2026-04-10T10:04:12.026+0900] {dag.py:3211} INFO - Sync 1 DAGs
[2026-04-10T10:04:12.040+0900] {logging_mixin.py:190} INFO - [2026-04-10T10:04:12.040+0900] {dag.py:4138} INFO - Setting next_dagrun for example_sensors to None, run_after=None
[2026-04-10T10:04:12.061+0900] {processor.py:208} INFO - Processing /home/airflow/.local/lib/python3.12/site-packages/airflow/example_dags/example_sensors.py took 0.085 seconds
[2026-04-10T10:04:43.136+0900] {processor.py:186} INFO - Started process (PID=153439) to work on /home/airflow/.local/lib/python3.12/site-packages/airflow/example_dags/example_sensors.py
[2026-04-10T10:04:43.139+0900] {processor.py:914} INFO - Processing file /home/airflow/.local/lib/python3.12/site-packages/airflow/example_dags/example_sensors.py for tasks to queue
[2026-04-10T10:04:43.150+0900] {logging_mixin.py:190} INFO - [2026-04-10T10:04:43.149+0900] {dagbag.py:587} INFO - Filling up the DagBag from /home/airflow/.local/lib/python3.12/site-packages/airflow/example_dags/example_sensors.py
[2026-04-10T10:04:43.229+0900] {processor.py:925} INFO - DAG(s) 'example_sensors' retrieved from /home/airflow/.local/lib/python3.12/site-packages/airflow/example_dags/example_sensors.py
[2026-04-10T10:04:43.402+0900] {logging_mixin.py:190} INFO - [2026-04-10T10:04:43.400+0900] {dag.py:3211} INFO - Sync 1 DAGs
[2026-04-10T10:04:43.486+0900] {logging_mixin.py:190} INFO - [2026-04-10T10:04:43.485+0900] {dag.py:4138} INFO - Setting next_dagrun for example_sensors to None, run_after=None
[2026-04-10T10:04:43.568+0900] {processor.py:208} INFO - Processing /home/airflow/.local/lib/python3.12/site-packages/airflow/example_dags/example_sensors.py took 0.451 seconds
[2026-04-10T10:05:14.038+0900] {processor.py:186} INFO - Started process (PID=153502) to work on /home/airflow/.local/lib/python3.12/site-packages/airflow/example_dags/example_sensors.py
[2026-04-10T10:05:14.040+0900] {processor.py:914} INFO - Processing file /home/airflow/.local/lib/python3.12/site-packages/airflow/example_dags/example_sensors.py for tasks to queue
[2026-04-10T10:05:14.045+0900] {logging_mixin.py:190} INFO - [2026-04-10T10:05:14.044+0900] {dagbag.py:587} INFO - Filling up the DagBag from /home/airflow/.local/lib/python3.12/site-packages/airflow/example_dags/example_sensors.py
[2026-04-10T10:05:14.062+0900] {processor.py:925} INFO - DAG(s) 'example_sensors' retrieved from /home/airflow/.local/lib/python3.12/site-packages/airflow/example_dags/example_sensors.py
[2026-04-10T10:05:14.106+0900] {logging_mixin.py:190} INFO - [2026-04-10T10:05:14.106+0900] {dag.py:3211} INFO - Sync 1 DAGs
[2026-04-10T10:05:14.128+0900] {logging_mixin.py:190} INFO - [2026-04-10T10:05:14.128+0900] {dag.py:4138} INFO - Setting next_dagrun for example_sensors to None, run_after=None
[2026-04-10T10:05:14.160+0900] {processor.py:208} INFO - Processing /home/airflow/.local/lib/python3.12/site-packages/airflow/example_dags/example_sensors.py took 0.131 seconds
[2026-04-10T10:05:44.373+0900] {processor.py:186} INFO - Started process (PID=153565) to work on /home/airflow/.local/lib/python3.12/site-packages/airflow/example_dags/example_sensors.py
[2026-04-10T10:05:44.374+0900] {processor.py:914} INFO - Processing file /home/airflow/.local/lib/python3.12/site-packages/airflow/example_dags/example_sensors.py for tasks to queue
[2026-04-10T10:05:44.377+0900] {logging_mixin.py:190} INFO - [2026-04-10T10:05:44.377+0900] {dagbag.py:587} INFO - Filling up the DagBag from /home/airflow/.local/lib/python3.12/site-packages/airflow/example_dags/example_sensors.py
[2026-04-10T10:05:44.388+0900] {processor.py:925} INFO - DAG(s) 'example_sensors' retrieved from /home/airflow/.local/lib/python3.12/site-packages/airflow/example_dags/example_sensors.py
[2026-04-10T10:05:44.414+0900] {logging_mixin.py:190} INFO - [2026-04-10T10:05:44.414+0900] {dag.py:3211} INFO - Sync 1 DAGs
[2026-04-10T10:05:44.434+0900] {logging_mixin.py:190} INFO - [2026-04-10T10:05:44.434+0900] {dag.py:4138} INFO - Setting next_dagrun for example_sensors to None, run_after=None
[2026-04-10T10:05:44.463+0900] {processor.py:208} INFO - Processing /home/airflow/.local/lib/python3.12/site-packages/airflow/example_dags/example_sensors.py took 0.095 seconds
[2026-04-10T10:06:14.803+0900] {processor.py:186} INFO - Started process (PID=153628) to work on /home/airflow/.local/lib/python3.12/site-packages/airflow/example_dags/example_sensors.py
[2026-04-10T10:06:14.805+0900] {processor.py:914} INFO - Processing file /home/airflow/.local/lib/python3.12/site-packages/airflow/example_dags/example_sensors.py for tasks to queue
[2026-04-10T10:06:14.810+0900] {logging_mixin.py:190} INFO - [2026-04-10T10:06:14.810+0900] {dagbag.py:587} INFO - Filling up the DagBag from /home/airflow/.local/lib/python3.12/site-packages/airflow/example_dags/example_sensors.py
[2026-04-10T10:06:14.829+0900] {processor.py:925} INFO - DAG(s) 'example_sensors' retrieved from /home/airflow/.local/lib/python3.12/site-packages/airflow/example_dags/example_sensors.py
[2026-04-10T10:06:14.876+0900] {logging_mixin.py:190} INFO - [2026-04-10T10:06:14.875+0900] {dag.py:3211} INFO - Sync 1 DAGs
[2026-04-10T10:06:14.903+0900] {logging_mixin.py:190} INFO - [2026-04-10T10:06:14.902+0900] {dag.py:4138} INFO - Setting next_dagrun for example_sensors to None, run_after=None
[2026-04-10T10:06:14.932+0900] {processor.py:208} INFO - Processing /home/airflow/.local/lib/python3.12/site-packages/airflow/example_dags/example_sensors.py took 0.138 seconds
