[2026-04-10T09:00:28.019+0900] {processor.py:186} INFO - Started process (PID=145477) to work on /home/airflow/.local/lib/python3.12/site-packages/airflow/example_dags/example_skip_dag.py
[2026-04-10T09:00:28.020+0900] {processor.py:914} INFO - Processing file /home/airflow/.local/lib/python3.12/site-packages/airflow/example_dags/example_skip_dag.py for tasks to queue
[2026-04-10T09:00:28.021+0900] {logging_mixin.py:190} INFO - [2026-04-10T09:00:28.021+0900] {dagbag.py:587} INFO - Filling up the DagBag from /home/airflow/.local/lib/python3.12/site-packages/airflow/example_dags/example_skip_dag.py
[2026-04-10T09:00:28.031+0900] {processor.py:925} INFO - DAG(s) 'example_skip_dag' retrieved from /home/airflow/.local/lib/python3.12/site-packages/airflow/example_dags/example_skip_dag.py
[2026-04-10T09:00:28.047+0900] {logging_mixin.py:190} INFO - [2026-04-10T09:00:28.047+0900] {dag.py:3211} INFO - Sync 1 DAGs
[2026-04-10T09:00:28.062+0900] {logging_mixin.py:190} INFO - [2026-04-10T09:00:28.062+0900] {dag.py:4138} INFO - Setting next_dagrun for example_skip_dag to 2026-04-09 00:00:00+00:00, run_after=2026-04-10 00:00:00+00:00
[2026-04-10T09:00:28.077+0900] {processor.py:208} INFO - Processing /home/airflow/.local/lib/python3.12/site-packages/airflow/example_dags/example_skip_dag.py took 0.063 seconds
[2026-04-10T09:00:58.247+0900] {processor.py:186} INFO - Started process (PID=145540) to work on /home/airflow/.local/lib/python3.12/site-packages/airflow/example_dags/example_skip_dag.py
[2026-04-10T09:00:58.247+0900] {processor.py:914} INFO - Processing file /home/airflow/.local/lib/python3.12/site-packages/airflow/example_dags/example_skip_dag.py for tasks to queue
[2026-04-10T09:00:58.250+0900] {logging_mixin.py:190} INFO - [2026-04-10T09:00:58.250+0900] {dagbag.py:587} INFO - Filling up the DagBag from /home/airflow/.local/lib/python3.12/site-packages/airflow/example_dags/example_skip_dag.py
[2026-04-10T09:00:58.256+0900] {processor.py:925} INFO - DAG(s) 'example_skip_dag' retrieved from /home/airflow/.local/lib/python3.12/site-packages/airflow/example_dags/example_skip_dag.py
[2026-04-10T09:00:58.273+0900] {logging_mixin.py:190} INFO - [2026-04-10T09:00:58.273+0900] {dag.py:3211} INFO - Sync 1 DAGs
[2026-04-10T09:00:58.291+0900] {logging_mixin.py:190} INFO - [2026-04-10T09:00:58.291+0900] {dag.py:4138} INFO - Setting next_dagrun for example_skip_dag to 2026-04-09 00:00:00+00:00, run_after=2026-04-10 00:00:00+00:00
[2026-04-10T09:00:58.310+0900] {processor.py:208} INFO - Processing /home/airflow/.local/lib/python3.12/site-packages/airflow/example_dags/example_skip_dag.py took 0.068 seconds
[2026-04-10T09:01:28.427+0900] {processor.py:186} INFO - Started process (PID=145603) to work on /home/airflow/.local/lib/python3.12/site-packages/airflow/example_dags/example_skip_dag.py
[2026-04-10T09:01:28.428+0900] {processor.py:914} INFO - Processing file /home/airflow/.local/lib/python3.12/site-packages/airflow/example_dags/example_skip_dag.py for tasks to queue
[2026-04-10T09:01:28.431+0900] {logging_mixin.py:190} INFO - [2026-04-10T09:01:28.430+0900] {dagbag.py:587} INFO - Filling up the DagBag from /home/airflow/.local/lib/python3.12/site-packages/airflow/example_dags/example_skip_dag.py
[2026-04-10T09:01:28.437+0900] {processor.py:925} INFO - DAG(s) 'example_skip_dag' retrieved from /home/airflow/.local/lib/python3.12/site-packages/airflow/example_dags/example_skip_dag.py
[2026-04-10T09:01:28.454+0900] {logging_mixin.py:190} INFO - [2026-04-10T09:01:28.454+0900] {dag.py:3211} INFO - Sync 1 DAGs
[2026-04-10T09:01:28.470+0900] {logging_mixin.py:190} INFO - [2026-04-10T09:01:28.470+0900] {dag.py:4138} INFO - Setting next_dagrun for example_skip_dag to 2026-04-09 00:00:00+00:00, run_after=2026-04-10 00:00:00+00:00
[2026-04-10T09:01:28.489+0900] {processor.py:208} INFO - Processing /home/airflow/.local/lib/python3.12/site-packages/airflow/example_dags/example_skip_dag.py took 0.067 seconds
[2026-04-10T09:01:58.749+0900] {processor.py:186} INFO - Started process (PID=145666) to work on /home/airflow/.local/lib/python3.12/site-packages/airflow/example_dags/example_skip_dag.py
[2026-04-10T09:01:58.751+0900] {processor.py:914} INFO - Processing file /home/airflow/.local/lib/python3.12/site-packages/airflow/example_dags/example_skip_dag.py for tasks to queue
[2026-04-10T09:01:58.753+0900] {logging_mixin.py:190} INFO - [2026-04-10T09:01:58.753+0900] {dagbag.py:587} INFO - Filling up the DagBag from /home/airflow/.local/lib/python3.12/site-packages/airflow/example_dags/example_skip_dag.py
[2026-04-10T09:01:58.759+0900] {processor.py:925} INFO - DAG(s) 'example_skip_dag' retrieved from /home/airflow/.local/lib/python3.12/site-packages/airflow/example_dags/example_skip_dag.py
[2026-04-10T09:01:58.776+0900] {logging_mixin.py:190} INFO - [2026-04-10T09:01:58.776+0900] {dag.py:3211} INFO - Sync 1 DAGs
[2026-04-10T09:01:58.793+0900] {logging_mixin.py:190} INFO - [2026-04-10T09:01:58.793+0900] {dag.py:4138} INFO - Setting next_dagrun for example_skip_dag to 2026-04-09 00:00:00+00:00, run_after=2026-04-10 00:00:00+00:00
[2026-04-10T09:01:58.807+0900] {processor.py:208} INFO - Processing /home/airflow/.local/lib/python3.12/site-packages/airflow/example_dags/example_skip_dag.py took 0.063 seconds
[2026-04-10T09:02:28.994+0900] {processor.py:186} INFO - Started process (PID=145729) to work on /home/airflow/.local/lib/python3.12/site-packages/airflow/example_dags/example_skip_dag.py
[2026-04-10T09:02:28.995+0900] {processor.py:914} INFO - Processing file /home/airflow/.local/lib/python3.12/site-packages/airflow/example_dags/example_skip_dag.py for tasks to queue
[2026-04-10T09:02:28.998+0900] {logging_mixin.py:190} INFO - [2026-04-10T09:02:28.998+0900] {dagbag.py:587} INFO - Filling up the DagBag from /home/airflow/.local/lib/python3.12/site-packages/airflow/example_dags/example_skip_dag.py
[2026-04-10T09:02:29.004+0900] {processor.py:925} INFO - DAG(s) 'example_skip_dag' retrieved from /home/airflow/.local/lib/python3.12/site-packages/airflow/example_dags/example_skip_dag.py
[2026-04-10T09:02:29.020+0900] {logging_mixin.py:190} INFO - [2026-04-10T09:02:29.020+0900] {dag.py:3211} INFO - Sync 1 DAGs
[2026-04-10T09:02:29.035+0900] {logging_mixin.py:190} INFO - [2026-04-10T09:02:29.035+0900] {dag.py:4138} INFO - Setting next_dagrun for example_skip_dag to 2026-04-09 00:00:00+00:00, run_after=2026-04-10 00:00:00+00:00
[2026-04-10T09:02:29.049+0900] {processor.py:208} INFO - Processing /home/airflow/.local/lib/python3.12/site-packages/airflow/example_dags/example_skip_dag.py took 0.059 seconds
[2026-04-10T09:02:59.820+0900] {processor.py:186} INFO - Started process (PID=145792) to work on /home/airflow/.local/lib/python3.12/site-packages/airflow/example_dags/example_skip_dag.py
[2026-04-10T09:02:59.821+0900] {processor.py:914} INFO - Processing file /home/airflow/.local/lib/python3.12/site-packages/airflow/example_dags/example_skip_dag.py for tasks to queue
[2026-04-10T09:02:59.824+0900] {logging_mixin.py:190} INFO - [2026-04-10T09:02:59.824+0900] {dagbag.py:587} INFO - Filling up the DagBag from /home/airflow/.local/lib/python3.12/site-packages/airflow/example_dags/example_skip_dag.py
[2026-04-10T09:02:59.830+0900] {processor.py:925} INFO - DAG(s) 'example_skip_dag' retrieved from /home/airflow/.local/lib/python3.12/site-packages/airflow/example_dags/example_skip_dag.py
[2026-04-10T09:02:59.847+0900] {logging_mixin.py:190} INFO - [2026-04-10T09:02:59.847+0900] {dag.py:3211} INFO - Sync 1 DAGs
[2026-04-10T09:02:59.864+0900] {logging_mixin.py:190} INFO - [2026-04-10T09:02:59.864+0900] {dag.py:4138} INFO - Setting next_dagrun for example_skip_dag to 2026-04-09 00:00:00+00:00, run_after=2026-04-10 00:00:00+00:00
[2026-04-10T09:02:59.878+0900] {processor.py:208} INFO - Processing /home/airflow/.local/lib/python3.12/site-packages/airflow/example_dags/example_skip_dag.py took 0.062 seconds
[2026-04-10T09:03:30.625+0900] {processor.py:186} INFO - Started process (PID=145855) to work on /home/airflow/.local/lib/python3.12/site-packages/airflow/example_dags/example_skip_dag.py
[2026-04-10T09:03:30.626+0900] {processor.py:914} INFO - Processing file /home/airflow/.local/lib/python3.12/site-packages/airflow/example_dags/example_skip_dag.py for tasks to queue
[2026-04-10T09:03:30.629+0900] {logging_mixin.py:190} INFO - [2026-04-10T09:03:30.628+0900] {dagbag.py:587} INFO - Filling up the DagBag from /home/airflow/.local/lib/python3.12/site-packages/airflow/example_dags/example_skip_dag.py
[2026-04-10T09:03:30.635+0900] {processor.py:925} INFO - DAG(s) 'example_skip_dag' retrieved from /home/airflow/.local/lib/python3.12/site-packages/airflow/example_dags/example_skip_dag.py
[2026-04-10T09:03:30.652+0900] {logging_mixin.py:190} INFO - [2026-04-10T09:03:30.652+0900] {dag.py:3211} INFO - Sync 1 DAGs
[2026-04-10T09:03:30.668+0900] {logging_mixin.py:190} INFO - [2026-04-10T09:03:30.668+0900] {dag.py:4138} INFO - Setting next_dagrun for example_skip_dag to 2026-04-09 00:00:00+00:00, run_after=2026-04-10 00:00:00+00:00
[2026-04-10T09:03:30.682+0900] {processor.py:208} INFO - Processing /home/airflow/.local/lib/python3.12/site-packages/airflow/example_dags/example_skip_dag.py took 0.062 seconds
[2026-04-10T09:04:00.786+0900] {processor.py:186} INFO - Started process (PID=145918) to work on /home/airflow/.local/lib/python3.12/site-packages/airflow/example_dags/example_skip_dag.py
[2026-04-10T09:04:00.787+0900] {processor.py:914} INFO - Processing file /home/airflow/.local/lib/python3.12/site-packages/airflow/example_dags/example_skip_dag.py for tasks to queue
[2026-04-10T09:04:00.790+0900] {logging_mixin.py:190} INFO - [2026-04-10T09:04:00.789+0900] {dagbag.py:587} INFO - Filling up the DagBag from /home/airflow/.local/lib/python3.12/site-packages/airflow/example_dags/example_skip_dag.py
[2026-04-10T09:04:00.796+0900] {processor.py:925} INFO - DAG(s) 'example_skip_dag' retrieved from /home/airflow/.local/lib/python3.12/site-packages/airflow/example_dags/example_skip_dag.py
[2026-04-10T09:04:00.813+0900] {logging_mixin.py:190} INFO - [2026-04-10T09:04:00.813+0900] {dag.py:3211} INFO - Sync 1 DAGs
[2026-04-10T09:04:00.830+0900] {logging_mixin.py:190} INFO - [2026-04-10T09:04:00.829+0900] {dag.py:4138} INFO - Setting next_dagrun for example_skip_dag to 2026-04-09 00:00:00+00:00, run_after=2026-04-10 00:00:00+00:00
[2026-04-10T09:04:00.849+0900] {processor.py:208} INFO - Processing /home/airflow/.local/lib/python3.12/site-packages/airflow/example_dags/example_skip_dag.py took 0.068 seconds
[2026-04-10T09:04:31.191+0900] {processor.py:186} INFO - Started process (PID=145981) to work on /home/airflow/.local/lib/python3.12/site-packages/airflow/example_dags/example_skip_dag.py
[2026-04-10T09:04:31.192+0900] {processor.py:914} INFO - Processing file /home/airflow/.local/lib/python3.12/site-packages/airflow/example_dags/example_skip_dag.py for tasks to queue
[2026-04-10T09:04:31.195+0900] {logging_mixin.py:190} INFO - [2026-04-10T09:04:31.195+0900] {dagbag.py:587} INFO - Filling up the DagBag from /home/airflow/.local/lib/python3.12/site-packages/airflow/example_dags/example_skip_dag.py
[2026-04-10T09:04:31.201+0900] {processor.py:925} INFO - DAG(s) 'example_skip_dag' retrieved from /home/airflow/.local/lib/python3.12/site-packages/airflow/example_dags/example_skip_dag.py
[2026-04-10T09:04:31.221+0900] {logging_mixin.py:190} INFO - [2026-04-10T09:04:31.221+0900] {dag.py:3211} INFO - Sync 1 DAGs
[2026-04-10T09:04:31.237+0900] {logging_mixin.py:190} INFO - [2026-04-10T09:04:31.237+0900] {dag.py:4138} INFO - Setting next_dagrun for example_skip_dag to 2026-04-09 00:00:00+00:00, run_after=2026-04-10 00:00:00+00:00
[2026-04-10T09:04:31.250+0900] {processor.py:208} INFO - Processing /home/airflow/.local/lib/python3.12/site-packages/airflow/example_dags/example_skip_dag.py took 0.064 seconds
[2026-04-10T09:05:01.977+0900] {processor.py:186} INFO - Started process (PID=146050) to work on /home/airflow/.local/lib/python3.12/site-packages/airflow/example_dags/example_skip_dag.py
[2026-04-10T09:05:01.978+0900] {processor.py:914} INFO - Processing file /home/airflow/.local/lib/python3.12/site-packages/airflow/example_dags/example_skip_dag.py for tasks to queue
[2026-04-10T09:05:01.981+0900] {logging_mixin.py:190} INFO - [2026-04-10T09:05:01.981+0900] {dagbag.py:587} INFO - Filling up the DagBag from /home/airflow/.local/lib/python3.12/site-packages/airflow/example_dags/example_skip_dag.py
[2026-04-10T09:05:01.988+0900] {processor.py:925} INFO - DAG(s) 'example_skip_dag' retrieved from /home/airflow/.local/lib/python3.12/site-packages/airflow/example_dags/example_skip_dag.py
[2026-04-10T09:05:02.006+0900] {logging_mixin.py:190} INFO - [2026-04-10T09:05:02.006+0900] {dag.py:3211} INFO - Sync 1 DAGs
[2026-04-10T09:05:02.024+0900] {logging_mixin.py:190} INFO - [2026-04-10T09:05:02.024+0900] {dag.py:4138} INFO - Setting next_dagrun for example_skip_dag to 2026-04-09 00:00:00+00:00, run_after=2026-04-10 00:00:00+00:00
[2026-04-10T09:05:02.038+0900] {processor.py:208} INFO - Processing /home/airflow/.local/lib/python3.12/site-packages/airflow/example_dags/example_skip_dag.py took 0.065 seconds
[2026-04-10T09:05:32.198+0900] {processor.py:186} INFO - Started process (PID=146113) to work on /home/airflow/.local/lib/python3.12/site-packages/airflow/example_dags/example_skip_dag.py
[2026-04-10T09:05:32.199+0900] {processor.py:914} INFO - Processing file /home/airflow/.local/lib/python3.12/site-packages/airflow/example_dags/example_skip_dag.py for tasks to queue
[2026-04-10T09:05:32.201+0900] {logging_mixin.py:190} INFO - [2026-04-10T09:05:32.201+0900] {dagbag.py:587} INFO - Filling up the DagBag from /home/airflow/.local/lib/python3.12/site-packages/airflow/example_dags/example_skip_dag.py
[2026-04-10T09:05:32.207+0900] {processor.py:925} INFO - DAG(s) 'example_skip_dag' retrieved from /home/airflow/.local/lib/python3.12/site-packages/airflow/example_dags/example_skip_dag.py
[2026-04-10T09:05:32.223+0900] {logging_mixin.py:190} INFO - [2026-04-10T09:05:32.223+0900] {dag.py:3211} INFO - Sync 1 DAGs
[2026-04-10T09:05:32.240+0900] {logging_mixin.py:190} INFO - [2026-04-10T09:05:32.240+0900] {dag.py:4138} INFO - Setting next_dagrun for example_skip_dag to 2026-04-09 00:00:00+00:00, run_after=2026-04-10 00:00:00+00:00
[2026-04-10T09:05:32.259+0900] {processor.py:208} INFO - Processing /home/airflow/.local/lib/python3.12/site-packages/airflow/example_dags/example_skip_dag.py took 0.065 seconds
[2026-04-10T09:06:02.405+0900] {processor.py:186} INFO - Started process (PID=146176) to work on /home/airflow/.local/lib/python3.12/site-packages/airflow/example_dags/example_skip_dag.py
[2026-04-10T09:06:02.407+0900] {processor.py:914} INFO - Processing file /home/airflow/.local/lib/python3.12/site-packages/airflow/example_dags/example_skip_dag.py for tasks to queue
[2026-04-10T09:06:02.409+0900] {logging_mixin.py:190} INFO - [2026-04-10T09:06:02.409+0900] {dagbag.py:587} INFO - Filling up the DagBag from /home/airflow/.local/lib/python3.12/site-packages/airflow/example_dags/example_skip_dag.py
[2026-04-10T09:06:02.416+0900] {processor.py:925} INFO - DAG(s) 'example_skip_dag' retrieved from /home/airflow/.local/lib/python3.12/site-packages/airflow/example_dags/example_skip_dag.py
[2026-04-10T09:06:02.434+0900] {logging_mixin.py:190} INFO - [2026-04-10T09:06:02.433+0900] {dag.py:3211} INFO - Sync 1 DAGs
[2026-04-10T09:06:02.450+0900] {logging_mixin.py:190} INFO - [2026-04-10T09:06:02.450+0900] {dag.py:4138} INFO - Setting next_dagrun for example_skip_dag to 2026-04-09 00:00:00+00:00, run_after=2026-04-10 00:00:00+00:00
[2026-04-10T09:06:02.464+0900] {processor.py:208} INFO - Processing /home/airflow/.local/lib/python3.12/site-packages/airflow/example_dags/example_skip_dag.py took 0.064 seconds
[2026-04-10T09:06:32.768+0900] {processor.py:186} INFO - Started process (PID=146239) to work on /home/airflow/.local/lib/python3.12/site-packages/airflow/example_dags/example_skip_dag.py
[2026-04-10T09:06:32.769+0900] {processor.py:914} INFO - Processing file /home/airflow/.local/lib/python3.12/site-packages/airflow/example_dags/example_skip_dag.py for tasks to queue
[2026-04-10T09:06:32.772+0900] {logging_mixin.py:190} INFO - [2026-04-10T09:06:32.771+0900] {dagbag.py:587} INFO - Filling up the DagBag from /home/airflow/.local/lib/python3.12/site-packages/airflow/example_dags/example_skip_dag.py
[2026-04-10T09:06:32.779+0900] {processor.py:925} INFO - DAG(s) 'example_skip_dag' retrieved from /home/airflow/.local/lib/python3.12/site-packages/airflow/example_dags/example_skip_dag.py
[2026-04-10T09:06:32.799+0900] {logging_mixin.py:190} INFO - [2026-04-10T09:06:32.798+0900] {dag.py:3211} INFO - Sync 1 DAGs
[2026-04-10T09:06:32.819+0900] {logging_mixin.py:190} INFO - [2026-04-10T09:06:32.818+0900] {dag.py:4138} INFO - Setting next_dagrun for example_skip_dag to 2026-04-09 00:00:00+00:00, run_after=2026-04-10 00:00:00+00:00
[2026-04-10T09:06:32.843+0900] {processor.py:208} INFO - Processing /home/airflow/.local/lib/python3.12/site-packages/airflow/example_dags/example_skip_dag.py took 0.081 seconds
[2026-04-10T09:07:03.263+0900] {processor.py:186} INFO - Started process (PID=146302) to work on /home/airflow/.local/lib/python3.12/site-packages/airflow/example_dags/example_skip_dag.py
[2026-04-10T09:07:03.264+0900] {processor.py:914} INFO - Processing file /home/airflow/.local/lib/python3.12/site-packages/airflow/example_dags/example_skip_dag.py for tasks to queue
[2026-04-10T09:07:03.266+0900] {logging_mixin.py:190} INFO - [2026-04-10T09:07:03.266+0900] {dagbag.py:587} INFO - Filling up the DagBag from /home/airflow/.local/lib/python3.12/site-packages/airflow/example_dags/example_skip_dag.py
[2026-04-10T09:07:03.274+0900] {processor.py:925} INFO - DAG(s) 'example_skip_dag' retrieved from /home/airflow/.local/lib/python3.12/site-packages/airflow/example_dags/example_skip_dag.py
[2026-04-10T09:07:03.292+0900] {logging_mixin.py:190} INFO - [2026-04-10T09:07:03.292+0900] {dag.py:3211} INFO - Sync 1 DAGs
[2026-04-10T09:07:03.308+0900] {logging_mixin.py:190} INFO - [2026-04-10T09:07:03.308+0900] {dag.py:4138} INFO - Setting next_dagrun for example_skip_dag to 2026-04-09 00:00:00+00:00, run_after=2026-04-10 00:00:00+00:00
[2026-04-10T09:07:03.329+0900] {processor.py:208} INFO - Processing /home/airflow/.local/lib/python3.12/site-packages/airflow/example_dags/example_skip_dag.py took 0.070 seconds
[2026-04-10T09:07:33.518+0900] {processor.py:186} INFO - Started process (PID=146365) to work on /home/airflow/.local/lib/python3.12/site-packages/airflow/example_dags/example_skip_dag.py
[2026-04-10T09:07:33.519+0900] {processor.py:914} INFO - Processing file /home/airflow/.local/lib/python3.12/site-packages/airflow/example_dags/example_skip_dag.py for tasks to queue
[2026-04-10T09:07:33.521+0900] {logging_mixin.py:190} INFO - [2026-04-10T09:07:33.521+0900] {dagbag.py:587} INFO - Filling up the DagBag from /home/airflow/.local/lib/python3.12/site-packages/airflow/example_dags/example_skip_dag.py
[2026-04-10T09:07:33.527+0900] {processor.py:925} INFO - DAG(s) 'example_skip_dag' retrieved from /home/airflow/.local/lib/python3.12/site-packages/airflow/example_dags/example_skip_dag.py
[2026-04-10T09:07:33.543+0900] {logging_mixin.py:190} INFO - [2026-04-10T09:07:33.543+0900] {dag.py:3211} INFO - Sync 1 DAGs
[2026-04-10T09:07:33.560+0900] {logging_mixin.py:190} INFO - [2026-04-10T09:07:33.559+0900] {dag.py:4138} INFO - Setting next_dagrun for example_skip_dag to 2026-04-09 00:00:00+00:00, run_after=2026-04-10 00:00:00+00:00
[2026-04-10T09:07:33.579+0900] {processor.py:208} INFO - Processing /home/airflow/.local/lib/python3.12/site-packages/airflow/example_dags/example_skip_dag.py took 0.066 seconds
[2026-04-10T09:08:04.363+0900] {processor.py:186} INFO - Started process (PID=146428) to work on /home/airflow/.local/lib/python3.12/site-packages/airflow/example_dags/example_skip_dag.py
[2026-04-10T09:08:04.364+0900] {processor.py:914} INFO - Processing file /home/airflow/.local/lib/python3.12/site-packages/airflow/example_dags/example_skip_dag.py for tasks to queue
[2026-04-10T09:08:04.367+0900] {logging_mixin.py:190} INFO - [2026-04-10T09:08:04.366+0900] {dagbag.py:587} INFO - Filling up the DagBag from /home/airflow/.local/lib/python3.12/site-packages/airflow/example_dags/example_skip_dag.py
[2026-04-10T09:08:04.374+0900] {processor.py:925} INFO - DAG(s) 'example_skip_dag' retrieved from /home/airflow/.local/lib/python3.12/site-packages/airflow/example_dags/example_skip_dag.py
[2026-04-10T09:08:04.392+0900] {logging_mixin.py:190} INFO - [2026-04-10T09:08:04.392+0900] {dag.py:3211} INFO - Sync 1 DAGs
[2026-04-10T09:08:04.413+0900] {logging_mixin.py:190} INFO - [2026-04-10T09:08:04.413+0900] {dag.py:4138} INFO - Setting next_dagrun for example_skip_dag to 2026-04-09 00:00:00+00:00, run_after=2026-04-10 00:00:00+00:00
[2026-04-10T09:08:04.430+0900] {processor.py:208} INFO - Processing /home/airflow/.local/lib/python3.12/site-packages/airflow/example_dags/example_skip_dag.py took 0.072 seconds
[2026-04-10T09:08:34.883+0900] {processor.py:186} INFO - Started process (PID=146491) to work on /home/airflow/.local/lib/python3.12/site-packages/airflow/example_dags/example_skip_dag.py
[2026-04-10T09:08:34.884+0900] {processor.py:914} INFO - Processing file /home/airflow/.local/lib/python3.12/site-packages/airflow/example_dags/example_skip_dag.py for tasks to queue
[2026-04-10T09:08:34.886+0900] {logging_mixin.py:190} INFO - [2026-04-10T09:08:34.886+0900] {dagbag.py:587} INFO - Filling up the DagBag from /home/airflow/.local/lib/python3.12/site-packages/airflow/example_dags/example_skip_dag.py
[2026-04-10T09:08:34.892+0900] {processor.py:925} INFO - DAG(s) 'example_skip_dag' retrieved from /home/airflow/.local/lib/python3.12/site-packages/airflow/example_dags/example_skip_dag.py
[2026-04-10T09:08:34.908+0900] {logging_mixin.py:190} INFO - [2026-04-10T09:08:34.908+0900] {dag.py:3211} INFO - Sync 1 DAGs
[2026-04-10T09:08:34.925+0900] {logging_mixin.py:190} INFO - [2026-04-10T09:08:34.925+0900] {dag.py:4138} INFO - Setting next_dagrun for example_skip_dag to 2026-04-09 00:00:00+00:00, run_after=2026-04-10 00:00:00+00:00
[2026-04-10T09:08:34.940+0900] {processor.py:208} INFO - Processing /home/airflow/.local/lib/python3.12/site-packages/airflow/example_dags/example_skip_dag.py took 0.061 seconds
[2026-04-10T09:09:05.410+0900] {processor.py:186} INFO - Started process (PID=146554) to work on /home/airflow/.local/lib/python3.12/site-packages/airflow/example_dags/example_skip_dag.py
[2026-04-10T09:09:05.412+0900] {processor.py:914} INFO - Processing file /home/airflow/.local/lib/python3.12/site-packages/airflow/example_dags/example_skip_dag.py for tasks to queue
[2026-04-10T09:09:05.414+0900] {logging_mixin.py:190} INFO - [2026-04-10T09:09:05.413+0900] {dagbag.py:587} INFO - Filling up the DagBag from /home/airflow/.local/lib/python3.12/site-packages/airflow/example_dags/example_skip_dag.py
[2026-04-10T09:09:05.420+0900] {processor.py:925} INFO - DAG(s) 'example_skip_dag' retrieved from /home/airflow/.local/lib/python3.12/site-packages/airflow/example_dags/example_skip_dag.py
[2026-04-10T09:09:05.438+0900] {logging_mixin.py:190} INFO - [2026-04-10T09:09:05.437+0900] {dag.py:3211} INFO - Sync 1 DAGs
[2026-04-10T09:09:05.456+0900] {logging_mixin.py:190} INFO - [2026-04-10T09:09:05.456+0900] {dag.py:4138} INFO - Setting next_dagrun for example_skip_dag to 2026-04-09 00:00:00+00:00, run_after=2026-04-10 00:00:00+00:00
[2026-04-10T09:09:05.478+0900] {processor.py:208} INFO - Processing /home/airflow/.local/lib/python3.12/site-packages/airflow/example_dags/example_skip_dag.py took 0.072 seconds
[2026-04-10T09:09:36.041+0900] {processor.py:186} INFO - Started process (PID=146617) to work on /home/airflow/.local/lib/python3.12/site-packages/airflow/example_dags/example_skip_dag.py
[2026-04-10T09:09:36.042+0900] {processor.py:914} INFO - Processing file /home/airflow/.local/lib/python3.12/site-packages/airflow/example_dags/example_skip_dag.py for tasks to queue
[2026-04-10T09:09:36.044+0900] {logging_mixin.py:190} INFO - [2026-04-10T09:09:36.043+0900] {dagbag.py:587} INFO - Filling up the DagBag from /home/airflow/.local/lib/python3.12/site-packages/airflow/example_dags/example_skip_dag.py
[2026-04-10T09:09:36.051+0900] {processor.py:925} INFO - DAG(s) 'example_skip_dag' retrieved from /home/airflow/.local/lib/python3.12/site-packages/airflow/example_dags/example_skip_dag.py
[2026-04-10T09:09:36.068+0900] {logging_mixin.py:190} INFO - [2026-04-10T09:09:36.068+0900] {dag.py:3211} INFO - Sync 1 DAGs
[2026-04-10T09:09:36.085+0900] {logging_mixin.py:190} INFO - [2026-04-10T09:09:36.084+0900] {dag.py:4138} INFO - Setting next_dagrun for example_skip_dag to 2026-04-09 00:00:00+00:00, run_after=2026-04-10 00:00:00+00:00
[2026-04-10T09:09:36.100+0900] {processor.py:208} INFO - Processing /home/airflow/.local/lib/python3.12/site-packages/airflow/example_dags/example_skip_dag.py took 0.063 seconds
[2026-04-10T09:10:06.447+0900] {processor.py:186} INFO - Started process (PID=146680) to work on /home/airflow/.local/lib/python3.12/site-packages/airflow/example_dags/example_skip_dag.py
[2026-04-10T09:10:06.448+0900] {processor.py:914} INFO - Processing file /home/airflow/.local/lib/python3.12/site-packages/airflow/example_dags/example_skip_dag.py for tasks to queue
[2026-04-10T09:10:06.450+0900] {logging_mixin.py:190} INFO - [2026-04-10T09:10:06.450+0900] {dagbag.py:587} INFO - Filling up the DagBag from /home/airflow/.local/lib/python3.12/site-packages/airflow/example_dags/example_skip_dag.py
[2026-04-10T09:10:06.457+0900] {processor.py:925} INFO - DAG(s) 'example_skip_dag' retrieved from /home/airflow/.local/lib/python3.12/site-packages/airflow/example_dags/example_skip_dag.py
[2026-04-10T09:10:06.473+0900] {logging_mixin.py:190} INFO - [2026-04-10T09:10:06.473+0900] {dag.py:3211} INFO - Sync 1 DAGs
[2026-04-10T09:10:06.632+0900] {logging_mixin.py:190} INFO - [2026-04-10T09:10:06.632+0900] {dag.py:4138} INFO - Setting next_dagrun for example_skip_dag to 2026-04-09 00:00:00+00:00, run_after=2026-04-10 00:00:00+00:00
[2026-04-10T09:10:06.651+0900] {processor.py:208} INFO - Processing /home/airflow/.local/lib/python3.12/site-packages/airflow/example_dags/example_skip_dag.py took 0.208 seconds
[2026-04-10T09:10:36.884+0900] {processor.py:186} INFO - Started process (PID=146743) to work on /home/airflow/.local/lib/python3.12/site-packages/airflow/example_dags/example_skip_dag.py
[2026-04-10T09:10:36.885+0900] {processor.py:914} INFO - Processing file /home/airflow/.local/lib/python3.12/site-packages/airflow/example_dags/example_skip_dag.py for tasks to queue
[2026-04-10T09:10:36.887+0900] {logging_mixin.py:190} INFO - [2026-04-10T09:10:36.887+0900] {dagbag.py:587} INFO - Filling up the DagBag from /home/airflow/.local/lib/python3.12/site-packages/airflow/example_dags/example_skip_dag.py
[2026-04-10T09:10:36.893+0900] {processor.py:925} INFO - DAG(s) 'example_skip_dag' retrieved from /home/airflow/.local/lib/python3.12/site-packages/airflow/example_dags/example_skip_dag.py
[2026-04-10T09:10:36.910+0900] {logging_mixin.py:190} INFO - [2026-04-10T09:10:36.909+0900] {dag.py:3211} INFO - Sync 1 DAGs
[2026-04-10T09:10:37.064+0900] {logging_mixin.py:190} INFO - [2026-04-10T09:10:37.064+0900] {dag.py:4138} INFO - Setting next_dagrun for example_skip_dag to 2026-04-09 00:00:00+00:00, run_after=2026-04-10 00:00:00+00:00
[2026-04-10T09:10:37.081+0900] {processor.py:208} INFO - Processing /home/airflow/.local/lib/python3.12/site-packages/airflow/example_dags/example_skip_dag.py took 0.202 seconds
[2026-04-10T09:11:08.003+0900] {processor.py:186} INFO - Started process (PID=146806) to work on /home/airflow/.local/lib/python3.12/site-packages/airflow/example_dags/example_skip_dag.py
[2026-04-10T09:11:08.004+0900] {processor.py:914} INFO - Processing file /home/airflow/.local/lib/python3.12/site-packages/airflow/example_dags/example_skip_dag.py for tasks to queue
[2026-04-10T09:11:08.007+0900] {logging_mixin.py:190} INFO - [2026-04-10T09:11:08.007+0900] {dagbag.py:587} INFO - Filling up the DagBag from /home/airflow/.local/lib/python3.12/site-packages/airflow/example_dags/example_skip_dag.py
[2026-04-10T09:11:08.015+0900] {processor.py:925} INFO - DAG(s) 'example_skip_dag' retrieved from /home/airflow/.local/lib/python3.12/site-packages/airflow/example_dags/example_skip_dag.py
[2026-04-10T09:11:08.035+0900] {logging_mixin.py:190} INFO - [2026-04-10T09:11:08.035+0900] {dag.py:3211} INFO - Sync 1 DAGs
[2026-04-10T09:11:08.053+0900] {logging_mixin.py:190} INFO - [2026-04-10T09:11:08.053+0900] {dag.py:4138} INFO - Setting next_dagrun for example_skip_dag to 2026-04-09 00:00:00+00:00, run_after=2026-04-10 00:00:00+00:00
[2026-04-10T09:11:08.068+0900] {processor.py:208} INFO - Processing /home/airflow/.local/lib/python3.12/site-packages/airflow/example_dags/example_skip_dag.py took 0.071 seconds
[2026-04-10T09:11:38.263+0900] {processor.py:186} INFO - Started process (PID=146869) to work on /home/airflow/.local/lib/python3.12/site-packages/airflow/example_dags/example_skip_dag.py
[2026-04-10T09:11:38.264+0900] {processor.py:914} INFO - Processing file /home/airflow/.local/lib/python3.12/site-packages/airflow/example_dags/example_skip_dag.py for tasks to queue
[2026-04-10T09:11:38.266+0900] {logging_mixin.py:190} INFO - [2026-04-10T09:11:38.266+0900] {dagbag.py:587} INFO - Filling up the DagBag from /home/airflow/.local/lib/python3.12/site-packages/airflow/example_dags/example_skip_dag.py
[2026-04-10T09:11:38.273+0900] {processor.py:925} INFO - DAG(s) 'example_skip_dag' retrieved from /home/airflow/.local/lib/python3.12/site-packages/airflow/example_dags/example_skip_dag.py
[2026-04-10T09:11:38.290+0900] {logging_mixin.py:190} INFO - [2026-04-10T09:11:38.290+0900] {dag.py:3211} INFO - Sync 1 DAGs
[2026-04-10T09:11:38.307+0900] {logging_mixin.py:190} INFO - [2026-04-10T09:11:38.307+0900] {dag.py:4138} INFO - Setting next_dagrun for example_skip_dag to 2026-04-09 00:00:00+00:00, run_after=2026-04-10 00:00:00+00:00
[2026-04-10T09:11:38.322+0900] {processor.py:208} INFO - Processing /home/airflow/.local/lib/python3.12/site-packages/airflow/example_dags/example_skip_dag.py took 0.064 seconds
[2026-04-10T09:12:08.500+0900] {processor.py:186} INFO - Started process (PID=146932) to work on /home/airflow/.local/lib/python3.12/site-packages/airflow/example_dags/example_skip_dag.py
[2026-04-10T09:12:08.501+0900] {processor.py:914} INFO - Processing file /home/airflow/.local/lib/python3.12/site-packages/airflow/example_dags/example_skip_dag.py for tasks to queue
[2026-04-10T09:12:08.504+0900] {logging_mixin.py:190} INFO - [2026-04-10T09:12:08.504+0900] {dagbag.py:587} INFO - Filling up the DagBag from /home/airflow/.local/lib/python3.12/site-packages/airflow/example_dags/example_skip_dag.py
[2026-04-10T09:12:08.510+0900] {processor.py:925} INFO - DAG(s) 'example_skip_dag' retrieved from /home/airflow/.local/lib/python3.12/site-packages/airflow/example_dags/example_skip_dag.py
[2026-04-10T09:12:08.529+0900] {logging_mixin.py:190} INFO - [2026-04-10T09:12:08.529+0900] {dag.py:3211} INFO - Sync 1 DAGs
[2026-04-10T09:12:08.548+0900] {logging_mixin.py:190} INFO - [2026-04-10T09:12:08.547+0900] {dag.py:4138} INFO - Setting next_dagrun for example_skip_dag to 2026-04-09 00:00:00+00:00, run_after=2026-04-10 00:00:00+00:00
[2026-04-10T09:12:08.563+0900] {processor.py:208} INFO - Processing /home/airflow/.local/lib/python3.12/site-packages/airflow/example_dags/example_skip_dag.py took 0.068 seconds
[2026-04-10T09:12:38.615+0900] {processor.py:186} INFO - Started process (PID=146995) to work on /home/airflow/.local/lib/python3.12/site-packages/airflow/example_dags/example_skip_dag.py
[2026-04-10T09:12:38.616+0900] {processor.py:914} INFO - Processing file /home/airflow/.local/lib/python3.12/site-packages/airflow/example_dags/example_skip_dag.py for tasks to queue
[2026-04-10T09:12:38.618+0900] {logging_mixin.py:190} INFO - [2026-04-10T09:12:38.618+0900] {dagbag.py:587} INFO - Filling up the DagBag from /home/airflow/.local/lib/python3.12/site-packages/airflow/example_dags/example_skip_dag.py
[2026-04-10T09:12:38.625+0900] {processor.py:925} INFO - DAG(s) 'example_skip_dag' retrieved from /home/airflow/.local/lib/python3.12/site-packages/airflow/example_dags/example_skip_dag.py
[2026-04-10T09:12:38.643+0900] {logging_mixin.py:190} INFO - [2026-04-10T09:12:38.643+0900] {dag.py:3211} INFO - Sync 1 DAGs
[2026-04-10T09:12:38.662+0900] {logging_mixin.py:190} INFO - [2026-04-10T09:12:38.662+0900] {dag.py:4138} INFO - Setting next_dagrun for example_skip_dag to 2026-04-09 00:00:00+00:00, run_after=2026-04-10 00:00:00+00:00
[2026-04-10T09:12:38.681+0900] {processor.py:208} INFO - Processing /home/airflow/.local/lib/python3.12/site-packages/airflow/example_dags/example_skip_dag.py took 0.070 seconds
[2026-04-10T09:13:08.825+0900] {processor.py:186} INFO - Started process (PID=147058) to work on /home/airflow/.local/lib/python3.12/site-packages/airflow/example_dags/example_skip_dag.py
[2026-04-10T09:13:08.826+0900] {processor.py:914} INFO - Processing file /home/airflow/.local/lib/python3.12/site-packages/airflow/example_dags/example_skip_dag.py for tasks to queue
[2026-04-10T09:13:08.828+0900] {logging_mixin.py:190} INFO - [2026-04-10T09:13:08.828+0900] {dagbag.py:587} INFO - Filling up the DagBag from /home/airflow/.local/lib/python3.12/site-packages/airflow/example_dags/example_skip_dag.py
[2026-04-10T09:13:08.835+0900] {processor.py:925} INFO - DAG(s) 'example_skip_dag' retrieved from /home/airflow/.local/lib/python3.12/site-packages/airflow/example_dags/example_skip_dag.py
[2026-04-10T09:13:08.853+0900] {logging_mixin.py:190} INFO - [2026-04-10T09:13:08.853+0900] {dag.py:3211} INFO - Sync 1 DAGs
[2026-04-10T09:13:08.871+0900] {logging_mixin.py:190} INFO - [2026-04-10T09:13:08.871+0900] {dag.py:4138} INFO - Setting next_dagrun for example_skip_dag to 2026-04-09 00:00:00+00:00, run_after=2026-04-10 00:00:00+00:00
[2026-04-10T09:13:08.891+0900] {processor.py:208} INFO - Processing /home/airflow/.local/lib/python3.12/site-packages/airflow/example_dags/example_skip_dag.py took 0.070 seconds
[2026-04-10T09:13:39.485+0900] {processor.py:186} INFO - Started process (PID=147121) to work on /home/airflow/.local/lib/python3.12/site-packages/airflow/example_dags/example_skip_dag.py
[2026-04-10T09:13:39.486+0900] {processor.py:914} INFO - Processing file /home/airflow/.local/lib/python3.12/site-packages/airflow/example_dags/example_skip_dag.py for tasks to queue
[2026-04-10T09:13:39.488+0900] {logging_mixin.py:190} INFO - [2026-04-10T09:13:39.488+0900] {dagbag.py:587} INFO - Filling up the DagBag from /home/airflow/.local/lib/python3.12/site-packages/airflow/example_dags/example_skip_dag.py
[2026-04-10T09:13:39.494+0900] {processor.py:925} INFO - DAG(s) 'example_skip_dag' retrieved from /home/airflow/.local/lib/python3.12/site-packages/airflow/example_dags/example_skip_dag.py
[2026-04-10T09:13:39.512+0900] {logging_mixin.py:190} INFO - [2026-04-10T09:13:39.511+0900] {dag.py:3211} INFO - Sync 1 DAGs
[2026-04-10T09:13:39.529+0900] {logging_mixin.py:190} INFO - [2026-04-10T09:13:39.529+0900] {dag.py:4138} INFO - Setting next_dagrun for example_skip_dag to 2026-04-09 00:00:00+00:00, run_after=2026-04-10 00:00:00+00:00
[2026-04-10T09:13:39.549+0900] {processor.py:208} INFO - Processing /home/airflow/.local/lib/python3.12/site-packages/airflow/example_dags/example_skip_dag.py took 0.068 seconds
[2026-04-10T09:14:10.314+0900] {processor.py:186} INFO - Started process (PID=147184) to work on /home/airflow/.local/lib/python3.12/site-packages/airflow/example_dags/example_skip_dag.py
[2026-04-10T09:14:10.315+0900] {processor.py:914} INFO - Processing file /home/airflow/.local/lib/python3.12/site-packages/airflow/example_dags/example_skip_dag.py for tasks to queue
[2026-04-10T09:14:10.317+0900] {logging_mixin.py:190} INFO - [2026-04-10T09:14:10.316+0900] {dagbag.py:587} INFO - Filling up the DagBag from /home/airflow/.local/lib/python3.12/site-packages/airflow/example_dags/example_skip_dag.py
[2026-04-10T09:14:10.323+0900] {processor.py:925} INFO - DAG(s) 'example_skip_dag' retrieved from /home/airflow/.local/lib/python3.12/site-packages/airflow/example_dags/example_skip_dag.py
[2026-04-10T09:14:10.340+0900] {logging_mixin.py:190} INFO - [2026-04-10T09:14:10.340+0900] {dag.py:3211} INFO - Sync 1 DAGs
[2026-04-10T09:14:10.357+0900] {logging_mixin.py:190} INFO - [2026-04-10T09:14:10.356+0900] {dag.py:4138} INFO - Setting next_dagrun for example_skip_dag to 2026-04-09 00:00:00+00:00, run_after=2026-04-10 00:00:00+00:00
[2026-04-10T09:14:10.376+0900] {processor.py:208} INFO - Processing /home/airflow/.local/lib/python3.12/site-packages/airflow/example_dags/example_skip_dag.py took 0.067 seconds
[2026-04-10T09:14:40.882+0900] {processor.py:186} INFO - Started process (PID=147247) to work on /home/airflow/.local/lib/python3.12/site-packages/airflow/example_dags/example_skip_dag.py
[2026-04-10T09:14:40.884+0900] {processor.py:914} INFO - Processing file /home/airflow/.local/lib/python3.12/site-packages/airflow/example_dags/example_skip_dag.py for tasks to queue
[2026-04-10T09:14:40.886+0900] {logging_mixin.py:190} INFO - [2026-04-10T09:14:40.885+0900] {dagbag.py:587} INFO - Filling up the DagBag from /home/airflow/.local/lib/python3.12/site-packages/airflow/example_dags/example_skip_dag.py
[2026-04-10T09:14:40.892+0900] {processor.py:925} INFO - DAG(s) 'example_skip_dag' retrieved from /home/airflow/.local/lib/python3.12/site-packages/airflow/example_dags/example_skip_dag.py
[2026-04-10T09:14:40.909+0900] {logging_mixin.py:190} INFO - [2026-04-10T09:14:40.909+0900] {dag.py:3211} INFO - Sync 1 DAGs
[2026-04-10T09:14:40.925+0900] {logging_mixin.py:190} INFO - [2026-04-10T09:14:40.925+0900] {dag.py:4138} INFO - Setting next_dagrun for example_skip_dag to 2026-04-09 00:00:00+00:00, run_after=2026-04-10 00:00:00+00:00
[2026-04-10T09:14:40.941+0900] {processor.py:208} INFO - Processing /home/airflow/.local/lib/python3.12/site-packages/airflow/example_dags/example_skip_dag.py took 0.063 seconds
[2026-04-10T09:15:10.999+0900] {processor.py:186} INFO - Started process (PID=147310) to work on /home/airflow/.local/lib/python3.12/site-packages/airflow/example_dags/example_skip_dag.py
[2026-04-10T09:15:11.001+0900] {processor.py:914} INFO - Processing file /home/airflow/.local/lib/python3.12/site-packages/airflow/example_dags/example_skip_dag.py for tasks to queue
[2026-04-10T09:15:11.003+0900] {logging_mixin.py:190} INFO - [2026-04-10T09:15:11.003+0900] {dagbag.py:587} INFO - Filling up the DagBag from /home/airflow/.local/lib/python3.12/site-packages/airflow/example_dags/example_skip_dag.py
[2026-04-10T09:15:11.010+0900] {processor.py:925} INFO - DAG(s) 'example_skip_dag' retrieved from /home/airflow/.local/lib/python3.12/site-packages/airflow/example_dags/example_skip_dag.py
[2026-04-10T09:15:11.026+0900] {logging_mixin.py:190} INFO - [2026-04-10T09:15:11.026+0900] {dag.py:3211} INFO - Sync 1 DAGs
[2026-04-10T09:15:11.042+0900] {logging_mixin.py:190} INFO - [2026-04-10T09:15:11.041+0900] {dag.py:4138} INFO - Setting next_dagrun for example_skip_dag to 2026-04-09 00:00:00+00:00, run_after=2026-04-10 00:00:00+00:00
[2026-04-10T09:15:11.055+0900] {processor.py:208} INFO - Processing /home/airflow/.local/lib/python3.12/site-packages/airflow/example_dags/example_skip_dag.py took 0.060 seconds
[2026-04-10T09:15:41.674+0900] {processor.py:186} INFO - Started process (PID=147371) to work on /home/airflow/.local/lib/python3.12/site-packages/airflow/example_dags/example_skip_dag.py
[2026-04-10T09:15:41.675+0900] {processor.py:914} INFO - Processing file /home/airflow/.local/lib/python3.12/site-packages/airflow/example_dags/example_skip_dag.py for tasks to queue
[2026-04-10T09:15:41.678+0900] {logging_mixin.py:190} INFO - [2026-04-10T09:15:41.677+0900] {dagbag.py:587} INFO - Filling up the DagBag from /home/airflow/.local/lib/python3.12/site-packages/airflow/example_dags/example_skip_dag.py
[2026-04-10T09:15:41.684+0900] {processor.py:925} INFO - DAG(s) 'example_skip_dag' retrieved from /home/airflow/.local/lib/python3.12/site-packages/airflow/example_dags/example_skip_dag.py
[2026-04-10T09:15:41.702+0900] {logging_mixin.py:190} INFO - [2026-04-10T09:15:41.701+0900] {dag.py:3211} INFO - Sync 1 DAGs
[2026-04-10T09:15:41.720+0900] {logging_mixin.py:190} INFO - [2026-04-10T09:15:41.720+0900] {dag.py:4138} INFO - Setting next_dagrun for example_skip_dag to 2026-04-09 00:00:00+00:00, run_after=2026-04-10 00:00:00+00:00
[2026-04-10T09:15:41.737+0900] {processor.py:208} INFO - Processing /home/airflow/.local/lib/python3.12/site-packages/airflow/example_dags/example_skip_dag.py took 0.068 seconds
[2026-04-10T09:16:12.378+0900] {processor.py:186} INFO - Started process (PID=147434) to work on /home/airflow/.local/lib/python3.12/site-packages/airflow/example_dags/example_skip_dag.py
[2026-04-10T09:16:12.379+0900] {processor.py:914} INFO - Processing file /home/airflow/.local/lib/python3.12/site-packages/airflow/example_dags/example_skip_dag.py for tasks to queue
[2026-04-10T09:16:12.382+0900] {logging_mixin.py:190} INFO - [2026-04-10T09:16:12.381+0900] {dagbag.py:587} INFO - Filling up the DagBag from /home/airflow/.local/lib/python3.12/site-packages/airflow/example_dags/example_skip_dag.py
[2026-04-10T09:16:12.388+0900] {processor.py:925} INFO - DAG(s) 'example_skip_dag' retrieved from /home/airflow/.local/lib/python3.12/site-packages/airflow/example_dags/example_skip_dag.py
[2026-04-10T09:16:12.406+0900] {logging_mixin.py:190} INFO - [2026-04-10T09:16:12.406+0900] {dag.py:3211} INFO - Sync 1 DAGs
[2026-04-10T09:16:12.424+0900] {logging_mixin.py:190} INFO - [2026-04-10T09:16:12.424+0900] {dag.py:4138} INFO - Setting next_dagrun for example_skip_dag to 2026-04-09 00:00:00+00:00, run_after=2026-04-10 00:00:00+00:00
[2026-04-10T09:16:12.440+0900] {processor.py:208} INFO - Processing /home/airflow/.local/lib/python3.12/site-packages/airflow/example_dags/example_skip_dag.py took 0.066 seconds
[2026-04-10T09:16:43.168+0900] {processor.py:186} INFO - Started process (PID=147497) to work on /home/airflow/.local/lib/python3.12/site-packages/airflow/example_dags/example_skip_dag.py
[2026-04-10T09:16:43.170+0900] {processor.py:914} INFO - Processing file /home/airflow/.local/lib/python3.12/site-packages/airflow/example_dags/example_skip_dag.py for tasks to queue
[2026-04-10T09:16:43.172+0900] {logging_mixin.py:190} INFO - [2026-04-10T09:16:43.172+0900] {dagbag.py:587} INFO - Filling up the DagBag from /home/airflow/.local/lib/python3.12/site-packages/airflow/example_dags/example_skip_dag.py
[2026-04-10T09:16:43.179+0900] {processor.py:925} INFO - DAG(s) 'example_skip_dag' retrieved from /home/airflow/.local/lib/python3.12/site-packages/airflow/example_dags/example_skip_dag.py
[2026-04-10T09:16:43.195+0900] {logging_mixin.py:190} INFO - [2026-04-10T09:16:43.195+0900] {dag.py:3211} INFO - Sync 1 DAGs
[2026-04-10T09:16:43.211+0900] {logging_mixin.py:190} INFO - [2026-04-10T09:16:43.211+0900] {dag.py:4138} INFO - Setting next_dagrun for example_skip_dag to 2026-04-09 00:00:00+00:00, run_after=2026-04-10 00:00:00+00:00
[2026-04-10T09:16:43.225+0900] {processor.py:208} INFO - Processing /home/airflow/.local/lib/python3.12/site-packages/airflow/example_dags/example_skip_dag.py took 0.061 seconds
[2026-04-10T09:17:13.863+0900] {processor.py:186} INFO - Started process (PID=147560) to work on /home/airflow/.local/lib/python3.12/site-packages/airflow/example_dags/example_skip_dag.py
[2026-04-10T09:17:13.864+0900] {processor.py:914} INFO - Processing file /home/airflow/.local/lib/python3.12/site-packages/airflow/example_dags/example_skip_dag.py for tasks to queue
[2026-04-10T09:17:13.866+0900] {logging_mixin.py:190} INFO - [2026-04-10T09:17:13.866+0900] {dagbag.py:587} INFO - Filling up the DagBag from /home/airflow/.local/lib/python3.12/site-packages/airflow/example_dags/example_skip_dag.py
[2026-04-10T09:17:13.873+0900] {processor.py:925} INFO - DAG(s) 'example_skip_dag' retrieved from /home/airflow/.local/lib/python3.12/site-packages/airflow/example_dags/example_skip_dag.py
[2026-04-10T09:17:13.891+0900] {logging_mixin.py:190} INFO - [2026-04-10T09:17:13.891+0900] {dag.py:3211} INFO - Sync 1 DAGs
[2026-04-10T09:17:13.910+0900] {logging_mixin.py:190} INFO - [2026-04-10T09:17:13.909+0900] {dag.py:4138} INFO - Setting next_dagrun for example_skip_dag to 2026-04-09 00:00:00+00:00, run_after=2026-04-10 00:00:00+00:00
[2026-04-10T09:17:13.925+0900] {processor.py:208} INFO - Processing /home/airflow/.local/lib/python3.12/site-packages/airflow/example_dags/example_skip_dag.py took 0.067 seconds
[2026-04-10T09:17:44.578+0900] {processor.py:186} INFO - Started process (PID=147623) to work on /home/airflow/.local/lib/python3.12/site-packages/airflow/example_dags/example_skip_dag.py
[2026-04-10T09:17:44.580+0900] {processor.py:914} INFO - Processing file /home/airflow/.local/lib/python3.12/site-packages/airflow/example_dags/example_skip_dag.py for tasks to queue
[2026-04-10T09:17:44.582+0900] {logging_mixin.py:190} INFO - [2026-04-10T09:17:44.582+0900] {dagbag.py:587} INFO - Filling up the DagBag from /home/airflow/.local/lib/python3.12/site-packages/airflow/example_dags/example_skip_dag.py
[2026-04-10T09:17:44.588+0900] {processor.py:925} INFO - DAG(s) 'example_skip_dag' retrieved from /home/airflow/.local/lib/python3.12/site-packages/airflow/example_dags/example_skip_dag.py
[2026-04-10T09:17:44.605+0900] {logging_mixin.py:190} INFO - [2026-04-10T09:17:44.605+0900] {dag.py:3211} INFO - Sync 1 DAGs
[2026-04-10T09:17:44.622+0900] {logging_mixin.py:190} INFO - [2026-04-10T09:17:44.622+0900] {dag.py:4138} INFO - Setting next_dagrun for example_skip_dag to 2026-04-09 00:00:00+00:00, run_after=2026-04-10 00:00:00+00:00
[2026-04-10T09:17:44.637+0900] {processor.py:208} INFO - Processing /home/airflow/.local/lib/python3.12/site-packages/airflow/example_dags/example_skip_dag.py took 0.063 seconds
[2026-04-10T09:18:15.475+0900] {processor.py:186} INFO - Started process (PID=147686) to work on /home/airflow/.local/lib/python3.12/site-packages/airflow/example_dags/example_skip_dag.py
[2026-04-10T09:18:15.477+0900] {processor.py:914} INFO - Processing file /home/airflow/.local/lib/python3.12/site-packages/airflow/example_dags/example_skip_dag.py for tasks to queue
[2026-04-10T09:18:15.480+0900] {logging_mixin.py:190} INFO - [2026-04-10T09:18:15.480+0900] {dagbag.py:587} INFO - Filling up the DagBag from /home/airflow/.local/lib/python3.12/site-packages/airflow/example_dags/example_skip_dag.py
[2026-04-10T09:18:15.488+0900] {processor.py:925} INFO - DAG(s) 'example_skip_dag' retrieved from /home/airflow/.local/lib/python3.12/site-packages/airflow/example_dags/example_skip_dag.py
[2026-04-10T09:18:15.509+0900] {logging_mixin.py:190} INFO - [2026-04-10T09:18:15.509+0900] {dag.py:3211} INFO - Sync 1 DAGs
[2026-04-10T09:18:15.526+0900] {logging_mixin.py:190} INFO - [2026-04-10T09:18:15.526+0900] {dag.py:4138} INFO - Setting next_dagrun for example_skip_dag to 2026-04-09 00:00:00+00:00, run_after=2026-04-10 00:00:00+00:00
[2026-04-10T09:18:15.542+0900] {processor.py:208} INFO - Processing /home/airflow/.local/lib/python3.12/site-packages/airflow/example_dags/example_skip_dag.py took 0.072 seconds
[2026-04-10T09:18:46.158+0900] {processor.py:186} INFO - Started process (PID=147749) to work on /home/airflow/.local/lib/python3.12/site-packages/airflow/example_dags/example_skip_dag.py
[2026-04-10T09:18:46.160+0900] {processor.py:914} INFO - Processing file /home/airflow/.local/lib/python3.12/site-packages/airflow/example_dags/example_skip_dag.py for tasks to queue
[2026-04-10T09:18:46.162+0900] {logging_mixin.py:190} INFO - [2026-04-10T09:18:46.162+0900] {dagbag.py:587} INFO - Filling up the DagBag from /home/airflow/.local/lib/python3.12/site-packages/airflow/example_dags/example_skip_dag.py
[2026-04-10T09:18:46.168+0900] {processor.py:925} INFO - DAG(s) 'example_skip_dag' retrieved from /home/airflow/.local/lib/python3.12/site-packages/airflow/example_dags/example_skip_dag.py
[2026-04-10T09:18:46.187+0900] {logging_mixin.py:190} INFO - [2026-04-10T09:18:46.187+0900] {dag.py:3211} INFO - Sync 1 DAGs
[2026-04-10T09:18:46.203+0900] {logging_mixin.py:190} INFO - [2026-04-10T09:18:46.203+0900] {dag.py:4138} INFO - Setting next_dagrun for example_skip_dag to 2026-04-09 00:00:00+00:00, run_after=2026-04-10 00:00:00+00:00
[2026-04-10T09:18:46.217+0900] {processor.py:208} INFO - Processing /home/airflow/.local/lib/python3.12/site-packages/airflow/example_dags/example_skip_dag.py took 0.063 seconds
[2026-04-10T09:19:17.110+0900] {processor.py:186} INFO - Started process (PID=147812) to work on /home/airflow/.local/lib/python3.12/site-packages/airflow/example_dags/example_skip_dag.py
[2026-04-10T09:19:17.111+0900] {processor.py:914} INFO - Processing file /home/airflow/.local/lib/python3.12/site-packages/airflow/example_dags/example_skip_dag.py for tasks to queue
[2026-04-10T09:19:17.114+0900] {logging_mixin.py:190} INFO - [2026-04-10T09:19:17.114+0900] {dagbag.py:587} INFO - Filling up the DagBag from /home/airflow/.local/lib/python3.12/site-packages/airflow/example_dags/example_skip_dag.py
[2026-04-10T09:19:17.122+0900] {processor.py:925} INFO - DAG(s) 'example_skip_dag' retrieved from /home/airflow/.local/lib/python3.12/site-packages/airflow/example_dags/example_skip_dag.py
[2026-04-10T09:19:17.143+0900] {logging_mixin.py:190} INFO - [2026-04-10T09:19:17.142+0900] {dag.py:3211} INFO - Sync 1 DAGs
[2026-04-10T09:19:17.161+0900] {logging_mixin.py:190} INFO - [2026-04-10T09:19:17.161+0900] {dag.py:4138} INFO - Setting next_dagrun for example_skip_dag to 2026-04-09 00:00:00+00:00, run_after=2026-04-10 00:00:00+00:00
[2026-04-10T09:19:17.178+0900] {processor.py:208} INFO - Processing /home/airflow/.local/lib/python3.12/site-packages/airflow/example_dags/example_skip_dag.py took 0.073 seconds
[2026-04-10T09:19:47.258+0900] {processor.py:186} INFO - Started process (PID=147875) to work on /home/airflow/.local/lib/python3.12/site-packages/airflow/example_dags/example_skip_dag.py
[2026-04-10T09:19:47.259+0900] {processor.py:914} INFO - Processing file /home/airflow/.local/lib/python3.12/site-packages/airflow/example_dags/example_skip_dag.py for tasks to queue
[2026-04-10T09:19:47.261+0900] {logging_mixin.py:190} INFO - [2026-04-10T09:19:47.261+0900] {dagbag.py:587} INFO - Filling up the DagBag from /home/airflow/.local/lib/python3.12/site-packages/airflow/example_dags/example_skip_dag.py
[2026-04-10T09:19:47.267+0900] {processor.py:925} INFO - DAG(s) 'example_skip_dag' retrieved from /home/airflow/.local/lib/python3.12/site-packages/airflow/example_dags/example_skip_dag.py
[2026-04-10T09:19:47.285+0900] {logging_mixin.py:190} INFO - [2026-04-10T09:19:47.285+0900] {dag.py:3211} INFO - Sync 1 DAGs
[2026-04-10T09:19:47.303+0900] {logging_mixin.py:190} INFO - [2026-04-10T09:19:47.303+0900] {dag.py:4138} INFO - Setting next_dagrun for example_skip_dag to 2026-04-09 00:00:00+00:00, run_after=2026-04-10 00:00:00+00:00
[2026-04-10T09:19:47.319+0900] {processor.py:208} INFO - Processing /home/airflow/.local/lib/python3.12/site-packages/airflow/example_dags/example_skip_dag.py took 0.065 seconds
[2026-04-10T09:20:18.022+0900] {processor.py:186} INFO - Started process (PID=147938) to work on /home/airflow/.local/lib/python3.12/site-packages/airflow/example_dags/example_skip_dag.py
[2026-04-10T09:20:18.023+0900] {processor.py:914} INFO - Processing file /home/airflow/.local/lib/python3.12/site-packages/airflow/example_dags/example_skip_dag.py for tasks to queue
[2026-04-10T09:20:18.026+0900] {logging_mixin.py:190} INFO - [2026-04-10T09:20:18.025+0900] {dagbag.py:587} INFO - Filling up the DagBag from /home/airflow/.local/lib/python3.12/site-packages/airflow/example_dags/example_skip_dag.py
[2026-04-10T09:20:18.032+0900] {processor.py:925} INFO - DAG(s) 'example_skip_dag' retrieved from /home/airflow/.local/lib/python3.12/site-packages/airflow/example_dags/example_skip_dag.py
[2026-04-10T09:20:18.048+0900] {logging_mixin.py:190} INFO - [2026-04-10T09:20:18.048+0900] {dag.py:3211} INFO - Sync 1 DAGs
[2026-04-10T09:20:18.063+0900] {logging_mixin.py:190} INFO - [2026-04-10T09:20:18.062+0900] {dag.py:4138} INFO - Setting next_dagrun for example_skip_dag to 2026-04-09 00:00:00+00:00, run_after=2026-04-10 00:00:00+00:00
[2026-04-10T09:20:18.076+0900] {processor.py:208} INFO - Processing /home/airflow/.local/lib/python3.12/site-packages/airflow/example_dags/example_skip_dag.py took 0.059 seconds
[2026-04-10T09:20:48.712+0900] {processor.py:186} INFO - Started process (PID=148001) to work on /home/airflow/.local/lib/python3.12/site-packages/airflow/example_dags/example_skip_dag.py
[2026-04-10T09:20:48.714+0900] {processor.py:914} INFO - Processing file /home/airflow/.local/lib/python3.12/site-packages/airflow/example_dags/example_skip_dag.py for tasks to queue
[2026-04-10T09:20:48.716+0900] {logging_mixin.py:190} INFO - [2026-04-10T09:20:48.716+0900] {dagbag.py:587} INFO - Filling up the DagBag from /home/airflow/.local/lib/python3.12/site-packages/airflow/example_dags/example_skip_dag.py
[2026-04-10T09:20:48.723+0900] {processor.py:925} INFO - DAG(s) 'example_skip_dag' retrieved from /home/airflow/.local/lib/python3.12/site-packages/airflow/example_dags/example_skip_dag.py
[2026-04-10T09:20:48.740+0900] {logging_mixin.py:190} INFO - [2026-04-10T09:20:48.740+0900] {dag.py:3211} INFO - Sync 1 DAGs
[2026-04-10T09:20:48.756+0900] {logging_mixin.py:190} INFO - [2026-04-10T09:20:48.756+0900] {dag.py:4138} INFO - Setting next_dagrun for example_skip_dag to 2026-04-09 00:00:00+00:00, run_after=2026-04-10 00:00:00+00:00
[2026-04-10T09:20:48.772+0900] {processor.py:208} INFO - Processing /home/airflow/.local/lib/python3.12/site-packages/airflow/example_dags/example_skip_dag.py took 0.064 seconds
[2026-04-10T09:21:19.520+0900] {processor.py:186} INFO - Started process (PID=148064) to work on /home/airflow/.local/lib/python3.12/site-packages/airflow/example_dags/example_skip_dag.py
[2026-04-10T09:21:19.521+0900] {processor.py:914} INFO - Processing file /home/airflow/.local/lib/python3.12/site-packages/airflow/example_dags/example_skip_dag.py for tasks to queue
[2026-04-10T09:21:19.525+0900] {logging_mixin.py:190} INFO - [2026-04-10T09:21:19.524+0900] {dagbag.py:587} INFO - Filling up the DagBag from /home/airflow/.local/lib/python3.12/site-packages/airflow/example_dags/example_skip_dag.py
[2026-04-10T09:21:19.533+0900] {processor.py:925} INFO - DAG(s) 'example_skip_dag' retrieved from /home/airflow/.local/lib/python3.12/site-packages/airflow/example_dags/example_skip_dag.py
[2026-04-10T09:21:19.556+0900] {logging_mixin.py:190} INFO - [2026-04-10T09:21:19.555+0900] {dag.py:3211} INFO - Sync 1 DAGs
[2026-04-10T09:21:19.575+0900] {logging_mixin.py:190} INFO - [2026-04-10T09:21:19.574+0900] {dag.py:4138} INFO - Setting next_dagrun for example_skip_dag to 2026-04-09 00:00:00+00:00, run_after=2026-04-10 00:00:00+00:00
[2026-04-10T09:21:19.591+0900] {processor.py:208} INFO - Processing /home/airflow/.local/lib/python3.12/site-packages/airflow/example_dags/example_skip_dag.py took 0.078 seconds
[2026-04-10T09:21:50.328+0900] {processor.py:186} INFO - Started process (PID=148127) to work on /home/airflow/.local/lib/python3.12/site-packages/airflow/example_dags/example_skip_dag.py
[2026-04-10T09:21:50.329+0900] {processor.py:914} INFO - Processing file /home/airflow/.local/lib/python3.12/site-packages/airflow/example_dags/example_skip_dag.py for tasks to queue
[2026-04-10T09:21:50.332+0900] {logging_mixin.py:190} INFO - [2026-04-10T09:21:50.332+0900] {dagbag.py:587} INFO - Filling up the DagBag from /home/airflow/.local/lib/python3.12/site-packages/airflow/example_dags/example_skip_dag.py
[2026-04-10T09:21:50.338+0900] {processor.py:925} INFO - DAG(s) 'example_skip_dag' retrieved from /home/airflow/.local/lib/python3.12/site-packages/airflow/example_dags/example_skip_dag.py
[2026-04-10T09:21:50.356+0900] {logging_mixin.py:190} INFO - [2026-04-10T09:21:50.355+0900] {dag.py:3211} INFO - Sync 1 DAGs
[2026-04-10T09:21:50.379+0900] {logging_mixin.py:190} INFO - [2026-04-10T09:21:50.379+0900] {dag.py:4138} INFO - Setting next_dagrun for example_skip_dag to 2026-04-09 00:00:00+00:00, run_after=2026-04-10 00:00:00+00:00
[2026-04-10T09:21:50.400+0900] {processor.py:208} INFO - Processing /home/airflow/.local/lib/python3.12/site-packages/airflow/example_dags/example_skip_dag.py took 0.076 seconds
[2026-04-10T09:22:21.071+0900] {processor.py:186} INFO - Started process (PID=148190) to work on /home/airflow/.local/lib/python3.12/site-packages/airflow/example_dags/example_skip_dag.py
[2026-04-10T09:22:21.072+0900] {processor.py:914} INFO - Processing file /home/airflow/.local/lib/python3.12/site-packages/airflow/example_dags/example_skip_dag.py for tasks to queue
[2026-04-10T09:22:21.075+0900] {logging_mixin.py:190} INFO - [2026-04-10T09:22:21.074+0900] {dagbag.py:587} INFO - Filling up the DagBag from /home/airflow/.local/lib/python3.12/site-packages/airflow/example_dags/example_skip_dag.py
[2026-04-10T09:22:21.081+0900] {processor.py:925} INFO - DAG(s) 'example_skip_dag' retrieved from /home/airflow/.local/lib/python3.12/site-packages/airflow/example_dags/example_skip_dag.py
[2026-04-10T09:22:21.098+0900] {logging_mixin.py:190} INFO - [2026-04-10T09:22:21.098+0900] {dag.py:3211} INFO - Sync 1 DAGs
[2026-04-10T09:22:21.115+0900] {logging_mixin.py:190} INFO - [2026-04-10T09:22:21.114+0900] {dag.py:4138} INFO - Setting next_dagrun for example_skip_dag to 2026-04-09 00:00:00+00:00, run_after=2026-04-10 00:00:00+00:00
[2026-04-10T09:22:21.133+0900] {processor.py:208} INFO - Processing /home/airflow/.local/lib/python3.12/site-packages/airflow/example_dags/example_skip_dag.py took 0.067 seconds
[2026-04-10T09:22:51.955+0900] {processor.py:186} INFO - Started process (PID=148253) to work on /home/airflow/.local/lib/python3.12/site-packages/airflow/example_dags/example_skip_dag.py
[2026-04-10T09:22:51.956+0900] {processor.py:914} INFO - Processing file /home/airflow/.local/lib/python3.12/site-packages/airflow/example_dags/example_skip_dag.py for tasks to queue
[2026-04-10T09:22:51.959+0900] {logging_mixin.py:190} INFO - [2026-04-10T09:22:51.959+0900] {dagbag.py:587} INFO - Filling up the DagBag from /home/airflow/.local/lib/python3.12/site-packages/airflow/example_dags/example_skip_dag.py
[2026-04-10T09:22:51.965+0900] {processor.py:925} INFO - DAG(s) 'example_skip_dag' retrieved from /home/airflow/.local/lib/python3.12/site-packages/airflow/example_dags/example_skip_dag.py
[2026-04-10T09:22:51.982+0900] {logging_mixin.py:190} INFO - [2026-04-10T09:22:51.982+0900] {dag.py:3211} INFO - Sync 1 DAGs
[2026-04-10T09:22:51.998+0900] {logging_mixin.py:190} INFO - [2026-04-10T09:22:51.998+0900] {dag.py:4138} INFO - Setting next_dagrun for example_skip_dag to 2026-04-09 00:00:00+00:00, run_after=2026-04-10 00:00:00+00:00
[2026-04-10T09:22:52.014+0900] {processor.py:208} INFO - Processing /home/airflow/.local/lib/python3.12/site-packages/airflow/example_dags/example_skip_dag.py took 0.064 seconds
[2026-04-10T09:23:22.609+0900] {processor.py:186} INFO - Started process (PID=148316) to work on /home/airflow/.local/lib/python3.12/site-packages/airflow/example_dags/example_skip_dag.py
[2026-04-10T09:23:22.610+0900] {processor.py:914} INFO - Processing file /home/airflow/.local/lib/python3.12/site-packages/airflow/example_dags/example_skip_dag.py for tasks to queue
[2026-04-10T09:23:22.613+0900] {logging_mixin.py:190} INFO - [2026-04-10T09:23:22.612+0900] {dagbag.py:587} INFO - Filling up the DagBag from /home/airflow/.local/lib/python3.12/site-packages/airflow/example_dags/example_skip_dag.py
[2026-04-10T09:23:22.619+0900] {processor.py:925} INFO - DAG(s) 'example_skip_dag' retrieved from /home/airflow/.local/lib/python3.12/site-packages/airflow/example_dags/example_skip_dag.py
[2026-04-10T09:23:22.637+0900] {logging_mixin.py:190} INFO - [2026-04-10T09:23:22.637+0900] {dag.py:3211} INFO - Sync 1 DAGs
[2026-04-10T09:23:22.653+0900] {logging_mixin.py:190} INFO - [2026-04-10T09:23:22.653+0900] {dag.py:4138} INFO - Setting next_dagrun for example_skip_dag to 2026-04-09 00:00:00+00:00, run_after=2026-04-10 00:00:00+00:00
[2026-04-10T09:23:22.672+0900] {processor.py:208} INFO - Processing /home/airflow/.local/lib/python3.12/site-packages/airflow/example_dags/example_skip_dag.py took 0.067 seconds
[2026-04-10T09:23:53.280+0900] {processor.py:186} INFO - Started process (PID=148379) to work on /home/airflow/.local/lib/python3.12/site-packages/airflow/example_dags/example_skip_dag.py
[2026-04-10T09:23:53.282+0900] {processor.py:914} INFO - Processing file /home/airflow/.local/lib/python3.12/site-packages/airflow/example_dags/example_skip_dag.py for tasks to queue
[2026-04-10T09:23:53.284+0900] {logging_mixin.py:190} INFO - [2026-04-10T09:23:53.284+0900] {dagbag.py:587} INFO - Filling up the DagBag from /home/airflow/.local/lib/python3.12/site-packages/airflow/example_dags/example_skip_dag.py
[2026-04-10T09:23:53.293+0900] {processor.py:925} INFO - DAG(s) 'example_skip_dag' retrieved from /home/airflow/.local/lib/python3.12/site-packages/airflow/example_dags/example_skip_dag.py
[2026-04-10T09:23:53.309+0900] {logging_mixin.py:190} INFO - [2026-04-10T09:23:53.309+0900] {dag.py:3211} INFO - Sync 1 DAGs
[2026-04-10T09:23:53.326+0900] {logging_mixin.py:190} INFO - [2026-04-10T09:23:53.326+0900] {dag.py:4138} INFO - Setting next_dagrun for example_skip_dag to 2026-04-09 00:00:00+00:00, run_after=2026-04-10 00:00:00+00:00
[2026-04-10T09:23:53.342+0900] {processor.py:208} INFO - Processing /home/airflow/.local/lib/python3.12/site-packages/airflow/example_dags/example_skip_dag.py took 0.066 seconds
[2026-04-10T09:24:23.475+0900] {processor.py:186} INFO - Started process (PID=148442) to work on /home/airflow/.local/lib/python3.12/site-packages/airflow/example_dags/example_skip_dag.py
[2026-04-10T09:24:23.475+0900] {processor.py:914} INFO - Processing file /home/airflow/.local/lib/python3.12/site-packages/airflow/example_dags/example_skip_dag.py for tasks to queue
[2026-04-10T09:24:23.478+0900] {logging_mixin.py:190} INFO - [2026-04-10T09:24:23.478+0900] {dagbag.py:587} INFO - Filling up the DagBag from /home/airflow/.local/lib/python3.12/site-packages/airflow/example_dags/example_skip_dag.py
[2026-04-10T09:24:23.484+0900] {processor.py:925} INFO - DAG(s) 'example_skip_dag' retrieved from /home/airflow/.local/lib/python3.12/site-packages/airflow/example_dags/example_skip_dag.py
[2026-04-10T09:24:23.501+0900] {logging_mixin.py:190} INFO - [2026-04-10T09:24:23.501+0900] {dag.py:3211} INFO - Sync 1 DAGs
[2026-04-10T09:24:23.523+0900] {logging_mixin.py:190} INFO - [2026-04-10T09:24:23.522+0900] {dag.py:4138} INFO - Setting next_dagrun for example_skip_dag to 2026-04-09 00:00:00+00:00, run_after=2026-04-10 00:00:00+00:00
[2026-04-10T09:24:23.544+0900] {processor.py:208} INFO - Processing /home/airflow/.local/lib/python3.12/site-packages/airflow/example_dags/example_skip_dag.py took 0.074 seconds
[2026-04-10T09:24:53.651+0900] {processor.py:186} INFO - Started process (PID=148505) to work on /home/airflow/.local/lib/python3.12/site-packages/airflow/example_dags/example_skip_dag.py
[2026-04-10T09:24:53.652+0900] {processor.py:914} INFO - Processing file /home/airflow/.local/lib/python3.12/site-packages/airflow/example_dags/example_skip_dag.py for tasks to queue
[2026-04-10T09:24:53.655+0900] {logging_mixin.py:190} INFO - [2026-04-10T09:24:53.654+0900] {dagbag.py:587} INFO - Filling up the DagBag from /home/airflow/.local/lib/python3.12/site-packages/airflow/example_dags/example_skip_dag.py
[2026-04-10T09:24:53.661+0900] {processor.py:925} INFO - DAG(s) 'example_skip_dag' retrieved from /home/airflow/.local/lib/python3.12/site-packages/airflow/example_dags/example_skip_dag.py
[2026-04-10T09:24:53.679+0900] {logging_mixin.py:190} INFO - [2026-04-10T09:24:53.678+0900] {dag.py:3211} INFO - Sync 1 DAGs
[2026-04-10T09:24:53.697+0900] {logging_mixin.py:190} INFO - [2026-04-10T09:24:53.697+0900] {dag.py:4138} INFO - Setting next_dagrun for example_skip_dag to 2026-04-09 00:00:00+00:00, run_after=2026-04-10 00:00:00+00:00
[2026-04-10T09:24:53.713+0900] {processor.py:208} INFO - Processing /home/airflow/.local/lib/python3.12/site-packages/airflow/example_dags/example_skip_dag.py took 0.067 seconds
[2026-04-10T09:25:23.835+0900] {processor.py:186} INFO - Started process (PID=148568) to work on /home/airflow/.local/lib/python3.12/site-packages/airflow/example_dags/example_skip_dag.py
[2026-04-10T09:25:23.837+0900] {processor.py:914} INFO - Processing file /home/airflow/.local/lib/python3.12/site-packages/airflow/example_dags/example_skip_dag.py for tasks to queue
[2026-04-10T09:25:23.839+0900] {logging_mixin.py:190} INFO - [2026-04-10T09:25:23.838+0900] {dagbag.py:587} INFO - Filling up the DagBag from /home/airflow/.local/lib/python3.12/site-packages/airflow/example_dags/example_skip_dag.py
[2026-04-10T09:25:23.845+0900] {processor.py:925} INFO - DAG(s) 'example_skip_dag' retrieved from /home/airflow/.local/lib/python3.12/site-packages/airflow/example_dags/example_skip_dag.py
[2026-04-10T09:25:23.862+0900] {logging_mixin.py:190} INFO - [2026-04-10T09:25:23.862+0900] {dag.py:3211} INFO - Sync 1 DAGs
[2026-04-10T09:25:23.878+0900] {logging_mixin.py:190} INFO - [2026-04-10T09:25:23.878+0900] {dag.py:4138} INFO - Setting next_dagrun for example_skip_dag to 2026-04-09 00:00:00+00:00, run_after=2026-04-10 00:00:00+00:00
[2026-04-10T09:25:23.898+0900] {processor.py:208} INFO - Processing /home/airflow/.local/lib/python3.12/site-packages/airflow/example_dags/example_skip_dag.py took 0.067 seconds
[2026-04-10T09:25:54.193+0900] {processor.py:186} INFO - Started process (PID=148631) to work on /home/airflow/.local/lib/python3.12/site-packages/airflow/example_dags/example_skip_dag.py
[2026-04-10T09:25:54.194+0900] {processor.py:914} INFO - Processing file /home/airflow/.local/lib/python3.12/site-packages/airflow/example_dags/example_skip_dag.py for tasks to queue
[2026-04-10T09:25:54.196+0900] {logging_mixin.py:190} INFO - [2026-04-10T09:25:54.196+0900] {dagbag.py:587} INFO - Filling up the DagBag from /home/airflow/.local/lib/python3.12/site-packages/airflow/example_dags/example_skip_dag.py
[2026-04-10T09:25:54.202+0900] {processor.py:925} INFO - DAG(s) 'example_skip_dag' retrieved from /home/airflow/.local/lib/python3.12/site-packages/airflow/example_dags/example_skip_dag.py
[2026-04-10T09:25:54.220+0900] {logging_mixin.py:190} INFO - [2026-04-10T09:25:54.219+0900] {dag.py:3211} INFO - Sync 1 DAGs
[2026-04-10T09:25:54.238+0900] {logging_mixin.py:190} INFO - [2026-04-10T09:25:54.238+0900] {dag.py:4138} INFO - Setting next_dagrun for example_skip_dag to 2026-04-09 00:00:00+00:00, run_after=2026-04-10 00:00:00+00:00
[2026-04-10T09:25:54.252+0900] {processor.py:208} INFO - Processing /home/airflow/.local/lib/python3.12/site-packages/airflow/example_dags/example_skip_dag.py took 0.064 seconds
[2026-04-10T09:26:25.151+0900] {processor.py:186} INFO - Started process (PID=148694) to work on /home/airflow/.local/lib/python3.12/site-packages/airflow/example_dags/example_skip_dag.py
[2026-04-10T09:26:25.153+0900] {processor.py:914} INFO - Processing file /home/airflow/.local/lib/python3.12/site-packages/airflow/example_dags/example_skip_dag.py for tasks to queue
[2026-04-10T09:26:25.155+0900] {logging_mixin.py:190} INFO - [2026-04-10T09:26:25.155+0900] {dagbag.py:587} INFO - Filling up the DagBag from /home/airflow/.local/lib/python3.12/site-packages/airflow/example_dags/example_skip_dag.py
[2026-04-10T09:26:25.162+0900] {processor.py:925} INFO - DAG(s) 'example_skip_dag' retrieved from /home/airflow/.local/lib/python3.12/site-packages/airflow/example_dags/example_skip_dag.py
[2026-04-10T09:26:25.181+0900] {logging_mixin.py:190} INFO - [2026-04-10T09:26:25.180+0900] {dag.py:3211} INFO - Sync 1 DAGs
[2026-04-10T09:26:25.198+0900] {logging_mixin.py:190} INFO - [2026-04-10T09:26:25.198+0900] {dag.py:4138} INFO - Setting next_dagrun for example_skip_dag to 2026-04-09 00:00:00+00:00, run_after=2026-04-10 00:00:00+00:00
[2026-04-10T09:26:25.214+0900] {processor.py:208} INFO - Processing /home/airflow/.local/lib/python3.12/site-packages/airflow/example_dags/example_skip_dag.py took 0.069 seconds
[2026-04-10T09:26:55.766+0900] {processor.py:186} INFO - Started process (PID=148757) to work on /home/airflow/.local/lib/python3.12/site-packages/airflow/example_dags/example_skip_dag.py
[2026-04-10T09:26:55.767+0900] {processor.py:914} INFO - Processing file /home/airflow/.local/lib/python3.12/site-packages/airflow/example_dags/example_skip_dag.py for tasks to queue
[2026-04-10T09:26:55.769+0900] {logging_mixin.py:190} INFO - [2026-04-10T09:26:55.769+0900] {dagbag.py:587} INFO - Filling up the DagBag from /home/airflow/.local/lib/python3.12/site-packages/airflow/example_dags/example_skip_dag.py
[2026-04-10T09:26:55.775+0900] {processor.py:925} INFO - DAG(s) 'example_skip_dag' retrieved from /home/airflow/.local/lib/python3.12/site-packages/airflow/example_dags/example_skip_dag.py
[2026-04-10T09:26:55.793+0900] {logging_mixin.py:190} INFO - [2026-04-10T09:26:55.792+0900] {dag.py:3211} INFO - Sync 1 DAGs
[2026-04-10T09:26:55.810+0900] {logging_mixin.py:190} INFO - [2026-04-10T09:26:55.810+0900] {dag.py:4138} INFO - Setting next_dagrun for example_skip_dag to 2026-04-09 00:00:00+00:00, run_after=2026-04-10 00:00:00+00:00
[2026-04-10T09:26:55.828+0900] {processor.py:208} INFO - Processing /home/airflow/.local/lib/python3.12/site-packages/airflow/example_dags/example_skip_dag.py took 0.066 seconds
[2026-04-10T09:27:26.567+0900] {processor.py:186} INFO - Started process (PID=148820) to work on /home/airflow/.local/lib/python3.12/site-packages/airflow/example_dags/example_skip_dag.py
[2026-04-10T09:27:26.568+0900] {processor.py:914} INFO - Processing file /home/airflow/.local/lib/python3.12/site-packages/airflow/example_dags/example_skip_dag.py for tasks to queue
[2026-04-10T09:27:26.570+0900] {logging_mixin.py:190} INFO - [2026-04-10T09:27:26.569+0900] {dagbag.py:587} INFO - Filling up the DagBag from /home/airflow/.local/lib/python3.12/site-packages/airflow/example_dags/example_skip_dag.py
[2026-04-10T09:27:26.576+0900] {processor.py:925} INFO - DAG(s) 'example_skip_dag' retrieved from /home/airflow/.local/lib/python3.12/site-packages/airflow/example_dags/example_skip_dag.py
[2026-04-10T09:27:26.592+0900] {logging_mixin.py:190} INFO - [2026-04-10T09:27:26.591+0900] {dag.py:3211} INFO - Sync 1 DAGs
[2026-04-10T09:27:26.607+0900] {logging_mixin.py:190} INFO - [2026-04-10T09:27:26.607+0900] {dag.py:4138} INFO - Setting next_dagrun for example_skip_dag to 2026-04-09 00:00:00+00:00, run_after=2026-04-10 00:00:00+00:00
[2026-04-10T09:27:26.623+0900] {processor.py:208} INFO - Processing /home/airflow/.local/lib/python3.12/site-packages/airflow/example_dags/example_skip_dag.py took 0.060 seconds
[2026-04-10T09:27:57.215+0900] {processor.py:186} INFO - Started process (PID=148883) to work on /home/airflow/.local/lib/python3.12/site-packages/airflow/example_dags/example_skip_dag.py
[2026-04-10T09:27:57.216+0900] {processor.py:914} INFO - Processing file /home/airflow/.local/lib/python3.12/site-packages/airflow/example_dags/example_skip_dag.py for tasks to queue
[2026-04-10T09:27:57.218+0900] {logging_mixin.py:190} INFO - [2026-04-10T09:27:57.218+0900] {dagbag.py:587} INFO - Filling up the DagBag from /home/airflow/.local/lib/python3.12/site-packages/airflow/example_dags/example_skip_dag.py
[2026-04-10T09:27:57.224+0900] {processor.py:925} INFO - DAG(s) 'example_skip_dag' retrieved from /home/airflow/.local/lib/python3.12/site-packages/airflow/example_dags/example_skip_dag.py
[2026-04-10T09:27:57.239+0900] {logging_mixin.py:190} INFO - [2026-04-10T09:27:57.239+0900] {dag.py:3211} INFO - Sync 1 DAGs
[2026-04-10T09:27:57.255+0900] {logging_mixin.py:190} INFO - [2026-04-10T09:27:57.255+0900] {dag.py:4138} INFO - Setting next_dagrun for example_skip_dag to 2026-04-09 00:00:00+00:00, run_after=2026-04-10 00:00:00+00:00
[2026-04-10T09:27:57.269+0900] {processor.py:208} INFO - Processing /home/airflow/.local/lib/python3.12/site-packages/airflow/example_dags/example_skip_dag.py took 0.059 seconds
[2026-04-10T09:28:27.741+0900] {processor.py:186} INFO - Started process (PID=148946) to work on /home/airflow/.local/lib/python3.12/site-packages/airflow/example_dags/example_skip_dag.py
[2026-04-10T09:28:27.742+0900] {processor.py:914} INFO - Processing file /home/airflow/.local/lib/python3.12/site-packages/airflow/example_dags/example_skip_dag.py for tasks to queue
[2026-04-10T09:28:27.744+0900] {logging_mixin.py:190} INFO - [2026-04-10T09:28:27.744+0900] {dagbag.py:587} INFO - Filling up the DagBag from /home/airflow/.local/lib/python3.12/site-packages/airflow/example_dags/example_skip_dag.py
[2026-04-10T09:28:27.750+0900] {processor.py:925} INFO - DAG(s) 'example_skip_dag' retrieved from /home/airflow/.local/lib/python3.12/site-packages/airflow/example_dags/example_skip_dag.py
[2026-04-10T09:28:27.767+0900] {logging_mixin.py:190} INFO - [2026-04-10T09:28:27.767+0900] {dag.py:3211} INFO - Sync 1 DAGs
[2026-04-10T09:28:27.782+0900] {logging_mixin.py:190} INFO - [2026-04-10T09:28:27.782+0900] {dag.py:4138} INFO - Setting next_dagrun for example_skip_dag to 2026-04-09 00:00:00+00:00, run_after=2026-04-10 00:00:00+00:00
[2026-04-10T09:28:27.801+0900] {processor.py:208} INFO - Processing /home/airflow/.local/lib/python3.12/site-packages/airflow/example_dags/example_skip_dag.py took 0.064 seconds
[2026-04-10T09:28:58.407+0900] {processor.py:186} INFO - Started process (PID=149010) to work on /home/airflow/.local/lib/python3.12/site-packages/airflow/example_dags/example_skip_dag.py
[2026-04-10T09:28:58.408+0900] {processor.py:914} INFO - Processing file /home/airflow/.local/lib/python3.12/site-packages/airflow/example_dags/example_skip_dag.py for tasks to queue
[2026-04-10T09:28:58.411+0900] {logging_mixin.py:190} INFO - [2026-04-10T09:28:58.410+0900] {dagbag.py:587} INFO - Filling up the DagBag from /home/airflow/.local/lib/python3.12/site-packages/airflow/example_dags/example_skip_dag.py
[2026-04-10T09:28:58.417+0900] {processor.py:925} INFO - DAG(s) 'example_skip_dag' retrieved from /home/airflow/.local/lib/python3.12/site-packages/airflow/example_dags/example_skip_dag.py
[2026-04-10T09:28:58.434+0900] {logging_mixin.py:190} INFO - [2026-04-10T09:28:58.434+0900] {dag.py:3211} INFO - Sync 1 DAGs
[2026-04-10T09:28:58.451+0900] {logging_mixin.py:190} INFO - [2026-04-10T09:28:58.451+0900] {dag.py:4138} INFO - Setting next_dagrun for example_skip_dag to 2026-04-09 00:00:00+00:00, run_after=2026-04-10 00:00:00+00:00
[2026-04-10T09:28:58.466+0900] {processor.py:208} INFO - Processing /home/airflow/.local/lib/python3.12/site-packages/airflow/example_dags/example_skip_dag.py took 0.064 seconds
[2026-04-10T09:29:29.183+0900] {processor.py:186} INFO - Started process (PID=149073) to work on /home/airflow/.local/lib/python3.12/site-packages/airflow/example_dags/example_skip_dag.py
[2026-04-10T09:29:29.184+0900] {processor.py:914} INFO - Processing file /home/airflow/.local/lib/python3.12/site-packages/airflow/example_dags/example_skip_dag.py for tasks to queue
[2026-04-10T09:29:29.186+0900] {logging_mixin.py:190} INFO - [2026-04-10T09:29:29.186+0900] {dagbag.py:587} INFO - Filling up the DagBag from /home/airflow/.local/lib/python3.12/site-packages/airflow/example_dags/example_skip_dag.py
[2026-04-10T09:29:29.192+0900] {processor.py:925} INFO - DAG(s) 'example_skip_dag' retrieved from /home/airflow/.local/lib/python3.12/site-packages/airflow/example_dags/example_skip_dag.py
[2026-04-10T09:29:29.209+0900] {logging_mixin.py:190} INFO - [2026-04-10T09:29:29.209+0900] {dag.py:3211} INFO - Sync 1 DAGs
[2026-04-10T09:29:29.225+0900] {logging_mixin.py:190} INFO - [2026-04-10T09:29:29.225+0900] {dag.py:4138} INFO - Setting next_dagrun for example_skip_dag to 2026-04-09 00:00:00+00:00, run_after=2026-04-10 00:00:00+00:00
[2026-04-10T09:29:29.241+0900] {processor.py:208} INFO - Processing /home/airflow/.local/lib/python3.12/site-packages/airflow/example_dags/example_skip_dag.py took 0.062 seconds
[2026-04-10T09:29:59.965+0900] {processor.py:186} INFO - Started process (PID=149136) to work on /home/airflow/.local/lib/python3.12/site-packages/airflow/example_dags/example_skip_dag.py
[2026-04-10T09:29:59.966+0900] {processor.py:914} INFO - Processing file /home/airflow/.local/lib/python3.12/site-packages/airflow/example_dags/example_skip_dag.py for tasks to queue
[2026-04-10T09:29:59.969+0900] {logging_mixin.py:190} INFO - [2026-04-10T09:29:59.969+0900] {dagbag.py:587} INFO - Filling up the DagBag from /home/airflow/.local/lib/python3.12/site-packages/airflow/example_dags/example_skip_dag.py
[2026-04-10T09:29:59.976+0900] {processor.py:925} INFO - DAG(s) 'example_skip_dag' retrieved from /home/airflow/.local/lib/python3.12/site-packages/airflow/example_dags/example_skip_dag.py
[2026-04-10T09:29:59.993+0900] {logging_mixin.py:190} INFO - [2026-04-10T09:29:59.993+0900] {dag.py:3211} INFO - Sync 1 DAGs
[2026-04-10T09:30:00.010+0900] {logging_mixin.py:190} INFO - [2026-04-10T09:30:00.010+0900] {dag.py:4138} INFO - Setting next_dagrun for example_skip_dag to 2026-04-09 00:00:00+00:00, run_after=2026-04-10 00:00:00+00:00
[2026-04-10T09:30:00.027+0900] {processor.py:208} INFO - Processing /home/airflow/.local/lib/python3.12/site-packages/airflow/example_dags/example_skip_dag.py took 0.066 seconds
[2026-04-10T09:30:30.845+0900] {processor.py:186} INFO - Started process (PID=149198) to work on /home/airflow/.local/lib/python3.12/site-packages/airflow/example_dags/example_skip_dag.py
[2026-04-10T09:30:30.846+0900] {processor.py:914} INFO - Processing file /home/airflow/.local/lib/python3.12/site-packages/airflow/example_dags/example_skip_dag.py for tasks to queue
[2026-04-10T09:30:30.848+0900] {logging_mixin.py:190} INFO - [2026-04-10T09:30:30.848+0900] {dagbag.py:587} INFO - Filling up the DagBag from /home/airflow/.local/lib/python3.12/site-packages/airflow/example_dags/example_skip_dag.py
[2026-04-10T09:30:30.855+0900] {processor.py:925} INFO - DAG(s) 'example_skip_dag' retrieved from /home/airflow/.local/lib/python3.12/site-packages/airflow/example_dags/example_skip_dag.py
[2026-04-10T09:30:30.871+0900] {logging_mixin.py:190} INFO - [2026-04-10T09:30:30.871+0900] {dag.py:3211} INFO - Sync 1 DAGs
[2026-04-10T09:30:30.888+0900] {logging_mixin.py:190} INFO - [2026-04-10T09:30:30.888+0900] {dag.py:4138} INFO - Setting next_dagrun for example_skip_dag to 2026-04-09 00:00:00+00:00, run_after=2026-04-10 00:00:00+00:00
[2026-04-10T09:30:30.901+0900] {processor.py:208} INFO - Processing /home/airflow/.local/lib/python3.12/site-packages/airflow/example_dags/example_skip_dag.py took 0.061 seconds
[2026-04-10T09:31:01.637+0900] {processor.py:186} INFO - Started process (PID=149261) to work on /home/airflow/.local/lib/python3.12/site-packages/airflow/example_dags/example_skip_dag.py
[2026-04-10T09:31:01.638+0900] {processor.py:914} INFO - Processing file /home/airflow/.local/lib/python3.12/site-packages/airflow/example_dags/example_skip_dag.py for tasks to queue
[2026-04-10T09:31:01.641+0900] {logging_mixin.py:190} INFO - [2026-04-10T09:31:01.641+0900] {dagbag.py:587} INFO - Filling up the DagBag from /home/airflow/.local/lib/python3.12/site-packages/airflow/example_dags/example_skip_dag.py
[2026-04-10T09:31:01.649+0900] {processor.py:925} INFO - DAG(s) 'example_skip_dag' retrieved from /home/airflow/.local/lib/python3.12/site-packages/airflow/example_dags/example_skip_dag.py
[2026-04-10T09:31:01.669+0900] {logging_mixin.py:190} INFO - [2026-04-10T09:31:01.669+0900] {dag.py:3211} INFO - Sync 1 DAGs
[2026-04-10T09:31:01.690+0900] {logging_mixin.py:190} INFO - [2026-04-10T09:31:01.690+0900] {dag.py:4138} INFO - Setting next_dagrun for example_skip_dag to 2026-04-09 00:00:00+00:00, run_after=2026-04-10 00:00:00+00:00
[2026-04-10T09:31:01.711+0900] {processor.py:208} INFO - Processing /home/airflow/.local/lib/python3.12/site-packages/airflow/example_dags/example_skip_dag.py took 0.078 seconds
[2026-04-10T09:31:32.329+0900] {processor.py:186} INFO - Started process (PID=149324) to work on /home/airflow/.local/lib/python3.12/site-packages/airflow/example_dags/example_skip_dag.py
[2026-04-10T09:31:32.330+0900] {processor.py:914} INFO - Processing file /home/airflow/.local/lib/python3.12/site-packages/airflow/example_dags/example_skip_dag.py for tasks to queue
[2026-04-10T09:31:32.333+0900] {logging_mixin.py:190} INFO - [2026-04-10T09:31:32.333+0900] {dagbag.py:587} INFO - Filling up the DagBag from /home/airflow/.local/lib/python3.12/site-packages/airflow/example_dags/example_skip_dag.py
[2026-04-10T09:31:32.340+0900] {processor.py:925} INFO - DAG(s) 'example_skip_dag' retrieved from /home/airflow/.local/lib/python3.12/site-packages/airflow/example_dags/example_skip_dag.py
[2026-04-10T09:31:32.361+0900] {logging_mixin.py:190} INFO - [2026-04-10T09:31:32.361+0900] {dag.py:3211} INFO - Sync 1 DAGs
[2026-04-10T09:31:32.380+0900] {logging_mixin.py:190} INFO - [2026-04-10T09:31:32.380+0900] {dag.py:4138} INFO - Setting next_dagrun for example_skip_dag to 2026-04-09 00:00:00+00:00, run_after=2026-04-10 00:00:00+00:00
[2026-04-10T09:31:32.395+0900] {processor.py:208} INFO - Processing /home/airflow/.local/lib/python3.12/site-packages/airflow/example_dags/example_skip_dag.py took 0.071 seconds
[2026-04-10T09:32:03.053+0900] {processor.py:186} INFO - Started process (PID=149387) to work on /home/airflow/.local/lib/python3.12/site-packages/airflow/example_dags/example_skip_dag.py
[2026-04-10T09:32:03.055+0900] {processor.py:914} INFO - Processing file /home/airflow/.local/lib/python3.12/site-packages/airflow/example_dags/example_skip_dag.py for tasks to queue
[2026-04-10T09:32:03.057+0900] {logging_mixin.py:190} INFO - [2026-04-10T09:32:03.057+0900] {dagbag.py:587} INFO - Filling up the DagBag from /home/airflow/.local/lib/python3.12/site-packages/airflow/example_dags/example_skip_dag.py
[2026-04-10T09:32:03.065+0900] {processor.py:925} INFO - DAG(s) 'example_skip_dag' retrieved from /home/airflow/.local/lib/python3.12/site-packages/airflow/example_dags/example_skip_dag.py
[2026-04-10T09:32:03.083+0900] {logging_mixin.py:190} INFO - [2026-04-10T09:32:03.083+0900] {dag.py:3211} INFO - Sync 1 DAGs
[2026-04-10T09:32:03.107+0900] {logging_mixin.py:190} INFO - [2026-04-10T09:32:03.107+0900] {dag.py:4138} INFO - Setting next_dagrun for example_skip_dag to 2026-04-09 00:00:00+00:00, run_after=2026-04-10 00:00:00+00:00
[2026-04-10T09:32:03.124+0900] {processor.py:208} INFO - Processing /home/airflow/.local/lib/python3.12/site-packages/airflow/example_dags/example_skip_dag.py took 0.076 seconds
[2026-04-10T09:32:33.862+0900] {processor.py:186} INFO - Started process (PID=149450) to work on /home/airflow/.local/lib/python3.12/site-packages/airflow/example_dags/example_skip_dag.py
[2026-04-10T09:32:33.863+0900] {processor.py:914} INFO - Processing file /home/airflow/.local/lib/python3.12/site-packages/airflow/example_dags/example_skip_dag.py for tasks to queue
[2026-04-10T09:32:33.866+0900] {logging_mixin.py:190} INFO - [2026-04-10T09:32:33.865+0900] {dagbag.py:587} INFO - Filling up the DagBag from /home/airflow/.local/lib/python3.12/site-packages/airflow/example_dags/example_skip_dag.py
[2026-04-10T09:32:33.872+0900] {processor.py:925} INFO - DAG(s) 'example_skip_dag' retrieved from /home/airflow/.local/lib/python3.12/site-packages/airflow/example_dags/example_skip_dag.py
[2026-04-10T09:32:33.889+0900] {logging_mixin.py:190} INFO - [2026-04-10T09:32:33.888+0900] {dag.py:3211} INFO - Sync 1 DAGs
[2026-04-10T09:32:33.904+0900] {logging_mixin.py:190} INFO - [2026-04-10T09:32:33.904+0900] {dag.py:4138} INFO - Setting next_dagrun for example_skip_dag to 2026-04-09 00:00:00+00:00, run_after=2026-04-10 00:00:00+00:00
[2026-04-10T09:32:33.923+0900] {processor.py:208} INFO - Processing /home/airflow/.local/lib/python3.12/site-packages/airflow/example_dags/example_skip_dag.py took 0.066 seconds
[2026-04-10T09:33:04.388+0900] {processor.py:186} INFO - Started process (PID=149513) to work on /home/airflow/.local/lib/python3.12/site-packages/airflow/example_dags/example_skip_dag.py
[2026-04-10T09:33:04.389+0900] {processor.py:914} INFO - Processing file /home/airflow/.local/lib/python3.12/site-packages/airflow/example_dags/example_skip_dag.py for tasks to queue
[2026-04-10T09:33:04.391+0900] {logging_mixin.py:190} INFO - [2026-04-10T09:33:04.391+0900] {dagbag.py:587} INFO - Filling up the DagBag from /home/airflow/.local/lib/python3.12/site-packages/airflow/example_dags/example_skip_dag.py
[2026-04-10T09:33:04.398+0900] {processor.py:925} INFO - DAG(s) 'example_skip_dag' retrieved from /home/airflow/.local/lib/python3.12/site-packages/airflow/example_dags/example_skip_dag.py
[2026-04-10T09:33:04.414+0900] {logging_mixin.py:190} INFO - [2026-04-10T09:33:04.414+0900] {dag.py:3211} INFO - Sync 1 DAGs
[2026-04-10T09:33:04.430+0900] {logging_mixin.py:190} INFO - [2026-04-10T09:33:04.430+0900] {dag.py:4138} INFO - Setting next_dagrun for example_skip_dag to 2026-04-09 00:00:00+00:00, run_after=2026-04-10 00:00:00+00:00
[2026-04-10T09:33:04.450+0900] {processor.py:208} INFO - Processing /home/airflow/.local/lib/python3.12/site-packages/airflow/example_dags/example_skip_dag.py took 0.067 seconds
[2026-04-10T09:33:35.145+0900] {processor.py:186} INFO - Started process (PID=149582) to work on /home/airflow/.local/lib/python3.12/site-packages/airflow/example_dags/example_skip_dag.py
[2026-04-10T09:33:35.146+0900] {processor.py:914} INFO - Processing file /home/airflow/.local/lib/python3.12/site-packages/airflow/example_dags/example_skip_dag.py for tasks to queue
[2026-04-10T09:33:35.149+0900] {logging_mixin.py:190} INFO - [2026-04-10T09:33:35.148+0900] {dagbag.py:587} INFO - Filling up the DagBag from /home/airflow/.local/lib/python3.12/site-packages/airflow/example_dags/example_skip_dag.py
[2026-04-10T09:33:35.156+0900] {processor.py:925} INFO - DAG(s) 'example_skip_dag' retrieved from /home/airflow/.local/lib/python3.12/site-packages/airflow/example_dags/example_skip_dag.py
[2026-04-10T09:33:35.173+0900] {logging_mixin.py:190} INFO - [2026-04-10T09:33:35.173+0900] {dag.py:3211} INFO - Sync 1 DAGs
[2026-04-10T09:33:35.190+0900] {logging_mixin.py:190} INFO - [2026-04-10T09:33:35.190+0900] {dag.py:4138} INFO - Setting next_dagrun for example_skip_dag to 2026-04-09 00:00:00+00:00, run_after=2026-04-10 00:00:00+00:00
[2026-04-10T09:33:35.210+0900] {processor.py:208} INFO - Processing /home/airflow/.local/lib/python3.12/site-packages/airflow/example_dags/example_skip_dag.py took 0.070 seconds
[2026-04-10T09:34:05.955+0900] {processor.py:186} INFO - Started process (PID=149645) to work on /home/airflow/.local/lib/python3.12/site-packages/airflow/example_dags/example_skip_dag.py
[2026-04-10T09:34:05.956+0900] {processor.py:914} INFO - Processing file /home/airflow/.local/lib/python3.12/site-packages/airflow/example_dags/example_skip_dag.py for tasks to queue
[2026-04-10T09:34:05.958+0900] {logging_mixin.py:190} INFO - [2026-04-10T09:34:05.958+0900] {dagbag.py:587} INFO - Filling up the DagBag from /home/airflow/.local/lib/python3.12/site-packages/airflow/example_dags/example_skip_dag.py
[2026-04-10T09:34:05.965+0900] {processor.py:925} INFO - DAG(s) 'example_skip_dag' retrieved from /home/airflow/.local/lib/python3.12/site-packages/airflow/example_dags/example_skip_dag.py
[2026-04-10T09:34:05.982+0900] {logging_mixin.py:190} INFO - [2026-04-10T09:34:05.982+0900] {dag.py:3211} INFO - Sync 1 DAGs
[2026-04-10T09:34:05.998+0900] {logging_mixin.py:190} INFO - [2026-04-10T09:34:05.998+0900] {dag.py:4138} INFO - Setting next_dagrun for example_skip_dag to 2026-04-09 00:00:00+00:00, run_after=2026-04-10 00:00:00+00:00
[2026-04-10T09:34:06.013+0900] {processor.py:208} INFO - Processing /home/airflow/.local/lib/python3.12/site-packages/airflow/example_dags/example_skip_dag.py took 0.062 seconds
[2026-04-10T09:34:36.680+0900] {processor.py:186} INFO - Started process (PID=149708) to work on /home/airflow/.local/lib/python3.12/site-packages/airflow/example_dags/example_skip_dag.py
[2026-04-10T09:34:36.681+0900] {processor.py:914} INFO - Processing file /home/airflow/.local/lib/python3.12/site-packages/airflow/example_dags/example_skip_dag.py for tasks to queue
[2026-04-10T09:34:36.683+0900] {logging_mixin.py:190} INFO - [2026-04-10T09:34:36.682+0900] {dagbag.py:587} INFO - Filling up the DagBag from /home/airflow/.local/lib/python3.12/site-packages/airflow/example_dags/example_skip_dag.py
[2026-04-10T09:34:36.689+0900] {processor.py:925} INFO - DAG(s) 'example_skip_dag' retrieved from /home/airflow/.local/lib/python3.12/site-packages/airflow/example_dags/example_skip_dag.py
[2026-04-10T09:34:36.706+0900] {logging_mixin.py:190} INFO - [2026-04-10T09:34:36.706+0900] {dag.py:3211} INFO - Sync 1 DAGs
[2026-04-10T09:34:36.722+0900] {logging_mixin.py:190} INFO - [2026-04-10T09:34:36.722+0900] {dag.py:4138} INFO - Setting next_dagrun for example_skip_dag to 2026-04-09 00:00:00+00:00, run_after=2026-04-10 00:00:00+00:00
[2026-04-10T09:34:36.738+0900] {processor.py:208} INFO - Processing /home/airflow/.local/lib/python3.12/site-packages/airflow/example_dags/example_skip_dag.py took 0.063 seconds
[2026-04-10T09:35:07.551+0900] {processor.py:186} INFO - Started process (PID=149771) to work on /home/airflow/.local/lib/python3.12/site-packages/airflow/example_dags/example_skip_dag.py
[2026-04-10T09:35:07.552+0900] {processor.py:914} INFO - Processing file /home/airflow/.local/lib/python3.12/site-packages/airflow/example_dags/example_skip_dag.py for tasks to queue
[2026-04-10T09:35:07.555+0900] {logging_mixin.py:190} INFO - [2026-04-10T09:35:07.555+0900] {dagbag.py:587} INFO - Filling up the DagBag from /home/airflow/.local/lib/python3.12/site-packages/airflow/example_dags/example_skip_dag.py
[2026-04-10T09:35:07.562+0900] {processor.py:925} INFO - DAG(s) 'example_skip_dag' retrieved from /home/airflow/.local/lib/python3.12/site-packages/airflow/example_dags/example_skip_dag.py
[2026-04-10T09:35:07.582+0900] {logging_mixin.py:190} INFO - [2026-04-10T09:35:07.582+0900] {dag.py:3211} INFO - Sync 1 DAGs
[2026-04-10T09:35:07.601+0900] {logging_mixin.py:190} INFO - [2026-04-10T09:35:07.601+0900] {dag.py:4138} INFO - Setting next_dagrun for example_skip_dag to 2026-04-09 00:00:00+00:00, run_after=2026-04-10 00:00:00+00:00
[2026-04-10T09:35:07.617+0900] {processor.py:208} INFO - Processing /home/airflow/.local/lib/python3.12/site-packages/airflow/example_dags/example_skip_dag.py took 0.073 seconds
[2026-04-10T09:35:38.086+0900] {processor.py:186} INFO - Started process (PID=149834) to work on /home/airflow/.local/lib/python3.12/site-packages/airflow/example_dags/example_skip_dag.py
[2026-04-10T09:35:38.087+0900] {processor.py:914} INFO - Processing file /home/airflow/.local/lib/python3.12/site-packages/airflow/example_dags/example_skip_dag.py for tasks to queue
[2026-04-10T09:35:38.089+0900] {logging_mixin.py:190} INFO - [2026-04-10T09:35:38.089+0900] {dagbag.py:587} INFO - Filling up the DagBag from /home/airflow/.local/lib/python3.12/site-packages/airflow/example_dags/example_skip_dag.py
[2026-04-10T09:35:38.096+0900] {processor.py:925} INFO - DAG(s) 'example_skip_dag' retrieved from /home/airflow/.local/lib/python3.12/site-packages/airflow/example_dags/example_skip_dag.py
[2026-04-10T09:35:38.114+0900] {logging_mixin.py:190} INFO - [2026-04-10T09:35:38.114+0900] {dag.py:3211} INFO - Sync 1 DAGs
[2026-04-10T09:35:38.131+0900] {logging_mixin.py:190} INFO - [2026-04-10T09:35:38.131+0900] {dag.py:4138} INFO - Setting next_dagrun for example_skip_dag to 2026-04-09 00:00:00+00:00, run_after=2026-04-10 00:00:00+00:00
[2026-04-10T09:35:38.148+0900] {processor.py:208} INFO - Processing /home/airflow/.local/lib/python3.12/site-packages/airflow/example_dags/example_skip_dag.py took 0.065 seconds
[2026-04-10T09:36:08.806+0900] {processor.py:186} INFO - Started process (PID=149897) to work on /home/airflow/.local/lib/python3.12/site-packages/airflow/example_dags/example_skip_dag.py
[2026-04-10T09:36:08.807+0900] {processor.py:914} INFO - Processing file /home/airflow/.local/lib/python3.12/site-packages/airflow/example_dags/example_skip_dag.py for tasks to queue
[2026-04-10T09:36:08.809+0900] {logging_mixin.py:190} INFO - [2026-04-10T09:36:08.809+0900] {dagbag.py:587} INFO - Filling up the DagBag from /home/airflow/.local/lib/python3.12/site-packages/airflow/example_dags/example_skip_dag.py
[2026-04-10T09:36:08.815+0900] {processor.py:925} INFO - DAG(s) 'example_skip_dag' retrieved from /home/airflow/.local/lib/python3.12/site-packages/airflow/example_dags/example_skip_dag.py
[2026-04-10T09:36:08.833+0900] {logging_mixin.py:190} INFO - [2026-04-10T09:36:08.833+0900] {dag.py:3211} INFO - Sync 1 DAGs
[2026-04-10T09:36:08.850+0900] {logging_mixin.py:190} INFO - [2026-04-10T09:36:08.850+0900] {dag.py:4138} INFO - Setting next_dagrun for example_skip_dag to 2026-04-09 00:00:00+00:00, run_after=2026-04-10 00:00:00+00:00
[2026-04-10T09:36:08.870+0900] {processor.py:208} INFO - Processing /home/airflow/.local/lib/python3.12/site-packages/airflow/example_dags/example_skip_dag.py took 0.068 seconds
[2026-04-10T09:36:39.477+0900] {processor.py:186} INFO - Started process (PID=149960) to work on /home/airflow/.local/lib/python3.12/site-packages/airflow/example_dags/example_skip_dag.py
[2026-04-10T09:36:39.478+0900] {processor.py:914} INFO - Processing file /home/airflow/.local/lib/python3.12/site-packages/airflow/example_dags/example_skip_dag.py for tasks to queue
[2026-04-10T09:36:39.480+0900] {logging_mixin.py:190} INFO - [2026-04-10T09:36:39.480+0900] {dagbag.py:587} INFO - Filling up the DagBag from /home/airflow/.local/lib/python3.12/site-packages/airflow/example_dags/example_skip_dag.py
[2026-04-10T09:36:39.486+0900] {processor.py:925} INFO - DAG(s) 'example_skip_dag' retrieved from /home/airflow/.local/lib/python3.12/site-packages/airflow/example_dags/example_skip_dag.py
[2026-04-10T09:36:39.503+0900] {logging_mixin.py:190} INFO - [2026-04-10T09:36:39.502+0900] {dag.py:3211} INFO - Sync 1 DAGs
[2026-04-10T09:36:39.520+0900] {logging_mixin.py:190} INFO - [2026-04-10T09:36:39.519+0900] {dag.py:4138} INFO - Setting next_dagrun for example_skip_dag to 2026-04-09 00:00:00+00:00, run_after=2026-04-10 00:00:00+00:00
[2026-04-10T09:36:39.534+0900] {processor.py:208} INFO - Processing /home/airflow/.local/lib/python3.12/site-packages/airflow/example_dags/example_skip_dag.py took 0.062 seconds
[2026-04-10T09:37:10.101+0900] {processor.py:186} INFO - Started process (PID=150023) to work on /home/airflow/.local/lib/python3.12/site-packages/airflow/example_dags/example_skip_dag.py
[2026-04-10T09:37:10.102+0900] {processor.py:914} INFO - Processing file /home/airflow/.local/lib/python3.12/site-packages/airflow/example_dags/example_skip_dag.py for tasks to queue
[2026-04-10T09:37:10.104+0900] {logging_mixin.py:190} INFO - [2026-04-10T09:37:10.104+0900] {dagbag.py:587} INFO - Filling up the DagBag from /home/airflow/.local/lib/python3.12/site-packages/airflow/example_dags/example_skip_dag.py
[2026-04-10T09:37:10.111+0900] {processor.py:925} INFO - DAG(s) 'example_skip_dag' retrieved from /home/airflow/.local/lib/python3.12/site-packages/airflow/example_dags/example_skip_dag.py
[2026-04-10T09:37:10.128+0900] {logging_mixin.py:190} INFO - [2026-04-10T09:37:10.128+0900] {dag.py:3211} INFO - Sync 1 DAGs
[2026-04-10T09:37:10.146+0900] {logging_mixin.py:190} INFO - [2026-04-10T09:37:10.146+0900] {dag.py:4138} INFO - Setting next_dagrun for example_skip_dag to 2026-04-09 00:00:00+00:00, run_after=2026-04-10 00:00:00+00:00
[2026-04-10T09:37:10.160+0900] {processor.py:208} INFO - Processing /home/airflow/.local/lib/python3.12/site-packages/airflow/example_dags/example_skip_dag.py took 0.063 seconds
[2026-04-10T09:37:40.915+0900] {processor.py:186} INFO - Started process (PID=150086) to work on /home/airflow/.local/lib/python3.12/site-packages/airflow/example_dags/example_skip_dag.py
[2026-04-10T09:37:40.917+0900] {processor.py:914} INFO - Processing file /home/airflow/.local/lib/python3.12/site-packages/airflow/example_dags/example_skip_dag.py for tasks to queue
[2026-04-10T09:37:40.918+0900] {logging_mixin.py:190} INFO - [2026-04-10T09:37:40.918+0900] {dagbag.py:587} INFO - Filling up the DagBag from /home/airflow/.local/lib/python3.12/site-packages/airflow/example_dags/example_skip_dag.py
[2026-04-10T09:37:40.925+0900] {processor.py:925} INFO - DAG(s) 'example_skip_dag' retrieved from /home/airflow/.local/lib/python3.12/site-packages/airflow/example_dags/example_skip_dag.py
[2026-04-10T09:37:40.941+0900] {logging_mixin.py:190} INFO - [2026-04-10T09:37:40.941+0900] {dag.py:3211} INFO - Sync 1 DAGs
[2026-04-10T09:37:40.958+0900] {logging_mixin.py:190} INFO - [2026-04-10T09:37:40.958+0900] {dag.py:4138} INFO - Setting next_dagrun for example_skip_dag to 2026-04-09 00:00:00+00:00, run_after=2026-04-10 00:00:00+00:00
[2026-04-10T09:37:40.976+0900] {processor.py:208} INFO - Processing /home/airflow/.local/lib/python3.12/site-packages/airflow/example_dags/example_skip_dag.py took 0.065 seconds
[2026-04-10T09:38:11.626+0900] {processor.py:186} INFO - Started process (PID=150149) to work on /home/airflow/.local/lib/python3.12/site-packages/airflow/example_dags/example_skip_dag.py
[2026-04-10T09:38:11.627+0900] {processor.py:914} INFO - Processing file /home/airflow/.local/lib/python3.12/site-packages/airflow/example_dags/example_skip_dag.py for tasks to queue
[2026-04-10T09:38:11.629+0900] {logging_mixin.py:190} INFO - [2026-04-10T09:38:11.629+0900] {dagbag.py:587} INFO - Filling up the DagBag from /home/airflow/.local/lib/python3.12/site-packages/airflow/example_dags/example_skip_dag.py
[2026-04-10T09:38:11.635+0900] {processor.py:925} INFO - DAG(s) 'example_skip_dag' retrieved from /home/airflow/.local/lib/python3.12/site-packages/airflow/example_dags/example_skip_dag.py
[2026-04-10T09:38:11.651+0900] {logging_mixin.py:190} INFO - [2026-04-10T09:38:11.650+0900] {dag.py:3211} INFO - Sync 1 DAGs
[2026-04-10T09:38:11.667+0900] {logging_mixin.py:190} INFO - [2026-04-10T09:38:11.667+0900] {dag.py:4138} INFO - Setting next_dagrun for example_skip_dag to 2026-04-09 00:00:00+00:00, run_after=2026-04-10 00:00:00+00:00
[2026-04-10T09:38:11.683+0900] {processor.py:208} INFO - Processing /home/airflow/.local/lib/python3.12/site-packages/airflow/example_dags/example_skip_dag.py took 0.062 seconds
[2026-04-10T09:38:42.527+0900] {processor.py:186} INFO - Started process (PID=150212) to work on /home/airflow/.local/lib/python3.12/site-packages/airflow/example_dags/example_skip_dag.py
[2026-04-10T09:38:42.528+0900] {processor.py:914} INFO - Processing file /home/airflow/.local/lib/python3.12/site-packages/airflow/example_dags/example_skip_dag.py for tasks to queue
[2026-04-10T09:38:42.530+0900] {logging_mixin.py:190} INFO - [2026-04-10T09:38:42.530+0900] {dagbag.py:587} INFO - Filling up the DagBag from /home/airflow/.local/lib/python3.12/site-packages/airflow/example_dags/example_skip_dag.py
[2026-04-10T09:38:42.536+0900] {processor.py:925} INFO - DAG(s) 'example_skip_dag' retrieved from /home/airflow/.local/lib/python3.12/site-packages/airflow/example_dags/example_skip_dag.py
[2026-04-10T09:38:42.556+0900] {logging_mixin.py:190} INFO - [2026-04-10T09:38:42.555+0900] {dag.py:3211} INFO - Sync 1 DAGs
[2026-04-10T09:38:42.573+0900] {logging_mixin.py:190} INFO - [2026-04-10T09:38:42.573+0900] {dag.py:4138} INFO - Setting next_dagrun for example_skip_dag to 2026-04-09 00:00:00+00:00, run_after=2026-04-10 00:00:00+00:00
[2026-04-10T09:38:42.588+0900] {processor.py:208} INFO - Processing /home/airflow/.local/lib/python3.12/site-packages/airflow/example_dags/example_skip_dag.py took 0.065 seconds
[2026-04-10T09:39:13.341+0900] {processor.py:186} INFO - Started process (PID=150275) to work on /home/airflow/.local/lib/python3.12/site-packages/airflow/example_dags/example_skip_dag.py
[2026-04-10T09:39:13.342+0900] {processor.py:914} INFO - Processing file /home/airflow/.local/lib/python3.12/site-packages/airflow/example_dags/example_skip_dag.py for tasks to queue
[2026-04-10T09:39:13.344+0900] {logging_mixin.py:190} INFO - [2026-04-10T09:39:13.344+0900] {dagbag.py:587} INFO - Filling up the DagBag from /home/airflow/.local/lib/python3.12/site-packages/airflow/example_dags/example_skip_dag.py
[2026-04-10T09:39:13.351+0900] {processor.py:925} INFO - DAG(s) 'example_skip_dag' retrieved from /home/airflow/.local/lib/python3.12/site-packages/airflow/example_dags/example_skip_dag.py
[2026-04-10T09:39:13.367+0900] {logging_mixin.py:190} INFO - [2026-04-10T09:39:13.367+0900] {dag.py:3211} INFO - Sync 1 DAGs
[2026-04-10T09:39:13.383+0900] {logging_mixin.py:190} INFO - [2026-04-10T09:39:13.383+0900] {dag.py:4138} INFO - Setting next_dagrun for example_skip_dag to 2026-04-09 00:00:00+00:00, run_after=2026-04-10 00:00:00+00:00
[2026-04-10T09:39:13.402+0900] {processor.py:208} INFO - Processing /home/airflow/.local/lib/python3.12/site-packages/airflow/example_dags/example_skip_dag.py took 0.065 seconds
[2026-04-10T09:39:44.086+0900] {processor.py:186} INFO - Started process (PID=150338) to work on /home/airflow/.local/lib/python3.12/site-packages/airflow/example_dags/example_skip_dag.py
[2026-04-10T09:39:44.087+0900] {processor.py:914} INFO - Processing file /home/airflow/.local/lib/python3.12/site-packages/airflow/example_dags/example_skip_dag.py for tasks to queue
[2026-04-10T09:39:44.089+0900] {logging_mixin.py:190} INFO - [2026-04-10T09:39:44.089+0900] {dagbag.py:587} INFO - Filling up the DagBag from /home/airflow/.local/lib/python3.12/site-packages/airflow/example_dags/example_skip_dag.py
[2026-04-10T09:39:44.095+0900] {processor.py:925} INFO - DAG(s) 'example_skip_dag' retrieved from /home/airflow/.local/lib/python3.12/site-packages/airflow/example_dags/example_skip_dag.py
[2026-04-10T09:39:44.113+0900] {logging_mixin.py:190} INFO - [2026-04-10T09:39:44.112+0900] {dag.py:3211} INFO - Sync 1 DAGs
[2026-04-10T09:39:44.131+0900] {logging_mixin.py:190} INFO - [2026-04-10T09:39:44.130+0900] {dag.py:4138} INFO - Setting next_dagrun for example_skip_dag to 2026-04-09 00:00:00+00:00, run_after=2026-04-10 00:00:00+00:00
[2026-04-10T09:39:44.145+0900] {processor.py:208} INFO - Processing /home/airflow/.local/lib/python3.12/site-packages/airflow/example_dags/example_skip_dag.py took 0.064 seconds
[2026-04-10T09:40:14.679+0900] {processor.py:186} INFO - Started process (PID=150401) to work on /home/airflow/.local/lib/python3.12/site-packages/airflow/example_dags/example_skip_dag.py
[2026-04-10T09:40:14.680+0900] {processor.py:914} INFO - Processing file /home/airflow/.local/lib/python3.12/site-packages/airflow/example_dags/example_skip_dag.py for tasks to queue
[2026-04-10T09:40:14.682+0900] {logging_mixin.py:190} INFO - [2026-04-10T09:40:14.682+0900] {dagbag.py:587} INFO - Filling up the DagBag from /home/airflow/.local/lib/python3.12/site-packages/airflow/example_dags/example_skip_dag.py
[2026-04-10T09:40:14.688+0900] {processor.py:925} INFO - DAG(s) 'example_skip_dag' retrieved from /home/airflow/.local/lib/python3.12/site-packages/airflow/example_dags/example_skip_dag.py
[2026-04-10T09:40:14.703+0900] {logging_mixin.py:190} INFO - [2026-04-10T09:40:14.703+0900] {dag.py:3211} INFO - Sync 1 DAGs
[2026-04-10T09:40:14.725+0900] {logging_mixin.py:190} INFO - [2026-04-10T09:40:14.724+0900] {dag.py:4138} INFO - Setting next_dagrun for example_skip_dag to 2026-04-09 00:00:00+00:00, run_after=2026-04-10 00:00:00+00:00
[2026-04-10T09:40:14.746+0900] {processor.py:208} INFO - Processing /home/airflow/.local/lib/python3.12/site-packages/airflow/example_dags/example_skip_dag.py took 0.072 seconds
[2026-04-10T09:40:45.479+0900] {processor.py:186} INFO - Started process (PID=150464) to work on /home/airflow/.local/lib/python3.12/site-packages/airflow/example_dags/example_skip_dag.py
[2026-04-10T09:40:45.481+0900] {processor.py:914} INFO - Processing file /home/airflow/.local/lib/python3.12/site-packages/airflow/example_dags/example_skip_dag.py for tasks to queue
[2026-04-10T09:40:45.483+0900] {logging_mixin.py:190} INFO - [2026-04-10T09:40:45.483+0900] {dagbag.py:587} INFO - Filling up the DagBag from /home/airflow/.local/lib/python3.12/site-packages/airflow/example_dags/example_skip_dag.py
[2026-04-10T09:40:45.490+0900] {processor.py:925} INFO - DAG(s) 'example_skip_dag' retrieved from /home/airflow/.local/lib/python3.12/site-packages/airflow/example_dags/example_skip_dag.py
[2026-04-10T09:40:45.507+0900] {logging_mixin.py:190} INFO - [2026-04-10T09:40:45.506+0900] {dag.py:3211} INFO - Sync 1 DAGs
[2026-04-10T09:40:45.523+0900] {logging_mixin.py:190} INFO - [2026-04-10T09:40:45.522+0900] {dag.py:4138} INFO - Setting next_dagrun for example_skip_dag to 2026-04-09 00:00:00+00:00, run_after=2026-04-10 00:00:00+00:00
[2026-04-10T09:40:45.536+0900] {processor.py:208} INFO - Processing /home/airflow/.local/lib/python3.12/site-packages/airflow/example_dags/example_skip_dag.py took 0.062 seconds
[2026-04-10T09:41:16.049+0900] {processor.py:186} INFO - Started process (PID=150527) to work on /home/airflow/.local/lib/python3.12/site-packages/airflow/example_dags/example_skip_dag.py
[2026-04-10T09:41:16.050+0900] {processor.py:914} INFO - Processing file /home/airflow/.local/lib/python3.12/site-packages/airflow/example_dags/example_skip_dag.py for tasks to queue
[2026-04-10T09:41:16.052+0900] {logging_mixin.py:190} INFO - [2026-04-10T09:41:16.052+0900] {dagbag.py:587} INFO - Filling up the DagBag from /home/airflow/.local/lib/python3.12/site-packages/airflow/example_dags/example_skip_dag.py
[2026-04-10T09:41:16.058+0900] {processor.py:925} INFO - DAG(s) 'example_skip_dag' retrieved from /home/airflow/.local/lib/python3.12/site-packages/airflow/example_dags/example_skip_dag.py
[2026-04-10T09:41:16.078+0900] {logging_mixin.py:190} INFO - [2026-04-10T09:41:16.078+0900] {dag.py:3211} INFO - Sync 1 DAGs
[2026-04-10T09:41:16.097+0900] {logging_mixin.py:190} INFO - [2026-04-10T09:41:16.097+0900] {dag.py:4138} INFO - Setting next_dagrun for example_skip_dag to 2026-04-09 00:00:00+00:00, run_after=2026-04-10 00:00:00+00:00
[2026-04-10T09:41:16.117+0900] {processor.py:208} INFO - Processing /home/airflow/.local/lib/python3.12/site-packages/airflow/example_dags/example_skip_dag.py took 0.073 seconds
[2026-04-10T09:41:46.753+0900] {processor.py:186} INFO - Started process (PID=150590) to work on /home/airflow/.local/lib/python3.12/site-packages/airflow/example_dags/example_skip_dag.py
[2026-04-10T09:41:46.754+0900] {processor.py:914} INFO - Processing file /home/airflow/.local/lib/python3.12/site-packages/airflow/example_dags/example_skip_dag.py for tasks to queue
[2026-04-10T09:41:46.756+0900] {logging_mixin.py:190} INFO - [2026-04-10T09:41:46.756+0900] {dagbag.py:587} INFO - Filling up the DagBag from /home/airflow/.local/lib/python3.12/site-packages/airflow/example_dags/example_skip_dag.py
[2026-04-10T09:41:46.763+0900] {processor.py:925} INFO - DAG(s) 'example_skip_dag' retrieved from /home/airflow/.local/lib/python3.12/site-packages/airflow/example_dags/example_skip_dag.py
[2026-04-10T09:41:46.781+0900] {logging_mixin.py:190} INFO - [2026-04-10T09:41:46.781+0900] {dag.py:3211} INFO - Sync 1 DAGs
[2026-04-10T09:41:46.800+0900] {logging_mixin.py:190} INFO - [2026-04-10T09:41:46.799+0900] {dag.py:4138} INFO - Setting next_dagrun for example_skip_dag to 2026-04-09 00:00:00+00:00, run_after=2026-04-10 00:00:00+00:00
[2026-04-10T09:41:46.817+0900] {processor.py:208} INFO - Processing /home/airflow/.local/lib/python3.12/site-packages/airflow/example_dags/example_skip_dag.py took 0.068 seconds
[2026-04-10T09:42:17.500+0900] {processor.py:186} INFO - Started process (PID=150653) to work on /home/airflow/.local/lib/python3.12/site-packages/airflow/example_dags/example_skip_dag.py
[2026-04-10T09:42:17.501+0900] {processor.py:914} INFO - Processing file /home/airflow/.local/lib/python3.12/site-packages/airflow/example_dags/example_skip_dag.py for tasks to queue
[2026-04-10T09:42:17.503+0900] {logging_mixin.py:190} INFO - [2026-04-10T09:42:17.503+0900] {dagbag.py:587} INFO - Filling up the DagBag from /home/airflow/.local/lib/python3.12/site-packages/airflow/example_dags/example_skip_dag.py
[2026-04-10T09:42:17.510+0900] {processor.py:925} INFO - DAG(s) 'example_skip_dag' retrieved from /home/airflow/.local/lib/python3.12/site-packages/airflow/example_dags/example_skip_dag.py
[2026-04-10T09:42:17.527+0900] {logging_mixin.py:190} INFO - [2026-04-10T09:42:17.527+0900] {dag.py:3211} INFO - Sync 1 DAGs
[2026-04-10T09:42:17.543+0900] {logging_mixin.py:190} INFO - [2026-04-10T09:42:17.543+0900] {dag.py:4138} INFO - Setting next_dagrun for example_skip_dag to 2026-04-09 00:00:00+00:00, run_after=2026-04-10 00:00:00+00:00
[2026-04-10T09:42:17.558+0900] {processor.py:208} INFO - Processing /home/airflow/.local/lib/python3.12/site-packages/airflow/example_dags/example_skip_dag.py took 0.063 seconds
[2026-04-10T09:42:48.240+0900] {processor.py:186} INFO - Started process (PID=150716) to work on /home/airflow/.local/lib/python3.12/site-packages/airflow/example_dags/example_skip_dag.py
[2026-04-10T09:42:48.241+0900] {processor.py:914} INFO - Processing file /home/airflow/.local/lib/python3.12/site-packages/airflow/example_dags/example_skip_dag.py for tasks to queue
[2026-04-10T09:42:48.244+0900] {logging_mixin.py:190} INFO - [2026-04-10T09:42:48.243+0900] {dagbag.py:587} INFO - Filling up the DagBag from /home/airflow/.local/lib/python3.12/site-packages/airflow/example_dags/example_skip_dag.py
[2026-04-10T09:42:48.250+0900] {processor.py:925} INFO - DAG(s) 'example_skip_dag' retrieved from /home/airflow/.local/lib/python3.12/site-packages/airflow/example_dags/example_skip_dag.py
[2026-04-10T09:42:48.270+0900] {logging_mixin.py:190} INFO - [2026-04-10T09:42:48.270+0900] {dag.py:3211} INFO - Sync 1 DAGs
[2026-04-10T09:42:48.287+0900] {logging_mixin.py:190} INFO - [2026-04-10T09:42:48.287+0900] {dag.py:4138} INFO - Setting next_dagrun for example_skip_dag to 2026-04-09 00:00:00+00:00, run_after=2026-04-10 00:00:00+00:00
[2026-04-10T09:42:48.302+0900] {processor.py:208} INFO - Processing /home/airflow/.local/lib/python3.12/site-packages/airflow/example_dags/example_skip_dag.py took 0.066 seconds
[2026-04-10T09:43:18.420+0900] {processor.py:186} INFO - Started process (PID=150779) to work on /home/airflow/.local/lib/python3.12/site-packages/airflow/example_dags/example_skip_dag.py
[2026-04-10T09:43:18.422+0900] {processor.py:914} INFO - Processing file /home/airflow/.local/lib/python3.12/site-packages/airflow/example_dags/example_skip_dag.py for tasks to queue
[2026-04-10T09:43:18.424+0900] {logging_mixin.py:190} INFO - [2026-04-10T09:43:18.424+0900] {dagbag.py:587} INFO - Filling up the DagBag from /home/airflow/.local/lib/python3.12/site-packages/airflow/example_dags/example_skip_dag.py
[2026-04-10T09:43:18.430+0900] {processor.py:925} INFO - DAG(s) 'example_skip_dag' retrieved from /home/airflow/.local/lib/python3.12/site-packages/airflow/example_dags/example_skip_dag.py
[2026-04-10T09:43:18.447+0900] {logging_mixin.py:190} INFO - [2026-04-10T09:43:18.447+0900] {dag.py:3211} INFO - Sync 1 DAGs
[2026-04-10T09:43:18.467+0900] {logging_mixin.py:190} INFO - [2026-04-10T09:43:18.467+0900] {dag.py:4138} INFO - Setting next_dagrun for example_skip_dag to 2026-04-09 00:00:00+00:00, run_after=2026-04-10 00:00:00+00:00
[2026-04-10T09:43:18.481+0900] {processor.py:208} INFO - Processing /home/airflow/.local/lib/python3.12/site-packages/airflow/example_dags/example_skip_dag.py took 0.065 seconds
[2026-04-10T09:43:48.715+0900] {processor.py:186} INFO - Started process (PID=150842) to work on /home/airflow/.local/lib/python3.12/site-packages/airflow/example_dags/example_skip_dag.py
[2026-04-10T09:43:48.716+0900] {processor.py:914} INFO - Processing file /home/airflow/.local/lib/python3.12/site-packages/airflow/example_dags/example_skip_dag.py for tasks to queue
[2026-04-10T09:43:48.719+0900] {logging_mixin.py:190} INFO - [2026-04-10T09:43:48.718+0900] {dagbag.py:587} INFO - Filling up the DagBag from /home/airflow/.local/lib/python3.12/site-packages/airflow/example_dags/example_skip_dag.py
[2026-04-10T09:43:48.725+0900] {processor.py:925} INFO - DAG(s) 'example_skip_dag' retrieved from /home/airflow/.local/lib/python3.12/site-packages/airflow/example_dags/example_skip_dag.py
[2026-04-10T09:43:48.742+0900] {logging_mixin.py:190} INFO - [2026-04-10T09:43:48.742+0900] {dag.py:3211} INFO - Sync 1 DAGs
[2026-04-10T09:43:48.758+0900] {logging_mixin.py:190} INFO - [2026-04-10T09:43:48.758+0900] {dag.py:4138} INFO - Setting next_dagrun for example_skip_dag to 2026-04-09 00:00:00+00:00, run_after=2026-04-10 00:00:00+00:00
[2026-04-10T09:43:48.777+0900] {processor.py:208} INFO - Processing /home/airflow/.local/lib/python3.12/site-packages/airflow/example_dags/example_skip_dag.py took 0.066 seconds
[2026-04-10T09:44:18.865+0900] {processor.py:186} INFO - Started process (PID=150905) to work on /home/airflow/.local/lib/python3.12/site-packages/airflow/example_dags/example_skip_dag.py
[2026-04-10T09:44:18.866+0900] {processor.py:914} INFO - Processing file /home/airflow/.local/lib/python3.12/site-packages/airflow/example_dags/example_skip_dag.py for tasks to queue
[2026-04-10T09:44:18.869+0900] {logging_mixin.py:190} INFO - [2026-04-10T09:44:18.868+0900] {dagbag.py:587} INFO - Filling up the DagBag from /home/airflow/.local/lib/python3.12/site-packages/airflow/example_dags/example_skip_dag.py
[2026-04-10T09:44:18.875+0900] {processor.py:925} INFO - DAG(s) 'example_skip_dag' retrieved from /home/airflow/.local/lib/python3.12/site-packages/airflow/example_dags/example_skip_dag.py
[2026-04-10T09:44:18.893+0900] {logging_mixin.py:190} INFO - [2026-04-10T09:44:18.893+0900] {dag.py:3211} INFO - Sync 1 DAGs
[2026-04-10T09:44:18.911+0900] {logging_mixin.py:190} INFO - [2026-04-10T09:44:18.911+0900] {dag.py:4138} INFO - Setting next_dagrun for example_skip_dag to 2026-04-09 00:00:00+00:00, run_after=2026-04-10 00:00:00+00:00
[2026-04-10T09:44:18.926+0900] {processor.py:208} INFO - Processing /home/airflow/.local/lib/python3.12/site-packages/airflow/example_dags/example_skip_dag.py took 0.065 seconds
[2026-04-10T09:44:49.137+0900] {processor.py:186} INFO - Started process (PID=150968) to work on /home/airflow/.local/lib/python3.12/site-packages/airflow/example_dags/example_skip_dag.py
[2026-04-10T09:44:49.138+0900] {processor.py:914} INFO - Processing file /home/airflow/.local/lib/python3.12/site-packages/airflow/example_dags/example_skip_dag.py for tasks to queue
[2026-04-10T09:44:49.140+0900] {logging_mixin.py:190} INFO - [2026-04-10T09:44:49.140+0900] {dagbag.py:587} INFO - Filling up the DagBag from /home/airflow/.local/lib/python3.12/site-packages/airflow/example_dags/example_skip_dag.py
[2026-04-10T09:44:49.147+0900] {processor.py:925} INFO - DAG(s) 'example_skip_dag' retrieved from /home/airflow/.local/lib/python3.12/site-packages/airflow/example_dags/example_skip_dag.py
[2026-04-10T09:44:49.165+0900] {logging_mixin.py:190} INFO - [2026-04-10T09:44:49.164+0900] {dag.py:3211} INFO - Sync 1 DAGs
[2026-04-10T09:44:49.183+0900] {logging_mixin.py:190} INFO - [2026-04-10T09:44:49.183+0900] {dag.py:4138} INFO - Setting next_dagrun for example_skip_dag to 2026-04-09 00:00:00+00:00, run_after=2026-04-10 00:00:00+00:00
[2026-04-10T09:44:49.200+0900] {processor.py:208} INFO - Processing /home/airflow/.local/lib/python3.12/site-packages/airflow/example_dags/example_skip_dag.py took 0.068 seconds
[2026-04-10T09:45:19.319+0900] {processor.py:186} INFO - Started process (PID=151031) to work on /home/airflow/.local/lib/python3.12/site-packages/airflow/example_dags/example_skip_dag.py
[2026-04-10T09:45:19.320+0900] {processor.py:914} INFO - Processing file /home/airflow/.local/lib/python3.12/site-packages/airflow/example_dags/example_skip_dag.py for tasks to queue
[2026-04-10T09:45:19.322+0900] {logging_mixin.py:190} INFO - [2026-04-10T09:45:19.322+0900] {dagbag.py:587} INFO - Filling up the DagBag from /home/airflow/.local/lib/python3.12/site-packages/airflow/example_dags/example_skip_dag.py
[2026-04-10T09:45:19.328+0900] {processor.py:925} INFO - DAG(s) 'example_skip_dag' retrieved from /home/airflow/.local/lib/python3.12/site-packages/airflow/example_dags/example_skip_dag.py
[2026-04-10T09:45:19.344+0900] {logging_mixin.py:190} INFO - [2026-04-10T09:45:19.343+0900] {dag.py:3211} INFO - Sync 1 DAGs
[2026-04-10T09:45:19.362+0900] {logging_mixin.py:190} INFO - [2026-04-10T09:45:19.361+0900] {dag.py:4138} INFO - Setting next_dagrun for example_skip_dag to 2026-04-09 00:00:00+00:00, run_after=2026-04-10 00:00:00+00:00
[2026-04-10T09:45:19.384+0900] {processor.py:208} INFO - Processing /home/airflow/.local/lib/python3.12/site-packages/airflow/example_dags/example_skip_dag.py took 0.070 seconds
[2026-04-10T09:45:49.527+0900] {processor.py:186} INFO - Started process (PID=151094) to work on /home/airflow/.local/lib/python3.12/site-packages/airflow/example_dags/example_skip_dag.py
[2026-04-10T09:45:49.528+0900] {processor.py:914} INFO - Processing file /home/airflow/.local/lib/python3.12/site-packages/airflow/example_dags/example_skip_dag.py for tasks to queue
[2026-04-10T09:45:49.530+0900] {logging_mixin.py:190} INFO - [2026-04-10T09:45:49.529+0900] {dagbag.py:587} INFO - Filling up the DagBag from /home/airflow/.local/lib/python3.12/site-packages/airflow/example_dags/example_skip_dag.py
[2026-04-10T09:45:49.536+0900] {processor.py:925} INFO - DAG(s) 'example_skip_dag' retrieved from /home/airflow/.local/lib/python3.12/site-packages/airflow/example_dags/example_skip_dag.py
[2026-04-10T09:45:49.551+0900] {logging_mixin.py:190} INFO - [2026-04-10T09:45:49.551+0900] {dag.py:3211} INFO - Sync 1 DAGs
[2026-04-10T09:45:49.567+0900] {logging_mixin.py:190} INFO - [2026-04-10T09:45:49.567+0900] {dag.py:4138} INFO - Setting next_dagrun for example_skip_dag to 2026-04-09 00:00:00+00:00, run_after=2026-04-10 00:00:00+00:00
[2026-04-10T09:45:49.582+0900] {processor.py:208} INFO - Processing /home/airflow/.local/lib/python3.12/site-packages/airflow/example_dags/example_skip_dag.py took 0.059 seconds
[2026-04-10T09:46:19.879+0900] {processor.py:186} INFO - Started process (PID=151157) to work on /home/airflow/.local/lib/python3.12/site-packages/airflow/example_dags/example_skip_dag.py
[2026-04-10T09:46:19.880+0900] {processor.py:914} INFO - Processing file /home/airflow/.local/lib/python3.12/site-packages/airflow/example_dags/example_skip_dag.py for tasks to queue
[2026-04-10T09:46:19.882+0900] {logging_mixin.py:190} INFO - [2026-04-10T09:46:19.882+0900] {dagbag.py:587} INFO - Filling up the DagBag from /home/airflow/.local/lib/python3.12/site-packages/airflow/example_dags/example_skip_dag.py
[2026-04-10T09:46:19.888+0900] {processor.py:925} INFO - DAG(s) 'example_skip_dag' retrieved from /home/airflow/.local/lib/python3.12/site-packages/airflow/example_dags/example_skip_dag.py
[2026-04-10T09:46:19.905+0900] {logging_mixin.py:190} INFO - [2026-04-10T09:46:19.905+0900] {dag.py:3211} INFO - Sync 1 DAGs
[2026-04-10T09:46:19.921+0900] {logging_mixin.py:190} INFO - [2026-04-10T09:46:19.921+0900] {dag.py:4138} INFO - Setting next_dagrun for example_skip_dag to 2026-04-09 00:00:00+00:00, run_after=2026-04-10 00:00:00+00:00
[2026-04-10T09:46:19.940+0900] {processor.py:208} INFO - Processing /home/airflow/.local/lib/python3.12/site-packages/airflow/example_dags/example_skip_dag.py took 0.066 seconds
[2026-04-10T09:46:50.474+0900] {processor.py:186} INFO - Started process (PID=151220) to work on /home/airflow/.local/lib/python3.12/site-packages/airflow/example_dags/example_skip_dag.py
[2026-04-10T09:46:50.475+0900] {processor.py:914} INFO - Processing file /home/airflow/.local/lib/python3.12/site-packages/airflow/example_dags/example_skip_dag.py for tasks to queue
[2026-04-10T09:46:50.477+0900] {logging_mixin.py:190} INFO - [2026-04-10T09:46:50.477+0900] {dagbag.py:587} INFO - Filling up the DagBag from /home/airflow/.local/lib/python3.12/site-packages/airflow/example_dags/example_skip_dag.py
[2026-04-10T09:46:50.483+0900] {processor.py:925} INFO - DAG(s) 'example_skip_dag' retrieved from /home/airflow/.local/lib/python3.12/site-packages/airflow/example_dags/example_skip_dag.py
[2026-04-10T09:46:50.499+0900] {logging_mixin.py:190} INFO - [2026-04-10T09:46:50.499+0900] {dag.py:3211} INFO - Sync 1 DAGs
[2026-04-10T09:46:50.516+0900] {logging_mixin.py:190} INFO - [2026-04-10T09:46:50.516+0900] {dag.py:4138} INFO - Setting next_dagrun for example_skip_dag to 2026-04-09 00:00:00+00:00, run_after=2026-04-10 00:00:00+00:00
[2026-04-10T09:46:50.531+0900] {processor.py:208} INFO - Processing /home/airflow/.local/lib/python3.12/site-packages/airflow/example_dags/example_skip_dag.py took 0.062 seconds
[2026-04-10T09:47:20.964+0900] {processor.py:186} INFO - Started process (PID=151283) to work on /home/airflow/.local/lib/python3.12/site-packages/airflow/example_dags/example_skip_dag.py
[2026-04-10T09:47:20.965+0900] {processor.py:914} INFO - Processing file /home/airflow/.local/lib/python3.12/site-packages/airflow/example_dags/example_skip_dag.py for tasks to queue
[2026-04-10T09:47:20.967+0900] {logging_mixin.py:190} INFO - [2026-04-10T09:47:20.967+0900] {dagbag.py:587} INFO - Filling up the DagBag from /home/airflow/.local/lib/python3.12/site-packages/airflow/example_dags/example_skip_dag.py
[2026-04-10T09:47:20.974+0900] {processor.py:925} INFO - DAG(s) 'example_skip_dag' retrieved from /home/airflow/.local/lib/python3.12/site-packages/airflow/example_dags/example_skip_dag.py
[2026-04-10T09:47:20.990+0900] {logging_mixin.py:190} INFO - [2026-04-10T09:47:20.990+0900] {dag.py:3211} INFO - Sync 1 DAGs
[2026-04-10T09:47:21.005+0900] {logging_mixin.py:190} INFO - [2026-04-10T09:47:21.005+0900] {dag.py:4138} INFO - Setting next_dagrun for example_skip_dag to 2026-04-09 00:00:00+00:00, run_after=2026-04-10 00:00:00+00:00
[2026-04-10T09:47:21.020+0900] {processor.py:208} INFO - Processing /home/airflow/.local/lib/python3.12/site-packages/airflow/example_dags/example_skip_dag.py took 0.061 seconds
[2026-04-10T09:47:51.504+0900] {processor.py:186} INFO - Started process (PID=151346) to work on /home/airflow/.local/lib/python3.12/site-packages/airflow/example_dags/example_skip_dag.py
[2026-04-10T09:47:51.505+0900] {processor.py:914} INFO - Processing file /home/airflow/.local/lib/python3.12/site-packages/airflow/example_dags/example_skip_dag.py for tasks to queue
[2026-04-10T09:47:51.507+0900] {logging_mixin.py:190} INFO - [2026-04-10T09:47:51.507+0900] {dagbag.py:587} INFO - Filling up the DagBag from /home/airflow/.local/lib/python3.12/site-packages/airflow/example_dags/example_skip_dag.py
[2026-04-10T09:47:51.513+0900] {processor.py:925} INFO - DAG(s) 'example_skip_dag' retrieved from /home/airflow/.local/lib/python3.12/site-packages/airflow/example_dags/example_skip_dag.py
[2026-04-10T09:47:51.531+0900] {logging_mixin.py:190} INFO - [2026-04-10T09:47:51.531+0900] {dag.py:3211} INFO - Sync 1 DAGs
[2026-04-10T09:47:51.549+0900] {logging_mixin.py:190} INFO - [2026-04-10T09:47:51.548+0900] {dag.py:4138} INFO - Setting next_dagrun for example_skip_dag to 2026-04-09 00:00:00+00:00, run_after=2026-04-10 00:00:00+00:00
[2026-04-10T09:47:51.566+0900] {processor.py:208} INFO - Processing /home/airflow/.local/lib/python3.12/site-packages/airflow/example_dags/example_skip_dag.py took 0.067 seconds
[2026-04-10T09:48:22.060+0900] {processor.py:186} INFO - Started process (PID=151409) to work on /home/airflow/.local/lib/python3.12/site-packages/airflow/example_dags/example_skip_dag.py
[2026-04-10T09:48:22.061+0900] {processor.py:914} INFO - Processing file /home/airflow/.local/lib/python3.12/site-packages/airflow/example_dags/example_skip_dag.py for tasks to queue
[2026-04-10T09:48:22.063+0900] {logging_mixin.py:190} INFO - [2026-04-10T09:48:22.063+0900] {dagbag.py:587} INFO - Filling up the DagBag from /home/airflow/.local/lib/python3.12/site-packages/airflow/example_dags/example_skip_dag.py
[2026-04-10T09:48:22.069+0900] {processor.py:925} INFO - DAG(s) 'example_skip_dag' retrieved from /home/airflow/.local/lib/python3.12/site-packages/airflow/example_dags/example_skip_dag.py
[2026-04-10T09:48:22.087+0900] {logging_mixin.py:190} INFO - [2026-04-10T09:48:22.087+0900] {dag.py:3211} INFO - Sync 1 DAGs
[2026-04-10T09:48:22.106+0900] {logging_mixin.py:190} INFO - [2026-04-10T09:48:22.106+0900] {dag.py:4138} INFO - Setting next_dagrun for example_skip_dag to 2026-04-09 00:00:00+00:00, run_after=2026-04-10 00:00:00+00:00
[2026-04-10T09:48:22.127+0900] {processor.py:208} INFO - Processing /home/airflow/.local/lib/python3.12/site-packages/airflow/example_dags/example_skip_dag.py took 0.073 seconds
[2026-04-10T09:48:52.866+0900] {processor.py:186} INFO - Started process (PID=151472) to work on /home/airflow/.local/lib/python3.12/site-packages/airflow/example_dags/example_skip_dag.py
[2026-04-10T09:48:52.867+0900] {processor.py:914} INFO - Processing file /home/airflow/.local/lib/python3.12/site-packages/airflow/example_dags/example_skip_dag.py for tasks to queue
[2026-04-10T09:48:52.869+0900] {logging_mixin.py:190} INFO - [2026-04-10T09:48:52.869+0900] {dagbag.py:587} INFO - Filling up the DagBag from /home/airflow/.local/lib/python3.12/site-packages/airflow/example_dags/example_skip_dag.py
[2026-04-10T09:48:52.876+0900] {processor.py:925} INFO - DAG(s) 'example_skip_dag' retrieved from /home/airflow/.local/lib/python3.12/site-packages/airflow/example_dags/example_skip_dag.py
[2026-04-10T09:48:52.892+0900] {logging_mixin.py:190} INFO - [2026-04-10T09:48:52.892+0900] {dag.py:3211} INFO - Sync 1 DAGs
[2026-04-10T09:48:52.909+0900] {logging_mixin.py:190} INFO - [2026-04-10T09:48:52.909+0900] {dag.py:4138} INFO - Setting next_dagrun for example_skip_dag to 2026-04-09 00:00:00+00:00, run_after=2026-04-10 00:00:00+00:00
[2026-04-10T09:48:52.930+0900] {processor.py:208} INFO - Processing /home/airflow/.local/lib/python3.12/site-packages/airflow/example_dags/example_skip_dag.py took 0.068 seconds
[2026-04-10T09:49:23.073+0900] {processor.py:186} INFO - Started process (PID=151536) to work on /home/airflow/.local/lib/python3.12/site-packages/airflow/example_dags/example_skip_dag.py
[2026-04-10T09:49:23.074+0900] {processor.py:914} INFO - Processing file /home/airflow/.local/lib/python3.12/site-packages/airflow/example_dags/example_skip_dag.py for tasks to queue
[2026-04-10T09:49:23.077+0900] {logging_mixin.py:190} INFO - [2026-04-10T09:49:23.076+0900] {dagbag.py:587} INFO - Filling up the DagBag from /home/airflow/.local/lib/python3.12/site-packages/airflow/example_dags/example_skip_dag.py
[2026-04-10T09:49:23.083+0900] {processor.py:925} INFO - DAG(s) 'example_skip_dag' retrieved from /home/airflow/.local/lib/python3.12/site-packages/airflow/example_dags/example_skip_dag.py
[2026-04-10T09:49:23.101+0900] {logging_mixin.py:190} INFO - [2026-04-10T09:49:23.101+0900] {dag.py:3211} INFO - Sync 1 DAGs
[2026-04-10T09:49:23.119+0900] {logging_mixin.py:190} INFO - [2026-04-10T09:49:23.118+0900] {dag.py:4138} INFO - Setting next_dagrun for example_skip_dag to 2026-04-09 00:00:00+00:00, run_after=2026-04-10 00:00:00+00:00
[2026-04-10T09:49:23.136+0900] {processor.py:208} INFO - Processing /home/airflow/.local/lib/python3.12/site-packages/airflow/example_dags/example_skip_dag.py took 0.067 seconds
[2026-04-10T09:49:53.290+0900] {processor.py:186} INFO - Started process (PID=151598) to work on /home/airflow/.local/lib/python3.12/site-packages/airflow/example_dags/example_skip_dag.py
[2026-04-10T09:49:53.291+0900] {processor.py:914} INFO - Processing file /home/airflow/.local/lib/python3.12/site-packages/airflow/example_dags/example_skip_dag.py for tasks to queue
[2026-04-10T09:49:53.293+0900] {logging_mixin.py:190} INFO - [2026-04-10T09:49:53.293+0900] {dagbag.py:587} INFO - Filling up the DagBag from /home/airflow/.local/lib/python3.12/site-packages/airflow/example_dags/example_skip_dag.py
[2026-04-10T09:49:53.300+0900] {processor.py:925} INFO - DAG(s) 'example_skip_dag' retrieved from /home/airflow/.local/lib/python3.12/site-packages/airflow/example_dags/example_skip_dag.py
[2026-04-10T09:49:53.317+0900] {logging_mixin.py:190} INFO - [2026-04-10T09:49:53.317+0900] {dag.py:3211} INFO - Sync 1 DAGs
[2026-04-10T09:49:53.339+0900] {logging_mixin.py:190} INFO - [2026-04-10T09:49:53.339+0900] {dag.py:4138} INFO - Setting next_dagrun for example_skip_dag to 2026-04-09 00:00:00+00:00, run_after=2026-04-10 00:00:00+00:00
[2026-04-10T09:49:53.363+0900] {processor.py:208} INFO - Processing /home/airflow/.local/lib/python3.12/site-packages/airflow/example_dags/example_skip_dag.py took 0.078 seconds
[2026-04-10T09:50:23.941+0900] {processor.py:186} INFO - Started process (PID=151661) to work on /home/airflow/.local/lib/python3.12/site-packages/airflow/example_dags/example_skip_dag.py
[2026-04-10T09:50:23.942+0900] {processor.py:914} INFO - Processing file /home/airflow/.local/lib/python3.12/site-packages/airflow/example_dags/example_skip_dag.py for tasks to queue
[2026-04-10T09:50:23.945+0900] {logging_mixin.py:190} INFO - [2026-04-10T09:50:23.944+0900] {dagbag.py:587} INFO - Filling up the DagBag from /home/airflow/.local/lib/python3.12/site-packages/airflow/example_dags/example_skip_dag.py
[2026-04-10T09:50:23.952+0900] {processor.py:925} INFO - DAG(s) 'example_skip_dag' retrieved from /home/airflow/.local/lib/python3.12/site-packages/airflow/example_dags/example_skip_dag.py
[2026-04-10T09:50:23.971+0900] {logging_mixin.py:190} INFO - [2026-04-10T09:50:23.971+0900] {dag.py:3211} INFO - Sync 1 DAGs
[2026-04-10T09:50:23.992+0900] {logging_mixin.py:190} INFO - [2026-04-10T09:50:23.992+0900] {dag.py:4138} INFO - Setting next_dagrun for example_skip_dag to 2026-04-09 00:00:00+00:00, run_after=2026-04-10 00:00:00+00:00
[2026-04-10T09:50:24.006+0900] {processor.py:208} INFO - Processing /home/airflow/.local/lib/python3.12/site-packages/airflow/example_dags/example_skip_dag.py took 0.070 seconds
[2026-04-10T09:50:54.447+0900] {processor.py:186} INFO - Started process (PID=151724) to work on /home/airflow/.local/lib/python3.12/site-packages/airflow/example_dags/example_skip_dag.py
[2026-04-10T09:50:54.448+0900] {processor.py:914} INFO - Processing file /home/airflow/.local/lib/python3.12/site-packages/airflow/example_dags/example_skip_dag.py for tasks to queue
[2026-04-10T09:50:54.450+0900] {logging_mixin.py:190} INFO - [2026-04-10T09:50:54.449+0900] {dagbag.py:587} INFO - Filling up the DagBag from /home/airflow/.local/lib/python3.12/site-packages/airflow/example_dags/example_skip_dag.py
[2026-04-10T09:50:54.455+0900] {processor.py:925} INFO - DAG(s) 'example_skip_dag' retrieved from /home/airflow/.local/lib/python3.12/site-packages/airflow/example_dags/example_skip_dag.py
[2026-04-10T09:50:54.472+0900] {logging_mixin.py:190} INFO - [2026-04-10T09:50:54.472+0900] {dag.py:3211} INFO - Sync 1 DAGs
[2026-04-10T09:50:54.487+0900] {logging_mixin.py:190} INFO - [2026-04-10T09:50:54.487+0900] {dag.py:4138} INFO - Setting next_dagrun for example_skip_dag to 2026-04-09 00:00:00+00:00, run_after=2026-04-10 00:00:00+00:00
[2026-04-10T09:50:54.506+0900] {processor.py:208} INFO - Processing /home/airflow/.local/lib/python3.12/site-packages/airflow/example_dags/example_skip_dag.py took 0.063 seconds
[2026-04-10T09:51:24.549+0900] {processor.py:186} INFO - Started process (PID=151787) to work on /home/airflow/.local/lib/python3.12/site-packages/airflow/example_dags/example_skip_dag.py
[2026-04-10T09:51:24.550+0900] {processor.py:914} INFO - Processing file /home/airflow/.local/lib/python3.12/site-packages/airflow/example_dags/example_skip_dag.py for tasks to queue
[2026-04-10T09:51:24.552+0900] {logging_mixin.py:190} INFO - [2026-04-10T09:51:24.552+0900] {dagbag.py:587} INFO - Filling up the DagBag from /home/airflow/.local/lib/python3.12/site-packages/airflow/example_dags/example_skip_dag.py
[2026-04-10T09:51:24.558+0900] {processor.py:925} INFO - DAG(s) 'example_skip_dag' retrieved from /home/airflow/.local/lib/python3.12/site-packages/airflow/example_dags/example_skip_dag.py
[2026-04-10T09:51:24.579+0900] {logging_mixin.py:190} INFO - [2026-04-10T09:51:24.579+0900] {dag.py:3211} INFO - Sync 1 DAGs
[2026-04-10T09:51:24.597+0900] {logging_mixin.py:190} INFO - [2026-04-10T09:51:24.597+0900] {dag.py:4138} INFO - Setting next_dagrun for example_skip_dag to 2026-04-09 00:00:00+00:00, run_after=2026-04-10 00:00:00+00:00
[2026-04-10T09:51:24.613+0900] {processor.py:208} INFO - Processing /home/airflow/.local/lib/python3.12/site-packages/airflow/example_dags/example_skip_dag.py took 0.069 seconds
[2026-04-10T09:51:55.168+0900] {processor.py:186} INFO - Started process (PID=151850) to work on /home/airflow/.local/lib/python3.12/site-packages/airflow/example_dags/example_skip_dag.py
[2026-04-10T09:51:55.169+0900] {processor.py:914} INFO - Processing file /home/airflow/.local/lib/python3.12/site-packages/airflow/example_dags/example_skip_dag.py for tasks to queue
[2026-04-10T09:51:55.171+0900] {logging_mixin.py:190} INFO - [2026-04-10T09:51:55.171+0900] {dagbag.py:587} INFO - Filling up the DagBag from /home/airflow/.local/lib/python3.12/site-packages/airflow/example_dags/example_skip_dag.py
[2026-04-10T09:51:55.178+0900] {processor.py:925} INFO - DAG(s) 'example_skip_dag' retrieved from /home/airflow/.local/lib/python3.12/site-packages/airflow/example_dags/example_skip_dag.py
[2026-04-10T09:51:55.193+0900] {logging_mixin.py:190} INFO - [2026-04-10T09:51:55.193+0900] {dag.py:3211} INFO - Sync 1 DAGs
[2026-04-10T09:51:55.210+0900] {logging_mixin.py:190} INFO - [2026-04-10T09:51:55.209+0900] {dag.py:4138} INFO - Setting next_dagrun for example_skip_dag to 2026-04-09 00:00:00+00:00, run_after=2026-04-10 00:00:00+00:00
[2026-04-10T09:51:55.225+0900] {processor.py:208} INFO - Processing /home/airflow/.local/lib/python3.12/site-packages/airflow/example_dags/example_skip_dag.py took 0.062 seconds
[2026-04-10T09:52:25.478+0900] {processor.py:186} INFO - Started process (PID=151914) to work on /home/airflow/.local/lib/python3.12/site-packages/airflow/example_dags/example_skip_dag.py
[2026-04-10T09:52:25.478+0900] {processor.py:914} INFO - Processing file /home/airflow/.local/lib/python3.12/site-packages/airflow/example_dags/example_skip_dag.py for tasks to queue
[2026-04-10T09:52:25.481+0900] {logging_mixin.py:190} INFO - [2026-04-10T09:52:25.480+0900] {dagbag.py:587} INFO - Filling up the DagBag from /home/airflow/.local/lib/python3.12/site-packages/airflow/example_dags/example_skip_dag.py
[2026-04-10T09:52:25.488+0900] {processor.py:925} INFO - DAG(s) 'example_skip_dag' retrieved from /home/airflow/.local/lib/python3.12/site-packages/airflow/example_dags/example_skip_dag.py
[2026-04-10T09:52:25.508+0900] {logging_mixin.py:190} INFO - [2026-04-10T09:52:25.507+0900] {dag.py:3211} INFO - Sync 1 DAGs
[2026-04-10T09:52:25.524+0900] {logging_mixin.py:190} INFO - [2026-04-10T09:52:25.524+0900] {dag.py:4138} INFO - Setting next_dagrun for example_skip_dag to 2026-04-09 00:00:00+00:00, run_after=2026-04-10 00:00:00+00:00
[2026-04-10T09:52:25.539+0900] {processor.py:208} INFO - Processing /home/airflow/.local/lib/python3.12/site-packages/airflow/example_dags/example_skip_dag.py took 0.066 seconds
[2026-04-10T09:52:55.880+0900] {processor.py:186} INFO - Started process (PID=151977) to work on /home/airflow/.local/lib/python3.12/site-packages/airflow/example_dags/example_skip_dag.py
[2026-04-10T09:52:55.881+0900] {processor.py:914} INFO - Processing file /home/airflow/.local/lib/python3.12/site-packages/airflow/example_dags/example_skip_dag.py for tasks to queue
[2026-04-10T09:52:55.883+0900] {logging_mixin.py:190} INFO - [2026-04-10T09:52:55.882+0900] {dagbag.py:587} INFO - Filling up the DagBag from /home/airflow/.local/lib/python3.12/site-packages/airflow/example_dags/example_skip_dag.py
[2026-04-10T09:52:55.889+0900] {processor.py:925} INFO - DAG(s) 'example_skip_dag' retrieved from /home/airflow/.local/lib/python3.12/site-packages/airflow/example_dags/example_skip_dag.py
[2026-04-10T09:52:55.906+0900] {logging_mixin.py:190} INFO - [2026-04-10T09:52:55.906+0900] {dag.py:3211} INFO - Sync 1 DAGs
[2026-04-10T09:52:55.923+0900] {logging_mixin.py:190} INFO - [2026-04-10T09:52:55.923+0900] {dag.py:4138} INFO - Setting next_dagrun for example_skip_dag to 2026-04-09 00:00:00+00:00, run_after=2026-04-10 00:00:00+00:00
[2026-04-10T09:52:55.938+0900] {processor.py:208} INFO - Processing /home/airflow/.local/lib/python3.12/site-packages/airflow/example_dags/example_skip_dag.py took 0.062 seconds
[2026-04-10T09:53:26.803+0900] {processor.py:186} INFO - Started process (PID=152040) to work on /home/airflow/.local/lib/python3.12/site-packages/airflow/example_dags/example_skip_dag.py
[2026-04-10T09:53:26.804+0900] {processor.py:914} INFO - Processing file /home/airflow/.local/lib/python3.12/site-packages/airflow/example_dags/example_skip_dag.py for tasks to queue
[2026-04-10T09:53:26.806+0900] {logging_mixin.py:190} INFO - [2026-04-10T09:53:26.806+0900] {dagbag.py:587} INFO - Filling up the DagBag from /home/airflow/.local/lib/python3.12/site-packages/airflow/example_dags/example_skip_dag.py
[2026-04-10T09:53:26.812+0900] {processor.py:925} INFO - DAG(s) 'example_skip_dag' retrieved from /home/airflow/.local/lib/python3.12/site-packages/airflow/example_dags/example_skip_dag.py
[2026-04-10T09:53:26.830+0900] {logging_mixin.py:190} INFO - [2026-04-10T09:53:26.830+0900] {dag.py:3211} INFO - Sync 1 DAGs
[2026-04-10T09:53:26.848+0900] {logging_mixin.py:190} INFO - [2026-04-10T09:53:26.847+0900] {dag.py:4138} INFO - Setting next_dagrun for example_skip_dag to 2026-04-09 00:00:00+00:00, run_after=2026-04-10 00:00:00+00:00
[2026-04-10T09:53:26.863+0900] {processor.py:208} INFO - Processing /home/airflow/.local/lib/python3.12/site-packages/airflow/example_dags/example_skip_dag.py took 0.065 seconds
[2026-04-10T09:53:57.272+0900] {processor.py:186} INFO - Started process (PID=152103) to work on /home/airflow/.local/lib/python3.12/site-packages/airflow/example_dags/example_skip_dag.py
[2026-04-10T09:53:57.274+0900] {processor.py:914} INFO - Processing file /home/airflow/.local/lib/python3.12/site-packages/airflow/example_dags/example_skip_dag.py for tasks to queue
[2026-04-10T09:53:57.276+0900] {logging_mixin.py:190} INFO - [2026-04-10T09:53:57.276+0900] {dagbag.py:587} INFO - Filling up the DagBag from /home/airflow/.local/lib/python3.12/site-packages/airflow/example_dags/example_skip_dag.py
[2026-04-10T09:53:57.282+0900] {processor.py:925} INFO - DAG(s) 'example_skip_dag' retrieved from /home/airflow/.local/lib/python3.12/site-packages/airflow/example_dags/example_skip_dag.py
[2026-04-10T09:53:57.297+0900] {logging_mixin.py:190} INFO - [2026-04-10T09:53:57.297+0900] {dag.py:3211} INFO - Sync 1 DAGs
[2026-04-10T09:53:57.316+0900] {logging_mixin.py:190} INFO - [2026-04-10T09:53:57.316+0900] {dag.py:4138} INFO - Setting next_dagrun for example_skip_dag to 2026-04-09 00:00:00+00:00, run_after=2026-04-10 00:00:00+00:00
[2026-04-10T09:53:57.331+0900] {processor.py:208} INFO - Processing /home/airflow/.local/lib/python3.12/site-packages/airflow/example_dags/example_skip_dag.py took 0.064 seconds
[2026-04-10T09:54:27.473+0900] {processor.py:186} INFO - Started process (PID=152166) to work on /home/airflow/.local/lib/python3.12/site-packages/airflow/example_dags/example_skip_dag.py
[2026-04-10T09:54:27.474+0900] {processor.py:914} INFO - Processing file /home/airflow/.local/lib/python3.12/site-packages/airflow/example_dags/example_skip_dag.py for tasks to queue
[2026-04-10T09:54:27.476+0900] {logging_mixin.py:190} INFO - [2026-04-10T09:54:27.476+0900] {dagbag.py:587} INFO - Filling up the DagBag from /home/airflow/.local/lib/python3.12/site-packages/airflow/example_dags/example_skip_dag.py
[2026-04-10T09:54:27.482+0900] {processor.py:925} INFO - DAG(s) 'example_skip_dag' retrieved from /home/airflow/.local/lib/python3.12/site-packages/airflow/example_dags/example_skip_dag.py
[2026-04-10T09:54:27.500+0900] {logging_mixin.py:190} INFO - [2026-04-10T09:54:27.500+0900] {dag.py:3211} INFO - Sync 1 DAGs
[2026-04-10T09:54:27.516+0900] {logging_mixin.py:190} INFO - [2026-04-10T09:54:27.516+0900] {dag.py:4138} INFO - Setting next_dagrun for example_skip_dag to 2026-04-09 00:00:00+00:00, run_after=2026-04-10 00:00:00+00:00
[2026-04-10T09:54:27.531+0900] {processor.py:208} INFO - Processing /home/airflow/.local/lib/python3.12/site-packages/airflow/example_dags/example_skip_dag.py took 0.063 seconds
[2026-04-10T09:54:57.960+0900] {processor.py:186} INFO - Started process (PID=152229) to work on /home/airflow/.local/lib/python3.12/site-packages/airflow/example_dags/example_skip_dag.py
[2026-04-10T09:54:57.961+0900] {processor.py:914} INFO - Processing file /home/airflow/.local/lib/python3.12/site-packages/airflow/example_dags/example_skip_dag.py for tasks to queue
[2026-04-10T09:54:57.963+0900] {logging_mixin.py:190} INFO - [2026-04-10T09:54:57.963+0900] {dagbag.py:587} INFO - Filling up the DagBag from /home/airflow/.local/lib/python3.12/site-packages/airflow/example_dags/example_skip_dag.py
[2026-04-10T09:54:57.971+0900] {processor.py:925} INFO - DAG(s) 'example_skip_dag' retrieved from /home/airflow/.local/lib/python3.12/site-packages/airflow/example_dags/example_skip_dag.py
[2026-04-10T09:54:57.988+0900] {logging_mixin.py:190} INFO - [2026-04-10T09:54:57.988+0900] {dag.py:3211} INFO - Sync 1 DAGs
[2026-04-10T09:54:58.005+0900] {logging_mixin.py:190} INFO - [2026-04-10T09:54:58.005+0900] {dag.py:4138} INFO - Setting next_dagrun for example_skip_dag to 2026-04-09 00:00:00+00:00, run_after=2026-04-10 00:00:00+00:00
[2026-04-10T09:54:58.022+0900] {processor.py:208} INFO - Processing /home/airflow/.local/lib/python3.12/site-packages/airflow/example_dags/example_skip_dag.py took 0.067 seconds
[2026-04-10T09:55:28.800+0900] {processor.py:186} INFO - Started process (PID=152292) to work on /home/airflow/.local/lib/python3.12/site-packages/airflow/example_dags/example_skip_dag.py
[2026-04-10T09:55:28.801+0900] {processor.py:914} INFO - Processing file /home/airflow/.local/lib/python3.12/site-packages/airflow/example_dags/example_skip_dag.py for tasks to queue
[2026-04-10T09:55:28.803+0900] {logging_mixin.py:190} INFO - [2026-04-10T09:55:28.803+0900] {dagbag.py:587} INFO - Filling up the DagBag from /home/airflow/.local/lib/python3.12/site-packages/airflow/example_dags/example_skip_dag.py
[2026-04-10T09:55:28.810+0900] {processor.py:925} INFO - DAG(s) 'example_skip_dag' retrieved from /home/airflow/.local/lib/python3.12/site-packages/airflow/example_dags/example_skip_dag.py
[2026-04-10T09:55:28.826+0900] {logging_mixin.py:190} INFO - [2026-04-10T09:55:28.826+0900] {dag.py:3211} INFO - Sync 1 DAGs
[2026-04-10T09:55:28.844+0900] {logging_mixin.py:190} INFO - [2026-04-10T09:55:28.843+0900] {dag.py:4138} INFO - Setting next_dagrun for example_skip_dag to 2026-04-09 00:00:00+00:00, run_after=2026-04-10 00:00:00+00:00
[2026-04-10T09:55:28.856+0900] {processor.py:208} INFO - Processing /home/airflow/.local/lib/python3.12/site-packages/airflow/example_dags/example_skip_dag.py took 0.061 seconds
[2026-04-10T09:55:59.283+0900] {processor.py:186} INFO - Started process (PID=152355) to work on /home/airflow/.local/lib/python3.12/site-packages/airflow/example_dags/example_skip_dag.py
[2026-04-10T09:55:59.284+0900] {processor.py:914} INFO - Processing file /home/airflow/.local/lib/python3.12/site-packages/airflow/example_dags/example_skip_dag.py for tasks to queue
[2026-04-10T09:55:59.286+0900] {logging_mixin.py:190} INFO - [2026-04-10T09:55:59.286+0900] {dagbag.py:587} INFO - Filling up the DagBag from /home/airflow/.local/lib/python3.12/site-packages/airflow/example_dags/example_skip_dag.py
[2026-04-10T09:55:59.292+0900] {processor.py:925} INFO - DAG(s) 'example_skip_dag' retrieved from /home/airflow/.local/lib/python3.12/site-packages/airflow/example_dags/example_skip_dag.py
[2026-04-10T09:55:59.309+0900] {logging_mixin.py:190} INFO - [2026-04-10T09:55:59.308+0900] {dag.py:3211} INFO - Sync 1 DAGs
[2026-04-10T09:55:59.449+0900] {logging_mixin.py:190} INFO - [2026-04-10T09:55:59.449+0900] {dag.py:4138} INFO - Setting next_dagrun for example_skip_dag to 2026-04-09 00:00:00+00:00, run_after=2026-04-10 00:00:00+00:00
[2026-04-10T09:55:59.464+0900] {processor.py:208} INFO - Processing /home/airflow/.local/lib/python3.12/site-packages/airflow/example_dags/example_skip_dag.py took 0.185 seconds
[2026-04-10T09:56:29.884+0900] {processor.py:186} INFO - Started process (PID=152418) to work on /home/airflow/.local/lib/python3.12/site-packages/airflow/example_dags/example_skip_dag.py
[2026-04-10T09:56:29.885+0900] {processor.py:914} INFO - Processing file /home/airflow/.local/lib/python3.12/site-packages/airflow/example_dags/example_skip_dag.py for tasks to queue
[2026-04-10T09:56:29.888+0900] {logging_mixin.py:190} INFO - [2026-04-10T09:56:29.888+0900] {dagbag.py:587} INFO - Filling up the DagBag from /home/airflow/.local/lib/python3.12/site-packages/airflow/example_dags/example_skip_dag.py
[2026-04-10T09:56:29.895+0900] {processor.py:925} INFO - DAG(s) 'example_skip_dag' retrieved from /home/airflow/.local/lib/python3.12/site-packages/airflow/example_dags/example_skip_dag.py
[2026-04-10T09:56:29.914+0900] {logging_mixin.py:190} INFO - [2026-04-10T09:56:29.913+0900] {dag.py:3211} INFO - Sync 1 DAGs
[2026-04-10T09:56:30.057+0900] {logging_mixin.py:190} INFO - [2026-04-10T09:56:30.057+0900] {dag.py:4138} INFO - Setting next_dagrun for example_skip_dag to 2026-04-09 00:00:00+00:00, run_after=2026-04-10 00:00:00+00:00
[2026-04-10T09:56:30.070+0900] {processor.py:208} INFO - Processing /home/airflow/.local/lib/python3.12/site-packages/airflow/example_dags/example_skip_dag.py took 0.191 seconds
[2026-04-10T09:57:00.573+0900] {processor.py:186} INFO - Started process (PID=152480) to work on /home/airflow/.local/lib/python3.12/site-packages/airflow/example_dags/example_skip_dag.py
[2026-04-10T09:57:00.574+0900] {processor.py:914} INFO - Processing file /home/airflow/.local/lib/python3.12/site-packages/airflow/example_dags/example_skip_dag.py for tasks to queue
[2026-04-10T09:57:00.576+0900] {logging_mixin.py:190} INFO - [2026-04-10T09:57:00.575+0900] {dagbag.py:587} INFO - Filling up the DagBag from /home/airflow/.local/lib/python3.12/site-packages/airflow/example_dags/example_skip_dag.py
[2026-04-10T09:57:00.582+0900] {processor.py:925} INFO - DAG(s) 'example_skip_dag' retrieved from /home/airflow/.local/lib/python3.12/site-packages/airflow/example_dags/example_skip_dag.py
[2026-04-10T09:57:00.599+0900] {logging_mixin.py:190} INFO - [2026-04-10T09:57:00.599+0900] {dag.py:3211} INFO - Sync 1 DAGs
[2026-04-10T09:57:00.739+0900] {logging_mixin.py:190} INFO - [2026-04-10T09:57:00.739+0900] {dag.py:4138} INFO - Setting next_dagrun for example_skip_dag to 2026-04-09 00:00:00+00:00, run_after=2026-04-10 00:00:00+00:00
[2026-04-10T09:57:00.750+0900] {processor.py:208} INFO - Processing /home/airflow/.local/lib/python3.12/site-packages/airflow/example_dags/example_skip_dag.py took 0.182 seconds
[2026-04-10T09:57:31.300+0900] {processor.py:186} INFO - Started process (PID=152543) to work on /home/airflow/.local/lib/python3.12/site-packages/airflow/example_dags/example_skip_dag.py
[2026-04-10T09:57:31.301+0900] {processor.py:914} INFO - Processing file /home/airflow/.local/lib/python3.12/site-packages/airflow/example_dags/example_skip_dag.py for tasks to queue
[2026-04-10T09:57:31.304+0900] {logging_mixin.py:190} INFO - [2026-04-10T09:57:31.303+0900] {dagbag.py:587} INFO - Filling up the DagBag from /home/airflow/.local/lib/python3.12/site-packages/airflow/example_dags/example_skip_dag.py
[2026-04-10T09:57:31.313+0900] {processor.py:925} INFO - DAG(s) 'example_skip_dag' retrieved from /home/airflow/.local/lib/python3.12/site-packages/airflow/example_dags/example_skip_dag.py
[2026-04-10T09:57:31.330+0900] {logging_mixin.py:190} INFO - [2026-04-10T09:57:31.330+0900] {dag.py:3211} INFO - Sync 1 DAGs
[2026-04-10T09:57:31.473+0900] {logging_mixin.py:190} INFO - [2026-04-10T09:57:31.473+0900] {dag.py:4138} INFO - Setting next_dagrun for example_skip_dag to 2026-04-09 00:00:00+00:00, run_after=2026-04-10 00:00:00+00:00
[2026-04-10T09:57:31.486+0900] {processor.py:208} INFO - Processing /home/airflow/.local/lib/python3.12/site-packages/airflow/example_dags/example_skip_dag.py took 0.190 seconds
[2026-04-10T09:58:01.676+0900] {processor.py:186} INFO - Started process (PID=152606) to work on /home/airflow/.local/lib/python3.12/site-packages/airflow/example_dags/example_skip_dag.py
[2026-04-10T09:58:01.677+0900] {processor.py:914} INFO - Processing file /home/airflow/.local/lib/python3.12/site-packages/airflow/example_dags/example_skip_dag.py for tasks to queue
[2026-04-10T09:58:01.679+0900] {logging_mixin.py:190} INFO - [2026-04-10T09:58:01.678+0900] {dagbag.py:587} INFO - Filling up the DagBag from /home/airflow/.local/lib/python3.12/site-packages/airflow/example_dags/example_skip_dag.py
[2026-04-10T09:58:01.685+0900] {processor.py:925} INFO - DAG(s) 'example_skip_dag' retrieved from /home/airflow/.local/lib/python3.12/site-packages/airflow/example_dags/example_skip_dag.py
[2026-04-10T09:58:01.701+0900] {logging_mixin.py:190} INFO - [2026-04-10T09:58:01.701+0900] {dag.py:3211} INFO - Sync 1 DAGs
[2026-04-10T09:58:01.717+0900] {logging_mixin.py:190} INFO - [2026-04-10T09:58:01.717+0900] {dag.py:4138} INFO - Setting next_dagrun for example_skip_dag to 2026-04-09 00:00:00+00:00, run_after=2026-04-10 00:00:00+00:00
[2026-04-10T09:58:01.729+0900] {processor.py:208} INFO - Processing /home/airflow/.local/lib/python3.12/site-packages/airflow/example_dags/example_skip_dag.py took 0.058 seconds
[2026-04-10T09:58:32.609+0900] {processor.py:186} INFO - Started process (PID=152669) to work on /home/airflow/.local/lib/python3.12/site-packages/airflow/example_dags/example_skip_dag.py
[2026-04-10T09:58:32.610+0900] {processor.py:914} INFO - Processing file /home/airflow/.local/lib/python3.12/site-packages/airflow/example_dags/example_skip_dag.py for tasks to queue
[2026-04-10T09:58:32.612+0900] {logging_mixin.py:190} INFO - [2026-04-10T09:58:32.612+0900] {dagbag.py:587} INFO - Filling up the DagBag from /home/airflow/.local/lib/python3.12/site-packages/airflow/example_dags/example_skip_dag.py
[2026-04-10T09:58:32.619+0900] {processor.py:925} INFO - DAG(s) 'example_skip_dag' retrieved from /home/airflow/.local/lib/python3.12/site-packages/airflow/example_dags/example_skip_dag.py
[2026-04-10T09:58:32.634+0900] {logging_mixin.py:190} INFO - [2026-04-10T09:58:32.634+0900] {dag.py:3211} INFO - Sync 1 DAGs
[2026-04-10T09:58:32.650+0900] {logging_mixin.py:190} INFO - [2026-04-10T09:58:32.650+0900] {dag.py:4138} INFO - Setting next_dagrun for example_skip_dag to 2026-04-09 00:00:00+00:00, run_after=2026-04-10 00:00:00+00:00
[2026-04-10T09:58:32.662+0900] {processor.py:208} INFO - Processing /home/airflow/.local/lib/python3.12/site-packages/airflow/example_dags/example_skip_dag.py took 0.058 seconds
[2026-04-10T09:59:03.415+0900] {processor.py:186} INFO - Started process (PID=152732) to work on /home/airflow/.local/lib/python3.12/site-packages/airflow/example_dags/example_skip_dag.py
[2026-04-10T09:59:03.416+0900] {processor.py:914} INFO - Processing file /home/airflow/.local/lib/python3.12/site-packages/airflow/example_dags/example_skip_dag.py for tasks to queue
[2026-04-10T09:59:03.418+0900] {logging_mixin.py:190} INFO - [2026-04-10T09:59:03.418+0900] {dagbag.py:587} INFO - Filling up the DagBag from /home/airflow/.local/lib/python3.12/site-packages/airflow/example_dags/example_skip_dag.py
[2026-04-10T09:59:03.424+0900] {processor.py:925} INFO - DAG(s) 'example_skip_dag' retrieved from /home/airflow/.local/lib/python3.12/site-packages/airflow/example_dags/example_skip_dag.py
[2026-04-10T09:59:03.439+0900] {logging_mixin.py:190} INFO - [2026-04-10T09:59:03.439+0900] {dag.py:3211} INFO - Sync 1 DAGs
[2026-04-10T09:59:03.455+0900] {logging_mixin.py:190} INFO - [2026-04-10T09:59:03.455+0900] {dag.py:4138} INFO - Setting next_dagrun for example_skip_dag to 2026-04-09 00:00:00+00:00, run_after=2026-04-10 00:00:00+00:00
[2026-04-10T09:59:03.470+0900] {processor.py:208} INFO - Processing /home/airflow/.local/lib/python3.12/site-packages/airflow/example_dags/example_skip_dag.py took 0.059 seconds
[2026-04-10T09:59:34.170+0900] {processor.py:186} INFO - Started process (PID=152795) to work on /home/airflow/.local/lib/python3.12/site-packages/airflow/example_dags/example_skip_dag.py
[2026-04-10T09:59:34.171+0900] {processor.py:914} INFO - Processing file /home/airflow/.local/lib/python3.12/site-packages/airflow/example_dags/example_skip_dag.py for tasks to queue
[2026-04-10T09:59:34.173+0900] {logging_mixin.py:190} INFO - [2026-04-10T09:59:34.173+0900] {dagbag.py:587} INFO - Filling up the DagBag from /home/airflow/.local/lib/python3.12/site-packages/airflow/example_dags/example_skip_dag.py
[2026-04-10T09:59:34.180+0900] {processor.py:925} INFO - DAG(s) 'example_skip_dag' retrieved from /home/airflow/.local/lib/python3.12/site-packages/airflow/example_dags/example_skip_dag.py
[2026-04-10T09:59:34.199+0900] {logging_mixin.py:190} INFO - [2026-04-10T09:59:34.199+0900] {dag.py:3211} INFO - Sync 1 DAGs
[2026-04-10T09:59:34.218+0900] {logging_mixin.py:190} INFO - [2026-04-10T09:59:34.218+0900] {dag.py:4138} INFO - Setting next_dagrun for example_skip_dag to 2026-04-09 00:00:00+00:00, run_after=2026-04-10 00:00:00+00:00
[2026-04-10T09:59:34.233+0900] {processor.py:208} INFO - Processing /home/airflow/.local/lib/python3.12/site-packages/airflow/example_dags/example_skip_dag.py took 0.068 seconds
[2026-04-10T10:00:05.035+0900] {processor.py:186} INFO - Started process (PID=152858) to work on /home/airflow/.local/lib/python3.12/site-packages/airflow/example_dags/example_skip_dag.py
[2026-04-10T10:00:05.036+0900] {processor.py:914} INFO - Processing file /home/airflow/.local/lib/python3.12/site-packages/airflow/example_dags/example_skip_dag.py for tasks to queue
[2026-04-10T10:00:05.038+0900] {logging_mixin.py:190} INFO - [2026-04-10T10:00:05.038+0900] {dagbag.py:587} INFO - Filling up the DagBag from /home/airflow/.local/lib/python3.12/site-packages/airflow/example_dags/example_skip_dag.py
[2026-04-10T10:00:05.044+0900] {processor.py:925} INFO - DAG(s) 'example_skip_dag' retrieved from /home/airflow/.local/lib/python3.12/site-packages/airflow/example_dags/example_skip_dag.py
[2026-04-10T10:00:05.060+0900] {logging_mixin.py:190} INFO - [2026-04-10T10:00:05.060+0900] {dag.py:3211} INFO - Sync 1 DAGs
[2026-04-10T10:00:05.075+0900] {logging_mixin.py:190} INFO - [2026-04-10T10:00:05.075+0900] {dag.py:4138} INFO - Setting next_dagrun for example_skip_dag to 2026-04-09 00:00:00+00:00, run_after=2026-04-10 00:00:00+00:00
[2026-04-10T10:00:05.089+0900] {processor.py:208} INFO - Processing /home/airflow/.local/lib/python3.12/site-packages/airflow/example_dags/example_skip_dag.py took 0.058 seconds
[2026-04-10T10:00:35.255+0900] {processor.py:186} INFO - Started process (PID=152921) to work on /home/airflow/.local/lib/python3.12/site-packages/airflow/example_dags/example_skip_dag.py
[2026-04-10T10:00:35.256+0900] {processor.py:914} INFO - Processing file /home/airflow/.local/lib/python3.12/site-packages/airflow/example_dags/example_skip_dag.py for tasks to queue
[2026-04-10T10:00:35.258+0900] {logging_mixin.py:190} INFO - [2026-04-10T10:00:35.258+0900] {dagbag.py:587} INFO - Filling up the DagBag from /home/airflow/.local/lib/python3.12/site-packages/airflow/example_dags/example_skip_dag.py
[2026-04-10T10:00:35.264+0900] {processor.py:925} INFO - DAG(s) 'example_skip_dag' retrieved from /home/airflow/.local/lib/python3.12/site-packages/airflow/example_dags/example_skip_dag.py
[2026-04-10T10:00:35.280+0900] {logging_mixin.py:190} INFO - [2026-04-10T10:00:35.280+0900] {dag.py:3211} INFO - Sync 1 DAGs
[2026-04-10T10:00:35.300+0900] {logging_mixin.py:190} INFO - [2026-04-10T10:00:35.300+0900] {dag.py:4138} INFO - Setting next_dagrun for example_skip_dag to 2026-04-09 00:00:00+00:00, run_after=2026-04-10 00:00:00+00:00
[2026-04-10T10:00:35.315+0900] {processor.py:208} INFO - Processing /home/airflow/.local/lib/python3.12/site-packages/airflow/example_dags/example_skip_dag.py took 0.064 seconds
[2026-04-10T10:01:05.453+0900] {processor.py:186} INFO - Started process (PID=152984) to work on /home/airflow/.local/lib/python3.12/site-packages/airflow/example_dags/example_skip_dag.py
[2026-04-10T10:01:05.454+0900] {processor.py:914} INFO - Processing file /home/airflow/.local/lib/python3.12/site-packages/airflow/example_dags/example_skip_dag.py for tasks to queue
[2026-04-10T10:01:05.457+0900] {logging_mixin.py:190} INFO - [2026-04-10T10:01:05.456+0900] {dagbag.py:587} INFO - Filling up the DagBag from /home/airflow/.local/lib/python3.12/site-packages/airflow/example_dags/example_skip_dag.py
[2026-04-10T10:01:05.463+0900] {processor.py:925} INFO - DAG(s) 'example_skip_dag' retrieved from /home/airflow/.local/lib/python3.12/site-packages/airflow/example_dags/example_skip_dag.py
[2026-04-10T10:01:05.478+0900] {logging_mixin.py:190} INFO - [2026-04-10T10:01:05.478+0900] {dag.py:3211} INFO - Sync 1 DAGs
[2026-04-10T10:01:05.493+0900] {logging_mixin.py:190} INFO - [2026-04-10T10:01:05.493+0900] {dag.py:4138} INFO - Setting next_dagrun for example_skip_dag to 2026-04-09 00:00:00+00:00, run_after=2026-04-10 00:00:00+00:00
[2026-04-10T10:01:05.507+0900] {processor.py:208} INFO - Processing /home/airflow/.local/lib/python3.12/site-packages/airflow/example_dags/example_skip_dag.py took 0.059 seconds
[2026-04-10T10:01:35.698+0900] {processor.py:186} INFO - Started process (PID=153047) to work on /home/airflow/.local/lib/python3.12/site-packages/airflow/example_dags/example_skip_dag.py
[2026-04-10T10:01:35.699+0900] {processor.py:914} INFO - Processing file /home/airflow/.local/lib/python3.12/site-packages/airflow/example_dags/example_skip_dag.py for tasks to queue
[2026-04-10T10:01:35.701+0900] {logging_mixin.py:190} INFO - [2026-04-10T10:01:35.700+0900] {dagbag.py:587} INFO - Filling up the DagBag from /home/airflow/.local/lib/python3.12/site-packages/airflow/example_dags/example_skip_dag.py
[2026-04-10T10:01:35.707+0900] {processor.py:925} INFO - DAG(s) 'example_skip_dag' retrieved from /home/airflow/.local/lib/python3.12/site-packages/airflow/example_dags/example_skip_dag.py
[2026-04-10T10:01:35.721+0900] {logging_mixin.py:190} INFO - [2026-04-10T10:01:35.721+0900] {dag.py:3211} INFO - Sync 1 DAGs
[2026-04-10T10:01:35.737+0900] {logging_mixin.py:190} INFO - [2026-04-10T10:01:35.736+0900] {dag.py:4138} INFO - Setting next_dagrun for example_skip_dag to 2026-04-09 00:00:00+00:00, run_after=2026-04-10 00:00:00+00:00
[2026-04-10T10:01:35.749+0900] {processor.py:208} INFO - Processing /home/airflow/.local/lib/python3.12/site-packages/airflow/example_dags/example_skip_dag.py took 0.056 seconds
[2026-04-10T10:02:06.104+0900] {processor.py:186} INFO - Started process (PID=153110) to work on /home/airflow/.local/lib/python3.12/site-packages/airflow/example_dags/example_skip_dag.py
[2026-04-10T10:02:06.105+0900] {processor.py:914} INFO - Processing file /home/airflow/.local/lib/python3.12/site-packages/airflow/example_dags/example_skip_dag.py for tasks to queue
[2026-04-10T10:02:06.108+0900] {logging_mixin.py:190} INFO - [2026-04-10T10:02:06.107+0900] {dagbag.py:587} INFO - Filling up the DagBag from /home/airflow/.local/lib/python3.12/site-packages/airflow/example_dags/example_skip_dag.py
[2026-04-10T10:02:06.114+0900] {processor.py:925} INFO - DAG(s) 'example_skip_dag' retrieved from /home/airflow/.local/lib/python3.12/site-packages/airflow/example_dags/example_skip_dag.py
[2026-04-10T10:02:06.129+0900] {logging_mixin.py:190} INFO - [2026-04-10T10:02:06.129+0900] {dag.py:3211} INFO - Sync 1 DAGs
[2026-04-10T10:02:06.145+0900] {logging_mixin.py:190} INFO - [2026-04-10T10:02:06.145+0900] {dag.py:4138} INFO - Setting next_dagrun for example_skip_dag to 2026-04-09 00:00:00+00:00, run_after=2026-04-10 00:00:00+00:00
[2026-04-10T10:02:06.160+0900] {processor.py:208} INFO - Processing /home/airflow/.local/lib/python3.12/site-packages/airflow/example_dags/example_skip_dag.py took 0.060 seconds
[2026-04-10T10:02:36.496+0900] {processor.py:186} INFO - Started process (PID=153173) to work on /home/airflow/.local/lib/python3.12/site-packages/airflow/example_dags/example_skip_dag.py
[2026-04-10T10:02:36.497+0900] {processor.py:914} INFO - Processing file /home/airflow/.local/lib/python3.12/site-packages/airflow/example_dags/example_skip_dag.py for tasks to queue
[2026-04-10T10:02:36.499+0900] {logging_mixin.py:190} INFO - [2026-04-10T10:02:36.499+0900] {dagbag.py:587} INFO - Filling up the DagBag from /home/airflow/.local/lib/python3.12/site-packages/airflow/example_dags/example_skip_dag.py
[2026-04-10T10:02:36.506+0900] {processor.py:925} INFO - DAG(s) 'example_skip_dag' retrieved from /home/airflow/.local/lib/python3.12/site-packages/airflow/example_dags/example_skip_dag.py
[2026-04-10T10:02:36.522+0900] {logging_mixin.py:190} INFO - [2026-04-10T10:02:36.522+0900] {dag.py:3211} INFO - Sync 1 DAGs
[2026-04-10T10:02:36.540+0900] {logging_mixin.py:190} INFO - [2026-04-10T10:02:36.540+0900] {dag.py:4138} INFO - Setting next_dagrun for example_skip_dag to 2026-04-09 00:00:00+00:00, run_after=2026-04-10 00:00:00+00:00
[2026-04-10T10:02:36.555+0900] {processor.py:208} INFO - Processing /home/airflow/.local/lib/python3.12/site-packages/airflow/example_dags/example_skip_dag.py took 0.064 seconds
[2026-04-10T10:03:06.953+0900] {processor.py:186} INFO - Started process (PID=153236) to work on /home/airflow/.local/lib/python3.12/site-packages/airflow/example_dags/example_skip_dag.py
[2026-04-10T10:03:06.956+0900] {processor.py:914} INFO - Processing file /home/airflow/.local/lib/python3.12/site-packages/airflow/example_dags/example_skip_dag.py for tasks to queue
[2026-04-10T10:03:06.959+0900] {logging_mixin.py:190} INFO - [2026-04-10T10:03:06.959+0900] {dagbag.py:587} INFO - Filling up the DagBag from /home/airflow/.local/lib/python3.12/site-packages/airflow/example_dags/example_skip_dag.py
[2026-04-10T10:03:06.968+0900] {processor.py:925} INFO - DAG(s) 'example_skip_dag' retrieved from /home/airflow/.local/lib/python3.12/site-packages/airflow/example_dags/example_skip_dag.py
[2026-04-10T10:03:06.995+0900] {logging_mixin.py:190} INFO - [2026-04-10T10:03:06.995+0900] {dag.py:3211} INFO - Sync 1 DAGs
[2026-04-10T10:03:07.021+0900] {logging_mixin.py:190} INFO - [2026-04-10T10:03:07.021+0900] {dag.py:4138} INFO - Setting next_dagrun for example_skip_dag to 2026-04-09 00:00:00+00:00, run_after=2026-04-10 00:00:00+00:00
[2026-04-10T10:03:07.042+0900] {processor.py:208} INFO - Processing /home/airflow/.local/lib/python3.12/site-packages/airflow/example_dags/example_skip_dag.py took 0.094 seconds
[2026-04-10T10:03:37.216+0900] {processor.py:186} INFO - Started process (PID=153299) to work on /home/airflow/.local/lib/python3.12/site-packages/airflow/example_dags/example_skip_dag.py
[2026-04-10T10:03:37.217+0900] {processor.py:914} INFO - Processing file /home/airflow/.local/lib/python3.12/site-packages/airflow/example_dags/example_skip_dag.py for tasks to queue
[2026-04-10T10:03:37.219+0900] {logging_mixin.py:190} INFO - [2026-04-10T10:03:37.219+0900] {dagbag.py:587} INFO - Filling up the DagBag from /home/airflow/.local/lib/python3.12/site-packages/airflow/example_dags/example_skip_dag.py
[2026-04-10T10:03:37.226+0900] {processor.py:925} INFO - DAG(s) 'example_skip_dag' retrieved from /home/airflow/.local/lib/python3.12/site-packages/airflow/example_dags/example_skip_dag.py
[2026-04-10T10:03:37.243+0900] {logging_mixin.py:190} INFO - [2026-04-10T10:03:37.243+0900] {dag.py:3211} INFO - Sync 1 DAGs
[2026-04-10T10:03:37.261+0900] {logging_mixin.py:190} INFO - [2026-04-10T10:03:37.261+0900] {dag.py:4138} INFO - Setting next_dagrun for example_skip_dag to 2026-04-09 00:00:00+00:00, run_after=2026-04-10 00:00:00+00:00
[2026-04-10T10:03:37.277+0900] {processor.py:208} INFO - Processing /home/airflow/.local/lib/python3.12/site-packages/airflow/example_dags/example_skip_dag.py took 0.066 seconds
[2026-04-10T10:04:07.524+0900] {processor.py:186} INFO - Started process (PID=153362) to work on /home/airflow/.local/lib/python3.12/site-packages/airflow/example_dags/example_skip_dag.py
[2026-04-10T10:04:07.525+0900] {processor.py:914} INFO - Processing file /home/airflow/.local/lib/python3.12/site-packages/airflow/example_dags/example_skip_dag.py for tasks to queue
[2026-04-10T10:04:07.527+0900] {logging_mixin.py:190} INFO - [2026-04-10T10:04:07.527+0900] {dagbag.py:587} INFO - Filling up the DagBag from /home/airflow/.local/lib/python3.12/site-packages/airflow/example_dags/example_skip_dag.py
[2026-04-10T10:04:07.534+0900] {processor.py:925} INFO - DAG(s) 'example_skip_dag' retrieved from /home/airflow/.local/lib/python3.12/site-packages/airflow/example_dags/example_skip_dag.py
[2026-04-10T10:04:07.551+0900] {logging_mixin.py:190} INFO - [2026-04-10T10:04:07.551+0900] {dag.py:3211} INFO - Sync 1 DAGs
[2026-04-10T10:04:07.569+0900] {logging_mixin.py:190} INFO - [2026-04-10T10:04:07.569+0900] {dag.py:4138} INFO - Setting next_dagrun for example_skip_dag to 2026-04-09 00:00:00+00:00, run_after=2026-04-10 00:00:00+00:00
[2026-04-10T10:04:07.584+0900] {processor.py:208} INFO - Processing /home/airflow/.local/lib/python3.12/site-packages/airflow/example_dags/example_skip_dag.py took 0.067 seconds
[2026-04-10T10:04:38.651+0900] {processor.py:186} INFO - Started process (PID=153425) to work on /home/airflow/.local/lib/python3.12/site-packages/airflow/example_dags/example_skip_dag.py
[2026-04-10T10:04:38.655+0900] {processor.py:914} INFO - Processing file /home/airflow/.local/lib/python3.12/site-packages/airflow/example_dags/example_skip_dag.py for tasks to queue
[2026-04-10T10:04:38.669+0900] {logging_mixin.py:190} INFO - [2026-04-10T10:04:38.667+0900] {dagbag.py:587} INFO - Filling up the DagBag from /home/airflow/.local/lib/python3.12/site-packages/airflow/example_dags/example_skip_dag.py
[2026-04-10T10:04:38.719+0900] {processor.py:925} INFO - DAG(s) 'example_skip_dag' retrieved from /home/airflow/.local/lib/python3.12/site-packages/airflow/example_dags/example_skip_dag.py
[2026-04-10T10:04:38.845+0900] {logging_mixin.py:190} INFO - [2026-04-10T10:04:38.844+0900] {dag.py:3211} INFO - Sync 1 DAGs
[2026-04-10T10:04:38.979+0900] {logging_mixin.py:190} INFO - [2026-04-10T10:04:38.975+0900] {dag.py:4138} INFO - Setting next_dagrun for example_skip_dag to 2026-04-09 00:00:00+00:00, run_after=2026-04-10 00:00:00+00:00
[2026-04-10T10:04:39.057+0900] {processor.py:208} INFO - Processing /home/airflow/.local/lib/python3.12/site-packages/airflow/example_dags/example_skip_dag.py took 0.436 seconds
[2026-04-10T10:05:09.129+0900] {processor.py:186} INFO - Started process (PID=153494) to work on /home/airflow/.local/lib/python3.12/site-packages/airflow/example_dags/example_skip_dag.py
[2026-04-10T10:05:09.130+0900] {processor.py:914} INFO - Processing file /home/airflow/.local/lib/python3.12/site-packages/airflow/example_dags/example_skip_dag.py for tasks to queue
[2026-04-10T10:05:09.135+0900] {logging_mixin.py:190} INFO - [2026-04-10T10:05:09.134+0900] {dagbag.py:587} INFO - Filling up the DagBag from /home/airflow/.local/lib/python3.12/site-packages/airflow/example_dags/example_skip_dag.py
[2026-04-10T10:05:09.148+0900] {processor.py:925} INFO - DAG(s) 'example_skip_dag' retrieved from /home/airflow/.local/lib/python3.12/site-packages/airflow/example_dags/example_skip_dag.py
[2026-04-10T10:05:09.183+0900] {logging_mixin.py:190} INFO - [2026-04-10T10:05:09.182+0900] {dag.py:3211} INFO - Sync 1 DAGs
[2026-04-10T10:05:09.227+0900] {logging_mixin.py:190} INFO - [2026-04-10T10:05:09.227+0900] {dag.py:4138} INFO - Setting next_dagrun for example_skip_dag to 2026-04-09 00:00:00+00:00, run_after=2026-04-10 00:00:00+00:00
[2026-04-10T10:05:09.263+0900] {processor.py:208} INFO - Processing /home/airflow/.local/lib/python3.12/site-packages/airflow/example_dags/example_skip_dag.py took 0.142 seconds
[2026-04-10T10:05:39.522+0900] {processor.py:186} INFO - Started process (PID=153557) to work on /home/airflow/.local/lib/python3.12/site-packages/airflow/example_dags/example_skip_dag.py
[2026-04-10T10:05:39.523+0900] {processor.py:914} INFO - Processing file /home/airflow/.local/lib/python3.12/site-packages/airflow/example_dags/example_skip_dag.py for tasks to queue
[2026-04-10T10:05:39.530+0900] {logging_mixin.py:190} INFO - [2026-04-10T10:05:39.529+0900] {dagbag.py:587} INFO - Filling up the DagBag from /home/airflow/.local/lib/python3.12/site-packages/airflow/example_dags/example_skip_dag.py
[2026-04-10T10:05:39.548+0900] {processor.py:925} INFO - DAG(s) 'example_skip_dag' retrieved from /home/airflow/.local/lib/python3.12/site-packages/airflow/example_dags/example_skip_dag.py
[2026-04-10T10:05:39.588+0900] {logging_mixin.py:190} INFO - [2026-04-10T10:05:39.587+0900] {dag.py:3211} INFO - Sync 1 DAGs
[2026-04-10T10:05:39.630+0900] {logging_mixin.py:190} INFO - [2026-04-10T10:05:39.629+0900] {dag.py:4138} INFO - Setting next_dagrun for example_skip_dag to 2026-04-09 00:00:00+00:00, run_after=2026-04-10 00:00:00+00:00
[2026-04-10T10:05:39.669+0900] {processor.py:208} INFO - Processing /home/airflow/.local/lib/python3.12/site-packages/airflow/example_dags/example_skip_dag.py took 0.158 seconds
[2026-04-10T10:06:09.815+0900] {processor.py:186} INFO - Started process (PID=153620) to work on /home/airflow/.local/lib/python3.12/site-packages/airflow/example_dags/example_skip_dag.py
[2026-04-10T10:06:09.817+0900] {processor.py:914} INFO - Processing file /home/airflow/.local/lib/python3.12/site-packages/airflow/example_dags/example_skip_dag.py for tasks to queue
[2026-04-10T10:06:09.821+0900] {logging_mixin.py:190} INFO - [2026-04-10T10:06:09.821+0900] {dagbag.py:587} INFO - Filling up the DagBag from /home/airflow/.local/lib/python3.12/site-packages/airflow/example_dags/example_skip_dag.py
[2026-04-10T10:06:09.833+0900] {processor.py:925} INFO - DAG(s) 'example_skip_dag' retrieved from /home/airflow/.local/lib/python3.12/site-packages/airflow/example_dags/example_skip_dag.py
[2026-04-10T10:06:09.870+0900] {logging_mixin.py:190} INFO - [2026-04-10T10:06:09.869+0900] {dag.py:3211} INFO - Sync 1 DAGs
[2026-04-10T10:06:09.907+0900] {logging_mixin.py:190} INFO - [2026-04-10T10:06:09.907+0900] {dag.py:4138} INFO - Setting next_dagrun for example_skip_dag to 2026-04-09 00:00:00+00:00, run_after=2026-04-10 00:00:00+00:00
[2026-04-10T10:06:09.939+0900] {processor.py:208} INFO - Processing /home/airflow/.local/lib/python3.12/site-packages/airflow/example_dags/example_skip_dag.py took 0.132 seconds
[2026-04-10T10:06:40.225+0900] {processor.py:186} INFO - Started process (PID=153683) to work on /home/airflow/.local/lib/python3.12/site-packages/airflow/example_dags/example_skip_dag.py
[2026-04-10T10:06:40.227+0900] {processor.py:914} INFO - Processing file /home/airflow/.local/lib/python3.12/site-packages/airflow/example_dags/example_skip_dag.py for tasks to queue
[2026-04-10T10:06:40.232+0900] {logging_mixin.py:190} INFO - [2026-04-10T10:06:40.231+0900] {dagbag.py:587} INFO - Filling up the DagBag from /home/airflow/.local/lib/python3.12/site-packages/airflow/example_dags/example_skip_dag.py
[2026-04-10T10:06:40.243+0900] {processor.py:925} INFO - DAG(s) 'example_skip_dag' retrieved from /home/airflow/.local/lib/python3.12/site-packages/airflow/example_dags/example_skip_dag.py
[2026-04-10T10:06:40.282+0900] {logging_mixin.py:190} INFO - [2026-04-10T10:06:40.282+0900] {dag.py:3211} INFO - Sync 1 DAGs
[2026-04-10T10:06:40.330+0900] {logging_mixin.py:190} INFO - [2026-04-10T10:06:40.329+0900] {dag.py:4138} INFO - Setting next_dagrun for example_skip_dag to 2026-04-09 00:00:00+00:00, run_after=2026-04-10 00:00:00+00:00
[2026-04-10T10:06:40.369+0900] {processor.py:208} INFO - Processing /home/airflow/.local/lib/python3.12/site-packages/airflow/example_dags/example_skip_dag.py took 0.155 seconds
