[2026-04-10T09:00:05.909+0900] {processor.py:186} INFO - Started process (PID=145443) to work on /home/airflow/.local/lib/python3.12/site-packages/airflow/example_dags/example_trigger_controller_dag.py
[2026-04-10T09:00:05.911+0900] {processor.py:914} INFO - Processing file /home/airflow/.local/lib/python3.12/site-packages/airflow/example_dags/example_trigger_controller_dag.py for tasks to queue
[2026-04-10T09:00:05.913+0900] {logging_mixin.py:190} INFO - [2026-04-10T09:00:05.913+0900] {dagbag.py:587} INFO - Filling up the DagBag from /home/airflow/.local/lib/python3.12/site-packages/airflow/example_dags/example_trigger_controller_dag.py
[2026-04-10T09:00:05.919+0900] {processor.py:925} INFO - DAG(s) 'example_trigger_controller_dag' retrieved from /home/airflow/.local/lib/python3.12/site-packages/airflow/example_dags/example_trigger_controller_dag.py
[2026-04-10T09:00:05.934+0900] {logging_mixin.py:190} INFO - [2026-04-10T09:00:05.934+0900] {dag.py:3211} INFO - Sync 1 DAGs
[2026-04-10T09:00:05.949+0900] {logging_mixin.py:190} INFO - [2026-04-10T09:00:05.949+0900] {dag.py:4138} INFO - Setting next_dagrun for example_trigger_controller_dag to 2021-01-01 00:00:00+00:00, run_after=2021-01-01 00:00:00+00:00
[2026-04-10T09:00:05.962+0900] {processor.py:208} INFO - Processing /home/airflow/.local/lib/python3.12/site-packages/airflow/example_dags/example_trigger_controller_dag.py took 0.058 seconds
[2026-04-10T09:00:36.306+0900] {processor.py:186} INFO - Started process (PID=145506) to work on /home/airflow/.local/lib/python3.12/site-packages/airflow/example_dags/example_trigger_controller_dag.py
[2026-04-10T09:00:36.308+0900] {processor.py:914} INFO - Processing file /home/airflow/.local/lib/python3.12/site-packages/airflow/example_dags/example_trigger_controller_dag.py for tasks to queue
[2026-04-10T09:00:36.310+0900] {logging_mixin.py:190} INFO - [2026-04-10T09:00:36.309+0900] {dagbag.py:587} INFO - Filling up the DagBag from /home/airflow/.local/lib/python3.12/site-packages/airflow/example_dags/example_trigger_controller_dag.py
[2026-04-10T09:00:36.316+0900] {processor.py:925} INFO - DAG(s) 'example_trigger_controller_dag' retrieved from /home/airflow/.local/lib/python3.12/site-packages/airflow/example_dags/example_trigger_controller_dag.py
[2026-04-10T09:00:36.337+0900] {logging_mixin.py:190} INFO - [2026-04-10T09:00:36.336+0900] {dag.py:3211} INFO - Sync 1 DAGs
[2026-04-10T09:00:36.355+0900] {logging_mixin.py:190} INFO - [2026-04-10T09:00:36.354+0900] {dag.py:4138} INFO - Setting next_dagrun for example_trigger_controller_dag to 2021-01-01 00:00:00+00:00, run_after=2021-01-01 00:00:00+00:00
[2026-04-10T09:00:36.369+0900] {processor.py:208} INFO - Processing /home/airflow/.local/lib/python3.12/site-packages/airflow/example_dags/example_trigger_controller_dag.py took 0.067 seconds
[2026-04-10T09:01:07.197+0900] {processor.py:186} INFO - Started process (PID=145569) to work on /home/airflow/.local/lib/python3.12/site-packages/airflow/example_dags/example_trigger_controller_dag.py
[2026-04-10T09:01:07.199+0900] {processor.py:914} INFO - Processing file /home/airflow/.local/lib/python3.12/site-packages/airflow/example_dags/example_trigger_controller_dag.py for tasks to queue
[2026-04-10T09:01:07.202+0900] {logging_mixin.py:190} INFO - [2026-04-10T09:01:07.201+0900] {dagbag.py:587} INFO - Filling up the DagBag from /home/airflow/.local/lib/python3.12/site-packages/airflow/example_dags/example_trigger_controller_dag.py
[2026-04-10T09:01:07.209+0900] {processor.py:925} INFO - DAG(s) 'example_trigger_controller_dag' retrieved from /home/airflow/.local/lib/python3.12/site-packages/airflow/example_dags/example_trigger_controller_dag.py
[2026-04-10T09:01:07.230+0900] {logging_mixin.py:190} INFO - [2026-04-10T09:01:07.230+0900] {dag.py:3211} INFO - Sync 1 DAGs
[2026-04-10T09:01:07.249+0900] {logging_mixin.py:190} INFO - [2026-04-10T09:01:07.249+0900] {dag.py:4138} INFO - Setting next_dagrun for example_trigger_controller_dag to 2021-01-01 00:00:00+00:00, run_after=2021-01-01 00:00:00+00:00
[2026-04-10T09:01:07.265+0900] {processor.py:208} INFO - Processing /home/airflow/.local/lib/python3.12/site-packages/airflow/example_dags/example_trigger_controller_dag.py took 0.073 seconds
[2026-04-10T09:01:38.273+0900] {processor.py:186} INFO - Started process (PID=145632) to work on /home/airflow/.local/lib/python3.12/site-packages/airflow/example_dags/example_trigger_controller_dag.py
[2026-04-10T09:01:38.273+0900] {processor.py:914} INFO - Processing file /home/airflow/.local/lib/python3.12/site-packages/airflow/example_dags/example_trigger_controller_dag.py for tasks to queue
[2026-04-10T09:01:38.275+0900] {logging_mixin.py:190} INFO - [2026-04-10T09:01:38.275+0900] {dagbag.py:587} INFO - Filling up the DagBag from /home/airflow/.local/lib/python3.12/site-packages/airflow/example_dags/example_trigger_controller_dag.py
[2026-04-10T09:01:38.282+0900] {processor.py:925} INFO - DAG(s) 'example_trigger_controller_dag' retrieved from /home/airflow/.local/lib/python3.12/site-packages/airflow/example_dags/example_trigger_controller_dag.py
[2026-04-10T09:01:38.300+0900] {logging_mixin.py:190} INFO - [2026-04-10T09:01:38.300+0900] {dag.py:3211} INFO - Sync 1 DAGs
[2026-04-10T09:01:38.319+0900] {logging_mixin.py:190} INFO - [2026-04-10T09:01:38.319+0900] {dag.py:4138} INFO - Setting next_dagrun for example_trigger_controller_dag to 2021-01-01 00:00:00+00:00, run_after=2021-01-01 00:00:00+00:00
[2026-04-10T09:01:38.334+0900] {processor.py:208} INFO - Processing /home/airflow/.local/lib/python3.12/site-packages/airflow/example_dags/example_trigger_controller_dag.py took 0.066 seconds
[2026-04-10T09:02:08.587+0900] {processor.py:186} INFO - Started process (PID=145694) to work on /home/airflow/.local/lib/python3.12/site-packages/airflow/example_dags/example_trigger_controller_dag.py
[2026-04-10T09:02:08.588+0900] {processor.py:914} INFO - Processing file /home/airflow/.local/lib/python3.12/site-packages/airflow/example_dags/example_trigger_controller_dag.py for tasks to queue
[2026-04-10T09:02:08.590+0900] {logging_mixin.py:190} INFO - [2026-04-10T09:02:08.590+0900] {dagbag.py:587} INFO - Filling up the DagBag from /home/airflow/.local/lib/python3.12/site-packages/airflow/example_dags/example_trigger_controller_dag.py
[2026-04-10T09:02:08.595+0900] {processor.py:925} INFO - DAG(s) 'example_trigger_controller_dag' retrieved from /home/airflow/.local/lib/python3.12/site-packages/airflow/example_dags/example_trigger_controller_dag.py
[2026-04-10T09:02:08.611+0900] {logging_mixin.py:190} INFO - [2026-04-10T09:02:08.611+0900] {dag.py:3211} INFO - Sync 1 DAGs
[2026-04-10T09:02:08.627+0900] {logging_mixin.py:190} INFO - [2026-04-10T09:02:08.627+0900] {dag.py:4138} INFO - Setting next_dagrun for example_trigger_controller_dag to 2021-01-01 00:00:00+00:00, run_after=2021-01-01 00:00:00+00:00
[2026-04-10T09:02:08.639+0900] {processor.py:208} INFO - Processing /home/airflow/.local/lib/python3.12/site-packages/airflow/example_dags/example_trigger_controller_dag.py took 0.057 seconds
[2026-04-10T09:02:38.779+0900] {processor.py:186} INFO - Started process (PID=145757) to work on /home/airflow/.local/lib/python3.12/site-packages/airflow/example_dags/example_trigger_controller_dag.py
[2026-04-10T09:02:38.780+0900] {processor.py:914} INFO - Processing file /home/airflow/.local/lib/python3.12/site-packages/airflow/example_dags/example_trigger_controller_dag.py for tasks to queue
[2026-04-10T09:02:38.782+0900] {logging_mixin.py:190} INFO - [2026-04-10T09:02:38.781+0900] {dagbag.py:587} INFO - Filling up the DagBag from /home/airflow/.local/lib/python3.12/site-packages/airflow/example_dags/example_trigger_controller_dag.py
[2026-04-10T09:02:38.787+0900] {processor.py:925} INFO - DAG(s) 'example_trigger_controller_dag' retrieved from /home/airflow/.local/lib/python3.12/site-packages/airflow/example_dags/example_trigger_controller_dag.py
[2026-04-10T09:02:38.805+0900] {logging_mixin.py:190} INFO - [2026-04-10T09:02:38.804+0900] {dag.py:3211} INFO - Sync 1 DAGs
[2026-04-10T09:02:38.821+0900] {logging_mixin.py:190} INFO - [2026-04-10T09:02:38.820+0900] {dag.py:4138} INFO - Setting next_dagrun for example_trigger_controller_dag to 2021-01-01 00:00:00+00:00, run_after=2021-01-01 00:00:00+00:00
[2026-04-10T09:02:38.836+0900] {processor.py:208} INFO - Processing /home/airflow/.local/lib/python3.12/site-packages/airflow/example_dags/example_trigger_controller_dag.py took 0.062 seconds
[2026-04-10T09:03:09.603+0900] {processor.py:186} INFO - Started process (PID=145820) to work on /home/airflow/.local/lib/python3.12/site-packages/airflow/example_dags/example_trigger_controller_dag.py
[2026-04-10T09:03:09.604+0900] {processor.py:914} INFO - Processing file /home/airflow/.local/lib/python3.12/site-packages/airflow/example_dags/example_trigger_controller_dag.py for tasks to queue
[2026-04-10T09:03:09.607+0900] {logging_mixin.py:190} INFO - [2026-04-10T09:03:09.606+0900] {dagbag.py:587} INFO - Filling up the DagBag from /home/airflow/.local/lib/python3.12/site-packages/airflow/example_dags/example_trigger_controller_dag.py
[2026-04-10T09:03:09.612+0900] {processor.py:925} INFO - DAG(s) 'example_trigger_controller_dag' retrieved from /home/airflow/.local/lib/python3.12/site-packages/airflow/example_dags/example_trigger_controller_dag.py
[2026-04-10T09:03:09.632+0900] {logging_mixin.py:190} INFO - [2026-04-10T09:03:09.632+0900] {dag.py:3211} INFO - Sync 1 DAGs
[2026-04-10T09:03:09.649+0900] {logging_mixin.py:190} INFO - [2026-04-10T09:03:09.649+0900] {dag.py:4138} INFO - Setting next_dagrun for example_trigger_controller_dag to 2021-01-01 00:00:00+00:00, run_after=2021-01-01 00:00:00+00:00
[2026-04-10T09:03:09.662+0900] {processor.py:208} INFO - Processing /home/airflow/.local/lib/python3.12/site-packages/airflow/example_dags/example_trigger_controller_dag.py took 0.064 seconds
[2026-04-10T09:03:40.490+0900] {processor.py:186} INFO - Started process (PID=145883) to work on /home/airflow/.local/lib/python3.12/site-packages/airflow/example_dags/example_trigger_controller_dag.py
[2026-04-10T09:03:40.491+0900] {processor.py:914} INFO - Processing file /home/airflow/.local/lib/python3.12/site-packages/airflow/example_dags/example_trigger_controller_dag.py for tasks to queue
[2026-04-10T09:03:40.493+0900] {logging_mixin.py:190} INFO - [2026-04-10T09:03:40.493+0900] {dagbag.py:587} INFO - Filling up the DagBag from /home/airflow/.local/lib/python3.12/site-packages/airflow/example_dags/example_trigger_controller_dag.py
[2026-04-10T09:03:40.499+0900] {processor.py:925} INFO - DAG(s) 'example_trigger_controller_dag' retrieved from /home/airflow/.local/lib/python3.12/site-packages/airflow/example_dags/example_trigger_controller_dag.py
[2026-04-10T09:03:40.516+0900] {logging_mixin.py:190} INFO - [2026-04-10T09:03:40.516+0900] {dag.py:3211} INFO - Sync 1 DAGs
[2026-04-10T09:03:40.533+0900] {logging_mixin.py:190} INFO - [2026-04-10T09:03:40.533+0900] {dag.py:4138} INFO - Setting next_dagrun for example_trigger_controller_dag to 2021-01-01 00:00:00+00:00, run_after=2021-01-01 00:00:00+00:00
[2026-04-10T09:03:40.552+0900] {processor.py:208} INFO - Processing /home/airflow/.local/lib/python3.12/site-packages/airflow/example_dags/example_trigger_controller_dag.py took 0.067 seconds
[2026-04-10T09:04:10.733+0900] {processor.py:186} INFO - Started process (PID=145946) to work on /home/airflow/.local/lib/python3.12/site-packages/airflow/example_dags/example_trigger_controller_dag.py
[2026-04-10T09:04:10.734+0900] {processor.py:914} INFO - Processing file /home/airflow/.local/lib/python3.12/site-packages/airflow/example_dags/example_trigger_controller_dag.py for tasks to queue
[2026-04-10T09:04:10.736+0900] {logging_mixin.py:190} INFO - [2026-04-10T09:04:10.736+0900] {dagbag.py:587} INFO - Filling up the DagBag from /home/airflow/.local/lib/python3.12/site-packages/airflow/example_dags/example_trigger_controller_dag.py
[2026-04-10T09:04:10.743+0900] {processor.py:925} INFO - DAG(s) 'example_trigger_controller_dag' retrieved from /home/airflow/.local/lib/python3.12/site-packages/airflow/example_dags/example_trigger_controller_dag.py
[2026-04-10T09:04:10.760+0900] {logging_mixin.py:190} INFO - [2026-04-10T09:04:10.760+0900] {dag.py:3211} INFO - Sync 1 DAGs
[2026-04-10T09:04:10.777+0900] {logging_mixin.py:190} INFO - [2026-04-10T09:04:10.776+0900] {dag.py:4138} INFO - Setting next_dagrun for example_trigger_controller_dag to 2021-01-01 00:00:00+00:00, run_after=2021-01-01 00:00:00+00:00
[2026-04-10T09:04:10.796+0900] {processor.py:208} INFO - Processing /home/airflow/.local/lib/python3.12/site-packages/airflow/example_dags/example_trigger_controller_dag.py took 0.067 seconds
[2026-04-10T09:04:40.952+0900] {processor.py:186} INFO - Started process (PID=146009) to work on /home/airflow/.local/lib/python3.12/site-packages/airflow/example_dags/example_trigger_controller_dag.py
[2026-04-10T09:04:40.953+0900] {processor.py:914} INFO - Processing file /home/airflow/.local/lib/python3.12/site-packages/airflow/example_dags/example_trigger_controller_dag.py for tasks to queue
[2026-04-10T09:04:40.956+0900] {logging_mixin.py:190} INFO - [2026-04-10T09:04:40.956+0900] {dagbag.py:587} INFO - Filling up the DagBag from /home/airflow/.local/lib/python3.12/site-packages/airflow/example_dags/example_trigger_controller_dag.py
[2026-04-10T09:04:40.961+0900] {processor.py:925} INFO - DAG(s) 'example_trigger_controller_dag' retrieved from /home/airflow/.local/lib/python3.12/site-packages/airflow/example_dags/example_trigger_controller_dag.py
[2026-04-10T09:04:40.977+0900] {logging_mixin.py:190} INFO - [2026-04-10T09:04:40.977+0900] {dag.py:3211} INFO - Sync 1 DAGs
[2026-04-10T09:04:40.996+0900] {logging_mixin.py:190} INFO - [2026-04-10T09:04:40.995+0900] {dag.py:4138} INFO - Setting next_dagrun for example_trigger_controller_dag to 2021-01-01 00:00:00+00:00, run_after=2021-01-01 00:00:00+00:00
[2026-04-10T09:04:41.012+0900] {processor.py:208} INFO - Processing /home/airflow/.local/lib/python3.12/site-packages/airflow/example_dags/example_trigger_controller_dag.py took 0.064 seconds
[2026-04-10T09:05:11.850+0900] {processor.py:186} INFO - Started process (PID=146072) to work on /home/airflow/.local/lib/python3.12/site-packages/airflow/example_dags/example_trigger_controller_dag.py
[2026-04-10T09:05:11.851+0900] {processor.py:914} INFO - Processing file /home/airflow/.local/lib/python3.12/site-packages/airflow/example_dags/example_trigger_controller_dag.py for tasks to queue
[2026-04-10T09:05:11.853+0900] {logging_mixin.py:190} INFO - [2026-04-10T09:05:11.853+0900] {dagbag.py:587} INFO - Filling up the DagBag from /home/airflow/.local/lib/python3.12/site-packages/airflow/example_dags/example_trigger_controller_dag.py
[2026-04-10T09:05:11.859+0900] {processor.py:925} INFO - DAG(s) 'example_trigger_controller_dag' retrieved from /home/airflow/.local/lib/python3.12/site-packages/airflow/example_dags/example_trigger_controller_dag.py
[2026-04-10T09:05:11.874+0900] {logging_mixin.py:190} INFO - [2026-04-10T09:05:11.874+0900] {dag.py:3211} INFO - Sync 1 DAGs
[2026-04-10T09:05:11.890+0900] {logging_mixin.py:190} INFO - [2026-04-10T09:05:11.890+0900] {dag.py:4138} INFO - Setting next_dagrun for example_trigger_controller_dag to 2021-01-01 00:00:00+00:00, run_after=2021-01-01 00:00:00+00:00
[2026-04-10T09:05:11.906+0900] {processor.py:208} INFO - Processing /home/airflow/.local/lib/python3.12/site-packages/airflow/example_dags/example_trigger_controller_dag.py took 0.061 seconds
[2026-04-10T09:05:42.012+0900] {processor.py:186} INFO - Started process (PID=146135) to work on /home/airflow/.local/lib/python3.12/site-packages/airflow/example_dags/example_trigger_controller_dag.py
[2026-04-10T09:05:42.013+0900] {processor.py:914} INFO - Processing file /home/airflow/.local/lib/python3.12/site-packages/airflow/example_dags/example_trigger_controller_dag.py for tasks to queue
[2026-04-10T09:05:42.015+0900] {logging_mixin.py:190} INFO - [2026-04-10T09:05:42.015+0900] {dagbag.py:587} INFO - Filling up the DagBag from /home/airflow/.local/lib/python3.12/site-packages/airflow/example_dags/example_trigger_controller_dag.py
[2026-04-10T09:05:42.021+0900] {processor.py:925} INFO - DAG(s) 'example_trigger_controller_dag' retrieved from /home/airflow/.local/lib/python3.12/site-packages/airflow/example_dags/example_trigger_controller_dag.py
[2026-04-10T09:05:42.037+0900] {logging_mixin.py:190} INFO - [2026-04-10T09:05:42.037+0900] {dag.py:3211} INFO - Sync 1 DAGs
[2026-04-10T09:05:42.055+0900] {logging_mixin.py:190} INFO - [2026-04-10T09:05:42.054+0900] {dag.py:4138} INFO - Setting next_dagrun for example_trigger_controller_dag to 2021-01-01 00:00:00+00:00, run_after=2021-01-01 00:00:00+00:00
[2026-04-10T09:05:42.072+0900] {processor.py:208} INFO - Processing /home/airflow/.local/lib/python3.12/site-packages/airflow/example_dags/example_trigger_controller_dag.py took 0.064 seconds
[2026-04-10T09:06:12.207+0900] {processor.py:186} INFO - Started process (PID=146198) to work on /home/airflow/.local/lib/python3.12/site-packages/airflow/example_dags/example_trigger_controller_dag.py
[2026-04-10T09:06:12.208+0900] {processor.py:914} INFO - Processing file /home/airflow/.local/lib/python3.12/site-packages/airflow/example_dags/example_trigger_controller_dag.py for tasks to queue
[2026-04-10T09:06:12.210+0900] {logging_mixin.py:190} INFO - [2026-04-10T09:06:12.210+0900] {dagbag.py:587} INFO - Filling up the DagBag from /home/airflow/.local/lib/python3.12/site-packages/airflow/example_dags/example_trigger_controller_dag.py
[2026-04-10T09:06:12.216+0900] {processor.py:925} INFO - DAG(s) 'example_trigger_controller_dag' retrieved from /home/airflow/.local/lib/python3.12/site-packages/airflow/example_dags/example_trigger_controller_dag.py
[2026-04-10T09:06:12.232+0900] {logging_mixin.py:190} INFO - [2026-04-10T09:06:12.232+0900] {dag.py:3211} INFO - Sync 1 DAGs
[2026-04-10T09:06:12.250+0900] {logging_mixin.py:190} INFO - [2026-04-10T09:06:12.250+0900] {dag.py:4138} INFO - Setting next_dagrun for example_trigger_controller_dag to 2021-01-01 00:00:00+00:00, run_after=2021-01-01 00:00:00+00:00
[2026-04-10T09:06:12.268+0900] {processor.py:208} INFO - Processing /home/airflow/.local/lib/python3.12/site-packages/airflow/example_dags/example_trigger_controller_dag.py took 0.066 seconds
[2026-04-10T09:06:42.913+0900] {processor.py:186} INFO - Started process (PID=146261) to work on /home/airflow/.local/lib/python3.12/site-packages/airflow/example_dags/example_trigger_controller_dag.py
[2026-04-10T09:06:42.914+0900] {processor.py:914} INFO - Processing file /home/airflow/.local/lib/python3.12/site-packages/airflow/example_dags/example_trigger_controller_dag.py for tasks to queue
[2026-04-10T09:06:42.916+0900] {logging_mixin.py:190} INFO - [2026-04-10T09:06:42.916+0900] {dagbag.py:587} INFO - Filling up the DagBag from /home/airflow/.local/lib/python3.12/site-packages/airflow/example_dags/example_trigger_controller_dag.py
[2026-04-10T09:06:42.921+0900] {processor.py:925} INFO - DAG(s) 'example_trigger_controller_dag' retrieved from /home/airflow/.local/lib/python3.12/site-packages/airflow/example_dags/example_trigger_controller_dag.py
[2026-04-10T09:06:42.937+0900] {logging_mixin.py:190} INFO - [2026-04-10T09:06:42.937+0900] {dag.py:3211} INFO - Sync 1 DAGs
[2026-04-10T09:06:42.954+0900] {logging_mixin.py:190} INFO - [2026-04-10T09:06:42.953+0900] {dag.py:4138} INFO - Setting next_dagrun for example_trigger_controller_dag to 2021-01-01 00:00:00+00:00, run_after=2021-01-01 00:00:00+00:00
[2026-04-10T09:06:42.973+0900] {processor.py:208} INFO - Processing /home/airflow/.local/lib/python3.12/site-packages/airflow/example_dags/example_trigger_controller_dag.py took 0.064 seconds
[2026-04-10T09:07:13.727+0900] {processor.py:186} INFO - Started process (PID=146324) to work on /home/airflow/.local/lib/python3.12/site-packages/airflow/example_dags/example_trigger_controller_dag.py
[2026-04-10T09:07:13.728+0900] {processor.py:914} INFO - Processing file /home/airflow/.local/lib/python3.12/site-packages/airflow/example_dags/example_trigger_controller_dag.py for tasks to queue
[2026-04-10T09:07:13.730+0900] {logging_mixin.py:190} INFO - [2026-04-10T09:07:13.730+0900] {dagbag.py:587} INFO - Filling up the DagBag from /home/airflow/.local/lib/python3.12/site-packages/airflow/example_dags/example_trigger_controller_dag.py
[2026-04-10T09:07:13.736+0900] {processor.py:925} INFO - DAG(s) 'example_trigger_controller_dag' retrieved from /home/airflow/.local/lib/python3.12/site-packages/airflow/example_dags/example_trigger_controller_dag.py
[2026-04-10T09:07:13.753+0900] {logging_mixin.py:190} INFO - [2026-04-10T09:07:13.753+0900] {dag.py:3211} INFO - Sync 1 DAGs
[2026-04-10T09:07:13.770+0900] {logging_mixin.py:190} INFO - [2026-04-10T09:07:13.769+0900] {dag.py:4138} INFO - Setting next_dagrun for example_trigger_controller_dag to 2021-01-01 00:00:00+00:00, run_after=2021-01-01 00:00:00+00:00
[2026-04-10T09:07:13.788+0900] {processor.py:208} INFO - Processing /home/airflow/.local/lib/python3.12/site-packages/airflow/example_dags/example_trigger_controller_dag.py took 0.067 seconds
[2026-04-10T09:07:43.967+0900] {processor.py:186} INFO - Started process (PID=146387) to work on /home/airflow/.local/lib/python3.12/site-packages/airflow/example_dags/example_trigger_controller_dag.py
[2026-04-10T09:07:43.968+0900] {processor.py:914} INFO - Processing file /home/airflow/.local/lib/python3.12/site-packages/airflow/example_dags/example_trigger_controller_dag.py for tasks to queue
[2026-04-10T09:07:43.971+0900] {logging_mixin.py:190} INFO - [2026-04-10T09:07:43.970+0900] {dagbag.py:587} INFO - Filling up the DagBag from /home/airflow/.local/lib/python3.12/site-packages/airflow/example_dags/example_trigger_controller_dag.py
[2026-04-10T09:07:43.980+0900] {processor.py:925} INFO - DAG(s) 'example_trigger_controller_dag' retrieved from /home/airflow/.local/lib/python3.12/site-packages/airflow/example_dags/example_trigger_controller_dag.py
[2026-04-10T09:07:44.000+0900] {logging_mixin.py:190} INFO - [2026-04-10T09:07:44.000+0900] {dag.py:3211} INFO - Sync 1 DAGs
[2026-04-10T09:07:44.018+0900] {logging_mixin.py:190} INFO - [2026-04-10T09:07:44.018+0900] {dag.py:4138} INFO - Setting next_dagrun for example_trigger_controller_dag to 2021-01-01 00:00:00+00:00, run_after=2021-01-01 00:00:00+00:00
[2026-04-10T09:07:44.032+0900] {processor.py:208} INFO - Processing /home/airflow/.local/lib/python3.12/site-packages/airflow/example_dags/example_trigger_controller_dag.py took 0.070 seconds
[2026-04-10T09:08:14.240+0900] {processor.py:186} INFO - Started process (PID=146450) to work on /home/airflow/.local/lib/python3.12/site-packages/airflow/example_dags/example_trigger_controller_dag.py
[2026-04-10T09:08:14.241+0900] {processor.py:914} INFO - Processing file /home/airflow/.local/lib/python3.12/site-packages/airflow/example_dags/example_trigger_controller_dag.py for tasks to queue
[2026-04-10T09:08:14.244+0900] {logging_mixin.py:190} INFO - [2026-04-10T09:08:14.243+0900] {dagbag.py:587} INFO - Filling up the DagBag from /home/airflow/.local/lib/python3.12/site-packages/airflow/example_dags/example_trigger_controller_dag.py
[2026-04-10T09:08:14.250+0900] {processor.py:925} INFO - DAG(s) 'example_trigger_controller_dag' retrieved from /home/airflow/.local/lib/python3.12/site-packages/airflow/example_dags/example_trigger_controller_dag.py
[2026-04-10T09:08:14.267+0900] {logging_mixin.py:190} INFO - [2026-04-10T09:08:14.266+0900] {dag.py:3211} INFO - Sync 1 DAGs
[2026-04-10T09:08:14.437+0900] {logging_mixin.py:190} INFO - [2026-04-10T09:08:14.437+0900] {dag.py:4138} INFO - Setting next_dagrun for example_trigger_controller_dag to 2021-01-01 00:00:00+00:00, run_after=2021-01-01 00:00:00+00:00
[2026-04-10T09:08:14.456+0900] {processor.py:208} INFO - Processing /home/airflow/.local/lib/python3.12/site-packages/airflow/example_dags/example_trigger_controller_dag.py took 0.220 seconds
[2026-04-10T09:08:44.784+0900] {processor.py:186} INFO - Started process (PID=146513) to work on /home/airflow/.local/lib/python3.12/site-packages/airflow/example_dags/example_trigger_controller_dag.py
[2026-04-10T09:08:44.785+0900] {processor.py:914} INFO - Processing file /home/airflow/.local/lib/python3.12/site-packages/airflow/example_dags/example_trigger_controller_dag.py for tasks to queue
[2026-04-10T09:08:44.787+0900] {logging_mixin.py:190} INFO - [2026-04-10T09:08:44.787+0900] {dagbag.py:587} INFO - Filling up the DagBag from /home/airflow/.local/lib/python3.12/site-packages/airflow/example_dags/example_trigger_controller_dag.py
[2026-04-10T09:08:44.793+0900] {processor.py:925} INFO - DAG(s) 'example_trigger_controller_dag' retrieved from /home/airflow/.local/lib/python3.12/site-packages/airflow/example_dags/example_trigger_controller_dag.py
[2026-04-10T09:08:44.809+0900] {logging_mixin.py:190} INFO - [2026-04-10T09:08:44.809+0900] {dag.py:3211} INFO - Sync 1 DAGs
[2026-04-10T09:08:44.967+0900] {logging_mixin.py:190} INFO - [2026-04-10T09:08:44.967+0900] {dag.py:4138} INFO - Setting next_dagrun for example_trigger_controller_dag to 2021-01-01 00:00:00+00:00, run_after=2021-01-01 00:00:00+00:00
[2026-04-10T09:08:44.981+0900] {processor.py:208} INFO - Processing /home/airflow/.local/lib/python3.12/site-packages/airflow/example_dags/example_trigger_controller_dag.py took 0.201 seconds
[2026-04-10T09:09:15.250+0900] {processor.py:186} INFO - Started process (PID=146576) to work on /home/airflow/.local/lib/python3.12/site-packages/airflow/example_dags/example_trigger_controller_dag.py
[2026-04-10T09:09:15.251+0900] {processor.py:914} INFO - Processing file /home/airflow/.local/lib/python3.12/site-packages/airflow/example_dags/example_trigger_controller_dag.py for tasks to queue
[2026-04-10T09:09:15.253+0900] {logging_mixin.py:190} INFO - [2026-04-10T09:09:15.253+0900] {dagbag.py:587} INFO - Filling up the DagBag from /home/airflow/.local/lib/python3.12/site-packages/airflow/example_dags/example_trigger_controller_dag.py
[2026-04-10T09:09:15.258+0900] {processor.py:925} INFO - DAG(s) 'example_trigger_controller_dag' retrieved from /home/airflow/.local/lib/python3.12/site-packages/airflow/example_dags/example_trigger_controller_dag.py
[2026-04-10T09:09:15.275+0900] {logging_mixin.py:190} INFO - [2026-04-10T09:09:15.274+0900] {dag.py:3211} INFO - Sync 1 DAGs
[2026-04-10T09:09:15.291+0900] {logging_mixin.py:190} INFO - [2026-04-10T09:09:15.291+0900] {dag.py:4138} INFO - Setting next_dagrun for example_trigger_controller_dag to 2021-01-01 00:00:00+00:00, run_after=2021-01-01 00:00:00+00:00
[2026-04-10T09:09:15.417+0900] {processor.py:208} INFO - Processing /home/airflow/.local/lib/python3.12/site-packages/airflow/example_dags/example_trigger_controller_dag.py took 0.171 seconds
[2026-04-10T09:09:45.900+0900] {processor.py:186} INFO - Started process (PID=146639) to work on /home/airflow/.local/lib/python3.12/site-packages/airflow/example_dags/example_trigger_controller_dag.py
[2026-04-10T09:09:45.901+0900] {processor.py:914} INFO - Processing file /home/airflow/.local/lib/python3.12/site-packages/airflow/example_dags/example_trigger_controller_dag.py for tasks to queue
[2026-04-10T09:09:45.903+0900] {logging_mixin.py:190} INFO - [2026-04-10T09:09:45.903+0900] {dagbag.py:587} INFO - Filling up the DagBag from /home/airflow/.local/lib/python3.12/site-packages/airflow/example_dags/example_trigger_controller_dag.py
[2026-04-10T09:09:45.909+0900] {processor.py:925} INFO - DAG(s) 'example_trigger_controller_dag' retrieved from /home/airflow/.local/lib/python3.12/site-packages/airflow/example_dags/example_trigger_controller_dag.py
[2026-04-10T09:09:45.923+0900] {logging_mixin.py:190} INFO - [2026-04-10T09:09:45.923+0900] {dag.py:3211} INFO - Sync 1 DAGs
[2026-04-10T09:09:45.939+0900] {logging_mixin.py:190} INFO - [2026-04-10T09:09:45.939+0900] {dag.py:4138} INFO - Setting next_dagrun for example_trigger_controller_dag to 2021-01-01 00:00:00+00:00, run_after=2021-01-01 00:00:00+00:00
[2026-04-10T09:09:45.956+0900] {processor.py:208} INFO - Processing /home/airflow/.local/lib/python3.12/site-packages/airflow/example_dags/example_trigger_controller_dag.py took 0.060 seconds
[2026-04-10T09:10:16.067+0900] {processor.py:186} INFO - Started process (PID=146703) to work on /home/airflow/.local/lib/python3.12/site-packages/airflow/example_dags/example_trigger_controller_dag.py
[2026-04-10T09:10:16.068+0900] {processor.py:914} INFO - Processing file /home/airflow/.local/lib/python3.12/site-packages/airflow/example_dags/example_trigger_controller_dag.py for tasks to queue
[2026-04-10T09:10:16.070+0900] {logging_mixin.py:190} INFO - [2026-04-10T09:10:16.070+0900] {dagbag.py:587} INFO - Filling up the DagBag from /home/airflow/.local/lib/python3.12/site-packages/airflow/example_dags/example_trigger_controller_dag.py
[2026-04-10T09:10:16.076+0900] {processor.py:925} INFO - DAG(s) 'example_trigger_controller_dag' retrieved from /home/airflow/.local/lib/python3.12/site-packages/airflow/example_dags/example_trigger_controller_dag.py
[2026-04-10T09:10:16.090+0900] {logging_mixin.py:190} INFO - [2026-04-10T09:10:16.090+0900] {dag.py:3211} INFO - Sync 1 DAGs
[2026-04-10T09:10:16.104+0900] {logging_mixin.py:190} INFO - [2026-04-10T09:10:16.104+0900] {dag.py:4138} INFO - Setting next_dagrun for example_trigger_controller_dag to 2021-01-01 00:00:00+00:00, run_after=2021-01-01 00:00:00+00:00
[2026-04-10T09:10:16.117+0900] {processor.py:208} INFO - Processing /home/airflow/.local/lib/python3.12/site-packages/airflow/example_dags/example_trigger_controller_dag.py took 0.054 seconds
[2026-04-10T09:10:46.259+0900] {processor.py:186} INFO - Started process (PID=146765) to work on /home/airflow/.local/lib/python3.12/site-packages/airflow/example_dags/example_trigger_controller_dag.py
[2026-04-10T09:10:46.260+0900] {processor.py:914} INFO - Processing file /home/airflow/.local/lib/python3.12/site-packages/airflow/example_dags/example_trigger_controller_dag.py for tasks to queue
[2026-04-10T09:10:46.263+0900] {logging_mixin.py:190} INFO - [2026-04-10T09:10:46.262+0900] {dagbag.py:587} INFO - Filling up the DagBag from /home/airflow/.local/lib/python3.12/site-packages/airflow/example_dags/example_trigger_controller_dag.py
[2026-04-10T09:10:46.400+0900] {processor.py:925} INFO - DAG(s) 'example_trigger_controller_dag' retrieved from /home/airflow/.local/lib/python3.12/site-packages/airflow/example_dags/example_trigger_controller_dag.py
[2026-04-10T09:10:46.411+0900] {logging_mixin.py:190} INFO - [2026-04-10T09:10:46.411+0900] {dag.py:3211} INFO - Sync 1 DAGs
[2026-04-10T09:10:46.424+0900] {logging_mixin.py:190} INFO - [2026-04-10T09:10:46.424+0900] {dag.py:4138} INFO - Setting next_dagrun for example_trigger_controller_dag to 2021-01-01 00:00:00+00:00, run_after=2021-01-01 00:00:00+00:00
[2026-04-10T09:10:46.437+0900] {processor.py:208} INFO - Processing /home/airflow/.local/lib/python3.12/site-packages/airflow/example_dags/example_trigger_controller_dag.py took 0.182 seconds
[2026-04-10T09:11:16.997+0900] {processor.py:186} INFO - Started process (PID=146828) to work on /home/airflow/.local/lib/python3.12/site-packages/airflow/example_dags/example_trigger_controller_dag.py
[2026-04-10T09:11:16.998+0900] {processor.py:914} INFO - Processing file /home/airflow/.local/lib/python3.12/site-packages/airflow/example_dags/example_trigger_controller_dag.py for tasks to queue
[2026-04-10T09:11:17.000+0900] {logging_mixin.py:190} INFO - [2026-04-10T09:11:17.000+0900] {dagbag.py:587} INFO - Filling up the DagBag from /home/airflow/.local/lib/python3.12/site-packages/airflow/example_dags/example_trigger_controller_dag.py
[2026-04-10T09:11:17.005+0900] {processor.py:925} INFO - DAG(s) 'example_trigger_controller_dag' retrieved from /home/airflow/.local/lib/python3.12/site-packages/airflow/example_dags/example_trigger_controller_dag.py
[2026-04-10T09:11:17.026+0900] {logging_mixin.py:190} INFO - [2026-04-10T09:11:17.025+0900] {dag.py:3211} INFO - Sync 1 DAGs
[2026-04-10T09:11:17.044+0900] {logging_mixin.py:190} INFO - [2026-04-10T09:11:17.044+0900] {dag.py:4138} INFO - Setting next_dagrun for example_trigger_controller_dag to 2021-01-01 00:00:00+00:00, run_after=2021-01-01 00:00:00+00:00
[2026-04-10T09:11:17.062+0900] {processor.py:208} INFO - Processing /home/airflow/.local/lib/python3.12/site-packages/airflow/example_dags/example_trigger_controller_dag.py took 0.070 seconds
[2026-04-10T09:11:47.143+0900] {processor.py:186} INFO - Started process (PID=146891) to work on /home/airflow/.local/lib/python3.12/site-packages/airflow/example_dags/example_trigger_controller_dag.py
[2026-04-10T09:11:47.144+0900] {processor.py:914} INFO - Processing file /home/airflow/.local/lib/python3.12/site-packages/airflow/example_dags/example_trigger_controller_dag.py for tasks to queue
[2026-04-10T09:11:47.146+0900] {logging_mixin.py:190} INFO - [2026-04-10T09:11:47.146+0900] {dagbag.py:587} INFO - Filling up the DagBag from /home/airflow/.local/lib/python3.12/site-packages/airflow/example_dags/example_trigger_controller_dag.py
[2026-04-10T09:11:47.153+0900] {processor.py:925} INFO - DAG(s) 'example_trigger_controller_dag' retrieved from /home/airflow/.local/lib/python3.12/site-packages/airflow/example_dags/example_trigger_controller_dag.py
[2026-04-10T09:11:47.172+0900] {logging_mixin.py:190} INFO - [2026-04-10T09:11:47.171+0900] {dag.py:3211} INFO - Sync 1 DAGs
[2026-04-10T09:11:47.190+0900] {logging_mixin.py:190} INFO - [2026-04-10T09:11:47.190+0900] {dag.py:4138} INFO - Setting next_dagrun for example_trigger_controller_dag to 2021-01-01 00:00:00+00:00, run_after=2021-01-01 00:00:00+00:00
[2026-04-10T09:11:47.206+0900] {processor.py:208} INFO - Processing /home/airflow/.local/lib/python3.12/site-packages/airflow/example_dags/example_trigger_controller_dag.py took 0.069 seconds
[2026-04-10T09:12:17.332+0900] {processor.py:186} INFO - Started process (PID=146954) to work on /home/airflow/.local/lib/python3.12/site-packages/airflow/example_dags/example_trigger_controller_dag.py
[2026-04-10T09:12:17.333+0900] {processor.py:914} INFO - Processing file /home/airflow/.local/lib/python3.12/site-packages/airflow/example_dags/example_trigger_controller_dag.py for tasks to queue
[2026-04-10T09:12:17.335+0900] {logging_mixin.py:190} INFO - [2026-04-10T09:12:17.335+0900] {dagbag.py:587} INFO - Filling up the DagBag from /home/airflow/.local/lib/python3.12/site-packages/airflow/example_dags/example_trigger_controller_dag.py
[2026-04-10T09:12:17.342+0900] {processor.py:925} INFO - DAG(s) 'example_trigger_controller_dag' retrieved from /home/airflow/.local/lib/python3.12/site-packages/airflow/example_dags/example_trigger_controller_dag.py
[2026-04-10T09:12:17.364+0900] {logging_mixin.py:190} INFO - [2026-04-10T09:12:17.364+0900] {dag.py:3211} INFO - Sync 1 DAGs
[2026-04-10T09:12:17.382+0900] {logging_mixin.py:190} INFO - [2026-04-10T09:12:17.382+0900] {dag.py:4138} INFO - Setting next_dagrun for example_trigger_controller_dag to 2021-01-01 00:00:00+00:00, run_after=2021-01-01 00:00:00+00:00
[2026-04-10T09:12:17.399+0900] {processor.py:208} INFO - Processing /home/airflow/.local/lib/python3.12/site-packages/airflow/example_dags/example_trigger_controller_dag.py took 0.073 seconds
[2026-04-10T09:12:47.583+0900] {processor.py:186} INFO - Started process (PID=147017) to work on /home/airflow/.local/lib/python3.12/site-packages/airflow/example_dags/example_trigger_controller_dag.py
[2026-04-10T09:12:47.585+0900] {processor.py:914} INFO - Processing file /home/airflow/.local/lib/python3.12/site-packages/airflow/example_dags/example_trigger_controller_dag.py for tasks to queue
[2026-04-10T09:12:47.587+0900] {logging_mixin.py:190} INFO - [2026-04-10T09:12:47.586+0900] {dagbag.py:587} INFO - Filling up the DagBag from /home/airflow/.local/lib/python3.12/site-packages/airflow/example_dags/example_trigger_controller_dag.py
[2026-04-10T09:12:47.592+0900] {processor.py:925} INFO - DAG(s) 'example_trigger_controller_dag' retrieved from /home/airflow/.local/lib/python3.12/site-packages/airflow/example_dags/example_trigger_controller_dag.py
[2026-04-10T09:12:47.609+0900] {logging_mixin.py:190} INFO - [2026-04-10T09:12:47.608+0900] {dag.py:3211} INFO - Sync 1 DAGs
[2026-04-10T09:12:47.624+0900] {logging_mixin.py:190} INFO - [2026-04-10T09:12:47.624+0900] {dag.py:4138} INFO - Setting next_dagrun for example_trigger_controller_dag to 2021-01-01 00:00:00+00:00, run_after=2021-01-01 00:00:00+00:00
[2026-04-10T09:12:47.639+0900] {processor.py:208} INFO - Processing /home/airflow/.local/lib/python3.12/site-packages/airflow/example_dags/example_trigger_controller_dag.py took 0.061 seconds
[2026-04-10T09:13:17.693+0900] {processor.py:186} INFO - Started process (PID=147080) to work on /home/airflow/.local/lib/python3.12/site-packages/airflow/example_dags/example_trigger_controller_dag.py
[2026-04-10T09:13:17.694+0900] {processor.py:914} INFO - Processing file /home/airflow/.local/lib/python3.12/site-packages/airflow/example_dags/example_trigger_controller_dag.py for tasks to queue
[2026-04-10T09:13:17.696+0900] {logging_mixin.py:190} INFO - [2026-04-10T09:13:17.695+0900] {dagbag.py:587} INFO - Filling up the DagBag from /home/airflow/.local/lib/python3.12/site-packages/airflow/example_dags/example_trigger_controller_dag.py
[2026-04-10T09:13:17.701+0900] {processor.py:925} INFO - DAG(s) 'example_trigger_controller_dag' retrieved from /home/airflow/.local/lib/python3.12/site-packages/airflow/example_dags/example_trigger_controller_dag.py
[2026-04-10T09:13:17.719+0900] {logging_mixin.py:190} INFO - [2026-04-10T09:13:17.719+0900] {dag.py:3211} INFO - Sync 1 DAGs
[2026-04-10T09:13:17.735+0900] {logging_mixin.py:190} INFO - [2026-04-10T09:13:17.735+0900] {dag.py:4138} INFO - Setting next_dagrun for example_trigger_controller_dag to 2021-01-01 00:00:00+00:00, run_after=2021-01-01 00:00:00+00:00
[2026-04-10T09:13:17.748+0900] {processor.py:208} INFO - Processing /home/airflow/.local/lib/python3.12/site-packages/airflow/example_dags/example_trigger_controller_dag.py took 0.060 seconds
[2026-04-10T09:13:48.440+0900] {processor.py:186} INFO - Started process (PID=147143) to work on /home/airflow/.local/lib/python3.12/site-packages/airflow/example_dags/example_trigger_controller_dag.py
[2026-04-10T09:13:48.441+0900] {processor.py:914} INFO - Processing file /home/airflow/.local/lib/python3.12/site-packages/airflow/example_dags/example_trigger_controller_dag.py for tasks to queue
[2026-04-10T09:13:48.444+0900] {logging_mixin.py:190} INFO - [2026-04-10T09:13:48.443+0900] {dagbag.py:587} INFO - Filling up the DagBag from /home/airflow/.local/lib/python3.12/site-packages/airflow/example_dags/example_trigger_controller_dag.py
[2026-04-10T09:13:48.449+0900] {processor.py:925} INFO - DAG(s) 'example_trigger_controller_dag' retrieved from /home/airflow/.local/lib/python3.12/site-packages/airflow/example_dags/example_trigger_controller_dag.py
[2026-04-10T09:13:48.465+0900] {logging_mixin.py:190} INFO - [2026-04-10T09:13:48.465+0900] {dag.py:3211} INFO - Sync 1 DAGs
[2026-04-10T09:13:48.482+0900] {logging_mixin.py:190} INFO - [2026-04-10T09:13:48.482+0900] {dag.py:4138} INFO - Setting next_dagrun for example_trigger_controller_dag to 2021-01-01 00:00:00+00:00, run_after=2021-01-01 00:00:00+00:00
[2026-04-10T09:13:48.496+0900] {processor.py:208} INFO - Processing /home/airflow/.local/lib/python3.12/site-packages/airflow/example_dags/example_trigger_controller_dag.py took 0.061 seconds
[2026-04-10T09:14:19.085+0900] {processor.py:186} INFO - Started process (PID=147206) to work on /home/airflow/.local/lib/python3.12/site-packages/airflow/example_dags/example_trigger_controller_dag.py
[2026-04-10T09:14:19.086+0900] {processor.py:914} INFO - Processing file /home/airflow/.local/lib/python3.12/site-packages/airflow/example_dags/example_trigger_controller_dag.py for tasks to queue
[2026-04-10T09:14:19.088+0900] {logging_mixin.py:190} INFO - [2026-04-10T09:14:19.088+0900] {dagbag.py:587} INFO - Filling up the DagBag from /home/airflow/.local/lib/python3.12/site-packages/airflow/example_dags/example_trigger_controller_dag.py
[2026-04-10T09:14:19.093+0900] {processor.py:925} INFO - DAG(s) 'example_trigger_controller_dag' retrieved from /home/airflow/.local/lib/python3.12/site-packages/airflow/example_dags/example_trigger_controller_dag.py
[2026-04-10T09:14:19.110+0900] {logging_mixin.py:190} INFO - [2026-04-10T09:14:19.110+0900] {dag.py:3211} INFO - Sync 1 DAGs
[2026-04-10T09:14:19.128+0900] {logging_mixin.py:190} INFO - [2026-04-10T09:14:19.128+0900] {dag.py:4138} INFO - Setting next_dagrun for example_trigger_controller_dag to 2021-01-01 00:00:00+00:00, run_after=2021-01-01 00:00:00+00:00
[2026-04-10T09:14:19.142+0900] {processor.py:208} INFO - Processing /home/airflow/.local/lib/python3.12/site-packages/airflow/example_dags/example_trigger_controller_dag.py took 0.062 seconds
[2026-04-10T09:14:49.742+0900] {processor.py:186} INFO - Started process (PID=147269) to work on /home/airflow/.local/lib/python3.12/site-packages/airflow/example_dags/example_trigger_controller_dag.py
[2026-04-10T09:14:49.743+0900] {processor.py:914} INFO - Processing file /home/airflow/.local/lib/python3.12/site-packages/airflow/example_dags/example_trigger_controller_dag.py for tasks to queue
[2026-04-10T09:14:49.745+0900] {logging_mixin.py:190} INFO - [2026-04-10T09:14:49.745+0900] {dagbag.py:587} INFO - Filling up the DagBag from /home/airflow/.local/lib/python3.12/site-packages/airflow/example_dags/example_trigger_controller_dag.py
[2026-04-10T09:14:49.750+0900] {processor.py:925} INFO - DAG(s) 'example_trigger_controller_dag' retrieved from /home/airflow/.local/lib/python3.12/site-packages/airflow/example_dags/example_trigger_controller_dag.py
[2026-04-10T09:14:49.767+0900] {logging_mixin.py:190} INFO - [2026-04-10T09:14:49.766+0900] {dag.py:3211} INFO - Sync 1 DAGs
[2026-04-10T09:14:49.783+0900] {logging_mixin.py:190} INFO - [2026-04-10T09:14:49.783+0900] {dag.py:4138} INFO - Setting next_dagrun for example_trigger_controller_dag to 2021-01-01 00:00:00+00:00, run_after=2021-01-01 00:00:00+00:00
[2026-04-10T09:14:49.796+0900] {processor.py:208} INFO - Processing /home/airflow/.local/lib/python3.12/site-packages/airflow/example_dags/example_trigger_controller_dag.py took 0.058 seconds
[2026-04-10T09:15:19.934+0900] {processor.py:186} INFO - Started process (PID=147332) to work on /home/airflow/.local/lib/python3.12/site-packages/airflow/example_dags/example_trigger_controller_dag.py
[2026-04-10T09:15:19.936+0900] {processor.py:914} INFO - Processing file /home/airflow/.local/lib/python3.12/site-packages/airflow/example_dags/example_trigger_controller_dag.py for tasks to queue
[2026-04-10T09:15:19.938+0900] {logging_mixin.py:190} INFO - [2026-04-10T09:15:19.937+0900] {dagbag.py:587} INFO - Filling up the DagBag from /home/airflow/.local/lib/python3.12/site-packages/airflow/example_dags/example_trigger_controller_dag.py
[2026-04-10T09:15:19.943+0900] {processor.py:925} INFO - DAG(s) 'example_trigger_controller_dag' retrieved from /home/airflow/.local/lib/python3.12/site-packages/airflow/example_dags/example_trigger_controller_dag.py
[2026-04-10T09:15:19.960+0900] {logging_mixin.py:190} INFO - [2026-04-10T09:15:19.960+0900] {dag.py:3211} INFO - Sync 1 DAGs
[2026-04-10T09:15:19.976+0900] {logging_mixin.py:190} INFO - [2026-04-10T09:15:19.975+0900] {dag.py:4138} INFO - Setting next_dagrun for example_trigger_controller_dag to 2021-01-01 00:00:00+00:00, run_after=2021-01-01 00:00:00+00:00
[2026-04-10T09:15:19.989+0900] {processor.py:208} INFO - Processing /home/airflow/.local/lib/python3.12/site-packages/airflow/example_dags/example_trigger_controller_dag.py took 0.059 seconds
[2026-04-10T09:15:50.879+0900] {processor.py:186} INFO - Started process (PID=147395) to work on /home/airflow/.local/lib/python3.12/site-packages/airflow/example_dags/example_trigger_controller_dag.py
[2026-04-10T09:15:50.880+0900] {processor.py:914} INFO - Processing file /home/airflow/.local/lib/python3.12/site-packages/airflow/example_dags/example_trigger_controller_dag.py for tasks to queue
[2026-04-10T09:15:50.882+0900] {logging_mixin.py:190} INFO - [2026-04-10T09:15:50.882+0900] {dagbag.py:587} INFO - Filling up the DagBag from /home/airflow/.local/lib/python3.12/site-packages/airflow/example_dags/example_trigger_controller_dag.py
[2026-04-10T09:15:50.888+0900] {processor.py:925} INFO - DAG(s) 'example_trigger_controller_dag' retrieved from /home/airflow/.local/lib/python3.12/site-packages/airflow/example_dags/example_trigger_controller_dag.py
[2026-04-10T09:15:50.903+0900] {logging_mixin.py:190} INFO - [2026-04-10T09:15:50.903+0900] {dag.py:3211} INFO - Sync 1 DAGs
[2026-04-10T09:15:50.919+0900] {logging_mixin.py:190} INFO - [2026-04-10T09:15:50.919+0900] {dag.py:4138} INFO - Setting next_dagrun for example_trigger_controller_dag to 2021-01-01 00:00:00+00:00, run_after=2021-01-01 00:00:00+00:00
[2026-04-10T09:15:50.933+0900] {processor.py:208} INFO - Processing /home/airflow/.local/lib/python3.12/site-packages/airflow/example_dags/example_trigger_controller_dag.py took 0.059 seconds
[2026-04-10T09:16:21.664+0900] {processor.py:186} INFO - Started process (PID=147458) to work on /home/airflow/.local/lib/python3.12/site-packages/airflow/example_dags/example_trigger_controller_dag.py
[2026-04-10T09:16:21.665+0900] {processor.py:914} INFO - Processing file /home/airflow/.local/lib/python3.12/site-packages/airflow/example_dags/example_trigger_controller_dag.py for tasks to queue
[2026-04-10T09:16:21.668+0900] {logging_mixin.py:190} INFO - [2026-04-10T09:16:21.668+0900] {dagbag.py:587} INFO - Filling up the DagBag from /home/airflow/.local/lib/python3.12/site-packages/airflow/example_dags/example_trigger_controller_dag.py
[2026-04-10T09:16:21.674+0900] {processor.py:925} INFO - DAG(s) 'example_trigger_controller_dag' retrieved from /home/airflow/.local/lib/python3.12/site-packages/airflow/example_dags/example_trigger_controller_dag.py
[2026-04-10T09:16:21.696+0900] {logging_mixin.py:190} INFO - [2026-04-10T09:16:21.695+0900] {dag.py:3211} INFO - Sync 1 DAGs
[2026-04-10T09:16:21.717+0900] {logging_mixin.py:190} INFO - [2026-04-10T09:16:21.717+0900] {dag.py:4138} INFO - Setting next_dagrun for example_trigger_controller_dag to 2021-01-01 00:00:00+00:00, run_after=2021-01-01 00:00:00+00:00
[2026-04-10T09:16:21.737+0900] {processor.py:208} INFO - Processing /home/airflow/.local/lib/python3.12/site-packages/airflow/example_dags/example_trigger_controller_dag.py took 0.078 seconds
[2026-04-10T09:16:52.238+0900] {processor.py:186} INFO - Started process (PID=147521) to work on /home/airflow/.local/lib/python3.12/site-packages/airflow/example_dags/example_trigger_controller_dag.py
[2026-04-10T09:16:52.239+0900] {processor.py:914} INFO - Processing file /home/airflow/.local/lib/python3.12/site-packages/airflow/example_dags/example_trigger_controller_dag.py for tasks to queue
[2026-04-10T09:16:52.241+0900] {logging_mixin.py:190} INFO - [2026-04-10T09:16:52.240+0900] {dagbag.py:587} INFO - Filling up the DagBag from /home/airflow/.local/lib/python3.12/site-packages/airflow/example_dags/example_trigger_controller_dag.py
[2026-04-10T09:16:52.249+0900] {processor.py:925} INFO - DAG(s) 'example_trigger_controller_dag' retrieved from /home/airflow/.local/lib/python3.12/site-packages/airflow/example_dags/example_trigger_controller_dag.py
[2026-04-10T09:16:52.265+0900] {logging_mixin.py:190} INFO - [2026-04-10T09:16:52.265+0900] {dag.py:3211} INFO - Sync 1 DAGs
[2026-04-10T09:16:52.282+0900] {logging_mixin.py:190} INFO - [2026-04-10T09:16:52.282+0900] {dag.py:4138} INFO - Setting next_dagrun for example_trigger_controller_dag to 2021-01-01 00:00:00+00:00, run_after=2021-01-01 00:00:00+00:00
[2026-04-10T09:16:52.295+0900] {processor.py:208} INFO - Processing /home/airflow/.local/lib/python3.12/site-packages/airflow/example_dags/example_trigger_controller_dag.py took 0.062 seconds
[2026-04-10T09:17:22.956+0900] {processor.py:186} INFO - Started process (PID=147584) to work on /home/airflow/.local/lib/python3.12/site-packages/airflow/example_dags/example_trigger_controller_dag.py
[2026-04-10T09:17:22.956+0900] {processor.py:914} INFO - Processing file /home/airflow/.local/lib/python3.12/site-packages/airflow/example_dags/example_trigger_controller_dag.py for tasks to queue
[2026-04-10T09:17:22.959+0900] {logging_mixin.py:190} INFO - [2026-04-10T09:17:22.958+0900] {dagbag.py:587} INFO - Filling up the DagBag from /home/airflow/.local/lib/python3.12/site-packages/airflow/example_dags/example_trigger_controller_dag.py
[2026-04-10T09:17:22.964+0900] {processor.py:925} INFO - DAG(s) 'example_trigger_controller_dag' retrieved from /home/airflow/.local/lib/python3.12/site-packages/airflow/example_dags/example_trigger_controller_dag.py
[2026-04-10T09:17:22.982+0900] {logging_mixin.py:190} INFO - [2026-04-10T09:17:22.982+0900] {dag.py:3211} INFO - Sync 1 DAGs
[2026-04-10T09:17:23.000+0900] {logging_mixin.py:190} INFO - [2026-04-10T09:17:23.000+0900] {dag.py:4138} INFO - Setting next_dagrun for example_trigger_controller_dag to 2021-01-01 00:00:00+00:00, run_after=2021-01-01 00:00:00+00:00
[2026-04-10T09:17:23.014+0900] {processor.py:208} INFO - Processing /home/airflow/.local/lib/python3.12/site-packages/airflow/example_dags/example_trigger_controller_dag.py took 0.063 seconds
[2026-04-10T09:17:53.698+0900] {processor.py:186} INFO - Started process (PID=147647) to work on /home/airflow/.local/lib/python3.12/site-packages/airflow/example_dags/example_trigger_controller_dag.py
[2026-04-10T09:17:53.699+0900] {processor.py:914} INFO - Processing file /home/airflow/.local/lib/python3.12/site-packages/airflow/example_dags/example_trigger_controller_dag.py for tasks to queue
[2026-04-10T09:17:53.701+0900] {logging_mixin.py:190} INFO - [2026-04-10T09:17:53.701+0900] {dagbag.py:587} INFO - Filling up the DagBag from /home/airflow/.local/lib/python3.12/site-packages/airflow/example_dags/example_trigger_controller_dag.py
[2026-04-10T09:17:53.708+0900] {processor.py:925} INFO - DAG(s) 'example_trigger_controller_dag' retrieved from /home/airflow/.local/lib/python3.12/site-packages/airflow/example_dags/example_trigger_controller_dag.py
[2026-04-10T09:17:53.723+0900] {logging_mixin.py:190} INFO - [2026-04-10T09:17:53.723+0900] {dag.py:3211} INFO - Sync 1 DAGs
[2026-04-10T09:17:53.741+0900] {logging_mixin.py:190} INFO - [2026-04-10T09:17:53.741+0900] {dag.py:4138} INFO - Setting next_dagrun for example_trigger_controller_dag to 2021-01-01 00:00:00+00:00, run_after=2021-01-01 00:00:00+00:00
[2026-04-10T09:17:53.756+0900] {processor.py:208} INFO - Processing /home/airflow/.local/lib/python3.12/site-packages/airflow/example_dags/example_trigger_controller_dag.py took 0.063 seconds
[2026-04-10T09:18:24.653+0900] {processor.py:186} INFO - Started process (PID=147710) to work on /home/airflow/.local/lib/python3.12/site-packages/airflow/example_dags/example_trigger_controller_dag.py
[2026-04-10T09:18:24.654+0900] {processor.py:914} INFO - Processing file /home/airflow/.local/lib/python3.12/site-packages/airflow/example_dags/example_trigger_controller_dag.py for tasks to queue
[2026-04-10T09:18:24.656+0900] {logging_mixin.py:190} INFO - [2026-04-10T09:18:24.656+0900] {dagbag.py:587} INFO - Filling up the DagBag from /home/airflow/.local/lib/python3.12/site-packages/airflow/example_dags/example_trigger_controller_dag.py
[2026-04-10T09:18:24.662+0900] {processor.py:925} INFO - DAG(s) 'example_trigger_controller_dag' retrieved from /home/airflow/.local/lib/python3.12/site-packages/airflow/example_dags/example_trigger_controller_dag.py
[2026-04-10T09:18:24.676+0900] {logging_mixin.py:190} INFO - [2026-04-10T09:18:24.676+0900] {dag.py:3211} INFO - Sync 1 DAGs
[2026-04-10T09:18:24.691+0900] {logging_mixin.py:190} INFO - [2026-04-10T09:18:24.691+0900] {dag.py:4138} INFO - Setting next_dagrun for example_trigger_controller_dag to 2021-01-01 00:00:00+00:00, run_after=2021-01-01 00:00:00+00:00
[2026-04-10T09:18:24.704+0900] {processor.py:208} INFO - Processing /home/airflow/.local/lib/python3.12/site-packages/airflow/example_dags/example_trigger_controller_dag.py took 0.055 seconds
[2026-04-10T09:18:55.343+0900] {processor.py:186} INFO - Started process (PID=147773) to work on /home/airflow/.local/lib/python3.12/site-packages/airflow/example_dags/example_trigger_controller_dag.py
[2026-04-10T09:18:55.344+0900] {processor.py:914} INFO - Processing file /home/airflow/.local/lib/python3.12/site-packages/airflow/example_dags/example_trigger_controller_dag.py for tasks to queue
[2026-04-10T09:18:55.346+0900] {logging_mixin.py:190} INFO - [2026-04-10T09:18:55.345+0900] {dagbag.py:587} INFO - Filling up the DagBag from /home/airflow/.local/lib/python3.12/site-packages/airflow/example_dags/example_trigger_controller_dag.py
[2026-04-10T09:18:55.351+0900] {processor.py:925} INFO - DAG(s) 'example_trigger_controller_dag' retrieved from /home/airflow/.local/lib/python3.12/site-packages/airflow/example_dags/example_trigger_controller_dag.py
[2026-04-10T09:18:55.365+0900] {logging_mixin.py:190} INFO - [2026-04-10T09:18:55.365+0900] {dag.py:3211} INFO - Sync 1 DAGs
[2026-04-10T09:18:55.381+0900] {logging_mixin.py:190} INFO - [2026-04-10T09:18:55.381+0900] {dag.py:4138} INFO - Setting next_dagrun for example_trigger_controller_dag to 2021-01-01 00:00:00+00:00, run_after=2021-01-01 00:00:00+00:00
[2026-04-10T09:18:55.393+0900] {processor.py:208} INFO - Processing /home/airflow/.local/lib/python3.12/site-packages/airflow/example_dags/example_trigger_controller_dag.py took 0.055 seconds
[2026-04-10T09:19:25.423+0900] {processor.py:186} INFO - Started process (PID=147836) to work on /home/airflow/.local/lib/python3.12/site-packages/airflow/example_dags/example_trigger_controller_dag.py
[2026-04-10T09:19:25.424+0900] {processor.py:914} INFO - Processing file /home/airflow/.local/lib/python3.12/site-packages/airflow/example_dags/example_trigger_controller_dag.py for tasks to queue
[2026-04-10T09:19:25.426+0900] {logging_mixin.py:190} INFO - [2026-04-10T09:19:25.426+0900] {dagbag.py:587} INFO - Filling up the DagBag from /home/airflow/.local/lib/python3.12/site-packages/airflow/example_dags/example_trigger_controller_dag.py
[2026-04-10T09:19:25.432+0900] {processor.py:925} INFO - DAG(s) 'example_trigger_controller_dag' retrieved from /home/airflow/.local/lib/python3.12/site-packages/airflow/example_dags/example_trigger_controller_dag.py
[2026-04-10T09:19:25.449+0900] {logging_mixin.py:190} INFO - [2026-04-10T09:19:25.449+0900] {dag.py:3211} INFO - Sync 1 DAGs
[2026-04-10T09:19:25.466+0900] {logging_mixin.py:190} INFO - [2026-04-10T09:19:25.466+0900] {dag.py:4138} INFO - Setting next_dagrun for example_trigger_controller_dag to 2021-01-01 00:00:00+00:00, run_after=2021-01-01 00:00:00+00:00
[2026-04-10T09:19:25.480+0900] {processor.py:208} INFO - Processing /home/airflow/.local/lib/python3.12/site-packages/airflow/example_dags/example_trigger_controller_dag.py took 0.062 seconds
[2026-04-10T09:19:55.599+0900] {processor.py:186} INFO - Started process (PID=147899) to work on /home/airflow/.local/lib/python3.12/site-packages/airflow/example_dags/example_trigger_controller_dag.py
[2026-04-10T09:19:55.600+0900] {processor.py:914} INFO - Processing file /home/airflow/.local/lib/python3.12/site-packages/airflow/example_dags/example_trigger_controller_dag.py for tasks to queue
[2026-04-10T09:19:55.602+0900] {logging_mixin.py:190} INFO - [2026-04-10T09:19:55.602+0900] {dagbag.py:587} INFO - Filling up the DagBag from /home/airflow/.local/lib/python3.12/site-packages/airflow/example_dags/example_trigger_controller_dag.py
[2026-04-10T09:19:55.608+0900] {processor.py:925} INFO - DAG(s) 'example_trigger_controller_dag' retrieved from /home/airflow/.local/lib/python3.12/site-packages/airflow/example_dags/example_trigger_controller_dag.py
[2026-04-10T09:19:55.623+0900] {logging_mixin.py:190} INFO - [2026-04-10T09:19:55.622+0900] {dag.py:3211} INFO - Sync 1 DAGs
[2026-04-10T09:19:55.638+0900] {logging_mixin.py:190} INFO - [2026-04-10T09:19:55.638+0900] {dag.py:4138} INFO - Setting next_dagrun for example_trigger_controller_dag to 2021-01-01 00:00:00+00:00, run_after=2021-01-01 00:00:00+00:00
[2026-04-10T09:19:55.651+0900] {processor.py:208} INFO - Processing /home/airflow/.local/lib/python3.12/site-packages/airflow/example_dags/example_trigger_controller_dag.py took 0.057 seconds
[2026-04-10T09:20:26.169+0900] {processor.py:186} INFO - Started process (PID=147962) to work on /home/airflow/.local/lib/python3.12/site-packages/airflow/example_dags/example_trigger_controller_dag.py
[2026-04-10T09:20:26.170+0900] {processor.py:914} INFO - Processing file /home/airflow/.local/lib/python3.12/site-packages/airflow/example_dags/example_trigger_controller_dag.py for tasks to queue
[2026-04-10T09:20:26.172+0900] {logging_mixin.py:190} INFO - [2026-04-10T09:20:26.172+0900] {dagbag.py:587} INFO - Filling up the DagBag from /home/airflow/.local/lib/python3.12/site-packages/airflow/example_dags/example_trigger_controller_dag.py
[2026-04-10T09:20:26.178+0900] {processor.py:925} INFO - DAG(s) 'example_trigger_controller_dag' retrieved from /home/airflow/.local/lib/python3.12/site-packages/airflow/example_dags/example_trigger_controller_dag.py
[2026-04-10T09:20:26.192+0900] {logging_mixin.py:190} INFO - [2026-04-10T09:20:26.192+0900] {dag.py:3211} INFO - Sync 1 DAGs
[2026-04-10T09:20:26.207+0900] {logging_mixin.py:190} INFO - [2026-04-10T09:20:26.207+0900] {dag.py:4138} INFO - Setting next_dagrun for example_trigger_controller_dag to 2021-01-01 00:00:00+00:00, run_after=2021-01-01 00:00:00+00:00
[2026-04-10T09:20:26.221+0900] {processor.py:208} INFO - Processing /home/airflow/.local/lib/python3.12/site-packages/airflow/example_dags/example_trigger_controller_dag.py took 0.056 seconds
[2026-04-10T09:20:56.864+0900] {processor.py:186} INFO - Started process (PID=148025) to work on /home/airflow/.local/lib/python3.12/site-packages/airflow/example_dags/example_trigger_controller_dag.py
[2026-04-10T09:20:56.865+0900] {processor.py:914} INFO - Processing file /home/airflow/.local/lib/python3.12/site-packages/airflow/example_dags/example_trigger_controller_dag.py for tasks to queue
[2026-04-10T09:20:56.867+0900] {logging_mixin.py:190} INFO - [2026-04-10T09:20:56.867+0900] {dagbag.py:587} INFO - Filling up the DagBag from /home/airflow/.local/lib/python3.12/site-packages/airflow/example_dags/example_trigger_controller_dag.py
[2026-04-10T09:20:56.872+0900] {processor.py:925} INFO - DAG(s) 'example_trigger_controller_dag' retrieved from /home/airflow/.local/lib/python3.12/site-packages/airflow/example_dags/example_trigger_controller_dag.py
[2026-04-10T09:20:56.887+0900] {logging_mixin.py:190} INFO - [2026-04-10T09:20:56.887+0900] {dag.py:3211} INFO - Sync 1 DAGs
[2026-04-10T09:20:56.902+0900] {logging_mixin.py:190} INFO - [2026-04-10T09:20:56.902+0900] {dag.py:4138} INFO - Setting next_dagrun for example_trigger_controller_dag to 2021-01-01 00:00:00+00:00, run_after=2021-01-01 00:00:00+00:00
[2026-04-10T09:20:56.915+0900] {processor.py:208} INFO - Processing /home/airflow/.local/lib/python3.12/site-packages/airflow/example_dags/example_trigger_controller_dag.py took 0.057 seconds
[2026-04-10T09:21:27.875+0900] {processor.py:186} INFO - Started process (PID=148088) to work on /home/airflow/.local/lib/python3.12/site-packages/airflow/example_dags/example_trigger_controller_dag.py
[2026-04-10T09:21:27.877+0900] {processor.py:914} INFO - Processing file /home/airflow/.local/lib/python3.12/site-packages/airflow/example_dags/example_trigger_controller_dag.py for tasks to queue
[2026-04-10T09:21:27.879+0900] {logging_mixin.py:190} INFO - [2026-04-10T09:21:27.879+0900] {dagbag.py:587} INFO - Filling up the DagBag from /home/airflow/.local/lib/python3.12/site-packages/airflow/example_dags/example_trigger_controller_dag.py
[2026-04-10T09:21:27.884+0900] {processor.py:925} INFO - DAG(s) 'example_trigger_controller_dag' retrieved from /home/airflow/.local/lib/python3.12/site-packages/airflow/example_dags/example_trigger_controller_dag.py
[2026-04-10T09:21:27.900+0900] {logging_mixin.py:190} INFO - [2026-04-10T09:21:27.900+0900] {dag.py:3211} INFO - Sync 1 DAGs
[2026-04-10T09:21:27.916+0900] {logging_mixin.py:190} INFO - [2026-04-10T09:21:27.916+0900] {dag.py:4138} INFO - Setting next_dagrun for example_trigger_controller_dag to 2021-01-01 00:00:00+00:00, run_after=2021-01-01 00:00:00+00:00
[2026-04-10T09:21:27.931+0900] {processor.py:208} INFO - Processing /home/airflow/.local/lib/python3.12/site-packages/airflow/example_dags/example_trigger_controller_dag.py took 0.061 seconds
[2026-04-10T09:21:58.586+0900] {processor.py:186} INFO - Started process (PID=148151) to work on /home/airflow/.local/lib/python3.12/site-packages/airflow/example_dags/example_trigger_controller_dag.py
[2026-04-10T09:21:58.588+0900] {processor.py:914} INFO - Processing file /home/airflow/.local/lib/python3.12/site-packages/airflow/example_dags/example_trigger_controller_dag.py for tasks to queue
[2026-04-10T09:21:58.590+0900] {logging_mixin.py:190} INFO - [2026-04-10T09:21:58.590+0900] {dagbag.py:587} INFO - Filling up the DagBag from /home/airflow/.local/lib/python3.12/site-packages/airflow/example_dags/example_trigger_controller_dag.py
[2026-04-10T09:21:58.596+0900] {processor.py:925} INFO - DAG(s) 'example_trigger_controller_dag' retrieved from /home/airflow/.local/lib/python3.12/site-packages/airflow/example_dags/example_trigger_controller_dag.py
[2026-04-10T09:21:58.612+0900] {logging_mixin.py:190} INFO - [2026-04-10T09:21:58.612+0900] {dag.py:3211} INFO - Sync 1 DAGs
[2026-04-10T09:21:58.626+0900] {logging_mixin.py:190} INFO - [2026-04-10T09:21:58.626+0900] {dag.py:4138} INFO - Setting next_dagrun for example_trigger_controller_dag to 2021-01-01 00:00:00+00:00, run_after=2021-01-01 00:00:00+00:00
[2026-04-10T09:21:58.640+0900] {processor.py:208} INFO - Processing /home/airflow/.local/lib/python3.12/site-packages/airflow/example_dags/example_trigger_controller_dag.py took 0.058 seconds
[2026-04-10T09:22:29.283+0900] {processor.py:186} INFO - Started process (PID=148214) to work on /home/airflow/.local/lib/python3.12/site-packages/airflow/example_dags/example_trigger_controller_dag.py
[2026-04-10T09:22:29.285+0900] {processor.py:914} INFO - Processing file /home/airflow/.local/lib/python3.12/site-packages/airflow/example_dags/example_trigger_controller_dag.py for tasks to queue
[2026-04-10T09:22:29.287+0900] {logging_mixin.py:190} INFO - [2026-04-10T09:22:29.287+0900] {dagbag.py:587} INFO - Filling up the DagBag from /home/airflow/.local/lib/python3.12/site-packages/airflow/example_dags/example_trigger_controller_dag.py
[2026-04-10T09:22:29.293+0900] {processor.py:925} INFO - DAG(s) 'example_trigger_controller_dag' retrieved from /home/airflow/.local/lib/python3.12/site-packages/airflow/example_dags/example_trigger_controller_dag.py
[2026-04-10T09:22:29.309+0900] {logging_mixin.py:190} INFO - [2026-04-10T09:22:29.309+0900] {dag.py:3211} INFO - Sync 1 DAGs
[2026-04-10T09:22:29.328+0900] {logging_mixin.py:190} INFO - [2026-04-10T09:22:29.328+0900] {dag.py:4138} INFO - Setting next_dagrun for example_trigger_controller_dag to 2021-01-01 00:00:00+00:00, run_after=2021-01-01 00:00:00+00:00
[2026-04-10T09:22:29.343+0900] {processor.py:208} INFO - Processing /home/airflow/.local/lib/python3.12/site-packages/airflow/example_dags/example_trigger_controller_dag.py took 0.064 seconds
[2026-04-10T09:23:00.062+0900] {processor.py:186} INFO - Started process (PID=148277) to work on /home/airflow/.local/lib/python3.12/site-packages/airflow/example_dags/example_trigger_controller_dag.py
[2026-04-10T09:23:00.063+0900] {processor.py:914} INFO - Processing file /home/airflow/.local/lib/python3.12/site-packages/airflow/example_dags/example_trigger_controller_dag.py for tasks to queue
[2026-04-10T09:23:00.066+0900] {logging_mixin.py:190} INFO - [2026-04-10T09:23:00.065+0900] {dagbag.py:587} INFO - Filling up the DagBag from /home/airflow/.local/lib/python3.12/site-packages/airflow/example_dags/example_trigger_controller_dag.py
[2026-04-10T09:23:00.071+0900] {processor.py:925} INFO - DAG(s) 'example_trigger_controller_dag' retrieved from /home/airflow/.local/lib/python3.12/site-packages/airflow/example_dags/example_trigger_controller_dag.py
[2026-04-10T09:23:00.087+0900] {logging_mixin.py:190} INFO - [2026-04-10T09:23:00.087+0900] {dag.py:3211} INFO - Sync 1 DAGs
[2026-04-10T09:23:00.104+0900] {logging_mixin.py:190} INFO - [2026-04-10T09:23:00.104+0900] {dag.py:4138} INFO - Setting next_dagrun for example_trigger_controller_dag to 2021-01-01 00:00:00+00:00, run_after=2021-01-01 00:00:00+00:00
[2026-04-10T09:23:00.120+0900] {processor.py:208} INFO - Processing /home/airflow/.local/lib/python3.12/site-packages/airflow/example_dags/example_trigger_controller_dag.py took 0.063 seconds
[2026-04-10T09:23:30.797+0900] {processor.py:186} INFO - Started process (PID=148340) to work on /home/airflow/.local/lib/python3.12/site-packages/airflow/example_dags/example_trigger_controller_dag.py
[2026-04-10T09:23:30.798+0900] {processor.py:914} INFO - Processing file /home/airflow/.local/lib/python3.12/site-packages/airflow/example_dags/example_trigger_controller_dag.py for tasks to queue
[2026-04-10T09:23:30.800+0900] {logging_mixin.py:190} INFO - [2026-04-10T09:23:30.800+0900] {dagbag.py:587} INFO - Filling up the DagBag from /home/airflow/.local/lib/python3.12/site-packages/airflow/example_dags/example_trigger_controller_dag.py
[2026-04-10T09:23:30.806+0900] {processor.py:925} INFO - DAG(s) 'example_trigger_controller_dag' retrieved from /home/airflow/.local/lib/python3.12/site-packages/airflow/example_dags/example_trigger_controller_dag.py
[2026-04-10T09:23:30.823+0900] {logging_mixin.py:190} INFO - [2026-04-10T09:23:30.822+0900] {dag.py:3211} INFO - Sync 1 DAGs
[2026-04-10T09:23:30.838+0900] {logging_mixin.py:190} INFO - [2026-04-10T09:23:30.837+0900] {dag.py:4138} INFO - Setting next_dagrun for example_trigger_controller_dag to 2021-01-01 00:00:00+00:00, run_after=2021-01-01 00:00:00+00:00
[2026-04-10T09:23:30.851+0900] {processor.py:208} INFO - Processing /home/airflow/.local/lib/python3.12/site-packages/airflow/example_dags/example_trigger_controller_dag.py took 0.059 seconds
[2026-04-10T09:24:01.556+0900] {processor.py:186} INFO - Started process (PID=148403) to work on /home/airflow/.local/lib/python3.12/site-packages/airflow/example_dags/example_trigger_controller_dag.py
[2026-04-10T09:24:01.557+0900] {processor.py:914} INFO - Processing file /home/airflow/.local/lib/python3.12/site-packages/airflow/example_dags/example_trigger_controller_dag.py for tasks to queue
[2026-04-10T09:24:01.559+0900] {logging_mixin.py:190} INFO - [2026-04-10T09:24:01.559+0900] {dagbag.py:587} INFO - Filling up the DagBag from /home/airflow/.local/lib/python3.12/site-packages/airflow/example_dags/example_trigger_controller_dag.py
[2026-04-10T09:24:01.565+0900] {processor.py:925} INFO - DAG(s) 'example_trigger_controller_dag' retrieved from /home/airflow/.local/lib/python3.12/site-packages/airflow/example_dags/example_trigger_controller_dag.py
[2026-04-10T09:24:01.580+0900] {logging_mixin.py:190} INFO - [2026-04-10T09:24:01.579+0900] {dag.py:3211} INFO - Sync 1 DAGs
[2026-04-10T09:24:01.596+0900] {logging_mixin.py:190} INFO - [2026-04-10T09:24:01.596+0900] {dag.py:4138} INFO - Setting next_dagrun for example_trigger_controller_dag to 2021-01-01 00:00:00+00:00, run_after=2021-01-01 00:00:00+00:00
[2026-04-10T09:24:01.609+0900] {processor.py:208} INFO - Processing /home/airflow/.local/lib/python3.12/site-packages/airflow/example_dags/example_trigger_controller_dag.py took 0.058 seconds
[2026-04-10T09:24:31.678+0900] {processor.py:186} INFO - Started process (PID=148466) to work on /home/airflow/.local/lib/python3.12/site-packages/airflow/example_dags/example_trigger_controller_dag.py
[2026-04-10T09:24:31.679+0900] {processor.py:914} INFO - Processing file /home/airflow/.local/lib/python3.12/site-packages/airflow/example_dags/example_trigger_controller_dag.py for tasks to queue
[2026-04-10T09:24:31.681+0900] {logging_mixin.py:190} INFO - [2026-04-10T09:24:31.681+0900] {dagbag.py:587} INFO - Filling up the DagBag from /home/airflow/.local/lib/python3.12/site-packages/airflow/example_dags/example_trigger_controller_dag.py
[2026-04-10T09:24:31.687+0900] {processor.py:925} INFO - DAG(s) 'example_trigger_controller_dag' retrieved from /home/airflow/.local/lib/python3.12/site-packages/airflow/example_dags/example_trigger_controller_dag.py
[2026-04-10T09:24:31.703+0900] {logging_mixin.py:190} INFO - [2026-04-10T09:24:31.703+0900] {dag.py:3211} INFO - Sync 1 DAGs
[2026-04-10T09:24:31.719+0900] {logging_mixin.py:190} INFO - [2026-04-10T09:24:31.719+0900] {dag.py:4138} INFO - Setting next_dagrun for example_trigger_controller_dag to 2021-01-01 00:00:00+00:00, run_after=2021-01-01 00:00:00+00:00
[2026-04-10T09:24:31.732+0900] {processor.py:208} INFO - Processing /home/airflow/.local/lib/python3.12/site-packages/airflow/example_dags/example_trigger_controller_dag.py took 0.059 seconds
[2026-04-10T09:25:01.949+0900] {processor.py:186} INFO - Started process (PID=148529) to work on /home/airflow/.local/lib/python3.12/site-packages/airflow/example_dags/example_trigger_controller_dag.py
[2026-04-10T09:25:01.950+0900] {processor.py:914} INFO - Processing file /home/airflow/.local/lib/python3.12/site-packages/airflow/example_dags/example_trigger_controller_dag.py for tasks to queue
[2026-04-10T09:25:01.953+0900] {logging_mixin.py:190} INFO - [2026-04-10T09:25:01.953+0900] {dagbag.py:587} INFO - Filling up the DagBag from /home/airflow/.local/lib/python3.12/site-packages/airflow/example_dags/example_trigger_controller_dag.py
[2026-04-10T09:25:01.959+0900] {processor.py:925} INFO - DAG(s) 'example_trigger_controller_dag' retrieved from /home/airflow/.local/lib/python3.12/site-packages/airflow/example_dags/example_trigger_controller_dag.py
[2026-04-10T09:25:01.976+0900] {logging_mixin.py:190} INFO - [2026-04-10T09:25:01.976+0900] {dag.py:3211} INFO - Sync 1 DAGs
[2026-04-10T09:25:01.995+0900] {logging_mixin.py:190} INFO - [2026-04-10T09:25:01.995+0900] {dag.py:4138} INFO - Setting next_dagrun for example_trigger_controller_dag to 2021-01-01 00:00:00+00:00, run_after=2021-01-01 00:00:00+00:00
[2026-04-10T09:25:02.010+0900] {processor.py:208} INFO - Processing /home/airflow/.local/lib/python3.12/site-packages/airflow/example_dags/example_trigger_controller_dag.py took 0.066 seconds
[2026-04-10T09:25:32.184+0900] {processor.py:186} INFO - Started process (PID=148592) to work on /home/airflow/.local/lib/python3.12/site-packages/airflow/example_dags/example_trigger_controller_dag.py
[2026-04-10T09:25:32.185+0900] {processor.py:914} INFO - Processing file /home/airflow/.local/lib/python3.12/site-packages/airflow/example_dags/example_trigger_controller_dag.py for tasks to queue
[2026-04-10T09:25:32.188+0900] {logging_mixin.py:190} INFO - [2026-04-10T09:25:32.187+0900] {dagbag.py:587} INFO - Filling up the DagBag from /home/airflow/.local/lib/python3.12/site-packages/airflow/example_dags/example_trigger_controller_dag.py
[2026-04-10T09:25:32.193+0900] {processor.py:925} INFO - DAG(s) 'example_trigger_controller_dag' retrieved from /home/airflow/.local/lib/python3.12/site-packages/airflow/example_dags/example_trigger_controller_dag.py
[2026-04-10T09:25:32.209+0900] {logging_mixin.py:190} INFO - [2026-04-10T09:25:32.209+0900] {dag.py:3211} INFO - Sync 1 DAGs
[2026-04-10T09:25:32.225+0900] {logging_mixin.py:190} INFO - [2026-04-10T09:25:32.225+0900] {dag.py:4138} INFO - Setting next_dagrun for example_trigger_controller_dag to 2021-01-01 00:00:00+00:00, run_after=2021-01-01 00:00:00+00:00
[2026-04-10T09:25:32.239+0900] {processor.py:208} INFO - Processing /home/airflow/.local/lib/python3.12/site-packages/airflow/example_dags/example_trigger_controller_dag.py took 0.060 seconds
[2026-04-10T09:26:02.361+0900] {processor.py:186} INFO - Started process (PID=148654) to work on /home/airflow/.local/lib/python3.12/site-packages/airflow/example_dags/example_trigger_controller_dag.py
[2026-04-10T09:26:02.362+0900] {processor.py:914} INFO - Processing file /home/airflow/.local/lib/python3.12/site-packages/airflow/example_dags/example_trigger_controller_dag.py for tasks to queue
[2026-04-10T09:26:02.365+0900] {logging_mixin.py:190} INFO - [2026-04-10T09:26:02.364+0900] {dagbag.py:587} INFO - Filling up the DagBag from /home/airflow/.local/lib/python3.12/site-packages/airflow/example_dags/example_trigger_controller_dag.py
[2026-04-10T09:26:02.370+0900] {processor.py:925} INFO - DAG(s) 'example_trigger_controller_dag' retrieved from /home/airflow/.local/lib/python3.12/site-packages/airflow/example_dags/example_trigger_controller_dag.py
[2026-04-10T09:26:02.386+0900] {logging_mixin.py:190} INFO - [2026-04-10T09:26:02.386+0900] {dag.py:3211} INFO - Sync 1 DAGs
[2026-04-10T09:26:02.403+0900] {logging_mixin.py:190} INFO - [2026-04-10T09:26:02.403+0900] {dag.py:4138} INFO - Setting next_dagrun for example_trigger_controller_dag to 2021-01-01 00:00:00+00:00, run_after=2021-01-01 00:00:00+00:00
[2026-04-10T09:26:02.417+0900] {processor.py:208} INFO - Processing /home/airflow/.local/lib/python3.12/site-packages/airflow/example_dags/example_trigger_controller_dag.py took 0.061 seconds
[2026-04-10T09:26:33.185+0900] {processor.py:186} INFO - Started process (PID=148718) to work on /home/airflow/.local/lib/python3.12/site-packages/airflow/example_dags/example_trigger_controller_dag.py
[2026-04-10T09:26:33.185+0900] {processor.py:914} INFO - Processing file /home/airflow/.local/lib/python3.12/site-packages/airflow/example_dags/example_trigger_controller_dag.py for tasks to queue
[2026-04-10T09:26:33.187+0900] {logging_mixin.py:190} INFO - [2026-04-10T09:26:33.187+0900] {dagbag.py:587} INFO - Filling up the DagBag from /home/airflow/.local/lib/python3.12/site-packages/airflow/example_dags/example_trigger_controller_dag.py
[2026-04-10T09:26:33.193+0900] {processor.py:925} INFO - DAG(s) 'example_trigger_controller_dag' retrieved from /home/airflow/.local/lib/python3.12/site-packages/airflow/example_dags/example_trigger_controller_dag.py
[2026-04-10T09:26:33.207+0900] {logging_mixin.py:190} INFO - [2026-04-10T09:26:33.207+0900] {dag.py:3211} INFO - Sync 1 DAGs
[2026-04-10T09:26:33.223+0900] {logging_mixin.py:190} INFO - [2026-04-10T09:26:33.223+0900] {dag.py:4138} INFO - Setting next_dagrun for example_trigger_controller_dag to 2021-01-01 00:00:00+00:00, run_after=2021-01-01 00:00:00+00:00
[2026-04-10T09:26:33.236+0900] {processor.py:208} INFO - Processing /home/airflow/.local/lib/python3.12/site-packages/airflow/example_dags/example_trigger_controller_dag.py took 0.056 seconds
[2026-04-10T09:27:04.093+0900] {processor.py:186} INFO - Started process (PID=148781) to work on /home/airflow/.local/lib/python3.12/site-packages/airflow/example_dags/example_trigger_controller_dag.py
[2026-04-10T09:27:04.094+0900] {processor.py:914} INFO - Processing file /home/airflow/.local/lib/python3.12/site-packages/airflow/example_dags/example_trigger_controller_dag.py for tasks to queue
[2026-04-10T09:27:04.096+0900] {logging_mixin.py:190} INFO - [2026-04-10T09:27:04.096+0900] {dagbag.py:587} INFO - Filling up the DagBag from /home/airflow/.local/lib/python3.12/site-packages/airflow/example_dags/example_trigger_controller_dag.py
[2026-04-10T09:27:04.102+0900] {processor.py:925} INFO - DAG(s) 'example_trigger_controller_dag' retrieved from /home/airflow/.local/lib/python3.12/site-packages/airflow/example_dags/example_trigger_controller_dag.py
[2026-04-10T09:27:04.118+0900] {logging_mixin.py:190} INFO - [2026-04-10T09:27:04.118+0900] {dag.py:3211} INFO - Sync 1 DAGs
[2026-04-10T09:27:04.135+0900] {logging_mixin.py:190} INFO - [2026-04-10T09:27:04.134+0900] {dag.py:4138} INFO - Setting next_dagrun for example_trigger_controller_dag to 2021-01-01 00:00:00+00:00, run_after=2021-01-01 00:00:00+00:00
[2026-04-10T09:27:04.148+0900] {processor.py:208} INFO - Processing /home/airflow/.local/lib/python3.12/site-packages/airflow/example_dags/example_trigger_controller_dag.py took 0.061 seconds
[2026-04-10T09:27:34.712+0900] {processor.py:186} INFO - Started process (PID=148850) to work on /home/airflow/.local/lib/python3.12/site-packages/airflow/example_dags/example_trigger_controller_dag.py
[2026-04-10T09:27:34.713+0900] {processor.py:914} INFO - Processing file /home/airflow/.local/lib/python3.12/site-packages/airflow/example_dags/example_trigger_controller_dag.py for tasks to queue
[2026-04-10T09:27:34.715+0900] {logging_mixin.py:190} INFO - [2026-04-10T09:27:34.714+0900] {dagbag.py:587} INFO - Filling up the DagBag from /home/airflow/.local/lib/python3.12/site-packages/airflow/example_dags/example_trigger_controller_dag.py
[2026-04-10T09:27:34.720+0900] {processor.py:925} INFO - DAG(s) 'example_trigger_controller_dag' retrieved from /home/airflow/.local/lib/python3.12/site-packages/airflow/example_dags/example_trigger_controller_dag.py
[2026-04-10T09:27:34.735+0900] {logging_mixin.py:190} INFO - [2026-04-10T09:27:34.735+0900] {dag.py:3211} INFO - Sync 1 DAGs
[2026-04-10T09:27:34.752+0900] {logging_mixin.py:190} INFO - [2026-04-10T09:27:34.751+0900] {dag.py:4138} INFO - Setting next_dagrun for example_trigger_controller_dag to 2021-01-01 00:00:00+00:00, run_after=2021-01-01 00:00:00+00:00
[2026-04-10T09:27:34.765+0900] {processor.py:208} INFO - Processing /home/airflow/.local/lib/python3.12/site-packages/airflow/example_dags/example_trigger_controller_dag.py took 0.059 seconds
[2026-04-10T09:28:05.212+0900] {processor.py:186} INFO - Started process (PID=148913) to work on /home/airflow/.local/lib/python3.12/site-packages/airflow/example_dags/example_trigger_controller_dag.py
[2026-04-10T09:28:05.214+0900] {processor.py:914} INFO - Processing file /home/airflow/.local/lib/python3.12/site-packages/airflow/example_dags/example_trigger_controller_dag.py for tasks to queue
[2026-04-10T09:28:05.215+0900] {logging_mixin.py:190} INFO - [2026-04-10T09:28:05.215+0900] {dagbag.py:587} INFO - Filling up the DagBag from /home/airflow/.local/lib/python3.12/site-packages/airflow/example_dags/example_trigger_controller_dag.py
[2026-04-10T09:28:05.221+0900] {processor.py:925} INFO - DAG(s) 'example_trigger_controller_dag' retrieved from /home/airflow/.local/lib/python3.12/site-packages/airflow/example_dags/example_trigger_controller_dag.py
[2026-04-10T09:28:05.235+0900] {logging_mixin.py:190} INFO - [2026-04-10T09:28:05.235+0900] {dag.py:3211} INFO - Sync 1 DAGs
[2026-04-10T09:28:05.249+0900] {logging_mixin.py:190} INFO - [2026-04-10T09:28:05.249+0900] {dag.py:4138} INFO - Setting next_dagrun for example_trigger_controller_dag to 2021-01-01 00:00:00+00:00, run_after=2021-01-01 00:00:00+00:00
[2026-04-10T09:28:05.262+0900] {processor.py:208} INFO - Processing /home/airflow/.local/lib/python3.12/site-packages/airflow/example_dags/example_trigger_controller_dag.py took 0.054 seconds
[2026-04-10T09:28:35.815+0900] {processor.py:186} INFO - Started process (PID=148977) to work on /home/airflow/.local/lib/python3.12/site-packages/airflow/example_dags/example_trigger_controller_dag.py
[2026-04-10T09:28:35.816+0900] {processor.py:914} INFO - Processing file /home/airflow/.local/lib/python3.12/site-packages/airflow/example_dags/example_trigger_controller_dag.py for tasks to queue
[2026-04-10T09:28:35.818+0900] {logging_mixin.py:190} INFO - [2026-04-10T09:28:35.818+0900] {dagbag.py:587} INFO - Filling up the DagBag from /home/airflow/.local/lib/python3.12/site-packages/airflow/example_dags/example_trigger_controller_dag.py
[2026-04-10T09:28:35.824+0900] {processor.py:925} INFO - DAG(s) 'example_trigger_controller_dag' retrieved from /home/airflow/.local/lib/python3.12/site-packages/airflow/example_dags/example_trigger_controller_dag.py
[2026-04-10T09:28:35.839+0900] {logging_mixin.py:190} INFO - [2026-04-10T09:28:35.839+0900] {dag.py:3211} INFO - Sync 1 DAGs
[2026-04-10T09:28:35.853+0900] {logging_mixin.py:190} INFO - [2026-04-10T09:28:35.853+0900] {dag.py:4138} INFO - Setting next_dagrun for example_trigger_controller_dag to 2021-01-01 00:00:00+00:00, run_after=2021-01-01 00:00:00+00:00
[2026-04-10T09:28:35.866+0900] {processor.py:208} INFO - Processing /home/airflow/.local/lib/python3.12/site-packages/airflow/example_dags/example_trigger_controller_dag.py took 0.056 seconds
[2026-04-10T09:29:06.550+0900] {processor.py:186} INFO - Started process (PID=149040) to work on /home/airflow/.local/lib/python3.12/site-packages/airflow/example_dags/example_trigger_controller_dag.py
[2026-04-10T09:29:06.551+0900] {processor.py:914} INFO - Processing file /home/airflow/.local/lib/python3.12/site-packages/airflow/example_dags/example_trigger_controller_dag.py for tasks to queue
[2026-04-10T09:29:06.554+0900] {logging_mixin.py:190} INFO - [2026-04-10T09:29:06.553+0900] {dagbag.py:587} INFO - Filling up the DagBag from /home/airflow/.local/lib/python3.12/site-packages/airflow/example_dags/example_trigger_controller_dag.py
[2026-04-10T09:29:06.559+0900] {processor.py:925} INFO - DAG(s) 'example_trigger_controller_dag' retrieved from /home/airflow/.local/lib/python3.12/site-packages/airflow/example_dags/example_trigger_controller_dag.py
[2026-04-10T09:29:06.575+0900] {logging_mixin.py:190} INFO - [2026-04-10T09:29:06.574+0900] {dag.py:3211} INFO - Sync 1 DAGs
[2026-04-10T09:29:06.590+0900] {logging_mixin.py:190} INFO - [2026-04-10T09:29:06.590+0900] {dag.py:4138} INFO - Setting next_dagrun for example_trigger_controller_dag to 2021-01-01 00:00:00+00:00, run_after=2021-01-01 00:00:00+00:00
[2026-04-10T09:29:06.605+0900] {processor.py:208} INFO - Processing /home/airflow/.local/lib/python3.12/site-packages/airflow/example_dags/example_trigger_controller_dag.py took 0.060 seconds
[2026-04-10T09:29:37.511+0900] {processor.py:186} INFO - Started process (PID=149103) to work on /home/airflow/.local/lib/python3.12/site-packages/airflow/example_dags/example_trigger_controller_dag.py
[2026-04-10T09:29:37.512+0900] {processor.py:914} INFO - Processing file /home/airflow/.local/lib/python3.12/site-packages/airflow/example_dags/example_trigger_controller_dag.py for tasks to queue
[2026-04-10T09:29:37.514+0900] {logging_mixin.py:190} INFO - [2026-04-10T09:29:37.514+0900] {dagbag.py:587} INFO - Filling up the DagBag from /home/airflow/.local/lib/python3.12/site-packages/airflow/example_dags/example_trigger_controller_dag.py
[2026-04-10T09:29:37.521+0900] {processor.py:925} INFO - DAG(s) 'example_trigger_controller_dag' retrieved from /home/airflow/.local/lib/python3.12/site-packages/airflow/example_dags/example_trigger_controller_dag.py
[2026-04-10T09:29:37.538+0900] {logging_mixin.py:190} INFO - [2026-04-10T09:29:37.538+0900] {dag.py:3211} INFO - Sync 1 DAGs
[2026-04-10T09:29:37.555+0900] {logging_mixin.py:190} INFO - [2026-04-10T09:29:37.554+0900] {dag.py:4138} INFO - Setting next_dagrun for example_trigger_controller_dag to 2021-01-01 00:00:00+00:00, run_after=2021-01-01 00:00:00+00:00
[2026-04-10T09:29:37.569+0900] {processor.py:208} INFO - Processing /home/airflow/.local/lib/python3.12/site-packages/airflow/example_dags/example_trigger_controller_dag.py took 0.064 seconds
[2026-04-10T09:30:08.206+0900] {processor.py:186} INFO - Started process (PID=149165) to work on /home/airflow/.local/lib/python3.12/site-packages/airflow/example_dags/example_trigger_controller_dag.py
[2026-04-10T09:30:08.207+0900] {processor.py:914} INFO - Processing file /home/airflow/.local/lib/python3.12/site-packages/airflow/example_dags/example_trigger_controller_dag.py for tasks to queue
[2026-04-10T09:30:08.209+0900] {logging_mixin.py:190} INFO - [2026-04-10T09:30:08.209+0900] {dagbag.py:587} INFO - Filling up the DagBag from /home/airflow/.local/lib/python3.12/site-packages/airflow/example_dags/example_trigger_controller_dag.py
[2026-04-10T09:30:08.214+0900] {processor.py:925} INFO - DAG(s) 'example_trigger_controller_dag' retrieved from /home/airflow/.local/lib/python3.12/site-packages/airflow/example_dags/example_trigger_controller_dag.py
[2026-04-10T09:30:08.229+0900] {logging_mixin.py:190} INFO - [2026-04-10T09:30:08.229+0900] {dag.py:3211} INFO - Sync 1 DAGs
[2026-04-10T09:30:08.245+0900] {logging_mixin.py:190} INFO - [2026-04-10T09:30:08.245+0900] {dag.py:4138} INFO - Setting next_dagrun for example_trigger_controller_dag to 2021-01-01 00:00:00+00:00, run_after=2021-01-01 00:00:00+00:00
[2026-04-10T09:30:08.259+0900] {processor.py:208} INFO - Processing /home/airflow/.local/lib/python3.12/site-packages/airflow/example_dags/example_trigger_controller_dag.py took 0.059 seconds
[2026-04-10T09:30:39.002+0900] {processor.py:186} INFO - Started process (PID=149228) to work on /home/airflow/.local/lib/python3.12/site-packages/airflow/example_dags/example_trigger_controller_dag.py
[2026-04-10T09:30:39.003+0900] {processor.py:914} INFO - Processing file /home/airflow/.local/lib/python3.12/site-packages/airflow/example_dags/example_trigger_controller_dag.py for tasks to queue
[2026-04-10T09:30:39.006+0900] {logging_mixin.py:190} INFO - [2026-04-10T09:30:39.005+0900] {dagbag.py:587} INFO - Filling up the DagBag from /home/airflow/.local/lib/python3.12/site-packages/airflow/example_dags/example_trigger_controller_dag.py
[2026-04-10T09:30:39.012+0900] {processor.py:925} INFO - DAG(s) 'example_trigger_controller_dag' retrieved from /home/airflow/.local/lib/python3.12/site-packages/airflow/example_dags/example_trigger_controller_dag.py
[2026-04-10T09:30:39.026+0900] {logging_mixin.py:190} INFO - [2026-04-10T09:30:39.026+0900] {dag.py:3211} INFO - Sync 1 DAGs
[2026-04-10T09:30:39.043+0900] {logging_mixin.py:190} INFO - [2026-04-10T09:30:39.043+0900] {dag.py:4138} INFO - Setting next_dagrun for example_trigger_controller_dag to 2021-01-01 00:00:00+00:00, run_after=2021-01-01 00:00:00+00:00
[2026-04-10T09:30:39.056+0900] {processor.py:208} INFO - Processing /home/airflow/.local/lib/python3.12/site-packages/airflow/example_dags/example_trigger_controller_dag.py took 0.059 seconds
[2026-04-10T09:31:09.677+0900] {processor.py:186} INFO - Started process (PID=149291) to work on /home/airflow/.local/lib/python3.12/site-packages/airflow/example_dags/example_trigger_controller_dag.py
[2026-04-10T09:31:09.678+0900] {processor.py:914} INFO - Processing file /home/airflow/.local/lib/python3.12/site-packages/airflow/example_dags/example_trigger_controller_dag.py for tasks to queue
[2026-04-10T09:31:09.680+0900] {logging_mixin.py:190} INFO - [2026-04-10T09:31:09.680+0900] {dagbag.py:587} INFO - Filling up the DagBag from /home/airflow/.local/lib/python3.12/site-packages/airflow/example_dags/example_trigger_controller_dag.py
[2026-04-10T09:31:09.685+0900] {processor.py:925} INFO - DAG(s) 'example_trigger_controller_dag' retrieved from /home/airflow/.local/lib/python3.12/site-packages/airflow/example_dags/example_trigger_controller_dag.py
[2026-04-10T09:31:09.699+0900] {logging_mixin.py:190} INFO - [2026-04-10T09:31:09.699+0900] {dag.py:3211} INFO - Sync 1 DAGs
[2026-04-10T09:31:09.714+0900] {logging_mixin.py:190} INFO - [2026-04-10T09:31:09.714+0900] {dag.py:4138} INFO - Setting next_dagrun for example_trigger_controller_dag to 2021-01-01 00:00:00+00:00, run_after=2021-01-01 00:00:00+00:00
[2026-04-10T09:31:09.727+0900] {processor.py:208} INFO - Processing /home/airflow/.local/lib/python3.12/site-packages/airflow/example_dags/example_trigger_controller_dag.py took 0.054 seconds
[2026-04-10T09:31:40.515+0900] {processor.py:186} INFO - Started process (PID=149354) to work on /home/airflow/.local/lib/python3.12/site-packages/airflow/example_dags/example_trigger_controller_dag.py
[2026-04-10T09:31:40.516+0900] {processor.py:914} INFO - Processing file /home/airflow/.local/lib/python3.12/site-packages/airflow/example_dags/example_trigger_controller_dag.py for tasks to queue
[2026-04-10T09:31:40.518+0900] {logging_mixin.py:190} INFO - [2026-04-10T09:31:40.518+0900] {dagbag.py:587} INFO - Filling up the DagBag from /home/airflow/.local/lib/python3.12/site-packages/airflow/example_dags/example_trigger_controller_dag.py
[2026-04-10T09:31:40.524+0900] {processor.py:925} INFO - DAG(s) 'example_trigger_controller_dag' retrieved from /home/airflow/.local/lib/python3.12/site-packages/airflow/example_dags/example_trigger_controller_dag.py
[2026-04-10T09:31:40.538+0900] {logging_mixin.py:190} INFO - [2026-04-10T09:31:40.538+0900] {dag.py:3211} INFO - Sync 1 DAGs
[2026-04-10T09:31:40.553+0900] {logging_mixin.py:190} INFO - [2026-04-10T09:31:40.553+0900] {dag.py:4138} INFO - Setting next_dagrun for example_trigger_controller_dag to 2021-01-01 00:00:00+00:00, run_after=2021-01-01 00:00:00+00:00
[2026-04-10T09:31:40.566+0900] {processor.py:208} INFO - Processing /home/airflow/.local/lib/python3.12/site-packages/airflow/example_dags/example_trigger_controller_dag.py took 0.055 seconds
[2026-04-10T09:32:11.285+0900] {processor.py:186} INFO - Started process (PID=149417) to work on /home/airflow/.local/lib/python3.12/site-packages/airflow/example_dags/example_trigger_controller_dag.py
[2026-04-10T09:32:11.286+0900] {processor.py:914} INFO - Processing file /home/airflow/.local/lib/python3.12/site-packages/airflow/example_dags/example_trigger_controller_dag.py for tasks to queue
[2026-04-10T09:32:11.288+0900] {logging_mixin.py:190} INFO - [2026-04-10T09:32:11.288+0900] {dagbag.py:587} INFO - Filling up the DagBag from /home/airflow/.local/lib/python3.12/site-packages/airflow/example_dags/example_trigger_controller_dag.py
[2026-04-10T09:32:11.293+0900] {processor.py:925} INFO - DAG(s) 'example_trigger_controller_dag' retrieved from /home/airflow/.local/lib/python3.12/site-packages/airflow/example_dags/example_trigger_controller_dag.py
[2026-04-10T09:32:11.309+0900] {logging_mixin.py:190} INFO - [2026-04-10T09:32:11.308+0900] {dag.py:3211} INFO - Sync 1 DAGs
[2026-04-10T09:32:11.323+0900] {logging_mixin.py:190} INFO - [2026-04-10T09:32:11.323+0900] {dag.py:4138} INFO - Setting next_dagrun for example_trigger_controller_dag to 2021-01-01 00:00:00+00:00, run_after=2021-01-01 00:00:00+00:00
[2026-04-10T09:32:11.335+0900] {processor.py:208} INFO - Processing /home/airflow/.local/lib/python3.12/site-packages/airflow/example_dags/example_trigger_controller_dag.py took 0.054 seconds
[2026-04-10T09:32:41.870+0900] {processor.py:186} INFO - Started process (PID=149480) to work on /home/airflow/.local/lib/python3.12/site-packages/airflow/example_dags/example_trigger_controller_dag.py
[2026-04-10T09:32:41.870+0900] {processor.py:914} INFO - Processing file /home/airflow/.local/lib/python3.12/site-packages/airflow/example_dags/example_trigger_controller_dag.py for tasks to queue
[2026-04-10T09:32:41.873+0900] {logging_mixin.py:190} INFO - [2026-04-10T09:32:41.872+0900] {dagbag.py:587} INFO - Filling up the DagBag from /home/airflow/.local/lib/python3.12/site-packages/airflow/example_dags/example_trigger_controller_dag.py
[2026-04-10T09:32:41.878+0900] {processor.py:925} INFO - DAG(s) 'example_trigger_controller_dag' retrieved from /home/airflow/.local/lib/python3.12/site-packages/airflow/example_dags/example_trigger_controller_dag.py
[2026-04-10T09:32:41.892+0900] {logging_mixin.py:190} INFO - [2026-04-10T09:32:41.892+0900] {dag.py:3211} INFO - Sync 1 DAGs
[2026-04-10T09:32:41.908+0900] {logging_mixin.py:190} INFO - [2026-04-10T09:32:41.908+0900] {dag.py:4138} INFO - Setting next_dagrun for example_trigger_controller_dag to 2021-01-01 00:00:00+00:00, run_after=2021-01-01 00:00:00+00:00
[2026-04-10T09:32:41.920+0900] {processor.py:208} INFO - Processing /home/airflow/.local/lib/python3.12/site-packages/airflow/example_dags/example_trigger_controller_dag.py took 0.056 seconds
[2026-04-10T09:33:12.589+0900] {processor.py:186} INFO - Started process (PID=149543) to work on /home/airflow/.local/lib/python3.12/site-packages/airflow/example_dags/example_trigger_controller_dag.py
[2026-04-10T09:33:12.590+0900] {processor.py:914} INFO - Processing file /home/airflow/.local/lib/python3.12/site-packages/airflow/example_dags/example_trigger_controller_dag.py for tasks to queue
[2026-04-10T09:33:12.592+0900] {logging_mixin.py:190} INFO - [2026-04-10T09:33:12.592+0900] {dagbag.py:587} INFO - Filling up the DagBag from /home/airflow/.local/lib/python3.12/site-packages/airflow/example_dags/example_trigger_controller_dag.py
[2026-04-10T09:33:12.600+0900] {processor.py:925} INFO - DAG(s) 'example_trigger_controller_dag' retrieved from /home/airflow/.local/lib/python3.12/site-packages/airflow/example_dags/example_trigger_controller_dag.py
[2026-04-10T09:33:12.617+0900] {logging_mixin.py:190} INFO - [2026-04-10T09:33:12.617+0900] {dag.py:3211} INFO - Sync 1 DAGs
[2026-04-10T09:33:12.634+0900] {logging_mixin.py:190} INFO - [2026-04-10T09:33:12.634+0900] {dag.py:4138} INFO - Setting next_dagrun for example_trigger_controller_dag to 2021-01-01 00:00:00+00:00, run_after=2021-01-01 00:00:00+00:00
[2026-04-10T09:33:12.648+0900] {processor.py:208} INFO - Processing /home/airflow/.local/lib/python3.12/site-packages/airflow/example_dags/example_trigger_controller_dag.py took 0.064 seconds
[2026-04-10T09:33:43.307+0900] {processor.py:186} INFO - Started process (PID=149606) to work on /home/airflow/.local/lib/python3.12/site-packages/airflow/example_dags/example_trigger_controller_dag.py
[2026-04-10T09:33:43.308+0900] {processor.py:914} INFO - Processing file /home/airflow/.local/lib/python3.12/site-packages/airflow/example_dags/example_trigger_controller_dag.py for tasks to queue
[2026-04-10T09:33:43.310+0900] {logging_mixin.py:190} INFO - [2026-04-10T09:33:43.310+0900] {dagbag.py:587} INFO - Filling up the DagBag from /home/airflow/.local/lib/python3.12/site-packages/airflow/example_dags/example_trigger_controller_dag.py
[2026-04-10T09:33:43.316+0900] {processor.py:925} INFO - DAG(s) 'example_trigger_controller_dag' retrieved from /home/airflow/.local/lib/python3.12/site-packages/airflow/example_dags/example_trigger_controller_dag.py
[2026-04-10T09:33:43.330+0900] {logging_mixin.py:190} INFO - [2026-04-10T09:33:43.330+0900] {dag.py:3211} INFO - Sync 1 DAGs
[2026-04-10T09:33:43.346+0900] {logging_mixin.py:190} INFO - [2026-04-10T09:33:43.346+0900] {dag.py:4138} INFO - Setting next_dagrun for example_trigger_controller_dag to 2021-01-01 00:00:00+00:00, run_after=2021-01-01 00:00:00+00:00
[2026-04-10T09:33:43.359+0900] {processor.py:208} INFO - Processing /home/airflow/.local/lib/python3.12/site-packages/airflow/example_dags/example_trigger_controller_dag.py took 0.057 seconds
[2026-04-10T09:34:14.037+0900] {processor.py:186} INFO - Started process (PID=149669) to work on /home/airflow/.local/lib/python3.12/site-packages/airflow/example_dags/example_trigger_controller_dag.py
[2026-04-10T09:34:14.038+0900] {processor.py:914} INFO - Processing file /home/airflow/.local/lib/python3.12/site-packages/airflow/example_dags/example_trigger_controller_dag.py for tasks to queue
[2026-04-10T09:34:14.040+0900] {logging_mixin.py:190} INFO - [2026-04-10T09:34:14.040+0900] {dagbag.py:587} INFO - Filling up the DagBag from /home/airflow/.local/lib/python3.12/site-packages/airflow/example_dags/example_trigger_controller_dag.py
[2026-04-10T09:34:14.045+0900] {processor.py:925} INFO - DAG(s) 'example_trigger_controller_dag' retrieved from /home/airflow/.local/lib/python3.12/site-packages/airflow/example_dags/example_trigger_controller_dag.py
[2026-04-10T09:34:14.060+0900] {logging_mixin.py:190} INFO - [2026-04-10T09:34:14.059+0900] {dag.py:3211} INFO - Sync 1 DAGs
[2026-04-10T09:34:14.075+0900] {logging_mixin.py:190} INFO - [2026-04-10T09:34:14.075+0900] {dag.py:4138} INFO - Setting next_dagrun for example_trigger_controller_dag to 2021-01-01 00:00:00+00:00, run_after=2021-01-01 00:00:00+00:00
[2026-04-10T09:34:14.089+0900] {processor.py:208} INFO - Processing /home/airflow/.local/lib/python3.12/site-packages/airflow/example_dags/example_trigger_controller_dag.py took 0.057 seconds
[2026-04-10T09:34:44.867+0900] {processor.py:186} INFO - Started process (PID=149732) to work on /home/airflow/.local/lib/python3.12/site-packages/airflow/example_dags/example_trigger_controller_dag.py
[2026-04-10T09:34:44.868+0900] {processor.py:914} INFO - Processing file /home/airflow/.local/lib/python3.12/site-packages/airflow/example_dags/example_trigger_controller_dag.py for tasks to queue
[2026-04-10T09:34:44.870+0900] {logging_mixin.py:190} INFO - [2026-04-10T09:34:44.870+0900] {dagbag.py:587} INFO - Filling up the DagBag from /home/airflow/.local/lib/python3.12/site-packages/airflow/example_dags/example_trigger_controller_dag.py
[2026-04-10T09:34:44.876+0900] {processor.py:925} INFO - DAG(s) 'example_trigger_controller_dag' retrieved from /home/airflow/.local/lib/python3.12/site-packages/airflow/example_dags/example_trigger_controller_dag.py
[2026-04-10T09:34:44.891+0900] {logging_mixin.py:190} INFO - [2026-04-10T09:34:44.891+0900] {dag.py:3211} INFO - Sync 1 DAGs
[2026-04-10T09:34:44.908+0900] {logging_mixin.py:190} INFO - [2026-04-10T09:34:44.908+0900] {dag.py:4138} INFO - Setting next_dagrun for example_trigger_controller_dag to 2021-01-01 00:00:00+00:00, run_after=2021-01-01 00:00:00+00:00
[2026-04-10T09:34:44.923+0900] {processor.py:208} INFO - Processing /home/airflow/.local/lib/python3.12/site-packages/airflow/example_dags/example_trigger_controller_dag.py took 0.061 seconds
[2026-04-10T09:35:15.606+0900] {processor.py:186} INFO - Started process (PID=149795) to work on /home/airflow/.local/lib/python3.12/site-packages/airflow/example_dags/example_trigger_controller_dag.py
[2026-04-10T09:35:15.608+0900] {processor.py:914} INFO - Processing file /home/airflow/.local/lib/python3.12/site-packages/airflow/example_dags/example_trigger_controller_dag.py for tasks to queue
[2026-04-10T09:35:15.610+0900] {logging_mixin.py:190} INFO - [2026-04-10T09:35:15.610+0900] {dagbag.py:587} INFO - Filling up the DagBag from /home/airflow/.local/lib/python3.12/site-packages/airflow/example_dags/example_trigger_controller_dag.py
[2026-04-10T09:35:15.616+0900] {processor.py:925} INFO - DAG(s) 'example_trigger_controller_dag' retrieved from /home/airflow/.local/lib/python3.12/site-packages/airflow/example_dags/example_trigger_controller_dag.py
[2026-04-10T09:35:15.636+0900] {logging_mixin.py:190} INFO - [2026-04-10T09:35:15.636+0900] {dag.py:3211} INFO - Sync 1 DAGs
[2026-04-10T09:35:15.658+0900] {logging_mixin.py:190} INFO - [2026-04-10T09:35:15.658+0900] {dag.py:4138} INFO - Setting next_dagrun for example_trigger_controller_dag to 2021-01-01 00:00:00+00:00, run_after=2021-01-01 00:00:00+00:00
[2026-04-10T09:35:15.676+0900] {processor.py:208} INFO - Processing /home/airflow/.local/lib/python3.12/site-packages/airflow/example_dags/example_trigger_controller_dag.py took 0.074 seconds
[2026-04-10T09:35:46.175+0900] {processor.py:186} INFO - Started process (PID=149858) to work on /home/airflow/.local/lib/python3.12/site-packages/airflow/example_dags/example_trigger_controller_dag.py
[2026-04-10T09:35:46.176+0900] {processor.py:914} INFO - Processing file /home/airflow/.local/lib/python3.12/site-packages/airflow/example_dags/example_trigger_controller_dag.py for tasks to queue
[2026-04-10T09:35:46.178+0900] {logging_mixin.py:190} INFO - [2026-04-10T09:35:46.177+0900] {dagbag.py:587} INFO - Filling up the DagBag from /home/airflow/.local/lib/python3.12/site-packages/airflow/example_dags/example_trigger_controller_dag.py
[2026-04-10T09:35:46.184+0900] {processor.py:925} INFO - DAG(s) 'example_trigger_controller_dag' retrieved from /home/airflow/.local/lib/python3.12/site-packages/airflow/example_dags/example_trigger_controller_dag.py
[2026-04-10T09:35:46.200+0900] {logging_mixin.py:190} INFO - [2026-04-10T09:35:46.199+0900] {dag.py:3211} INFO - Sync 1 DAGs
[2026-04-10T09:35:46.216+0900] {logging_mixin.py:190} INFO - [2026-04-10T09:35:46.215+0900] {dag.py:4138} INFO - Setting next_dagrun for example_trigger_controller_dag to 2021-01-01 00:00:00+00:00, run_after=2021-01-01 00:00:00+00:00
[2026-04-10T09:35:46.229+0900] {processor.py:208} INFO - Processing /home/airflow/.local/lib/python3.12/site-packages/airflow/example_dags/example_trigger_controller_dag.py took 0.059 seconds
[2026-04-10T09:36:16.915+0900] {processor.py:186} INFO - Started process (PID=149921) to work on /home/airflow/.local/lib/python3.12/site-packages/airflow/example_dags/example_trigger_controller_dag.py
[2026-04-10T09:36:16.916+0900] {processor.py:914} INFO - Processing file /home/airflow/.local/lib/python3.12/site-packages/airflow/example_dags/example_trigger_controller_dag.py for tasks to queue
[2026-04-10T09:36:16.918+0900] {logging_mixin.py:190} INFO - [2026-04-10T09:36:16.918+0900] {dagbag.py:587} INFO - Filling up the DagBag from /home/airflow/.local/lib/python3.12/site-packages/airflow/example_dags/example_trigger_controller_dag.py
[2026-04-10T09:36:16.923+0900] {processor.py:925} INFO - DAG(s) 'example_trigger_controller_dag' retrieved from /home/airflow/.local/lib/python3.12/site-packages/airflow/example_dags/example_trigger_controller_dag.py
[2026-04-10T09:36:16.937+0900] {logging_mixin.py:190} INFO - [2026-04-10T09:36:16.937+0900] {dag.py:3211} INFO - Sync 1 DAGs
[2026-04-10T09:36:16.952+0900] {logging_mixin.py:190} INFO - [2026-04-10T09:36:16.952+0900] {dag.py:4138} INFO - Setting next_dagrun for example_trigger_controller_dag to 2021-01-01 00:00:00+00:00, run_after=2021-01-01 00:00:00+00:00
[2026-04-10T09:36:16.964+0900] {processor.py:208} INFO - Processing /home/airflow/.local/lib/python3.12/site-packages/airflow/example_dags/example_trigger_controller_dag.py took 0.053 seconds
[2026-04-10T09:36:47.572+0900] {processor.py:186} INFO - Started process (PID=149984) to work on /home/airflow/.local/lib/python3.12/site-packages/airflow/example_dags/example_trigger_controller_dag.py
[2026-04-10T09:36:47.573+0900] {processor.py:914} INFO - Processing file /home/airflow/.local/lib/python3.12/site-packages/airflow/example_dags/example_trigger_controller_dag.py for tasks to queue
[2026-04-10T09:36:47.576+0900] {logging_mixin.py:190} INFO - [2026-04-10T09:36:47.575+0900] {dagbag.py:587} INFO - Filling up the DagBag from /home/airflow/.local/lib/python3.12/site-packages/airflow/example_dags/example_trigger_controller_dag.py
[2026-04-10T09:36:47.581+0900] {processor.py:925} INFO - DAG(s) 'example_trigger_controller_dag' retrieved from /home/airflow/.local/lib/python3.12/site-packages/airflow/example_dags/example_trigger_controller_dag.py
[2026-04-10T09:36:47.596+0900] {logging_mixin.py:190} INFO - [2026-04-10T09:36:47.596+0900] {dag.py:3211} INFO - Sync 1 DAGs
[2026-04-10T09:36:47.611+0900] {logging_mixin.py:190} INFO - [2026-04-10T09:36:47.610+0900] {dag.py:4138} INFO - Setting next_dagrun for example_trigger_controller_dag to 2021-01-01 00:00:00+00:00, run_after=2021-01-01 00:00:00+00:00
[2026-04-10T09:36:47.623+0900] {processor.py:208} INFO - Processing /home/airflow/.local/lib/python3.12/site-packages/airflow/example_dags/example_trigger_controller_dag.py took 0.055 seconds
[2026-04-10T09:37:18.343+0900] {processor.py:186} INFO - Started process (PID=150047) to work on /home/airflow/.local/lib/python3.12/site-packages/airflow/example_dags/example_trigger_controller_dag.py
[2026-04-10T09:37:18.345+0900] {processor.py:914} INFO - Processing file /home/airflow/.local/lib/python3.12/site-packages/airflow/example_dags/example_trigger_controller_dag.py for tasks to queue
[2026-04-10T09:37:18.347+0900] {logging_mixin.py:190} INFO - [2026-04-10T09:37:18.347+0900] {dagbag.py:587} INFO - Filling up the DagBag from /home/airflow/.local/lib/python3.12/site-packages/airflow/example_dags/example_trigger_controller_dag.py
[2026-04-10T09:37:18.353+0900] {processor.py:925} INFO - DAG(s) 'example_trigger_controller_dag' retrieved from /home/airflow/.local/lib/python3.12/site-packages/airflow/example_dags/example_trigger_controller_dag.py
[2026-04-10T09:37:18.367+0900] {logging_mixin.py:190} INFO - [2026-04-10T09:37:18.367+0900] {dag.py:3211} INFO - Sync 1 DAGs
[2026-04-10T09:37:18.381+0900] {logging_mixin.py:190} INFO - [2026-04-10T09:37:18.381+0900] {dag.py:4138} INFO - Setting next_dagrun for example_trigger_controller_dag to 2021-01-01 00:00:00+00:00, run_after=2021-01-01 00:00:00+00:00
[2026-04-10T09:37:18.394+0900] {processor.py:208} INFO - Processing /home/airflow/.local/lib/python3.12/site-packages/airflow/example_dags/example_trigger_controller_dag.py took 0.055 seconds
[2026-04-10T09:37:49.184+0900] {processor.py:186} INFO - Started process (PID=150110) to work on /home/airflow/.local/lib/python3.12/site-packages/airflow/example_dags/example_trigger_controller_dag.py
[2026-04-10T09:37:49.185+0900] {processor.py:914} INFO - Processing file /home/airflow/.local/lib/python3.12/site-packages/airflow/example_dags/example_trigger_controller_dag.py for tasks to queue
[2026-04-10T09:37:49.188+0900] {logging_mixin.py:190} INFO - [2026-04-10T09:37:49.187+0900] {dagbag.py:587} INFO - Filling up the DagBag from /home/airflow/.local/lib/python3.12/site-packages/airflow/example_dags/example_trigger_controller_dag.py
[2026-04-10T09:37:49.193+0900] {processor.py:925} INFO - DAG(s) 'example_trigger_controller_dag' retrieved from /home/airflow/.local/lib/python3.12/site-packages/airflow/example_dags/example_trigger_controller_dag.py
[2026-04-10T09:37:49.208+0900] {logging_mixin.py:190} INFO - [2026-04-10T09:37:49.208+0900] {dag.py:3211} INFO - Sync 1 DAGs
[2026-04-10T09:37:49.225+0900] {logging_mixin.py:190} INFO - [2026-04-10T09:37:49.225+0900] {dag.py:4138} INFO - Setting next_dagrun for example_trigger_controller_dag to 2021-01-01 00:00:00+00:00, run_after=2021-01-01 00:00:00+00:00
[2026-04-10T09:37:49.239+0900] {processor.py:208} INFO - Processing /home/airflow/.local/lib/python3.12/site-packages/airflow/example_dags/example_trigger_controller_dag.py took 0.059 seconds
[2026-04-10T09:38:19.770+0900] {processor.py:186} INFO - Started process (PID=150173) to work on /home/airflow/.local/lib/python3.12/site-packages/airflow/example_dags/example_trigger_controller_dag.py
[2026-04-10T09:38:19.771+0900] {processor.py:914} INFO - Processing file /home/airflow/.local/lib/python3.12/site-packages/airflow/example_dags/example_trigger_controller_dag.py for tasks to queue
[2026-04-10T09:38:19.773+0900] {logging_mixin.py:190} INFO - [2026-04-10T09:38:19.773+0900] {dagbag.py:587} INFO - Filling up the DagBag from /home/airflow/.local/lib/python3.12/site-packages/airflow/example_dags/example_trigger_controller_dag.py
[2026-04-10T09:38:19.778+0900] {processor.py:925} INFO - DAG(s) 'example_trigger_controller_dag' retrieved from /home/airflow/.local/lib/python3.12/site-packages/airflow/example_dags/example_trigger_controller_dag.py
[2026-04-10T09:38:19.793+0900] {logging_mixin.py:190} INFO - [2026-04-10T09:38:19.793+0900] {dag.py:3211} INFO - Sync 1 DAGs
[2026-04-10T09:38:19.808+0900] {logging_mixin.py:190} INFO - [2026-04-10T09:38:19.808+0900] {dag.py:4138} INFO - Setting next_dagrun for example_trigger_controller_dag to 2021-01-01 00:00:00+00:00, run_after=2021-01-01 00:00:00+00:00
[2026-04-10T09:38:19.824+0900] {processor.py:208} INFO - Processing /home/airflow/.local/lib/python3.12/site-packages/airflow/example_dags/example_trigger_controller_dag.py took 0.059 seconds
[2026-04-10T09:38:50.645+0900] {processor.py:186} INFO - Started process (PID=150236) to work on /home/airflow/.local/lib/python3.12/site-packages/airflow/example_dags/example_trigger_controller_dag.py
[2026-04-10T09:38:50.646+0900] {processor.py:914} INFO - Processing file /home/airflow/.local/lib/python3.12/site-packages/airflow/example_dags/example_trigger_controller_dag.py for tasks to queue
[2026-04-10T09:38:50.648+0900] {logging_mixin.py:190} INFO - [2026-04-10T09:38:50.648+0900] {dagbag.py:587} INFO - Filling up the DagBag from /home/airflow/.local/lib/python3.12/site-packages/airflow/example_dags/example_trigger_controller_dag.py
[2026-04-10T09:38:50.654+0900] {processor.py:925} INFO - DAG(s) 'example_trigger_controller_dag' retrieved from /home/airflow/.local/lib/python3.12/site-packages/airflow/example_dags/example_trigger_controller_dag.py
[2026-04-10T09:38:50.671+0900] {logging_mixin.py:190} INFO - [2026-04-10T09:38:50.670+0900] {dag.py:3211} INFO - Sync 1 DAGs
[2026-04-10T09:38:50.686+0900] {logging_mixin.py:190} INFO - [2026-04-10T09:38:50.686+0900] {dag.py:4138} INFO - Setting next_dagrun for example_trigger_controller_dag to 2021-01-01 00:00:00+00:00, run_after=2021-01-01 00:00:00+00:00
[2026-04-10T09:38:50.702+0900] {processor.py:208} INFO - Processing /home/airflow/.local/lib/python3.12/site-packages/airflow/example_dags/example_trigger_controller_dag.py took 0.061 seconds
[2026-04-10T09:39:21.471+0900] {processor.py:186} INFO - Started process (PID=150299) to work on /home/airflow/.local/lib/python3.12/site-packages/airflow/example_dags/example_trigger_controller_dag.py
[2026-04-10T09:39:21.473+0900] {processor.py:914} INFO - Processing file /home/airflow/.local/lib/python3.12/site-packages/airflow/example_dags/example_trigger_controller_dag.py for tasks to queue
[2026-04-10T09:39:21.475+0900] {logging_mixin.py:190} INFO - [2026-04-10T09:39:21.475+0900] {dagbag.py:587} INFO - Filling up the DagBag from /home/airflow/.local/lib/python3.12/site-packages/airflow/example_dags/example_trigger_controller_dag.py
[2026-04-10T09:39:21.481+0900] {processor.py:925} INFO - DAG(s) 'example_trigger_controller_dag' retrieved from /home/airflow/.local/lib/python3.12/site-packages/airflow/example_dags/example_trigger_controller_dag.py
[2026-04-10T09:39:21.497+0900] {logging_mixin.py:190} INFO - [2026-04-10T09:39:21.497+0900] {dag.py:3211} INFO - Sync 1 DAGs
[2026-04-10T09:39:21.514+0900] {logging_mixin.py:190} INFO - [2026-04-10T09:39:21.514+0900] {dag.py:4138} INFO - Setting next_dagrun for example_trigger_controller_dag to 2021-01-01 00:00:00+00:00, run_after=2021-01-01 00:00:00+00:00
[2026-04-10T09:39:21.526+0900] {processor.py:208} INFO - Processing /home/airflow/.local/lib/python3.12/site-packages/airflow/example_dags/example_trigger_controller_dag.py took 0.060 seconds
[2026-04-10T09:39:52.111+0900] {processor.py:186} INFO - Started process (PID=150362) to work on /home/airflow/.local/lib/python3.12/site-packages/airflow/example_dags/example_trigger_controller_dag.py
[2026-04-10T09:39:52.112+0900] {processor.py:914} INFO - Processing file /home/airflow/.local/lib/python3.12/site-packages/airflow/example_dags/example_trigger_controller_dag.py for tasks to queue
[2026-04-10T09:39:52.115+0900] {logging_mixin.py:190} INFO - [2026-04-10T09:39:52.114+0900] {dagbag.py:587} INFO - Filling up the DagBag from /home/airflow/.local/lib/python3.12/site-packages/airflow/example_dags/example_trigger_controller_dag.py
[2026-04-10T09:39:52.120+0900] {processor.py:925} INFO - DAG(s) 'example_trigger_controller_dag' retrieved from /home/airflow/.local/lib/python3.12/site-packages/airflow/example_dags/example_trigger_controller_dag.py
[2026-04-10T09:39:52.137+0900] {logging_mixin.py:190} INFO - [2026-04-10T09:39:52.137+0900] {dag.py:3211} INFO - Sync 1 DAGs
[2026-04-10T09:39:52.153+0900] {logging_mixin.py:190} INFO - [2026-04-10T09:39:52.153+0900] {dag.py:4138} INFO - Setting next_dagrun for example_trigger_controller_dag to 2021-01-01 00:00:00+00:00, run_after=2021-01-01 00:00:00+00:00
[2026-04-10T09:39:52.168+0900] {processor.py:208} INFO - Processing /home/airflow/.local/lib/python3.12/site-packages/airflow/example_dags/example_trigger_controller_dag.py took 0.061 seconds
[2026-04-10T09:40:22.808+0900] {processor.py:186} INFO - Started process (PID=150425) to work on /home/airflow/.local/lib/python3.12/site-packages/airflow/example_dags/example_trigger_controller_dag.py
[2026-04-10T09:40:22.809+0900] {processor.py:914} INFO - Processing file /home/airflow/.local/lib/python3.12/site-packages/airflow/example_dags/example_trigger_controller_dag.py for tasks to queue
[2026-04-10T09:40:22.811+0900] {logging_mixin.py:190} INFO - [2026-04-10T09:40:22.811+0900] {dagbag.py:587} INFO - Filling up the DagBag from /home/airflow/.local/lib/python3.12/site-packages/airflow/example_dags/example_trigger_controller_dag.py
[2026-04-10T09:40:22.817+0900] {processor.py:925} INFO - DAG(s) 'example_trigger_controller_dag' retrieved from /home/airflow/.local/lib/python3.12/site-packages/airflow/example_dags/example_trigger_controller_dag.py
[2026-04-10T09:40:22.833+0900] {logging_mixin.py:190} INFO - [2026-04-10T09:40:22.833+0900] {dag.py:3211} INFO - Sync 1 DAGs
[2026-04-10T09:40:22.850+0900] {logging_mixin.py:190} INFO - [2026-04-10T09:40:22.850+0900] {dag.py:4138} INFO - Setting next_dagrun for example_trigger_controller_dag to 2021-01-01 00:00:00+00:00, run_after=2021-01-01 00:00:00+00:00
[2026-04-10T09:40:22.863+0900] {processor.py:208} INFO - Processing /home/airflow/.local/lib/python3.12/site-packages/airflow/example_dags/example_trigger_controller_dag.py took 0.060 seconds
[2026-04-10T09:40:53.510+0900] {processor.py:186} INFO - Started process (PID=150488) to work on /home/airflow/.local/lib/python3.12/site-packages/airflow/example_dags/example_trigger_controller_dag.py
[2026-04-10T09:40:53.511+0900] {processor.py:914} INFO - Processing file /home/airflow/.local/lib/python3.12/site-packages/airflow/example_dags/example_trigger_controller_dag.py for tasks to queue
[2026-04-10T09:40:53.513+0900] {logging_mixin.py:190} INFO - [2026-04-10T09:40:53.513+0900] {dagbag.py:587} INFO - Filling up the DagBag from /home/airflow/.local/lib/python3.12/site-packages/airflow/example_dags/example_trigger_controller_dag.py
[2026-04-10T09:40:53.518+0900] {processor.py:925} INFO - DAG(s) 'example_trigger_controller_dag' retrieved from /home/airflow/.local/lib/python3.12/site-packages/airflow/example_dags/example_trigger_controller_dag.py
[2026-04-10T09:40:53.532+0900] {logging_mixin.py:190} INFO - [2026-04-10T09:40:53.532+0900] {dag.py:3211} INFO - Sync 1 DAGs
[2026-04-10T09:40:53.548+0900] {logging_mixin.py:190} INFO - [2026-04-10T09:40:53.547+0900] {dag.py:4138} INFO - Setting next_dagrun for example_trigger_controller_dag to 2021-01-01 00:00:00+00:00, run_after=2021-01-01 00:00:00+00:00
[2026-04-10T09:40:53.561+0900] {processor.py:208} INFO - Processing /home/airflow/.local/lib/python3.12/site-packages/airflow/example_dags/example_trigger_controller_dag.py took 0.056 seconds
[2026-04-10T09:41:24.172+0900] {processor.py:186} INFO - Started process (PID=150551) to work on /home/airflow/.local/lib/python3.12/site-packages/airflow/example_dags/example_trigger_controller_dag.py
[2026-04-10T09:41:24.173+0900] {processor.py:914} INFO - Processing file /home/airflow/.local/lib/python3.12/site-packages/airflow/example_dags/example_trigger_controller_dag.py for tasks to queue
[2026-04-10T09:41:24.175+0900] {logging_mixin.py:190} INFO - [2026-04-10T09:41:24.175+0900] {dagbag.py:587} INFO - Filling up the DagBag from /home/airflow/.local/lib/python3.12/site-packages/airflow/example_dags/example_trigger_controller_dag.py
[2026-04-10T09:41:24.181+0900] {processor.py:925} INFO - DAG(s) 'example_trigger_controller_dag' retrieved from /home/airflow/.local/lib/python3.12/site-packages/airflow/example_dags/example_trigger_controller_dag.py
[2026-04-10T09:41:24.196+0900] {logging_mixin.py:190} INFO - [2026-04-10T09:41:24.195+0900] {dag.py:3211} INFO - Sync 1 DAGs
[2026-04-10T09:41:24.211+0900] {logging_mixin.py:190} INFO - [2026-04-10T09:41:24.211+0900] {dag.py:4138} INFO - Setting next_dagrun for example_trigger_controller_dag to 2021-01-01 00:00:00+00:00, run_after=2021-01-01 00:00:00+00:00
[2026-04-10T09:41:24.224+0900] {processor.py:208} INFO - Processing /home/airflow/.local/lib/python3.12/site-packages/airflow/example_dags/example_trigger_controller_dag.py took 0.056 seconds
[2026-04-10T09:41:54.949+0900] {processor.py:186} INFO - Started process (PID=150614) to work on /home/airflow/.local/lib/python3.12/site-packages/airflow/example_dags/example_trigger_controller_dag.py
[2026-04-10T09:41:54.951+0900] {processor.py:914} INFO - Processing file /home/airflow/.local/lib/python3.12/site-packages/airflow/example_dags/example_trigger_controller_dag.py for tasks to queue
[2026-04-10T09:41:54.953+0900] {logging_mixin.py:190} INFO - [2026-04-10T09:41:54.953+0900] {dagbag.py:587} INFO - Filling up the DagBag from /home/airflow/.local/lib/python3.12/site-packages/airflow/example_dags/example_trigger_controller_dag.py
[2026-04-10T09:41:54.959+0900] {processor.py:925} INFO - DAG(s) 'example_trigger_controller_dag' retrieved from /home/airflow/.local/lib/python3.12/site-packages/airflow/example_dags/example_trigger_controller_dag.py
[2026-04-10T09:41:54.974+0900] {logging_mixin.py:190} INFO - [2026-04-10T09:41:54.974+0900] {dag.py:3211} INFO - Sync 1 DAGs
[2026-04-10T09:41:54.990+0900] {logging_mixin.py:190} INFO - [2026-04-10T09:41:54.990+0900] {dag.py:4138} INFO - Setting next_dagrun for example_trigger_controller_dag to 2021-01-01 00:00:00+00:00, run_after=2021-01-01 00:00:00+00:00
[2026-04-10T09:41:55.004+0900] {processor.py:208} INFO - Processing /home/airflow/.local/lib/python3.12/site-packages/airflow/example_dags/example_trigger_controller_dag.py took 0.059 seconds
[2026-04-10T09:42:25.574+0900] {processor.py:186} INFO - Started process (PID=150677) to work on /home/airflow/.local/lib/python3.12/site-packages/airflow/example_dags/example_trigger_controller_dag.py
[2026-04-10T09:42:25.575+0900] {processor.py:914} INFO - Processing file /home/airflow/.local/lib/python3.12/site-packages/airflow/example_dags/example_trigger_controller_dag.py for tasks to queue
[2026-04-10T09:42:25.577+0900] {logging_mixin.py:190} INFO - [2026-04-10T09:42:25.577+0900] {dagbag.py:587} INFO - Filling up the DagBag from /home/airflow/.local/lib/python3.12/site-packages/airflow/example_dags/example_trigger_controller_dag.py
[2026-04-10T09:42:25.583+0900] {processor.py:925} INFO - DAG(s) 'example_trigger_controller_dag' retrieved from /home/airflow/.local/lib/python3.12/site-packages/airflow/example_dags/example_trigger_controller_dag.py
[2026-04-10T09:42:25.598+0900] {logging_mixin.py:190} INFO - [2026-04-10T09:42:25.598+0900] {dag.py:3211} INFO - Sync 1 DAGs
[2026-04-10T09:42:25.614+0900] {logging_mixin.py:190} INFO - [2026-04-10T09:42:25.613+0900] {dag.py:4138} INFO - Setting next_dagrun for example_trigger_controller_dag to 2021-01-01 00:00:00+00:00, run_after=2021-01-01 00:00:00+00:00
[2026-04-10T09:42:25.626+0900] {processor.py:208} INFO - Processing /home/airflow/.local/lib/python3.12/site-packages/airflow/example_dags/example_trigger_controller_dag.py took 0.057 seconds
[2026-04-10T09:42:56.365+0900] {processor.py:186} INFO - Started process (PID=150740) to work on /home/airflow/.local/lib/python3.12/site-packages/airflow/example_dags/example_trigger_controller_dag.py
[2026-04-10T09:42:56.366+0900] {processor.py:914} INFO - Processing file /home/airflow/.local/lib/python3.12/site-packages/airflow/example_dags/example_trigger_controller_dag.py for tasks to queue
[2026-04-10T09:42:56.369+0900] {logging_mixin.py:190} INFO - [2026-04-10T09:42:56.368+0900] {dagbag.py:587} INFO - Filling up the DagBag from /home/airflow/.local/lib/python3.12/site-packages/airflow/example_dags/example_trigger_controller_dag.py
[2026-04-10T09:42:56.375+0900] {processor.py:925} INFO - DAG(s) 'example_trigger_controller_dag' retrieved from /home/airflow/.local/lib/python3.12/site-packages/airflow/example_dags/example_trigger_controller_dag.py
[2026-04-10T09:42:56.397+0900] {logging_mixin.py:190} INFO - [2026-04-10T09:42:56.397+0900] {dag.py:3211} INFO - Sync 1 DAGs
[2026-04-10T09:42:56.418+0900] {logging_mixin.py:190} INFO - [2026-04-10T09:42:56.418+0900] {dag.py:4138} INFO - Setting next_dagrun for example_trigger_controller_dag to 2021-01-01 00:00:00+00:00, run_after=2021-01-01 00:00:00+00:00
[2026-04-10T09:42:56.438+0900] {processor.py:208} INFO - Processing /home/airflow/.local/lib/python3.12/site-packages/airflow/example_dags/example_trigger_controller_dag.py took 0.080 seconds
[2026-04-10T09:43:26.658+0900] {processor.py:186} INFO - Started process (PID=150803) to work on /home/airflow/.local/lib/python3.12/site-packages/airflow/example_dags/example_trigger_controller_dag.py
[2026-04-10T09:43:26.658+0900] {processor.py:914} INFO - Processing file /home/airflow/.local/lib/python3.12/site-packages/airflow/example_dags/example_trigger_controller_dag.py for tasks to queue
[2026-04-10T09:43:26.660+0900] {logging_mixin.py:190} INFO - [2026-04-10T09:43:26.660+0900] {dagbag.py:587} INFO - Filling up the DagBag from /home/airflow/.local/lib/python3.12/site-packages/airflow/example_dags/example_trigger_controller_dag.py
[2026-04-10T09:43:26.666+0900] {processor.py:925} INFO - DAG(s) 'example_trigger_controller_dag' retrieved from /home/airflow/.local/lib/python3.12/site-packages/airflow/example_dags/example_trigger_controller_dag.py
[2026-04-10T09:43:26.682+0900] {logging_mixin.py:190} INFO - [2026-04-10T09:43:26.682+0900] {dag.py:3211} INFO - Sync 1 DAGs
[2026-04-10T09:43:26.697+0900] {logging_mixin.py:190} INFO - [2026-04-10T09:43:26.697+0900] {dag.py:4138} INFO - Setting next_dagrun for example_trigger_controller_dag to 2021-01-01 00:00:00+00:00, run_after=2021-01-01 00:00:00+00:00
[2026-04-10T09:43:26.712+0900] {processor.py:208} INFO - Processing /home/airflow/.local/lib/python3.12/site-packages/airflow/example_dags/example_trigger_controller_dag.py took 0.059 seconds
[2026-04-10T09:43:56.970+0900] {processor.py:186} INFO - Started process (PID=150866) to work on /home/airflow/.local/lib/python3.12/site-packages/airflow/example_dags/example_trigger_controller_dag.py
[2026-04-10T09:43:56.971+0900] {processor.py:914} INFO - Processing file /home/airflow/.local/lib/python3.12/site-packages/airflow/example_dags/example_trigger_controller_dag.py for tasks to queue
[2026-04-10T09:43:56.973+0900] {logging_mixin.py:190} INFO - [2026-04-10T09:43:56.973+0900] {dagbag.py:587} INFO - Filling up the DagBag from /home/airflow/.local/lib/python3.12/site-packages/airflow/example_dags/example_trigger_controller_dag.py
[2026-04-10T09:43:56.979+0900] {processor.py:925} INFO - DAG(s) 'example_trigger_controller_dag' retrieved from /home/airflow/.local/lib/python3.12/site-packages/airflow/example_dags/example_trigger_controller_dag.py
[2026-04-10T09:43:56.996+0900] {logging_mixin.py:190} INFO - [2026-04-10T09:43:56.996+0900] {dag.py:3211} INFO - Sync 1 DAGs
[2026-04-10T09:43:57.012+0900] {logging_mixin.py:190} INFO - [2026-04-10T09:43:57.012+0900] {dag.py:4138} INFO - Setting next_dagrun for example_trigger_controller_dag to 2021-01-01 00:00:00+00:00, run_after=2021-01-01 00:00:00+00:00
[2026-04-10T09:43:57.026+0900] {processor.py:208} INFO - Processing /home/airflow/.local/lib/python3.12/site-packages/airflow/example_dags/example_trigger_controller_dag.py took 0.060 seconds
[2026-04-10T09:44:27.078+0900] {processor.py:186} INFO - Started process (PID=150929) to work on /home/airflow/.local/lib/python3.12/site-packages/airflow/example_dags/example_trigger_controller_dag.py
[2026-04-10T09:44:27.079+0900] {processor.py:914} INFO - Processing file /home/airflow/.local/lib/python3.12/site-packages/airflow/example_dags/example_trigger_controller_dag.py for tasks to queue
[2026-04-10T09:44:27.081+0900] {logging_mixin.py:190} INFO - [2026-04-10T09:44:27.081+0900] {dagbag.py:587} INFO - Filling up the DagBag from /home/airflow/.local/lib/python3.12/site-packages/airflow/example_dags/example_trigger_controller_dag.py
[2026-04-10T09:44:27.087+0900] {processor.py:925} INFO - DAG(s) 'example_trigger_controller_dag' retrieved from /home/airflow/.local/lib/python3.12/site-packages/airflow/example_dags/example_trigger_controller_dag.py
[2026-04-10T09:44:27.102+0900] {logging_mixin.py:190} INFO - [2026-04-10T09:44:27.102+0900] {dag.py:3211} INFO - Sync 1 DAGs
[2026-04-10T09:44:27.117+0900] {logging_mixin.py:190} INFO - [2026-04-10T09:44:27.117+0900] {dag.py:4138} INFO - Setting next_dagrun for example_trigger_controller_dag to 2021-01-01 00:00:00+00:00, run_after=2021-01-01 00:00:00+00:00
[2026-04-10T09:44:27.130+0900] {processor.py:208} INFO - Processing /home/airflow/.local/lib/python3.12/site-packages/airflow/example_dags/example_trigger_controller_dag.py took 0.056 seconds
[2026-04-10T09:44:57.375+0900] {processor.py:186} INFO - Started process (PID=150992) to work on /home/airflow/.local/lib/python3.12/site-packages/airflow/example_dags/example_trigger_controller_dag.py
[2026-04-10T09:44:57.376+0900] {processor.py:914} INFO - Processing file /home/airflow/.local/lib/python3.12/site-packages/airflow/example_dags/example_trigger_controller_dag.py for tasks to queue
[2026-04-10T09:44:57.380+0900] {logging_mixin.py:190} INFO - [2026-04-10T09:44:57.379+0900] {dagbag.py:587} INFO - Filling up the DagBag from /home/airflow/.local/lib/python3.12/site-packages/airflow/example_dags/example_trigger_controller_dag.py
[2026-04-10T09:44:57.386+0900] {processor.py:925} INFO - DAG(s) 'example_trigger_controller_dag' retrieved from /home/airflow/.local/lib/python3.12/site-packages/airflow/example_dags/example_trigger_controller_dag.py
[2026-04-10T09:44:57.404+0900] {logging_mixin.py:190} INFO - [2026-04-10T09:44:57.403+0900] {dag.py:3211} INFO - Sync 1 DAGs
[2026-04-10T09:44:57.419+0900] {logging_mixin.py:190} INFO - [2026-04-10T09:44:57.419+0900] {dag.py:4138} INFO - Setting next_dagrun for example_trigger_controller_dag to 2021-01-01 00:00:00+00:00, run_after=2021-01-01 00:00:00+00:00
[2026-04-10T09:44:57.432+0900] {processor.py:208} INFO - Processing /home/airflow/.local/lib/python3.12/site-packages/airflow/example_dags/example_trigger_controller_dag.py took 0.062 seconds
[2026-04-10T09:45:27.684+0900] {processor.py:186} INFO - Started process (PID=151055) to work on /home/airflow/.local/lib/python3.12/site-packages/airflow/example_dags/example_trigger_controller_dag.py
[2026-04-10T09:45:27.685+0900] {processor.py:914} INFO - Processing file /home/airflow/.local/lib/python3.12/site-packages/airflow/example_dags/example_trigger_controller_dag.py for tasks to queue
[2026-04-10T09:45:27.688+0900] {logging_mixin.py:190} INFO - [2026-04-10T09:45:27.688+0900] {dagbag.py:587} INFO - Filling up the DagBag from /home/airflow/.local/lib/python3.12/site-packages/airflow/example_dags/example_trigger_controller_dag.py
[2026-04-10T09:45:27.693+0900] {processor.py:925} INFO - DAG(s) 'example_trigger_controller_dag' retrieved from /home/airflow/.local/lib/python3.12/site-packages/airflow/example_dags/example_trigger_controller_dag.py
[2026-04-10T09:45:27.709+0900] {logging_mixin.py:190} INFO - [2026-04-10T09:45:27.709+0900] {dag.py:3211} INFO - Sync 1 DAGs
[2026-04-10T09:45:27.724+0900] {logging_mixin.py:190} INFO - [2026-04-10T09:45:27.723+0900] {dag.py:4138} INFO - Setting next_dagrun for example_trigger_controller_dag to 2021-01-01 00:00:00+00:00, run_after=2021-01-01 00:00:00+00:00
[2026-04-10T09:45:27.736+0900] {processor.py:208} INFO - Processing /home/airflow/.local/lib/python3.12/site-packages/airflow/example_dags/example_trigger_controller_dag.py took 0.056 seconds
[2026-04-10T09:45:57.933+0900] {processor.py:186} INFO - Started process (PID=151118) to work on /home/airflow/.local/lib/python3.12/site-packages/airflow/example_dags/example_trigger_controller_dag.py
[2026-04-10T09:45:57.934+0900] {processor.py:914} INFO - Processing file /home/airflow/.local/lib/python3.12/site-packages/airflow/example_dags/example_trigger_controller_dag.py for tasks to queue
[2026-04-10T09:45:57.936+0900] {logging_mixin.py:190} INFO - [2026-04-10T09:45:57.935+0900] {dagbag.py:587} INFO - Filling up the DagBag from /home/airflow/.local/lib/python3.12/site-packages/airflow/example_dags/example_trigger_controller_dag.py
[2026-04-10T09:45:57.941+0900] {processor.py:925} INFO - DAG(s) 'example_trigger_controller_dag' retrieved from /home/airflow/.local/lib/python3.12/site-packages/airflow/example_dags/example_trigger_controller_dag.py
[2026-04-10T09:45:57.956+0900] {logging_mixin.py:190} INFO - [2026-04-10T09:45:57.955+0900] {dag.py:3211} INFO - Sync 1 DAGs
[2026-04-10T09:45:57.971+0900] {logging_mixin.py:190} INFO - [2026-04-10T09:45:57.971+0900] {dag.py:4138} INFO - Setting next_dagrun for example_trigger_controller_dag to 2021-01-01 00:00:00+00:00, run_after=2021-01-01 00:00:00+00:00
[2026-04-10T09:45:57.984+0900] {processor.py:208} INFO - Processing /home/airflow/.local/lib/python3.12/site-packages/airflow/example_dags/example_trigger_controller_dag.py took 0.056 seconds
[2026-04-10T09:46:28.820+0900] {processor.py:186} INFO - Started process (PID=151181) to work on /home/airflow/.local/lib/python3.12/site-packages/airflow/example_dags/example_trigger_controller_dag.py
[2026-04-10T09:46:28.821+0900] {processor.py:914} INFO - Processing file /home/airflow/.local/lib/python3.12/site-packages/airflow/example_dags/example_trigger_controller_dag.py for tasks to queue
[2026-04-10T09:46:28.823+0900] {logging_mixin.py:190} INFO - [2026-04-10T09:46:28.823+0900] {dagbag.py:587} INFO - Filling up the DagBag from /home/airflow/.local/lib/python3.12/site-packages/airflow/example_dags/example_trigger_controller_dag.py
[2026-04-10T09:46:28.829+0900] {processor.py:925} INFO - DAG(s) 'example_trigger_controller_dag' retrieved from /home/airflow/.local/lib/python3.12/site-packages/airflow/example_dags/example_trigger_controller_dag.py
[2026-04-10T09:46:28.846+0900] {logging_mixin.py:190} INFO - [2026-04-10T09:46:28.846+0900] {dag.py:3211} INFO - Sync 1 DAGs
[2026-04-10T09:46:28.862+0900] {logging_mixin.py:190} INFO - [2026-04-10T09:46:28.861+0900] {dag.py:4138} INFO - Setting next_dagrun for example_trigger_controller_dag to 2021-01-01 00:00:00+00:00, run_after=2021-01-01 00:00:00+00:00
[2026-04-10T09:46:28.875+0900] {processor.py:208} INFO - Processing /home/airflow/.local/lib/python3.12/site-packages/airflow/example_dags/example_trigger_controller_dag.py took 0.061 seconds
[2026-04-10T09:46:59.375+0900] {processor.py:186} INFO - Started process (PID=151244) to work on /home/airflow/.local/lib/python3.12/site-packages/airflow/example_dags/example_trigger_controller_dag.py
[2026-04-10T09:46:59.377+0900] {processor.py:914} INFO - Processing file /home/airflow/.local/lib/python3.12/site-packages/airflow/example_dags/example_trigger_controller_dag.py for tasks to queue
[2026-04-10T09:46:59.379+0900] {logging_mixin.py:190} INFO - [2026-04-10T09:46:59.379+0900] {dagbag.py:587} INFO - Filling up the DagBag from /home/airflow/.local/lib/python3.12/site-packages/airflow/example_dags/example_trigger_controller_dag.py
[2026-04-10T09:46:59.385+0900] {processor.py:925} INFO - DAG(s) 'example_trigger_controller_dag' retrieved from /home/airflow/.local/lib/python3.12/site-packages/airflow/example_dags/example_trigger_controller_dag.py
[2026-04-10T09:46:59.402+0900] {logging_mixin.py:190} INFO - [2026-04-10T09:46:59.402+0900] {dag.py:3211} INFO - Sync 1 DAGs
[2026-04-10T09:46:59.419+0900] {logging_mixin.py:190} INFO - [2026-04-10T09:46:59.419+0900] {dag.py:4138} INFO - Setting next_dagrun for example_trigger_controller_dag to 2021-01-01 00:00:00+00:00, run_after=2021-01-01 00:00:00+00:00
[2026-04-10T09:46:59.433+0900] {processor.py:208} INFO - Processing /home/airflow/.local/lib/python3.12/site-packages/airflow/example_dags/example_trigger_controller_dag.py took 0.065 seconds
[2026-04-10T09:47:29.871+0900] {processor.py:186} INFO - Started process (PID=151307) to work on /home/airflow/.local/lib/python3.12/site-packages/airflow/example_dags/example_trigger_controller_dag.py
[2026-04-10T09:47:29.873+0900] {processor.py:914} INFO - Processing file /home/airflow/.local/lib/python3.12/site-packages/airflow/example_dags/example_trigger_controller_dag.py for tasks to queue
[2026-04-10T09:47:29.876+0900] {logging_mixin.py:190} INFO - [2026-04-10T09:47:29.876+0900] {dagbag.py:587} INFO - Filling up the DagBag from /home/airflow/.local/lib/python3.12/site-packages/airflow/example_dags/example_trigger_controller_dag.py
[2026-04-10T09:47:29.882+0900] {processor.py:925} INFO - DAG(s) 'example_trigger_controller_dag' retrieved from /home/airflow/.local/lib/python3.12/site-packages/airflow/example_dags/example_trigger_controller_dag.py
[2026-04-10T09:47:29.898+0900] {logging_mixin.py:190} INFO - [2026-04-10T09:47:29.898+0900] {dag.py:3211} INFO - Sync 1 DAGs
[2026-04-10T09:47:29.914+0900] {logging_mixin.py:190} INFO - [2026-04-10T09:47:29.914+0900] {dag.py:4138} INFO - Setting next_dagrun for example_trigger_controller_dag to 2021-01-01 00:00:00+00:00, run_after=2021-01-01 00:00:00+00:00
[2026-04-10T09:47:29.929+0900] {processor.py:208} INFO - Processing /home/airflow/.local/lib/python3.12/site-packages/airflow/example_dags/example_trigger_controller_dag.py took 0.062 seconds
[2026-04-10T09:48:00.417+0900] {processor.py:186} INFO - Started process (PID=151370) to work on /home/airflow/.local/lib/python3.12/site-packages/airflow/example_dags/example_trigger_controller_dag.py
[2026-04-10T09:48:00.418+0900] {processor.py:914} INFO - Processing file /home/airflow/.local/lib/python3.12/site-packages/airflow/example_dags/example_trigger_controller_dag.py for tasks to queue
[2026-04-10T09:48:00.420+0900] {logging_mixin.py:190} INFO - [2026-04-10T09:48:00.420+0900] {dagbag.py:587} INFO - Filling up the DagBag from /home/airflow/.local/lib/python3.12/site-packages/airflow/example_dags/example_trigger_controller_dag.py
[2026-04-10T09:48:00.425+0900] {processor.py:925} INFO - DAG(s) 'example_trigger_controller_dag' retrieved from /home/airflow/.local/lib/python3.12/site-packages/airflow/example_dags/example_trigger_controller_dag.py
[2026-04-10T09:48:00.440+0900] {logging_mixin.py:190} INFO - [2026-04-10T09:48:00.440+0900] {dag.py:3211} INFO - Sync 1 DAGs
[2026-04-10T09:48:00.455+0900] {logging_mixin.py:190} INFO - [2026-04-10T09:48:00.455+0900] {dag.py:4138} INFO - Setting next_dagrun for example_trigger_controller_dag to 2021-01-01 00:00:00+00:00, run_after=2021-01-01 00:00:00+00:00
[2026-04-10T09:48:00.468+0900] {processor.py:208} INFO - Processing /home/airflow/.local/lib/python3.12/site-packages/airflow/example_dags/example_trigger_controller_dag.py took 0.056 seconds
[2026-04-10T09:48:31.078+0900] {processor.py:186} INFO - Started process (PID=151433) to work on /home/airflow/.local/lib/python3.12/site-packages/airflow/example_dags/example_trigger_controller_dag.py
[2026-04-10T09:48:31.079+0900] {processor.py:914} INFO - Processing file /home/airflow/.local/lib/python3.12/site-packages/airflow/example_dags/example_trigger_controller_dag.py for tasks to queue
[2026-04-10T09:48:31.081+0900] {logging_mixin.py:190} INFO - [2026-04-10T09:48:31.081+0900] {dagbag.py:587} INFO - Filling up the DagBag from /home/airflow/.local/lib/python3.12/site-packages/airflow/example_dags/example_trigger_controller_dag.py
[2026-04-10T09:48:31.087+0900] {processor.py:925} INFO - DAG(s) 'example_trigger_controller_dag' retrieved from /home/airflow/.local/lib/python3.12/site-packages/airflow/example_dags/example_trigger_controller_dag.py
[2026-04-10T09:48:31.102+0900] {logging_mixin.py:190} INFO - [2026-04-10T09:48:31.101+0900] {dag.py:3211} INFO - Sync 1 DAGs
[2026-04-10T09:48:31.118+0900] {logging_mixin.py:190} INFO - [2026-04-10T09:48:31.118+0900] {dag.py:4138} INFO - Setting next_dagrun for example_trigger_controller_dag to 2021-01-01 00:00:00+00:00, run_after=2021-01-01 00:00:00+00:00
[2026-04-10T09:48:31.132+0900] {processor.py:208} INFO - Processing /home/airflow/.local/lib/python3.12/site-packages/airflow/example_dags/example_trigger_controller_dag.py took 0.059 seconds
[2026-04-10T09:49:01.228+0900] {processor.py:186} INFO - Started process (PID=151496) to work on /home/airflow/.local/lib/python3.12/site-packages/airflow/example_dags/example_trigger_controller_dag.py
[2026-04-10T09:49:01.229+0900] {processor.py:914} INFO - Processing file /home/airflow/.local/lib/python3.12/site-packages/airflow/example_dags/example_trigger_controller_dag.py for tasks to queue
[2026-04-10T09:49:01.232+0900] {logging_mixin.py:190} INFO - [2026-04-10T09:49:01.232+0900] {dagbag.py:587} INFO - Filling up the DagBag from /home/airflow/.local/lib/python3.12/site-packages/airflow/example_dags/example_trigger_controller_dag.py
[2026-04-10T09:49:01.238+0900] {processor.py:925} INFO - DAG(s) 'example_trigger_controller_dag' retrieved from /home/airflow/.local/lib/python3.12/site-packages/airflow/example_dags/example_trigger_controller_dag.py
[2026-04-10T09:49:01.253+0900] {logging_mixin.py:190} INFO - [2026-04-10T09:49:01.253+0900] {dag.py:3211} INFO - Sync 1 DAGs
[2026-04-10T09:49:01.270+0900] {logging_mixin.py:190} INFO - [2026-04-10T09:49:01.269+0900] {dag.py:4138} INFO - Setting next_dagrun for example_trigger_controller_dag to 2021-01-01 00:00:00+00:00, run_after=2021-01-01 00:00:00+00:00
[2026-04-10T09:49:01.284+0900] {processor.py:208} INFO - Processing /home/airflow/.local/lib/python3.12/site-packages/airflow/example_dags/example_trigger_controller_dag.py took 0.062 seconds
[2026-04-10T09:49:31.457+0900] {processor.py:186} INFO - Started process (PID=151560) to work on /home/airflow/.local/lib/python3.12/site-packages/airflow/example_dags/example_trigger_controller_dag.py
[2026-04-10T09:49:31.458+0900] {processor.py:914} INFO - Processing file /home/airflow/.local/lib/python3.12/site-packages/airflow/example_dags/example_trigger_controller_dag.py for tasks to queue
[2026-04-10T09:49:31.460+0900] {logging_mixin.py:190} INFO - [2026-04-10T09:49:31.460+0900] {dagbag.py:587} INFO - Filling up the DagBag from /home/airflow/.local/lib/python3.12/site-packages/airflow/example_dags/example_trigger_controller_dag.py
[2026-04-10T09:49:31.465+0900] {processor.py:925} INFO - DAG(s) 'example_trigger_controller_dag' retrieved from /home/airflow/.local/lib/python3.12/site-packages/airflow/example_dags/example_trigger_controller_dag.py
[2026-04-10T09:49:31.480+0900] {logging_mixin.py:190} INFO - [2026-04-10T09:49:31.480+0900] {dag.py:3211} INFO - Sync 1 DAGs
[2026-04-10T09:49:31.495+0900] {logging_mixin.py:190} INFO - [2026-04-10T09:49:31.495+0900] {dag.py:4138} INFO - Setting next_dagrun for example_trigger_controller_dag to 2021-01-01 00:00:00+00:00, run_after=2021-01-01 00:00:00+00:00
[2026-04-10T09:49:31.508+0900] {processor.py:208} INFO - Processing /home/airflow/.local/lib/python3.12/site-packages/airflow/example_dags/example_trigger_controller_dag.py took 0.056 seconds
[2026-04-10T09:50:01.939+0900] {processor.py:186} INFO - Started process (PID=151623) to work on /home/airflow/.local/lib/python3.12/site-packages/airflow/example_dags/example_trigger_controller_dag.py
[2026-04-10T09:50:01.940+0900] {processor.py:914} INFO - Processing file /home/airflow/.local/lib/python3.12/site-packages/airflow/example_dags/example_trigger_controller_dag.py for tasks to queue
[2026-04-10T09:50:01.942+0900] {logging_mixin.py:190} INFO - [2026-04-10T09:50:01.942+0900] {dagbag.py:587} INFO - Filling up the DagBag from /home/airflow/.local/lib/python3.12/site-packages/airflow/example_dags/example_trigger_controller_dag.py
[2026-04-10T09:50:01.948+0900] {processor.py:925} INFO - DAG(s) 'example_trigger_controller_dag' retrieved from /home/airflow/.local/lib/python3.12/site-packages/airflow/example_dags/example_trigger_controller_dag.py
[2026-04-10T09:50:01.963+0900] {logging_mixin.py:190} INFO - [2026-04-10T09:50:01.963+0900] {dag.py:3211} INFO - Sync 1 DAGs
[2026-04-10T09:50:01.978+0900] {logging_mixin.py:190} INFO - [2026-04-10T09:50:01.978+0900] {dag.py:4138} INFO - Setting next_dagrun for example_trigger_controller_dag to 2021-01-01 00:00:00+00:00, run_after=2021-01-01 00:00:00+00:00
[2026-04-10T09:50:01.992+0900] {processor.py:208} INFO - Processing /home/airflow/.local/lib/python3.12/site-packages/airflow/example_dags/example_trigger_controller_dag.py took 0.058 seconds
[2026-04-10T09:50:32.447+0900] {processor.py:186} INFO - Started process (PID=151686) to work on /home/airflow/.local/lib/python3.12/site-packages/airflow/example_dags/example_trigger_controller_dag.py
[2026-04-10T09:50:32.448+0900] {processor.py:914} INFO - Processing file /home/airflow/.local/lib/python3.12/site-packages/airflow/example_dags/example_trigger_controller_dag.py for tasks to queue
[2026-04-10T09:50:32.450+0900] {logging_mixin.py:190} INFO - [2026-04-10T09:50:32.450+0900] {dagbag.py:587} INFO - Filling up the DagBag from /home/airflow/.local/lib/python3.12/site-packages/airflow/example_dags/example_trigger_controller_dag.py
[2026-04-10T09:50:32.456+0900] {processor.py:925} INFO - DAG(s) 'example_trigger_controller_dag' retrieved from /home/airflow/.local/lib/python3.12/site-packages/airflow/example_dags/example_trigger_controller_dag.py
[2026-04-10T09:50:32.469+0900] {logging_mixin.py:190} INFO - [2026-04-10T09:50:32.469+0900] {dag.py:3211} INFO - Sync 1 DAGs
[2026-04-10T09:50:32.485+0900] {logging_mixin.py:190} INFO - [2026-04-10T09:50:32.484+0900] {dag.py:4138} INFO - Setting next_dagrun for example_trigger_controller_dag to 2021-01-01 00:00:00+00:00, run_after=2021-01-01 00:00:00+00:00
[2026-04-10T09:50:32.497+0900] {processor.py:208} INFO - Processing /home/airflow/.local/lib/python3.12/site-packages/airflow/example_dags/example_trigger_controller_dag.py took 0.054 seconds
[2026-04-10T09:51:02.939+0900] {processor.py:186} INFO - Started process (PID=151749) to work on /home/airflow/.local/lib/python3.12/site-packages/airflow/example_dags/example_trigger_controller_dag.py
[2026-04-10T09:51:02.940+0900] {processor.py:914} INFO - Processing file /home/airflow/.local/lib/python3.12/site-packages/airflow/example_dags/example_trigger_controller_dag.py for tasks to queue
[2026-04-10T09:51:02.943+0900] {logging_mixin.py:190} INFO - [2026-04-10T09:51:02.943+0900] {dagbag.py:587} INFO - Filling up the DagBag from /home/airflow/.local/lib/python3.12/site-packages/airflow/example_dags/example_trigger_controller_dag.py
[2026-04-10T09:51:02.951+0900] {processor.py:925} INFO - DAG(s) 'example_trigger_controller_dag' retrieved from /home/airflow/.local/lib/python3.12/site-packages/airflow/example_dags/example_trigger_controller_dag.py
[2026-04-10T09:51:02.974+0900] {logging_mixin.py:190} INFO - [2026-04-10T09:51:02.973+0900] {dag.py:3211} INFO - Sync 1 DAGs
[2026-04-10T09:51:02.998+0900] {logging_mixin.py:190} INFO - [2026-04-10T09:51:02.997+0900] {dag.py:4138} INFO - Setting next_dagrun for example_trigger_controller_dag to 2021-01-01 00:00:00+00:00, run_after=2021-01-01 00:00:00+00:00
[2026-04-10T09:51:03.018+0900] {processor.py:208} INFO - Processing /home/airflow/.local/lib/python3.12/site-packages/airflow/example_dags/example_trigger_controller_dag.py took 0.085 seconds
[2026-04-10T09:51:33.272+0900] {processor.py:186} INFO - Started process (PID=151812) to work on /home/airflow/.local/lib/python3.12/site-packages/airflow/example_dags/example_trigger_controller_dag.py
[2026-04-10T09:51:33.273+0900] {processor.py:914} INFO - Processing file /home/airflow/.local/lib/python3.12/site-packages/airflow/example_dags/example_trigger_controller_dag.py for tasks to queue
[2026-04-10T09:51:33.275+0900] {logging_mixin.py:190} INFO - [2026-04-10T09:51:33.275+0900] {dagbag.py:587} INFO - Filling up the DagBag from /home/airflow/.local/lib/python3.12/site-packages/airflow/example_dags/example_trigger_controller_dag.py
[2026-04-10T09:51:33.281+0900] {processor.py:925} INFO - DAG(s) 'example_trigger_controller_dag' retrieved from /home/airflow/.local/lib/python3.12/site-packages/airflow/example_dags/example_trigger_controller_dag.py
[2026-04-10T09:51:33.299+0900] {logging_mixin.py:190} INFO - [2026-04-10T09:51:33.299+0900] {dag.py:3211} INFO - Sync 1 DAGs
[2026-04-10T09:51:33.326+0900] {logging_mixin.py:190} INFO - [2026-04-10T09:51:33.326+0900] {dag.py:4138} INFO - Setting next_dagrun for example_trigger_controller_dag to 2021-01-01 00:00:00+00:00, run_after=2021-01-01 00:00:00+00:00
[2026-04-10T09:51:33.348+0900] {processor.py:208} INFO - Processing /home/airflow/.local/lib/python3.12/site-packages/airflow/example_dags/example_trigger_controller_dag.py took 0.081 seconds
[2026-04-10T09:52:03.758+0900] {processor.py:186} INFO - Started process (PID=151875) to work on /home/airflow/.local/lib/python3.12/site-packages/airflow/example_dags/example_trigger_controller_dag.py
[2026-04-10T09:52:03.760+0900] {processor.py:914} INFO - Processing file /home/airflow/.local/lib/python3.12/site-packages/airflow/example_dags/example_trigger_controller_dag.py for tasks to queue
[2026-04-10T09:52:03.762+0900] {logging_mixin.py:190} INFO - [2026-04-10T09:52:03.761+0900] {dagbag.py:587} INFO - Filling up the DagBag from /home/airflow/.local/lib/python3.12/site-packages/airflow/example_dags/example_trigger_controller_dag.py
[2026-04-10T09:52:03.769+0900] {processor.py:925} INFO - DAG(s) 'example_trigger_controller_dag' retrieved from /home/airflow/.local/lib/python3.12/site-packages/airflow/example_dags/example_trigger_controller_dag.py
[2026-04-10T09:52:03.784+0900] {logging_mixin.py:190} INFO - [2026-04-10T09:52:03.784+0900] {dag.py:3211} INFO - Sync 1 DAGs
[2026-04-10T09:52:03.800+0900] {logging_mixin.py:190} INFO - [2026-04-10T09:52:03.800+0900] {dag.py:4138} INFO - Setting next_dagrun for example_trigger_controller_dag to 2021-01-01 00:00:00+00:00, run_after=2021-01-01 00:00:00+00:00
[2026-04-10T09:52:03.814+0900] {processor.py:208} INFO - Processing /home/airflow/.local/lib/python3.12/site-packages/airflow/example_dags/example_trigger_controller_dag.py took 0.061 seconds
[2026-04-10T09:52:34.722+0900] {processor.py:186} INFO - Started process (PID=151939) to work on /home/airflow/.local/lib/python3.12/site-packages/airflow/example_dags/example_trigger_controller_dag.py
[2026-04-10T09:52:34.724+0900] {processor.py:914} INFO - Processing file /home/airflow/.local/lib/python3.12/site-packages/airflow/example_dags/example_trigger_controller_dag.py for tasks to queue
[2026-04-10T09:52:34.726+0900] {logging_mixin.py:190} INFO - [2026-04-10T09:52:34.726+0900] {dagbag.py:587} INFO - Filling up the DagBag from /home/airflow/.local/lib/python3.12/site-packages/airflow/example_dags/example_trigger_controller_dag.py
[2026-04-10T09:52:34.732+0900] {processor.py:925} INFO - DAG(s) 'example_trigger_controller_dag' retrieved from /home/airflow/.local/lib/python3.12/site-packages/airflow/example_dags/example_trigger_controller_dag.py
[2026-04-10T09:52:34.749+0900] {logging_mixin.py:190} INFO - [2026-04-10T09:52:34.749+0900] {dag.py:3211} INFO - Sync 1 DAGs
[2026-04-10T09:52:34.771+0900] {logging_mixin.py:190} INFO - [2026-04-10T09:52:34.771+0900] {dag.py:4138} INFO - Setting next_dagrun for example_trigger_controller_dag to 2021-01-01 00:00:00+00:00, run_after=2021-01-01 00:00:00+00:00
[2026-04-10T09:52:34.787+0900] {processor.py:208} INFO - Processing /home/airflow/.local/lib/python3.12/site-packages/airflow/example_dags/example_trigger_controller_dag.py took 0.069 seconds
[2026-04-10T09:53:04.897+0900] {processor.py:186} INFO - Started process (PID=152001) to work on /home/airflow/.local/lib/python3.12/site-packages/airflow/example_dags/example_trigger_controller_dag.py
[2026-04-10T09:53:04.898+0900] {processor.py:914} INFO - Processing file /home/airflow/.local/lib/python3.12/site-packages/airflow/example_dags/example_trigger_controller_dag.py for tasks to queue
[2026-04-10T09:53:04.900+0900] {logging_mixin.py:190} INFO - [2026-04-10T09:53:04.900+0900] {dagbag.py:587} INFO - Filling up the DagBag from /home/airflow/.local/lib/python3.12/site-packages/airflow/example_dags/example_trigger_controller_dag.py
[2026-04-10T09:53:04.906+0900] {processor.py:925} INFO - DAG(s) 'example_trigger_controller_dag' retrieved from /home/airflow/.local/lib/python3.12/site-packages/airflow/example_dags/example_trigger_controller_dag.py
[2026-04-10T09:53:04.922+0900] {logging_mixin.py:190} INFO - [2026-04-10T09:53:04.922+0900] {dag.py:3211} INFO - Sync 1 DAGs
[2026-04-10T09:53:04.937+0900] {logging_mixin.py:190} INFO - [2026-04-10T09:53:04.937+0900] {dag.py:4138} INFO - Setting next_dagrun for example_trigger_controller_dag to 2021-01-01 00:00:00+00:00, run_after=2021-01-01 00:00:00+00:00
[2026-04-10T09:53:04.952+0900] {processor.py:208} INFO - Processing /home/airflow/.local/lib/python3.12/site-packages/airflow/example_dags/example_trigger_controller_dag.py took 0.060 seconds
[2026-04-10T09:53:35.340+0900] {processor.py:186} INFO - Started process (PID=152064) to work on /home/airflow/.local/lib/python3.12/site-packages/airflow/example_dags/example_trigger_controller_dag.py
[2026-04-10T09:53:35.341+0900] {processor.py:914} INFO - Processing file /home/airflow/.local/lib/python3.12/site-packages/airflow/example_dags/example_trigger_controller_dag.py for tasks to queue
[2026-04-10T09:53:35.343+0900] {logging_mixin.py:190} INFO - [2026-04-10T09:53:35.343+0900] {dagbag.py:587} INFO - Filling up the DagBag from /home/airflow/.local/lib/python3.12/site-packages/airflow/example_dags/example_trigger_controller_dag.py
[2026-04-10T09:53:35.349+0900] {processor.py:925} INFO - DAG(s) 'example_trigger_controller_dag' retrieved from /home/airflow/.local/lib/python3.12/site-packages/airflow/example_dags/example_trigger_controller_dag.py
[2026-04-10T09:53:35.365+0900] {logging_mixin.py:190} INFO - [2026-04-10T09:53:35.364+0900] {dag.py:3211} INFO - Sync 1 DAGs
[2026-04-10T09:53:35.381+0900] {logging_mixin.py:190} INFO - [2026-04-10T09:53:35.380+0900] {dag.py:4138} INFO - Setting next_dagrun for example_trigger_controller_dag to 2021-01-01 00:00:00+00:00, run_after=2021-01-01 00:00:00+00:00
[2026-04-10T09:53:35.396+0900] {processor.py:208} INFO - Processing /home/airflow/.local/lib/python3.12/site-packages/airflow/example_dags/example_trigger_controller_dag.py took 0.060 seconds
[2026-04-10T09:54:05.606+0900] {processor.py:186} INFO - Started process (PID=152127) to work on /home/airflow/.local/lib/python3.12/site-packages/airflow/example_dags/example_trigger_controller_dag.py
[2026-04-10T09:54:05.607+0900] {processor.py:914} INFO - Processing file /home/airflow/.local/lib/python3.12/site-packages/airflow/example_dags/example_trigger_controller_dag.py for tasks to queue
[2026-04-10T09:54:05.609+0900] {logging_mixin.py:190} INFO - [2026-04-10T09:54:05.609+0900] {dagbag.py:587} INFO - Filling up the DagBag from /home/airflow/.local/lib/python3.12/site-packages/airflow/example_dags/example_trigger_controller_dag.py
[2026-04-10T09:54:05.615+0900] {processor.py:925} INFO - DAG(s) 'example_trigger_controller_dag' retrieved from /home/airflow/.local/lib/python3.12/site-packages/airflow/example_dags/example_trigger_controller_dag.py
[2026-04-10T09:54:05.630+0900] {logging_mixin.py:190} INFO - [2026-04-10T09:54:05.630+0900] {dag.py:3211} INFO - Sync 1 DAGs
[2026-04-10T09:54:05.646+0900] {logging_mixin.py:190} INFO - [2026-04-10T09:54:05.646+0900] {dag.py:4138} INFO - Setting next_dagrun for example_trigger_controller_dag to 2021-01-01 00:00:00+00:00, run_after=2021-01-01 00:00:00+00:00
[2026-04-10T09:54:05.660+0900] {processor.py:208} INFO - Processing /home/airflow/.local/lib/python3.12/site-packages/airflow/example_dags/example_trigger_controller_dag.py took 0.059 seconds
[2026-04-10T09:54:36.476+0900] {processor.py:186} INFO - Started process (PID=152190) to work on /home/airflow/.local/lib/python3.12/site-packages/airflow/example_dags/example_trigger_controller_dag.py
[2026-04-10T09:54:36.477+0900] {processor.py:914} INFO - Processing file /home/airflow/.local/lib/python3.12/site-packages/airflow/example_dags/example_trigger_controller_dag.py for tasks to queue
[2026-04-10T09:54:36.479+0900] {logging_mixin.py:190} INFO - [2026-04-10T09:54:36.479+0900] {dagbag.py:587} INFO - Filling up the DagBag from /home/airflow/.local/lib/python3.12/site-packages/airflow/example_dags/example_trigger_controller_dag.py
[2026-04-10T09:54:36.485+0900] {processor.py:925} INFO - DAG(s) 'example_trigger_controller_dag' retrieved from /home/airflow/.local/lib/python3.12/site-packages/airflow/example_dags/example_trigger_controller_dag.py
[2026-04-10T09:54:36.503+0900] {logging_mixin.py:190} INFO - [2026-04-10T09:54:36.502+0900] {dag.py:3211} INFO - Sync 1 DAGs
[2026-04-10T09:54:36.518+0900] {logging_mixin.py:190} INFO - [2026-04-10T09:54:36.518+0900] {dag.py:4138} INFO - Setting next_dagrun for example_trigger_controller_dag to 2021-01-01 00:00:00+00:00, run_after=2021-01-01 00:00:00+00:00
[2026-04-10T09:54:36.532+0900] {processor.py:208} INFO - Processing /home/airflow/.local/lib/python3.12/site-packages/airflow/example_dags/example_trigger_controller_dag.py took 0.061 seconds
[2026-04-10T09:55:06.989+0900] {processor.py:186} INFO - Started process (PID=152253) to work on /home/airflow/.local/lib/python3.12/site-packages/airflow/example_dags/example_trigger_controller_dag.py
[2026-04-10T09:55:06.991+0900] {processor.py:914} INFO - Processing file /home/airflow/.local/lib/python3.12/site-packages/airflow/example_dags/example_trigger_controller_dag.py for tasks to queue
[2026-04-10T09:55:06.994+0900] {logging_mixin.py:190} INFO - [2026-04-10T09:55:06.993+0900] {dagbag.py:587} INFO - Filling up the DagBag from /home/airflow/.local/lib/python3.12/site-packages/airflow/example_dags/example_trigger_controller_dag.py
[2026-04-10T09:55:06.999+0900] {processor.py:925} INFO - DAG(s) 'example_trigger_controller_dag' retrieved from /home/airflow/.local/lib/python3.12/site-packages/airflow/example_dags/example_trigger_controller_dag.py
[2026-04-10T09:55:07.017+0900] {logging_mixin.py:190} INFO - [2026-04-10T09:55:07.017+0900] {dag.py:3211} INFO - Sync 1 DAGs
[2026-04-10T09:55:07.035+0900] {logging_mixin.py:190} INFO - [2026-04-10T09:55:07.035+0900] {dag.py:4138} INFO - Setting next_dagrun for example_trigger_controller_dag to 2021-01-01 00:00:00+00:00, run_after=2021-01-01 00:00:00+00:00
[2026-04-10T09:55:07.050+0900] {processor.py:208} INFO - Processing /home/airflow/.local/lib/python3.12/site-packages/airflow/example_dags/example_trigger_controller_dag.py took 0.067 seconds
[2026-04-10T09:55:37.261+0900] {processor.py:186} INFO - Started process (PID=152316) to work on /home/airflow/.local/lib/python3.12/site-packages/airflow/example_dags/example_trigger_controller_dag.py
[2026-04-10T09:55:37.262+0900] {processor.py:914} INFO - Processing file /home/airflow/.local/lib/python3.12/site-packages/airflow/example_dags/example_trigger_controller_dag.py for tasks to queue
[2026-04-10T09:55:37.265+0900] {logging_mixin.py:190} INFO - [2026-04-10T09:55:37.264+0900] {dagbag.py:587} INFO - Filling up the DagBag from /home/airflow/.local/lib/python3.12/site-packages/airflow/example_dags/example_trigger_controller_dag.py
[2026-04-10T09:55:37.271+0900] {processor.py:925} INFO - DAG(s) 'example_trigger_controller_dag' retrieved from /home/airflow/.local/lib/python3.12/site-packages/airflow/example_dags/example_trigger_controller_dag.py
[2026-04-10T09:55:37.287+0900] {logging_mixin.py:190} INFO - [2026-04-10T09:55:37.287+0900] {dag.py:3211} INFO - Sync 1 DAGs
[2026-04-10T09:55:37.305+0900] {logging_mixin.py:190} INFO - [2026-04-10T09:55:37.305+0900] {dag.py:4138} INFO - Setting next_dagrun for example_trigger_controller_dag to 2021-01-01 00:00:00+00:00, run_after=2021-01-01 00:00:00+00:00
[2026-04-10T09:55:37.321+0900] {processor.py:208} INFO - Processing /home/airflow/.local/lib/python3.12/site-packages/airflow/example_dags/example_trigger_controller_dag.py took 0.066 seconds
[2026-04-10T09:56:07.577+0900] {processor.py:186} INFO - Started process (PID=152384) to work on /home/airflow/.local/lib/python3.12/site-packages/airflow/example_dags/example_trigger_controller_dag.py
[2026-04-10T09:56:07.579+0900] {processor.py:914} INFO - Processing file /home/airflow/.local/lib/python3.12/site-packages/airflow/example_dags/example_trigger_controller_dag.py for tasks to queue
[2026-04-10T09:56:07.581+0900] {logging_mixin.py:190} INFO - [2026-04-10T09:56:07.580+0900] {dagbag.py:587} INFO - Filling up the DagBag from /home/airflow/.local/lib/python3.12/site-packages/airflow/example_dags/example_trigger_controller_dag.py
[2026-04-10T09:56:07.586+0900] {processor.py:925} INFO - DAG(s) 'example_trigger_controller_dag' retrieved from /home/airflow/.local/lib/python3.12/site-packages/airflow/example_dags/example_trigger_controller_dag.py
[2026-04-10T09:56:07.602+0900] {logging_mixin.py:190} INFO - [2026-04-10T09:56:07.602+0900] {dag.py:3211} INFO - Sync 1 DAGs
[2026-04-10T09:56:07.618+0900] {logging_mixin.py:190} INFO - [2026-04-10T09:56:07.617+0900] {dag.py:4138} INFO - Setting next_dagrun for example_trigger_controller_dag to 2021-01-01 00:00:00+00:00, run_after=2021-01-01 00:00:00+00:00
[2026-04-10T09:56:07.633+0900] {processor.py:208} INFO - Processing /home/airflow/.local/lib/python3.12/site-packages/airflow/example_dags/example_trigger_controller_dag.py took 0.060 seconds
[2026-04-10T09:56:38.168+0900] {processor.py:186} INFO - Started process (PID=152446) to work on /home/airflow/.local/lib/python3.12/site-packages/airflow/example_dags/example_trigger_controller_dag.py
[2026-04-10T09:56:38.168+0900] {processor.py:914} INFO - Processing file /home/airflow/.local/lib/python3.12/site-packages/airflow/example_dags/example_trigger_controller_dag.py for tasks to queue
[2026-04-10T09:56:38.170+0900] {logging_mixin.py:190} INFO - [2026-04-10T09:56:38.170+0900] {dagbag.py:587} INFO - Filling up the DagBag from /home/airflow/.local/lib/python3.12/site-packages/airflow/example_dags/example_trigger_controller_dag.py
[2026-04-10T09:56:38.175+0900] {processor.py:925} INFO - DAG(s) 'example_trigger_controller_dag' retrieved from /home/airflow/.local/lib/python3.12/site-packages/airflow/example_dags/example_trigger_controller_dag.py
[2026-04-10T09:56:38.190+0900] {logging_mixin.py:190} INFO - [2026-04-10T09:56:38.190+0900] {dag.py:3211} INFO - Sync 1 DAGs
[2026-04-10T09:56:38.205+0900] {logging_mixin.py:190} INFO - [2026-04-10T09:56:38.205+0900] {dag.py:4138} INFO - Setting next_dagrun for example_trigger_controller_dag to 2021-01-01 00:00:00+00:00, run_after=2021-01-01 00:00:00+00:00
[2026-04-10T09:56:38.217+0900] {processor.py:208} INFO - Processing /home/airflow/.local/lib/python3.12/site-packages/airflow/example_dags/example_trigger_controller_dag.py took 0.054 seconds
[2026-04-10T09:57:08.799+0900] {processor.py:186} INFO - Started process (PID=152509) to work on /home/airflow/.local/lib/python3.12/site-packages/airflow/example_dags/example_trigger_controller_dag.py
[2026-04-10T09:57:08.800+0900] {processor.py:914} INFO - Processing file /home/airflow/.local/lib/python3.12/site-packages/airflow/example_dags/example_trigger_controller_dag.py for tasks to queue
[2026-04-10T09:57:08.802+0900] {logging_mixin.py:190} INFO - [2026-04-10T09:57:08.802+0900] {dagbag.py:587} INFO - Filling up the DagBag from /home/airflow/.local/lib/python3.12/site-packages/airflow/example_dags/example_trigger_controller_dag.py
[2026-04-10T09:57:08.808+0900] {processor.py:925} INFO - DAG(s) 'example_trigger_controller_dag' retrieved from /home/airflow/.local/lib/python3.12/site-packages/airflow/example_dags/example_trigger_controller_dag.py
[2026-04-10T09:57:08.823+0900] {logging_mixin.py:190} INFO - [2026-04-10T09:57:08.822+0900] {dag.py:3211} INFO - Sync 1 DAGs
[2026-04-10T09:57:08.838+0900] {logging_mixin.py:190} INFO - [2026-04-10T09:57:08.838+0900] {dag.py:4138} INFO - Setting next_dagrun for example_trigger_controller_dag to 2021-01-01 00:00:00+00:00, run_after=2021-01-01 00:00:00+00:00
[2026-04-10T09:57:08.852+0900] {processor.py:208} INFO - Processing /home/airflow/.local/lib/python3.12/site-packages/airflow/example_dags/example_trigger_controller_dag.py took 0.058 seconds
[2026-04-10T09:57:39.503+0900] {processor.py:186} INFO - Started process (PID=152572) to work on /home/airflow/.local/lib/python3.12/site-packages/airflow/example_dags/example_trigger_controller_dag.py
[2026-04-10T09:57:39.504+0900] {processor.py:914} INFO - Processing file /home/airflow/.local/lib/python3.12/site-packages/airflow/example_dags/example_trigger_controller_dag.py for tasks to queue
[2026-04-10T09:57:39.507+0900] {logging_mixin.py:190} INFO - [2026-04-10T09:57:39.506+0900] {dagbag.py:587} INFO - Filling up the DagBag from /home/airflow/.local/lib/python3.12/site-packages/airflow/example_dags/example_trigger_controller_dag.py
[2026-04-10T09:57:39.514+0900] {processor.py:925} INFO - DAG(s) 'example_trigger_controller_dag' retrieved from /home/airflow/.local/lib/python3.12/site-packages/airflow/example_dags/example_trigger_controller_dag.py
[2026-04-10T09:57:39.669+0900] {logging_mixin.py:190} INFO - [2026-04-10T09:57:39.669+0900] {dag.py:3211} INFO - Sync 1 DAGs
[2026-04-10T09:57:39.683+0900] {logging_mixin.py:190} INFO - [2026-04-10T09:57:39.683+0900] {dag.py:4138} INFO - Setting next_dagrun for example_trigger_controller_dag to 2021-01-01 00:00:00+00:00, run_after=2021-01-01 00:00:00+00:00
[2026-04-10T09:57:39.697+0900] {processor.py:208} INFO - Processing /home/airflow/.local/lib/python3.12/site-packages/airflow/example_dags/example_trigger_controller_dag.py took 0.200 seconds
[2026-04-10T09:58:09.753+0900] {processor.py:186} INFO - Started process (PID=152635) to work on /home/airflow/.local/lib/python3.12/site-packages/airflow/example_dags/example_trigger_controller_dag.py
[2026-04-10T09:58:09.754+0900] {processor.py:914} INFO - Processing file /home/airflow/.local/lib/python3.12/site-packages/airflow/example_dags/example_trigger_controller_dag.py for tasks to queue
[2026-04-10T09:58:09.757+0900] {logging_mixin.py:190} INFO - [2026-04-10T09:58:09.756+0900] {dagbag.py:587} INFO - Filling up the DagBag from /home/airflow/.local/lib/python3.12/site-packages/airflow/example_dags/example_trigger_controller_dag.py
[2026-04-10T09:58:09.763+0900] {processor.py:925} INFO - DAG(s) 'example_trigger_controller_dag' retrieved from /home/airflow/.local/lib/python3.12/site-packages/airflow/example_dags/example_trigger_controller_dag.py
[2026-04-10T09:58:09.780+0900] {logging_mixin.py:190} INFO - [2026-04-10T09:58:09.779+0900] {dag.py:3211} INFO - Sync 1 DAGs
[2026-04-10T09:58:09.798+0900] {logging_mixin.py:190} INFO - [2026-04-10T09:58:09.797+0900] {dag.py:4138} INFO - Setting next_dagrun for example_trigger_controller_dag to 2021-01-01 00:00:00+00:00, run_after=2021-01-01 00:00:00+00:00
[2026-04-10T09:58:09.813+0900] {processor.py:208} INFO - Processing /home/airflow/.local/lib/python3.12/site-packages/airflow/example_dags/example_trigger_controller_dag.py took 0.065 seconds
[2026-04-10T09:58:39.865+0900] {processor.py:186} INFO - Started process (PID=152698) to work on /home/airflow/.local/lib/python3.12/site-packages/airflow/example_dags/example_trigger_controller_dag.py
[2026-04-10T09:58:39.867+0900] {processor.py:914} INFO - Processing file /home/airflow/.local/lib/python3.12/site-packages/airflow/example_dags/example_trigger_controller_dag.py for tasks to queue
[2026-04-10T09:58:39.869+0900] {logging_mixin.py:190} INFO - [2026-04-10T09:58:39.869+0900] {dagbag.py:587} INFO - Filling up the DagBag from /home/airflow/.local/lib/python3.12/site-packages/airflow/example_dags/example_trigger_controller_dag.py
[2026-04-10T09:58:39.874+0900] {processor.py:925} INFO - DAG(s) 'example_trigger_controller_dag' retrieved from /home/airflow/.local/lib/python3.12/site-packages/airflow/example_dags/example_trigger_controller_dag.py
[2026-04-10T09:58:39.888+0900] {logging_mixin.py:190} INFO - [2026-04-10T09:58:39.888+0900] {dag.py:3211} INFO - Sync 1 DAGs
[2026-04-10T09:58:39.903+0900] {logging_mixin.py:190} INFO - [2026-04-10T09:58:39.902+0900] {dag.py:4138} INFO - Setting next_dagrun for example_trigger_controller_dag to 2021-01-01 00:00:00+00:00, run_after=2021-01-01 00:00:00+00:00
[2026-04-10T09:58:39.917+0900] {processor.py:208} INFO - Processing /home/airflow/.local/lib/python3.12/site-packages/airflow/example_dags/example_trigger_controller_dag.py took 0.056 seconds
[2026-04-10T09:59:10.540+0900] {processor.py:186} INFO - Started process (PID=152761) to work on /home/airflow/.local/lib/python3.12/site-packages/airflow/example_dags/example_trigger_controller_dag.py
[2026-04-10T09:59:10.541+0900] {processor.py:914} INFO - Processing file /home/airflow/.local/lib/python3.12/site-packages/airflow/example_dags/example_trigger_controller_dag.py for tasks to queue
[2026-04-10T09:59:10.543+0900] {logging_mixin.py:190} INFO - [2026-04-10T09:59:10.542+0900] {dagbag.py:587} INFO - Filling up the DagBag from /home/airflow/.local/lib/python3.12/site-packages/airflow/example_dags/example_trigger_controller_dag.py
[2026-04-10T09:59:10.548+0900] {processor.py:925} INFO - DAG(s) 'example_trigger_controller_dag' retrieved from /home/airflow/.local/lib/python3.12/site-packages/airflow/example_dags/example_trigger_controller_dag.py
[2026-04-10T09:59:10.561+0900] {logging_mixin.py:190} INFO - [2026-04-10T09:59:10.561+0900] {dag.py:3211} INFO - Sync 1 DAGs
[2026-04-10T09:59:10.576+0900] {logging_mixin.py:190} INFO - [2026-04-10T09:59:10.575+0900] {dag.py:4138} INFO - Setting next_dagrun for example_trigger_controller_dag to 2021-01-01 00:00:00+00:00, run_after=2021-01-01 00:00:00+00:00
[2026-04-10T09:59:10.588+0900] {processor.py:208} INFO - Processing /home/airflow/.local/lib/python3.12/site-packages/airflow/example_dags/example_trigger_controller_dag.py took 0.052 seconds
[2026-04-10T09:59:41.300+0900] {processor.py:186} INFO - Started process (PID=152824) to work on /home/airflow/.local/lib/python3.12/site-packages/airflow/example_dags/example_trigger_controller_dag.py
[2026-04-10T09:59:41.301+0900] {processor.py:914} INFO - Processing file /home/airflow/.local/lib/python3.12/site-packages/airflow/example_dags/example_trigger_controller_dag.py for tasks to queue
[2026-04-10T09:59:41.303+0900] {logging_mixin.py:190} INFO - [2026-04-10T09:59:41.302+0900] {dagbag.py:587} INFO - Filling up the DagBag from /home/airflow/.local/lib/python3.12/site-packages/airflow/example_dags/example_trigger_controller_dag.py
[2026-04-10T09:59:41.309+0900] {processor.py:925} INFO - DAG(s) 'example_trigger_controller_dag' retrieved from /home/airflow/.local/lib/python3.12/site-packages/airflow/example_dags/example_trigger_controller_dag.py
[2026-04-10T09:59:41.324+0900] {logging_mixin.py:190} INFO - [2026-04-10T09:59:41.324+0900] {dag.py:3211} INFO - Sync 1 DAGs
[2026-04-10T09:59:41.341+0900] {logging_mixin.py:190} INFO - [2026-04-10T09:59:41.341+0900] {dag.py:4138} INFO - Setting next_dagrun for example_trigger_controller_dag to 2021-01-01 00:00:00+00:00, run_after=2021-01-01 00:00:00+00:00
[2026-04-10T09:59:41.356+0900] {processor.py:208} INFO - Processing /home/airflow/.local/lib/python3.12/site-packages/airflow/example_dags/example_trigger_controller_dag.py took 0.062 seconds
[2026-04-10T10:00:12.314+0900] {processor.py:186} INFO - Started process (PID=152887) to work on /home/airflow/.local/lib/python3.12/site-packages/airflow/example_dags/example_trigger_controller_dag.py
[2026-04-10T10:00:12.315+0900] {processor.py:914} INFO - Processing file /home/airflow/.local/lib/python3.12/site-packages/airflow/example_dags/example_trigger_controller_dag.py for tasks to queue
[2026-04-10T10:00:12.317+0900] {logging_mixin.py:190} INFO - [2026-04-10T10:00:12.316+0900] {dagbag.py:587} INFO - Filling up the DagBag from /home/airflow/.local/lib/python3.12/site-packages/airflow/example_dags/example_trigger_controller_dag.py
[2026-04-10T10:00:12.322+0900] {processor.py:925} INFO - DAG(s) 'example_trigger_controller_dag' retrieved from /home/airflow/.local/lib/python3.12/site-packages/airflow/example_dags/example_trigger_controller_dag.py
[2026-04-10T10:00:12.336+0900] {logging_mixin.py:190} INFO - [2026-04-10T10:00:12.336+0900] {dag.py:3211} INFO - Sync 1 DAGs
[2026-04-10T10:00:12.351+0900] {logging_mixin.py:190} INFO - [2026-04-10T10:00:12.351+0900] {dag.py:4138} INFO - Setting next_dagrun for example_trigger_controller_dag to 2021-01-01 00:00:00+00:00, run_after=2021-01-01 00:00:00+00:00
[2026-04-10T10:00:12.366+0900] {processor.py:208} INFO - Processing /home/airflow/.local/lib/python3.12/site-packages/airflow/example_dags/example_trigger_controller_dag.py took 0.056 seconds
[2026-04-10T10:00:42.486+0900] {processor.py:186} INFO - Started process (PID=152950) to work on /home/airflow/.local/lib/python3.12/site-packages/airflow/example_dags/example_trigger_controller_dag.py
[2026-04-10T10:00:42.487+0900] {processor.py:914} INFO - Processing file /home/airflow/.local/lib/python3.12/site-packages/airflow/example_dags/example_trigger_controller_dag.py for tasks to queue
[2026-04-10T10:00:42.489+0900] {logging_mixin.py:190} INFO - [2026-04-10T10:00:42.489+0900] {dagbag.py:587} INFO - Filling up the DagBag from /home/airflow/.local/lib/python3.12/site-packages/airflow/example_dags/example_trigger_controller_dag.py
[2026-04-10T10:00:42.496+0900] {processor.py:925} INFO - DAG(s) 'example_trigger_controller_dag' retrieved from /home/airflow/.local/lib/python3.12/site-packages/airflow/example_dags/example_trigger_controller_dag.py
[2026-04-10T10:00:42.514+0900] {logging_mixin.py:190} INFO - [2026-04-10T10:00:42.513+0900] {dag.py:3211} INFO - Sync 1 DAGs
[2026-04-10T10:00:42.532+0900] {logging_mixin.py:190} INFO - [2026-04-10T10:00:42.532+0900] {dag.py:4138} INFO - Setting next_dagrun for example_trigger_controller_dag to 2021-01-01 00:00:00+00:00, run_after=2021-01-01 00:00:00+00:00
[2026-04-10T10:00:42.546+0900] {processor.py:208} INFO - Processing /home/airflow/.local/lib/python3.12/site-packages/airflow/example_dags/example_trigger_controller_dag.py took 0.066 seconds
[2026-04-10T10:01:12.661+0900] {processor.py:186} INFO - Started process (PID=153013) to work on /home/airflow/.local/lib/python3.12/site-packages/airflow/example_dags/example_trigger_controller_dag.py
[2026-04-10T10:01:12.662+0900] {processor.py:914} INFO - Processing file /home/airflow/.local/lib/python3.12/site-packages/airflow/example_dags/example_trigger_controller_dag.py for tasks to queue
[2026-04-10T10:01:12.665+0900] {logging_mixin.py:190} INFO - [2026-04-10T10:01:12.664+0900] {dagbag.py:587} INFO - Filling up the DagBag from /home/airflow/.local/lib/python3.12/site-packages/airflow/example_dags/example_trigger_controller_dag.py
[2026-04-10T10:01:12.671+0900] {processor.py:925} INFO - DAG(s) 'example_trigger_controller_dag' retrieved from /home/airflow/.local/lib/python3.12/site-packages/airflow/example_dags/example_trigger_controller_dag.py
[2026-04-10T10:01:12.687+0900] {logging_mixin.py:190} INFO - [2026-04-10T10:01:12.686+0900] {dag.py:3211} INFO - Sync 1 DAGs
[2026-04-10T10:01:12.703+0900] {logging_mixin.py:190} INFO - [2026-04-10T10:01:12.703+0900] {dag.py:4138} INFO - Setting next_dagrun for example_trigger_controller_dag to 2021-01-01 00:00:00+00:00, run_after=2021-01-01 00:00:00+00:00
[2026-04-10T10:01:12.716+0900] {processor.py:208} INFO - Processing /home/airflow/.local/lib/python3.12/site-packages/airflow/example_dags/example_trigger_controller_dag.py took 0.060 seconds
[2026-04-10T10:01:42.886+0900] {processor.py:186} INFO - Started process (PID=153076) to work on /home/airflow/.local/lib/python3.12/site-packages/airflow/example_dags/example_trigger_controller_dag.py
[2026-04-10T10:01:42.887+0900] {processor.py:914} INFO - Processing file /home/airflow/.local/lib/python3.12/site-packages/airflow/example_dags/example_trigger_controller_dag.py for tasks to queue
[2026-04-10T10:01:42.889+0900] {logging_mixin.py:190} INFO - [2026-04-10T10:01:42.889+0900] {dagbag.py:587} INFO - Filling up the DagBag from /home/airflow/.local/lib/python3.12/site-packages/airflow/example_dags/example_trigger_controller_dag.py
[2026-04-10T10:01:42.895+0900] {processor.py:925} INFO - DAG(s) 'example_trigger_controller_dag' retrieved from /home/airflow/.local/lib/python3.12/site-packages/airflow/example_dags/example_trigger_controller_dag.py
[2026-04-10T10:01:42.910+0900] {logging_mixin.py:190} INFO - [2026-04-10T10:01:42.910+0900] {dag.py:3211} INFO - Sync 1 DAGs
[2026-04-10T10:01:42.926+0900] {logging_mixin.py:190} INFO - [2026-04-10T10:01:42.926+0900] {dag.py:4138} INFO - Setting next_dagrun for example_trigger_controller_dag to 2021-01-01 00:00:00+00:00, run_after=2021-01-01 00:00:00+00:00
[2026-04-10T10:01:42.939+0900] {processor.py:208} INFO - Processing /home/airflow/.local/lib/python3.12/site-packages/airflow/example_dags/example_trigger_controller_dag.py took 0.057 seconds
[2026-04-10T10:02:13.262+0900] {processor.py:186} INFO - Started process (PID=153139) to work on /home/airflow/.local/lib/python3.12/site-packages/airflow/example_dags/example_trigger_controller_dag.py
[2026-04-10T10:02:13.263+0900] {processor.py:914} INFO - Processing file /home/airflow/.local/lib/python3.12/site-packages/airflow/example_dags/example_trigger_controller_dag.py for tasks to queue
[2026-04-10T10:02:13.266+0900] {logging_mixin.py:190} INFO - [2026-04-10T10:02:13.265+0900] {dagbag.py:587} INFO - Filling up the DagBag from /home/airflow/.local/lib/python3.12/site-packages/airflow/example_dags/example_trigger_controller_dag.py
[2026-04-10T10:02:13.274+0900] {processor.py:925} INFO - DAG(s) 'example_trigger_controller_dag' retrieved from /home/airflow/.local/lib/python3.12/site-packages/airflow/example_dags/example_trigger_controller_dag.py
[2026-04-10T10:02:13.292+0900] {logging_mixin.py:190} INFO - [2026-04-10T10:02:13.292+0900] {dag.py:3211} INFO - Sync 1 DAGs
[2026-04-10T10:02:13.309+0900] {logging_mixin.py:190} INFO - [2026-04-10T10:02:13.309+0900] {dag.py:4138} INFO - Setting next_dagrun for example_trigger_controller_dag to 2021-01-01 00:00:00+00:00, run_after=2021-01-01 00:00:00+00:00
[2026-04-10T10:02:13.323+0900] {processor.py:208} INFO - Processing /home/airflow/.local/lib/python3.12/site-packages/airflow/example_dags/example_trigger_controller_dag.py took 0.065 seconds
[2026-04-10T10:02:43.814+0900] {processor.py:186} INFO - Started process (PID=153202) to work on /home/airflow/.local/lib/python3.12/site-packages/airflow/example_dags/example_trigger_controller_dag.py
[2026-04-10T10:02:43.815+0900] {processor.py:914} INFO - Processing file /home/airflow/.local/lib/python3.12/site-packages/airflow/example_dags/example_trigger_controller_dag.py for tasks to queue
[2026-04-10T10:02:43.817+0900] {logging_mixin.py:190} INFO - [2026-04-10T10:02:43.817+0900] {dagbag.py:587} INFO - Filling up the DagBag from /home/airflow/.local/lib/python3.12/site-packages/airflow/example_dags/example_trigger_controller_dag.py
[2026-04-10T10:02:43.823+0900] {processor.py:925} INFO - DAG(s) 'example_trigger_controller_dag' retrieved from /home/airflow/.local/lib/python3.12/site-packages/airflow/example_dags/example_trigger_controller_dag.py
[2026-04-10T10:02:43.838+0900] {logging_mixin.py:190} INFO - [2026-04-10T10:02:43.838+0900] {dag.py:3211} INFO - Sync 1 DAGs
[2026-04-10T10:02:43.856+0900] {logging_mixin.py:190} INFO - [2026-04-10T10:02:43.856+0900] {dag.py:4138} INFO - Setting next_dagrun for example_trigger_controller_dag to 2021-01-01 00:00:00+00:00, run_after=2021-01-01 00:00:00+00:00
[2026-04-10T10:02:43.872+0900] {processor.py:208} INFO - Processing /home/airflow/.local/lib/python3.12/site-packages/airflow/example_dags/example_trigger_controller_dag.py took 0.063 seconds
[2026-04-10T10:03:14.209+0900] {processor.py:186} INFO - Started process (PID=153265) to work on /home/airflow/.local/lib/python3.12/site-packages/airflow/example_dags/example_trigger_controller_dag.py
[2026-04-10T10:03:14.211+0900] {processor.py:914} INFO - Processing file /home/airflow/.local/lib/python3.12/site-packages/airflow/example_dags/example_trigger_controller_dag.py for tasks to queue
[2026-04-10T10:03:14.213+0900] {logging_mixin.py:190} INFO - [2026-04-10T10:03:14.213+0900] {dagbag.py:587} INFO - Filling up the DagBag from /home/airflow/.local/lib/python3.12/site-packages/airflow/example_dags/example_trigger_controller_dag.py
[2026-04-10T10:03:14.219+0900] {processor.py:925} INFO - DAG(s) 'example_trigger_controller_dag' retrieved from /home/airflow/.local/lib/python3.12/site-packages/airflow/example_dags/example_trigger_controller_dag.py
[2026-04-10T10:03:14.236+0900] {logging_mixin.py:190} INFO - [2026-04-10T10:03:14.236+0900] {dag.py:3211} INFO - Sync 1 DAGs
[2026-04-10T10:03:14.252+0900] {logging_mixin.py:190} INFO - [2026-04-10T10:03:14.252+0900] {dag.py:4138} INFO - Setting next_dagrun for example_trigger_controller_dag to 2021-01-01 00:00:00+00:00, run_after=2021-01-01 00:00:00+00:00
[2026-04-10T10:03:14.266+0900] {processor.py:208} INFO - Processing /home/airflow/.local/lib/python3.12/site-packages/airflow/example_dags/example_trigger_controller_dag.py took 0.063 seconds
[2026-04-10T10:03:44.453+0900] {processor.py:186} INFO - Started process (PID=153328) to work on /home/airflow/.local/lib/python3.12/site-packages/airflow/example_dags/example_trigger_controller_dag.py
[2026-04-10T10:03:44.454+0900] {processor.py:914} INFO - Processing file /home/airflow/.local/lib/python3.12/site-packages/airflow/example_dags/example_trigger_controller_dag.py for tasks to queue
[2026-04-10T10:03:44.457+0900] {logging_mixin.py:190} INFO - [2026-04-10T10:03:44.456+0900] {dagbag.py:587} INFO - Filling up the DagBag from /home/airflow/.local/lib/python3.12/site-packages/airflow/example_dags/example_trigger_controller_dag.py
[2026-04-10T10:03:44.462+0900] {processor.py:925} INFO - DAG(s) 'example_trigger_controller_dag' retrieved from /home/airflow/.local/lib/python3.12/site-packages/airflow/example_dags/example_trigger_controller_dag.py
[2026-04-10T10:03:44.477+0900] {logging_mixin.py:190} INFO - [2026-04-10T10:03:44.476+0900] {dag.py:3211} INFO - Sync 1 DAGs
[2026-04-10T10:03:44.493+0900] {logging_mixin.py:190} INFO - [2026-04-10T10:03:44.493+0900] {dag.py:4138} INFO - Setting next_dagrun for example_trigger_controller_dag to 2021-01-01 00:00:00+00:00, run_after=2021-01-01 00:00:00+00:00
[2026-04-10T10:03:44.508+0900] {processor.py:208} INFO - Processing /home/airflow/.local/lib/python3.12/site-packages/airflow/example_dags/example_trigger_controller_dag.py took 0.059 seconds
[2026-04-10T10:04:15.223+0900] {processor.py:186} INFO - Started process (PID=153391) to work on /home/airflow/.local/lib/python3.12/site-packages/airflow/example_dags/example_trigger_controller_dag.py
[2026-04-10T10:04:15.224+0900] {processor.py:914} INFO - Processing file /home/airflow/.local/lib/python3.12/site-packages/airflow/example_dags/example_trigger_controller_dag.py for tasks to queue
[2026-04-10T10:04:15.227+0900] {logging_mixin.py:190} INFO - [2026-04-10T10:04:15.227+0900] {dagbag.py:587} INFO - Filling up the DagBag from /home/airflow/.local/lib/python3.12/site-packages/airflow/example_dags/example_trigger_controller_dag.py
[2026-04-10T10:04:15.236+0900] {processor.py:925} INFO - DAG(s) 'example_trigger_controller_dag' retrieved from /home/airflow/.local/lib/python3.12/site-packages/airflow/example_dags/example_trigger_controller_dag.py
[2026-04-10T10:04:15.271+0900] {logging_mixin.py:190} INFO - [2026-04-10T10:04:15.271+0900] {dag.py:3211} INFO - Sync 1 DAGs
[2026-04-10T10:04:15.304+0900] {logging_mixin.py:190} INFO - [2026-04-10T10:04:15.304+0900] {dag.py:4138} INFO - Setting next_dagrun for example_trigger_controller_dag to 2021-01-01 00:00:00+00:00, run_after=2021-01-01 00:00:00+00:00
[2026-04-10T10:04:15.329+0900] {processor.py:208} INFO - Processing /home/airflow/.local/lib/python3.12/site-packages/airflow/example_dags/example_trigger_controller_dag.py took 0.116 seconds
[2026-04-10T10:04:46.347+0900] {processor.py:186} INFO - Started process (PID=153454) to work on /home/airflow/.local/lib/python3.12/site-packages/airflow/example_dags/example_trigger_controller_dag.py
[2026-04-10T10:04:46.350+0900] {processor.py:914} INFO - Processing file /home/airflow/.local/lib/python3.12/site-packages/airflow/example_dags/example_trigger_controller_dag.py for tasks to queue
[2026-04-10T10:04:46.355+0900] {logging_mixin.py:190} INFO - [2026-04-10T10:04:46.355+0900] {dagbag.py:587} INFO - Filling up the DagBag from /home/airflow/.local/lib/python3.12/site-packages/airflow/example_dags/example_trigger_controller_dag.py
[2026-04-10T10:04:46.370+0900] {processor.py:925} INFO - DAG(s) 'example_trigger_controller_dag' retrieved from /home/airflow/.local/lib/python3.12/site-packages/airflow/example_dags/example_trigger_controller_dag.py
[2026-04-10T10:04:46.426+0900] {logging_mixin.py:190} INFO - [2026-04-10T10:04:46.425+0900] {dag.py:3211} INFO - Sync 1 DAGs
[2026-04-10T10:04:46.503+0900] {logging_mixin.py:190} INFO - [2026-04-10T10:04:46.503+0900] {dag.py:4138} INFO - Setting next_dagrun for example_trigger_controller_dag to 2021-01-01 00:00:00+00:00, run_after=2021-01-01 00:00:00+00:00
[2026-04-10T10:04:46.544+0900] {processor.py:208} INFO - Processing /home/airflow/.local/lib/python3.12/site-packages/airflow/example_dags/example_trigger_controller_dag.py took 0.219 seconds
[2026-04-10T10:05:16.962+0900] {processor.py:186} INFO - Started process (PID=153517) to work on /home/airflow/.local/lib/python3.12/site-packages/airflow/example_dags/example_trigger_controller_dag.py
[2026-04-10T10:05:16.965+0900] {processor.py:914} INFO - Processing file /home/airflow/.local/lib/python3.12/site-packages/airflow/example_dags/example_trigger_controller_dag.py for tasks to queue
[2026-04-10T10:05:16.970+0900] {logging_mixin.py:190} INFO - [2026-04-10T10:05:16.970+0900] {dagbag.py:587} INFO - Filling up the DagBag from /home/airflow/.local/lib/python3.12/site-packages/airflow/example_dags/example_trigger_controller_dag.py
[2026-04-10T10:05:16.986+0900] {processor.py:925} INFO - DAG(s) 'example_trigger_controller_dag' retrieved from /home/airflow/.local/lib/python3.12/site-packages/airflow/example_dags/example_trigger_controller_dag.py
[2026-04-10T10:05:17.027+0900] {logging_mixin.py:190} INFO - [2026-04-10T10:05:17.027+0900] {dag.py:3211} INFO - Sync 1 DAGs
[2026-04-10T10:05:17.068+0900] {logging_mixin.py:190} INFO - [2026-04-10T10:05:17.068+0900] {dag.py:4138} INFO - Setting next_dagrun for example_trigger_controller_dag to 2021-01-01 00:00:00+00:00, run_after=2021-01-01 00:00:00+00:00
[2026-04-10T10:05:17.106+0900] {processor.py:208} INFO - Processing /home/airflow/.local/lib/python3.12/site-packages/airflow/example_dags/example_trigger_controller_dag.py took 0.157 seconds
[2026-04-10T10:05:48.085+0900] {processor.py:186} INFO - Started process (PID=153581) to work on /home/airflow/.local/lib/python3.12/site-packages/airflow/example_dags/example_trigger_controller_dag.py
[2026-04-10T10:05:48.088+0900] {processor.py:914} INFO - Processing file /home/airflow/.local/lib/python3.12/site-packages/airflow/example_dags/example_trigger_controller_dag.py for tasks to queue
[2026-04-10T10:05:48.093+0900] {logging_mixin.py:190} INFO - [2026-04-10T10:05:48.092+0900] {dagbag.py:587} INFO - Filling up the DagBag from /home/airflow/.local/lib/python3.12/site-packages/airflow/example_dags/example_trigger_controller_dag.py
[2026-04-10T10:05:48.102+0900] {processor.py:925} INFO - DAG(s) 'example_trigger_controller_dag' retrieved from /home/airflow/.local/lib/python3.12/site-packages/airflow/example_dags/example_trigger_controller_dag.py
[2026-04-10T10:05:48.138+0900] {logging_mixin.py:190} INFO - [2026-04-10T10:05:48.137+0900] {dag.py:3211} INFO - Sync 1 DAGs
[2026-04-10T10:05:48.179+0900] {logging_mixin.py:190} INFO - [2026-04-10T10:05:48.178+0900] {dag.py:4138} INFO - Setting next_dagrun for example_trigger_controller_dag to 2021-01-01 00:00:00+00:00, run_after=2021-01-01 00:00:00+00:00
[2026-04-10T10:05:48.215+0900] {processor.py:208} INFO - Processing /home/airflow/.local/lib/python3.12/site-packages/airflow/example_dags/example_trigger_controller_dag.py took 0.143 seconds
[2026-04-10T10:06:18.663+0900] {processor.py:186} INFO - Started process (PID=153644) to work on /home/airflow/.local/lib/python3.12/site-packages/airflow/example_dags/example_trigger_controller_dag.py
[2026-04-10T10:06:18.666+0900] {processor.py:914} INFO - Processing file /home/airflow/.local/lib/python3.12/site-packages/airflow/example_dags/example_trigger_controller_dag.py for tasks to queue
[2026-04-10T10:06:18.670+0900] {logging_mixin.py:190} INFO - [2026-04-10T10:06:18.670+0900] {dagbag.py:587} INFO - Filling up the DagBag from /home/airflow/.local/lib/python3.12/site-packages/airflow/example_dags/example_trigger_controller_dag.py
[2026-04-10T10:06:18.686+0900] {processor.py:925} INFO - DAG(s) 'example_trigger_controller_dag' retrieved from /home/airflow/.local/lib/python3.12/site-packages/airflow/example_dags/example_trigger_controller_dag.py
[2026-04-10T10:06:18.722+0900] {logging_mixin.py:190} INFO - [2026-04-10T10:06:18.722+0900] {dag.py:3211} INFO - Sync 1 DAGs
[2026-04-10T10:06:18.772+0900] {logging_mixin.py:190} INFO - [2026-04-10T10:06:18.771+0900] {dag.py:4138} INFO - Setting next_dagrun for example_trigger_controller_dag to 2021-01-01 00:00:00+00:00, run_after=2021-01-01 00:00:00+00:00
[2026-04-10T10:06:18.803+0900] {processor.py:208} INFO - Processing /home/airflow/.local/lib/python3.12/site-packages/airflow/example_dags/example_trigger_controller_dag.py took 0.149 seconds
